<?xml version="1.0"?>
<VTKFile type="UnstructuredGrid" version="0.1" byte_order="LittleEndian">
  <UnstructuredGrid>
    <Piece NumberOfPoints="737" NumberOfCells="2402">
      <Points>
        <DataArray type="Float64" NumberOfComponents="3" format="ascii">0 0 0.2 0 0 0 0 1 0.2 0 1 0 2 0 0.2 2 0 0 2 1 0.2 2 1 0 0 0 0.1 0 0.1 0.2 0 0.2 0.2 0 0.3 0.2 0 0.4 0.2 0 0.5 0.2 0 0.6 0.2 0 0.7 0.2 0 0.8 0.2 0 0.9 0.2 0 1 0.1 0 0.1 0 0 0.2 0 0 0.3 0 0 0.4 0 0 0.5 0 0 0.6 0 0 0.7 0 0 0.8 0 0 0.9 0 2 0 0.1 2 0.1 0.2 2 0.2 0.2 2 0.3 0.2 2 0.4 0.2 2 0.5 0.2 2 0.6 0.2 2 0.7 0.2 2 0.8 0.2 2 0.9 0.2 2 1 0.1 2 0.1 0 2 0.2 0 2 0.3 0 2 0.4 0 2 0.5 0 2 0.6 0 2 0.7 0 2 0.8 0 2 0.9 0 0.1 0 0 0.2 0 0 0.3 0 0 0.4 0 0 0.5 0 0 0.6 0 0 0.7 0 0 0.8 0 0 0.9 0 0 1 0 0 1.1 0 0 1.2 0 0 1.3 0 0 1.4 0 0 1.5 0 0 1.6 0 0 1.7 0 0 1.8 0 0 1.9 0 0 0.1 0 0.2 0.2 0 0.2 0.3 0 0.2 0.4 0 0.2 0.5 0 0.2 0.6 0 0.2 0.7 0 0.2 0.8 0 0.2 0.9 0 0.2 1 0 0.2 1.1 0 0.2 1.2 0 0.2 1.3 0 0.2 1.4 0 0.2 1.5 0 0.2 1.6 0 0.2 1.7 0 0.2 1.8 0 0.2 1.9 0 0.2 0.1 1 0 0.2 1 0 0.3 1 0 0.4 1 0 0.5 1 0 0.6 1 0 0.7 1 0 0.8 1 0 0.9 1 0 1 1 0 1.1 1 0 1.2 1 0 1.3 1 0 1.4 1 0 1.5 1 0 1.6 1 0 1.7 1 0 1.8 1 0 1.9 1 0 0.1 1 0.2 0.2 1 0.2 0.3 1 0.2 0.4 1 0.2 0.5 1 0.2 0.6 1 0.2 0.7 1 0.2 0.8 1 0.2 0.9 1 0.2 1 1 0.2 1.1 1 0.2 1.2 1 0.2 1.3 1 0.2 1.4 1 0.2 1.5 1 0.2 1.6 1 0.2 1.7 1 0.2 1.8 1 0.2 1.9 1 0.2 0 0.550125217655 0.0952332837118 0 0.85 0.0866025403784 0 0.25 0.0954472651786 0 0.350245426603 0.101054717125 0 0.15 0.113397459622 0 0.650266296212 0.101019053547 0 0.750743897926 0.10427690224 0 0.450061774043 0.0993813334728 0 0.934254833384 0.126631771684 0 0.0657451666159 0.0733682283163 0 0.942018786628 0.0577982064807 0 0.0579812133724 0.142201793519 2 0.550125217655 0.0952332837118 2 0.85 0.0866025403784 2 0.25 0.0954472651786 2 0.350245426603 0.101054717125 2 0.15 0.113397459622 2 0.650266296212 0.101019053547 2 0.750743897926 0.10427690224 2 0.450061774043 0.0993813334728 2 0.934254833384 0.126631771684 2 0.0657451666159 0.0733682283163 2 0.942018786628 0.0577982064807 2 0.0579812133724 0.142201793519 1.24965312979 0 0.0961721543938 1.75 0 0.0954472651786 1.05 0 0.104712682105 1.44969862173 0 0.1000812364 0.550029882204 0 0.0954604410487 0.85 0 0.0963752956888 0.25 0 0.104552734821 1.6499701178 0 0.103741107936 0.350029882204 0 0.0962588920636 0.15 0 0.0866025403784 0.649878658785 0 0.105251334654 1.85 0 0.113397459622 0.450107519015 0 0.101981833332 1.54994478992 0 0.100637057389 1.1499421883 0 0.10014747275 0.95 0 0.100181329632 0.749979776464 0 0.100271105057 1.34989195859 0 0.0993755651324 0.0657451666159 0 0.126631771684 1.93425483338 0 0.0733682283163 1.94201878663 0 0.142201793519 0.0579812133724 0 0.0577982064807 1.24965312979 1 0.0961721543938 1.75 1 0.0954472651786 1.05 1 0.104712682105 1.44969862173 1 0.1000812364 0.550125217655 1 0.104766716288 0.850301378268 1 0.0999187635995 0.25 1 0.104552734821 1.6499701178 1 0.103741107936 0.350245426603 1 0.0989452828749 0.15 1 0.0866025403784 0.650040529963 1 0.0962770877665 1.85 1 0.113397459622 0.750056984705 1 0.0993659752277 1.54994478992 1 0.100637057389 1.1499421883 1 0.10014747275 0.950452122619 1 0.0974444731742 1.34989195859 1 0.0993755651324 0.450061774043 1 0.100618666527 0.0657451666159 1 0.126631771684 1.93425483338 1 0.0733682283163 1.94201878663 1 0.142201793519 0.0579812133724 1 0.0577982064807 1.25176402605 0.921737490712 0 0.55 0.913397459622 0 0.85 0.913397459622 0 1.05 0.0866025403784 0 1.45 0.0866025403784 0 0.65 0.0866025403784 0 1.55064286664 0.915464098195 0 0.0899395048197 0.457190159078 0 1.91339745962 0.45 0 0.35 0.0866025403784 0 1.65 0.0866025403784 0 1.05 0.913397459622 0 0.85 0.0866025403784 0 1.25 0.0866025403784 0 0.35 0.913397459622 0 0.0743562480079 0.651453120624 0 1.91339745962 0.65 0 1.91814669398 0.255667457129 0 1.74597880323 0.920407743104 0 0.0896296124955 0.241327434529 0 0.150460008791 0.922851949113 0 1.84957626307 0.0846772045056 0 0.150423736928 0.0846772045056 0 1.91705025959 0.849406768301 0 1.74992937718 0.0862816510663 0 1.69998822953 0.173151599205 0 1.59999803825 0.173196167165 0 1.6499977113 0.259797221945 0 1.55 0.259807621135 0 1.59999961855 0.346408428315 0 1.49999993642 0.346409872647 0 1.54999992583 0.433012364881 0 1.45 0.433012701892 0 1.49999998764 0.519615186102 0 1.39999999794 0.519615232909 0 1.34999999966 0.433012700332 0 1.2999999996 0.51961524045 0 1.24999999988 0.433012701329 0 1.19999999994 0.519615241987 0 1.14999999997 0.433012701751 0 1.1 0.519615242271 0 1.04999999999 0.433012701869 0 0.999999999999 0.519615242267 0 0.949999999999 0.433012701888 0 0.9 0.51961524227 0 0.85 0.433012701891 0 0.8 0.51961524227 0 0.75 0.433012701892 0 0.7 0.519615242271 0 0.65 0.433012701892 0 0.6 0.519615242271 0 0.55 0.433012701892 0 0.5 0.519615242271 0 0.45 0.433012701892 0 0.4 0.519615242271 0 1.59999998558 0.519615176741 0 1.34999999959 0.606217780785 0 0.65 0.606217782649 0 1.14999999999 0.606217782602 0 0.95 0.606217782648 0 0.45 0.606217782649 0 0.5 0.346410161514 0 0.4 0.346410161514 0 1.54999999554 0.606217762366 0 0.35 0.606217782649 0 1.64999999775 0.606217772433 0 0.7 0.346410161514 0 0.9 0.346410161513 0 1.09999999999 0.346410161486 0 1.29999999992 0.34641016116 0 1.6945499839 0.347041194703 0 1.59999999888 0.692820317944 0 1.7 0.692820323028 0 0.4 0.692820323028 0 0.3 0.692820323028 0 0.3 0.519615242271 0 0.45 0.259807621135 0 0.35 0.259807621135 0 1.49999999907 0.6928203188 0 0.3 0.346410161514 0 0.55 0.259807621135 0 0.5 0.692820323028 0 1.4499999894 0.259807572991 0 1.69871813701 0.520355311987 0 1.65 0.779422863406 0 0.45 0.779422863406 0 0.5 0.173205080757 0 0.252900635095 0.261482303588 0 0.203889822367 0.347381099174 0 1.74810676306 0.778289885518 0 0.55 0.779422863406 0 1.81415801634 0.698402801172 0 1.80176183856 0.164653803115 0 0.300483439182 0.173484194499 0 0.184944651185 0.181761886274 0 0.6 0.173205080757 0 1.74983791102 0.608150511316 0 1.80465956438 0.515252555707 0 1.44999999663 0.606217767332 0 1.39999999921 0.692820319459 0 1.3 0.692820323028 0 1.35246963635 0.777997017527 0 1.25288124253 0.774490170097 0 1.45041160577 0.775890953451 0 1.40541947997 0.852122282965 0 1.5500178573 0.777561105823 0 1.05 0.60621778264 0 1 0.692820323026 0 0.9 0.692820323028 0 0.95 0.779422863406 0 1.05 0.779422863406 0 0.85 0.779422863406 0 0.8 0.692820323028 0 0.75 0.779422863406 0 0.7 0.692820323028 0 0.251794919243 0.605181485541 0 0.186505489723 0.512646471569 0 0.206962919546 0.694261043187 0 0.25 0.779422863406 0 0.155965413007 0.771468798641 0 0.95 0.0866025403784 0 1 0.173205080757 0 1.1 0.173205080757 0 1.05 0.259807621131 0 0.95 0.259807621134 0 0.25 0.433012701892 0 1.35 0.0866025403784 0 1.3 0.173205080757 0 1.39999999823 0.173205072733 0 1.34999999793 0.259807611715 0 1.24999999964 0.259807619506 0 1.64979480502 0.916331582957 0 1.15 0.0866025403784 0 1.19999999994 0.173205080485 0 1.15015000222 0.917442571495 0 0.250019957344 0.915509642654 0 0.45 0.913397459622 0 1.91545743591 0.350944576188 0 1.82887426114 0.399950537996 0 1.90202202403 0.551624403105 0 1.91377647542 0.749634928245 0 0.45 0.0866025403784 0 0.95 0.913397459622 0 0.75 0.606217782649 0 0.102470671202 0.34846858869 0 0.75 0.0866025403784 0 0.8 0.173205080757 0 0.6 0.346410161514 0 0.247641971216 0.0877543042762 0 0.75 0.913397459622 0 0.65 0.913397459622 0 0.400080573197 0.173251599714 0 0.0852617930015 0.553548291878 0 0.55 0.0866025403784 0 0.8 0.346410161513 0 0.75 0.259807621135 0 0.55 0.606217782649 0 0.65 0.259807621135 0 1.24999999996 0.606217782475 0 0.35 0.433012701892 0 0.999999999998 0.346410161503 0 0.65 0.779422863406 0 1.75722078948 0.259930392882 0 0.85 0.606217782649 0 1.1 0.692820323018 0 1.20048020708 0.691998207438 0 1.49999967098 0.173203585797 0 1.54999961821 0.0866008056198 0 1.39999998722 0.346410103456 0 1.1999999999 0.346410161061 0 0.9 0.173205080757 0 1.14999999991 0.259807620738 0 0.35 0.779422863406 0 1.15020416968 0.776690520509 0 0.6 0.692820323028 0 0.7 0.173205080757 0 1.64759608159 0.433980945427 0 0.85 0.259807621135 0 1.84409338986 0.906145656023 0 0.0832445546465 0.149135803741 0 1.90587545721 0.158186353959 0 0.089066658316 0.846738263552 0 1.83992356683 0.306893649233 0 1.74192947906 0.432149570868 0 1.838053117 0.8 0 0.155682408682 0.620968189423 0 1.83648992731 0.608019391116 0 0.0695523496367 0.75 0 1.30208906415 0.850986698082 0 1.4510103911 0.924501540761 0 0.166561097622 0.419739804081 0 1.69890050158 0.846792442722 0 1.1 0.846410161514 0 1.20118141744 0.847959602068 0 1 0.846410161514 0 1.59989267176 0.846971981805 0 0.9 0.846410161514 0 0.6 0.846410161514 0 0.5 0.846410161514 0 0.8 0.846410161514 0 0.4 0.846410161514 0 0.7 0.846410161514 0 0.3 0.846410161514 0 0.199252006243 0.84706694648 0 1.5 0.846259797729 0 1.35171382688 0.92489133542 0 0.166767078469 0.276084262451 0 1.92679491924 0.926794919243 0 0.0732050807569 0.0732050807569 0 1.92679491924 0.0732050807569 0 0.0726959264555 0.927304073544 0 1.77499373484 0.345767998995 0 1.77502651495 0.850327145473 0 0.130892054616 0.703061329167 0 1.84484848562 0.229100932209 0 1.25176402605 0.921737490712 0.2 0.551764026054 0.921737490712 0.2 0.850642866638 0.915464098195 0.2 1.05 0.0866025403784 0.2 1.45 0.0866025403784 0.2 0.65 0.0866025403784 0.2 1.90639352493 0.537145319982 0.2 0.0899395048197 0.457190159078 0.2 1.55064286664 0.915464098195 0.2 0.35 0.0866025403784 0.2 1.65 0.0866025403784 0.2 1.05 0.913397459622 0.2 0.85 0.0866025403784 0.2 1.25 0.0866025403784 0.2 1.91114569793 0.349079800098 0.2 0.35 0.913397459622 0.2 0.0743562480079 0.651453120624 0.2 1.91339745962 0.75 0.2 0.0896296124955 0.241327434529 0.2 1.74597880323 0.920407743104 0.2 0.150460008791 0.922851949113 0.2 1.84613248654 0.0843696304415 0.2 0.150423736928 0.0846772045056 0.2 1.74935541442 0.0862303887223 0.2 1.69989256907 0.173143055481 0.2 1.59998209485 0.173194743211 0.2 1.64997911065 0.259795560665 0.2 1.54999353425 0.259803888133 0.2 1.59999544082 0.346407529268 0.2 1.49999816251 0.346409100639 0.2 1.54999893389 0.433012086372 0.2 1.44999951607 0.433012422493 0.2 1.49999974166 0.519615093117 0.2 1.39999987629 0.519615170845 0.2 1.34999989873 0.433012643421 0.2 1.2999999625 0.519615220621 0.2 1.24999997687 0.433012688539 0.2 1.1999999899 0.519615236437 0.2 1.14999999446 0.433012698694 0.2 1.09999999739 0.519615240765 0.2 1.04999999864 0.433012701108 0.2 0.999999999339 0.519615241889 0.2 0.949999999664 0.433012701698 0.2 0.899999999834 0.519615242175 0.2 0.849999999916 0.433012701844 0.2 0.799999999958 0.519615242247 0.2 0.749999999979 0.43301270188 0.2 0.69999999999 0.519615242265 0.2 0.649999999995 0.433012701889 0.2 0.599999999997 0.519615242269 0.2 0.549999999999 0.433012701891 0.2 0.499999999999 0.51961524227 0.2 0.45 0.433012701892 0.2 0.4 0.519615242271 0.2 0.749999999991 0.606217782644 0.2 0.45 0.606217782649 0.2 0.949999999862 0.60621778257 0.2 1.44999993632 0.606217745886 0.2 1.54999994633 0.606217751663 0.2 1.14999999788 0.606217781426 0.2 0.5 0.346410161514 0.2 0.4 0.346410161514 0.2 1.65045031028 0.43349895386 0.2 0.35 0.606217782649 0.2 1.29999997927 0.346410149543 0.2 1.09999999885 0.34641016085 0.2 0.89999999993 0.346410161473 0.2 0.699999999996 0.346410161511 0.2 0.4 0.692820323027 0.2 0.5 0.692820323028 0.2 0.3 0.692820323028 0.2 1.49999999491 0.692820320088 0.2 1.59999999021 0.692820317373 0.2 1.39999998854 0.69282031641 0.2 0.3 0.519615242271 0.2 1.6499396348 0.606252622298 0.2 1.6999899375 0.692826128693 0.2 1.44999861613 0.259806822156 0.2 0.45 0.259807621135 0.2 0.55 0.259807621135 0.2 0.35 0.259807621135 0.2 0.3 0.346410161514 0.2 1.74997861329 0.259795273511 0.2 1.44999999724 0.776128594137 0.2 0.45 0.779422863406 0.2 1.65 0.779422863406 0.2 1.74870373477 0.606162728731 0.2 0.5 0.173205080757 0.2 1.35246963411 0.777447972141 0.2 1.30041160377 0.692491173381 0.2 0.252900635095 0.261482303588 0.2 0.203889822367 0.347381099174 0.2 0.552469636476 0.774727811077 0.2 0.600411606079 0.692037814306 0.2 0.652949843569 0.77708409128 0.2 1.25294984279 0.774343804258 0.2 1.74810615187 0.778290238146 0.2 1.40535087818 0.852070382182 0.2 1.81428066107 0.697241305078 0.2 1.79922651389 0.172758508341 0.2 1.84889392117 0.258541470704 0.2 1.80284106025 0.347385891845 0.2 1.85262288879 0.438644352428 0.2 1.75306961472 0.435724386931 0.2 1.80433819697 0.521842941583 0.2 1.90772293468 0.16269638432 0.2 0.700560241607 0.692300109552 0.2 0.750585014196 0.77565209813 0.2 0.705528415913 0.85193031937 0.2 0.800190875966 0.692105159901 0.2 0.850033661763 0.777519716422 0.2 0.900037422932 0.692383937996 0.2 0.950003083988 0.777619360675 0.2 1.00000675113 0.692447008387 0.2 1.05 0.779422863406 0.2 1.10000112484 0.692758103717 0.2 1.15025093262 0.775649754307 0.2 0.850038049757 0.606025857922 0.2 1.54999999923 0.777571415824 0.2 1.05000131174 0.606145193126 0.2 0.95 0.0866025403784 0.2 1 0.173205080757 0.2 1.1 0.173205080757 0.2 0.550068601013 0.606087364528 0.2 0.35 0.779422863406 0.2 0.25 0.779422863406 0.2 0.206663766339 0.694433759372 0.2 0.155915554139 0.771497584672 0.2 0.253386961755 0.431593359886 0.2 1.35 0.0866025403784 0.2 1.3 0.173205080757 0.2 1.2 0.173205080757 0.2 1.64979480502 0.916331582957 0.2 1.15 0.0866025403784 0.2 1.15015000222 0.917442571495 0.2 0.650173408113 0.605978925927 0.2 1.91339745962 0.65 0.2 0.250019957344 0.915509642654 0.2 0.450150002215 0.917442571495 0.2 0.95 0.913397459622 0.2 0.102470671202 0.34846858869 0.2 0.75 0.0866025403784 0.2 0.8 0.173205080757 0.2 0.250070622821 0.0862816510663 0.2 0.252905546966 0.605450391598 0.2 0.187148002506 0.512482123576 0.2 0.0853688784653 0.553520900546 0.2 0.9 0.173205080757 0.2 0.350564493626 0.432776144891 0.2 0.799999999985 0.346410161505 0.2 1.91705025959 0.849406768301 0.2 1.19999999693 0.346410159741 0.2 1.60000224824 0.519677263571 0.2 0.599999999999 0.346410161513 0.2 1.25006859234 0.60616291959 0.2 0.999999999823 0.346410161412 0.2 0.649999999999 0.259807621135 0.2 1.70105235834 0.347101266014 0.2 1.54999701581 0.0866008174541 0.2 1.35007999329 0.606153757789 0.2 1.39999936212 0.346409793231 0.2 1.2 0.692820323028 0.2 1.49999521017 0.173202315348 0.2 1.39999897105 0.173204486692 0.2 1.24999999603 0.259807618845 0.2 1.34999948743 0.259807325204 0.2 1.1499999995 0.259807620848 0.2 1.0499999997 0.25980762096 0.2 0.949999999934 0.259807621097 0.2 0.849999999993 0.259807621132 0.2 0.749999999995 0.259807621133 0.2 0.699999999999 0.173205080756 0.2 0.45 0.0866025403784 0.2 0.6 0.173205080757 0.2 0.55 0.0866025403784 0.2 0.4 0.173205080757 0.2 0.184885677419 0.181676171552 0.2 0.297976155889 0.174842561413 0.2 1.69963787228 0.519824316806 0.2 1.84409338986 0.906145656023 0.2 0.0832375339601 0.149125599608 0.2 0.0890615706765 0.846741200902 0.2 1.838053117 0.8 0.2 0.155942587476 0.621009836576 0.2 1.8378606183 0.602934743597 0.2 0.0695523496367 0.75 0.2 0.751028547092 0.924469546829 0.2 1.45099895747 0.92449289063 0.2 0.602118653669 0.850842156605 0.2 1.30208906352 0.850862146081 0.2 0.16736699253 0.419423066081 0.2 0.199242848492 0.84707223371 0.2 0.299937313421 0.846646067571 0.2 0.4 0.846410161514 0.2 0.501083719736 0.848430509135 0.2 0.900113268731 0.846111765693 0.2 1.93339827965 0.25290252216 0.2 1 0.846410161514 0.2 1.20120064453 0.847740988061 0.2 1.1002669299 0.846677299734 0.2 1.60007294515 0.846909986604 0.2 1.69846509568 0.84697573529 0.2 0.651739940455 0.924829918919 0.2 1.35170048754 0.924860484934 0.2 0.8 0.846259797729 0.2 1.5 0.846259797729 0.2 0.166755283716 0.276067119507 0.2 1.93474373647 0.45 0.2 1.92679491924 0.926794919243 0.2 0.0732050807569 0.0732050807569 0.2 1.92679491924 0.0732050807569 0.2 0.0726959264555 0.927304073544 0.2 1.77493931153 0.850363874512 0.2 0.130882989995 0.703086140327 0.2 0.116100679519 0.747280743389 0.0999938456786 1.73573119043 0.875099916547 0.0999783395503 1.19999999994 0.577350268955 0.100000001602 0.45 0.490747728811 0.0999999999998 0.5 0.288675134595 0.0999999999999 0.3 0.750555349946 0.1 0.9 0.115470053838 0.1 1.1 0.115470053838 0.1 1.3 0.115470053838 0.1 0.5 0.115470053838 0.1 0.7 0.115470053838 0.1 0.6 0.230940107675 0.0999999999997 0.599999999999 0.461880215352 0.0999999999996 0.7 0.288675134595 0.0999999999993 0.799999999997 0.230940107674 0.0999999999992 0.69999999999 0.404145188428 0.0999999999978 0.8 0.461880215351 0.0999999999931 0.9 0.288675134593 0.099999999989 0.999999999838 0.230940107535 0.1 0.899999999865 0.404145188353 0.0999999999557 1.09999999978 0.288675134219 0.100000000024 0.999999999764 0.461880215483 0.099999999891 1.19999999793 0.230940105816 0.0999999999216 1.09999999736 0.404145186837 0.099999999497 1.19999999544 0.461880217731 0.0999999983978 1.30000000103 0.288675133012 0.0999999966465 1.29999995313 0.404145163744 0.0999999897277 1.54999999873 0.66395279444 0.0999999977489 1.39999977077 0.461880340739 0.0999999820836 1.399999093 0.230939169985 0.100000169171 0.9 0.577350269189 0.0999999999542 1.49999900528 0.115468784617 0.1 1.4999974024 0.288675416122 0.100000211638 1.49999986563 0.404144918276 0.0999993522015 1.4000214498 0.635097674615 0.0999999880271 0.5 0.635085296109 0.1 1.54998990779 0.548488543087 0.0999966529097 0.35 0.317542648054 0.1 1.1 0.63506041098 0.0999928163455 1.64992995183 0.144295280925 0.1 0.600043141487 0.57732536144 0.0999856195037 0.8 0.63479971381 0.0999175594914 0.900045325279 0.750529181385 0.0997483527049 0.65 0.720155223808 0.10000600182 1.40086798831 0.749671864985 0.0999297554698 0.5 0.750555349947 0.1 1.09934546052 0.750308742911 0.1 1.25002527368 0.718415125502 0.10001263684 0.212826372802 0.397799331085 0.099780702818 1.64957543738 0.491125319789 0.099692088352 1.55006371339 0.83015223503 0.0999972940845 0.8 0.898564064606 0.100039266815 0.95 0.86124355653 0.1 0.3875 0.642302174473 0.1 0.4 0.898564064606 0.1 1.79823160089 0.110662453939 0.100145697625 1.64707499129 0.376581173859 0.100001119021 1.73814283825 0.310524634708 0.100283675881 1.35354173069 0.870050858735 0.0999916654626 0.55 0.86124355653 0.0995923676269 1.15055480231 0.864193076729 0.100022731743 0.78848940238 0.745857670222 0.0992909857223 1.89098114631 0.21621864599 0.102126860729 1.31112024816 0.567743577188 0.100000006834 1.75149969629 0.546162349718 0.0998286114255 0.387504199393 0.122723300013 0.0999832024279 0.711080564613 0.567587665157 0.100000000002 1.64999596578 0.721690163305 0.0999986625635 0.988920225236 0.644603345515 0.0999107220108 0.212931340577 0.287104861408 0.10000366819 1.86050014108 0.851967331032 0.1 0.657267172704 0.83129470023 0.101751011687 0.305356029308 0.464593096036 0.100164295532 0.51 0.398371685741 0.0966666666667 0.144097355811 0.865164299918 0.1 0.255406944178 0.866890861804 0.1 1.59998487901 0.242468783709 0.103335467248 1.80497030062 0.644812197449 0.101220741685 1.79735065408 0.757871327336 0.100000186487 0.240303481099 0.655219382675 0.100083883622 1.25319517615 0.827403198219 0.104635140935 0.141392854169 0.142507039093 0.1 1.74107675583 0.202439915796 0.104329524098 0.410580879322 0.228184942483 0.104495091978 0.4 0.79077791266 0.0949445870384 0.1157791341 0.638237626464 0.1 1.88051049895 0.324083679207 0.0990513132156 1.45929937301 0.887026548287 0.0999988535619 0.125423416076 0.507205334168 0.0999721799371 0.229410449198 0.545087685828 0.0967746450477 1.63317508904 0.892786697105 0.1 1.90286913167 0.097130868326 0.100063836685 1.79563992189 0.443695145057 0.0971441302141 0.247665938276 0.179924819526 0.0993144432277 1.67778873992 0.620649448488 0.100005884488 1.07501257213 0.534027222914 0.0999999997827 0.101140218556 0.398190090378 0.1 1.86063305764 0.532391486672 0.100084169211 1.89528620302 0.707679253282 0.100042235958 1.04991313329 0.887487066481 0.1 0.102958470951 0.288226578549 0.10140954101 0.999732732632 0.772200797585 0.0893822734291 0.409854368932 0.398455765877 0.113381877023 1.19166666596 0.360843919972 0.0999999999715 0.991666666634 0.360843918341 0.0999999999994 0.79166666666 0.360843918243 0.1 0.608333333333 0.331976404784 0.1 0.8 0.115470053838 0.0833333333333 1.2 0.115470053838 0.116666666667 0.6 0.115470053838 0.0833333333333 1 0.115470053838 0.116666666667 1.40833299135 0.360843994375 0.100000048435 1.39999959424 0.129903353698 0.0916660006059 1.44999364028 0.548482751475 0.116666742592 0.327551334598 0.562184320545 0.112150876808 1.89837306294 0.426782779977 0.10492719981</DataArray>
      </Points>
      <Cells>
        <DataArray type="Int32" Name="connectivity" format="ascii">648 665 478 671 270 665 648 671 270 295 665 671 490 478 665 671 532 626 621 696 621 626 310 696 297 295 270 671 478 490 525 671 534 532 621 696 311 621 310 696 478 525 648 671 297 270 648 671 534 621 695 696 311 695 621 696 310 621 309 626 533 621 532 626 593 609 182 692 182 341 672 692 593 182 672 692 309 626 621 700 621 626 533 700 180 342 341 692 340 154 686 714 406 683 678 703 678 683 406 707 374 678 406 707 309 310 311 621 532 533 534 621 550 686 154 714 622 276 688 711 492 622 688 711 305 682 672 692 602 663 672 673 388 672 663 673 602 663 517 672 388 303 663 672 517 672 663 682 269 704 658 714 672 682 515 692 393 305 672 692 514 515 672 682 663 672 303 682 448 651 689 716 234 689 651 716 487 658 704 714 514 515 682 692 448 642 651 716 234 651 642 716 276 281 383 622 201 340 156 686 182 180 341 692 503 492 608 622 492 608 622 711 180 182 609 692 383 276 622 711 622 688 281 699 662 664 306 687 141 208 718 719 513 664 662 687 503 688 622 699 358 653 652 697 276 281 622 688 292 655 668 684 496 668 655 684 569 652 653 697 543 141 718 719 503 492 622 688 282 666 664 680 144 190 189 691 534 695 598 696 534 598 532 696 395 695 311 696 395 311 310 696 282 680 664 692 416 154 550 686 340 686 201 714 514 672 611 682 651 662 518 663 189 146 144 691 458 624 656 661 624 244 656 661 458 633 624 661 300 662 651 663 624 633 244 661 569 652 650 653 650 652 358 653 637 640 236 651 450 640 637 651 627 635 554 638 367 632 631 634 494 630 625 632 278 625 630 632 631 632 578 634 367 634 631 635 631 634 578 635 362 635 627 638 450 642 640 651 537 629 643 646 640 642 236 651 627 638 554 639 362 638 627 639 314 639 628 641 529 628 639 641 319 643 629 646 529 628 641 643 314 641 628 643 319 646 629 650 629 646 537 650 452 651 637 662 637 651 238 662 223 657 654 670 656 664 366 666 437 654 657 670 698 718 208 719 517 611 672 682 500 664 656 666 664 666 499 680 156 154 416 686 366 656 661 664 655 665 292 668 357 667 659 668 648 655 478 665 270 655 648 665 659 667 568 668 664 680 499 692 496 665 655 668 500 661 656 664 514 515 611 672 406 678 354 703 223 670 654 677 602 517 611 672 654 670 437 677 132 134 191 695 354 406 374 678 593 515 609 692 543 718 698 719 221 654 653 677 623 659 568 668 357 659 623 668 303 672 391 682 365 667 668 701 144 615 190 691 340 702 154 714 435 653 654 677 340 154 156 686 169 133 166 702 593 672 515 692 135 166 133 702 191 188 132 695 487 497 658 714 202 359 161 660 678 683 507 703 278 630 625 704 359 652 161 660 279 269 658 714 161 652 565 660 189 399 146 691 625 630 494 704 388 391 303 672 393 305 391 672 416 686 550 714 518 651 663 689 300 663 651 689 523 668 667 701 293 668 665 701 507 683 678 707 306 664 662 682 452 662 637 687 238 637 662 687 671 688 276 711 492 688 671 711 662 664 513 682 154 702 550 714 305 391 672 682 609 680 180 692 221 677 653 697 365 681 667 701 645 647 228 684 442 647 645 684 665 671 295 708 675 680 601 705 633 636 240 687 454 636 633 687 665 668 495 701 490 671 665 708 149 660 430 676 510 677 670 713 497 690 658 714 191 134 402 695 678 707 403 713 435 653 677 697 279 658 690 714 155 565 417 660 297 671 648 688 525 648 671 688 180 680 342 692 417 430 155 660 510 678 677 713 407 681 170 701 216 202 149 660 169 400 133 702 135 616 166 702 170 681 192 701 249 306 664 687 390 680 675 705 252 624 656 674 216 660 149 676 462 656 624 674 542 664 513 687 187 328 193 680 175 546 409 673 523 667 681 701 252 246 624 674 462 624 460 674 170 679 407 701 249 664 661 687 542 661 664 687 192 679 170 701 175 672 194 673 292 668 350 684 218 652 660 697 187 675 328 680 599 696 675 705 358 652 218 697 175 409 672 673 624 674 246 735 561 668 496 684 269 285 704 714 271 669 658 693 658 669 488 693 185 194 334 673 688 698 264 699 460 674 624 735 487 704 584 714 442 649 647 684 228 647 649 684 454 637 636 687 636 637 240 687 378 208 698 718 483 698 688 699 652 432 660 697 342 393 341 692 545 675 187 680 623 350 668 684 561 623 668 684 193 342 180 680 293 665 679 701 666 601 680 705 670 677 375 713 208 136 141 718 591 698 543 718 393 672 341 692 675 696 394 705 432 652 569 697 609 408 174 680 335 662 306 687 375 677 678 713 184 407 541 681 292 248 655 684 448 651 463 689 564 677 510 678 234 251 651 689 416 584 686 714 208 331 136 718 264 698 688 715 461 513 662 687 398 286 690 721 425 702 126 721 584 704 686 714 566 496 655 684 285 686 704 714 654 657 225 734 648 655 290 734 155 202 161 660 665 495 679 701 688 698 483 715 543 141 136 718 155 161 565 660 613 690 583 721 599 626 696 705 201 686 285 714 666 674 475 705 286 702 690 721 649 654 225 734 648 290 657 734 390 666 680 705 550 154 429 702 176 544 427 696 408 545 174 680 220 653 358 697 149 155 430 660 690 702 583 721 126 702 211 721 178 327 206 696 664 682 305 692 514 682 664 692 265 674 666 705 407 186 610 679 326 192 170 681 282 664 353 692 192 397 186 679 185 175 194 673 142 691 332 719 149 202 155 660 175 185 546 673 198 671 183 708 183 671 415 708 626 394 696 705 488 669 658 690 656 666 265 674 475 666 656 674 658 669 271 690 309 621 405 706 181 622 370 691 569 653 434 697 371 211 126 702 142 424 557 691 188 618 132 695 178 675 422 696 469 670 510 677 293 292 665 668 620 621 533 706 187 193 174 680 496 495 665 668 257 648 657 715 183 671 198 711 482 657 648 715 271 658 351 693 544 176 422 696 677 678 433 697 181 189 190 691 178 206 675 696 508 707 678 713 136 413 543 718 254 658 625 723 415 671 183 711 370 171 210 622 439 657 654 734 464 655 648 734 448 689 526 716 623 645 228 684 442 645 623 684 298 689 234 716 633 661 454 687 240 661 633 687 276 387 671 711 482 670 657 715 492 671 607 711 518 662 516 663 280 669 717 721 657 670 257 715 282 366 664 666 142 424 691 719 304 662 300 663 357 356 659 667 659 667 299 689 292 655 291 665 355 651 300 662 366 656 348 661 348 656 244 661 458 456 633 661 244 633 242 661 257 648 255 657 228 645 229 647 537 643 571 646 453 636 454 637 554 635 576 638 236 637 237 640 240 636 239 637 240 633 241 636 252 624 244 656 549 554 627 635 265 656 273 666 273 656 366 666 578 632 563 634 268 625 254 658 457 624 458 633 367 349 632 634 494 625 486 632 577 578 634 635 494 580 630 632 278 272 625 632 313 628 314 639 244 624 243 633 578 631 580 632 578 549 631 635 347 634 367 635 362 369 635 638 455 633 454 636 238 637 236 651 450 637 452 651 449 640 450 642 325 629 319 643 451 637 450 640 575 554 638 639 362 316 638 639 236 640 235 642 362 627 313 639 315 639 314 641 529 639 574 641 234 236 642 651 230 228 623 645 448 642 450 651 322 643 319 646 529 641 573 643 363 641 314 643 314 628 325 643 442 443 645 647 569 650 484 653 444 623 442 645 225 654 223 657 441 647 442 649 225 649 224 654 228 647 227 649 274 650 358 653 572 537 646 650 319 321 646 650 222 653 221 654 255 648 290 657 230 645 623 716 623 645 444 716 290 648 270 655 464 478 648 655 232 645 230 716 446 444 645 716 445 645 644 716 231 644 645 716 458 656 530 661 445 446 645 716 231 645 232 716 454 633 456 661 232 230 623 716 446 623 444 716 458 624 462 656 568 659 522 667 242 633 240 661 465 648 482 657 231 232 644 716 445 644 446 716 432 565 652 660 218 652 359 660 609 174 180 680 520 667 659 689 500 656 476 666 524 651 452 662 238 651 355 662 518 651 524 662 476 656 475 666 437 654 439 657 466 568 623 659 280 690 669 721 482 559 657 670 223 247 657 670 480 655 496 665 559 437 657 670 257 657 247 670 545 187 174 680 498 717 669 721 435 653 436 654 243 633 624 694 144 557 615 691 250 623 357 659 530 656 500 661 468 658 625 704 520 522 659 667 184 170 407 681 268 625 658 704 299 659 356 667 327 179 212 696 478 655 480 665 291 655 270 665 510 670 685 713 219 678 677 697 340 214 157 702 626 475 674 705 516 663 662 682 365 667 357 668 433 697 678 703 366 661 249 664 396 295 671 708 662 663 304 682 525 479 648 688 297 648 263 688 179 695 212 696 457 624 633 694 498 669 690 721 612 671 490 708 429 154 157 702 568 667 523 668 537 643 629 729 529 639 628 731 627 635 362 728 631 632 367 730 278 632 630 730 367 635 631 728 627 639 554 731 628 643 529 729 542 661 500 664 678 697 219 703 468 625 485 704 375 678 403 713 625 658 468 723 430 676 660 703 174 193 180 680 629 650 537 733 650 652 569 733 223 368 670 677 536 411 151 733 602 672 409 673 351 693 658 723 358 652 650 733 319 650 629 733 627 549 635 728 580 632 631 730 580 630 632 730 631 635 549 728 628 639 313 731 627 313 639 731 629 643 325 729 628 325 643 729 388 194 672 673 254 625 253 723 429 166 616 702 294 668 293 701 390 328 675 680 500 499 664 666 223 654 221 677 340 201 285 714 489 678 507 703 256 674 266 700 416 550 584 714 477 674 470 700 146 137 144 691 600 675 601 705 568 561 623 668 217 660 216 676 181 190 615 691 586 426 181 622 323 210 177 622 660 676 217 703 309 700 621 706 674 700 256 735 284 683 406 703 357 623 350 668 601 675 545 680 667 689 520 722 265 626 674 705 610 679 186 708 215 332 137 691 470 700 674 735 330 403 707 713 326 170 184 681 435 654 437 677 430 660 431 703 621 700 533 706 173 397 381 708 600 599 675 705 610 173 594 708 181 586 622 691 501 664 499 692 129 207 379 621 186 679 397 708 624 246 693 735 186 407 170 679 299 689 667 722 169 166 157 702 157 154 340 702 437 670 469 677 365 668 294 701 375 685 670 713 297 276 671 688 525 671 492 688 246 351 624 693 135 133 128 702 625 694 253 723 464 648 465 734 439 654 438 734 537 538 643 729 528 639 529 731 338 362 635 728 287 367 632 730 278 287 632 730 367 338 635 728 528 554 639 731 538 529 643 729 570 537 650 733 570 650 569 733 371 126 128 702 132 618 588 695 343 630 278 704 262 375 677 678 176 178 422 696 177 323 622 711 171 370 181 622 284 676 683 703 495 668 502 701 305 353 664 692 655 684 226 734 186 170 192 679 178 176 327 696 585 510 670 685 266 674 626 700 626 674 477 700 133 400 371 702 601 666 491 705 351 624 693 723 531 626 599 705 514 664 501 692 343 686 630 704 413 718 143 736 125 134 132 695 137 142 557 691 539 177 426 622 374 403 678 707 535 693 669 710 278 625 268 704 398 211 286 721 392 390 675 705 425 128 126 702 249 335 306 687 583 702 690 714 648 657 465 734 286 690 702 714 438 654 649 734 609 595 680 692 220 221 653 697 146 399 137 691 292 350 248 684 448 463 526 689 282 389 680 692 256 246 674 735 189 181 399 691 592 423 130 621 427 618 188 695 392 675 394 705 234 298 251 689 460 624 693 735 271 317 669 693 426 171 181 622 211 702 286 721 295 296 665 708 461 542 513 687 508 678 510 713 566 561 496 684 660 219 697 703 504 490 665 708 95 334 203 720 418 546 172 720 130 588 592 621 502 668 523 701 513 516 662 682 306 662 304 682 400 169 157 702 649 226 684 734 488 669 535 693 394 675 206 696 422 675 599 696 433 660 697 703 613 583 425 721 583 702 425 721 135 128 616 702 552 669 709 710 368 375 670 677 590 709 706 710 177 622 539 711 663 520 689 722 151 165 536 733 587 128 425 702 305 664 306 682 248 226 655 684 251 300 651 689 487 584 497 714 433 431 660 703 707 713 508 736 220 358 218 697 610 186 173 708 452 461 662 687 238 662 335 687 536 411 80 151 463 651 518 689 582 494 630 704 385 192 681 701 96 203 326 720 514 513 664 682 667 521 720 722 173 186 397 708 669 693 317 710 378 331 208 718 137 332 142 691 125 402 134 695 531 475 626 705 275 670 375 685 572 650 646 732 646 650 321 732 571 646 643 724 643 646 322 724 315 639 641 725 574 641 639 725 576 638 635 726 635 638 369 726 252 256 246 674 470 674 460 735 470 462 460 674 477 626 475 674 265 626 266 674 669 308 709 710 185 546 673 720 485 625 494 704 594 119 415 708 435 434 653 697 435 677 433 697 433 677 564 678 202 63 161 359 282 353 389 692 582 630 686 704 100 381 198 708 504 665 679 708 175 113 409 546 665 296 679 708 280 717 336 721 207 621 129 706 327 176 179 696 205 324 59 729 377 706 709 710 521 606 667 720 172 541 418 720 413 143 614 736 343 285 686 704 302 667 720 722 302 667 384 720 518 663 520 689 219 677 221 697 228 649 226 684 440 649 442 684 452 637 454 687 238 240 637 687 193 90 328 187 277 666 390 705 326 681 184 720 299 663 300 689 191 179 188 695 184 681 541 720 129 621 423 706 619 622 691 699 588 621 125 695 404 691 622 699 94 194 334 185 475 491 666 705 364 394 626 705 262 403 375 678 320 358 650 733 319 320 650 733 281 688 264 699 676 506 683 703 498 547 717 721 535 669 552 710 334 185 673 720 299 663 689 722 144 137 557 691 219 660 217 703 605 681 407 701 483 688 503 699 380 679 192 701 467 625 468 723 74 548 419 728 279 285 269 714 376 691 699 719 589 699 691 719 457 694 633 727 365 385 681 701 177 210 171 622 200 143 718 736 412 72 581 730 57 195 312 731 508 507 678 707 243 633 694 727 280 398 690 721 92 342 341 180 565 82 155 417 372 683 676 712 429 157 166 702 582 686 584 704 572 567 650 732 360 321 650 732 571 558 646 724 361 643 322 724 571 643 558 724 361 322 646 724 315 352 639 725 574 639 562 725 574 562 641 725 315 641 352 725 556 638 576 726 346 635 369 726 556 576 635 726 346 369 638 726 560 457 633 727 243 339 633 727 572 646 567 732 360 646 321 732 370 399 181 691 382 669 308 709 600 601 491 705 327 206 88 178 277 265 666 705 364 626 265 705 552 669 597 709 308 669 317 710 600 531 599 705 257 263 648 715 479 482 648 715 279 658 271 690 512 676 683 712 497 488 658 690 499 680 595 692 609 595 408 680 129 379 130 621 667 606 681 720 342 680 389 692 384 667 681 720 380 293 679 701 184 96 326 720 185 172 546 720 507 683 506 703 130 423 129 621 191 402 179 695 596 407 679 701 508 564 510 678 136 143 413 718 440 649 684 734 544 176 107 422 318 61 196 733 232 623 250 716 233 644 232 716 447 446 644 716 466 623 446 716 116 407 541 184 372 284 676 683 520 663 519 722 498 690 613 721 95 185 334 720 219 262 677 678 193 342 91 180 434 432 569 697 243 694 339 727 484 650 567 732 360 650 274 732 363 643 361 724 558 643 573 724 316 639 352 725 562 639 575 725 241 633 339 727 346 347 635 726 560 633 455 727 346 638 259 726 577 556 635 726 473 638 556 726 352 641 260 725 562 472 641 725 471 646 558 724 361 646 261 724 261 646 360 732 567 646 471 732 114 418 546 172 413 591 543 718 590 706 700 710 172 184 541 720 560 694 457 727 343 269 285 704 207 405 379 621 620 423 592 621 370 622 404 691 619 622 586 691 125 132 588 695 440 684 566 734 521 667 520 722 80 536 151 165 216 64 149 202 133 371 128 702 498 669 488 690 430 155 83 417 280 271 669 690 376 332 691 719 426 177 171 622 323 102 177 210 307 256 700 735 100 198 183 708 484 653 650 732 573 643 641 724 363 641 643 724 575 639 638 725 316 638 639 725 577 635 634 726 241 636 633 727 634 635 347 726 633 636 455 727 638 640 259 726 473 640 638 726 641 644 260 725 472 644 641 725 646 647 261 724 471 647 646 724 261 647 646 732 646 647 471 732 650 653 274 732 324 162 59 729 119 183 415 708 597 709 669 717 589 691 424 719 669 709 382 717 351 658 254 723 245 624 351 723 397 186 98 192 523 681 605 701 566 684 655 734 373 125 621 695 125 379 373 621 492 607 608 711 397 99 173 381 245 254 253 723 377 700 706 710 585 670 482 715 115 541 418 172 426 586 619 622 370 210 404 622 263 688 648 715 479 648 688 715 245 253 694 723 383 387 276 711 290 655 226 734 312 313 627 731 581 630 580 730 195 628 313 731 580 631 412 730 549 627 419 728 548 631 549 728 325 205 629 729 324 325 628 729 226 649 225 734 225 657 290 734 512 676 506 683 185 94 194 175 41 329 209 707 405 309 311 621 271 351 317 693 594 610 118 173 423 553 14 706 264 698 283 699 130 125 588 621 113 175 185 546 469 510 564 677 293 294 292 668 427 188 179 695 117 610 407 186 124 706 553 709 382 280 669 717 161 155 63 202 597 669 498 717 170 97 192 326 74 164 548 728 496 502 495 668 604 720 521 722 534 533 620 621 609 182 111 593 109 545 174 408 25 207 379 129 365 294 385 701 151 196 61 733 517 663 516 682 596 679 495 701 207 129 24 706 205 59 148 729 57 312 163 731 483 505 698 699 257 670 275 715 318 165 61 733 201 51 333 686 594 173 119 708 433 678 489 703 459 624 457 694 100 173 381 708 353 282 366 664 305 353 306 664 404 622 281 699 509 508 713 736 90 193 174 187 252 656 265 674 475 656 462 674 180 341 92 182 137 399 215 691 155 161 82 565 343 333 630 686 408 601 545 680 518 516 517 663 605 541 407 681 268 658 269 704 74 419 153 728 326 385 192 681 303 304 663 682 501 499 595 692 70 416 579 686 350 623 228 684 299 298 659 689 467 694 625 723 293 292 291 665 555 488 535 693 442 623 561 684 249 661 240 687 124 344 706 709 612 525 490 671 200 143 136 718 495 480 496 665 542 454 661 687 623 659 250 716 396 295 297 671 405 621 207 706 447 644 642 716 233 642 644 716 619 503 622 699 620 423 621 706 466 659 623 716 520 518 519 663 253 625 339 727 467 560 625 727 346 634 347 726 316 352 638 725 560 455 636 727 241 339 636 727 577 634 556 726 473 556 640 726 562 575 638 725 346 259 640 726 363 361 641 724 558 573 641 724 562 644 472 725 352 260 644 725 471 558 647 724 361 261 647 724 261 360 647 732 567 471 647 732 484 567 653 732 360 274 653 732 592 15 130 423 391 388 194 672 393 391 341 672 243 624 245 694 301 663 299 722 518 524 516 662 388 334 194 673 390 328 392 675 335 304 306 662 355 300 304 662 339 625 272 727 486 625 560 727 258 634 346 726 560 636 474 727 339 258 636 727 259 638 352 725 474 556 634 726 556 451 640 726 473 562 638 725 237 346 640 726 260 641 361 724 562 447 644 725 558 641 472 724 233 352 644 725 227 647 360 732 443 647 558 724 229 361 647 724 567 647 441 732 222 360 653 732 526 520 659 689 436 653 567 732 201 340 50 156 512 428 676 712 423 14 129 706 96 172 203 720 366 348 249 661 244 242 348 661 248 226 290 655 378 698 685 718 257 255 247 657 225 223 247 657 569 484 434 653 274 360 321 650 484 572 567 650 442 441 443 647 571 558 471 646 537 571 572 646 233 231 232 644 250 232 230 623 537 538 571 643 230 228 350 623 445 447 446 644 558 571 573 643 316 315 352 639 363 322 361 643 322 325 319 643 574 562 472 641 315 313 314 639 528 574 529 639 562 574 575 639 235 236 237 640 556 473 576 638 452 453 454 637 575 554 576 638 449 451 450 640 239 240 241 636 549 576 554 635 455 560 457 633 369 338 362 635 577 578 563 634 346 347 369 635 252 246 244 624 243 339 241 633 468 467 485 625 272 339 253 625 313 362 312 627 265 252 273 656 348 252 244 656 348 366 273 656 244 245 243 624 351 271 254 658 240 242 241 633 265 273 277 666 282 273 366 666 313 195 314 628 254 268 253 625 581 494 580 630 477 531 475 626 485 486 494 625 455 454 453 636 278 272 268 625 456 457 458 633 494 486 580 632 287 367 349 632 458 457 459 624 419 549 554 627 578 412 580 631 367 347 349 634 578 580 563 632 278 287 272 632 351 245 246 624 347 346 258 634 578 549 548 631 486 467 560 625 242 244 243 633 578 577 549 635 347 367 338 635 238 240 239 637 577 556 576 635 560 455 474 636 237 236 238 637 346 369 259 638 362 316 369 638 454 455 456 633 241 339 258 636 577 474 556 634 352 259 316 638 355 251 300 651 355 238 236 651 234 251 236 651 448 449 450 642 473 556 451 640 315 260 352 641 325 205 319 629 575 473 562 638 237 346 259 640 450 451 452 637 362 313 316 639 575 528 554 639 325 314 324 628 234 236 235 642 529 574 573 641 363 315 314 641 363 361 260 641 230 229 228 645 562 447 472 644 445 446 444 645 538 529 573 643 314 325 363 643 472 558 573 641 233 352 260 644 361 322 261 646 232 231 230 645 228 229 227 647 322 319 321 646 227 261 360 647 269 268 254 658 443 444 442 645 290 255 270 648 443 471 558 647 257 263 255 648 229 361 261 647 360 261 321 646 465 464 478 648 226 224 225 649 441 442 440 649 228 227 226 649 358 274 320 650 441 567 471 647 463 448 450 651 572 471 567 646 225 224 223 654 319 320 321 650 572 570 537 650 569 570 484 650 484 567 436 653 274 358 220 653 360 274 222 653 223 222 221 654 221 222 220 653 292 248 291 655 358 359 218 652 364 266 265 626 467 625 694 727 225 255 290 657 524 450 452 651 432 565 569 652 546 602 409 673 291 290 270 655 464 480 478 655 466 444 446 623 460 462 458 624 458 530 456 661 561 442 444 623 465 482 559 657 242 240 249 661 482 465 479 648 432 417 565 660 218 359 202 660 278 343 333 630 454 456 542 661 458 462 530 656 152 581 72 730 95 203 172 720 303 304 300 663 390 193 328 680 342 193 389 680 524 452 461 662 439 437 438 654 299 298 356 659 462 475 476 656 150 195 57 731 559 437 439 657 394 392 206 675 466 522 568 659 300 299 301 663 561 466 568 623 582 630 579 686 238 355 335 662 302 299 667 722 520 522 526 659 430 417 431 660 432 433 660 697 590 552 709 710 518 463 524 651 356 250 357 659 357 365 356 667 516 461 513 662 500 530 476 656 435 434 436 653 602 611 409 672 331 200 136 718 223 368 247 670 431 432 433 660 219 354 678 703 514 513 501 664 34 413 543 136 51 160 333 686 566 496 480 655 500 476 499 666 437 435 436 654 307 256 266 700 551 700 470 735 291 270 295 665 520 521 522 667 599 422 600 675 525 492 479 688 297 263 276 688 490 478 480 665 551 477 470 700 568 522 523 667 214 400 157 702 387 297 276 671 579 582 494 630 302 299 356 667 435 564 433 677 350 357 250 623 530 500 542 661 253 694 625 727 525 607 492 671 412 158 72 730 685 698 591 718 487 582 584 704 176 178 107 422 178 88 327 176 280 336 398 721 467 694 560 727 392 277 390 705 181 615 586 691 609 110 174 408 559 469 437 670 366 249 306 664 476 475 491 666 513 542 500 664 364 392 394 705 479 478 525 648 297 270 263 648 213 372 676 712 216 217 202 660 116 407 184 170 596 407 610 679 585 685 670 715 192 380 397 679 70 579 160 686 377 709 308 710 141 34 543 136 114 546 185 172 526 689 659 716 308 382 317 669 121 426 539 177 495 504 665 679 298 659 689 716 482 585 559 670 96 184 172 720 125 130 379 621 619 691 589 699 365 357 294 668 545 601 600 675 218 660 219 697 376 691 404 699 293 665 296 679 380 294 293 701 41 209 138 707 510 469 585 670 616 128 587 702 603 421 31 707 539 415 120 711 91 193 180 174 151 61 165 733 217 676 284 703 97 170 184 326 64 155 149 202 172 115 541 184 502 568 523 668 23 131 199 709 253 339 694 727 223 221 368 677 489 508 507 678 173 186 99 397 264 288 698 715 670 685 275 715 550 702 583 714 174 187 545 109 165 629 536 733 357 350 292 668 411 652 151 733 217 216 284 676 14 553 124 706 498 613 547 721 568 496 561 668 460 624 459 723 468 658 488 723 275 257 247 670 430 83 155 149 179 402 212 695 183 120 415 711 173 610 118 186 597 552 535 669 100 183 173 708 555 460 459 723 183 119 173 708 468 488 555 723 162 148 59 729 386 302 720 722 160 630 333 686 506 512 428 676 344 23 199 709 374 330 403 707 186 170 98 192 416 156 69 154 139 329 41 707 481 693 535 710 171 177 102 210 284 213 372 676 550 416 69 154 266 626 309 700 267 693 246 735 295 396 296 708 95 172 185 720 200 718 713 736 533 626 477 700 340 286 702 714 344 377 706 709 198 323 101 711 44 136 208 331 103 370 171 210 164 74 153 728 305 393 353 692 125 373 402 695 579 630 160 686 504 612 490 708 435 437 469 677 553 706 590 709 14 124 129 706 138 683 603 707 343 278 268 704 493 483 698 715 198 101 183 711 106 427 176 544 416 70 156 686 501 500 499 664 186 407 117 170 23 124 131 709 201 156 51 686 219 218 217 660 13 414 131 709 60 318 205 629 221 219 262 677 180 182 111 609 271 279 269 658 150 57 163 731 548 73 412 631 77 410 540 628 487 497 488 658 502 523 605 701 344 124 23 709 411 565 81 652 56 312 204 627 340 50 156 154 382 336 280 717 209 374 406 707 298 250 659 716 447 642 448 716 234 642 233 716 588 16 130 592 526 659 466 716 547 597 498 717 136 141 44 208 196 62 359 652 430 506 676 703 511 685 591 718 15 129 130 423 309 266 310 626 309 405 377 706 124 24 129 706 533 532 477 626 124 13 131 709 511 510 685 713 327 87 212 179 52 345 333 630 13 553 414 709 129 379 25 130 430 431 506 703 13 124 553 709 330 713 707 736 467 457 560 694 298 232 250 716 447 448 446 716 232 234 233 716 284 406 354 703 526 466 446 716 620 533 590 706 209 406 683 707 532 599 626 696 163 312 627 731 162 324 628 729 310 626 394 696 396 671 198 708 151 652 196 733 164 631 548 728 419 527 75 627 612 415 671 708 536 79 420 629 606 523 667 681 153 419 627 728 156 160 51 686 158 152 72 730 110 174 180 609 318 629 165 733 152 630 581 730 579 581 71 630 150 628 195 731 324 195 58 628 209 683 138 707 384 667 365 681 386 302 384 720 521 604 606 720 588 534 621 695 373 621 311 695 162 77 540 628 309 377 700 706 164 73 548 631 411 81 151 652 197 54 337 631 312 56 163 627 329 139 42 736 60 165 318 629 215 376 332 691 374 403 354 678 519 663 602 673 196 151 62 652 550 429 583 702 601 499 666 680 489 507 506 703 161 359 62 652 81 565 161 652 36 424 557 142 329 707 139 736 533 700 590 706 301 388 663 673 70 160 156 686 589 557 424 691 390 666 282 680 604 673 720 722 267 317 693 710 394 206 327 696 544 422 599 696 426 122 586 181 41 138 139 707 333 160 52 630 31 421 139 707 514 501 515 692 75 527 163 627 372 406 284 683 349 634 258 727 272 632 349 727 563 632 486 727 237 637 239 726 563 474 634 727 239 636 258 726 474 636 453 726 235 640 259 725 453 637 451 726 473 640 449 725 233 642 235 725 449 642 447 725 231 644 260 724 231 229 645 724 472 644 445 724 445 645 443 724 222 654 224 732 227 224 649 732 441 649 438 732 436 438 654 732 121 426 177 171 371 211 20 126 536 165 79 629 429 550 68 154 205 148 629 729 324 58 162 628 312 195 313 731 581 580 412 730 548 549 419 728 324 205 325 729 226 225 290 734 641 644 472 724 473 638 640 725 486 632 625 727 625 632 272 727 474 634 636 726 634 636 258 727 474 636 634 727 258 636 634 726 259 640 638 725 237 640 637 726 637 640 451 726 260 644 641 724 233 644 642 725 642 644 447 725 229 647 645 724 443 645 647 724 227 649 647 732 647 649 441 732 222 653 654 732 436 654 653 732 153 419 75 627 60 205 148 629 513 514 516 682 214 340 286 702 54 164 337 631 148 420 79 629 585 511 510 685 56 204 153 627 46 137 215 332 596 495 502 701 589 505 699 719 220 219 221 697 71 581 152 630 334 673 386 720 307 700 710 735 606 541 681 720 319 629 318 733 376 699 283 719 196 652 358 733 150 58 195 628 551 590 700 710 43 136 331 200 158 412 631 730 531 491 475 705 546 604 673 720 384 681 326 720 77 150 410 628 219 217 354 703 276 264 281 688 281 404 383 622 481 460 693 735 54 197 158 631 619 503 608 622 368 375 275 670 481 535 552 710 158 412 73 631 368 262 375 677 160 579 71 630 305 306 304 682 492 503 483 688 611 515 593 672 52 152 345 630 222 224 360 732 346 237 239 726 339 349 258 727 339 272 349 727 563 486 560 727 563 560 474 727 239 258 346 726 474 453 556 726 235 259 352 725 453 451 556 726 473 449 562 725 352 233 235 725 449 447 562 725 558 472 445 724 231 260 361 724 231 361 229 724 558 445 443 724 227 360 224 732 567 441 438 732 436 567 438 732 181 426 122 171 288 685 378 698 281 264 283 699 439 465 657 734 540 628 529 729 537 629 420 729 554 527 627 731 367 631 337 728 278 630 345 730 529 628 410 731 367 197 631 730 362 204 627 728 438 649 440 734 264 688 263 715 497 583 690 714 479 688 483 715 606 418 541 720 566 655 464 734 519 663 673 722 43 136 200 143 203 384 326 720 246 267 351 693 203 334 386 720 228 226 248 684 238 335 240 687 440 442 566 684 251 299 300 689 198 671 387 711 452 454 461 687 470 477 475 674 265 266 256 674 483 503 505 699 414 131 709 717 546 418 604 720 415 607 671 711 460 555 481 693 280 279 271 690 463 518 520 689 517 514 611 682 497 498 488 690 279 690 286 714 199 709 131 717 245 351 254 723 84 430 428 676 68 157 429 154 319 318 320 733 320 196 358 733 433 489 431 703 81 161 151 652 161 62 151 652 257 264 263 715 557 36 142 137 479 483 482 715 493 591 685 698 179 327 87 176 597 414 709 717 183 177 120 711 283 698 208 719 199 382 709 717 521 520 519 722 243 253 339 694 307 700 377 710 283 378 208 698 171 181 370 103 372 140 683 712 344 308 377 709 539 120 177 711 495 504 490 665 552 553 590 709 439 464 465 734 538 540 529 729 538 537 420 729 338 367 337 728 554 528 527 731 287 278 345 730 529 410 528 731 367 287 197 730 362 338 204 728 438 440 439 734 295 296 293 665 337 631 164 728 305 303 391 682 288 685 698 715 158 631 197 730 126 20 371 128 440 566 464 734 162 628 540 729 527 163 627 731 420 629 148 729 497 583 613 690 435 433 434 697 340 214 49 157 153 163 56 627 539 622 608 711 398 286 279 690 582 485 494 704 148 165 60 629 534 592 588 621 311 373 379 621 280 271 317 669 383 622 323 711 430 84 149 676 289 713 200 718 162 150 77 628 163 153 75 627 288 275 685 715 489 433 564 678 289 378 685 718 289 685 375 713 183 101 177 711 519 673 604 722 164 158 73 631 148 79 165 629 585 493 685 715 663 301 673 722 539 426 608 622 493 698 685 715 176 179 427 106 150 162 58 628 177 101 323 711 139 707 421 736 323 383 210 622 130 125 16 588 488 498 535 669 54 158 164 631 216 65 213 676 76 163 527 731 152 52 160 630 55 337 164 728 543 698 505 719 213 676 159 712 511 713 685 718 256 267 246 735 160 71 152 630 386 720 673 722 459 694 467 723 509 718 413 736 336 717 127 721 264 288 283 698 288 257 275 715 137 46 142 332 21 336 127 721 153 627 204 728 421 32 139 736 585 482 493 715 649 654 438 732 644 645 445 724 449 640 642 725 453 636 637 726 239 637 636 726 563 634 632 727 632 634 349 727 235 642 640 725 231 645 644 724 224 654 649 732 589 424 505 719 411 536 570 733 26 379 373 125 267 308 317 710 376 283 332 719 330 707 329 736 152 345 630 730 540 78 162 729 385 380 192 701 420 148 78 729 505 543 591 698 139 143 42 736 410 628 150 731 93 341 194 672 713 718 509 736 511 509 713 718 206 328 89 675 197 53 158 730 381 396 198 708 159 213 65 676 547 127 717 721 603 138 30 683 612 594 415 708 587 425 583 702 275 375 289 685 157 49 340 154 286 211 371 702 493 591 511 685 582 416 584 686 209 372 40 683 602 519 517 663 40 372 140 683 194 175 93 672 282 390 277 666 531 532 599 626 593 112 409 672 55 153 204 728 388 303 301 663 328 187 89 675 512 603 30 683 245 694 624 723 394 310 364 626 277 364 265 705 93 182 341 672 493 483 505 698 175 409 112 672 376 404 281 699 178 108 422 675 545 422 108 675 614 509 413 736 551 710 700 735 491 601 499 666 410 150 76 731 410 76 527 731 619 589 503 699 206 89 178 675 55 204 337 728 132 17 588 618 11 127 547 721 606 523 521 667 421 614 32 736 330 200 713 736 521 519 604 722 26 379 125 130 219 354 262 678 587 10 425 128 283 699 698 719 365 384 302 667 603 683 507 707 42 200 329 736 298 234 232 716 448 526 446 716 216 149 65 676 138 209 40 683 55 164 153 728 182 112 593 672 698 699 505 719 35 141 543 719 162 78 148 729 545 108 187 675 557 586 615 691 215 399 370 691 540 420 78 729 10 126 425 128 343 285 201 686 307 710 267 735 45 208 141 719 76 150 163 731 22 127 336 717 53 345 152 730 268 269 343 704 307 267 256 735 53 197 345 730 551 552 590 710 459 467 468 723 84 428 159 676 547 127 12 717 509 508 510 713 467 459 457 694 495 596 504 679 12 131 414 717 459 624 694 723 199 131 22 717 380 293 296 679 32 143 139 736 372 401 39 712 557 615 37 144 138 40 140 683 67 616 429 166 375 403 330 713 35 142 141 719 609 515 595 692 211 336 21 721 152 158 53 730 616 587 429 702 400 214 371 702 512 683 140 712 213 66 401 712 383 323 387 711 145 140 39 712 167 401 66 712 39 401 145 712 21 127 126 721 140 372 39 712 141 142 45 719 539 608 607 711 323 198 387 711 415 539 607 711 552 597 414 709 132 17 125 588 182 93 175 672 182 175 112 672 335 249 240 687 350 228 248 684 199 382 308 709 256 252 265 674 566 442 561 684 470 475 462 674 299 251 298 689 614 143 32 736 142 332 45 719 386 673 301 722 606 605 523 681 526 463 520 689 542 461 454 687 267 710 693 735 126 11 425 721 342 389 393 692 424 142 35 719 198 396 387 671 126 211 21 721 187 108 178 675 178 89 187 675 354 217 284 703 612 415 607 671 517 516 514 682 395 373 311 695 159 149 84 676 588 598 534 695 289 330 200 713 424 35 543 719 220 218 219 697 288 289 378 685 149 159 65 676 144 37 557 137 589 619 586 691 588 618 427 695 373 212 402 695 376 370 404 691 303 305 304 682 384 365 385 681 159 676 428 712 343 201 333 686 429 157 67 166 596 605 407 701 22 336 199 717 601 595 499 680 512 506 507 683 209 329 374 707 353 366 306 664 547 12 414 717 126 127 11 721 250 230 350 623 252 348 273 656 532 531 477 626 273 282 277 666 540 410 529 628 324 314 195 628 537 536 420 629 367 197 337 631 486 485 467 625 579 494 581 630 527 419 554 627 272 253 268 625 458 459 460 624 362 204 312 627 245 244 246 624 486 563 580 632 349 272 287 632 242 243 241 633 347 258 349 634 412 578 548 631 369 347 338 635 456 455 457 633 313 315 316 639 563 474 577 634 239 241 258 636 577 576 549 635 237 238 239 637 455 453 474 636 369 316 259 638 452 451 453 637 576 473 575 638 319 205 318 629 235 237 259 640 355 236 251 651 235 233 234 642 473 451 449 640 575 574 528 639 315 363 260 641 448 447 449 642 472 573 574 641 233 260 231 644 363 325 322 643 230 231 229 645 472 447 445 644 538 573 571 643 443 445 444 645 321 261 322 646 333 345 278 630 269 254 271 658 255 263 270 648 290 291 248 655 229 261 227 647 443 441 471 647 465 478 479 648 226 227 224 649 471 572 571 646 440 438 441 649 321 320 274 650 570 572 484 650 224 222 223 654 196 359 358 652 434 484 436 653 247 255 225 657 220 222 274 653 565 411 569 652 266 364 310 626 242 249 348 661 480 464 566 655 488 468 487 658 465 559 439 657 304 335 355 662 444 466 561 623 466 526 522 659 463 450 524 651 432 431 417 660 131 127 22 717 542 456 530 661 524 461 516 662 45 332 208 719 436 438 437 654 530 462 476 656 12 127 131 717 303 300 301 663 298 250 356 659 519 602 604 673 307 377 308 710 512 30 140 683 519 518 517 663 416 582 579 686 374 329 330 707 425 11 547 721 481 693 710 735 30 138 140 683 19 400 371 133 301 386 388 673 500 501 513 664 603 507 421 707 511 413 509 718 389 390 282 680 617 159 428 712 218 202 217 660 617 140 147 712 617 168 159 712 618 427 188 105 293 291 295 665 253 243 245 694 480 495 490 665 365 302 356 667 522 521 523 667 564 435 469 677 42 143 200 736 685 713 289 718 402 86 191 179 532 598 599 696 499 476 491 666 395 310 394 696 432 434 433 697 133 371 19 128 47 137 146 399 169 48 400 157 9 616 135 128 617 159 168 85 512 140 617 712 584 550 583 714 508 489 564 678 418 606 604 720 507 508 421 707 559 585 469 670 386 384 203 720 427 179 188 105 385 294 380 701 617 428 159 85 511 509 510 713 502 496 568 668 86 402 212 179 294 357 292 668 134 27 402 125 247 368 275 670 137 47 215 399 344 377 207 706 485 582 487 704 551 481 710 735 590 553 423 706 336 22 21 127 147 145 168 712 491 531 600 705 377 307 309 700 428 430 506 676 340 285 286 714 214 400 48 157 368 221 262 677 167 168 145 712 551 590 533 700 497 584 583 714 481 552 551 710 216 213 284 676 320 318 196 733 409 611 593 672 302 301 299 722 283 208 332 719 353 393 389 692 307 266 309 700 276 263 264 688 492 483 479 688 267 317 351 693 615 123 190 181 209 406 372 683 257 288 264 715 279 286 285 714 533 477 551 700 616 9 587 128 547 11 12 127 289 200 331 718 381 296 396 708 594 612 504 708 610 504 596 679 483 493 482 715 397 380 296 679 354 403 262 678 543 505 424 719 413 511 591 718 147 29 140 617 387 396 297 671 585 493 511 685 607 525 612 671 311 379 405 621 534 620 592 621 595 601 408 680 373 402 27 125 586 557 589 691 373 395 212 695 588 427 598 695 391 194 341 672 605 606 541 681 388 386 334 673 328 206 392 675 384 385 326 681 215 370 376 691 489 506 431 703 426 619 608 622 546 604 602 673 535 481 555 693 515 501 595 692 390 389 193 680 422 545 600 675 404 210 383 622 123 615 586 181 288 378 283 698 330 329 200 736 308 344 199 709 552 414 553 709 280 398 279 690 147 168 617 712 498 497 613 690 94 93 194 175 34 33 413 136 505 503 589 699 493 505 591 698 151 62 61 196 280 317 382 669 405 207 377 706 587 583 429 702 382 199 336 717 145 401 167 712 620 590 423 706 597 547 414 717 178 107 422 108 286 371 214 702 81 80 411 151 51 52 333 160 281 283 376 699 535 498 597 669 318 60 61 165 341 93 92 182 82 161 81 565 185 113 546 114 617 29 140 512 398 336 211 721 74 75 153 419 155 64 63 202 79 78 420 148 104 370 181 103 152 71 72 581 150 58 57 195 193 91 90 174 140 40 39 372 95 96 172 203 197 53 54 158 84 83 430 149 63 62 161 359 267 307 308 710 536 80 79 165 136 44 43 331 78 77 540 162 75 76 163 527 139 42 41 329 164 73 74 548 90 89 328 187 312 56 57 163 162 59 58 324 156 69 70 416 459 468 555 723 337 54 55 164 512 617 428 712 481 470 460 735 119 120 415 183 327 88 87 176 327 395 394 696 323 177 102 101 598 544 599 696 175 113 112 409 101 198 183 100 605 596 502 701 507 603 512 683 126 11 10 425 88 206 89 178 613 425 547 721 159 66 65 213 22 23 131 199 509 614 421 736 289 331 378 718 364 277 392 705 37 36 557 137 288 275 289 685 108 545 187 109 338 337 204 728 287 345 197 730 538 420 540 729 528 410 527 731 439 440 464 734 125 17 16 588 131 13 12 414 205 59 60 148 67 68 157 429 153 56 55 204 334 94 185 95 115 116 541 184 426 121 122 171 49 50 340 154 184 96 97 326 579 71 70 160 31 32 139 421 124 14 13 553 386 301 302 722 410 77 76 150 141 45 44 208 213 401 372 712 142 46 45 332 82 83 155 417 342 92 91 180 2 132 188 618 5 167 145 401 418 114 115 172 330 289 375 713 20 19 371 128 407 116 117 170 99 100 173 381 543 35 34 141 121 539 120 177 105 427 179 106 594 118 119 173 201 50 51 156 72 73 158 412 551 470 481 735 111 110 180 609 152 53 52 345 98 99 186 397 112 111 182 593 610 117 118 186 25 24 207 129 129 15 14 423 140 145 147 712 168 167 159 712 344 24 23 124 379 26 25 130 98 170 97 192 200 42 43 143 149 65 64 216 135 616 0 166 6 615 190 144 133 1 400 169 7 146 189 399 31 30 603 138 107 106 176 544 211 21 20 126 168 147 28 145 134 191 18 132 110 109 174 408 209 40 41 138 167 168 28 145 132 191 18 188 122 123 586 181 424 36 35 142 85 428 159 84 47 46 137 215 48 49 214 157 33 32 614 143 27 26 373 125 102 103 171 210 29 30 140 512 69 68 550 154 587 9 10 128 87 86 212 179 130 16 15 592 132 18 2 188 28 5 167 145 4 147 168 617 3 402 191 134 144 190 38 189 135 8 133 166 169 133 8 166 146 144 38 189 146 7 47 399 0 9 616 135 1 48 400 169 402 86 3 191 168 4 617 85 188 2 618 105 132 2 17 618 145 39 5 401 615 6 37 144 400 19 1 133 616 67 0 166 5 66 167 401 189 7 399 104 402 3 27 134 615 123 6 190 190 38 6 144 133 8 1 169 146 38 7 189 135 0 8 166 147 4 29 617 191 18 3 134 28 4 147 168 696 427 598 544 696 598 427 695 212 696 395 327 395 696 212 695 696 179 427 176 696 427 179 695 723 488 693 658 723 693 488 555 723 460 693 555 723 693 460 624 733 537 536 570 733 536 537 629 569 733 411 570 411 733 569 652 399 181 104 370 399 104 181 189 706 24 344 124 706 344 24 207 704 468 487 485 704 487 468 658 708 610 504 594 708 504 610 679 708 397 296 679 708 296 397 381 31 707 138 603 138 707 31 139 736 508 421 509 736 421 508 707 143 413 33 136 143 33 413 614 712 66 159 213 712 159 66 167</DataArray>
        <DataArray type="Int32" Name="offsets" format="ascii">4 8 12 16 20 24 28 32 36 40 44 48 52 56 60 64 68 72 76 80 84 88 92 96 100 104 108 112 116 120 124 128 132 136 140 144 148 152 156 160 164 168 172 176 180 184 188 192 196 200 204 208 212 216 220 224 228 232 236 240 244 248 252 256 260 264 268 272 276 280 284 288 292 296 300 304 308 312 316 320 324 328 332 336 340 344 348 352 356 360 364 368 372 376 380 384 388 392 396 400 404 408 412 416 420 424 428 432 436 440 444 448 452 456 460 464 468 472 476 480 484 488 492 496 500 504 508 512 516 520 524 528 532 536 540 544 548 552 556 560 564 568 572 576 580 584 588 592 596 600 604 608 612 616 620 624 628 632 636 640 644 648 652 656 660 664 668 672 676 680 684 688 692 696 700 704 708 712 716 720 724 728 732 736 740 744 748 752 756 760 764 768 772 776 780 784 788 792 796 800 804 808 812 816 820 824 828 832 836 840 844 848 852 856 860 864 868 872 876 880 884 888 892 896 900 904 908 912 916 920 924 928 932 936 940 944 948 952 956 960 964 968 972 976 980 984 988 992 996 1000 1004 1008 1012 1016 1020 1024 1028 1032 1036 1040 1044 1048 1052 1056 1060 1064 1068 1072 1076 1080 1084 1088 1092 1096 1100 1104 1108 1112 1116 1120 1124 1128 1132 1136 1140 1144 1148 1152 1156 1160 1164 1168 1172 1176 1180 1184 1188 1192 1196 1200 1204 1208 1212 1216 1220 1224 1228 1232 1236 1240 1244 1248 1252 1256 1260 1264 1268 1272 1276 1280 1284 1288 1292 1296 1300 1304 1308 1312 1316 1320 1324 1328 1332 1336 1340 1344 1348 1352 1356 1360 1364 1368 1372 1376 1380 1384 1388 1392 1396 1400 1404 1408 1412 1416 1420 1424 1428 1432 1436 1440 1444 1448 1452 1456 1460 1464 1468 1472 1476 1480 1484 1488 1492 1496 1500 1504 1508 1512 1516 1520 1524 1528 1532 1536 1540 1544 1548 1552 1556 1560 1564 1568 1572 1576 1580 1584 1588 1592 1596 1600 1604 1608 1612 1616 1620 1624 1628 1632 1636 1640 1644 1648 1652 1656 1660 1664 1668 1672 1676 1680 1684 1688 1692 1696 1700 1704 1708 1712 1716 1720 1724 1728 1732 1736 1740 1744 1748 1752 1756 1760 1764 1768 1772 1776 1780 1784 1788 1792 1796 1800 1804 1808 1812 1816 1820 1824 1828 1832 1836 1840 1844 1848 1852 1856 1860 1864 1868 1872 1876 1880 1884 1888 1892 1896 1900 1904 1908 1912 1916 1920 1924 1928 1932 1936 1940 1944 1948 1952 1956 1960 1964 1968 1972 1976 1980 1984 1988 1992 1996 2000 2004 2008 2012 2016 2020 2024 2028 2032 2036 2040 2044 2048 2052 2056 2060 2064 2068 2072 2076 2080 2084 2088 2092 2096 2100 2104 2108 2112 2116 2120 2124 2128 2132 2136 2140 2144 2148 2152 2156 2160 2164 2168 2172 2176 2180 2184 2188 2192 2196 2200 2204 2208 2212 2216 2220 2224 2228 2232 2236 2240 2244 2248 2252 2256 2260 2264 2268 2272 2276 2280 2284 2288 2292 2296 2300 2304 2308 2312 2316 2320 2324 2328 2332 2336 2340 2344 2348 2352 2356 2360 2364 2368 2372 2376 2380 2384 2388 2392 2396 2400 2404 2408 2412 2416 2420 2424 2428 2432 2436 2440 2444 2448 2452 2456 2460 2464 2468 2472 2476 2480 2484 2488 2492 2496 2500 2504 2508 2512 2516 2520 2524 2528 2532 2536 2540 2544 2548 2552 2556 2560 2564 2568 2572 2576 2580 2584 2588 2592 2596 2600 2604 2608 2612 2616 2620 2624 2628 2632 2636 2640 2644 2648 2652 2656 2660 2664 2668 2672 2676 2680 2684 2688 2692 2696 2700 2704 2708 2712 2716 2720 2724 2728 2732 2736 2740 2744 2748 2752 2756 2760 2764 2768 2772 2776 2780 2784 2788 2792 2796 2800 2804 2808 2812 2816 2820 2824 2828 2832 2836 2840 2844 2848 2852 2856 2860 2864 2868 2872 2876 2880 2884 2888 2892 2896 2900 2904 2908 2912 2916 2920 2924 2928 2932 2936 2940 2944 2948 2952 2956 2960 2964 2968 2972 2976 2980 2984 2988 2992 2996 3000 3004 3008 3012 3016 3020 3024 3028 3032 3036 3040 3044 3048 3052 3056 3060 3064 3068 3072 3076 3080 3084 3088 3092 3096 3100 3104 3108 3112 3116 3120 3124 3128 3132 3136 3140 3144 3148 3152 3156 3160 3164 3168 3172 3176 3180 3184 3188 3192 3196 3200 3204 3208 3212 3216 3220 3224 3228 3232 3236 3240 3244 3248 3252 3256 3260 3264 3268 3272 3276 3280 3284 3288 3292 3296 3300 3304 3308 3312 3316 3320 3324 3328 3332 3336 3340 3344 3348 3352 3356 3360 3364 3368 3372 3376 3380 3384 3388 3392 3396 3400 3404 3408 3412 3416 3420 3424 3428 3432 3436 3440 3444 3448 3452 3456 3460 3464 3468 3472 3476 3480 3484 3488 3492 3496 3500 3504 3508 3512 3516 3520 3524 3528 3532 3536 3540 3544 3548 3552 3556 3560 3564 3568 3572 3576 3580 3584 3588 3592 3596 3600 3604 3608 3612 3616 3620 3624 3628 3632 3636 3640 3644 3648 3652 3656 3660 3664 3668 3672 3676 3680 3684 3688 3692 3696 3700 3704 3708 3712 3716 3720 3724 3728 3732 3736 3740 3744 3748 3752 3756 3760 3764 3768 3772 3776 3780 3784 3788 3792 3796 3800 3804 3808 3812 3816 3820 3824 3828 3832 3836 3840 3844 3848 3852 3856 3860 3864 3868 3872 3876 3880 3884 3888 3892 3896 3900 3904 3908 3912 3916 3920 3924 3928 3932 3936 3940 3944 3948 3952 3956 3960 3964 3968 3972 3976 3980 3984 3988 3992 3996 4000 4004 4008 4012 4016 4020 4024 4028 4032 4036 4040 4044 4048 4052 4056 4060 4064 4068 4072 4076 4080 4084 4088 4092 4096 4100 4104 4108 4112 4116 4120 4124 4128 4132 4136 4140 4144 4148 4152 4156 4160 4164 4168 4172 4176 4180 4184 4188 4192 4196 4200 4204 4208 4212 4216 4220 4224 4228 4232 4236 4240 4244 4248 4252 4256 4260 4264 4268 4272 4276 4280 4284 4288 4292 4296 4300 4304 4308 4312 4316 4320 4324 4328 4332 4336 4340 4344 4348 4352 4356 4360 4364 4368 4372 4376 4380 4384 4388 4392 4396 4400 4404 4408 4412 4416 4420 4424 4428 4432 4436 4440 4444 4448 4452 4456 4460 4464 4468 4472 4476 4480 4484 4488 4492 4496 4500 4504 4508 4512 4516 4520 4524 4528 4532 4536 4540 4544 4548 4552 4556 4560 4564 4568 4572 4576 4580 4584 4588 4592 4596 4600 4604 4608 4612 4616 4620 4624 4628 4632 4636 4640 4644 4648 4652 4656 4660 4664 4668 4672 4676 4680 4684 4688 4692 4696 4700 4704 4708 4712 4716 4720 4724 4728 4732 4736 4740 4744 4748 4752 4756 4760 4764 4768 4772 4776 4780 4784 4788 4792 4796 4800 4804 4808 4812 4816 4820 4824 4828 4832 4836 4840 4844 4848 4852 4856 4860 4864 4868 4872 4876 4880 4884 4888 4892 4896 4900 4904 4908 4912 4916 4920 4924 4928 4932 4936 4940 4944 4948 4952 4956 4960 4964 4968 4972 4976 4980 4984 4988 4992 4996 5000 5004 5008 5012 5016 5020 5024 5028 5032 5036 5040 5044 5048 5052 5056 5060 5064 5068 5072 5076 5080 5084 5088 5092 5096 5100 5104 5108 5112 5116 5120 5124 5128 5132 5136 5140 5144 5148 5152 5156 5160 5164 5168 5172 5176 5180 5184 5188 5192 5196 5200 5204 5208 5212 5216 5220 5224 5228 5232 5236 5240 5244 5248 5252 5256 5260 5264 5268 5272 5276 5280 5284 5288 5292 5296 5300 5304 5308 5312 5316 5320 5324 5328 5332 5336 5340 5344 5348 5352 5356 5360 5364 5368 5372 5376 5380 5384 5388 5392 5396 5400 5404 5408 5412 5416 5420 5424 5428 5432 5436 5440 5444 5448 5452 5456 5460 5464 5468 5472 5476 5480 5484 5488 5492 5496 5500 5504 5508 5512 5516 5520 5524 5528 5532 5536 5540 5544 5548 5552 5556 5560 5564 5568 5572 5576 5580 5584 5588 5592 5596 5600 5604 5608 5612 5616 5620 5624 5628 5632 5636 5640 5644 5648 5652 5656 5660 5664 5668 5672 5676 5680 5684 5688 5692 5696 5700 5704 5708 5712 5716 5720 5724 5728 5732 5736 5740 5744 5748 5752 5756 5760 5764 5768 5772 5776 5780 5784 5788 5792 5796 5800 5804 5808 5812 5816 5820 5824 5828 5832 5836 5840 5844 5848 5852 5856 5860 5864 5868 5872 5876 5880 5884 5888 5892 5896 5900 5904 5908 5912 5916 5920 5924 5928 5932 5936 5940 5944 5948 5952 5956 5960 5964 5968 5972 5976 5980 5984 5988 5992 5996 6000 6004 6008 6012 6016 6020 6024 6028 6032 6036 6040 6044 6048 6052 6056 6060 6064 6068 6072 6076 6080 6084 6088 6092 6096 6100 6104 6108 6112 6116 6120 6124 6128 6132 6136 6140 6144 6148 6152 6156 6160 6164 6168 6172 6176 6180 6184 6188 6192 6196 6200 6204 6208 6212 6216 6220 6224 6228 6232 6236 6240 6244 6248 6252 6256 6260 6264 6268 6272 6276 6280 6284 6288 6292 6296 6300 6304 6308 6312 6316 6320 6324 6328 6332 6336 6340 6344 6348 6352 6356 6360 6364 6368 6372 6376 6380 6384 6388 6392 6396 6400 6404 6408 6412 6416 6420 6424 6428 6432 6436 6440 6444 6448 6452 6456 6460 6464 6468 6472 6476 6480 6484 6488 6492 6496 6500 6504 6508 6512 6516 6520 6524 6528 6532 6536 6540 6544 6548 6552 6556 6560 6564 6568 6572 6576 6580 6584 6588 6592 6596 6600 6604 6608 6612 6616 6620 6624 6628 6632 6636 6640 6644 6648 6652 6656 6660 6664 6668 6672 6676 6680 6684 6688 6692 6696 6700 6704 6708 6712 6716 6720 6724 6728 6732 6736 6740 6744 6748 6752 6756 6760 6764 6768 6772 6776 6780 6784 6788 6792 6796 6800 6804 6808 6812 6816 6820 6824 6828 6832 6836 6840 6844 6848 6852 6856 6860 6864 6868 6872 6876 6880 6884 6888 6892 6896 6900 6904 6908 6912 6916 6920 6924 6928 6932 6936 6940 6944 6948 6952 6956 6960 6964 6968 6972 6976 6980 6984 6988 6992 6996 7000 7004 7008 7012 7016 7020 7024 7028 7032 7036 7040 7044 7048 7052 7056 7060 7064 7068 7072 7076 7080 7084 7088 7092 7096 7100 7104 7108 7112 7116 7120 7124 7128 7132 7136 7140 7144 7148 7152 7156 7160 7164 7168 7172 7176 7180 7184 7188 7192 7196 7200 7204 7208 7212 7216 7220 7224 7228 7232 7236 7240 7244 7248 7252 7256 7260 7264 7268 7272 7276 7280 7284 7288 7292 7296 7300 7304 7308 7312 7316 7320 7324 7328 7332 7336 7340 7344 7348 7352 7356 7360 7364 7368 7372 7376 7380 7384 7388 7392 7396 7400 7404 7408 7412 7416 7420 7424 7428 7432 7436 7440 7444 7448 7452 7456 7460 7464 7468 7472 7476 7480 7484 7488 7492 7496 7500 7504 7508 7512 7516 7520 7524 7528 7532 7536 7540 7544 7548 7552 7556 7560 7564 7568 7572 7576 7580 7584 7588 7592 7596 7600 7604 7608 7612 7616 7620 7624 7628 7632 7636 7640 7644 7648 7652 7656 7660 7664 7668 7672 7676 7680 7684 7688 7692 7696 7700 7704 7708 7712 7716 7720 7724 7728 7732 7736 7740 7744 7748 7752 7756 7760 7764 7768 7772 7776 7780 7784 7788 7792 7796 7800 7804 7808 7812 7816 7820 7824 7828 7832 7836 7840 7844 7848 7852 7856 7860 7864 7868 7872 7876 7880 7884 7888 7892 7896 7900 7904 7908 7912 7916 7920 7924 7928 7932 7936 7940 7944 7948 7952 7956 7960 7964 7968 7972 7976 7980 7984 7988 7992 7996 8000 8004 8008 8012 8016 8020 8024 8028 8032 8036 8040 8044 8048 8052 8056 8060 8064 8068 8072 8076 8080 8084 8088 8092 8096 8100 8104 8108 8112 8116 8120 8124 8128 8132 8136 8140 8144 8148 8152 8156 8160 8164 8168 8172 8176 8180 8184 8188 8192 8196 8200 8204 8208 8212 8216 8220 8224 8228 8232 8236 8240 8244 8248 8252 8256 8260 8264 8268 8272 8276 8280 8284 8288 8292 8296 8300 8304 8308 8312 8316 8320 8324 8328 8332 8336 8340 8344 8348 8352 8356 8360 8364 8368 8372 8376 8380 8384 8388 8392 8396 8400 8404 8408 8412 8416 8420 8424 8428 8432 8436 8440 8444 8448 8452 8456 8460 8464 8468 8472 8476 8480 8484 8488 8492 8496 8500 8504 8508 8512 8516 8520 8524 8528 8532 8536 8540 8544 8548 8552 8556 8560 8564 8568 8572 8576 8580 8584 8588 8592 8596 8600 8604 8608 8612 8616 8620 8624 8628 8632 8636 8640 8644 8648 8652 8656 8660 8664 8668 8672 8676 8680 8684 8688 8692 8696 8700 8704 8708 8712 8716 8720 8724 8728 8732 8736 8740 8744 8748 8752 8756 8760 8764 8768 8772 8776 8780 8784 8788 8792 8796 8800 8804 8808 8812 8816 8820 8824 8828 8832 8836 8840 8844 8848 8852 8856 8860 8864 8868 8872 8876 8880 8884 8888 8892 8896 8900 8904 8908 8912 8916 8920 8924 8928 8932 8936 8940 8944 8948 8952 8956 8960 8964 8968 8972 8976 8980 8984 8988 8992 8996 9000 9004 9008 9012 9016 9020 9024 9028 9032 9036 9040 9044 9048 9052 9056 9060 9064 9068 9072 9076 9080 9084 9088 9092 9096 9100 9104 9108 9112 9116 9120 9124 9128 9132 9136 9140 9144 9148 9152 9156 9160 9164 9168 9172 9176 9180 9184 9188 9192 9196 9200 9204 9208 9212 9216 9220 9224 9228 9232 9236 9240 9244 9248 9252 9256 9260 9264 9268 9272 9276 9280 9284 9288 9292 9296 9300 9304 9308 9312 9316 9320 9324 9328 9332 9336 9340 9344 9348 9352 9356 9360 9364 9368 9372 9376 9380 9384 9388 9392 9396 9400 9404 9408 9412 9416 9420 9424 9428 9432 9436 9440 9444 9448 9452 9456 9460 9464 9468 9472 9476 9480 9484 9488 9492 9496 9500 9504 9508 9512 9516 9520 9524 9528 9532 9536 9540 9544 9548 9552 9556 9560 9564 9568 9572 9576 9580 9584 9588 9592 9596 9600 9604 9608</DataArray>
        <DataArray type="UInt8" Name="types" format="ascii">10 10 10 10 10 10 10 10 10 10 10 10 10 10 10 10 10 10 10 10 10 10 10 10 10 10 10 10 10 10 10 10 10 10 10 10 10 10 10 10 10 10 10 10 10 10 10 10 10 10 10 10 10 10 10 10 10 10 10 10 10 10 10 10 10 10 10 10 10 10 10 10 10 10 10 10 10 10 10 10 10 10 10 10 10 10 10 10 10 10 10 10 10 10 10 10 10 10 10 10 10 10 10 10 10 10 10 10 10 10 10 10 10 10 10 10 10 10 10 10 10 10 10 10 10 10 10 10 10 10 10 10 10 10 10 10 10 10 10 10 10 10 10 10 10 10 10 10 10 10 10 10 10 10 10 10 10 10 10 10 10 10 10 10 10 10 10 10 10 10 10 10 10 10 10 10 10 10 10 10 10 10 10 10 10 10 10 10 10 10 10 10 10 10 10 10 10 10 10 10 10 10 10 10 10 10 10 10 10 10 10 10 10 10 10 10 10 10 10 10 10 10 10 10 10 10 10 10 10 10 10 10 10 10 10 10 10 10 10 10 10 10 10 10 10 10 10 10 10 10 10 10 10 10 10 10 10 10 10 10 10 10 10 10 10 10 10 10 10 10 10 10 10 10 10 10 10 10 10 10 10 10 10 10 10 10 10 10 10 10 10 10 10 10 10 10 10 10 10 10 10 10 10 10 10 10 10 10 10 10 10 10 10 10 10 10 10 10 10 10 10 10 10 10 10 10 10 10 10 10 10 10 10 10 10 10 10 10 10 10 10 10 10 10 10 10 10 10 10 10 10 10 10 10 10 10 10 10 10 10 10 10 10 10 10 10 10 10 10 10 10 10 10 10 10 10 10 10 10 10 10 10 10 10 10 10 10 10 10 10 10 10 10 10 10 10 10 10 10 10 10 10 10 10 10 10 10 10 10 10 10 10 10 10 10 10 10 10 10 10 10 10 10 10 10 10 10 10 10 10 10 10 10 10 10 10 10 10 10 10 10 10 10 10 10 10 10 10 10 10 10 10 10 10 10 10 10 10 10 10 10 10 10 10 10 10 10 10 10 10 10 10 10 10 10 10 10 10 10 10 10 10 10 10 10 10 10 10 10 10 10 10 10 10 10 10 10 10 10 10 10 10 10 10 10 10 10 10 10 10 10 10 10 10 10 10 10 10 10 10 10 10 10 10 10 10 10 10 10 10 10 10 10 10 10 10 10 10 10 10 10 10 10 10 10 10 10 10 10 10 10 10 10 10 10 10 10 10 10 10 10 10 10 10 10 10 10 10 10 10 10 10 10 10 10 10 10 10 10 10 10 10 10 10 10 10 10 10 10 10 10 10 10 10 10 10 10 10 10 10 10 10 10 10 10 10 10 10 10 10 10 10 10 10 10 10 10 10 10 10 10 10 10 10 10 10 10 10 10 10 10 10 10 10 10 10 10 10 10 10 10 10 10 10 10 10 10 10 10 10 10 10 10 10 10 10 10 10 10 10 10 10 10 10 10 10 10 10 10 10 10 10 10 10 10 10 10 10 10 10 10 10 10 10 10 10 10 10 10 10 10 10 10 10 10 10 10 10 10 10 10 10 10 10 10 10 10 10 10 10 10 10 10 10 10 10 10 10 10 10 10 10 10 10 10 10 10 10 10 10 10 10 10 10 10 10 10 10 10 10 10 10 10 10 10 10 10 10 10 10 10 10 10 10 10 10 10 10 10 10 10 10 10 10 10 10 10 10 10 10 10 10 10 10 10 10 10 10 10 10 10 10 10 10 10 10 10 10 10 10 10 10 10 10 10 10 10 10 10 10 10 10 10 10 10 10 10 10 10 10 10 10 10 10 10 10 10 10 10 10 10 10 10 10 10 10 10 10 10 10 10 10 10 10 10 10 10 10 10 10 10 10 10 10 10 10 10 10 10 10 10 10 10 10 10 10 10 10 10 10 10 10 10 10 10 10 10 10 10 10 10 10 10 10 10 10 10 10 10 10 10 10 10 10 10 10 10 10 10 10 10 10 10 10 10 10 10 10 10 10 10 10 10 10 10 10 10 10 10 10 10 10 10 10 10 10 10 10 10 10 10 10 10 10 10 10 10 10 10 10 10 10 10 10 10 10 10 10 10 10 10 10 10 10 10 10 10 10 10 10 10 10 10 10 10 10 10 10 10 10 10 10 10 10 10 10 10 10 10 10 10 10 10 10 10 10 10 10 10 10 10 10 10 10 10 10 10 10 10 10 10 10 10 10 10 10 10 10 10 10 10 10 10 10 10 10 10 10 10 10 10 10 10 10 10 10 10 10 10 10 10 10 10 10 10 10 10 10 10 10 10 10 10 10 10 10 10 10 10 10 10 10 10 10 10 10 10 10 10 10 10 10 10 10 10 10 10 10 10 10 10 10 10 10 10 10 10 10 10 10 10 10 10 10 10 10 10 10 10 10 10 10 10 10 10 10 10 10 10 10 10 10 10 10 10 10 10 10 10 10 10 10 10 10 10 10 10 10 10 10 10 10 10 10 10 10 10 10 10 10 10 10 10 10 10 10 10 10 10 10 10 10 10 10 10 10 10 10 10 10 10 10 10 10 10 10 10 10 10 10 10 10 10 10 10 10 10 10 10 10 10 10 10 10 10 10 10 10 10 10 10 10 10 10 10 10 10 10 10 10 10 10 10 10 10 10 10 10 10 10 10 10 10 10 10 10 10 10 10 10 10 10 10 10 10 10 10 10 10 10 10 10 10 10 10 10 10 10 10 10 10 10 10 10 10 10 10 10 10 10 10 10 10 10 10 10 10 10 10 10 10 10 10 10 10 10 10 10 10 10 10 10 10 10 10 10 10 10 10 10 10 10 10 10 10 10 10 10 10 10 10 10 10 10 10 10 10 10 10 10 10 10 10 10 10 10 10 10 10 10 10 10 10 10 10 10 10 10 10 10 10 10 10 10 10 10 10 10 10 10 10 10 10 10 10 10 10 10 10 10 10 10 10 10 10 10 10 10 10 10 10 10 10 10 10 10 10 10 10 10 10 10 10 10 10 10 10 10 10 10 10 10 10 10 10 10 10 10 10 10 10 10 10 10 10 10 10 10 10 10 10 10 10 10 10 10 10 10 10 10 10 10 10 10 10 10 10 10 10 10 10 10 10 10 10 10 10 10 10 10 10 10 10 10 10 10 10 10 10 10 10 10 10 10 10 10 10 10 10 10 10 10 10 10 10 10 10 10 10 10 10 10 10 10 10 10 10 10 10 10 10 10 10 10 10 10 10 10 10 10 10 10 10 10 10 10 10 10 10 10 10 10 10 10 10 10 10 10 10 10 10 10 10 10 10 10 10 10 10 10 10 10 10 10 10 10 10 10 10 10 10 10 10 10 10 10 10 10 10 10 10 10 10 10 10 10 10 10 10 10 10 10 10 10 10 10 10 10 10 10 10 10 10 10 10 10 10 10 10 10 10 10 10 10 10 10 10 10 10 10 10 10 10 10 10 10 10 10 10 10 10 10 10 10 10 10 10 10 10 10 10 10 10 10 10 10 10 10 10 10 10 10 10 10 10 10 10 10 10 10 10 10 10 10 10 10 10 10 10 10 10 10 10 10 10 10 10 10 10 10 10 10 10 10 10 10 10 10 10 10 10 10 10 10 10 10 10 10 10 10 10 10 10 10 10 10 10 10 10 10 10 10 10 10 10 10 10 10 10 10 10 10 10 10 10 10 10 10 10 10 10 10 10 10 10 10 10 10 10 10 10 10 10 10 10 10 10 10 10 10 10 10 10 10 10 10 10 10 10 10 10 10 10 10 10 10 10 10 10 10 10 10 10 10 10 10 10 10 10 10 10 10 10 10 10 10 10 10 10 10 10 10 10 10 10 10 10 10 10 10 10 10 10 10 10 10 10 10 10 10 10 10 10 10 10 10 10 10 10 10 10 10 10 10 10 10 10 10 10 10 10 10 10 10 10 10 10 10 10 10 10 10 10 10 10 10 10 10 10 10 10 10 10 10 10 10 10 10 10 10 10 10 10 10 10 10 10 10 10 10 10 10 10 10 10 10 10 10 10 10 10 10 10 10 10 10 10 10 10 10 10 10 10 10 10 10 10 10 10 10 10 10 10 10 10 10 10 10 10 10 10 10 10 10 10 10 10 10 10 10 10 10 10 10 10 10 10 10 10 10 10 10 10 10 10 10 10 10 10 10 10 10 10 10 10 10 10 10 10 10 10 10 10 10 10 10 10 10 10 10 10 10 10 10 10 10 10 10 10 10 10 10 10 10 10 10 10 10 10 10 10 10 10 10 10 10 10 10 10 10 10 10 10 10 10 10 10 10 10 10 10 10 10 10 10 10 10 10 10 10 10 10 10 10 10 10 10 10 10 10 10 10 10 10 10 10 10 10 10 10 10 10 10 10 10 10 10 10 10 10 10 10 10 10 10 10 10 10 10 10 10 10 10 10 10 10 10 10 10 10 10 10 10 10 10 10 10 10 10 10 10 10 10 10 10 10 10 10 10 10 10 10 10 10 10 10 10 10 10 10 10 10 10 10 10 10 10 10 10 10 10 10 10 10 10 10 10 10 10 10 10 10 10 10 10 10 10 10 10 10 10 10 10 10 10 10 10 10 10 10 10 10 10 10 10 10 10 10 10 10 10 10 10 10 10 10 10 10 10 10 10 10 10 10 10 10 10 10 10 10 10 10 10 10 10 10 10 10 10 10 10 10 10 10 10 10 10 10 10 10 10 10 10 10 10 10 10 10 10 10 10 10 10 10 10 10 10 10 10 10 10 10 10 10 10 10 10 10 10 10 10 10 10 10 10 10 10 10 10 10 10 10 10 10 10 10 10 10 10 10 10 10 10 10 10 10 10 10 10 10 10 10 10 10 10 10 10 10 10 10 10 10 10 10 10 10 10 10 10 10 10 10 10 10 10 10 10 10 10 10 10 10 10 10 10 10 10 10 10 10 10 10 10 10 10 10 10 10 10 10 10 10 10 10 10 10 10 10 10 10 10 10 10 10 10 10 10 10 10 10 10 10 10 10 10 10 10 10 10 10 10 10 10 10 10 10 10 10 10 10 10 10 10 10 10 10 10 10 10 10 10 10 10 10 10 10 10 10 10 10 10 10 10 10 10 10 10 10 10 10 10 10 10 10 10 10 10 10 10 10 10 10 10 10 10 10 10 10 10 10 10 10 10 10 10 10 10 10 10 10 10 10 10 10 10 10 10 10 10 10 10 10 10 10 10 10 10 10 10 10 10 10 10 10 10 10 10 10 10 10 10 10 10 10 10 10 10 10 10 10 10 10 10 10 10 10 10 10 10 10 10 10 10 10 10 10 10 10 10 10 10 10 10 10 10 10 10 10 10 10 10 10 10 10 10 10 10 10 10 10 10 10 10 10 10 10 10 10 10 10 10 10</DataArray>
      </Cells>
      <PointData Vectors="Displacement">
        <DataArray type="Float64" Name="Displacement" NumberOfComponents="3" format="ascii">0 1.50517754727e-18 8.57142857143e-06 0 0 0 0 4.28571428571e-05 8.57142857143e-06 0 4.28571428571e-05 0 -0.000285714285714 -8.52623364706e-18 8.57142857133e-06 -0.000285714285714 -1.23254617273e-17 -1.03007603924e-16 -0.000285714285714 4.28571428571e-05 8.5714285713e-06 -0.000285714285714 4.28571428571e-05 -1.23802335571e-16 0 2.85450103225e-19 4.28571428571e-06 0 4.28571428572e-06 8.57142857143e-06 0 8.57142857143e-06 8.57142857143e-06 0 1.28571428571e-05 8.57142857143e-06 0 1.71428571429e-05 8.57142857143e-06 0 2.14285714286e-05 8.57142857142e-06 0 2.57142857143e-05 8.57142857142e-06 0 3e-05 8.57142857142e-06 0 3.42857142857e-05 8.57142857142e-06 0 3.85714285714e-05 8.57142857143e-06 0 4.28571428571e-05 4.28571428571e-06 0 4.28571428571e-06 -1.21760986168e-18 0 8.57142857143e-06 -2.27520354585e-18 0 1.28571428571e-05 -2.93733493815e-18 0 1.71428571429e-05 -3.6025763467e-18 0 2.14285714286e-05 -3.95776926126e-18 0 2.57142857143e-05 -4.0500884842e-18 0 3e-05 -4.05512219785e-18 0 3.42857142857e-05 -3.51500451584e-18 0 3.85714285714e-05 -2.81045531899e-18 -0.000285714285714 -1.05150670072e-17 4.28571428561e-06 -0.000285714285714 4.28571428571e-06 8.57142857132e-06 -0.000285714285714 8.57142857142e-06 8.57142857132e-06 -0.000285714285714 1.28571428571e-05 8.57142857132e-06 -0.000285714285714 1.71428571428e-05 8.57142857132e-06 -0.000285714285714 2.14285714286e-05 8.57142857132e-06 -0.000285714285714 2.57142857143e-05 8.57142857131e-06 -0.000285714285714 3e-05 8.57142857131e-06 -0.000285714285714 3.42857142857e-05 8.57142857131e-06 -0.000285714285714 3.85714285714e-05 8.57142857131e-06 -0.000285714285714 4.28571428571e-05 4.28571428559e-06 -0.000285714285714 4.2857142857e-06 -1.04894019089e-16 -0.000285714285714 8.57142857142e-06 -1.06652883004e-16 -0.000285714285714 1.28571428571e-05 -1.08595633512e-16 -0.000285714285714 1.71428571428e-05 -1.10619538296e-16 -0.000285714285714 2.14285714286e-05 -1.12650313022e-16 -0.000285714285714 2.57142857143e-05 -1.1470085571e-16 -0.000285714285714 3e-05 -1.17010742682e-16 -0.000285714285714 3.42857142857e-05 -1.19390162342e-16 -0.000285714285714 3.85714285714e-05 -1.2166950661e-16 -1.42857142857e-05 -1.00283540912e-18 -4.74125037864e-19 -2.85714285714e-05 -1.21972480403e-18 -1.58333853056e-18 -4.28571428571e-05 -1.33631396456e-18 -3.39581094524e-18 -5.71428571429e-05 -1.63736374361e-18 -5.83227282963e-18 -7.14285714286e-05 -1.95635408469e-18 -8.82813373416e-18 -8.57142857143e-05 -2.37586124856e-18 -1.24892855671e-17 -0.0001 -2.78154410857e-18 -1.67441880106e-17 -0.000114285714286 -3.31346399255e-18 -2.14416957508e-17 -0.000128571428571 -3.83437001576e-18 -2.65836101222e-17 -0.000142857142857 -4.4355730185e-18 -3.22184050729e-17 -0.000157142857143 -5.10365032793e-18 -3.83573321048e-17 -0.000171428571429 -5.74583581223e-18 -4.48052716307e-17 -0.000185714285714 -6.51490390608e-18 -5.1488524733e-17 -0.0002 -7.15359047008e-18 -5.85565204875e-17 -0.000214285714286 -8.15797624625e-18 -6.55752590618e-17 -0.000228571428571 -9.11327615756e-18 -7.27820822198e-17 -0.000242857142857 -9.81931405372e-18 -8.02118495831e-17 -0.000257142857143 -1.06981903302e-17 -8.77182815234e-17 -0.000271428571429 -1.15242273545e-17 -9.53632043666e-17 -1.42857142857e-05 1.40819227481e-18 8.57142857143e-06 -2.85714285714e-05 1.24386788304e-18 8.57142857143e-06 -4.28571428571e-05 9.69852724606e-19 8.57142857143e-06 -5.71428571429e-05 8.76679100408e-19 8.57142857142e-06 -7.14285714286e-05 6.92661192617e-19 8.57142857142e-06 -8.57142857143e-05 3.82223617449e-19 8.57142857142e-06 -0.0001 6.52215369386e-20 8.57142857141e-06 -0.000114285714286 -3.33095706508e-19 8.57142857141e-06 -0.000128571428571 -7.53435806583e-19 8.5714285714e-06 -0.000142857142857 -1.30866590351e-18 8.5714285714e-06 -0.000157142857143 -1.90772995545e-18 8.57142857139e-06 -0.000171428571429 -2.56968620373e-18 8.57142857138e-06 -0.000185714285714 -3.21004311186e-18 8.57142857138e-06 -0.0002 -3.93997375415e-18 8.57142857137e-06 -0.000214285714286 -4.68324516537e-18 8.57142857136e-06 -0.000228571428571 -5.50063195947e-18 8.57142857136e-06 -0.000242857142857 -6.21722183285e-18 8.57142857135e-06 -0.000257142857143 -7.00136258377e-18 8.57142857134e-06 -0.000271428571429 -7.76220992864e-18 8.57142857133e-06 -1.42857142857e-05 4.28571428571e-05 -2.43981067389e-18 -2.85714285714e-05 4.28571428571e-05 -4.21440839517e-18 -4.28571428571e-05 4.28571428571e-05 -6.88573928993e-18 -5.71428571429e-05 4.28571428571e-05 -1.0154010627e-17 -7.14285714286e-05 4.28571428571e-05 -1.4175776922e-17 -8.57142857143e-05 4.28571428571e-05 -1.88382079511e-17 -0.0001 4.28571428571e-05 -2.40052029389e-17 -0.000114285714286 4.28571428571e-05 -2.98089199718e-17 -0.000128571428571 4.28571428571e-05 -3.6340020475e-17 -0.000142857142857 4.28571428571e-05 -4.32957870706e-17 -0.000157142857143 4.28571428571e-05 -5.05612962904e-17 -0.000171428571429 4.28571428571e-05 -5.81266751131e-17 -0.000185714285714 4.28571428571e-05 -6.58796941121e-17 -0.0002 4.28571428571e-05 -7.38113985716e-17 -0.000214285714286 4.28571428571e-05 -8.19807006966e-17 -0.000228571428571 4.28571428571e-05 -9.03561929587e-17 -0.000242857142857 4.28571428571e-05 -9.861997218e-17 -0.000257142857143 4.28571428571e-05 -1.06983428144e-16 -0.000271428571429 4.28571428571e-05 -1.1546753137e-16 -1.42857142857e-05 4.28571428571e-05 8.57142857143e-06 -2.85714285714e-05 4.28571428571e-05 8.57142857142e-06 -4.28571428571e-05 4.28571428571e-05 8.57142857142e-06 -5.71428571429e-05 4.28571428571e-05 8.57142857142e-06 -7.14285714286e-05 4.28571428571e-05 8.57142857141e-06 -8.57142857143e-05 4.28571428571e-05 8.57142857141e-06 -0.0001 4.28571428571e-05 8.5714285714e-06 -0.000114285714286 4.28571428571e-05 8.5714285714e-06 -0.000128571428571 4.28571428571e-05 8.57142857139e-06 -0.000142857142857 4.28571428571e-05 8.57142857139e-06 -0.000157142857143 4.28571428571e-05 8.57142857138e-06 -0.000171428571429 4.28571428571e-05 8.57142857137e-06 -0.000185714285714 4.28571428571e-05 8.57142857136e-06 -0.0002 4.28571428571e-05 8.57142857135e-06 -0.000214285714286 4.28571428571e-05 8.57142857135e-06 -0.000228571428571 4.28571428571e-05 8.57142857134e-06 -0.000242857142857 4.28571428571e-05 8.57142857133e-06 -0.000257142857143 4.28571428571e-05 8.57142857132e-06 -0.000271428571429 4.28571428571e-05 8.57142857131e-06 0 2.35767950423e-05 4.08142644479e-06 0 3.64285714286e-05 3.71153744479e-06 0 1.07142857143e-05 4.09059707908e-06 0 1.5010518283e-05 4.33091644821e-06 0 6.42857142857e-06 4.85989112664e-06 0 2.78685555519e-05 4.32938800917e-06 0 3.21747384825e-05 4.46901009599e-06 0 1.92883617447e-05 4.25920000597e-06 0 4.00394928593e-05 5.4270759293e-06 0 2.81764999782e-06 3.14435264213e-06 0 4.03722337126e-05 2.47706599203e-06 0 2.48490914453e-06 6.0943625794e-06 -0.000285714285714 2.35767950423e-05 4.08142644468e-06 -0.000285714285714 3.64285714286e-05 3.71153744467e-06 -0.000285714285714 1.07142857143e-05 4.09059707898e-06 -0.000285714285714 1.5010518283e-05 4.33091644811e-06 -0.000285714285714 6.42857142856e-06 4.85989112653e-06 -0.000285714285714 2.78685555519e-05 4.32938800905e-06 -0.000285714285714 3.21747384825e-05 4.46901009587e-06 -0.000285714285714 1.92883617447e-05 4.25920000587e-06 -0.000285714285714 4.00394928593e-05 5.42707592918e-06 -0.000285714285714 2.81764999781e-06 3.14435264202e-06 -0.000285714285714 4.03722337126e-05 2.47706599191e-06 -0.000285714285714 2.48490914452e-06 6.0943625793e-06 -0.000178521875684 -4.53005266009e-18 4.12166375969e-06 -0.00025 -8.56707651699e-18 4.090597079e-06 -0.00015 -3.10855135942e-18 4.48768637589e-06 -0.000207099803105 -5.91223703228e-18 4.28919584567e-06 -7.85756974577e-05 -9.09514862004e-19 4.09116175922e-06 -0.000121428571429 -2.1202078394e-18 4.13036981521e-06 -3.57142857143e-05 1.86347248396e-20 4.48083149234e-06 -0.000235710016828 -7.56421597722e-18 4.44604748291e-06 -5.00042688863e-05 -3.54668576883e-19 4.12538108843e-06 -2.14285714286e-05 -1.35207634205e-19 3.71153744479e-06 -9.28398083979e-05 -1.1276866437e-18 4.51077148517e-06 -0.000264285714286 -9.00883066876e-18 4.85989112655e-06 -6.4301074145e-05 -4.83338382322e-19 4.37064999992e-06 -0.000221420684274 -6.8171858573e-18 4.31301674519e-06 -0.000164277455471 -3.81159532309e-18 4.29203454638e-06 -0.000135714285714 -2.53753865641e-18 4.29348555564e-06 -0.000107139968066 -1.58006055376e-18 4.29733307386e-06 -0.00019284170837 -5.15737185759e-18 4.25895279133e-06 -9.39216665941e-06 5.66453283476e-19 5.4270759293e-06 -0.000276322119055 -1.04722918434e-17 3.14435264203e-06 -0.000277431255233 -9.24282352044e-18 6.0943625793e-06 -8.28303048177e-06 -1.57548128189e-19 2.47706599203e-06 -0.000178521875684 4.28571428571e-05 4.12166375967e-06 -0.00025 4.28571428571e-05 4.09059707898e-06 -0.00015 4.28571428571e-05 4.48768637587e-06 -0.000207099803105 4.28571428571e-05 4.28919584566e-06 -7.85893168078e-05 4.28571428571e-05 4.49000212662e-06 -0.000121471625467 4.28571428571e-05 4.28223272566e-06 -3.57142857143e-05 4.28571428571e-05 4.48083149234e-06 -0.000235710016828 4.28571428571e-05 4.4460474829e-06 -5.00350609433e-05 4.28571428571e-05 4.2405121232e-06 -2.14285714286e-05 4.28571428571e-05 3.71153744479e-06 -9.28629328519e-05 4.28571428571e-05 4.12616090426e-06 -0.000264285714286 4.28571428571e-05 4.85989112653e-06 -0.000107150997815 4.28571428571e-05 4.25854179544e-06 -0.000221420684274 4.28571428571e-05 4.31301674518e-06 -0.000164277455471 4.28571428571e-05 4.29203454636e-06 -0.00013577887466 4.28571428571e-05 4.17619170743e-06 -0.00019284170837 4.28571428571e-05 4.25895279132e-06 -6.4294539149e-05 4.28571428571e-05 4.31222856544e-06 -9.39216665941e-06 4.28571428571e-05 5.4270759293e-06 -0.000276322119055 4.28571428571e-05 3.14435264201e-06 -0.000277431255233 4.28571428571e-05 6.09436257928e-06 -8.28303048177e-06 4.28571428571e-05 2.47706599203e-06 -0.000178823432293 3.95030353162e-05 -6.11266247368e-17 -7.85714285714e-05 3.91456054124e-05 -1.64346451982e-17 -0.000121428571429 3.91456054124e-05 -3.25584892567e-17 -0.00015 3.71153744479e-06 -3.65756353014e-17 -0.000207142857143 3.71153744478e-06 -6.34764668599e-17 -9.28571428571e-05 3.71153744479e-06 -1.57019592478e-17 -0.00022152040952 3.92341756369e-05 -8.47753910994e-17 -1.28485006885e-05 1.95938639605e-05 -4.20679718521e-18 -0.000273342494232 1.92857142857e-05 -1.04917672718e-16 -5e-05 3.71153744479e-06 -5.56497423666e-18 -0.000235714285714 3.71153744478e-06 -7.80042228364e-17 -0.00015 3.91456054123e-05 -4.62364743397e-17 -0.000121428571429 3.71153744479e-06 -2.52246691836e-17 -0.000178571428571 3.71153744478e-06 -4.9482844415e-17 -5e-05 3.91456054124e-05 -8.76602360936e-18 -1.0622321144e-05 2.79194194553e-05 -4.29784517437e-18 -0.000273342494232 2.78571428571e-05 -1.08989793966e-16 -0.000274020956282 1.09571767341e-05 -1.01441248779e-16 -0.000249425543319 3.9446046133e-05 -1.00945561273e-16 -1.28042303565e-05 1.0342604337e-05 -2.8165600266e-18 -2.14942869701e-05 3.95507978191e-05 -3.87160231344e-18 -0.000264225180439 3.62902305023e-06 -9.30347107946e-17 -2.14891052754e-05 3.62902305024e-06 -2.00258297338e-18 -0.000273864322798 3.64031472129e-05 -1.13672880313e-16 -0.000249989911026 3.69778504569e-06 -8.54842591028e-17 -0.000242855461361 7.42078282306e-06 -8.32862086047e-17 -0.000228571148322 7.42269287849e-06 -7.58602707561e-17 -0.000235713958757 1.11341666548e-05 -8.10381831627e-17 -0.000221428571429 1.11346123344e-05 -7.36333930136e-17 -0.000228571374079 1.48460754992e-05 -7.88006988309e-17 -0.000214285705204 1.48461373992e-05 -7.1315778521e-17 -0.000221428560833 1.85576727806e-05 -7.64659919576e-17 -0.000207142857143 1.85576872239e-05 -6.8992831195e-17 -0.00021428571252 2.22692222615e-05 -7.41548874382e-17 -0.000199999999706 2.22692242675e-05 -6.66498280758e-17 -0.000192857142808 1.85576871571e-05 -6.16695281483e-17 -0.000185714285657 2.22692245907e-05 -5.93268229004e-17 -0.000178571428554 1.85576871998e-05 -5.45576995634e-17 -0.00017142857142 2.22692246566e-05 -5.23219502579e-17 -0.000164285714281 1.85576872179e-05 -4.77535999838e-17 -0.000157142857143 2.22692246687e-05 -4.55309089331e-17 -0.000149999999999 1.85576872229e-05 -4.12385401909e-17 -0.000142857142857 2.22692246686e-05 -3.91009466694e-17 -0.000135714285714 1.85576872238e-05 -3.51170066113e-17 -0.000128571428571 2.22692246687e-05 -3.30234985077e-17 -0.000121428571429 1.85576872239e-05 -2.93689020649e-17 -0.000114285714286 2.22692246687e-05 -2.73219696065e-17 -0.000107142857143 1.85576872239e-05 -2.39801380115e-17 -0.0001 2.22692246687e-05 -2.21301121756e-17 -9.28571428571e-05 1.85576872239e-05 -1.92268008697e-17 -8.57142857143e-05 2.22692246687e-05 -1.76894360705e-17 -7.85714285714e-05 1.8557687224e-05 -1.49249587586e-17 -7.14285714286e-05 2.22692246687e-05 -1.34593535319e-17 -6.42857142857e-05 1.8557687224e-05 -1.13202374324e-17 -5.71428571429e-05 2.22692246687e-05 -1.00734035548e-17 -0.000228571426511 2.22692218603e-05 -8.18726686691e-17 -0.000192857142799 2.59807620337e-05 -6.41931993388e-17 -9.28571428571e-05 2.59807621135e-05 -2.0250863703e-17 -0.000164285714284 2.59807621115e-05 -4.99800008507e-17 -0.000135714285714 2.59807621135e-05 -3.68379722985e-17 -6.42857142857e-05 2.59807621135e-05 -1.20030921373e-17 -7.14285714286e-05 1.48461497792e-05 -1.23854130252e-17 -5.71428571429e-05 1.48461497792e-05 -9.15854374219e-18 -0.000221428570791 2.59807612443e-05 -7.94666401865e-17 -5e-05 2.59807621135e-05 -8.98965739682e-18 -0.000235714285393 2.59807616757e-05 -8.72620594663e-17 -0.0001 1.48461497792e-05 -2.07525057311e-17 -0.000128571428571 1.48461497791e-05 -3.1207078102e-17 -0.000157142857142 1.4846149778e-05 -4.33358996474e-17 -0.000185714285703 1.4846149764e-05 -5.67952565519e-17 -0.000242078569128 1.48731940587e-05 -8.60145017278e-17 -0.000228571428412 2.96922993405e-05 -8.4820270519e-17 -0.000242857142857 2.96922995583e-05 -9.28430960601e-17 -5.71428571429e-05 2.96922995583e-05 -1.0503208546e-17 -4.28571428571e-05 2.96922995583e-05 -7.81518863165e-18 -4.28571428571e-05 2.22692246687e-05 -7.50376003458e-18 -6.42857142857e-05 1.11346123344e-05 -9.98826329757e-18 -5e-05 1.11346123344e-05 -7.18724686951e-18 -0.000214285714153 2.96922993771e-05 -7.69694604005e-17 -4.28571428571e-05 1.48461497792e-05 -6.58718632117e-18 -7.85714285714e-05 1.11346123344e-05 -1.35247374826e-17 -7.14285714286e-05 2.96922995583e-05 -1.42763796752e-17 -0.000207142855629 1.1134610271e-05 -6.62690454505e-17 -0.000242674019572 2.23009419423e-05 -8.95271878861e-17 -0.000235714285714 3.34038370031e-05 -9.03851917356e-17 -6.42857142857e-05 3.34038370031e-05 -1.23804474996e-17 -7.14285714286e-05 7.42307488958e-06 -1.07559684714e-17 -3.61286621564e-05 1.12063844395e-05 -5.06996864535e-18 -2.9127117481e-05 1.48877613932e-05 -4.81356046482e-18 -0.00024972953758 3.33552808079e-05 -9.83631206472e-17 -7.85714285714e-05 3.34038370031e-05 -1.62629796477e-17 -0.000259165430905 2.99315486216e-05 -1.0212633143e-16 -0.000257394548366 7.05659156205e-06 -9.0844283593e-17 -4.29262055975e-05 7.4350369071e-06 -5.26294986515e-18 -2.6420664455e-05 7.78979512604e-06 -3.20230083504e-18 -8.57142857143e-05 7.42307488958e-06 -1.47246788158e-17 -0.000249976844432 2.60635933421e-05 -9.52069803396e-17 -0.000257808509197 2.20822523874e-05 -9.77055397072e-17 -0.000207142856661 2.59807614571e-05 -7.1792500906e-17 -0.000199999999888 2.96922994054e-05 -6.92918944727e-17 -0.000185714285714 2.96922995583e-05 -6.17731599312e-17 -0.000193209948049 3.33427293226e-05 -6.69156089677e-17 -0.000178983034648 3.31924358613e-05 -5.94706337817e-17 -0.000207201657967 3.32524694336e-05 -7.44721652728e-17 -0.000200774211424 3.65195264128e-05 -7.20903342395e-17 -0.000221431122472 3.33240473924e-05 -8.2365483791e-17 -0.00015 2.59807621132e-05 -4.32165341282e-17 -0.000142857142857 2.96922995583e-05 -4.08202117941e-17 -0.000128571428571 2.96922995583e-05 -3.44819436591e-17 -0.000135714285714 3.34038370031e-05 -3.8273708286e-17 -0.00015 3.34038370031e-05 -4.49754664248e-17 -0.000121428571429 3.34038370031e-05 -3.2010846631e-17 -0.000114285714286 2.96922995583e-05 -2.86085762668e-17 -0.000107142857143 3.34038370031e-05 -2.61717369144e-17 -0.0001 2.96922995583e-05 -2.31309610121e-17 -3.5970702749e-05 2.59363493803e-05 -6.72946055579e-18 -2.6643641389e-05 2.19705630672e-05 -5.30204694922e-18 -2.95661313637e-05 2.9754044708e-05 -5.79243919483e-18 -3.57142857143e-05 3.34038370031e-05 -6.49081347481e-18 -2.22807732868e-05 3.30629485132e-05 -4.86768658963e-18 -0.000135714285714 3.71153744479e-06 -3.06803978567e-17 -0.000142857142857 7.42307488958e-06 -3.47957536696e-17 -0.000157142857143 7.42307488958e-06 -4.09266817163e-17 -0.00015 1.11346123342e-05 -3.90146756516e-17 -0.000135714285714 1.11346123343e-05 -3.30223733949e-17 -3.57142857143e-05 1.8557687224e-05 -6.08169656129e-18 -0.000192857142857 3.71153744478e-06 -5.63541505077e-17 -0.000185714285714 7.42307488957e-06 -5.41966090367e-17 -0.000199999999748 7.42307454569e-06 -6.13296469551e-17 -0.000192857142561 1.11346119306e-05 -5.90236325425e-17 -0.00017857142852 1.11346122645e-05 -5.20698284201e-17 -0.000235684972146 3.92713535553e-05 -9.29207848632e-17 -0.000164285714286 3.71153744479e-06 -4.28786451012e-17 -0.00017142857142 7.42307487794e-06 -4.74175254227e-17 -0.000164307143174 3.93189673498e-05 -5.34714523167e-17 -3.57171367634e-05 3.92361275423e-05 -5.91641170169e-18 -6.42857142857e-05 3.91456054124e-05 -1.22754656699e-17 -0.000273636776559 1.50404818366e-05 -1.03143134895e-16 -0.000261267751591 1.71407373427e-05 -9.73892207556e-17 -0.000271717432005 2.36410458473e-05 -1.06011031779e-16 -0.000273396639346 3.21272112105e-05 -1.11180697624e-16 -6.42857142857e-05 3.71153744479e-06 -8.23785240818e-18 -0.000135714285714 3.91456054123e-05 -3.91911955147e-17 -0.000107142857143 2.59807621135e-05 -2.52822394096e-17 -1.46386673145e-05 1.49343680867e-05 -3.75389487246e-18 -0.000107142857143 3.71153744479e-06 -2.02411359686e-17 -0.000114285714286 7.42307488958e-06 -2.39032423277e-17 -8.57142857143e-05 1.48461497792e-05 -1.6260067972e-17 -3.53774244594e-05 3.76089875469e-06 -3.24240554486e-18 -0.000107142857143 3.91456054124e-05 -2.66072420461e-17 -9.28571428571e-05 3.91456054124e-05 -2.12736339108e-17 -5.71543675996e-05 7.42506855917e-06 -7.72858924051e-18 -1.21802561431e-05 2.37234982234e-05 -4.40930774842e-18 -7.85714285714e-05 3.71153744479e-06 -1.16727011331e-17 -0.000114285714286 1.48461497791e-05 -2.57311668717e-17 -0.000107142857143 1.11346123344e-05 -2.23386650449e-17 -7.85714285714e-05 2.59807621135e-05 -1.58404690257e-17 -9.28571428571e-05 1.11346123344e-05 -1.76441992171e-17 -0.000178571428566 2.59807621061e-05 -5.69954248726e-17 -5e-05 1.8557687224e-05 -8.27863532867e-18 -0.000142857142857 1.48461497787e-05 -3.70664264696e-17 -9.28571428571e-05 3.34038370031e-05 -2.10993905697e-17 -0.000251031541355 1.11398739806e-05 -8.91592641523e-17 -0.000121428571429 2.59807621135e-05 -3.09328985712e-17 -0.000157142857143 2.96922995579e-05 -4.75850560895e-17 -0.00017149717244 2.9657066033e-05 -5.45598652787e-17 -0.000214285667283 7.42301081986e-06 -6.85147480979e-17 -0.000221428516887 3.71146309798e-06 -7.07408036229e-17 -0.000199999998175 1.4846147291e-05 -6.40136679558e-17 -0.000171428571414 1.48461497598e-05 -4.98821408407e-17 -0.000128571428571 7.42307488957e-06 -2.8996362381e-17 -0.000164285714273 1.11346123173e-05 -4.54223915124e-17 -5e-05 3.34038370031e-05 -9.00311319637e-18 -0.000164314881383 3.32867365933e-05 -5.19690712041e-17 -8.57142857143e-05 2.96922995583e-05 -1.83221696821e-17 -0.0001 7.42307488958e-06 -1.88656471968e-17 -0.000235370868799 1.85991833754e-05 -8.40304460795e-17 -0.000121428571429 1.11346123344e-05 -2.7405946223e-17 -0.000263441912837 3.88348138295e-05 -1.08821938286e-16 -1.18920792352e-05 6.39153444606e-06 -1.91711480301e-18 -0.000272267922459 6.77941516967e-06 -9.87166078048e-17 -1.27238083309e-05 3.62887827237e-05 -3.56288527395e-18 -0.000262846223833 1.31525849671e-05 -9.64861346963e-17 -0.000248847068438 1.85206958943e-05 -9.12423890782e-17 -0.000262579016715 3.42857142857e-05 -1.06129109759e-16 -2.22403440975e-05 2.66129224039e-05 -5.04724645518e-18 -0.000262355703901 2.6057973905e-05 -1.02044300831e-16 -9.9360499481e-06 3.21428571429e-05 -3.93865148557e-18 -0.00018601272345 3.64708584892e-05 -6.40930106391e-17 -0.000207287198729 3.9621494604e-05 -7.6845733568e-17 -2.37944425175e-05 1.79888487463e-05 -4.70474064767e-18 -0.000242700071655 3.62911046881e-05 -9.56268433715e-17 -0.000157142857143 3.62747212077e-05 -4.91134658364e-17 -0.000171597345348 3.63411258029e-05 -5.65506779886e-17 -0.000142857142857 3.62747212077e-05 -4.21322615313e-17 -0.000228556095965 3.62987992202e-05 -8.75399916084e-17 -0.000128571428571 3.62747212077e-05 -3.54414314363e-17 -8.57142857143e-05 3.62747212077e-05 -1.8740569469e-17 -7.14285714286e-05 3.62747212077e-05 -1.43341076029e-17 -0.000114285714286 3.62747212077e-05 -2.9354686235e-17 -5.71428571429e-05 3.62747212077e-05 -1.06929439261e-17 -0.0001 3.62747212077e-05 -2.3678645843e-17 -4.28571428571e-05 3.62747212077e-05 -7.47834801219e-18 -2.84645723204e-05 3.63028691349e-05 -5.18828856017e-18 -0.000214285714286 3.62682770455e-05 -7.95861756219e-17 -0.000193101975269 3.96382000894e-05 -6.89349097649e-17 -2.38238683527e-05 1.18321826765e-05 -3.7786139777e-18 -0.000275256417035 3.97197822533e-05 -1.1617734498e-16 -1.04578686796e-05 3.13736060387e-06 -1.01988234119e-18 -0.000275256417035 3.13736060385e-06 -9.87566102592e-17 -1.03851323508e-05 3.97416031519e-05 -2.64210752072e-18 -0.000253570533549 1.48186285284e-05 -9.21633246174e-17 -0.000253575216421 3.64425919488e-05 -1.02009871904e-16 -1.86988649451e-05 3.01311998214e-05 -4.83530600544e-18 -0.00026354978366 9.81861138035e-06 -9.53887604475e-17 -0.000178823432293 3.95030353162e-05 8.57142857137e-06 -7.88234322935e-05 3.95030353162e-05 8.57142857141e-06 -0.00012152040952 3.92341756369e-05 8.5714285714e-06 -0.00015 3.71153744479e-06 8.57142857139e-06 -0.000207142857143 3.71153744479e-06 8.57142857137e-06 -9.28571428571e-05 3.71153744479e-06 8.57142857141e-06 -0.000272341932133 2.30205137135e-05 8.57142857132e-06 -1.28485006885e-05 1.95938639605e-05 8.57142857142e-06 -0.00022152040952 3.92341756369e-05 8.57142857134e-06 -5e-05 3.71153744479e-06 8.57142857142e-06 -0.000235714285714 3.71153744478e-06 8.57142857135e-06 -0.00015 3.91456054124e-05 8.57142857138e-06 -0.000121428571429 3.71153744479e-06 8.5714285714e-06 -0.000178571428571 3.71153744479e-06 8.57142857138e-06 -0.00027302081399 1.49605628613e-05 8.57142857133e-06 -5e-05 3.91456054124e-05 8.57142857142e-06 -1.0622321144e-05 2.79194194553e-05 8.57142857142e-06 -0.000273342494232 3.21428571428e-05 8.57142857132e-06 -1.28042303565e-05 1.0342604337e-05 8.57142857143e-06 -0.000249425543319 3.9446046133e-05 8.57142857133e-06 -2.14942869701e-05 3.95507978191e-05 8.57142857142e-06 -0.000263733212363 3.61584130463e-06 8.57142857134e-06 -2.14891052754e-05 3.62902305024e-06 8.57142857143e-06 -0.000249907916346 3.69558808809e-06 8.57142857134e-06 -0.000242841795582 7.42041666346e-06 8.57142857135e-06 -0.000228568870692 7.42263185189e-06 8.57142857135e-06 -0.000235711301522 1.11340954571e-05 8.57142857135e-06 -0.00022142764775 1.11344523485e-05 8.57142857136e-06 -0.00022857077726 1.48460369686e-05 8.57142857135e-06 -0.000214285451787 1.48461043131e-05 8.57142857136e-06 -0.000221428419127 1.85576608445e-05 8.57142857135e-06 -0.000207142788009 1.85576752497e-05 8.57142857136e-06 -0.00021428567738 2.22692182765e-05 8.57142857135e-06 -0.000199999982327 2.22692216077e-05 8.57142857136e-06 -0.000192857128389 1.85576847181e-05 8.57142857137e-06 -0.000185714280357 2.22692237409e-05 8.57142857137e-06 -0.000178571425267 1.85576866517e-05 8.57142857137e-06 -0.000171428569985 2.22692244187e-05 8.57142857138e-06 -0.000164285713494 1.85576870869e-05 8.57142857138e-06 -0.00015714285677 2.22692246042e-05 8.57142857138e-06 -0.000149999999806 1.85576871904e-05 8.57142857139e-06 -0.000142857142763 2.22692246524e-05 8.57142857139e-06 -0.000135714285666 1.85576872156e-05 8.57142857139e-06 -0.000128571428548 2.22692246646e-05 8.5714285714e-06 -0.000121428571417 1.85576872219e-05 8.5714285714e-06 -0.00011428571428 2.22692246677e-05 8.5714285714e-06 -0.00010714285714 1.85576872234e-05 8.5714285714e-06 -9.99999999985e-05 2.22692246685e-05 8.57142857141e-06 -9.28571428564e-05 1.85576872238e-05 8.57142857141e-06 -8.57142857139e-05 2.22692246687e-05 8.57142857141e-06 -7.85714285712e-05 1.85576872239e-05 8.57142857141e-06 -7.14285714285e-05 2.22692246687e-05 8.57142857142e-06 -6.42857142857e-05 1.85576872239e-05 8.57142857142e-06 -5.71428571428e-05 2.22692246687e-05 8.57142857142e-06 -0.000107142857142 2.59807621133e-05 8.5714285714e-06 -6.42857142857e-05 2.59807621135e-05 8.57142857142e-06 -0.000135714285695 2.59807621101e-05 8.57142857139e-06 -0.000207142848046 2.5980760538e-05 8.57142857136e-06 -0.000221428563762 2.59807607856e-05 8.57142857135e-06 -0.000164285713983 2.59807620611e-05 8.57142857138e-06 -7.14285714285e-05 1.48461497792e-05 8.57142857142e-06 -5.71428571429e-05 1.48461497792e-05 8.57142857142e-06 -0.000235778615755 1.8578526594e-05 8.57142857134e-06 -5e-05 2.59807621135e-05 8.57142857142e-06 -0.000185714282752 1.48461492661e-05 8.57142857137e-06 -0.000157142856979 1.48461497507e-05 8.57142857139e-06 -0.000128571428561 1.48461497774e-05 8.5714285714e-06 -9.99999999994e-05 1.48461497791e-05 8.57142857141e-06 -5.71428571428e-05 2.96922995583e-05 8.57142857142e-06 -7.14285714286e-05 2.96922995583e-05 8.57142857141e-06 -4.28571428571e-05 2.96922995583e-05 8.57142857142e-06 -0.000214285713558 2.96922994324e-05 8.57142857135e-06 -0.000228571427172 2.9692299316e-05 8.57142857134e-06 -0.000199999998363 2.96922992747e-05 8.57142857136e-06 -4.28571428571e-05 2.22692246687e-05 8.57142857142e-06 -0.000235705662115 2.59822552414e-05 8.57142857134e-06 -0.000242855705357 2.96925483726e-05 8.57142857134e-06 -0.000207142659447 1.11345780924e-05 8.57142857136e-06 -6.42857142857e-05 1.11346123344e-05 8.57142857142e-06 -7.85714285714e-05 1.11346123344e-05 8.57142857142e-06 -5e-05 1.11346123344e-05 8.57142857142e-06 -4.28571428571e-05 1.48461497792e-05 8.57142857142e-06 -0.000249996944755 1.11340831505e-05 8.57142857134e-06 -0.000207142856749 3.32626540345e-05 8.57142857135e-06 -6.42857142857e-05 3.34038370031e-05 8.57142857142e-06 -0.000235714285714 3.34038370031e-05 8.57142857134e-06 -0.000249814819253 2.59784026599e-05 8.57142857133e-06 -7.14285714286e-05 7.42307488958e-06 8.57142857142e-06 -0.000193209947729 3.3319198806e-05 8.57142857136e-06 -0.000185773086253 2.96781931449e-05 8.57142857137e-06 -3.61286621564e-05 1.12063844395e-05 8.57142857142e-06 -2.9127117481e-05 1.48877613932e-05 8.57142857142e-06 -7.89242337823e-05 3.32026204747e-05 8.57142857141e-06 -8.57730865828e-05 2.96587634703e-05 8.57142857141e-06 -9.32785490812e-05 3.3303603912e-05 8.57142857141e-06 -0.000178992834684 3.31861630396e-05 8.57142857137e-06 -0.000249729450268 3.33552959205e-05 8.57142857133e-06 -0.000200764411168 3.65173020935e-05 8.57142857136e-06 -0.000259182951581 2.98817702176e-05 8.57142857133e-06 -0.000257032359127 7.40393607176e-06 8.57142857134e-06 -0.000264127703024 1.10803487444e-05 8.57142857133e-06 -0.000257548722893 1.48879667934e-05 8.57142857133e-06 -0.000264660412684 1.87990436755e-05 8.57142857133e-06 -0.000250438516389 1.86739022971e-05 8.57142857134e-06 -0.000257762599567 2.23646974964e-05 8.57142857133e-06 -0.000272531847811 6.97270218515e-06 8.57142857133e-06 -0.000100080034515 2.96700046951e-05 8.57142857141e-06 -0.000107226430599 3.3242232777e-05 8.5714285714e-06 -0.000100789773702 3.65112994016e-05 8.5714285714e-06 -0.000114312982281 2.96616497101e-05 8.5714285714e-06 -0.000121433380252 3.33222735609e-05 8.5714285714e-06 -0.000128576774705 2.96735973427e-05 8.57142857139e-06 -0.000135714726284 3.33265440289e-05 8.57142857139e-06 -0.000142858107304 2.96763003594e-05 8.57142857139e-06 -0.00015 3.34038370031e-05 8.57142857138e-06 -0.000157143017834 2.96896330164e-05 8.57142857138e-06 -0.000164321561803 3.32421323275e-05 8.57142857138e-06 -0.000121434007108 2.59725367681e-05 8.5714285714e-06 -0.000221428571319 3.33244892496e-05 8.57142857135e-06 -0.000150000187391 2.5977651134e-05 8.57142857139e-06 -0.000135714285714 3.71153744479e-06 8.5714285714e-06 -0.000142857142857 7.42307488958e-06 8.57142857139e-06 -0.000157142857143 7.42307488958e-06 8.57142857139e-06 -7.85812287161e-05 2.59751727655e-05 8.57142857141e-06 -5e-05 3.34038370031e-05 8.57142857142e-06 -3.57142857143e-05 3.34038370031e-05 8.57142857142e-06 -2.95233951912e-05 2.97614468302e-05 8.57142857142e-06 -2.22736505914e-05 3.30641822002e-05 8.57142857142e-06 -3.61981373935e-05 1.84968582809e-05 8.57142857142e-06 -0.000192857142857 3.71153744479e-06 8.57142857137e-06 -0.000185714285714 7.42307488958e-06 8.57142857137e-06 -0.000171428571429 7.42307488958e-06 8.57142857138e-06 -0.000235684972146 3.92713535553e-05 8.57142857134e-06 -0.000164285714286 3.71153744479e-06 8.57142857139e-06 -0.000164307143174 3.93189673498e-05 8.57142857137e-06 -9.28819154447e-05 2.59705253969e-05 8.57142857141e-06 -0.000273342494232 2.78571428571e-05 8.57142857132e-06 -3.57171367634e-05 3.92361275423e-05 8.57142857142e-06 -6.43071431736e-05 3.93189673498e-05 8.57142857142e-06 -0.000135714285714 3.91456054124e-05 8.57142857139e-06 -1.46386673145e-05 1.49343680867e-05 8.57142857143e-06 -0.000107142857143 3.71153744479e-06 8.57142857141e-06 -0.000114285714286 7.42307488958e-06 8.57142857141e-06 -3.57243746888e-05 3.6977850457e-06 8.57142857143e-06 -3.61293638523e-05 2.59478739256e-05 8.57142857142e-06 -2.67354289294e-05 2.19635195818e-05 8.57142857142e-06 -1.21955540665e-05 2.37223243091e-05 8.57142857142e-06 -0.000128571428571 7.42307488958e-06 8.5714285714e-06 -5.00806419465e-05 1.85475490668e-05 8.57142857142e-06 -0.000114285714284 1.48461497788e-05 8.5714285714e-06 -0.000273864322798 3.64031472129e-05 8.57142857131e-06 -0.00017142857099 1.48461497032e-05 8.57142857138e-06 -0.000228571749748 2.22718827245e-05 8.57142857135e-06 -8.57142857141e-05 1.48461497791e-05 8.57142857141e-06 -0.000178581227477 2.59784108396e-05 8.57142857137e-06 -0.000142857142832 1.48461497748e-05 8.57142857139e-06 -9.2857142857e-05 1.11346123343e-05 8.57142857141e-06 -0.000243007479762 1.48757685434e-05 8.57142857134e-06 -0.000221428145115 3.71146360517e-06 8.57142857136e-06 -0.000192868570471 2.5978018191e-05 8.57142857136e-06 -0.000199999908874 1.48461339956e-05 8.57142857136e-06 -0.000171428571429 2.96922995583e-05 8.57142857137e-06 -0.000214285030024 7.42295637206e-06 8.57142857136e-06 -0.000199999853007 7.42304942966e-06 8.57142857137e-06 -0.000178571428005 1.11346122362e-05 8.57142857138e-06 -0.000192857069633 1.11345996516e-05 8.57142857137e-06 -0.000164285714215 1.11346123221e-05 8.57142857138e-06 -0.000149999999957 1.11346123268e-05 8.57142857139e-06 -0.000135714285705 1.11346123327e-05 8.5714285714e-06 -0.000121428571428 1.11346123342e-05 8.5714285714e-06 -0.000107142857142 1.11346123343e-05 8.57142857141e-06 -9.99999999999e-05 7.42307488956e-06 8.57142857141e-06 -6.42857142857e-05 3.71153744479e-06 8.57142857142e-06 -8.57142857143e-05 7.42307488958e-06 8.57142857141e-06 -7.85714285714e-05 3.71153744479e-06 8.57142857142e-06 -5.71428571429e-05 7.42307488958e-06 8.57142857142e-06 -2.64122396313e-05 7.78612163795e-06 8.57142857143e-06 -4.25680222699e-05 7.49325263198e-06 8.57142857142e-06 -0.000242805410326 2.2278185006e-05 8.57142857134e-06 -0.000263441912837 3.88348138296e-05 8.57142857132e-06 -1.189107628e-05 6.39109712605e-06 8.57142857143e-06 -1.27230815252e-05 3.62889086101e-05 8.57142857142e-06 -0.000262579016715 3.42857142857e-05 8.57142857132e-06 -2.22775124966e-05 2.66147072818e-05 8.57142857142e-06 -0.0002625515169 2.58400604399e-05 8.57142857133e-06 -9.9360499481e-06 3.21428571429e-05 8.57142857142e-06 -0.000107289792442 3.96201234355e-05 8.5714285714e-06 -0.000207285565353 3.96211238842e-05 8.57142857135e-06 -8.60169505241e-05 3.64646638545e-05 8.57142857141e-06 -0.00018601272336 3.64655205463e-05 8.57142857136e-06 -2.39095703614e-05 1.79752742606e-05 8.57142857142e-06 -2.84632640702e-05 3.63030957304e-05 8.57142857142e-06 -4.28481876316e-05 3.62848314673e-05 8.57142857142e-06 -5.71428571429e-05 3.62747212077e-05 8.57142857142e-06 -7.15833885337e-05 3.63613075343e-05 8.57142857141e-06 -0.000128587609819 3.62619328154e-05 8.57142857139e-06 -0.000276199754236 1.08386795211e-05 8.57142857133e-06 -0.000142857142857 3.62747212077e-05 8.57142857139e-06 -0.000171600092076 3.63317566312e-05 8.57142857137e-06 -0.000157180989985 3.62861699886e-05 8.57142857138e-06 -0.000228581849307 3.6296142283e-05 8.57142857134e-06 -0.000242637870811 3.62989600838e-05 8.57142857133e-06 -9.31057057792e-05 3.96355679537e-05 8.57142857141e-06 -0.000193100069648 3.96368779257e-05 8.57142857136e-06 -0.000114285714286 3.62682770455e-05 8.5714285714e-06 -0.000214285714286 3.62682770455e-05 8.57142857135e-06 -2.38221833879e-05 1.18314479789e-05 8.57142857142e-06 -0.000276391962353 1.92857142857e-05 8.57142857132e-06 -0.000275256417035 3.97197822533e-05 8.57142857131e-06 -1.04578686796e-05 3.13736060387e-06 8.57142857143e-06 -0.000275256417035 3.13736060386e-06 8.57142857133e-06 -1.03851323508e-05 3.97416031519e-05 8.57142857143e-06 -0.00025356275879 3.64441660505e-05 8.57142857133e-06 -1.86975699993e-05 3.01322631569e-05 8.57142857142e-06 -1.65858113599e-05 3.20263175738e-05 4.28545052908e-06 -0.000247961598633 3.75042821377e-05 4.28478598063e-06 -0.00017142857142 2.47435829552e-05 4.28571435433e-06 -6.42857142856e-05 2.10320455205e-05 4.28571428569e-06 -7.14285714286e-05 1.23717914826e-05 4.2857142857e-06 -4.28571428571e-05 3.21666578548e-05 4.28571428571e-06 -0.000128571428571 4.94871659305e-06 4.28571428569e-06 -0.000157142857143 4.94871659305e-06 4.28571428567e-06 -0.000185714285714 4.94871659305e-06 4.28571428566e-06 -7.14285714286e-05 4.94871659305e-06 4.2857142857e-06 -0.0001 4.94871659305e-06 4.2857142857e-06 -8.57142857142e-05 9.89743318608e-06 4.28571428569e-06 -8.57142857142e-05 1.97948663722e-05 4.28571428568e-06 -0.0001 1.23717914826e-05 4.28571428566e-06 -0.000114285714285 9.89743318604e-06 4.28571428565e-06 -9.99999999986e-05 1.73205080755e-05 4.2857142856e-06 -0.000114285714286 1.97948663722e-05 4.28571428539e-06 -0.000128571428571 1.23717914826e-05 4.28571428521e-06 -0.000142857142834 9.89743318007e-06 4.28571428568e-06 -0.000128571428552 1.73205080723e-05 4.28571428378e-06 -0.000157142857112 1.23717914665e-05 4.28571428671e-06 -0.000142857142823 1.97948663779e-05 4.285714281e-06 -0.000171428571133 9.8974331064e-06 4.28571428231e-06 -0.000157142856765 1.73205080073e-05 4.28571426412e-06 -0.000171428570777 1.97948664742e-05 4.285714217e-06 -0.000185714285862 1.23717914148e-05 4.28571414194e-06 -0.000185714279018 1.73205070176e-05 4.28571384541e-06 -0.000221428571247 2.84551197617e-05 4.28571418916e-06 -0.000199999967253 1.9794871746e-05 4.2857135178e-06 -0.000199999870428 9.89739299934e-06 4.28572153586e-06 -0.000128571428571 2.47435829652e-05 4.28571428372e-06 -0.000214285572182 4.94866219785e-06 4.28571428565e-06 -0.0002142853432 1.23718035481e-05 4.28572335586e-06 -0.00021428569509 1.73204964975e-05 4.28568652285e-06 -0.000200003064257 2.72184717692e-05 4.28571377252e-06 -7.14285714286e-05 2.72179412618e-05 4.2857142857e-06 -0.000221427129684 2.35066518466e-05 4.28557083891e-06 -5e-05 1.36089706309e-05 4.28571428571e-06 -0.000157142857144 2.72168747563e-05 4.28540641476e-06 -0.000235704278833 6.18408346821e-06 4.28571428564e-06 -8.57204487839e-05 2.47425154903e-05 4.28509797871e-06 -0.000114285714286 2.72057020204e-05 4.28218112103e-06 -0.000128577903611 3.21655363451e-05 4.27492940161e-06 -9.28571428571e-05 3.08637953061e-05 4.28597150656e-06 -0.00020012399833 3.21287942136e-05 4.28270380578e-06 -7.14285714286e-05 3.21666578549e-05 4.2857142857e-06 -0.000157049351503 3.21560889819e-05 4.28571428567e-06 -0.000178575039097 3.07892196644e-05 4.28625586452e-06 -3.04037675431e-05 1.70485427608e-05 4.27631583505e-06 -0.000235653633911 2.10482279909e-05 4.27251807214e-06 -0.000221437673341 3.55779529298e-05 4.28559831782e-06 -0.000114285714286 3.85098884831e-05 4.28739714917e-06 -0.000135714285714 3.6910438137e-05 4.28571428568e-06 -5.53571428571e-05 2.75272360489e-05 4.28571428571e-06 -5.71428571429e-05 3.85098884831e-05 4.2857142857e-06 -0.000256890228698 4.74267659738e-06 4.29195846956e-06 -0.000235296427327 1.61391931654e-05 4.28576224367e-06 -0.00024830611975 1.33081986304e-05 4.29787182339e-06 -0.000193363104384 3.72878939458e-05 4.28535709119e-06 -7.85714285714e-05 3.6910438137e-05 4.26824432685e-06 -0.000164364971759 3.70368461455e-05 4.28668850321e-06 -0.000112641343197 3.19653287238e-05 4.2553279595e-06 -0.000270140163758 9.26651339956e-06 4.37686545971e-06 -0.000187302892595 2.43318675938e-05 4.28571457855e-06 -0.000250214242327 2.34069578451e-05 4.278369061e-06 -5.53577427704e-05 5.25957000057e-06 4.28499438976e-06 -0.000101582937802 2.43251856496e-05 4.28571428578e-06 -0.000235713709397 3.09295784273e-05 4.28565696692e-06 -0.000141274317891 2.76258576649e-05 4.28188808614e-06 -3.04187629395e-05 1.23044940603e-05 4.28587149387e-06 -0.00026578573444 3.65128856156e-05 4.28571428561e-06 -9.38953103863e-05 3.56269157241e-05 4.36075764371e-06 -4.36222899011e-05 1.99111326873e-05 4.29275552278e-06 -7.28571428571e-05 1.7073072246e-05 4.14285714285e-06 -2.05853365444e-05 3.70784699965e-05 4.28571428571e-06 -3.64867063112e-05 3.71524655059e-05 4.28571428571e-06 -0.000228569268431 1.03915193018e-05 4.42866288198e-06 -0.000257852900088 2.76348084621e-05 4.3380317864e-06 -0.000256764379155 3.2480199743e-05 4.28572227791e-06 -3.43290687284e-05 2.80808306861e-05 4.28930929806e-06 -0.000179027882307 3.54601370665e-05 4.48436318288e-06 -2.0198979167e-05 6.10744453257e-06 4.28571428571e-06 -0.000248725250833 8.67599639125e-06 4.47126531839e-06 -5.86544113318e-05 9.77935467785e-06 4.47836108478e-06 -5.71428571429e-05 3.38904819711e-05 4.06905373021e-06 -1.65398763e-05 2.73530411342e-05 4.28571428571e-06 -0.000268644356993 1.38893005374e-05 4.24505628057e-06 -0.000208471339001 3.8015423498e-05 4.28566515257e-06 -1.79176308679e-05 2.17373714643e-05 4.2845219973e-06 -3.2772921314e-05 2.33609008212e-05 4.14748478775e-06 -0.000233310727005 3.82622870188e-05 4.28571428562e-06 -0.000271838447382 4.16275149967e-06 4.28845014354e-06 -0.000256519988842 1.90155062167e-05 4.16331986622e-06 -3.53808483252e-05 7.71106369395e-06 4.25633328118e-06 -0.000239684105703 2.65992620781e-05 4.28596647796e-06 -0.00015357322459 2.2886880982e-05 4.28571427636e-06 -1.44486026508e-05 1.70652895876e-05 4.28571428571e-06 -0.00026580472252 2.28167780002e-05 4.28932153751e-06 -0.00027075517186 3.03291108549e-05 4.28752439809e-06 -0.00014998759047 3.8035159992e-05 4.28571428567e-06 -1.47083529931e-05 1.23525676521e-05 4.34612318616e-06 -0.000142818961805 3.30943198965e-05 3.83066886121e-06 -5.85506241331e-05 1.70766756804e-05 4.85922330097e-06 -0.000170238095137 1.54647394274e-05 4.28571428444e-06 -0.000141666666662 1.54647393575e-05 4.28571428565e-06 -0.000113095238094 1.54647393533e-05 4.28571428569e-06 -8.69047619047e-05 1.4227560205e-05 4.2857142857e-06 -0.000114285714286 4.94871659305e-06 3.57142857141e-06 -0.000171428571429 4.94871659305e-06 4.99999999995e-06 -8.57142857143e-05 4.94871659305e-06 3.57142857141e-06 -0.000142857142857 4.94871659305e-06 4.99999999997e-06 -0.000201190427335 1.54647426161e-05 4.28571636144e-06 -0.000199999942034 5.56728658707e-06 3.92854288305e-06 -0.000207141948611 2.35064036346e-05 5.00000325386e-06 -4.67930477997e-05 2.40936137377e-05 4.80646614891e-06 -0.000271196151848 1.82906905704e-05 4.49687999176e-06</DataArray>
        <DataArray type="Float64" Name="DisplacementMagnitude" format="ascii">8.57142857143e-06 0 4.37058815451e-05 4.28571428571e-05 0.000285842828227 0.000285714285714 0.000289037812652 0.000288910691659 4.28571428571e-06 9.583148475e-06 1.21218305346e-05 1.54523626091e-05 1.916629695e-05 2.30792777449e-05 2.71052370872e-05 3.12004709541e-05 3.53409053624e-05 3.95123333884e-05 4.30708955191e-05 4.28571428571e-06 8.57142857143e-06 1.28571428571e-05 1.71428571429e-05 2.14285714286e-05 2.57142857143e-05 3e-05 3.42857142857e-05 3.85714285714e-05 0.000285746426764 0.000285874954825 0.000285971312961 0.000286131837745 0.000286356421266 0.000286644912954 0.000286997120088 0.000287412808429 0.000287891702994 0.000288433488955 0.000288942477151 0.000285746426764 0.000285842828227 0.000286003425126 0.000286228109403 0.000286516730288 0.000286869094799 0.000287284968387 0.000287764075703 0.000288306101502 1.42857142857e-05 2.85714285714e-05 4.28571428571e-05 5.71428571429e-05 7.14285714286e-05 8.57142857143e-05 0.0001 0.000114285714286 0.000128571428571 0.000142857142857 0.000157142857143 0.000171428571429 0.000185714285714 0.0002 0.000214285714286 0.000228571428571 0.000242857142857 0.000257142857143 0.000271428571429 1.66598625567e-05 2.98294471683e-05 4.37058815451e-05 5.77821383319e-05 7.19410189258e-05 8.61417910382e-05 0.000100366674687 0.000114606692115 0.0001288568261 0.000143114054701 0.000157376449759 0.000171642723381 0.000185911982686 0.000200183589207 0.000214457074341 0.000228732086396 0.000243008356285 0.000257285674625 0.00027156387605 4.51753951453e-05 5.15078753638e-05 6.06091526731e-05 7.14285714286e-05 8.32993127835e-05 9.583148475e-05 0.000108796758655 0.000122057196362 0.000135526185436 0.000149147235842 0.000162882203586 0.000176704526812 0.000190595200916 0.000204540300904 0.000218529407725 0.000232554579944 0.000246609664309 0.000260689822727 0.000274791200881 4.59813626841e-05 5.22161910928e-05 6.12122436732e-05 7.19410189258e-05 8.37391479414e-05 9.62140470885e-05 0.000109133881456 0.000122357789173 0.000135796967295 0.000149393330999 0.000163107576871 0.000176912292348 0.000190787840283 0.000204719818488 0.000218697442666 0.000232712487935 0.000246758578206 0.000260830698081 0.000274924850585 2.39274592528e-05 3.66171589085e-05 1.14686050952e-05 1.56228197328e-05 8.05885056165e-06 2.82028365433e-05 3.24836242999e-05 1.9753017073e-05 4.04056201731e-05 4.2220972334e-06 4.04481533679e-05 6.58149137398e-06 0.000286714450922 0.000288051157588 0.000285944368652 0.000286141093794 0.000285827916995 0.000287102861446 0.000287554931985 0.000286396289684 0.000288557216515 0.000285745479695 0.000288563175357 0.000285790078712 0.000178569449262 0.000250033463729 0.000150067116081 0.000207144214611 7.86821316151e-05 0.000121498797994 3.59942780862e-05 0.000235751944576 5.01741534654e-05 2.17476247823e-05 9.29493253485e-05 0.000264330394237 6.44494431134e-05 0.000221462686559 0.000164333514344 0.000135782183534 0.000107226115423 0.000192888732604 1.08473935902e-05 0.000276340008744 0.000277498184922 8.64548725583e-06 0.000183640362948 0.000253679852725 0.000156066889579 0.000211531227815 8.96279840747e-05 0.00012888144942 5.59671577697e-05 0.00023961576339 6.6016846036e-05 4.80592746257e-05 0.000102358605869 0.000267782172691 0.000115482493067 0.00022557139941 0.000169830028648 0.000142443245101 0.000197592504563 7.73893905743e-05 4.42086037054e-05 0.000279643585885 0.000280788136019 4.37204659601e-05 0.000183134676499 8.77829585447e-05 0.000127582429755 0.000150045911341 0.000207176105706 9.29312890785e-05 0.000224968025221 2.3430823179e-05 0.000274022002635 5.01375658584e-05 0.000235743504683 0.000155023799538 0.000121485280875 0.000178609995835 6.35010111975e-05 2.98718544655e-05 0.000274758329375 0.000274239939111 0.000252525428849 1.64595801737e-05 4.50141086825e-05 0.000264250100825 2.17933809639e-05 0.000276273155461 0.000250017257862 0.000242968811025 0.00022869164002 0.000235976778561 0.000221708348595 0.000229053004796 0.000214799374418 0.000222204848668 0.000207972476593 0.00021543974761 0.000201235976485 0.000193747942659 0.000187044685198 0.000179533124659 0.000172868948819 0.000165330528554 0.000158712935574 0.000151143599781 0.00014458243888 0.000136977206505 0.000130485748694 0.000122838453728 0.000116435144424 0.000108738123912 0.000102449589396 9.46933827397e-05 8.85599070847e-05 8.07332468247e-05 7.48195107153e-05 6.691069284e-05 6.13288226676e-05 0.000229653685491 0.000194599274213 9.64232802781e-05 0.000166327375732 0.000138178751431 6.93372415173e-05 7.29551161989e-05 5.90399380565e-05 0.000222947554186 5.63471383479e-05 0.000237141781042 0.00010109603436 0.000129425733176 0.000157842597907 0.000186306747267 0.000242535039804 0.000230491931586 0.000244665535967 6.43967295405e-05 5.21379645454e-05 4.82975471554e-05 6.5242874347e-05 5.12247946979e-05 0.000216333076371 4.53557367611e-05 7.93564677868e-05 7.73542078325e-05 0.000207441900744 0.000243696556781 0.00023806940336 7.2446320733e-05 7.18132498718e-05 3.78267535141e-05 3.27113804669e-05 0.000251947249831 8.53773138151e-05 0.000260888133458 0.000257491260071 4.3565340591e-05 2.75450979005e-05 8.60351138567e-05 0.000251331919282 0.000258752494259 0.000208765809058 0.000202192068586 0.000188072934181 0.000196065860424 0.00018203478923 0.000209852933713 0.000204068517372 0.000223924617079 0.000152233373476 0.000145910232398 0.000131955465586 0.000139764744029 0.000153674384094 0.000125939327796 0.000118079876113 0.000112229266073 0.000104315064363 4.43462024917e-05 3.45338857929e-05 4.19459092201e-05 4.8901191505e-05 3.98696804934e-05 0.000135765028108 0.000143049869997 0.000157318084122 0.000150412697575 0.000136170286549 4.02479559628e-05 0.000192892853837 0.000185862578157 0.000200137707429 0.000193178303698 0.000178918234605 0.000238934395401 0.000164327634403 0.000171589210441 0.000168946199991 5.30583411265e-05 7.52664034236e-05 0.000274049815872 0.000261829415647 0.000272743949345 0.000275277823491 6.43927680056e-05 0.000141247108891 0.000110247865452 2.09123392019e-05 0.000107207123583 0.000114526531994 8.69904991294e-05 3.55767693984e-05 0.000114070023494 0.000100771163547 5.7634654322e-05 2.66676397093e-05 7.8659042061e-05 0.000115245965886 0.000107719874808 8.27554795029e-05 9.35223426323e-05 0.000180451531165 5.33328018681e-05 0.000143626499743 9.86826494685e-05 0.000251278593492 0.000124176881742 0.000159923451076 0.00017404258594 0.000214414197974 0.000221459619455 0.000200550261429 0.000172070227697 0.000128785536011 0.000164662611135 6.01316582719e-05 0.000167652578498 9.07114735222e-05 0.000100275131717 0.000236104585939 0.000121938007 0.000266288911156 1.35008614952e-05 0.000272352312401 3.84547922892e-05 0.000263175089768 0.000249535327452 0.000264807949698 3.46825683081e-05 0.000263646606983 3.36435484733e-05 0.000189554363717 0.000211039914688 2.98290826868e-05 0.000245398388464 0.000161275332738 0.000175403324812 0.000147390700738 0.000231420595081 0.000133590671993 9.30741326804e-05 8.0111773261e-05 0.000119904461504 6.76842782421e-05 0.000106376009507 5.61479304389e-05 4.61316614139e-05 0.000217333281544 0.000197128282494 2.66003242494e-05 0.000278107454451 1.09183354445e-05 0.000275274296204 4.10761000465e-05 0.00025400316383 0.000256180508413 3.54617646616e-05 0.00026373261762 0.000183335155178 8.8583817176e-05 0.000127984373482 0.000150290534958 0.000207353341336 9.33257407019e-05 0.000273447511303 2.49494060571e-05 0.000225131254515 5.08649672954e-05 0.000235899278057 0.000155260580351 0.000121787285285 0.000178815547422 0.000273564713917 6.40768898344e-05 3.10772758935e-05 0.000275359313999 1.85576713854e-05 0.00025267085626 4.58229131357e-05 0.00026389723568 2.34183868273e-05 0.000250082173318 0.00024310629291 0.000228849936642 0.000236129742164 0.000221873046143 0.000229212727436 0.000214970070123 0.000222369964161 0.000208148964261 0.000215610155142 0.000201418421574 0.000193937435841 0.000187240972125 0.000179737617219 0.000173081317164 0.000165552568075 0.000158944220361 0.000151386449471 0.000144836290317 0.000137245125511 0.000130766968282 0.000123137139398 0.000116750213034 0.000109075427934 0.000102807527715 9.50805244112e-05 8.89737406797e-05 8.11869849827e-05 7.53088877319e-05 6.74574695944e-05 6.19249051477e-05 0.000110580564405 6.98650302296e-05 0.000138444345241 0.000208941687565 0.000223112254635 0.000166548086762 7.3456915041e-05 5.96588943366e-05 0.000236664713647 5.69953453166e-05 0.000186503813242 0.000158075156333 0.000129709250993 0.000101458748025 6.49646685766e-05 7.78276484107e-05 5.28378343112e-05 0.000216502815383 0.000230651250476 0.000202373667677 4.90522420382e-05 0.000237288234281 0.000244814236598 0.000207618712017 6.58035108548e-05 7.98180328456e-05 5.19369712208e-05 4.61585554897e-05 0.0002503915126 0.000209971513885 7.29516194166e-05 0.000238223655845 0.000251308158863 7.23229717648e-05 0.000196249133243 0.000188323933987 3.87857276478e-05 3.38157330219e-05 8.60518336368e-05 9.11599364868e-05 9.94157288359e-05 0.000182244960625 0.000252092926289 0.000204238418354 0.000261040594486 0.000257281793556 0.000264498935765 0.00025812102899 0.000265465642735 0.000251279992251 0.000258872954975 0.000272755744274 0.000104736774224 0.000112587845023 0.000107541261173 0.000118409208971 0.000126213743873 0.00013223455963 0.000140009338456 0.000146159471172 0.000153913240867 0.000160152651399 0.000167869247996 0.000124475941998 0.000224086151219 0.000152474141951 0.000136035334545 0.000143306436331 0.000157551416939 8.32056998918e-05 6.07394905666e-05 4.96467110529e-05 4.27883625394e-05 4.07777518138e-05 4.15440525801e-05 0.000193083200846 0.000186060117561 0.000171803162167 0.000239088089819 0.000164551028001 0.000169163494523 9.68245206227e-05 0.000274891995061 5.37462273173e-05 7.58607885825e-05 0.00014150694385 2.26007813725e-05 0.000107549229354 0.00011484683678 3.69238940106e-05 4.53000273884e-05 3.5646160245e-05 2.80169519643e-05 0.000129070460112 5.40883690077e-05 0.000115564276662 0.000276406088602 0.000172283581633 0.000229814166079 8.741176309e-05 0.000180664335232 0.000143882037826 9.39143117909e-05 0.000243613203866 0.000221625061306 0.000194798902185 0.000200733257414 0.000174192012282 0.000214584817174 0.000200321022994 0.00017912343196 0.000193368296276 0.000164885550836 0.000150656725593 0.000136439790105 0.000122238892905 0.000108060357283 0.000100640803994 6.49607416767e-05 8.6461032865e-05 7.91246755805e-05 5.8256995726e-05 2.88392004095e-05 4.40642115864e-05 0.000243975929547 0.000266426825962 1.5991035155e-05 3.93983639174e-05 0.000264946635402 3.57505188003e-05 0.000263959233856 3.47182623648e-05 0.00011469229761 0.000211212235557 9.38192777378e-05 0.00018974703378 3.11166744265e-05 4.69205876871e-05 5.67981123426e-05 6.82248555066e-05 8.07452511751e-05 0.00013387744604 0.000276545205349 0.000147639723827 0.00017561337514 0.00016154262327 0.000231604277087 0.000245487719128 0.000101553533092 0.000197312413136 0.000120208493034 0.000217502240574 2.79454642187e-05 0.000277196545823 0.000278239511229 1.38809018667e-05 0.000275407711472 4.19608791946e-05 0.000256311761868 3.64831713889e-05 3.63199565259e-05 0.000250818430276 0.000173258094599 6.77743856256e-05 7.26186572979e-05 5.37568220635e-05 0.000128737987353 0.000157279161664 0.000185829634508 7.17279440608e-05 0.000100214056613 8.6390192187e-05 8.80746436673e-05 0.000100853500541 0.000114793514714 0.000101579364768 0.000116066483411 0.000129236375747 0.00014326370716 0.000129803619313 0.000157687368271 0.000144285714253 0.000171767521755 0.000158152599652 0.000172620853212 0.000186175252227 0.000186569452853 0.000223290558133 0.000201022862354 0.000200290473984 0.000131000856828 0.000214385547671 0.000214684972129 0.000215027267638 0.000201892145117 7.65586343256e-05 0.000222712600808 5.19958789576e-05 0.000159539965309 0.000235824335672 8.93227265436e-05 0.000117557270245 0.000132609102428 9.7945864599e-05 0.000202731881255 7.84544583871e-05 0.000160364834715 0.000181260565555 3.51187808473e-05 0.000236630339322 0.000224318524117 0.000120675671844 0.000140709328537 6.19720044595e-05 6.90411832196e-05 0.000256969849378 0.000235888215108 0.000248699636024 0.000196972184476 8.69141400513e-05 0.000168540640832 0.000117166387047 0.000270334484106 0.000188925331029 0.000251343106491 5.5771892008e-05 0.000104542695853 0.00023777291367 0.000144013733626 3.30918480492e-05 0.000268316258909 0.000100521752093 4.81433809685e-05 7.49454223187e-05 4.26255365346e-05 5.22489500138e-05 0.000228848218694 0.000259365801991 0.000258846049214 4.45580092243e-05 0.000182560985638 2.15329279255e-05 0.00024891668391 5.96324698851e-05 6.65614609887e-05 3.22509490441e-05 0.000269036658685 0.000211952444039 2.84940685555e-05 4.04598280854e-05 0.000236466203273 0.000271904138953 0.000257257511813 3.64606816242e-05 0.000241193616786 0.000155328400426 2.27673796079e-05 0.000266816705159 0.00027248229469 0.000154794438006 1.96929013128e-05 0.000146653209594 6.11833350657e-05 0.000170992790926 0.000142572683055 0.000114228098075 8.81659143776e-05 0.000114448544717 0.000171572855947 8.59312729655e-05 0.000143030252259 0.000201829417281 0.000200115978729 0.000208531383535 5.28506732423e-05 0.00027184945111</DataArray>
        <DataArray type="Float64" Name="NodalVonMises" format="ascii">10000000 10000000 10000000 10000000 10000000 10000000 10000000 10000000 10000000 10000000 10000000 10000000 10000000 10000000 10000000 10000000 10000000 10000000 10000000 10000000 10000000 10000000 10000000 10000000 10000000 10000000 10000000 10000000 10000000 10000000 10000000 10000000 10000000 10000000 10000000 10000000 10000000 10000000 10000000 10000000 10000000 10000000 10000000 10000000 10000000 10000000 10000000 10000000 10000000 10000000 10000000 10000000 10000000 10000000 10000000 10000000 10000000 10000000 10000000 10000000 10000000 10000000 10000000 10000000 10000000 10000000 10000000 10000000 10000000 10000000 10000000 10000000 10000000 10000000 10000000 10000000 10000000 10000000 10000000 10000000 10000000 10000000 10000000 10000000 10000000 10000000 10000000 10000000 10000000 10000000 10000000 10000000 10000000 10000000 10000000 10000000 10000000 10000000 10000000 10000000 10000000 10000000 10000000 10000000 10000000 10000000 10000000 10000000 10000000 10000000 10000000 10000000 10000000 10000000 10000000 10000000 10000000 10000000 10000000 10000000 10000000 10000000 10000000 10000000 10000000 10000000 10000000 10000000 10000000 10000000 10000000 10000000 10000000 10000000 10000000 10000000 10000000 10000000 10000000 10000000 10000000 10000000 10000000 10000000 10000000 10000000 10000000 10000000 10000000 10000000 10000000 10000000 10000000 10000000 10000000 10000000 10000000 10000000 10000000 10000000 10000000 10000000 10000000 10000000 10000000 10000000 10000000 10000000 10000000 10000000 10000000 10000000 10000000 10000000 10000000 10000000 10000000 10000000 10000000 10000000 10000000 10000000 10000000 10000000 10000000 10000000 10000000 10000000 10000000 10000000 10000000 10000000 10000000 10000000 10000000 10000000 10000000 10000000 10000000 10000000 10000000 10000000 10000000 10000000 10000000 10000000 10000000 10000000 10000000 10000000 10000000 10000000 10000000 10000000 10000000 10000000 10000000 10000000 10000000 10000000 10000000 10000000 10000000 10000000 10000000 10000000 10000000 10000000 10000000 10000000 10000000 10000000 10000000 10000000 10000000 10000000 10000000 10000000 10000000 10000000 10000000 10000000 10000000 10000000 10000000 10000000 10000000 10000000 10000000 10000000 10000000 10000000 10000000 10000000 10000000 10000000 10000000 10000000 10000000 10000000 10000000 10000000 10000000 10000000 10000000 10000000 10000000 10000000 10000000 10000000 10000000 10000000 10000000 10000000 10000000 10000000 10000000 10000000 10000000 10000000 10000000 10000000 10000000 10000000 10000000 10000000 10000000 10000000 10000000 10000000 10000000 10000000 10000000 10000000 10000000 10000000 10000000 10000000 10000000 10000000 10000000 10000000 10000000 10000000 10000000 10000000 10000000 10000000 10000000 10000000 10000000 10000000 10000000 10000000 10000000 10000000 10000000 10000000 10000000 10000000 10000000 10000000 10000000 10000000 10000000 10000000 10000000 10000000 10000000 10000000 10000000 10000000 10000000 10000000 10000000 10000000 10000000 10000000 10000000 10000000 10000000 10000000 10000000 10000000 10000000 10000000 10000000 10000000 10000000 10000000 10000000 10000000 10000000 10000000 10000000 10000000 10000000 10000000 10000000 10000000 10000000 10000000 10000000 10000000 10000000 10000000 10000000 10000000 10000000 10000000 10000000 10000000 10000000 10000000 10000000 10000000 10000000 10000000 10000000 10000000 10000000 10000000 10000000 10000000 10000000 10000000 10000000 10000000 10000000 10000000 10000000 10000000 10000000 10000000 10000000 10000000 10000000 10000000 10000000 10000000 10000000 10000000 10000000 10000000 10000000 10000000 10000000 10000000 10000000 10000000 10000000 10000000 10000000 10000000 10000000 10000000 10000000 10000000 10000000 10000000 10000000 10000000 10000000 10000000 10000000 10000000 10000000 10000000 10000000 10000000 10000000 10000000 10000000 10000000 10000000 10000000 10000000 10000000 10000000 10000000 10000000 10000000 10000000 10000000 10000000 10000000 10000000 10000000 10000000 10000000 10000000 10000000 10000000 10000000 10000000 10000000 10000000 10000000 10000000 10000000 10000000 10000000 10000000 10000000 10000000 10000000 10000000 10000000 10000000 10000000 10000000 10000000 10000000 10000000 10000000 10000000 10000000 10000000 10000000 10000000 10000000 10000000 10000000 10000000 10000000 10000000 10000000 10000000 10000000 10000000 10000000 10000000 10000000 10000000 10000000 10000000 10000000 10000000 10000000 10000000 10000000 10000000 10000000 10000000 10000000 10000000 10000000 10000000 10000000 10000000 10000000 10000000 10000000 10000000 10000000 10000000 10000000 10000000 10000000 10000000 10000000 10000000 10000000 10000000 10000000 10000000 10000000 10000000 10000000 10000000 10000000 10000000 10000000 10000000 10000000 10000000 10000000 10000000 10000000 10000000 10000000 10000000 10000000 10000000 10000000 10000000 10000000 10000000 10000000 10000000 10000000 10000000 10000000 10000000 10000000 10000000 10000000 10000000 10000000 10000000 10000000 10000000 10000000 10000000 10000000 10000000 10000000 10000000 10000000 10000000 10000000 10000000 10000000 10000000 10000000 10000000 10000000 10000000 10000000 10000000 10000000 10000000 10000000 10000000 10000000 10000000 10000000 10000000 10000000 10000000 10000000 10000000 10000000 10000000 10000000 10000000 10000000 10000000 10000000 10000000 10000000 10000000 10000000 10000000 10000000 10000000 10000000 10000000 10000000 10000000 10000000 10000000 10000000 10000000 10000000 10000000 10000000 10000000 10000000 10000000 10000000 10000000 10000000 10000000 10000000 10000000 10000000 10000000 10000000 10000000 10000000 10000000 10000000 10000000 10000000 10000000 10000000 10000000 10000000 10000000 10000000 10000000 10000000 10000000 10000000 10000000 10000000 10000000 10000000 10000000 10000000 10000000 10000000 10000000 10000000 10000000 10000000 10000000 10000000 10000000 10000000 10000000 10000000 10000000 10000000 10000000 10000000 10000000 10000000 10000000 10000000 10000000 10000000 10000000 10000000 10000000 10000000 10000000 10000000 10000000 10000000 10000000 10000000 10000000 10000000 10000000 10000000 10000000 10000000 10000000 10000000 10000000 10000000 10000000 10000000 10000000 10000000 10000000 10000000 10000000 10000000 10000000 10000000 10000000 10000000 10000000 10000000 10000000 10000000 10000000 10000000 10000000 10000000 10000000 10000000 10000000 10000000 10000000 10000000 10000000 10000000 10000000 10000000 10000000 10000000 10000000 10000000 10000000 10000000 10000000 10000000 10000000 10000000 10000000 10000000 10000000 10000000</DataArray>
        <DataArray type="Float64" Name="NodalStressTrace" format="ascii">-10000000 -10000000 -10000000 -10000000 -10000000 -10000000 -10000000 -10000000 -10000000 -10000000 -10000000 -10000000 -10000000 -10000000 -10000000 -10000000 -10000000 -10000000 -10000000 -10000000 -10000000 -10000000 -10000000 -10000000 -10000000 -10000000 -10000000 -10000000 -10000000 -10000000 -10000000 -10000000 -10000000 -10000000 -10000000 -10000000 -10000000 -10000000 -10000000 -10000000 -10000000 -10000000 -10000000 -10000000 -10000000 -10000000 -10000000 -10000000 -10000000 -10000000 -10000000 -10000000 -10000000 -10000000 -10000000 -10000000 -10000000 -10000000 -10000000 -10000000 -10000000 -10000000 -10000000 -10000000 -10000000 -10000000 -10000000 -10000000 -10000000 -10000000 -10000000 -10000000 -10000000 -10000000 -10000000 -10000000 -10000000 -10000000 -10000000 -10000000 -10000000 -10000000 -10000000 -10000000 -10000000 -10000000 -10000000 -10000000 -10000000 -10000000 -10000000 -10000000 -10000000 -10000000 -10000000 -10000000 -10000000 -10000000 -10000000 -10000000 -10000000 -10000000 -10000000 -10000000 -10000000 -10000000 -10000000 -10000000 -10000000 -10000000 -10000000 -10000000 -10000000 -10000000 -10000000 -10000000 -10000000 -10000000 -10000000 -10000000 -10000000 -10000000 -10000000 -10000000 -10000000 -10000000 -10000000 -10000000 -10000000 -10000000 -10000000 -10000000 -10000000 -10000000 -10000000 -10000000 -10000000 -10000000 -10000000 -10000000 -10000000 -10000000 -10000000 -10000000 -10000000 -10000000 -10000000 -10000000 -10000000 -10000000 -10000000 -10000000 -10000000 -10000000 -10000000 -10000000 -10000000 -10000000 -10000000 -10000000 -10000000 -10000000 -10000000 -10000000 -10000000 -10000000 -10000000 -10000000 -10000000 -10000000 -10000000 -10000000 -10000000 -10000000 -10000000 -10000000 -10000000 -10000000 -10000000 -10000000 -10000000 -10000000 -10000000 -10000000 -10000000 -10000000 -10000000 -10000000 -10000000 -10000000 -10000000 -10000000 -10000000 -10000000 -10000000 -10000000 -10000000 -10000000 -10000000 -10000000 -10000000 -10000000 -10000000 -10000000 -10000000 -10000000 -10000000 -10000000 -10000000 -10000000 -10000000 -10000000 -10000000 -10000000 -10000000 -10000000 -10000000 -10000000 -10000000 -10000000 -10000000 -10000000 -10000000 -10000000 -10000000 -10000000 -10000000 -10000000 -10000000 -10000000 -10000000 -10000000 -10000000 -10000000 -10000000 -10000000 -10000000 -10000000 -10000000 -10000000 -10000000 -10000000 -10000000 -10000000 -10000000 -10000000 -10000000 -10000000 -10000000 -10000000 -10000000 -10000000 -10000000 -10000000 -10000000 -10000000 -10000000 -10000000 -10000000 -10000000 -10000000 -10000000 -10000000 -10000000 -10000000 -10000000 -10000000 -10000000 -10000000 -10000000 -10000000 -10000000 -10000000 -10000000 -10000000 -10000000 -10000000 -10000000 -10000000 -10000000 -10000000 -10000000 -10000000 -10000000 -10000000 -10000000 -10000000 -10000000 -10000000 -10000000 -10000000 -10000000 -10000000 -10000000 -10000000 -10000000 -10000000 -10000000 -10000000 -10000000 -10000000 -10000000 -10000000 -10000000 -10000000 -10000000 -10000000 -10000000 -10000000 -10000000 -10000000 -10000000 -10000000 -10000000 -10000000 -10000000 -10000000 -10000000 -10000000 -10000000 -10000000 -10000000 -10000000 -10000000 -10000000 -10000000 -10000000 -10000000 -10000000 -10000000 -10000000 -10000000 -10000000 -10000000 -10000000 -10000000 -10000000 -10000000 -10000000 -10000000 -10000000 -10000000 -10000000 -10000000 -10000000 -10000000 -10000000 -10000000 -10000000 -10000000 -10000000 -10000000 -10000000 -10000000 -10000000 -10000000 -10000000 -10000000 -10000000 -10000000 -10000000 -10000000 -10000000 -10000000 -10000000 -10000000 -10000000 -10000000 -10000000 -10000000 -10000000 -10000000 -10000000 -10000000 -10000000 -10000000 -10000000 -10000000 -10000000 -10000000 -10000000 -10000000 -10000000 -10000000 -10000000 -10000000 -10000000 -10000000 -10000000 -10000000 -10000000 -10000000 -10000000 -10000000 -10000000 -10000000 -10000000 -10000000 -10000000 -10000000 -10000000 -10000000 -10000000 -10000000 -10000000 -10000000 -10000000 -10000000 -10000000 -10000000 -10000000 -10000000 -10000000 -10000000 -10000000 -10000000 -10000000 -10000000 -10000000 -10000000 -10000000 -10000000 -10000000 -10000000 -10000000 -10000000 -10000000 -10000000 -10000000 -10000000 -10000000 -10000000 -10000000 -10000000 -10000000 -10000000 -10000000 -10000000 -10000000 -10000000 -10000000 -10000000 -10000000 -10000000 -10000000 -10000000 -10000000 -10000000 -10000000 -10000000 -10000000 -10000000 -10000000 -10000000 -10000000 -10000000 -10000000 -10000000 -10000000 -10000000 -10000000 -10000000 -10000000 -10000000 -10000000 -10000000 -10000000 -10000000 -10000000 -10000000 -10000000 -10000000 -10000000 -10000000 -10000000 -10000000 -10000000 -10000000 -10000000 -10000000 -10000000 -10000000 -10000000 -10000000 -10000000 -10000000 -10000000 -10000000 -10000000 -10000000 -10000000 -10000000 -10000000 -10000000 -10000000 -10000000 -10000000 -10000000 -10000000 -10000000 -10000000 -10000000 -10000000 -10000000 -10000000 -10000000 -10000000 -10000000 -10000000 -10000000 -10000000 -10000000 -10000000 -10000000 -10000000 -10000000 -10000000 -10000000 -10000000 -10000000 -10000000 -10000000 -10000000 -10000000 -10000000 -10000000 -10000000 -10000000 -10000000 -10000000 -10000000 -10000000 -10000000 -10000000 -10000000 -10000000 -10000000 -10000000 -10000000 -10000000 -10000000 -10000000 -10000000 -10000000 -10000000 -10000000 -10000000 -10000000 -10000000 -10000000 -10000000 -10000000 -10000000 -10000000 -10000000 -10000000 -10000000 -10000000 -10000000 -10000000 -10000000 -10000000 -10000000 -10000000 -10000000 -10000000 -10000000 -10000000 -10000000 -10000000 -10000000 -10000000 -10000000 -10000000 -10000000 -10000000 -10000000 -10000000 -10000000 -10000000 -10000000 -10000000 -10000000 -10000000 -10000000 -10000000 -10000000 -10000000 -10000000 -10000000 -10000000 -10000000 -10000000 -10000000 -10000000 -10000000 -10000000 -10000000 -10000000 -10000000 -10000000 -10000000 -10000000 -10000000 -10000000 -10000000 -10000000 -10000000 -10000000 -10000000 -10000000 -10000000 -10000000 -10000000 -10000000 -10000000 -10000000 -10000000 -10000000 -10000000 -10000000 -10000000 -10000000 -10000000 -10000000 -10000000 -10000000 -10000000 -10000000 -10000000 -10000000 -10000000 -10000000 -10000000 -10000000 -10000000 -10000000 -10000000 -10000000 -10000000 -10000000 -10000000 -10000000 -10000000 -10000000 -10000000 -10000000 -10000000 -10000000 -10000000 -10000000 -10000000 -10000000 -10000000 -10000000 -10000000 -10000000 -10000000 -10000000 -10000000 -10000000 -10000000 -10000000 -10000000 -10000000 -10000000 -10000000 -10000000 -10000000 -10000000 -10000000 -10000000 -10000000 -10000000 -10000000 -10000000 -10000000 -10000000 -10000000 -10000000 -10000000 -10000000 -10000000 -10000000 -10000000 -10000000 -10000000 -10000000 -10000000 -10000000 -10000000 -10000000 -10000000 -10000000 -10000000 -10000000 -10000000 -10000000 -10000000 -10000000 -10000000 -10000000 -10000000 -10000000 -10000000 -10000000 -10000000 -10000000 -10000000 -10000000 -10000000 -10000000 -10000000 -10000000 -10000000 -10000000 -10000000 -10000000 -10000000 -10000000 -10000000 -10000000 -10000000 -10000000 -10000000 -10000000 -10000000 -10000000 -10000000 -10000000 -10000000 -10000000 -10000000 -10000000 -10000000 -10000000 -10000000</DataArray>
        <DataArray type="Float64" Name="NodalPrincipalStress" NumberOfComponents="3" format="ascii">-10000000 -5.10777490195e-08 4.47331139799e-08 -10000000 -5.07060061954e-07 -9.35847910122e-08 -10000000 -8.29761453136e-08 2.71549984976e-08 -10000000 -7.85963826361e-07 2.15226155847e-08 -10000000 -1.41823248839e-08 4.43338932371e-08 -10000000 -4.84649908346e-08 -9.80087773975e-09 -10000000 -1.07667732132e-08 3.45737065268e-08 -10000000 -1.27570635174e-08 3.40028597508e-08 -10000000 -1.05172972122e-07 6.33216639251e-08 -10000000 -6.52985126478e-08 7.04207868082e-08 -10000000 -4.28112367539e-08 6.64435470847e-08 -10000000 -5.82820372653e-08 1.86232176296e-08 -10000000 -6.10770249839e-08 2.18450615282e-08 -10000000 -6.21697440452e-08 5.92593609995e-08 -10000000 -5.0091673221e-08 5.33124971248e-08 -10000000 -2.64113818184e-08 6.81462746934e-08 -10000000 -4.57793780761e-08 6.9411688407e-08 -10000000 -1.0150826861e-07 1.08260357276e-07 -10000000 -3.63080211799e-07 -2.30112030396e-08 -10000000 -3.41623394213e-07 5.64877542072e-09 -10000000 -1.77417493362e-07 1.39703815169e-08 -10000000 -6.56558102183e-08 1.03585323506e-08 -10000000 -5.34538245719e-08 1.59292858364e-08 -10000000 -8.3519474324e-08 5.98686998731e-09 -10000000 -6.66276828721e-08 2.73569143092e-08 -10000000 -1.05164503245e-07 2.84468061614e-08 -10000000 -5.30177881703e-08 8.47409633681e-08 -10000000 -2.14988338926e-07 1.88387437889e-07 -10000000 -2.88344419054e-08 8.46176058572e-09 -10000000 -5.15860812305e-08 1.43331782459e-08 -10000000 -3.6077075135e-08 2.57161114924e-08 -10000000 -2.20629286763e-08 3.08716880279e-08 -10000000 -7.6371883684e-08 -1.9756279055e-09 -10000000 -4.36672909917e-08 7.11287993802e-09 -10000000 -2.53448661361e-08 4.71727389787e-08 -10000000 -7.54040081834e-08 5.25089948908e-08 -10000000 -7.29721645103e-08 2.05852696882e-08 -10000000 -4.60126345873e-08 1.13790763438e-08 -10000000 -1.29053193541e-08 4.32315106901e-08 -10000000 -5.61192112397e-08 -9.18978430519e-09 -10000000 -8.44410758793e-08 -3.53114851733e-08 -10000000 -7.91194557542e-08 -4.38913510301e-09 -10000000 -1.48194802296e-07 -3.8418958593e-08 -10000000 -1.00623651683e-07 -2.2660174132e-08 -10000000 -6.94457750739e-08 -3.66304703341e-09 -10000000 -9.66511544772e-08 2.77332839556e-08 -10000000 -6.27619400662e-08 3.50550934713e-08 -10000000 -1.14471056507e-08 5.07954844282e-08 -10000000 -9.0697717062e-08 1.29904897425e-08 -10000000 -7.06924053383e-08 2.13323088837e-08 -10000000 -6.17671411184e-08 1.6306957945e-08 -10000000 -6.07495748147e-08 2.35742820446e-08 -10000000 -5.97988797548e-08 1.24954539858e-08 -10000000 -5.48441392996e-08 1.8716584426e-08 -10000000 -3.43328239392e-08 1.81510942053e-08 -10000000 -3.92462783632e-08 1.61960446415e-08 -10000000 -2.72818351185e-08 2.66997585093e-08 -10000000 -4.01503874947e-08 9.61076806877e-09 -10000000 -4.03709743446e-08 1.2120856248e-08 -10000000 -1.49969640789e-08 2.03908739902e-08 -10000000 -4.05317996488e-08 2.82693857497e-08 -10000000 -4.89362336035e-08 8.19087096406e-09 -10000000 -2.78945210735e-08 4.57265160086e-09 -10000000 -2.6296879882e-08 2.12328133826e-08 -10000000 -4.42976870476e-08 -4.48033279788e-09 -10000000 -9.25036117252e-09 1.03757092835e-08 -10000000 -3.05546078436e-08 1.48958249415e-09 -10000000 -1.79520123735e-08 7.2143344684e-08 -10000000 -2.28741423358e-08 8.62622850705e-08 -10000000 -2.51307124378e-08 5.58061497392e-08 -10000000 -3.31881196848e-08 6.53187485091e-08 -10000000 -2.48563409707e-08 6.50972372155e-08 -10000000 -1.94663282902e-08 4.77552514941e-08 -10000000 -1.9144541344e-08 4.12246473838e-08 -10000000 -2.79103524165e-08 2.30597140071e-08 -10000000 -3.11653617997e-08 3.02340392251e-08 -10000000 -2.69744557481e-08 3.33384933413e-08 -10000000 -3.26265800477e-08 7.79131139127e-09 -10000000 -3.28875628982e-08 1.04970160001e-08 -10000000 -3.60497890045e-08 2.07605767379e-08 -10000000 -2.31839608793e-08 3.83179527168e-08 -10000000 -1.39224690866e-08 3.9029373494e-08 -10000000 3.68989453807e-08 7.0901642631e-08 -10000000 1.67369347409e-08 4.6593000333e-08 -10000000 -2.62802592034e-08 1.2561689966e-10 -10000000 -3.71611347217e-08 4.79767525382e-09 -10000000 -1.47772846533e-07 6.91030712271e-09 -10000000 -4.85269128033e-08 4.57911527404e-08 -10000000 -7.65364338656e-08 4.65594884952e-08 -10000000 -5.41950175406e-08 4.4260910078e-08 -10000000 -6.4182681876e-08 2.26806196447e-08 -10000000 -8.15291471056e-08 2.20409176521e-08 -10000000 -3.18388990486e-08 2.98016309167e-08 -10000000 -8.36777369095e-08 2.58193219615e-08 -10000000 -7.23652541957e-08 9.32635742645e-09 -10000000 -3.5410298176e-08 3.55655186051e-08 -10000000 -3.42971728411e-08 2.56824390259e-08 -10000000 -5.31148760933e-08 2.66303903777e-08 -10000000 -3.1619068963e-08 2.40520730443e-08 -10000000 2.26106780106e-09 5.28033794231e-08 -10000000 -4.29550389085e-09 3.58052509987e-08 -10000000 -6.72432976513e-09 3.29953873907e-08 -10000000 -2.88696040262e-08 3.49106386797e-09 -10000000 -6.40684665847e-08 -3.95411698412e-08 -10000000 1.86392001516e-08 6.36664323801e-08 -10000000 -4.65292662191e-08 5.78215524363e-08 -10000000 -3.3142077316e-08 4.95566376936e-08 -10000000 -2.98468893174e-08 5.82522278432e-08 -10000000 -2.08734762548e-08 1.03722380288e-07 -10000000 -1.5020246224e-08 6.86295019253e-08 -10000000 -1.04568784368e-08 8.50208920669e-08 -10000000 -1.06334933809e-08 9.23570493034e-08 -10000000 -2.69403643285e-08 5.78680348272e-08 -10000000 -1.5218923885e-08 6.04462764147e-08 -10000000 -3.60742347445e-08 4.69590673354e-08 -10000000 -3.72673084517e-08 2.42287924071e-08 -10000000 -3.22409636623e-08 4.27183426267e-08 -10000000 -2.84576397382e-08 3.24739683413e-08 -10000000 -2.63832609598e-08 2.29490089659e-08 -10000000 -3.1855077581e-08 1.71479419235e-08 -10000000 -6.65488811352e-09 4.96121418677e-08 -10000000 -4.8197019429e-08 -1.08255487372e-08 -10000000 -2.39599595993e-08 2.52987358004e-08 -10000000 -2.08454385e-08 7.92333777717e-09 -10000000 -5.42864831654e-08 2.63468059269e-08 -10000000 -9.51458678942e-08 9.79535315382e-08 -10000000 -7.44167143472e-08 2.38924646743e-08 -10000000 -5.93580828613e-08 2.59662880506e-08 -10000000 -9.8189397316e-08 3.63961444903e-08 -10000000 -3.67998999602e-08 5.08196308602e-08 -10000000 -8.18051061982e-08 3.81160989926e-08 -10000000 -5.5652445168e-08 2.20472222672e-08 -10000000 -1.35770638495e-07 5.46918443551e-08 -10000000 -1.99869304553e-07 8.75116621172e-09 -10000000 -4.15309500252e-07 5.33095895134e-08 -10000000 -6.38640372503e-08 4.55480266161e-08 -10000000 -4.96951718983e-08 5.9700991775e-10 -10000000 -5.01690409551e-08 1.39405928026e-08 -10000000 -5.24997795861e-08 6.36753712221e-10 -10000000 -7.54905197661e-08 -1.90626669521e-09 -10000000 -5.86190507275e-08 -2.66197468221e-09 -10000000 -8.26402133385e-08 8.21201758385e-09 -10000000 -8.4602927847e-08 2.05745008422e-08 -10000000 -9.1617239239e-08 -2.16714996589e-08 -10000000 -3.18636879077e-08 1.20551731476e-08 -10000000 -2.02800922701e-08 7.62257182422e-09 -10000000 -1.79275375579e-08 2.18597884285e-08 -10000000 -2.12814112304e-08 2.46445205277e-08 -10000000 -2.28168911768e-08 2.14587124222e-08 -10000000 -2.19751259288e-08 6.57504192709e-09 -10000000 -4.20414513728e-08 2.86769557803e-09 -10000000 -2.98458071469e-08 2.66360704165e-08 -10000000 -3.51618503023e-08 3.58021345724e-08 -10000000 -2.87803707959e-08 2.10193493408e-08 -10000000 -3.21803213579e-08 4.22825842853e-08 -10000000 1.03808342635e-08 4.4766766762e-08 -10000000 -5.16777981371e-08 1.91397156865e-08 -10000000 -5.83112289014e-08 3.20013661685e-08 -10000000 -2.78867523937e-08 2.68972221582e-08 -10000000 -2.48932491338e-08 -3.71387594978e-09 -10000000 -4.38465371411e-08 3.50571803432e-08 -10000000 -1.33440521281e-08 1.67367272213e-08 -10000000 -1.37608003089e-08 2.15412243177e-08 -10000000 -2.67167233038e-08 2.66585156429e-08 -10000000 -2.46563267809e-08 2.32981480262e-08 -10000000 -4.64517753991e-08 9.60632604087e-09 -10000000 -2.39663739665e-08 6.13804673967e-08 -10000000 -2.65313358397e-08 -1.33073118423e-09 -10000000 -1.3788367957e-08 2.28264302152e-08 -10000000 -1.52238352728e-07 1.41956511128e-08 -10000000 -3.61593381939e-08 2.92908342061e-08 -10000000 -4.68425110984e-08 -1.36352485907e-08 -10000000 -4.84361779512e-08 3.02753877462e-08 -10000000 -2.11814160644e-08 3.48020087181e-08 -10000000 -2.74061402453e-08 6.08007068494e-08 -10000000 -2.27197713156e-08 6.3465133955e-08 -10000000 -5.09344757544e-08 5.30964745883e-08 -10000000 4.70485246711e-10 3.66660024161e-08 -10000000 -4.77077315016e-08 5.36116513943e-08 -10000000 -6.63597996621e-08 3.24213093695e-08 -10000000 -3.95598077464e-08 3.85848294261e-08 -10000000 -2.34810679402e-08 2.15816600578e-08 -10000000 -1.86998297951e-08 6.33201595753e-08 -10000000 -2.68855437927e-08 2.22455616799e-08 -10000000 -2.96347076617e-08 4.2207562419e-08 -10000000 -4.28205895451e-08 3.15116725676e-08 -10000000 -2.6309269675e-08 3.32796370694e-08 -10000000 -4.87345568431e-08 4.14336530886e-08 -10000000 -7.45174368825e-08 5.40071738188e-08 -10000000 -1.30291631499e-08 3.06819592233e-08 -10000000 -2.02468999786e-08 2.44378515644e-08 -10000000 -3.10904833284e-07 1.54215800648e-08 -10000000 -4.10555791583e-08 1.78057763135e-08 -10000000 -6.63433715908e-08 3.15739954718e-08 -10000000 -7.82936583358e-08 6.56241753672e-09 -10000000 -4.81214866411e-08 1.34581033106e-09 -10000000 -2.71981391619e-08 1.92353311489e-08 -10000000 -4.82453763011e-08 2.75467320803e-08 -10000000 -2.13015964993e-08 2.52791199951e-08 -10000000 -7.48807491305e-08 2.19102218174e-09 -10000000 -7.70024890344e-08 -1.01759562538e-08 -10000000 -7.32306018832e-08 -1.83399763085e-09 -10000000 -2.39013240383e-08 1.32105169839e-08 -10000000 -3.26664978787e-08 3.1793382965e-08 -10000000 -4.07782227651e-08 3.42589647428e-08 -10000000 -3.67754033163e-08 2.82869547161e-09 -10000000 -7.41664451768e-08 4.11976260354e-08 -10000000 -5.62573956531e-08 3.82595868986e-08 -10000000 -5.41009103006e-08 6.99539102524e-10 -10000000 -4.55276004267e-08 -1.05845846939e-08 -10000000 -6.8872256062e-08 -2.63787602568e-08 -10000000 -1.02771809972e-07 -1.41557392707e-08 -10000000 -8.02789969406e-08 1.96964634619e-08 -10000000 -2.01264997333e-08 8.34526916437e-09 -10000000 -9.13437781015e-08 1.12190368563e-09 -10000000 -2.28916959236e-08 3.98592290798e-08 -10000000 -3.17913785775e-08 -6.2298655312e-09 -10000000 -2.93406258648e-08 -1.59016686153e-10 -10000000 -2.67476292928e-08 2.74926873525e-08 -10000000 -4.26697256676e-08 -6.17481721893e-09 -10000000 -3.78571412967e-08 -7.57393804625e-09 -10000000 -5.91620681888e-08 -2.26585005019e-08 -10000000 -2.43815173834e-08 3.35691026149e-09 -10000000 -5.40522041354e-08 -1.2673177825e-08 -10000000 -2.29845332276e-08 1.29262494218e-08 -10000000 -3.26436537831e-08 1.42494497988e-09 -10000000 -6.17238428411e-08 -1.8040055164e-08 -10000000 -3.93206264044e-08 -3.30432209804e-10 -10000000 -5.0814873227e-08 -9.47163271914e-09 -10000000 -1.87179050185e-08 2.44688219168e-08 -10000000 -5.53287696188e-08 6.62059896643e-09 -10000000 -2.84668838412e-09 4.05264475488e-08 -10000000 -3.97400076666e-08 3.06402100105e-08 -10000000 -2.93812191583e-08 1.89620478547e-08 -10000000 -3.49861650715e-08 2.46446039825e-08 -10000000 -4.89264983861e-08 1.30705792634e-08 -10000000 -4.83787221996e-08 1.01556915331e-08 -10000000 -5.31315836316e-08 2.67285886413e-08 -10000000 -5.05094698484e-08 2.4820488832e-08 -10000000 -5.6437029727e-08 2.24903218823e-08 -10000000 -6.80197285537e-08 1.01446828454e-08 -10000000 -7.60842763192e-08 5.69957274265e-09 -10000000 -9.49913973288e-08 6.80679104485e-09 -10000000 -5.97087861895e-08 2.20872346858e-08 -10000000 -6.14111372089e-08 3.69445170716e-08 -10000000 -8.35725112039e-08 1.58653600294e-08 -10000000 -8.07968413065e-08 1.46535359552e-08 -10000000 -3.91647727778e-08 8.75126995047e-09 -10000000 -4.58844051578e-08 -5.86220539429e-09 -10000000 -6.46263456859e-08 2.90731064e-08 -10000000 -2.58522550611e-08 2.34075333028e-08 -10000000 -3.62350258672e-08 4.17938574844e-08 -10000000 -8.05796691135e-08 3.49215798929e-08 -10000000 -9.21624365027e-08 -2.47767542724e-08 -10000000 -7.46817453112e-08 1.17476223316e-08 -10000000 -4.60986766196e-08 1.57724852837e-08 -10000000 -1.08070649061e-07 -1.73785017402e-08 -10000000 -2.67307861884e-08 2.22681988517e-08 -10000000 -8.21570550559e-08 -8.06481935996e-09 -10000000 -9.22563851329e-08 -2.84274984944e-08 -10000000 -4.46426709014e-08 5.85696617936e-09 -10000000 -6.90423193099e-08 -2.18198393761e-08 -10000000 -3.82767770566e-08 -1.62457449956e-09 -10000000 -4.55693021853e-08 6.19764034343e-09 -10000000 -3.30734330119e-08 1.27007516922e-08 -10000000 -7.64909906341e-08 2.15096972113e-08 -10000000 -1.12211032988e-07 -5.46157431514e-09 -10000000 -7.66839671538e-08 -8.95203311715e-10 -10000000 -8.21352223308e-08 1.15176881106e-08 -10000000 -8.41509560259e-08 9.854697636e-09 -10000000 -6.44755319689e-08 7.57545822308e-10 -10000000 -1.10852123396e-07 -2.64985538062e-08 -10000000 -3.74000824845e-08 5.09042598165e-08 -10000000 -1.09281566475e-07 1.21620842406e-08 -10000000 7.65583258122e-09 3.56972332671e-08 -10000000 3.96887451816e-09 4.24808388908e-08 -10000000 -3.97244240371e-08 -8.96160277121e-11 -10000000 -5.76131471572e-08 2.1728124204e-08 -10000000 -4.74391574675e-08 3.1789612062e-08 -10000000 -1.05564869209e-07 -1.8743411438e-08 -10000000 -1.05237543305e-07 -2.40610741375e-08 -10000000 -1.78209951837e-08 2.22447774131e-08 -10000000 -4.20775088059e-08 5.56398937987e-08 -10000000 -4.14020946967e-08 3.60402147182e-10 -10000000 -2.89332876071e-08 1.59897004211e-09 -10000000 -9.21476464021e-08 -4.89616587279e-09 -10000000 -9.92048409469e-08 5.20468136685e-10 -10000000 -4.19256307336e-08 2.19895068707e-08 -10000000 -3.69728109509e-08 -2.84122911394e-09 -10000000 -6.45912340082e-08 -2.40114091132e-08 -10000000 -3.7825006448e-08 8.00328150666e-09 -10000000 -5.86450867813e-08 -2.01098784346e-08 -10000000 -6.77696858128e-08 -2.15402685821e-08 -10000000 -4.64229488464e-08 2.7478006077e-09 -10000000 -5.40781985706e-08 -8.00027179363e-09 -10000000 -2.81235507258e-08 2.65170192846e-08 -10000000 -1.02674648551e-08 3.35272461561e-08 -10000000 -5.76640239647e-08 4.10968690199e-10 -10000000 -1.62579712436e-08 5.46051782534e-08 -10000000 -3.02981914872e-08 4.4617276072e-08 -10000000 -5.31222193853e-08 3.50584419485e-08 -10000000 -6.25661227923e-08 1.57438803535e-08 -10000000 -3.38993311401e-08 2.0767682838e-08 -10000000 -5.34716457352e-08 4.21560764536e-08 -10000000 -4.60395411242e-08 2.89963380088e-08 -10000000 -4.83916547784e-08 4.14455405761e-08 -10000000 -6.20519239643e-08 1.60096641817e-08 -10000000 -9.53108301172e-08 2.22513878435e-09 -10000000 -6.34282618252e-08 3.09378038244e-08 -10000000 -8.59433308582e-08 3.93966046811e-08 -10000000 -1.11105840332e-07 3.20598368119e-08 -10000000 -6.9335219374e-08 5.37122831848e-08 -10000000 -5.17398299687e-08 1.74205930941e-08 -10000000 -4.53133338177e-08 5.49929375284e-09 -10000000 -4.73698889467e-08 -4.38003216878e-10 -10000000 -3.2030850222e-08 1.87595035338e-08 -10000000 -3.73757756178e-08 2.30101249044e-08 -10000000 -8.24141866996e-08 2.18074689652e-09 -10000000 -4.35233184867e-08 -1.13359896613e-09 -10000000 -5.37639340633e-08 -1.64843972791e-08 -10000000 -2.66873001853e-08 9.66155936812e-09 -10000000 -3.79791377595e-08 4.00914685038e-09 -10000000 -4.17085359775e-08 4.96786040895e-09 -10000000 -1.69007468209e-08 2.54921975718e-08 -10000000 -2.11724915471e-08 2.33843826618e-08 -10000000 -3.76892131477e-08 8.99283631732e-09 -10000000 -4.2456502448e-08 3.05239319607e-08 -10000000 -6.96959884624e-08 4.45308763941e-08 -10000000 -6.98774699302e-08 1.63497049542e-08 -10000000 -8.24203008107e-08 -1.36223396965e-08 -10000000 -6.42065058624e-08 -8.66948560128e-09 -10000000 -5.78535804933e-08 -5.73828905462e-09 -10000000 -7.79331844758e-08 -3.47993058854e-09 -10000000 -7.27013720267e-08 1.30035949939e-08 -10000000 -7.19569574966e-08 -8.20663311347e-09 -10000000 -4.06438530647e-08 3.99744649642e-08 -10000000 -7.81454379442e-08 -2.20230053856e-09 -10000000 -3.98345437057e-08 3.31290211685e-08 -10000000 -3.12394753505e-08 2.14605883171e-08 -10000000 -7.53758657158e-08 8.00465589848e-09 -10000000 -6.54375127891e-08 2.05157504792e-08 -10000000 -5.80484124444e-08 1.00270921908e-08 -10000000 -7.72710877982e-08 5.02373907244e-09 -10000000 -8.76676448351e-08 -3.34585376923e-09 -10000000 -8.55457774921e-08 1.01319320126e-08 -10000000 -5.21652449541e-08 2.88123313956e-08 -10000000 -7.43744988021e-08 2.16373774887e-09 -10000000 -4.88408682013e-08 1.89454135561e-08 -10000000 -5.61389701372e-08 3.59409118002e-08 -10000000 -4.59477214336e-08 3.20011658788e-08 -10000000 -4.5817914198e-08 -7.54686932746e-09 -10000000 -8.03581094204e-08 1.82505352257e-08 -10000000 -4.46972766759e-08 1.62420458694e-08 -10000000 -8.17649167597e-08 6.26958055491e-09 -10000000 -2.29269498752e-08 3.18808530766e-09 -10000000 -6.68785933262e-08 9.95150095286e-09 -10000000 -3.62698574817e-08 1.81381711072e-08 -10000000 -5.08220830781e-08 8.48571104033e-09 -10000000 -1.48788261045e-08 2.33106215569e-08 -10000000 -2.70092537925e-08 1.56005522535e-08 -10000000 -1.41090241116e-08 2.12269895033e-08 -10000000 -4.85490852604e-08 1.06143211051e-08 -10000000 -3.74860639289e-08 3.1632036317e-08 -10000000 -5.73637125429e-08 4.1153443393e-09 -10000000 -4.88189695958e-08 4.98667074923e-08 -10000000 -2.9874187087e-08 3.28039726863e-08 -10000000 -7.29132961265e-08 2.01771553389e-08 -10000000 -2.96034434974e-08 4.23945769831e-08 -10000000 -7.76268234737e-09 2.92413092244e-08 -10000000 -3.89246332112e-08 1.92970099512e-08 -10000000 -2.79733364371e-08 1.43079686595e-08 -10000000 -1.36536486294e-07 1.46302417877e-08 -10000000 -3.91570503342e-08 1.13142398353e-10 -10000000 -7.19868690639e-08 7.54581622965e-08 -10000000 -2.86565277934e-08 -5.92821815585e-10 -10000000 -3.15966658459e-08 2.0520579512e-08 -10000000 -2.05669000907e-08 2.02875033183e-08 -10000000 -5.84925816958e-08 3.57527888323e-08 -10000000 -4.54373680219e-08 -1.3546395037e-08 -10000000 -6.09288652841e-08 5.49916838709e-08 -10000000 -3.14183534931e-08 1.79141761611e-08 -10000000 -2.38305087089e-09 3.24764115632e-08 -10000000 -7.55275378452e-08 1.18871619131e-08 -10000000 -4.63421399851e-08 3.03564026551e-09 -10000000 -1.65038336796e-08 5.01245786233e-08 -10000000 -1.93559878915e-08 3.58869635909e-08 -10000000 -5.75872268124e-08 -9.7008292036e-09 -10000000 -1.49981035751e-08 3.38864895415e-08 -10000000 -9.27032408397e-08 -5.68715008051e-10 -10000000 -6.37242224333e-08 3.62211026517e-08 -10000000 -6.56269958337e-08 5.09586652836e-08 -10000000 -8.70647968496e-08 5.6613830621e-09 -10000000 -1.1890202152e-07 8.22015429334e-09 -10000000 -6.10662178156e-08 3.76376342979e-08 -10000000 -7.17123356868e-08 4.79442074805e-08 -10000000 -5.22472525353e-08 6.10075055028e-08 -10000000 8.97092599231e-10 5.12278677488e-08 -10000000 -2.55068289535e-08 2.47695319152e-08 -10000000 -7.26072406242e-08 -1.63247318089e-09 -10000000 -7.29243234339e-09 4.19125580498e-08 -10000000 -2.04573113327e-07 -6.47728193378e-09 -10000000 -3.18217929247e-08 7.25966961172e-10 -10000000 -2.44761028468e-07 7.07290773611e-08 -10000000 -2.10835224685e-08 1.42279535164e-08 -10000000 -3.03473785593e-08 9.52197098807e-09 -10000000 -9.31319737697e-08 1.11755872035e-08 -10000000 -2.31845213515e-09 2.6511672653e-08 -10000000 -2.08563833565e-08 3.99921518818e-08 -10000000 1.22883346058e-08 9.99360356354e-08 -10000000 1.08788418643e-08 7.59669882186e-08 -10000000 -2.75642615047e-08 3.56667679039e-08 -10000000 1.07156043336e-08 6.54432992056e-08 -10000000 -2.02424163023e-08 4.66919774214e-08 -10000000 -3.41381519148e-08 6.48503546857e-09 -10000000 -4.54859239811e-08 4.515996108e-08 -10000000 -4.09246036347e-08 2.9496499542e-08 -10000000 4.34228388246e-09 7.66439750018e-08 -10000000 3.20474533621e-08 6.7807788935e-08 -10000000 -2.18535514227e-08 3.98106148145e-08 -10000000 -2.48219707145e-08 3.99093964233e-08 -10000000 -3.76258002207e-08 9.05748024438e-09 -10000000 -3.22271418387e-08 5.98077837231e-09 -10000000 -4.62545030848e-08 5.48886394537e-08 -10000000 -3.74394720047e-08 5.54256392269e-08 -10000000 -6.180824202e-08 1.49627165168e-08 -10000000 -2.92222408307e-08 5.19620336943e-08 -10000000 -3.82343575026e-08 4.76495247731e-09 -10000000 -5.57128825497e-08 6.16500639629e-08 -10000000 -3.31208611589e-08 -1.47025530476e-08 -10000000 -1.76892349243e-08 7.18805672347e-08 -10000000 1.15176797958e-09 3.06296148792e-08 -10000000 9.68663027172e-09 4.9365041725e-08 -10000000 5.03446866466e-09 4.64676697116e-08 -10000000 -1.25305452447e-08 4.82367875251e-08 -10000000 -1.07475741616e-08 5.32973742893e-08 -10000000 -2.04040816345e-08 4.51229349691e-08 -10000000 4.43271332315e-09 6.54397628374e-08 -10000000 -1.05011026835e-08 4.72301367199e-08 -10000000 -4.46071479738e-09 4.69329047106e-08 -10000000 -3.5536884733e-09 4.15982156463e-08 -10000000 6.0249005843e-09 3.57914830159e-08 -10000000 4.11007190032e-09 6.45284018488e-08 -10000000 1.51830044814e-08 6.91349500419e-08 -10000000 2.88817258295e-08 8.32727952185e-08 -10000000 3.80105886765e-08 8.83931677632e-08 -10000000 -2.94344139391e-10 6.1121349794e-08 -10000000 -1.5416610719e-08 5.19128141117e-08 -10000000 -1.67062857424e-08 4.29385382608e-08 -10000000 -2.98114877739e-08 3.11696665285e-08 -10000000 -1.15077314552e-08 5.37199271497e-08 -10000000 -1.00273248333e-08 5.49636390585e-08 -10000000 -5.11038798539e-08 2.94506299941e-08 -10000000 -1.59050843336e-08 5.49042171456e-08 -10000000 -2.14916969712e-08 5.46002144988e-08 -10000000 -1.19076069965e-08 6.18664108205e-08 -10000000 -1.59733174615e-08 6.14451421671e-08 -10000000 -4.48243678132e-08 5.51271237949e-08 -10000000 -3.15495275451e-08 3.38390288743e-08 -10000000 -5.39384436076e-08 4.02208381856e-08 -10000000 -1.93653760867e-08 6.61177693324e-08 -10000000 -2.88610531816e-08 5.91290368566e-08 -10000000 -2.05245316584e-08 4.58157603253e-08 -10000000 -4.09419677685e-08 5.29094628523e-08 -10000000 -4.55339346677e-08 1.54696778059e-08 -10000000 2.68034018418e-08 7.0682788656e-08 -10000000 7.88734408761e-09 6.24275102959e-08 -10000000 -2.98992412174e-08 2.64300646269e-08 -10000000 2.55823744834e-08 1.00281990965e-07 -10000000 -9.51826905318e-09 9.07179560275e-08 -10000000 1.84926906028e-09 6.98334653547e-08 -10000000 -6.36700058285e-09 8.42488508851e-08 -10000000 5.14004841088e-08 1.02694596883e-07 -10000000 1.81764916998e-08 6.8029054113e-08 -10000000 2.42632268705e-08 7.97926682892e-08 -10000000 -6.79283320819e-10 6.96359589496e-08 -10000000 -4.25171346272e-08 5.82664645944e-08 -10000000 -1.3914682328e-08 9.37755931013e-08 -10000000 -1.82077640832e-08 9.79289764703e-08 -10000000 9.47153086485e-09 7.66758072871e-08 -10000000 -1.92313543515e-09 4.9513718998e-08 -10000000 -3.90985157569e-09 5.62676425674e-08 -10000000 -1.9028892483e-08 5.38603567736e-08 -10000000 -8.40362912853e-09 4.42595482512e-08 -10000000 -3.92863352615e-08 8.68850817465e-09 -10000000 -6.42087243779e-09 3.51056077359e-08 -10000000 -6.26071908204e-09 7.77106228533e-08 -10000000 -6.27433760204e-08 3.06360302606e-08 -10000000 -2.09159819399e-08 7.79594896351e-08 -10000000 -1.61924759883e-08 7.13068154932e-08 -10000000 -1.03702016631e-08 3.18488285401e-08 -10000000 -4.19111488649e-09 6.12346225817e-08 -10000000 -4.68886597828e-08 5.12833381818e-08 -10000000 -4.80718177459e-09 4.57077648431e-08 -10000000 -4.28901251438e-08 1.40191253308e-08 -10000000 -1.51004757068e-08 6.37426776768e-08 -10000000 -2.00374526957e-08 3.52102496405e-08 -10000000 -2.6921253962e-08 2.93465731668e-08 -10000000 -7.80581458908e-09 7.90054254184e-08 -10000000 -9.16875354976e-09 6.92584621661e-08 -10000000 -4.06186610606e-08 6.78792489218e-08 -10000000 -3.15962366271e-08 6.87909319509e-08 -10000000 -1.72678855088e-08 1.07402448433e-07 -10000000 -3.27660206831e-09 4.69614515839e-08 -10000000 -1.24044337982e-08 3.11705836767e-08 -10000000 -7.44353598114e-09 5.65708017921e-08 -10000000 -4.58188296415e-08 2.53349634404e-09 -10000000 -1.67100696693e-08 5.02197135787e-09 -10000000 -3.22547978407e-08 -1.09546891107e-08 -10000000 -1.5611403524e-08 2.66708590976e-08 -10000000 -2.98288553985e-08 8.92066359836e-09 -10000000 -2.05632617159e-08 4.0769635433e-08 -10000000 -5.53564059236e-08 -9.16096543285e-09 -10000000 -4.01992025674e-08 -9.93102601621e-09 -10000000 -1.04427324783e-08 6.57594128997e-08 -10000000 -1.45176947272e-08 8.46191210207e-08 -10000000 -3.53549930301e-08 5.8032697722e-08 -10000000 1.11432322082e-08 7.87526793065e-08 -10000000 -2.19063242582e-08 7.99742867855e-08 -10000000 -7.76886257552e-09 7.8083716959e-08 -10000000 -2.38534252191e-08 4.45287863756e-08 -10000000 -2.39770648824e-08 3.42382439634e-08 -10000000 -2.31718538207e-08 4.00287924212e-08 -10000000 -3.26678004262e-08 3.30170463917e-08 -10000000 -2.38506820109e-08 3.65399520901e-08 -10000000 2.82523708099e-09 8.8298856079e-08 -10000000 2.10635088869e-09 6.27137003045e-08 -10000000 -5.95434580607e-08 5.85271163412e-09 -10000000 -2.74723583136e-08 4.82874178562e-08 -10000000 -4.45539695728e-09 7.34023713093e-08 -10000000 -2.17830166494e-08 3.87796536361e-08 -10000000 -5.39099578449e-08 3.71170476714e-08 -10000000 -7.61642010857e-08 4.14433313508e-08 -10000000 -4.63383865577e-08 1.04383066021e-07 -10000000 -5.62459688128e-08 6.90710567674e-08 -10000000 -3.97344979375e-08 7.68709856003e-08 -10000000 -3.91754044815e-08 5.48914729281e-08 -10000000 -3.94692929106e-08 1.903840393e-08 -10000000 -3.56379186149e-08 1.68659479703e-08 -10000000 -1.06410263458e-08 3.25271068493e-08 -10000000 -1.46048484036e-08 4.76202336738e-08 -10000000 -2.45629550125e-08 1.99529082682e-08 -10000000 -2.27493387474e-08 4.03086497896e-08 -10000000 -3.61726924128e-08 5.55907680936e-08 -10000000 -5.29403102437e-08 3.66336759034e-09 -10000000 -1.4628035728e-08 8.23526492008e-08 -10000000 -3.31275191076e-08 6.50835249491e-08 -10000000 -1.99450887613e-08 5.31899785231e-08 -10000000 -3.88972191867e-08 4.30458379282e-08 -10000000 -2.14342172251e-08 4.27149380551e-08 -10000000 -1.16329475656e-08 5.84707120473e-08 -10000000 1.0807534597e-08 8.45560165329e-08 -10000000 -1.46973903584e-08 7.90750633287e-08 -10000000 -4.74858093513e-08 4.55808313578e-08 -10000000 -4.37653521238e-08 6.76304930983e-08 -10000000 -5.69990017811e-09 6.06978243612e-08 -10000000 -4.17188523157e-08 5.41752917512e-08 -10000000 -2.44752099725e-08 4.69932593659e-08 -10000000 -6.07892130521e-08 -1.08553049896e-09 -10000000 -5.84850413201e-10 5.97238339013e-08 -10000000 5.06258272842e-09 4.89541265993e-08 -10000000 -2.49405615363e-08 6.04804962141e-08 -10000000 -1.3685374994e-08 3.94131611178e-08 -10000000 -3.79417075857e-09 5.16242372692e-08 -10000000 -3.19432642257e-08 4.54241584933e-08 -10000000 -1.74080430872e-08 7.44806546128e-08 -10000000 -2.38288327347e-09 3.28448924848e-08 -10000000 1.25533540928e-08 5.42457575715e-08 -10000000 1.02893937308e-09 4.86305107662e-08 -10000000 -3.42851983466e-08 2.73196815906e-08 -10000000 -1.94742519389e-09 3.51424226748e-08 -10000000 -1.01928445906e-08 4.18287082971e-08 -10000000 -1.79734900244e-08 4.8916682566e-08 -10000000 -1.48593051691e-08 3.36254550476e-08 -10000000 -1.95348653034e-08 4.99192643002e-08 -10000000 -1.71353740291e-08 3.41552940802e-08 -10000000 -1.50906615795e-08 5.27393766583e-08 -10000000 -3.19634206943e-08 3.08691166691e-08 -10000000 -3.66435324184e-08 4.21383356086e-08 -10000000 -7.73851536022e-09 6.27253523698e-08 -10000000 -2.6228365993e-08 5.96628464217e-08 -10000000 -1.59367903782e-08 6.21148680362e-08 -10000000 -1.43677289463e-08 6.12365375138e-08 -10000000 -4.56744214517e-10 8.36238501277e-08 -10000000 -2.2356841071e-08 5.62784748464e-08 -10000000 -1.28626910093e-09 8.34056371177e-08 -10000000 -8.53975319107e-09 4.95877956673e-08 -10000000 -2.63127312254e-08 1.52215260186e-08 -10000000 -3.64727575486e-08 4.85217433577e-08 -10000000 -5.8590108717e-08 1.01368858978e-07 -10000000 -3.51120912277e-08 1.54146187746e-08 -10000000 -4.94136054835e-08 5.32553111038e-08 -10000000 -5.46367214355e-08 -7.16687941882e-09 -10000000 -5.87734594859e-08 2.207352928e-08 -10000000 -6.52763876302e-09 7.4071808487e-08 -10000000 -1.77346569932e-08 2.18382970876e-08 -10000000 -4.39300971919e-08 5.86857392335e-08 -10000000 -1.30694431144e-08 4.91581928808e-08 -10000000 -4.3658575992e-08 5.0514144944e-08 -10000000 -7.30257658121e-08 5.52724292335e-08 -10000000 -6.53095371727e-08 5.84410331849e-08 -10000000 -3.1087208703e-08 1.11122742459e-07 -10000000 -3.76621268196e-08 8.49267474813e-08 -10000000 6.97732863446e-10 7.32958456898e-08 -10000000 -1.82708875273e-08 1.94867808886e-08 -10000000 -3.28971916102e-08 2.74955206774e-08 -10000000 -8.65042872128e-09 4.70092772633e-08 -10000000 -3.33956116282e-08 4.07996260964e-08 -10000000 -3.04037692162e-08 3.893119154e-08 -10000000 -1.03808971471e-08 4.31227064109e-08 -10000000 -2.78114336279e-08 6.46651983663e-08 -10000000 -2.8634633465e-08 2.33377363219e-08 -10000000 7.92087225126e-09 1.19321074506e-07 -10000000 6.92732731214e-10 6.42379130178e-08 -10000000 -3.95598851277e-08 5.08355405846e-08 -10000000 -4.83860085051e-08 -2.27128724992e-09 -10000000 -3.75114291164e-08 -1.79461681681e-09 -10000000 -2.05042525654e-08 6.59697273444e-08 -10000000 -3.23488385673e-08 1.17701916782e-08 -10000000 -5.44968630172e-08 1.15653712084e-07 -10000000 -1.90600910756e-08 2.87613678945e-08 -10000000 -1.31452381854e-08 7.43464359458e-08 -10000000 -6.70779481192e-08 5.00289242376e-08 -10000000 -2.6607824869e-08 1.84342438523e-08 -10000000 -2.35065208449e-08 2.80544794176e-08 -10000000 -5.56079271487e-08 4.00425138245e-08 -10000000 -4.52651987964e-08 4.56623804826e-08 -10000000 -7.19981160893e-08 5.52265487248e-08 -10000000 -2.52185861008e-08 3.60141669449e-08 -10000000 -2.51049615506e-08 2.03008892699e-08 -10000000 -3.77986726563e-08 9.43491103117e-09 -10000000 -4.01088101873e-08 3.50665715607e-08 -10000000 -2.52529674887e-08 4.00299523392e-08 -10000000 -3.06503679044e-08 3.85582944085e-08 -10000000 -5.18165976369e-08 2.27782507986e-08 -10000000 -3.5761361883e-08 2.75291355538e-08 -10000000 -2.58315441581e-08 2.92221404063e-08 -10000000 -3.51919813839e-08 2.76998238864e-08 -10000000 -3.4093256343e-08 2.94449588501e-08 -10000000 -2.9009630942e-08 2.78745815541e-08 -10000000 -1.97402096056e-08 3.07632853911e-08 -10000000 -3.21484143918e-08 2.97951618148e-08 -10000000 -2.69469927224e-08 2.76454846533e-08 -10000000 -2.42836436628e-08 2.79983507502e-08 -10000000 -2.99622489949e-08 2.47017316398e-08 -10000000 -1.15352356285e-08 3.55999457261e-08 -10000000 -1.10158852932e-08 4.1849314817e-08 -10000000 -2.96024388536e-08 1.40973731778e-08 -10000000 -9.67826125559e-09 3.95533432194e-08 -10000000 -1.88892944635e-08 3.46190588304e-08 -10000000 -2.92956492476e-08 1.17751433127e-08 -10000000 -8.85033000358e-09 2.51848548474e-08 -10000000 -3.03820543337e-08 4.15990129897e-08 -10000000 -1.81225290573e-08 2.03188981291e-08 -10000000 -9.2289250991e-09 3.03000983498e-08 -10000000 -2.16599650922e-08 2.45781091593e-08 -10000000 -2.48094568567e-08 2.54414257467e-08 -10000000 -5.96103954713e-08 4.22412294547e-08 -10000000 -3.94354764851e-08 1.14292762056e-08 -10000000 -5.81117211664e-08 4.50421610359e-08 -10000000 -4.00598199212e-08 3.44360643745e-08 -10000000 -4.56838996671e-09 2.90498473509e-08 -10000000 -6.35816096016e-08 3.77684522418e-08 -10000000 -2.59477408056e-08 4.03614128393e-08 -10000000 -3.34627686597e-08 4.75421746407e-08 -10000000 -3.98213137775e-08 5.25041163388e-08 -10000000 -2.86152422474e-08 2.75332645504e-08 -10000000 -5.12779483664e-08 5.22635980912e-08 -10000000 -2.40820085319e-08 4.25372610215e-08 -10000000 -4.32113199399e-08 1.32925822304e-08 -10000000 -4.90558607826e-08 2.75655923734e-08 -10000000 -6.79363144793e-09 4.20601980039e-08 -10000000 -3.00647765191e-08 2.71931985807e-08 -10000000 -3.84008051743e-08 4.8197154506e-08 -10000000 -3.66972401398e-08 3.04274435214e-08 -10000000 -6.37940218697e-08 3.93235212217e-08 -10000000 -4.96188416084e-08 6.45743299524e-08 -10000000 -1.90342024447e-08 2.05308750086e-09 -10000000 -2.70552252473e-08 2.866321188e-08 -10000000 -1.20153707012e-08 2.85189545602e-08 -10000000 -2.81652849158e-08 3.01443453869e-08 -10000000 -3.88962735702e-08 6.09957821637e-08 -10000000 -1.94941952241e-08 4.001015694e-08 -10000000 -2.90872106497e-08 4.32316722517e-08 -10000000 -2.88626490591e-08 5.34920747924e-10 -10000000 -2.36815608865e-08 2.03287996179e-08 -10000000 -3.21459408569e-08 1.43881267659e-08 -10000000 -4.00688028775e-08 3.75585975006e-08 -10000000 -3.43731529763e-08 4.05681111735e-08 -10000000 -2.47812361952e-08 1.83551104304e-08 -10000000 -2.93302913473e-08 4.42563986816e-08 -10000000 -5.58473473135e-08 2.02153038097e-08 -10000000 -3.94365367459e-08 6.65980288553e-09 -10000000 -4.27672216035e-08 4.30711949439e-08 -10000000 -5.75530445468e-08 2.97131518699e-08 -10000000 -3.47484456524e-08 3.61877623586e-08 -10000000 -7.72167229415e-08 7.96250649118e-08 -10000000 -6.10384811882e-08 5.47054876808e-08 -10000000 -3.23553949928e-08 1.51259273624e-08 -10000000 -4.5709573381e-08 -2.86056196127e-09 -10000000 -2.7896532847e-08 1.89594181406e-08 -10000000 -6.83316616549e-08 4.98964639056e-08 -10000000 -2.27296295474e-08 3.1206120168e-08 -10000000 -6.30620673969e-08 2.55763337687e-08 -10000000 -1.45642096327e-08 1.72916543155e-08 -10000000 -4.9395324113e-08 4.16786513519e-08 -10000000 -5.85346765421e-08 4.76425679936e-08 -10000000 -5.17949332203e-08 3.76286437454e-08 -10000000 -3.1510940319e-08 6.53985378708e-09 -10000000 -1.55905608663e-08 3.82010033722e-08 -10000000 -5.93175050878e-08 3.34150959814e-08 -10000000 -4.97508222771e-08 3.37936078067e-08 -10000000 -1.03425285033e-08 3.94774030458e-08 -10000000 -2.39720594061e-08 2.93414767593e-09 -10000000 -3.11250767602e-08 1.34382632227e-08 -10000000 -4.4081536658e-08 3.64490571207e-08 -10000000 -1.73589552883e-08 2.80026418553e-08 -10000000 -2.82711480333e-08 3.78784756452e-08 -10000000 -5.80570869127e-08 2.76189577674e-08 -10000000 -4.55489224931e-08 -9.06441535897e-09 -10000000 -7.24341214004e-08 -9.40584984398e-09 -10000000 -3.60539470724e-08 3.0717223635e-08 -10000000 -5.78978604406e-08 2.56289884217e-08 -10000000 -2.61515278869e-08 2.83528357906e-08 -10000000 -4.43984374641e-08 5.01475633574e-08 -10000000 -2.29945003807e-08 3.21719082514e-08 -10000000 -2.32897057098e-08 2.88323685324e-08 -10000000 -4.07483619054e-08 2.4320866492e-08 -10000000 -4.75061418876e-08 2.74439014261e-08 -10000000 -3.77177346237e-08 2.53866655348e-08 -10000000 -1.61520246918e-08 2.51249594973e-08 -10000000 -3.99103962487e-08 3.16359533742e-08 -10000000 -2.76036041912e-08 3.47855340455e-08 -10000000 -9.51097934501e-09 3.28975239965e-08 -10000000 -2.81398450827e-08 1.19414845885e-08 -10000000 -8.27252448157e-09 2.87705761479e-08 -10000000 -5.07102347767e-08 3.11524607098e-08 -10000000 -6.399223043e-08 -5.65995212157e-09</DataArray>
        <DataArray type="Float64" Name="ShellTopNodalVonMises" format="ascii">0 0 0 0 0 0 0 0 0 0 0 0 0 0 0 0 0 0 0 0 0 0 0 0 0 0 0 0 0 0 0 0 0 0 0 0 0 0 0 0 0 0 0 0 0 0 0 0 0 0 0 0 0 0 0 0 0 0 0 0 0 0 0 0 0 0 0 0 0 0 0 0 0 0 0 0 0 0 0 0 0 0 0 0 0 0 0 0 0 0 0 0 0 0 0 0 0 0 0 0 0 0 0 0 0 0 0 0 0 0 0 0 0 0 0 0 0 0 0 0 0 0 0 0 0 0 0 0 0 0 0 0 0 0 0 0 0 0 0 0 0 0 0 0 0 0 0 0 0 0 0 0 0 0 0 0 0 0 0 0 0 0 0 0 0 0 0 0 0 0 0 0 0 0 0 0 0 0 0 0 0 0 0 0 0 0 0 0 0 0 0 0 0 0 0 0 0 0 0 0 0 0 0 0 0 0 0 0 0 0 0 0 0 0 0 0 0 0 0 0 0 0 0 0 0 0 0 0 0 0 0 0 0 0 0 0 0 0 0 0 0 0 0 0 0 0 0 0 0 0 0 0 0 0 0 0 0 0 0 0 0 0 0 0 0 0 0 0 0 0 0 0 0 0 0 0 0 0 0 0 0 0 0 0 0 0 0 0 0 0 0 0 0 0 0 0 0 0 0 0 0 0 0 0 0 0 0 0 0 0 0 0 0 0 0 0 0 0 0 0 0 0 0 0 0 0 0 0 0 0 0 0 0 0 0 0 0 0 0 0 0 0 0 0 0 0 0 0 0 0 0 0 0 0 0 0 0 0 0 0 0 0 0 0 0 0 0 0 0 0 0 0 0 0 0 0 0 0 0 0 0 0 0 0 0 0 0 0 0 0 0 0 0 0 0 0 0 0 0 0 0 0 0 0 0 0 0 0 0 0 0 0 0 0 0 0 0 0 0 0 0 0 0 0 0 0 0 0 0 0 0 0 0 0 0 0 0 0 0 0 0 0 0 0 0 0 0 0 0 0 0 0 0 0 0 0 0 0 0 0 0 0 0 0 0 0 0 0 0 0 0 0 0 0 0 0 0 0 0 0 0 0 0 0 0 0 0 0 0 0 0 0 0 0 0 0 0 0 0 0 0 0 0 0 0 0 0 0 0 0 0 0 0 0 0 0 0 0 0 0 0 0 0 0 0 0 0 0 0 0 0 0 0 0 0 0 0 0 0 0 0 0 0 0 0 0 0 0 0 0 0 0 0 0 0 0 0 0 0 0 0 0 0 0 0 0 0 0 0 0 0 0 0 0 0 0 0 0 0 0 0 0 0 0 0 0 0 0 0 0 0 0 0 0 0 0 0 0 0 0 0 0 0 0 0 0 0 0 0 0 0 0 0 0 0 0 0 0 0 0 0 0 0 0 0 0 0 0 0 0 0 0 0 0 0 0 0 0 0 0 0 0 0 0 0 0 0 0 0 0 0 0 0 0 0 0 0 0 0 0 0 0 0 0 0 0 0 0 0 0 0 0 0 0 0 0 0 0 0 0 0 0 0 0 0 0 0 0 0 0 0 0 0 0 0 0 0 0 0 0 0 0 0 0 0 0 0 0 0 0 0 0 0 0 0 0 0 0 0 0 0 0 0 0 0 0 0 0 0 0 0 0 0 0 0 0 0</DataArray>
        <DataArray type="Float64" Name="ShellBottomNodalVonMises" format="ascii">0 0 0 0 0 0 0 0 0 0 0 0 0 0 0 0 0 0 0 0 0 0 0 0 0 0 0 0 0 0 0 0 0 0 0 0 0 0 0 0 0 0 0 0 0 0 0 0 0 0 0 0 0 0 0 0 0 0 0 0 0 0 0 0 0 0 0 0 0 0 0 0 0 0 0 0 0 0 0 0 0 0 0 0 0 0 0 0 0 0 0 0 0 0 0 0 0 0 0 0 0 0 0 0 0 0 0 0 0 0 0 0 0 0 0 0 0 0 0 0 0 0 0 0 0 0 0 0 0 0 0 0 0 0 0 0 0 0 0 0 0 0 0 0 0 0 0 0 0 0 0 0 0 0 0 0 0 0 0 0 0 0 0 0 0 0 0 0 0 0 0 0 0 0 0 0 0 0 0 0 0 0 0 0 0 0 0 0 0 0 0 0 0 0 0 0 0 0 0 0 0 0 0 0 0 0 0 0 0 0 0 0 0 0 0 0 0 0 0 0 0 0 0 0 0 0 0 0 0 0 0 0 0 0 0 0 0 0 0 0 0 0 0 0 0 0 0 0 0 0 0 0 0 0 0 0 0 0 0 0 0 0 0 0 0 0 0 0 0 0 0 0 0 0 0 0 0 0 0 0 0 0 0 0 0 0 0 0 0 0 0 0 0 0 0 0 0 0 0 0 0 0 0 0 0 0 0 0 0 0 0 0 0 0 0 0 0 0 0 0 0 0 0 0 0 0 0 0 0 0 0 0 0 0 0 0 0 0 0 0 0 0 0 0 0 0 0 0 0 0 0 0 0 0 0 0 0 0 0 0 0 0 0 0 0 0 0 0 0 0 0 0 0 0 0 0 0 0 0 0 0 0 0 0 0 0 0 0 0 0 0 0 0 0 0 0 0 0 0 0 0 0 0 0 0 0 0 0 0 0 0 0 0 0 0 0 0 0 0 0 0 0 0 0 0 0 0 0 0 0 0 0 0 0 0 0 0 0 0 0 0 0 0 0 0 0 0 0 0 0 0 0 0 0 0 0 0 0 0 0 0 0 0 0 0 0 0 0 0 0 0 0 0 0 0 0 0 0 0 0 0 0 0 0 0 0 0 0 0 0 0 0 0 0 0 0 0 0 0 0 0 0 0 0 0 0 0 0 0 0 0 0 0 0 0 0 0 0 0 0 0 0 0 0 0 0 0 0 0 0 0 0 0 0 0 0 0 0 0 0 0 0 0 0 0 0 0 0 0 0 0 0 0 0 0 0 0 0 0 0 0 0 0 0 0 0 0 0 0 0 0 0 0 0 0 0 0 0 0 0 0 0 0 0 0 0 0 0 0 0 0 0 0 0 0 0 0 0 0 0 0 0 0 0 0 0 0 0 0 0 0 0 0 0 0 0 0 0 0 0 0 0 0 0 0 0 0 0 0 0 0 0 0 0 0 0 0 0 0 0 0 0 0 0 0 0 0 0 0 0 0 0 0 0 0 0 0 0 0 0 0 0 0 0 0 0 0 0 0 0 0 0 0 0 0 0 0 0 0 0 0 0 0 0 0 0 0 0 0 0 0 0 0 0 0 0 0 0 0 0 0 0 0 0 0 0 0 0 0 0 0 0 0 0 0 0 0 0 0 0 0 0 0 0 0 0 0 0 0 0 0 0 0 0 0 0 0</DataArray>
      </PointData>
      <CellData Scalars="VonMises">
        <DataArray type="Int32" Name="ElementIndex" format="ascii">0 1 2 3 4 5 6 7 8 9 10 11 12 13 14 15 16 17 18 19 20 21 22 23 24 25 26 27 28 29 30 31 32 33 34 35 36 37 38 39 40 41 42 43 44 45 46 47 48 49 50 51 52 53 54 55 56 57 58 59 60 61 62 63 64 65 66 67 68 69 70 71 72 73 74 75 76 77 78 79 80 81 82 83 84 85 86 87 88 89 90 91 92 93 94 95 96 97 98 99 100 101 102 103 104 105 106 107 108 109 110 111 112 113 114 115 116 117 118 119 120 121 122 123 124 125 126 127 128 129 130 131 132 133 134 135 136 137 138 139 140 141 142 143 144 145 146 147 148 149 150 151 152 153 154 155 156 157 158 159 160 161 162 163 164 165 166 167 168 169 170 171 172 173 174 175 176 177 178 179 180 181 182 183 184 185 186 187 188 189 190 191 192 193 194 195 196 197 198 199 200 201 202 203 204 205 206 207 208 209 210 211 212 213 214 215 216 217 218 219 220 221 222 223 224 225 226 227 228 229 230 231 232 233 234 235 236 237 238 239 240 241 242 243 244 245 246 247 248 249 250 251 252 253 254 255 256 257 258 259 260 261 262 263 264 265 266 267 268 269 270 271 272 273 274 275 276 277 278 279 280 281 282 283 284 285 286 287 288 289 290 291 292 293 294 295 296 297 298 299 300 301 302 303 304 305 306 307 308 309 310 311 312 313 314 315 316 317 318 319 320 321 322 323 324 325 326 327 328 329 330 331 332 333 334 335 336 337 338 339 340 341 342 343 344 345 346 347 348 349 350 351 352 353 354 355 356 357 358 359 360 361 362 363 364 365 366 367 368 369 370 371 372 373 374 375 376 377 378 379 380 381 382 383 384 385 386 387 388 389 390 391 392 393 394 395 396 397 398 399 400 401 402 403 404 405 406 407 408 409 410 411 412 413 414 415 416 417 418 419 420 421 422 423 424 425 426 427 428 429 430 431 432 433 434 435 436 437 438 439 440 441 442 443 444 445 446 447 448 449 450 451 452 453 454 455 456 457 458 459 460 461 462 463 464 465 466 467 468 469 470 471 472 473 474 475 476 477 478 479 480 481 482 483 484 485 486 487 488 489 490 491 492 493 494 495 496 497 498 499 500 501 502 503 504 505 506 507 508 509 510 511 512 513 514 515 516 517 518 519 520 521 522 523 524 525 526 527 528 529 530 531 532 533 534 535 536 537 538 539 540 541 542 543 544 545 546 547 548 549 550 551 552 553 554 555 556 557 558 559 560 561 562 563 564 565 566 567 568 569 570 571 572 573 574 575 576 577 578 579 580 581 582 583 584 585 586 587 588 589 590 591 592 593 594 595 596 597 598 599 600 601 602 603 604 605 606 607 608 609 610 611 612 613 614 615 616 617 618 619 620 621 622 623 624 625 626 627 628 629 630 631 632 633 634 635 636 637 638 639 640 641 642 643 644 645 646 647 648 649 650 651 652 653 654 655 656 657 658 659 660 661 662 663 664 665 666 667 668 669 670 671 672 673 674 675 676 677 678 679 680 681 682 683 684 685 686 687 688 689 690 691 692 693 694 695 696 697 698 699 700 701 702 703 704 705 706 707 708 709 710 711 712 713 714 715 716 717 718 719 720 721 722 723 724 725 726 727 728 729 730 731 732 733 734 735 736 737 738 739 740 741 742 743 744 745 746 747 748 749 750 751 752 753 754 755 756 757 758 759 760 761 762 763 764 765 766 767 768 769 770 771 772 773 774 775 776 777 778 779 780 781 782 783 784 785 786 787 788 789 790 791 792 793 794 795 796 797 798 799 800 801 802 803 804 805 806 807 808 809 810 811 812 813 814 815 816 817 818 819 820 821 822 823 824 825 826 827 828 829 830 831 832 833 834 835 836 837 838 839 840 841 842 843 844 845 846 847 848 849 850 851 852 853 854 855 856 857 858 859 860 861 862 863 864 865 866 867 868 869 870 871 872 873 874 875 876 877 878 879 880 881 882 883 884 885 886 887 888 889 890 891 892 893 894 895 896 897 898 899 900 901 902 903 904 905 906 907 908 909 910 911 912 913 914 915 916 917 918 919 920 921 922 923 924 925 926 927 928 929 930 931 932 933 934 935 936 937 938 939 940 941 942 943 944 945 946 947 948 949 950 951 952 953 954 955 956 957 958 959 960 961 962 963 964 965 966 967 968 969 970 971 972 973 974 975 976 977 978 979 980 981 982 983 984 985 986 987 988 989 990 991 992 993 994 995 996 997 998 999 1000 1001 1002 1003 1004 1005 1006 1007 1008 1009 1010 1011 1012 1013 1014 1015 1016 1017 1018 1019 1020 1021 1022 1023 1024 1025 1026 1027 1028 1029 1030 1031 1032 1033 1034 1035 1036 1037 1038 1039 1040 1041 1042 1043 1044 1045 1046 1047 1048 1049 1050 1051 1052 1053 1054 1055 1056 1057 1058 1059 1060 1061 1062 1063 1064 1065 1066 1067 1068 1069 1070 1071 1072 1073 1074 1075 1076 1077 1078 1079 1080 1081 1082 1083 1084 1085 1086 1087 1088 1089 1090 1091 1092 1093 1094 1095 1096 1097 1098 1099 1100 1101 1102 1103 1104 1105 1106 1107 1108 1109 1110 1111 1112 1113 1114 1115 1116 1117 1118 1119 1120 1121 1122 1123 1124 1125 1126 1127 1128 1129 1130 1131 1132 1133 1134 1135 1136 1137 1138 1139 1140 1141 1142 1143 1144 1145 1146 1147 1148 1149 1150 1151 1152 1153 1154 1155 1156 1157 1158 1159 1160 1161 1162 1163 1164 1165 1166 1167 1168 1169 1170 1171 1172 1173 1174 1175 1176 1177 1178 1179 1180 1181 1182 1183 1184 1185 1186 1187 1188 1189 1190 1191 1192 1193 1194 1195 1196 1197 1198 1199 1200 1201 1202 1203 1204 1205 1206 1207 1208 1209 1210 1211 1212 1213 1214 1215 1216 1217 1218 1219 1220 1221 1222 1223 1224 1225 1226 1227 1228 1229 1230 1231 1232 1233 1234 1235 1236 1237 1238 1239 1240 1241 1242 1243 1244 1245 1246 1247 1248 1249 1250 1251 1252 1253 1254 1255 1256 1257 1258 1259 1260 1261 1262 1263 1264 1265 1266 1267 1268 1269 1270 1271 1272 1273 1274 1275 1276 1277 1278 1279 1280 1281 1282 1283 1284 1285 1286 1287 1288 1289 1290 1291 1292 1293 1294 1295 1296 1297 1298 1299 1300 1301 1302 1303 1304 1305 1306 1307 1308 1309 1310 1311 1312 1313 1314 1315 1316 1317 1318 1319 1320 1321 1322 1323 1324 1325 1326 1327 1328 1329 1330 1331 1332 1333 1334 1335 1336 1337 1338 1339 1340 1341 1342 1343 1344 1345 1346 1347 1348 1349 1350 1351 1352 1353 1354 1355 1356 1357 1358 1359 1360 1361 1362 1363 1364 1365 1366 1367 1368 1369 1370 1371 1372 1373 1374 1375 1376 1377 1378 1379 1380 1381 1382 1383 1384 1385 1386 1387 1388 1389 1390 1391 1392 1393 1394 1395 1396 1397 1398 1399 1400 1401 1402 1403 1404 1405 1406 1407 1408 1409 1410 1411 1412 1413 1414 1415 1416 1417 1418 1419 1420 1421 1422 1423 1424 1425 1426 1427 1428 1429 1430 1431 1432 1433 1434 1435 1436 1437 1438 1439 1440 1441 1442 1443 1444 1445 1446 1447 1448 1449 1450 1451 1452 1453 1454 1455 1456 1457 1458 1459 1460 1461 1462 1463 1464 1465 1466 1467 1468 1469 1470 1471 1472 1473 1474 1475 1476 1477 1478 1479 1480 1481 1482 1483 1484 1485 1486 1487 1488 1489 1490 1491 1492 1493 1494 1495 1496 1497 1498 1499 1500 1501 1502 1503 1504 1505 1506 1507 1508 1509 1510 1511 1512 1513 1514 1515 1516 1517 1518 1519 1520 1521 1522 1523 1524 1525 1526 1527 1528 1529 1530 1531 1532 1533 1534 1535 1536 1537 1538 1539 1540 1541 1542 1543 1544 1545 1546 1547 1548 1549 1550 1551 1552 1553 1554 1555 1556 1557 1558 1559 1560 1561 1562 1563 1564 1565 1566 1567 1568 1569 1570 1571 1572 1573 1574 1575 1576 1577 1578 1579 1580 1581 1582 1583 1584 1585 1586 1587 1588 1589 1590 1591 1592 1593 1594 1595 1596 1597 1598 1599 1600 1601 1602 1603 1604 1605 1606 1607 1608 1609 1610 1611 1612 1613 1614 1615 1616 1617 1618 1619 1620 1621 1622 1623 1624 1625 1626 1627 1628 1629 1630 1631 1632 1633 1634 1635 1636 1637 1638 1639 1640 1641 1642 1643 1644 1645 1646 1647 1648 1649 1650 1651 1652 1653 1654 1655 1656 1657 1658 1659 1660 1661 1662 1663 1664 1665 1666 1667 1668 1669 1670 1671 1672 1673 1674 1675 1676 1677 1678 1679 1680 1681 1682 1683 1684 1685 1686 1687 1688 1689 1690 1691 1692 1693 1694 1695 1696 1697 1698 1699 1700 1701 1702 1703 1704 1705 1706 1707 1708 1709 1710 1711 1712 1713 1714 1715 1716 1717 1718 1719 1720 1721 1722 1723 1724 1725 1726 1727 1728 1729 1730 1731 1732 1733 1734 1735 1736 1737 1738 1739 1740 1741 1742 1743 1744 1745 1746 1747 1748 1749 1750 1751 1752 1753 1754 1755 1756 1757 1758 1759 1760 1761 1762 1763 1764 1765 1766 1767 1768 1769 1770 1771 1772 1773 1774 1775 1776 1777 1778 1779 1780 1781 1782 1783 1784 1785 1786 1787 1788 1789 1790 1791 1792 1793 1794 1795 1796 1797 1798 1799 1800 1801 1802 1803 1804 1805 1806 1807 1808 1809 1810 1811 1812 1813 1814 1815 1816 1817 1818 1819 1820 1821 1822 1823 1824 1825 1826 1827 1828 1829 1830 1831 1832 1833 1834 1835 1836 1837 1838 1839 1840 1841 1842 1843 1844 1845 1846 1847 1848 1849 1850 1851 1852 1853 1854 1855 1856 1857 1858 1859 1860 1861 1862 1863 1864 1865 1866 1867 1868 1869 1870 1871 1872 1873 1874 1875 1876 1877 1878 1879 1880 1881 1882 1883 1884 1885 1886 1887 1888 1889 1890 1891 1892 1893 1894 1895 1896 1897 1898 1899 1900 1901 1902 1903 1904 1905 1906 1907 1908 1909 1910 1911 1912 1913 1914 1915 1916 1917 1918 1919 1920 1921 1922 1923 1924 1925 1926 1927 1928 1929 1930 1931 1932 1933 1934 1935 1936 1937 1938 1939 1940 1941 1942 1943 1944 1945 1946 1947 1948 1949 1950 1951 1952 1953 1954 1955 1956 1957 1958 1959 1960 1961 1962 1963 1964 1965 1966 1967 1968 1969 1970 1971 1972 1973 1974 1975 1976 1977 1978 1979 1980 1981 1982 1983 1984 1985 1986 1987 1988 1989 1990 1991 1992 1993 1994 1995 1996 1997 1998 1999 2000 2001 2002 2003 2004 2005 2006 2007 2008 2009 2010 2011 2012 2013 2014 2015 2016 2017 2018 2019 2020 2021 2022 2023 2024 2025 2026 2027 2028 2029 2030 2031 2032 2033 2034 2035 2036 2037 2038 2039 2040 2041 2042 2043 2044 2045 2046 2047 2048 2049 2050 2051 2052 2053 2054 2055 2056 2057 2058 2059 2060 2061 2062 2063 2064 2065 2066 2067 2068 2069 2070 2071 2072 2073 2074 2075 2076 2077 2078 2079 2080 2081 2082 2083 2084 2085 2086 2087 2088 2089 2090 2091 2092 2093 2094 2095 2096 2097 2098 2099 2100 2101 2102 2103 2104 2105 2106 2107 2108 2109 2110 2111 2112 2113 2114 2115 2116 2117 2118 2119 2120 2121 2122 2123 2124 2125 2126 2127 2128 2129 2130 2131 2132 2133 2134 2135 2136 2137 2138 2139 2140 2141 2142 2143 2144 2145 2146 2147 2148 2149 2150 2151 2152 2153 2154 2155 2156 2157 2158 2159 2160 2161 2162 2163 2164 2165 2166 2167 2168 2169 2170 2171 2172 2173 2174 2175 2176 2177 2178 2179 2180 2181 2182 2183 2184 2185 2186 2187 2188 2189 2190 2191 2192 2193 2194 2195 2196 2197 2198 2199 2200 2201 2202 2203 2204 2205 2206 2207 2208 2209 2210 2211 2212 2213 2214 2215 2216 2217 2218 2219 2220 2221 2222 2223 2224 2225 2226 2227 2228 2229 2230 2231 2232 2233 2234 2235 2236 2237 2238 2239 2240 2241 2242 2243 2244 2245 2246 2247 2248 2249 2250 2251 2252 2253 2254 2255 2256 2257 2258 2259 2260 2261 2262 2263 2264 2265 2266 2267 2268 2269 2270 2271 2272 2273 2274 2275 2276 2277 2278 2279 2280 2281 2282 2283 2284 2285 2286 2287 2288 2289 2290 2291 2292 2293 2294 2295 2296 2297 2298 2299 2300 2301 2302 2303 2304 2305 2306 2307 2308 2309 2310 2311 2312 2313 2314 2315 2316 2317 2318 2319 2320 2321 2322 2323 2324 2325 2326 2327 2328 2329 2330 2331 2332 2333 2334 2335 2336 2337 2338 2339 2340 2341 2342 2343 2344 2345 2346 2347 2348 2349 2350 2351 2352 2353 2354 2355 2356 2357 2358 2359 2360 2361 2362 2363 2364 2365 2366 2367 2368 2369 2370 2371 2372 2373 2374 2375 2376 2377 2378 2379 2380 2381 2382 2383 2384 2385 2386 2387 2388 2389 2390 2391 2392 2393 2394 2395 2396 2397 2398 2399 2400 2401</DataArray>
        <DataArray type="Float64" Name="VonMises" format="ascii">10000000 10000000 10000000 10000000 10000000 10000000 10000000 10000000 10000000 10000000 10000000 10000000 10000000 10000000 10000000 10000000 10000000 10000000 10000000 10000000 10000000 10000000 10000000 10000000 10000000 10000000 10000000 10000000 10000000 10000000 10000000 10000000 10000000 10000000 10000000 10000000 10000000 10000000 10000000 10000000 10000000 10000000 10000000 10000000 10000000 10000000 10000000 10000000 10000000 10000000 10000000 10000000 10000000 10000000 10000000 10000000 10000000 10000000 10000000 10000000 10000000 10000000 10000000 10000000 10000000 10000000 10000000 10000000 10000000 10000000 10000000 10000000 10000000 10000000 10000000 10000000 10000000 10000000 10000000 10000000 10000000 10000000 10000000 10000000 10000000 10000000 10000000 10000000 10000000 10000000 10000000 10000000 10000000 10000000 10000000 10000000 10000000 10000000 10000000 10000000 10000000 10000000 10000000 10000000 10000000 10000000 10000000 10000000 10000000 10000000 10000000 10000000 10000000 10000000 10000000 10000000 10000000 10000000 10000000 10000000 10000000 10000000 10000000 10000000 10000000 10000000 10000000 10000000 10000000 10000000 10000000 10000000 10000000 10000000 10000000 10000000 10000000 10000000 10000000 10000000 10000000 10000000 10000000 10000000 10000000 10000000 10000000 10000000 10000000 10000000 10000000 10000000 10000000 10000000 10000000 10000000 10000000 10000000 10000000 10000000 10000000 10000000 10000000 10000000 10000000 10000000 10000000 10000000 10000000 10000000 10000000 10000000 10000000 10000000 10000000 10000000 10000000 10000000 10000000 10000000 10000000 10000000 10000000 10000000 10000000 10000000 10000000 10000000 10000000 10000000 10000000 10000000 10000000 10000000 10000000 10000000 10000000 10000000 10000000 10000000 10000000 10000000 10000000 10000000 10000000 10000000 10000000 10000000 10000000 10000000 10000000 10000000 10000000 10000000 10000000 10000000 10000000 10000000 10000000 10000000 10000000 10000000 10000000 10000000 10000000 10000000 10000000 10000000 10000000 10000000 10000000 10000000 10000000 10000000 10000000 10000000 10000000 10000000 10000000 10000000 10000000 10000000 10000000 10000000 10000000 10000000 10000000 10000000 10000000 10000000 10000000 10000000 10000000 10000000 10000000 10000000 10000000 10000000 10000000 10000000 10000000 10000000 10000000 10000000 10000000 10000000 10000000 10000000 10000000 10000000 10000000 10000000 10000000 10000000 10000000 10000000 10000000 10000000 10000000 10000000 10000000 10000000 10000000 10000000 10000000 10000000 10000000 10000000 10000000 10000000 10000000 10000000 10000000 10000000 10000000 10000000 10000000 10000000 10000000 10000000 10000000 10000000 10000000 10000000 10000000 10000000 10000000 10000000 10000000 10000000 10000000 10000000 10000000 10000000 10000000 10000000 10000000 10000000 10000000 10000000 10000000 10000000 10000000 10000000 10000000 10000000 10000000 10000000 10000000 10000000 10000000 10000000 10000000 10000000 10000000 10000000 10000000 10000000 10000000 10000000 10000000 10000000 10000000 10000000 10000000 10000000 10000000 10000000 10000000 10000000 10000000 10000000 10000000 10000000 10000000 10000000 10000000 10000000 10000000 10000000 10000000 10000000 10000000 10000000 10000000 10000000 10000000 10000000 10000000 10000000 10000000 10000000 10000000 10000000 10000000 10000000 10000000 10000000 10000000 10000000 10000000 10000000 10000000 10000000 10000000 10000000 10000000 10000000 10000000 10000000 10000000 10000000 10000000 10000000 10000000 10000000 10000000 10000000 10000000 10000000 10000000 10000000 10000000 10000000 10000000 10000000 10000000 10000000 10000000 10000000 10000000 10000000 10000000 10000000 10000000 10000000 10000000 10000000 10000000 10000000 10000000 10000000 10000000 10000000 10000000 10000000 10000000 10000000 10000000 10000000 10000000 10000000 10000000 10000000 10000000 10000000 10000000 10000000 10000000 10000000 10000000 10000000 10000000 10000000 10000000 10000000 10000000 10000000 10000000 10000000 10000000 10000000 10000000 10000000 10000000 10000000 10000000 10000000 10000000 10000000 10000000 10000000 10000000 10000000 10000000 10000000 10000000 10000000 10000000 10000000 10000000 10000000 10000000 10000000 10000000 10000000 10000000 10000000 10000000 10000000 10000000 10000000 10000000 10000000 10000000 10000000 10000000 10000000 10000000 10000000 10000000 10000000 10000000 10000000 10000000 10000000 10000000 10000000 10000000 10000000 10000000 10000000 10000000 10000000 10000000 10000000 10000000 10000000 10000000 10000000 10000000 10000000 10000000 10000000 10000000 10000000 10000000 10000000 10000000 10000000 10000000 10000000 10000000 10000000 10000000 10000000 10000000 10000000 10000000 10000000 10000000 10000000 10000000 10000000 10000000 10000000 10000000 10000000 10000000 10000000 10000000 10000000 10000000 10000000 10000000 10000000 10000000 10000000 10000000 10000000 10000000 10000000 10000000 10000000 10000000 10000000 10000000 10000000 10000000 10000000 10000000 10000000 10000000 10000000 10000000 10000000 10000000 10000000 10000000 10000000 10000000 10000000 10000000 10000000 10000000 10000000 10000000 10000000 10000000 10000000 10000000 10000000 10000000 10000000 10000000 10000000 10000000 10000000 10000000 10000000 10000000 10000000 10000000 10000000 10000000 10000000 10000000 10000000 10000000 10000000 10000000 10000000 10000000 10000000 10000000 10000000 10000000 10000000 10000000 10000000 10000000 10000000 10000000 10000000 10000000 10000000 10000000 10000000 10000000 10000000 10000000 10000000 10000000 10000000 10000000 10000000 10000000 10000000 10000000 10000000 10000000 10000000 10000000 10000000 10000000 10000000 10000000 10000000 10000000 10000000 10000000 10000000 10000000 10000000 10000000 10000000 10000000 10000000 10000000 10000000 10000000 10000000 10000000 10000000 10000000 10000000 10000000 10000000 10000000 10000000 10000000 10000000 10000000 10000000 10000000 10000000 10000000 10000000 10000000 10000000 10000000 10000000 10000000 10000000 10000000 10000000 10000000 10000000 10000000 10000000 10000000 10000000 10000000 10000000 10000000 10000000 10000000 10000000 10000000 10000000 10000000 10000000 10000000 10000000 10000000 10000000 10000000 10000000 10000000 10000000 10000000 10000000 10000000 10000000 10000000 10000000 10000000 10000000 10000000 10000000 10000000 10000000 10000000 10000000 10000000 10000000 10000000 10000000 10000000 10000000 10000000 10000000 10000000 10000000 10000000 10000000 10000000 10000000 10000000 10000000 10000000 10000000 10000000 10000000 10000000 10000000 10000000 10000000 10000000 10000000 10000000 10000000 10000000 10000000 10000000 10000000 10000000 10000000 10000000 10000000 10000000 10000000 10000000 10000000 10000000 10000000 10000000 10000000 10000000 10000000 10000000 10000000 10000000 10000000 10000000 10000000 10000000 10000000 10000000 10000000 10000000 10000000 10000000 10000000 10000000 10000000 10000000 10000000 10000000 10000000 10000000 10000000 10000000 10000000 10000000 10000000 10000000 10000000 10000000 10000000 10000000 10000000 10000000 10000000 10000000 10000000 10000000 10000000 10000000 10000000 10000000 10000000 10000000 10000000 10000000 10000000 10000000 10000000 10000000 10000000 10000000 10000000 10000000 10000000 10000000 10000000 10000000 10000000 10000000 10000000 10000000 10000000 10000000 10000000 10000000 10000000 10000000 10000000 10000000 10000000 10000000 10000000 10000000 10000000 10000000 10000000 10000000 10000000 10000000 10000000 10000000 10000000 10000000 10000000 10000000 10000000 10000000 10000000 10000000 10000000 10000000 10000000 10000000 10000000 10000000 10000000 10000000 10000000 10000000 10000000 10000000 10000000 10000000 10000000 10000000 10000000 10000000 10000000 10000000 10000000 10000000 10000000 10000000 10000000 10000000 10000000 10000000 10000000 10000000 10000000 10000000 10000000 10000000 10000000 10000000 10000000 10000000 10000000 10000000 10000000 10000000 10000000 10000000 10000000 10000000 10000000 10000000 10000000 10000000 10000000 10000000 10000000 10000000 10000000 10000000 10000000 10000000 10000000 10000000 10000000 10000000 10000000 10000000 10000000 10000000 10000000 10000000 10000000 10000000 10000000 10000000 10000000 10000000 10000000 10000000 10000000 10000000 10000000 10000000 10000000 10000000 10000000 10000000 10000000 10000000 10000000 10000000 10000000 10000000 10000000 10000000 10000000 10000000 10000000 10000000 10000000 10000000 10000000 10000000 10000000 10000000 10000000 10000000 10000000 10000000 10000000 10000000 10000000 10000000 10000000 10000000 10000000 10000000 10000000 10000000 10000000 10000000 10000000 10000000 10000000 10000000 10000000 10000000 10000000 10000000 10000000 10000000 10000000 10000000 10000000 10000000 10000000 10000000 10000000 10000000 10000000 10000000 10000000 10000000 10000000 10000000 10000000 10000000 10000000 10000000 10000000 10000000 10000000 10000000 10000000 10000000 10000000 10000000 10000000 10000000 10000000 10000000 10000000 10000000 10000000 10000000 10000000 10000000 10000000 10000000 10000000 10000000 10000000 10000000 10000000 10000000 10000000 10000000 10000000 10000000 10000000 10000000 10000000 10000000 10000000 10000000 10000000 10000000 10000000 10000000 10000000 10000000 10000000 10000000 10000000 10000000 10000000 10000000 10000000 10000000 10000000 10000000 10000000 10000000 10000000 10000000 10000000 10000000 10000000 10000000 10000000 10000000 10000000 10000000 10000000 10000000 10000000 10000000 10000000 10000000 10000000 10000000 10000000 10000000 10000000 10000000 10000000 10000000 10000000 10000000 10000000 10000000 10000000 10000000 10000000 10000000 10000000 10000000 10000000 10000000 10000000 10000000 10000000 10000000 10000000 10000000 10000000 10000000 10000000 10000000 10000000 10000000 10000000 10000000 10000000 10000000 10000000 10000000 10000000 10000000 10000000 10000000 10000000 10000000 10000000 10000000 10000000 10000000 10000000 10000000 10000000 10000000 10000000 10000000 10000000 10000000 10000000 10000000 10000000 10000000 10000000 10000000 10000000 10000000 10000000 10000000 10000000 10000000 10000000 10000000 10000000 10000000 10000000 10000000 10000000 10000000 10000000 10000000 10000000 10000000 10000000 10000000 10000000 10000000 10000000 10000000 10000000 10000000 10000000 10000000 10000000 10000000 10000000 10000000 10000000 10000000 10000000 10000000 10000000 10000000 10000000 10000000 10000000 10000000 10000000 10000000 10000000 10000000 10000000 10000000 10000000 10000000 10000000 10000000 10000000 10000000 10000000 10000000 10000000 10000000 10000000 10000000 10000000 10000000 10000000 10000000 10000000 10000000 10000000 10000000 10000000 10000000 10000000 10000000 10000000 10000000 10000000 10000000 10000000 10000000 10000000 10000000 10000000 10000000 10000000 10000000 10000000 10000000 10000000 10000000 10000000 10000000 10000000 10000000 10000000 10000000 10000000 10000000 10000000 10000000 10000000 10000000 10000000 10000000 10000000 10000000 10000000 10000000 10000000 10000000 10000000 10000000 10000000 10000000 10000000 10000000 10000000 10000000 10000000 10000000 10000000 10000000 10000000 10000000 10000000 10000000 10000000 10000000 10000000 10000000 10000000 10000000 10000000 10000000 10000000 10000000 10000000 10000000 10000000 10000000 10000000 10000000 10000000 10000000 10000000 10000000 10000000 10000000 10000000 10000000 10000000 10000000 10000000 10000000 10000000 10000000 10000000 10000000 10000000 10000000 10000000 10000000 10000000 10000000 10000000 10000000 10000000 10000000 10000000 10000000 10000000 10000000 10000000 10000000 10000000 10000000 10000000 10000000 10000000 10000000 10000000 10000000 10000000 10000000 10000000 10000000 10000000 10000000 10000000 10000000 10000000 10000000 10000000 10000000 10000000 10000000 10000000 10000000 10000000 10000000 10000000 10000000 10000000 10000000 10000000 10000000 10000000 10000000 10000000 10000000 10000000 10000000 10000000 10000000 10000000 10000000 10000000 10000000 10000000 10000000 10000000 10000000 10000000 10000000 10000000 10000000 10000000 10000000 10000000 10000000 10000000 10000000 10000000 10000000 10000000 10000000 10000000 10000000 10000000 10000000 10000000 10000000 10000000 10000000 10000000 10000000 10000000 10000000 10000000 10000000 10000000 10000000 10000000 10000000 10000000 10000000 10000000 10000000 10000000 10000000 10000000 10000000 10000000 10000000 10000000 10000000 10000000 10000000 10000000 10000000 10000000 10000000 10000000 10000000 10000000 10000000 10000000 10000000 10000000 10000000 10000000 10000000 10000000 10000000 10000000 10000000 10000000 10000000 10000000 10000000 10000000 10000000 10000000 10000000 10000000 10000000 10000000 10000000 10000000 10000000 10000000 10000000 10000000 10000000 10000000 10000000 10000000 10000000 10000000 10000000 10000000 10000000 10000000 10000000 10000000 10000000 10000000 10000000 10000000 10000000 10000000 10000000 10000000 10000000 10000000 10000000 10000000 10000000 10000000 10000000 10000000 10000000 10000000 10000000 10000000 10000000 10000000 10000000 10000000 10000000 10000000 10000000 10000000 10000000 10000000 10000000 10000000 10000000 10000000 10000000 10000000 10000000 10000000 10000000 10000000 10000000 10000000 10000000 10000000 10000000 10000000 10000000 10000000 10000000 10000000 10000000 10000000 10000000 10000000 10000000 10000000 10000000 10000000 10000000 10000000 10000000 10000000 10000000 10000000 10000000 10000000 10000000 10000000 10000000 10000000 10000000 10000000 10000000 10000000 10000000 10000000 10000000 10000000 10000000 10000000 10000000 10000000 10000000 10000000 10000000 10000000 10000000 10000000 10000000 10000000 10000000 10000000 10000000 10000000 10000000 10000000 10000000 10000000 10000000 10000000 10000000 10000000 10000000 10000000 10000000 10000000 10000000 10000000 10000000 10000000 10000000 10000000 10000000 10000000 10000000 10000000 10000000 10000000 10000000 10000000 10000000 10000000 10000000 10000000 10000000 10000000 10000000 10000000 10000000 10000000 10000000 10000000 10000000 10000000 10000000 10000000 10000000 10000000 10000000 10000000 10000000 10000000 10000000 10000000 10000000 10000000 10000000 10000000 10000000 10000000 10000000 10000000 10000000 10000000 10000000 10000000 10000000 10000000 10000000 10000000 10000000 10000000 10000000 10000000 10000000 10000000 10000000 10000000 10000000 10000000 10000000 10000000 10000000 10000000 10000000 10000000 10000000 10000000 10000000 10000000 10000000 10000000 10000000 10000000 10000000 10000000 10000000 10000000 10000000 10000000 10000000 10000000 10000000 10000000 10000000 10000000 10000000 10000000 10000000 10000000 10000000 10000000 10000000 10000000 10000000 10000000 10000000 10000000 10000000 10000000 10000000 10000000 10000000 10000000 10000000 10000000 10000000 10000000 10000000 10000000 10000000 10000000 10000000 10000000 10000000 10000000 10000000 10000000 10000000 10000000 10000000 10000000 10000000 10000000 10000000 10000000 10000000 10000000 10000000 10000000 10000000 10000000 10000000 10000000 10000000 10000000 10000000 10000000 10000000 10000000 10000000 10000000 10000000 10000000 10000000 10000000 10000000 10000000 10000000 10000000 10000000 10000000 10000000 10000000 10000000 10000000 10000000 10000000 10000000 10000000 10000000 10000000 10000000 10000000 10000000 10000000 10000000 10000000 10000000 10000000 10000000 10000000 10000000 10000000 10000000 10000000 10000000 10000000 10000000 10000000 10000000 10000000 10000000 10000000 10000000 10000000 10000000 10000000 10000000 10000000 10000000 10000000 10000000 10000000 10000000 10000000 10000000 10000000 10000000 10000000 10000000 10000000 10000000 10000000 10000000 10000000 10000000 10000000 10000000 10000000 10000000 10000000 10000000 10000000 10000000 10000000 10000000 10000000 10000000 10000000 10000000 10000000 10000000 10000000 10000000 10000000 10000000 10000000 10000000 10000000 10000000 10000000 10000000 10000000 10000000 10000000 10000000 10000000 10000000 10000000 10000000 10000000 10000000 10000000 10000000 10000000 10000000 10000000 10000000 10000000 10000000 10000000 10000000 10000000 10000000 10000000 10000000 10000000 10000000 10000000 10000000 10000000 10000000 10000000 10000000 10000000 10000000 10000000 10000000 10000000 10000000 10000000 10000000 10000000 10000000 10000000 10000000 10000000 10000000 10000000 10000000 10000000 10000000 10000000 10000000 10000000 10000000 10000000 10000000 10000000 10000000 10000000 10000000 10000000 10000000 10000000 10000000 10000000 10000000 10000000 10000000 10000000 10000000 10000000 10000000 10000000 10000000 10000000 10000000 10000000 10000000 10000000 10000000 10000000 10000000 10000000 10000000 10000000 10000000 10000000 10000000 10000000 10000000 10000000 10000000 10000000 10000000 10000000 10000000 10000000 10000000 10000000 10000000 10000000 10000000 10000000 10000000 10000000 10000000 10000000 10000000 10000000 10000000 10000000 10000000 10000000 10000000 10000000 10000000 10000000 10000000 10000000 10000000 10000000 10000000 10000000 10000000 10000000 10000000 10000000 10000000 10000000 10000000 10000000 10000000 10000000 10000000 10000000 10000000 10000000 10000000 10000000 10000000 10000000 10000000 10000000 10000000 10000000 10000000 10000000 10000000 10000000 10000000 10000000 10000000 10000000 10000000 10000000 10000000 10000000 10000000 10000000 10000000 10000000 10000000 10000000 10000000 10000000 10000000 10000000 10000000 10000000 10000000 10000000 10000000 10000000 10000000 10000000 10000000 10000000 10000000 10000000 10000000 10000000 10000000 10000000 10000000 10000000 10000000 10000000 10000000 10000000 10000000 10000000 10000000 10000000 10000000 10000000 10000000 10000000 10000000 10000000 10000000 10000000 10000000 10000000 10000000 10000000 10000000 10000000 10000000 10000000 10000000 10000000 10000000 10000000 10000000 10000000 10000000 10000000 10000000 10000000 10000000 10000000 10000000 10000000 10000000 10000000 10000000 10000000 10000000 10000000 10000000 10000000 10000000 10000000 10000000 10000000 10000000 10000000 10000000 10000000 10000000 10000000 10000000 10000000 10000000 10000000 10000000 10000000 10000000 10000000 10000000 10000000 10000000 10000000 10000000 10000000 10000000 10000000 10000000 10000000 10000000 10000000 10000000 10000000 10000000 10000000 10000000 10000000 10000000 10000000 10000000 10000000 10000000 10000000 10000000 10000000 10000000 10000000 10000000 10000000 10000000 10000000 10000000 10000000 10000000 10000000 10000000 10000000 10000000 10000000 10000000 10000000 10000000 10000000 10000000 10000000 10000000 10000000 10000000 10000000 10000000 10000000 10000000 10000000 10000000 10000000 10000000 10000000 10000000 10000000 10000000 10000000 10000000 10000000 10000000 10000000 10000000 10000000 10000000 10000000 10000000 10000000 10000000 10000000 10000000 10000000 10000000 10000000 10000000 10000000 10000000 10000000 10000000 10000000 10000000 10000000 10000000 10000000 10000000 10000000 10000000 10000000 10000000 10000000 10000000 10000000 10000000 10000000 10000000 10000000 10000000 10000000 10000000 10000000 10000000 10000000 10000000 10000000 10000000 10000000 10000000 10000000 10000000 10000000 10000000 10000000 10000000 10000000 10000000 10000000 10000000 10000000 10000000 10000000 10000000 10000000 10000000 10000000 10000000 10000000 10000000 10000000 10000000 10000000 10000000 10000000 10000000 10000000 10000000 10000000 10000000 10000000 10000000 10000000 10000000 10000000 10000000 10000000 10000000 10000000 10000000 10000000 10000000 10000000 10000000 10000000 10000000 10000000 10000000 10000000 10000000 10000000 10000000 10000000 10000000 10000000 10000000 10000000 10000000 10000000 10000000 10000000 10000000 10000000 10000000 10000000 10000000 10000000 10000000 10000000 10000000 10000000 10000000 10000000 10000000 10000000 10000000 10000000 10000000 10000000 10000000 10000000 10000000 10000000 10000000 10000000 10000000 10000000 10000000 10000000 10000000 10000000 10000000 10000000 10000000 10000000 10000000 10000000 10000000 10000000 10000000 10000000 10000000 10000000 10000000 10000000 10000000 10000000 10000000 10000000 10000000 10000000 10000000 10000000 10000000 10000000 10000000 10000000 10000000 10000000 10000000 10000000 10000000 10000000 10000000 10000000 10000000 10000000 10000000 10000000 10000000 10000000 10000000 10000000 10000000 10000000 10000000 10000000 10000000 10000000 10000000 10000000 10000000 10000000 10000000 10000000 10000000 10000000 10000000 10000000 10000000 10000000 10000000 10000000 10000000 10000000 10000000 10000000 10000000 10000000 10000000 10000000 10000000 10000000 10000000 10000000 10000000 10000000 10000000 10000000 10000000 10000000 10000000 10000000 10000000 10000000 10000000 10000000 10000000 10000000 10000000 10000000 10000000 10000000 10000000 10000000 10000000 10000000 10000000 10000000 10000000 10000000 10000000 10000000 10000000 10000000 10000000 10000000 10000000 10000000 10000000 10000000 10000000 10000000 10000000 10000000 10000000 10000000 10000000 10000000 10000000 10000000 10000000 10000000 10000000 10000000 10000000 10000000 10000000 10000000 10000000 10000000 10000000 10000000 10000000 10000000 10000000 10000000 10000000 10000000 10000000 10000000 10000000 10000000 10000000 10000000 10000000 10000000 10000000 10000000 10000000 10000000 10000000 10000000 10000000 10000000 10000000 10000000 10000000 10000000 10000000 10000000 10000000 10000000 10000000 10000000 10000000 10000000 10000000 10000000</DataArray>
        <DataArray type="Int32" Name="HasVonMises" format="ascii">1 1 1 1 1 1 1 1 1 1 1 1 1 1 1 1 1 1 1 1 1 1 1 1 1 1 1 1 1 1 1 1 1 1 1 1 1 1 1 1 1 1 1 1 1 1 1 1 1 1 1 1 1 1 1 1 1 1 1 1 1 1 1 1 1 1 1 1 1 1 1 1 1 1 1 1 1 1 1 1 1 1 1 1 1 1 1 1 1 1 1 1 1 1 1 1 1 1 1 1 1 1 1 1 1 1 1 1 1 1 1 1 1 1 1 1 1 1 1 1 1 1 1 1 1 1 1 1 1 1 1 1 1 1 1 1 1 1 1 1 1 1 1 1 1 1 1 1 1 1 1 1 1 1 1 1 1 1 1 1 1 1 1 1 1 1 1 1 1 1 1 1 1 1 1 1 1 1 1 1 1 1 1 1 1 1 1 1 1 1 1 1 1 1 1 1 1 1 1 1 1 1 1 1 1 1 1 1 1 1 1 1 1 1 1 1 1 1 1 1 1 1 1 1 1 1 1 1 1 1 1 1 1 1 1 1 1 1 1 1 1 1 1 1 1 1 1 1 1 1 1 1 1 1 1 1 1 1 1 1 1 1 1 1 1 1 1 1 1 1 1 1 1 1 1 1 1 1 1 1 1 1 1 1 1 1 1 1 1 1 1 1 1 1 1 1 1 1 1 1 1 1 1 1 1 1 1 1 1 1 1 1 1 1 1 1 1 1 1 1 1 1 1 1 1 1 1 1 1 1 1 1 1 1 1 1 1 1 1 1 1 1 1 1 1 1 1 1 1 1 1 1 1 1 1 1 1 1 1 1 1 1 1 1 1 1 1 1 1 1 1 1 1 1 1 1 1 1 1 1 1 1 1 1 1 1 1 1 1 1 1 1 1 1 1 1 1 1 1 1 1 1 1 1 1 1 1 1 1 1 1 1 1 1 1 1 1 1 1 1 1 1 1 1 1 1 1 1 1 1 1 1 1 1 1 1 1 1 1 1 1 1 1 1 1 1 1 1 1 1 1 1 1 1 1 1 1 1 1 1 1 1 1 1 1 1 1 1 1 1 1 1 1 1 1 1 1 1 1 1 1 1 1 1 1 1 1 1 1 1 1 1 1 1 1 1 1 1 1 1 1 1 1 1 1 1 1 1 1 1 1 1 1 1 1 1 1 1 1 1 1 1 1 1 1 1 1 1 1 1 1 1 1 1 1 1 1 1 1 1 1 1 1 1 1 1 1 1 1 1 1 1 1 1 1 1 1 1 1 1 1 1 1 1 1 1 1 1 1 1 1 1 1 1 1 1 1 1 1 1 1 1 1 1 1 1 1 1 1 1 1 1 1 1 1 1 1 1 1 1 1 1 1 1 1 1 1 1 1 1 1 1 1 1 1 1 1 1 1 1 1 1 1 1 1 1 1 1 1 1 1 1 1 1 1 1 1 1 1 1 1 1 1 1 1 1 1 1 1 1 1 1 1 1 1 1 1 1 1 1 1 1 1 1 1 1 1 1 1 1 1 1 1 1 1 1 1 1 1 1 1 1 1 1 1 1 1 1 1 1 1 1 1 1 1 1 1 1 1 1 1 1 1 1 1 1 1 1 1 1 1 1 1 1 1 1 1 1 1 1 1 1 1 1 1 1 1 1 1 1 1 1 1 1 1 1 1 1 1 1 1 1 1 1 1 1 1 1 1 1 1 1 1 1 1 1 1 1 1 1 1 1 1 1 1 1 1 1 1 1 1 1 1 1 1 1 1 1 1 1 1 1 1 1 1 1 1 1 1 1 1 1 1 1 1 1 1 1 1 1 1 1 1 1 1 1 1 1 1 1 1 1 1 1 1 1 1 1 1 1 1 1 1 1 1 1 1 1 1 1 1 1 1 1 1 1 1 1 1 1 1 1 1 1 1 1 1 1 1 1 1 1 1 1 1 1 1 1 1 1 1 1 1 1 1 1 1 1 1 1 1 1 1 1 1 1 1 1 1 1 1 1 1 1 1 1 1 1 1 1 1 1 1 1 1 1 1 1 1 1 1 1 1 1 1 1 1 1 1 1 1 1 1 1 1 1 1 1 1 1 1 1 1 1 1 1 1 1 1 1 1 1 1 1 1 1 1 1 1 1 1 1 1 1 1 1 1 1 1 1 1 1 1 1 1 1 1 1 1 1 1 1 1 1 1 1 1 1 1 1 1 1 1 1 1 1 1 1 1 1 1 1 1 1 1 1 1 1 1 1 1 1 1 1 1 1 1 1 1 1 1 1 1 1 1 1 1 1 1 1 1 1 1 1 1 1 1 1 1 1 1 1 1 1 1 1 1 1 1 1 1 1 1 1 1 1 1 1 1 1 1 1 1 1 1 1 1 1 1 1 1 1 1 1 1 1 1 1 1 1 1 1 1 1 1 1 1 1 1 1 1 1 1 1 1 1 1 1 1 1 1 1 1 1 1 1 1 1 1 1 1 1 1 1 1 1 1 1 1 1 1 1 1 1 1 1 1 1 1 1 1 1 1 1 1 1 1 1 1 1 1 1 1 1 1 1 1 1 1 1 1 1 1 1 1 1 1 1 1 1 1 1 1 1 1 1 1 1 1 1 1 1 1 1 1 1 1 1 1 1 1 1 1 1 1 1 1 1 1 1 1 1 1 1 1 1 1 1 1 1 1 1 1 1 1 1 1 1 1 1 1 1 1 1 1 1 1 1 1 1 1 1 1 1 1 1 1 1 1 1 1 1 1 1 1 1 1 1 1 1 1 1 1 1 1 1 1 1 1 1 1 1 1 1 1 1 1 1 1 1 1 1 1 1 1 1 1 1 1 1 1 1 1 1 1 1 1 1 1 1 1 1 1 1 1 1 1 1 1 1 1 1 1 1 1 1 1 1 1 1 1 1 1 1 1 1 1 1 1 1 1 1 1 1 1 1 1 1 1 1 1 1 1 1 1 1 1 1 1 1 1 1 1 1 1 1 1 1 1 1 1 1 1 1 1 1 1 1 1 1 1 1 1 1 1 1 1 1 1 1 1 1 1 1 1 1 1 1 1 1 1 1 1 1 1 1 1 1 1 1 1 1 1 1 1 1 1 1 1 1 1 1 1 1 1 1 1 1 1 1 1 1 1 1 1 1 1 1 1 1 1 1 1 1 1 1 1 1 1 1 1 1 1 1 1 1 1 1 1 1 1 1 1 1 1 1 1 1 1 1 1 1 1 1 1 1 1 1 1 1 1 1 1 1 1 1 1 1 1 1 1 1 1 1 1 1 1 1 1 1 1 1 1 1 1 1 1 1 1 1 1 1 1 1 1 1 1 1 1 1 1 1 1 1 1 1 1 1 1 1 1 1 1 1 1 1 1 1 1 1 1 1 1 1 1 1 1 1 1 1 1 1 1 1 1 1 1 1 1 1 1 1 1 1 1 1 1 1 1 1 1 1 1 1 1 1 1 1 1 1 1 1 1 1 1 1 1 1 1 1 1 1 1 1 1 1 1 1 1 1 1 1 1 1 1 1 1 1 1 1 1 1 1 1 1 1 1 1 1 1 1 1 1 1 1 1 1 1 1 1 1 1 1 1 1 1 1 1 1 1 1 1 1 1 1 1 1 1 1 1 1 1 1 1 1 1 1 1 1 1 1 1 1 1 1 1 1 1 1 1 1 1 1 1 1 1 1 1 1 1 1 1 1 1 1 1 1 1 1 1 1 1 1 1 1 1 1 1 1 1 1 1 1 1 1 1 1 1 1 1 1 1 1 1 1 1 1 1 1 1 1 1 1 1 1 1 1 1 1 1 1 1 1 1 1 1 1 1 1 1 1 1 1 1 1 1 1 1 1 1 1 1 1 1 1 1 1 1 1 1 1 1 1 1 1 1 1 1 1 1 1 1 1 1 1 1 1 1 1 1 1 1 1 1 1 1 1 1 1 1 1 1 1 1 1 1 1 1 1 1 1 1 1 1 1 1 1 1 1 1 1 1 1 1 1 1 1 1 1 1 1 1 1 1 1 1 1 1 1 1 1 1 1 1 1 1 1 1 1 1 1 1 1 1 1 1 1 1 1 1 1 1 1 1 1 1 1 1 1 1 1 1 1 1 1 1 1 1 1 1 1 1 1 1 1 1 1 1 1 1 1 1 1 1 1 1 1 1 1 1 1 1 1 1 1 1 1 1 1 1 1 1 1 1 1 1 1 1 1 1 1 1 1 1 1 1 1 1 1 1 1 1 1 1 1 1 1 1 1 1 1 1 1 1 1 1 1 1 1 1 1 1 1 1 1 1 1 1 1 1 1 1 1 1 1 1 1 1 1 1 1 1 1 1 1 1 1 1 1 1 1 1 1 1 1 1 1 1 1 1 1 1 1 1 1 1 1 1 1 1 1 1 1 1 1 1 1 1 1 1 1 1 1 1 1 1 1 1 1 1 1 1 1 1 1 1 1 1 1 1 1 1 1 1 1 1 1 1 1 1 1 1 1 1 1 1 1 1 1 1 1 1 1 1 1 1 1 1 1 1 1 1 1 1 1 1 1 1 1 1 1 1 1 1 1 1 1 1 1 1 1 1 1 1 1 1 1 1 1 1 1 1 1 1 1 1 1 1 1 1 1 1 1 1 1 1 1 1 1 1 1 1 1 1 1 1 1 1 1 1 1 1 1 1 1 1 1 1 1 1 1 1 1 1 1 1 1 1 1 1 1 1 1 1 1 1 1 1 1 1 1 1 1 1 1 1 1 1 1 1 1 1 1 1 1 1 1 1 1 1 1 1 1 1 1 1 1 1 1 1 1 1 1 1 1 1 1 1 1 1 1 1 1 1 1 1 1 1 1 1 1 1 1 1 1 1 1 1 1 1 1 1 1 1 1 1 1 1 1 1 1 1 1 1 1 1 1 1 1 1 1 1 1 1 1 1 1 1 1 1 1 1 1 1 1 1 1 1 1 1 1 1 1 1 1 1 1 1 1 1 1 1 1 1 1 1 1 1 1 1 1 1 1 1 1 1 1 1 1 1 1 1 1 1 1 1 1 1 1 1 1 1 1 1 1 1 1 1 1 1 1 1 1 1 1 1 1 1 1 1 1 1 1 1 1 1 1 1 1 1 1 1 1 1 1 1 1 1 1 1 1 1 1 1 1 1 1 1 1 1 1 1 1 1 1 1 1 1 1 1 1 1 1 1 1 1 1 1 1 1 1 1 1 1 1 1 1 1 1 1 1 1 1 1 1 1 1 1 1 1 1 1 1 1 1 1 1 1 1 1 1 1 1 1 1 1 1 1 1 1 1 1 1 1 1 1 1 1 1 1 1 1 1 1 1 1 1 1 1 1 1 1 1 1 1 1 1 1 1 1 1 1 1 1 1 1 1 1 1 1 1 1 1 1 1 1 1 1 1 1 1 1 1 1 1 1 1 1 1 1 1 1</DataArray>
        <DataArray type="Float64" Name="StressTrace" format="ascii">-10000000 -10000000 -10000000 -10000000 -10000000 -10000000 -10000000 -10000000 -10000000 -10000000 -10000000 -10000000 -10000000 -10000000 -10000000 -10000000 -10000000 -10000000 -10000000 -10000000 -10000000 -10000000 -10000000 -10000000 -10000000 -10000000 -10000000 -10000000 -10000000 -10000000 -10000000 -10000000 -10000000 -10000000 -10000000 -10000000 -10000000 -10000000 -10000000 -10000000 -10000000 -10000000 -10000000 -10000000 -10000000 -10000000 -10000000 -10000000 -10000000 -10000000 -10000000 -10000000 -10000000 -10000000 -10000000 -10000000 -10000000 -10000000 -10000000 -10000000 -10000000 -10000000 -10000000 -10000000 -10000000 -10000000 -10000000 -10000000 -10000000 -10000000 -10000000 -10000000 -10000000 -10000000 -10000000 -10000000 -10000000 -10000000 -10000000 -10000000 -10000000 -10000000 -10000000 -10000000 -10000000 -10000000 -10000000 -10000000 -10000000 -10000000 -10000000 -10000000 -10000000 -10000000 -10000000 -10000000 -10000000 -10000000 -10000000 -10000000 -10000000 -10000000 -10000000 -10000000 -10000000 -10000000 -10000000 -10000000 -10000000 -10000000 -10000000 -10000000 -10000000 -10000000 -10000000 -10000000 -10000000 -10000000 -10000000 -10000000 -10000000 -10000000 -10000000 -10000000 -10000000 -10000000 -10000000 -10000000 -10000000 -10000000 -10000000 -10000000 -10000000 -10000000 -10000000 -10000000 -10000000 -10000000 -10000000 -10000000 -10000000 -10000000 -10000000 -10000000 -10000000 -10000000 -10000000 -10000000 -10000000 -10000000 -10000000 -10000000 -10000000 -10000000 -10000000 -10000000 -10000000 -10000000 -10000000 -10000000 -10000000 -10000000 -10000000 -10000000 -10000000 -10000000 -10000000 -10000000 -10000000 -10000000 -10000000 -10000000 -10000000 -10000000 -10000000 -10000000 -10000000 -10000000 -10000000 -10000000 -10000000 -10000000 -10000000 -10000000 -10000000 -10000000 -10000000 -10000000 -10000000 -10000000 -10000000 -10000000 -10000000 -10000000 -10000000 -10000000 -10000000 -10000000 -10000000 -10000000 -10000000 -10000000 -10000000 -10000000 -10000000 -10000000 -10000000 -10000000 -10000000 -10000000 -10000000 -10000000 -10000000 -10000000 -10000000 -10000000 -10000000 -10000000 -10000000 -10000000 -10000000 -10000000 -10000000 -10000000 -10000000 -10000000 -10000000 -10000000 -10000000 -10000000 -10000000 -10000000 -10000000 -10000000 -10000000 -10000000 -10000000 -10000000 -10000000 -10000000 -10000000 -10000000 -10000000 -10000000 -10000000 -10000000 -10000000 -10000000 -10000000 -10000000 -10000000 -10000000 -10000000 -10000000 -10000000 -10000000 -10000000 -10000000 -10000000 -10000000 -10000000 -10000000 -10000000 -10000000 -10000000 -10000000 -10000000 -10000000 -10000000 -10000000 -10000000 -10000000 -10000000 -10000000 -10000000 -10000000 -10000000 -10000000 -10000000 -10000000 -10000000 -10000000 -10000000 -10000000 -10000000 -10000000 -10000000 -10000000 -10000000 -10000000 -10000000 -10000000 -10000000 -10000000 -10000000 -10000000 -10000000 -10000000 -10000000 -10000000 -10000000 -10000000 -10000000 -10000000 -10000000 -10000000 -10000000 -10000000 -10000000 -10000000 -10000000 -10000000 -10000000 -10000000 -10000000 -10000000 -10000000 -10000000 -10000000 -10000000 -10000000 -10000000 -10000000 -10000000 -10000000 -10000000 -10000000 -10000000 -10000000 -10000000 -10000000 -10000000 -10000000 -10000000 -10000000 -10000000 -10000000 -10000000 -10000000 -10000000 -10000000 -10000000 -10000000 -10000000 -10000000 -10000000 -10000000 -10000000 -10000000 -10000000 -10000000 -10000000 -10000000 -10000000 -10000000 -10000000 -10000000 -10000000 -10000000 -10000000 -10000000 -10000000 -10000000 -10000000 -10000000 -10000000 -10000000 -10000000 -10000000 -10000000 -10000000 -10000000 -10000000 -10000000 -10000000 -10000000 -10000000 -10000000 -10000000 -10000000 -10000000 -10000000 -10000000 -10000000 -10000000 -10000000 -10000000 -10000000 -10000000 -10000000 -10000000 -10000000 -10000000 -10000000 -10000000 -10000000 -10000000 -10000000 -10000000 -10000000 -10000000 -10000000 -10000000 -10000000 -10000000 -10000000 -10000000 -10000000 -10000000 -10000000 -10000000 -10000000 -10000000 -10000000 -10000000 -10000000 -10000000 -10000000 -10000000 -10000000 -10000000 -10000000 -10000000 -10000000 -10000000 -10000000 -10000000 -10000000 -10000000 -10000000 -10000000 -10000000 -10000000 -10000000 -10000000 -10000000 -10000000 -10000000 -10000000 -10000000 -10000000 -10000000 -10000000 -10000000 -10000000 -10000000 -10000000 -10000000 -10000000 -10000000 -10000000 -10000000 -10000000 -10000000 -10000000 -10000000 -10000000 -10000000 -10000000 -10000000 -10000000 -10000000 -10000000 -10000000 -10000000 -10000000 -10000000 -10000000 -10000000 -10000000 -10000000 -10000000 -10000000 -10000000 -10000000 -10000000 -10000000 -10000000 -10000000 -10000000 -10000000 -10000000 -10000000 -10000000 -10000000 -10000000 -10000000 -10000000 -10000000 -10000000 -10000000 -10000000 -10000000 -10000000 -10000000 -10000000 -10000000 -10000000 -10000000 -10000000 -10000000 -10000000 -10000000 -10000000 -10000000 -10000000 -10000000 -10000000 -10000000 -10000000 -10000000 -10000000 -10000000 -10000000 -10000000 -10000000 -10000000 -10000000 -10000000 -10000000 -10000000 -10000000 -10000000 -10000000 -10000000 -10000000 -10000000 -10000000 -10000000 -10000000 -10000000 -10000000 -10000000 -10000000 -10000000 -10000000 -10000000 -10000000 -10000000 -10000000 -10000000 -10000000 -10000000 -10000000 -10000000 -10000000 -10000000 -10000000 -10000000 -10000000 -10000000 -10000000 -10000000 -10000000 -10000000 -10000000 -10000000 -10000000 -10000000 -10000000 -10000000 -10000000 -10000000 -10000000 -10000000 -10000000 -10000000 -10000000 -10000000 -10000000 -10000000 -10000000 -10000000 -10000000 -10000000 -10000000 -10000000 -10000000 -10000000 -10000000 -10000000 -10000000 -10000000 -10000000 -10000000 -10000000 -10000000 -10000000 -10000000 -10000000 -10000000 -10000000 -10000000 -10000000 -10000000 -10000000 -10000000 -10000000 -10000000 -10000000 -10000000 -10000000 -10000000 -10000000 -10000000 -10000000 -10000000 -10000000 -10000000 -10000000 -10000000 -10000000 -10000000 -10000000 -10000000 -10000000 -10000000 -10000000 -10000000 -10000000 -10000000 -10000000 -10000000 -10000000 -10000000 -10000000 -10000000 -10000000 -10000000 -10000000 -10000000 -10000000 -10000000 -10000000 -10000000 -10000000 -10000000 -10000000 -10000000 -10000000 -10000000 -10000000 -10000000 -10000000 -10000000 -10000000 -10000000 -10000000 -10000000 -10000000 -10000000 -10000000 -10000000 -10000000 -10000000 -10000000 -10000000 -10000000 -10000000 -10000000 -10000000 -10000000 -10000000 -10000000 -10000000 -10000000 -10000000 -10000000 -10000000 -10000000 -10000000 -10000000 -10000000 -10000000 -10000000 -10000000 -10000000 -10000000 -10000000 -10000000 -10000000 -10000000 -10000000 -10000000 -10000000 -10000000 -10000000 -10000000 -10000000 -10000000 -10000000 -10000000 -10000000 -10000000 -10000000 -10000000 -10000000 -10000000 -10000000 -10000000 -10000000 -10000000 -10000000 -10000000 -10000000 -10000000 -10000000 -10000000 -10000000 -10000000 -10000000 -10000000 -10000000 -10000000 -10000000 -10000000 -10000000 -10000000 -10000000 -10000000 -10000000 -10000000 -10000000 -10000000 -10000000 -10000000 -10000000 -10000000 -10000000 -10000000 -10000000 -10000000 -10000000 -10000000 -10000000 -10000000 -10000000 -10000000 -10000000 -10000000 -10000000 -10000000 -10000000 -10000000 -10000000 -10000000 -10000000 -10000000 -10000000 -10000000 -10000000 -10000000 -10000000 -10000000 -10000000 -10000000 -10000000 -10000000 -10000000 -10000000 -10000000 -10000000 -10000000 -10000000 -10000000 -10000000 -10000000 -10000000 -10000000 -10000000 -10000000 -10000000 -10000000 -10000000 -10000000 -10000000 -10000000 -10000000 -10000000 -10000000 -10000000 -10000000 -10000000 -10000000 -10000000 -10000000 -10000000 -10000000 -10000000 -10000000 -10000000 -10000000 -10000000 -10000000 -10000000 -10000000 -10000000 -10000000 -10000000 -10000000 -10000000 -10000000 -10000000 -10000000 -10000000 -10000000 -10000000 -10000000 -10000000 -10000000 -10000000 -10000000 -10000000 -10000000 -10000000 -10000000 -10000000 -10000000 -10000000 -10000000 -10000000 -10000000 -10000000 -10000000 -10000000 -10000000 -10000000 -10000000 -10000000 -10000000 -10000000 -10000000 -10000000 -10000000 -10000000 -10000000 -10000000 -10000000 -10000000 -10000000 -10000000 -10000000 -10000000 -10000000 -10000000 -10000000 -10000000 -10000000 -10000000 -10000000 -10000000 -10000000 -10000000 -10000000 -10000000 -10000000 -10000000 -10000000 -10000000 -10000000 -10000000 -10000000 -10000000 -10000000 -10000000 -10000000 -10000000 -10000000 -10000000 -10000000 -10000000 -10000000 -10000000 -10000000 -10000000 -10000000 -10000000 -10000000 -10000000 -10000000 -10000000 -10000000 -10000000 -10000000 -10000000 -10000000 -10000000 -10000000 -10000000 -10000000 -10000000 -10000000 -10000000 -10000000 -10000000 -10000000 -10000000 -10000000 -10000000 -10000000 -10000000 -10000000 -10000000 -10000000 -10000000 -10000000 -10000000 -10000000 -10000000 -10000000 -10000000 -10000000 -10000000 -10000000 -10000000 -10000000 -10000000 -10000000 -10000000 -10000000 -10000000 -10000000 -10000000 -10000000 -10000000 -10000000 -10000000 -10000000 -10000000 -10000000 -10000000 -10000000 -10000000 -10000000 -10000000 -10000000 -10000000 -10000000 -10000000 -10000000 -10000000 -10000000 -10000000 -10000000 -10000000 -10000000 -10000000 -10000000 -10000000 -10000000 -10000000 -10000000 -10000000 -10000000 -10000000 -10000000 -10000000 -10000000 -10000000 -10000000 -10000000 -10000000 -10000000 -10000000 -10000000 -10000000 -10000000 -10000000 -10000000 -10000000 -10000000 -10000000 -10000000 -10000000 -10000000 -10000000 -10000000 -10000000 -10000000 -10000000 -10000000 -10000000 -10000000 -10000000 -10000000 -10000000 -10000000 -10000000 -10000000 -10000000 -10000000 -10000000 -10000000 -10000000 -10000000 -10000000 -10000000 -10000000 -10000000 -10000000 -10000000 -10000000 -10000000 -10000000 -10000000 -10000000 -10000000 -10000000 -10000000 -10000000 -10000000 -10000000 -10000000 -10000000 -10000000 -10000000 -10000000 -10000000 -10000000 -10000000 -10000000 -10000000 -10000000 -10000000 -10000000 -10000000 -10000000 -10000000 -10000000 -10000000 -10000000 -10000000 -10000000 -10000000 -10000000 -10000000 -10000000 -10000000 -10000000 -10000000 -10000000 -10000000 -10000000 -10000000 -10000000 -10000000 -10000000 -10000000 -10000000 -10000000 -10000000 -10000000 -10000000 -10000000 -10000000 -10000000 -10000000 -10000000 -10000000 -10000000 -10000000 -10000000 -10000000 -10000000 -10000000 -10000000 -10000000 -10000000 -10000000 -10000000 -10000000 -10000000 -10000000 -10000000 -10000000 -10000000 -10000000 -10000000 -10000000 -10000000 -10000000 -10000000 -10000000 -10000000 -10000000 -10000000 -10000000 -10000000 -10000000 -10000000 -10000000 -10000000 -10000000 -10000000 -10000000 -10000000 -10000000 -10000000 -10000000 -10000000 -10000000 -10000000 -10000000 -10000000 -10000000 -10000000 -10000000 -10000000 -10000000 -10000000 -10000000 -10000000 -10000000 -10000000 -10000000 -10000000 -10000000 -10000000 -10000000 -10000000 -10000000 -10000000 -10000000 -10000000 -10000000 -10000000 -10000000 -10000000 -10000000 -10000000 -10000000 -10000000 -10000000 -10000000 -10000000 -10000000 -10000000 -10000000 -10000000 -10000000 -10000000 -10000000 -10000000 -10000000 -10000000 -10000000 -10000000 -10000000 -10000000 -10000000 -10000000 -10000000 -10000000 -10000000 -10000000 -10000000 -10000000 -10000000 -10000000 -10000000 -10000000 -10000000 -10000000 -10000000 -10000000 -10000000 -10000000 -10000000 -10000000 -10000000 -10000000 -10000000 -10000000 -10000000 -10000000 -10000000 -10000000 -10000000 -10000000 -10000000 -10000000 -10000000 -10000000 -10000000 -10000000 -10000000 -10000000 -10000000 -10000000 -10000000 -10000000 -10000000 -10000000 -10000000 -10000000 -10000000 -10000000 -10000000 -10000000 -10000000 -10000000 -10000000 -10000000 -10000000 -10000000 -10000000 -10000000 -10000000 -10000000 -10000000 -10000000 -10000000 -10000000 -10000000 -10000000 -10000000 -10000000 -10000000 -10000000 -10000000 -10000000 -10000000 -10000000 -10000000 -10000000 -10000000 -10000000 -10000000 -10000000 -10000000 -10000000 -10000000 -10000000 -10000000 -10000000 -10000000 -10000000 -10000000 -10000000 -10000000 -10000000 -10000000 -10000000 -10000000 -10000000 -10000000 -10000000 -10000000 -10000000 -10000000 -10000000 -10000000 -10000000 -10000000 -10000000 -10000000 -10000000 -10000000 -10000000 -10000000 -10000000 -10000000 -10000000 -10000000 -10000000 -10000000 -10000000 -10000000 -10000000 -10000000 -10000000 -10000000 -10000000 -10000000 -10000000 -10000000 -10000000 -10000000 -10000000 -10000000 -10000000 -10000000 -10000000 -10000000 -10000000 -10000000 -10000000 -10000000 -10000000 -10000000 -10000000 -10000000 -10000000 -10000000 -10000000 -10000000 -10000000 -10000000 -10000000 -10000000 -10000000 -10000000 -10000000 -10000000 -10000000 -10000000 -10000000 -10000000 -10000000 -10000000 -10000000 -10000000 -10000000 -10000000 -10000000 -10000000 -10000000 -10000000 -10000000 -10000000 -10000000 -10000000 -10000000 -10000000 -10000000 -10000000 -10000000 -10000000 -10000000 -10000000 -10000000 -10000000 -10000000 -10000000 -10000000 -10000000 -10000000 -10000000 -10000000 -10000000 -10000000 -10000000 -10000000 -10000000 -10000000 -10000000 -10000000 -10000000 -10000000 -10000000 -10000000 -10000000 -10000000 -10000000 -10000000 -10000000 -10000000 -10000000 -10000000 -10000000 -10000000 -10000000 -10000000 -10000000 -10000000 -10000000 -10000000 -10000000 -10000000 -10000000 -10000000 -10000000 -10000000 -10000000 -10000000 -10000000 -10000000 -10000000 -10000000 -10000000 -10000000 -10000000 -10000000 -10000000 -10000000 -10000000 -10000000 -10000000 -10000000 -10000000 -10000000 -10000000 -10000000 -10000000 -10000000 -10000000 -10000000 -10000000 -10000000 -10000000 -10000000 -10000000 -10000000 -10000000 -10000000 -10000000 -10000000 -10000000 -10000000 -10000000 -10000000 -10000000 -10000000 -10000000 -10000000 -10000000 -10000000 -10000000 -10000000 -10000000 -10000000 -10000000 -10000000 -10000000 -10000000 -10000000 -10000000 -10000000 -10000000 -10000000 -10000000 -10000000 -10000000 -10000000 -10000000 -10000000 -10000000 -10000000 -10000000 -10000000 -10000000 -10000000 -10000000 -10000000 -10000000 -10000000 -10000000 -10000000 -10000000 -10000000 -10000000 -10000000 -10000000 -10000000 -10000000 -10000000 -10000000 -10000000 -10000000 -10000000 -10000000 -10000000 -10000000 -10000000 -10000000 -10000000 -10000000 -10000000 -10000000 -10000000 -10000000 -10000000 -10000000 -10000000 -10000000 -10000000 -10000000 -10000000 -10000000 -10000000 -10000000 -10000000 -10000000 -10000000 -10000000 -10000000 -10000000 -10000000 -10000000 -10000000 -10000000 -10000000 -10000000 -10000000 -10000000 -10000000 -10000000 -10000000 -10000000 -10000000 -10000000 -10000000 -10000000 -10000000 -10000000 -10000000 -10000000 -10000000 -10000000 -10000000 -10000000 -10000000 -10000000 -10000000 -10000000 -10000000 -10000000 -10000000 -10000000 -10000000 -10000000 -10000000 -10000000 -10000000 -10000000 -10000000 -10000000 -10000000 -10000000 -10000000 -10000000 -10000000 -10000000 -10000000 -10000000 -10000000 -10000000 -10000000 -10000000 -10000000 -10000000 -10000000 -10000000 -10000000 -10000000 -10000000 -10000000 -10000000 -10000000 -10000000 -10000000 -10000000 -10000000 -10000000 -10000000 -10000000 -10000000 -10000000 -10000000 -10000000 -10000000 -10000000 -10000000 -10000000 -10000000 -10000000 -10000000 -10000000 -10000000 -10000000 -10000000 -10000000 -10000000 -10000000 -10000000 -10000000 -10000000 -10000000 -10000000 -10000000 -10000000 -10000000 -10000000 -10000000 -10000000 -10000000 -10000000 -10000000 -10000000 -10000000 -10000000 -10000000 -10000000 -10000000 -10000000 -10000000 -10000000 -10000000 -10000000 -10000000 -10000000 -10000000 -10000000 -10000000 -10000000 -10000000 -10000000 -10000000 -10000000 -10000000 -10000000 -10000000 -10000000 -10000000 -10000000 -10000000 -10000000 -10000000 -10000000 -10000000 -10000000 -10000000 -10000000 -10000000 -10000000 -10000000 -10000000 -10000000 -10000000 -10000000 -10000000 -10000000 -10000000 -10000000 -10000000 -10000000 -10000000 -10000000 -10000000 -10000000 -10000000 -10000000 -10000000 -10000000 -10000000 -10000000 -10000000 -10000000 -10000000 -10000000 -10000000 -10000000 -10000000 -10000000 -10000000 -10000000 -10000000 -10000000 -10000000 -10000000 -10000000 -10000000 -10000000 -10000000 -10000000 -10000000 -10000000 -10000000 -10000000 -10000000 -10000000 -10000000 -10000000 -10000000 -10000000 -10000000 -10000000 -10000000 -10000000 -10000000 -10000000 -10000000 -10000000 -10000000 -10000000 -10000000 -10000000 -10000000 -10000000 -10000000 -10000000 -10000000 -10000000 -10000000 -10000000 -10000000 -10000000 -10000000 -10000000 -10000000 -10000000 -10000000 -10000000 -10000000 -10000000 -10000000 -10000000 -10000000 -10000000 -10000000 -10000000 -10000000 -10000000 -10000000 -10000000 -10000000 -10000000 -10000000 -10000000 -10000000 -10000000 -10000000 -10000000 -10000000 -10000000 -10000000 -10000000 -10000000 -10000000 -10000000 -10000000 -10000000 -10000000 -10000000 -10000000 -10000000 -10000000 -10000000 -10000000 -10000000 -10000000 -10000000 -10000000 -10000000 -10000000 -10000000 -10000000 -10000000 -10000000 -10000000 -10000000 -10000000 -10000000 -10000000 -10000000 -10000000 -10000000 -10000000 -10000000 -10000000 -10000000 -10000000 -10000000 -10000000 -10000000 -10000000 -10000000 -10000000 -10000000 -10000000 -10000000 -10000000 -10000000 -10000000 -10000000 -10000000 -10000000 -10000000 -10000000 -10000000 -10000000 -10000000 -10000000 -10000000 -10000000 -10000000 -10000000 -10000000 -10000000 -10000000 -10000000 -10000000 -10000000 -10000000 -10000000 -10000000 -10000000 -10000000 -10000000 -10000000 -10000000 -10000000 -10000000 -10000000 -10000000 -10000000 -10000000 -10000000 -10000000 -10000000 -10000000 -10000000 -10000000 -10000000 -10000000 -10000000 -10000000 -10000000 -10000000 -10000000 -10000000 -10000000 -10000000 -10000000 -10000000 -10000000 -10000000 -10000000 -10000000 -10000000 -10000000 -10000000 -10000000 -10000000 -10000000 -10000000 -10000000 -10000000 -10000000 -10000000 -10000000 -10000000 -10000000 -10000000 -10000000 -10000000 -10000000 -10000000 -10000000 -10000000 -10000000 -10000000 -10000000 -10000000 -10000000 -10000000 -10000000 -10000000 -10000000 -10000000 -10000000 -10000000 -10000000 -10000000 -10000000 -10000000 -10000000 -10000000 -10000000 -10000000 -10000000 -10000000 -10000000 -10000000 -10000000 -10000000 -10000000 -10000000 -10000000 -10000000 -10000000 -10000000 -10000000 -10000000 -10000000 -10000000 -10000000 -10000000 -10000000 -10000000 -10000000 -10000000 -10000000 -10000000 -10000000 -10000000 -10000000 -10000000 -10000000 -10000000 -10000000 -10000000 -10000000 -10000000 -10000000 -10000000 -10000000 -10000000 -10000000 -10000000 -10000000 -10000000 -10000000 -10000000 -10000000 -10000000 -10000000 -10000000 -10000000 -10000000 -10000000 -10000000 -10000000 -10000000 -10000000 -10000000 -10000000 -10000000 -10000000 -10000000 -10000000 -10000000 -10000000 -10000000 -10000000 -10000000 -10000000 -10000000 -10000000 -10000000 -10000000 -10000000 -10000000 -10000000 -10000000 -10000000 -10000000 -10000000 -10000000 -10000000 -10000000 -10000000 -10000000 -10000000 -10000000 -10000000 -10000000 -10000000 -10000000 -10000000 -10000000 -10000000 -10000000 -10000000 -10000000 -10000000 -10000000 -10000000 -10000000 -10000000 -10000000 -10000000 -10000000 -10000000 -10000000 -10000000 -10000000 -10000000 -10000000 -10000000 -10000000 -10000000 -10000000 -10000000 -10000000 -10000000 -10000000 -10000000 -10000000 -10000000 -10000000 -10000000 -10000000 -10000000 -10000000 -10000000 -10000000 -10000000 -10000000 -10000000 -10000000 -10000000 -10000000 -10000000 -10000000 -10000000 -10000000 -10000000 -10000000 -10000000 -10000000 -10000000 -10000000 -10000000 -10000000 -10000000 -10000000 -10000000 -10000000 -10000000 -10000000 -10000000 -10000000 -10000000 -10000000 -10000000 -10000000 -10000000 -10000000 -10000000 -10000000 -10000000 -10000000 -10000000 -10000000 -10000000 -10000000 -10000000 -10000000 -10000000 -10000000 -10000000 -10000000 -10000000 -10000000 -10000000 -10000000 -10000000 -10000000 -10000000 -10000000 -10000000 -10000000 -10000000 -10000000 -10000000 -10000000 -10000000 -10000000 -10000000 -10000000 -10000000 -10000000 -10000000 -10000000 -10000000 -10000000 -10000000 -10000000 -10000000 -10000000 -10000000 -10000000 -10000000 -10000000 -10000000 -10000000 -10000000 -10000000 -10000000 -10000000 -10000000 -10000000 -10000000 -10000000 -10000000 -10000000 -10000000 -10000000 -10000000 -10000000 -10000000 -10000000 -10000000 -10000000 -10000000 -10000000 -10000000 -10000000 -10000000 -10000000 -10000000 -10000000 -10000000 -10000000 -10000000 -10000000 -10000000 -10000000 -10000000 -10000000 -10000000 -10000000 -10000000 -10000000 -10000000 -10000000 -10000000 -10000000 -10000000 -10000000 -10000000 -10000000 -10000000 -10000000 -10000000 -10000000 -10000000 -10000000 -10000000 -10000000 -10000000 -10000000 -10000000 -10000000 -10000000 -10000000 -10000000 -10000000 -10000000 -10000000 -10000000 -10000000 -10000000 -10000000 -10000000 -10000000 -10000000 -10000000 -10000000 -10000000 -10000000 -10000000 -10000000 -10000000 -10000000 -10000000 -10000000 -10000000 -10000000 -10000000 -10000000 -10000000 -10000000 -10000000 -10000000 -10000000 -10000000 -10000000 -10000000 -10000000 -10000000 -10000000 -10000000 -10000000 -10000000 -10000000 -10000000 -10000000 -10000000 -10000000 -10000000 -10000000 -10000000 -10000000 -10000000 -10000000 -10000000 -10000000 -10000000 -10000000 -10000000 -10000000 -10000000 -10000000 -10000000 -10000000 -10000000 -10000000 -10000000 -10000000 -10000000 -10000000 -10000000 -10000000 -10000000 -10000000 -10000000 -10000000 -10000000 -10000000 -10000000 -10000000 -10000000 -10000000 -10000000 -10000000 -10000000 -10000000 -10000000 -10000000 -10000000 -10000000 -10000000 -10000000 -10000000 -10000000 -10000000 -10000000 -10000000 -10000000 -10000000 -10000000 -10000000 -10000000 -10000000 -10000000 -10000000 -10000000 -10000000 -10000000 -10000000 -10000000 -10000000 -10000000 -10000000 -10000000 -10000000 -10000000 -10000000 -10000000 -10000000 -10000000 -10000000 -10000000 -10000000 -10000000 -10000000 -10000000 -10000000 -10000000 -10000000 -10000000 -10000000 -10000000 -10000000 -10000000 -10000000 -10000000 -10000000 -10000000 -10000000 -10000000 -10000000 -10000000 -10000000 -10000000 -10000000 -10000000 -10000000 -10000000 -10000000 -10000000 -10000000 -10000000 -10000000 -10000000 -10000000 -10000000 -10000000 -10000000 -10000000 -10000000 -10000000 -10000000 -10000000 -10000000 -10000000 -10000000 -10000000 -10000000 -10000000 -10000000 -10000000 -10000000 -10000000 -10000000 -10000000 -10000000 -10000000 -10000000 -10000000 -10000000 -10000000 -10000000 -10000000 -10000000 -10000000 -10000000 -10000000 -10000000 -10000000 -10000000 -10000000 -10000000 -10000000 -10000000 -10000000 -10000000 -10000000 -10000000 -10000000 -10000000 -10000000 -10000000 -10000000 -10000000 -10000000 -10000000 -10000000 -10000000 -10000000 -10000000 -10000000 -10000000 -10000000 -10000000 -10000000 -10000000 -10000000 -10000000 -10000000 -10000000 -10000000 -10000000 -10000000 -10000000 -10000000 -10000000 -10000000 -10000000 -10000000 -10000000 -10000000 -10000000 -10000000 -10000000 -10000000 -10000000 -10000000 -10000000 -10000000 -10000000 -10000000 -10000000 -10000000 -10000000 -10000000 -10000000 -10000000 -10000000 -10000000 -10000000 -10000000 -10000000 -10000000 -10000000 -10000000 -10000000 -10000000 -10000000 -10000000 -10000000 -10000000 -10000000 -10000000 -10000000 -10000000 -10000000 -10000000 -10000000 -10000000</DataArray>
        <DataArray type="Float64" Name="HydrostaticPressure" format="ascii">3333333.33333 3333333.33333 3333333.33333 3333333.33333 3333333.33333 3333333.33333 3333333.33333 3333333.33333 3333333.33333 3333333.33333 3333333.33333 3333333.33333 3333333.33333 3333333.33333 3333333.33333 3333333.33333 3333333.33333 3333333.33333 3333333.33333 3333333.33333 3333333.33333 3333333.33333 3333333.33333 3333333.33333 3333333.33333 3333333.33333 3333333.33333 3333333.33333 3333333.33333 3333333.33333 3333333.33333 3333333.33333 3333333.33333 3333333.33333 3333333.33333 3333333.33333 3333333.33333 3333333.33333 3333333.33333 3333333.33333 3333333.33333 3333333.33333 3333333.33333 3333333.33333 3333333.33333 3333333.33333 3333333.33333 3333333.33333 3333333.33333 3333333.33333 3333333.33333 3333333.33333 3333333.33333 3333333.33333 3333333.33333 3333333.33333 3333333.33333 3333333.33333 3333333.33333 3333333.33333 3333333.33333 3333333.33333 3333333.33333 3333333.33333 3333333.33333 3333333.33333 3333333.33333 3333333.33333 3333333.33333 3333333.33333 3333333.33333 3333333.33333 3333333.33333 3333333.33333 3333333.33333 3333333.33333 3333333.33333 3333333.33333 3333333.33333 3333333.33333 3333333.33333 3333333.33333 3333333.33333 3333333.33333 3333333.33333 3333333.33333 3333333.33333 3333333.33333 3333333.33333 3333333.33333 3333333.33333 3333333.33333 3333333.33333 3333333.33333 3333333.33333 3333333.33333 3333333.33333 3333333.33333 3333333.33333 3333333.33333 3333333.33333 3333333.33333 3333333.33333 3333333.33333 3333333.33333 3333333.33333 3333333.33333 3333333.33333 3333333.33333 3333333.33333 3333333.33333 3333333.33333 3333333.33333 3333333.33333 3333333.33333 3333333.33333 3333333.33333 3333333.33333 3333333.33333 3333333.33333 3333333.33333 3333333.33333 3333333.33333 3333333.33333 3333333.33333 3333333.33333 3333333.33333 3333333.33333 3333333.33333 3333333.33333 3333333.33333 3333333.33333 3333333.33333 3333333.33333 3333333.33333 3333333.33333 3333333.33333 3333333.33333 3333333.33333 3333333.33333 3333333.33333 3333333.33333 3333333.33333 3333333.33333 3333333.33333 3333333.33333 3333333.33333 3333333.33333 3333333.33333 3333333.33333 3333333.33333 3333333.33333 3333333.33333 3333333.33333 3333333.33333 3333333.33333 3333333.33333 3333333.33333 3333333.33333 3333333.33333 3333333.33333 3333333.33333 3333333.33333 3333333.33333 3333333.33333 3333333.33333 3333333.33333 3333333.33333 3333333.33333 3333333.33333 3333333.33333 3333333.33333 3333333.33333 3333333.33333 3333333.33333 3333333.33333 3333333.33333 3333333.33333 3333333.33333 3333333.33333 3333333.33333 3333333.33333 3333333.33333 3333333.33333 3333333.33333 3333333.33333 3333333.33333 3333333.33333 3333333.33333 3333333.33333 3333333.33333 3333333.33333 3333333.33333 3333333.33333 3333333.33333 3333333.33333 3333333.33333 3333333.33333 3333333.33333 3333333.33333 3333333.33333 3333333.33333 3333333.33333 3333333.33333 3333333.33333 3333333.33333 3333333.33333 3333333.33333 3333333.33333 3333333.33333 3333333.33333 3333333.33333 3333333.33333 3333333.33333 3333333.33333 3333333.33333 3333333.33333 3333333.33333 3333333.33333 3333333.33333 3333333.33333 3333333.33333 3333333.33333 3333333.33333 3333333.33333 3333333.33333 3333333.33333 3333333.33333 3333333.33333 3333333.33333 3333333.33333 3333333.33333 3333333.33333 3333333.33333 3333333.33333 3333333.33333 3333333.33333 3333333.33333 3333333.33333 3333333.33333 3333333.33333 3333333.33333 3333333.33333 3333333.33333 3333333.33333 3333333.33333 3333333.33333 3333333.33333 3333333.33333 3333333.33333 3333333.33333 3333333.33333 3333333.33333 3333333.33333 3333333.33333 3333333.33333 3333333.33333 3333333.33333 3333333.33333 3333333.33333 3333333.33333 3333333.33333 3333333.33333 3333333.33333 3333333.33333 3333333.33333 3333333.33333 3333333.33333 3333333.33333 3333333.33333 3333333.33333 3333333.33333 3333333.33333 3333333.33333 3333333.33333 3333333.33333 3333333.33333 3333333.33333 3333333.33333 3333333.33333 3333333.33333 3333333.33333 3333333.33333 3333333.33333 3333333.33333 3333333.33333 3333333.33333 3333333.33333 3333333.33333 3333333.33333 3333333.33333 3333333.33333 3333333.33333 3333333.33333 3333333.33333 3333333.33333 3333333.33333 3333333.33333 3333333.33333 3333333.33333 3333333.33333 3333333.33333 3333333.33333 3333333.33333 3333333.33333 3333333.33333 3333333.33333 3333333.33333 3333333.33333 3333333.33333 3333333.33333 3333333.33333 3333333.33333 3333333.33333 3333333.33333 3333333.33333 3333333.33333 3333333.33333 3333333.33333 3333333.33333 3333333.33333 3333333.33333 3333333.33333 3333333.33333 3333333.33333 3333333.33333 3333333.33333 3333333.33333 3333333.33333 3333333.33333 3333333.33333 3333333.33333 3333333.33333 3333333.33333 3333333.33333 3333333.33333 3333333.33333 3333333.33333 3333333.33333 3333333.33333 3333333.33333 3333333.33333 3333333.33333 3333333.33333 3333333.33333 3333333.33333 3333333.33333 3333333.33333 3333333.33333 3333333.33333 3333333.33333 3333333.33333 3333333.33333 3333333.33333 3333333.33333 3333333.33333 3333333.33333 3333333.33333 3333333.33333 3333333.33333 3333333.33333 3333333.33333 3333333.33333 3333333.33333 3333333.33333 3333333.33333 3333333.33333 3333333.33333 3333333.33333 3333333.33333 3333333.33333 3333333.33333 3333333.33333 3333333.33333 3333333.33333 3333333.33333 3333333.33333 3333333.33333 3333333.33333 3333333.33333 3333333.33333 3333333.33333 3333333.33333 3333333.33333 3333333.33333 3333333.33333 3333333.33333 3333333.33333 3333333.33333 3333333.33333 3333333.33333 3333333.33333 3333333.33333 3333333.33333 3333333.33333 3333333.33333 3333333.33333 3333333.33333 3333333.33333 3333333.33333 3333333.33333 3333333.33333 3333333.33333 3333333.33333 3333333.33333 3333333.33333 3333333.33333 3333333.33333 3333333.33333 3333333.33333 3333333.33333 3333333.33333 3333333.33333 3333333.33333 3333333.33333 3333333.33333 3333333.33333 3333333.33333 3333333.33333 3333333.33333 3333333.33333 3333333.33333 3333333.33333 3333333.33333 3333333.33333 3333333.33333 3333333.33333 3333333.33333 3333333.33333 3333333.33333 3333333.33333 3333333.33333 3333333.33333 3333333.33333 3333333.33333 3333333.33333 3333333.33333 3333333.33333 3333333.33333 3333333.33333 3333333.33333 3333333.33333 3333333.33333 3333333.33333 3333333.33333 3333333.33333 3333333.33333 3333333.33333 3333333.33333 3333333.33333 3333333.33333 3333333.33333 3333333.33333 3333333.33333 3333333.33333 3333333.33333 3333333.33333 3333333.33333 3333333.33333 3333333.33333 3333333.33333 3333333.33333 3333333.33333 3333333.33333 3333333.33333 3333333.33333 3333333.33333 3333333.33333 3333333.33333 3333333.33333 3333333.33333 3333333.33333 3333333.33333 3333333.33333 3333333.33333 3333333.33333 3333333.33333 3333333.33333 3333333.33333 3333333.33333 3333333.33333 3333333.33333 3333333.33333 3333333.33333 3333333.33333 3333333.33333 3333333.33333 3333333.33333 3333333.33333 3333333.33333 3333333.33333 3333333.33333 3333333.33333 3333333.33333 3333333.33333 3333333.33333 3333333.33333 3333333.33333 3333333.33333 3333333.33333 3333333.33333 3333333.33333 3333333.33333 3333333.33333 3333333.33333 3333333.33333 3333333.33333 3333333.33333 3333333.33333 3333333.33333 3333333.33333 3333333.33333 3333333.33333 3333333.33333 3333333.33333 3333333.33333 3333333.33333 3333333.33333 3333333.33333 3333333.33333 3333333.33333 3333333.33333 3333333.33333 3333333.33333 3333333.33333 3333333.33333 3333333.33333 3333333.33333 3333333.33333 3333333.33333 3333333.33333 3333333.33333 3333333.33333 3333333.33333 3333333.33333 3333333.33333 3333333.33333 3333333.33333 3333333.33333 3333333.33333 3333333.33333 3333333.33333 3333333.33333 3333333.33333 3333333.33333 3333333.33333 3333333.33333 3333333.33333 3333333.33333 3333333.33333 3333333.33333 3333333.33333 3333333.33333 3333333.33333 3333333.33333 3333333.33333 3333333.33333 3333333.33333 3333333.33333 3333333.33333 3333333.33333 3333333.33333 3333333.33333 3333333.33333 3333333.33333 3333333.33333 3333333.33333 3333333.33333 3333333.33333 3333333.33333 3333333.33333 3333333.33333 3333333.33333 3333333.33333 3333333.33333 3333333.33333 3333333.33333 3333333.33333 3333333.33333 3333333.33333 3333333.33333 3333333.33333 3333333.33333 3333333.33333 3333333.33333 3333333.33333 3333333.33333 3333333.33333 3333333.33333 3333333.33333 3333333.33333 3333333.33333 3333333.33333 3333333.33333 3333333.33333 3333333.33333 3333333.33333 3333333.33333 3333333.33333 3333333.33333 3333333.33333 3333333.33333 3333333.33333 3333333.33333 3333333.33333 3333333.33333 3333333.33333 3333333.33333 3333333.33333 3333333.33333 3333333.33333 3333333.33333 3333333.33333 3333333.33333 3333333.33333 3333333.33333 3333333.33333 3333333.33333 3333333.33333 3333333.33333 3333333.33333 3333333.33333 3333333.33333 3333333.33333 3333333.33333 3333333.33333 3333333.33333 3333333.33333 3333333.33333 3333333.33333 3333333.33333 3333333.33333 3333333.33333 3333333.33333 3333333.33333 3333333.33333 3333333.33333 3333333.33333 3333333.33333 3333333.33333 3333333.33333 3333333.33333 3333333.33333 3333333.33333 3333333.33333 3333333.33333 3333333.33333 3333333.33333 3333333.33333 3333333.33333 3333333.33333 3333333.33333 3333333.33333 3333333.33333 3333333.33333 3333333.33333 3333333.33333 3333333.33333 3333333.33333 3333333.33333 3333333.33333 3333333.33333 3333333.33333 3333333.33333 3333333.33333 3333333.33333 3333333.33333 3333333.33333 3333333.33333 3333333.33333 3333333.33333 3333333.33333 3333333.33333 3333333.33333 3333333.33333 3333333.33333 3333333.33333 3333333.33333 3333333.33333 3333333.33333 3333333.33333 3333333.33333 3333333.33333 3333333.33333 3333333.33333 3333333.33333 3333333.33333 3333333.33333 3333333.33333 3333333.33333 3333333.33333 3333333.33333 3333333.33333 3333333.33333 3333333.33333 3333333.33333 3333333.33333 3333333.33333 3333333.33333 3333333.33333 3333333.33333 3333333.33333 3333333.33333 3333333.33333 3333333.33333 3333333.33333 3333333.33333 3333333.33333 3333333.33333 3333333.33333 3333333.33333 3333333.33333 3333333.33333 3333333.33333 3333333.33333 3333333.33333 3333333.33333 3333333.33333 3333333.33333 3333333.33333 3333333.33333 3333333.33333 3333333.33333 3333333.33333 3333333.33333 3333333.33333 3333333.33333 3333333.33333 3333333.33333 3333333.33333 3333333.33333 3333333.33333 3333333.33333 3333333.33333 3333333.33333 3333333.33333 3333333.33333 3333333.33333 3333333.33333 3333333.33333 3333333.33333 3333333.33333 3333333.33333 3333333.33333 3333333.33333 3333333.33333 3333333.33333 3333333.33333 3333333.33333 3333333.33333 3333333.33333 3333333.33333 3333333.33333 3333333.33333 3333333.33333 3333333.33333 3333333.33333 3333333.33333 3333333.33333 3333333.33333 3333333.33333 3333333.33333 3333333.33333 3333333.33333 3333333.33333 3333333.33333 3333333.33333 3333333.33333 3333333.33333 3333333.33333 3333333.33333 3333333.33333 3333333.33333 3333333.33333 3333333.33333 3333333.33333 3333333.33333 3333333.33333 3333333.33333 3333333.33333 3333333.33333 3333333.33333 3333333.33333 3333333.33333 3333333.33333 3333333.33333 3333333.33333 3333333.33333 3333333.33333 3333333.33333 3333333.33333 3333333.33333 3333333.33333 3333333.33333 3333333.33333 3333333.33333 3333333.33333 3333333.33333 3333333.33333 3333333.33333 3333333.33333 3333333.33333 3333333.33333 3333333.33333 3333333.33333 3333333.33333 3333333.33333 3333333.33333 3333333.33333 3333333.33333 3333333.33333 3333333.33333 3333333.33333 3333333.33333 3333333.33333 3333333.33333 3333333.33333 3333333.33333 3333333.33333 3333333.33333 3333333.33333 3333333.33333 3333333.33333 3333333.33333 3333333.33333 3333333.33333 3333333.33333 3333333.33333 3333333.33333 3333333.33333 3333333.33333 3333333.33333 3333333.33333 3333333.33333 3333333.33333 3333333.33333 3333333.33333 3333333.33333 3333333.33333 3333333.33333 3333333.33333 3333333.33333 3333333.33333 3333333.33333 3333333.33333 3333333.33333 3333333.33333 3333333.33333 3333333.33333 3333333.33333 3333333.33333 3333333.33333 3333333.33333 3333333.33333 3333333.33333 3333333.33333 3333333.33333 3333333.33333 3333333.33333 3333333.33333 3333333.33333 3333333.33333 3333333.33333 3333333.33333 3333333.33333 3333333.33333 3333333.33333 3333333.33333 3333333.33333 3333333.33333 3333333.33333 3333333.33333 3333333.33333 3333333.33333 3333333.33333 3333333.33333 3333333.33333 3333333.33333 3333333.33333 3333333.33333 3333333.33333 3333333.33333 3333333.33333 3333333.33333 3333333.33333 3333333.33333 3333333.33333 3333333.33333 3333333.33333 3333333.33333 3333333.33333 3333333.33333 3333333.33333 3333333.33333 3333333.33333 3333333.33333 3333333.33333 3333333.33333 3333333.33333 3333333.33333 3333333.33333 3333333.33333 3333333.33333 3333333.33333 3333333.33333 3333333.33333 3333333.33333 3333333.33333 3333333.33333 3333333.33333 3333333.33333 3333333.33333 3333333.33333 3333333.33333 3333333.33333 3333333.33333 3333333.33333 3333333.33333 3333333.33333 3333333.33333 3333333.33333 3333333.33333 3333333.33333 3333333.33333 3333333.33333 3333333.33333 3333333.33333 3333333.33333 3333333.33333 3333333.33333 3333333.33333 3333333.33333 3333333.33333 3333333.33333 3333333.33333 3333333.33333 3333333.33333 3333333.33333 3333333.33333 3333333.33333 3333333.33333 3333333.33333 3333333.33333 3333333.33333 3333333.33333 3333333.33333 3333333.33333 3333333.33333 3333333.33333 3333333.33333 3333333.33333 3333333.33333 3333333.33333 3333333.33333 3333333.33333 3333333.33333 3333333.33333 3333333.33333 3333333.33333 3333333.33333 3333333.33333 3333333.33333 3333333.33333 3333333.33333 3333333.33333 3333333.33333 3333333.33333 3333333.33333 3333333.33333 3333333.33333 3333333.33333 3333333.33333 3333333.33333 3333333.33333 3333333.33333 3333333.33333 3333333.33333 3333333.33333 3333333.33333 3333333.33333 3333333.33333 3333333.33333 3333333.33333 3333333.33333 3333333.33333 3333333.33333 3333333.33333 3333333.33333 3333333.33333 3333333.33333 3333333.33333 3333333.33333 3333333.33333 3333333.33333 3333333.33333 3333333.33333 3333333.33333 3333333.33333 3333333.33333 3333333.33333 3333333.33333 3333333.33333 3333333.33333 3333333.33333 3333333.33333 3333333.33333 3333333.33333 3333333.33333 3333333.33333 3333333.33333 3333333.33333 3333333.33333 3333333.33333 3333333.33333 3333333.33333 3333333.33333 3333333.33333 3333333.33333 3333333.33333 3333333.33333 3333333.33333 3333333.33333 3333333.33333 3333333.33333 3333333.33333 3333333.33333 3333333.33333 3333333.33333 3333333.33333 3333333.33333 3333333.33333 3333333.33333 3333333.33333 3333333.33333 3333333.33333 3333333.33333 3333333.33333 3333333.33333 3333333.33333 3333333.33333 3333333.33333 3333333.33333 3333333.33333 3333333.33333 3333333.33333 3333333.33333 3333333.33333 3333333.33333 3333333.33333 3333333.33333 3333333.33333 3333333.33333 3333333.33333 3333333.33333 3333333.33333 3333333.33333 3333333.33333 3333333.33333 3333333.33333 3333333.33333 3333333.33333 3333333.33333 3333333.33333 3333333.33333 3333333.33333 3333333.33333 3333333.33333 3333333.33333 3333333.33333 3333333.33333 3333333.33333 3333333.33333 3333333.33333 3333333.33333 3333333.33333 3333333.33333 3333333.33333 3333333.33333 3333333.33333 3333333.33333 3333333.33333 3333333.33333 3333333.33333 3333333.33333 3333333.33333 3333333.33333 3333333.33333 3333333.33333 3333333.33333 3333333.33333 3333333.33333 3333333.33333 3333333.33333 3333333.33333 3333333.33333 3333333.33333 3333333.33333 3333333.33333 3333333.33333 3333333.33333 3333333.33333 3333333.33333 3333333.33333 3333333.33333 3333333.33333 3333333.33333 3333333.33333 3333333.33333 3333333.33333 3333333.33333 3333333.33333 3333333.33333 3333333.33333 3333333.33333 3333333.33333 3333333.33333 3333333.33333 3333333.33333 3333333.33333 3333333.33333 3333333.33333 3333333.33333 3333333.33333 3333333.33333 3333333.33333 3333333.33333 3333333.33333 3333333.33333 3333333.33333 3333333.33333 3333333.33333 3333333.33333 3333333.33333 3333333.33333 3333333.33333 3333333.33333 3333333.33333 3333333.33333 3333333.33333 3333333.33333 3333333.33333 3333333.33333 3333333.33333 3333333.33333 3333333.33333 3333333.33333 3333333.33333 3333333.33333 3333333.33333 3333333.33333 3333333.33333 3333333.33333 3333333.33333 3333333.33333 3333333.33333 3333333.33333 3333333.33333 3333333.33333 3333333.33333 3333333.33333 3333333.33333 3333333.33333 3333333.33333 3333333.33333 3333333.33333 3333333.33333 3333333.33333 3333333.33333 3333333.33333 3333333.33333 3333333.33333 3333333.33333 3333333.33333 3333333.33333 3333333.33333 3333333.33333 3333333.33333 3333333.33333 3333333.33333 3333333.33333 3333333.33333 3333333.33333 3333333.33333 3333333.33333 3333333.33333 3333333.33333 3333333.33333 3333333.33333 3333333.33333 3333333.33333 3333333.33333 3333333.33333 3333333.33333 3333333.33333 3333333.33333 3333333.33333 3333333.33333 3333333.33333 3333333.33333 3333333.33333 3333333.33333 3333333.33333 3333333.33333 3333333.33333 3333333.33333 3333333.33333 3333333.33333 3333333.33333 3333333.33333 3333333.33333 3333333.33333 3333333.33333 3333333.33333 3333333.33333 3333333.33333 3333333.33333 3333333.33333 3333333.33333 3333333.33333 3333333.33333 3333333.33333 3333333.33333 3333333.33333 3333333.33333 3333333.33333 3333333.33333 3333333.33333 3333333.33333 3333333.33333 3333333.33333 3333333.33333 3333333.33333 3333333.33333 3333333.33333 3333333.33333 3333333.33333 3333333.33333 3333333.33333 3333333.33333 3333333.33333 3333333.33333 3333333.33333 3333333.33333 3333333.33333 3333333.33333 3333333.33333 3333333.33333 3333333.33333 3333333.33333 3333333.33333 3333333.33333 3333333.33333 3333333.33333 3333333.33333 3333333.33333 3333333.33333 3333333.33333 3333333.33333 3333333.33333 3333333.33333 3333333.33333 3333333.33333 3333333.33333 3333333.33333 3333333.33333 3333333.33333 3333333.33333 3333333.33333 3333333.33333 3333333.33333 3333333.33333 3333333.33333 3333333.33333 3333333.33333 3333333.33333 3333333.33333 3333333.33333 3333333.33333 3333333.33333 3333333.33333 3333333.33333 3333333.33333 3333333.33333 3333333.33333 3333333.33333 3333333.33333 3333333.33333 3333333.33333 3333333.33333 3333333.33333 3333333.33333 3333333.33333 3333333.33333 3333333.33333 3333333.33333 3333333.33333 3333333.33333 3333333.33333 3333333.33333 3333333.33333 3333333.33333 3333333.33333 3333333.33333 3333333.33333 3333333.33333 3333333.33333 3333333.33333 3333333.33333 3333333.33333 3333333.33333 3333333.33333 3333333.33333 3333333.33333 3333333.33333 3333333.33333 3333333.33333 3333333.33333 3333333.33333 3333333.33333 3333333.33333 3333333.33333 3333333.33333 3333333.33333 3333333.33333 3333333.33333 3333333.33333 3333333.33333 3333333.33333 3333333.33333 3333333.33333 3333333.33333 3333333.33333 3333333.33333 3333333.33333 3333333.33333 3333333.33333 3333333.33333 3333333.33333 3333333.33333 3333333.33333 3333333.33333 3333333.33333 3333333.33333 3333333.33333 3333333.33333 3333333.33333 3333333.33333 3333333.33333 3333333.33333 3333333.33333 3333333.33333 3333333.33333 3333333.33333 3333333.33333 3333333.33333 3333333.33333 3333333.33333 3333333.33333 3333333.33333 3333333.33333 3333333.33333 3333333.33333 3333333.33333 3333333.33333 3333333.33333 3333333.33333 3333333.33333 3333333.33333 3333333.33333 3333333.33333 3333333.33333 3333333.33333 3333333.33333 3333333.33333 3333333.33333 3333333.33333 3333333.33333 3333333.33333 3333333.33333 3333333.33333 3333333.33333 3333333.33333 3333333.33333 3333333.33333 3333333.33333 3333333.33333 3333333.33333 3333333.33333 3333333.33333 3333333.33333 3333333.33333 3333333.33333 3333333.33333 3333333.33333 3333333.33333 3333333.33333 3333333.33333 3333333.33333 3333333.33333 3333333.33333 3333333.33333 3333333.33333 3333333.33333 3333333.33333 3333333.33333 3333333.33333 3333333.33333 3333333.33333 3333333.33333 3333333.33333 3333333.33333 3333333.33333 3333333.33333 3333333.33333 3333333.33333 3333333.33333 3333333.33333 3333333.33333 3333333.33333 3333333.33333 3333333.33333 3333333.33333 3333333.33333 3333333.33333 3333333.33333 3333333.33333 3333333.33333 3333333.33333 3333333.33333 3333333.33333 3333333.33333 3333333.33333 3333333.33333 3333333.33333 3333333.33333 3333333.33333 3333333.33333 3333333.33333 3333333.33333 3333333.33333 3333333.33333 3333333.33333 3333333.33333 3333333.33333 3333333.33333 3333333.33333 3333333.33333 3333333.33333 3333333.33333 3333333.33333 3333333.33333 3333333.33333 3333333.33333 3333333.33333 3333333.33333 3333333.33333 3333333.33333 3333333.33333 3333333.33333 3333333.33333 3333333.33333 3333333.33333 3333333.33333 3333333.33333 3333333.33333 3333333.33333 3333333.33333 3333333.33333 3333333.33333 3333333.33333 3333333.33333 3333333.33333 3333333.33333 3333333.33333 3333333.33333 3333333.33333 3333333.33333 3333333.33333 3333333.33333 3333333.33333 3333333.33333 3333333.33333 3333333.33333 3333333.33333 3333333.33333 3333333.33333 3333333.33333 3333333.33333 3333333.33333 3333333.33333 3333333.33333 3333333.33333 3333333.33333 3333333.33333 3333333.33333 3333333.33333 3333333.33333 3333333.33333 3333333.33333 3333333.33333 3333333.33333 3333333.33333 3333333.33333 3333333.33333 3333333.33333 3333333.33333 3333333.33333 3333333.33333 3333333.33333 3333333.33333 3333333.33333 3333333.33333 3333333.33333 3333333.33333 3333333.33333 3333333.33333 3333333.33333 3333333.33333 3333333.33333 3333333.33333 3333333.33333 3333333.33333 3333333.33333 3333333.33333 3333333.33333 3333333.33333 3333333.33333 3333333.33333 3333333.33333 3333333.33333 3333333.33333 3333333.33333 3333333.33333 3333333.33333 3333333.33333 3333333.33333 3333333.33333 3333333.33333 3333333.33333 3333333.33333 3333333.33333 3333333.33333 3333333.33333 3333333.33333 3333333.33333 3333333.33333 3333333.33333 3333333.33333 3333333.33333 3333333.33333 3333333.33333 3333333.33333 3333333.33333 3333333.33333 3333333.33333 3333333.33333 3333333.33333 3333333.33333 3333333.33333 3333333.33333 3333333.33333 3333333.33333 3333333.33333 3333333.33333 3333333.33333 3333333.33333 3333333.33333 3333333.33333 3333333.33333 3333333.33333 3333333.33333 3333333.33333 3333333.33333 3333333.33333 3333333.33333 3333333.33333 3333333.33333 3333333.33333 3333333.33333 3333333.33333 3333333.33333 3333333.33333 3333333.33333 3333333.33333 3333333.33333 3333333.33333 3333333.33333 3333333.33333 3333333.33333 3333333.33333 3333333.33333 3333333.33333 3333333.33333 3333333.33333 3333333.33333 3333333.33333 3333333.33333 3333333.33333 3333333.33333 3333333.33333 3333333.33333 3333333.33333 3333333.33333 3333333.33333 3333333.33333 3333333.33333 3333333.33333 3333333.33333 3333333.33333 3333333.33333 3333333.33333 3333333.33333 3333333.33333 3333333.33333 3333333.33333 3333333.33333 3333333.33333 3333333.33333 3333333.33333 3333333.33333 3333333.33333 3333333.33333 3333333.33333 3333333.33333 3333333.33333 3333333.33333 3333333.33333 3333333.33333 3333333.33333 3333333.33333 3333333.33333 3333333.33333 3333333.33333 3333333.33333 3333333.33333 3333333.33333 3333333.33333 3333333.33333 3333333.33333 3333333.33333 3333333.33333 3333333.33333 3333333.33333 3333333.33333 3333333.33333 3333333.33333 3333333.33333 3333333.33333 3333333.33333 3333333.33333 3333333.33333 3333333.33333 3333333.33333 3333333.33333 3333333.33333 3333333.33333 3333333.33333 3333333.33333 3333333.33333 3333333.33333 3333333.33333 3333333.33333 3333333.33333 3333333.33333 3333333.33333 3333333.33333 3333333.33333 3333333.33333 3333333.33333 3333333.33333 3333333.33333 3333333.33333 3333333.33333 3333333.33333 3333333.33333 3333333.33333 3333333.33333 3333333.33333 3333333.33333 3333333.33333 3333333.33333 3333333.33333 3333333.33333 3333333.33333 3333333.33333 3333333.33333 3333333.33333 3333333.33333 3333333.33333 3333333.33333 3333333.33333 3333333.33333 3333333.33333 3333333.33333 3333333.33333 3333333.33333 3333333.33333 3333333.33333 3333333.33333 3333333.33333 3333333.33333 3333333.33333 3333333.33333 3333333.33333 3333333.33333 3333333.33333 3333333.33333 3333333.33333 3333333.33333 3333333.33333 3333333.33333 3333333.33333 3333333.33333 3333333.33333 3333333.33333 3333333.33333 3333333.33333 3333333.33333 3333333.33333 3333333.33333 3333333.33333 3333333.33333 3333333.33333 3333333.33333 3333333.33333 3333333.33333 3333333.33333 3333333.33333 3333333.33333 3333333.33333 3333333.33333 3333333.33333 3333333.33333 3333333.33333 3333333.33333 3333333.33333 3333333.33333 3333333.33333 3333333.33333 3333333.33333 3333333.33333 3333333.33333 3333333.33333 3333333.33333 3333333.33333 3333333.33333 3333333.33333 3333333.33333 3333333.33333 3333333.33333 3333333.33333 3333333.33333 3333333.33333 3333333.33333 3333333.33333 3333333.33333 3333333.33333 3333333.33333 3333333.33333 3333333.33333 3333333.33333 3333333.33333 3333333.33333 3333333.33333 3333333.33333 3333333.33333 3333333.33333 3333333.33333 3333333.33333 3333333.33333 3333333.33333 3333333.33333 3333333.33333 3333333.33333 3333333.33333 3333333.33333 3333333.33333 3333333.33333 3333333.33333 3333333.33333 3333333.33333 3333333.33333 3333333.33333 3333333.33333 3333333.33333 3333333.33333 3333333.33333 3333333.33333 3333333.33333 3333333.33333 3333333.33333 3333333.33333 3333333.33333 3333333.33333 3333333.33333 3333333.33333 3333333.33333 3333333.33333 3333333.33333 3333333.33333 3333333.33333 3333333.33333 3333333.33333 3333333.33333 3333333.33333 3333333.33333 3333333.33333 3333333.33333 3333333.33333 3333333.33333 3333333.33333 3333333.33333 3333333.33333 3333333.33333 3333333.33333 3333333.33333 3333333.33333 3333333.33333 3333333.33333 3333333.33333 3333333.33333 3333333.33333 3333333.33333 3333333.33333 3333333.33333 3333333.33333 3333333.33333 3333333.33333 3333333.33333 3333333.33333 3333333.33333 3333333.33333 3333333.33333 3333333.33333 3333333.33333 3333333.33333 3333333.33333 3333333.33333 3333333.33333 3333333.33333 3333333.33333 3333333.33333 3333333.33333 3333333.33333 3333333.33333 3333333.33333 3333333.33333 3333333.33333 3333333.33333 3333333.33333 3333333.33333 3333333.33333 3333333.33333 3333333.33333 3333333.33333 3333333.33333 3333333.33333 3333333.33333 3333333.33333 3333333.33333 3333333.33333 3333333.33333 3333333.33333 3333333.33333 3333333.33333 3333333.33333 3333333.33333 3333333.33333 3333333.33333 3333333.33333 3333333.33333 3333333.33333 3333333.33333 3333333.33333 3333333.33333 3333333.33333 3333333.33333 3333333.33333 3333333.33333 3333333.33333 3333333.33333 3333333.33333 3333333.33333 3333333.33333 3333333.33333 3333333.33333 3333333.33333 3333333.33333 3333333.33333 3333333.33333 3333333.33333 3333333.33333 3333333.33333 3333333.33333 3333333.33333 3333333.33333 3333333.33333 3333333.33333 3333333.33333 3333333.33333 3333333.33333 3333333.33333 3333333.33333 3333333.33333 3333333.33333 3333333.33333 3333333.33333 3333333.33333 3333333.33333 3333333.33333 3333333.33333 3333333.33333 3333333.33333 3333333.33333 3333333.33333 3333333.33333 3333333.33333 3333333.33333 3333333.33333 3333333.33333 3333333.33333 3333333.33333 3333333.33333 3333333.33333 3333333.33333 3333333.33333 3333333.33333 3333333.33333 3333333.33333 3333333.33333 3333333.33333 3333333.33333 3333333.33333 3333333.33333 3333333.33333 3333333.33333 3333333.33333 3333333.33333 3333333.33333 3333333.33333 3333333.33333 3333333.33333 3333333.33333 3333333.33333 3333333.33333 3333333.33333 3333333.33333 3333333.33333 3333333.33333 3333333.33333 3333333.33333 3333333.33333 3333333.33333 3333333.33333 3333333.33333 3333333.33333 3333333.33333 3333333.33333 3333333.33333 3333333.33333 3333333.33333 3333333.33333 3333333.33333 3333333.33333 3333333.33333 3333333.33333 3333333.33333 3333333.33333 3333333.33333 3333333.33333 3333333.33333 3333333.33333 3333333.33333 3333333.33333 3333333.33333 3333333.33333 3333333.33333 3333333.33333 3333333.33333 3333333.33333 3333333.33333 3333333.33333 3333333.33333 3333333.33333 3333333.33333 3333333.33333 3333333.33333 3333333.33333 3333333.33333 3333333.33333 3333333.33333 3333333.33333 3333333.33333 3333333.33333 3333333.33333 3333333.33333 3333333.33333 3333333.33333 3333333.33333 3333333.33333 3333333.33333 3333333.33333 3333333.33333 3333333.33333 3333333.33333 3333333.33333 3333333.33333 3333333.33333 3333333.33333 3333333.33333 3333333.33333 3333333.33333 3333333.33333 3333333.33333 3333333.33333 3333333.33333 3333333.33333 3333333.33333 3333333.33333 3333333.33333 3333333.33333 3333333.33333 3333333.33333 3333333.33333 3333333.33333 3333333.33333 3333333.33333 3333333.33333 3333333.33333 3333333.33333 3333333.33333 3333333.33333 3333333.33333 3333333.33333 3333333.33333 3333333.33333 3333333.33333 3333333.33333 3333333.33333 3333333.33333 3333333.33333 3333333.33333 3333333.33333 3333333.33333 3333333.33333 3333333.33333 3333333.33333 3333333.33333 3333333.33333 3333333.33333 3333333.33333 3333333.33333 3333333.33333 3333333.33333 3333333.33333 3333333.33333 3333333.33333 3333333.33333 3333333.33333 3333333.33333 3333333.33333 3333333.33333 3333333.33333 3333333.33333 3333333.33333 3333333.33333 3333333.33333 3333333.33333 3333333.33333 3333333.33333 3333333.33333 3333333.33333 3333333.33333 3333333.33333 3333333.33333 3333333.33333 3333333.33333 3333333.33333 3333333.33333 3333333.33333 3333333.33333 3333333.33333 3333333.33333 3333333.33333 3333333.33333 3333333.33333 3333333.33333 3333333.33333 3333333.33333 3333333.33333 3333333.33333 3333333.33333 3333333.33333 3333333.33333 3333333.33333 3333333.33333 3333333.33333 3333333.33333 3333333.33333 3333333.33333 3333333.33333 3333333.33333 3333333.33333 3333333.33333 3333333.33333 3333333.33333 3333333.33333 3333333.33333 3333333.33333 3333333.33333 3333333.33333 3333333.33333 3333333.33333 3333333.33333 3333333.33333 3333333.33333 3333333.33333 3333333.33333 3333333.33333 3333333.33333 3333333.33333 3333333.33333 3333333.33333 3333333.33333 3333333.33333 3333333.33333 3333333.33333 3333333.33333 3333333.33333 3333333.33333 3333333.33333 3333333.33333 3333333.33333 3333333.33333 3333333.33333 3333333.33333 3333333.33333 3333333.33333 3333333.33333 3333333.33333 3333333.33333 3333333.33333 3333333.33333 3333333.33333 3333333.33333 3333333.33333 3333333.33333 3333333.33333 3333333.33333 3333333.33333 3333333.33333 3333333.33333 3333333.33333 3333333.33333 3333333.33333 3333333.33333 3333333.33333 3333333.33333 3333333.33333 3333333.33333 3333333.33333 3333333.33333 3333333.33333 3333333.33333 3333333.33333 3333333.33333 3333333.33333 3333333.33333 3333333.33333 3333333.33333 3333333.33333 3333333.33333 3333333.33333 3333333.33333 3333333.33333 3333333.33333 3333333.33333 3333333.33333 3333333.33333 3333333.33333 3333333.33333 3333333.33333 3333333.33333 3333333.33333 3333333.33333 3333333.33333 3333333.33333 3333333.33333 3333333.33333 3333333.33333 3333333.33333 3333333.33333 3333333.33333 3333333.33333 3333333.33333 3333333.33333 3333333.33333 3333333.33333 3333333.33333 3333333.33333 3333333.33333 3333333.33333 3333333.33333 3333333.33333 3333333.33333 3333333.33333 3333333.33333 3333333.33333 3333333.33333 3333333.33333 3333333.33333 3333333.33333 3333333.33333 3333333.33333 3333333.33333 3333333.33333 3333333.33333 3333333.33333 3333333.33333 3333333.33333 3333333.33333 3333333.33333 3333333.33333 3333333.33333 3333333.33333 3333333.33333 3333333.33333 3333333.33333 3333333.33333 3333333.33333 3333333.33333 3333333.33333 3333333.33333 3333333.33333 3333333.33333 3333333.33333 3333333.33333 3333333.33333 3333333.33333 3333333.33333 3333333.33333 3333333.33333 3333333.33333 3333333.33333 3333333.33333 3333333.33333 3333333.33333 3333333.33333 3333333.33333 3333333.33333 3333333.33333 3333333.33333 3333333.33333 3333333.33333 3333333.33333 3333333.33333 3333333.33333 3333333.33333 3333333.33333 3333333.33333 3333333.33333 3333333.33333 3333333.33333 3333333.33333 3333333.33333 3333333.33333 3333333.33333 3333333.33333 3333333.33333 3333333.33333 3333333.33333 3333333.33333 3333333.33333 3333333.33333 3333333.33333 3333333.33333 3333333.33333 3333333.33333 3333333.33333 3333333.33333 3333333.33333 3333333.33333 3333333.33333 3333333.33333 3333333.33333 3333333.33333 3333333.33333 3333333.33333 3333333.33333 3333333.33333 3333333.33333 3333333.33333 3333333.33333 3333333.33333 3333333.33333 3333333.33333 3333333.33333 3333333.33333 3333333.33333 3333333.33333 3333333.33333 3333333.33333 3333333.33333 3333333.33333 3333333.33333 3333333.33333 3333333.33333 3333333.33333 3333333.33333 3333333.33333 3333333.33333 3333333.33333 3333333.33333 3333333.33333 3333333.33333 3333333.33333 3333333.33333 3333333.33333 3333333.33333 3333333.33333 3333333.33333 3333333.33333 3333333.33333 3333333.33333 3333333.33333 3333333.33333 3333333.33333 3333333.33333 3333333.33333 3333333.33333 3333333.33333 3333333.33333 3333333.33333 3333333.33333 3333333.33333 3333333.33333 3333333.33333 3333333.33333 3333333.33333 3333333.33333 3333333.33333 3333333.33333 3333333.33333 3333333.33333 3333333.33333 3333333.33333 3333333.33333 3333333.33333 3333333.33333 3333333.33333 3333333.33333 3333333.33333 3333333.33333 3333333.33333 3333333.33333 3333333.33333 3333333.33333 3333333.33333 3333333.33333 3333333.33333 3333333.33333 3333333.33333 3333333.33333 3333333.33333 3333333.33333 3333333.33333 3333333.33333 3333333.33333 3333333.33333 3333333.33333 3333333.33333 3333333.33333 3333333.33333 3333333.33333 3333333.33333 3333333.33333 3333333.33333 3333333.33333 3333333.33333 3333333.33333 3333333.33333 3333333.33333 3333333.33333 3333333.33333 3333333.33333 3333333.33333 3333333.33333 3333333.33333 3333333.33333 3333333.33333 3333333.33333 3333333.33333 3333333.33333 3333333.33333 3333333.33333 3333333.33333 3333333.33333 3333333.33333 3333333.33333 3333333.33333 3333333.33333 3333333.33333</DataArray>
        <DataArray type="Float64" Name="PrincipalStress" NumberOfComponents="3" format="ascii">-10000000 -5.8183733341e-08 1.62742174833e-08 -10000000 -3.01019699289e-08 2.31170506193e-08 -10000000 -5.3845504687e-08 2.218053715e-08 -10000000 -6.91268051724e-08 3.09425796132e-08 -10000000 -9.5213029687e-08 8.86937716647e-08 -10000000 -7.06963841816e-08 8.14065937897e-08 -10000000 -1.22839225883e-07 -3.9676563387e-08 -10000000 6.14120297652e-09 6.25438369014e-08 -10000000 1.9561034115e-09 7.60421622125e-08 -10000000 -6.43563391123e-08 3.99091215286e-08 -10000000 5.12795952559e-08 8.49263312816e-08 -10000000 -1.14368505091e-07 -7.56213001303e-08 -10000000 -1.15163039978e-07 3.92602501467e-08 -10000000 -1.26369417586e-08 9.22650218882e-08 -10000000 -5.83453270948e-08 6.27691093242e-08 -10000000 -1.2210742354e-07 5.10940772254e-08 -10000000 6.31617639949e-08 9.5628734977e-08 -10000000 -3.71590310053e-08 2.41205149607e-08 -10000000 -9.13249301732e-08 2.38040435136e-08 -10000000 -9.78453263352e-08 5.08135363171e-08 -10000000 -8.06774881735e-08 3.5974004592e-08 -10000000 -8.75693117331e-08 -2.30331671734e-09 -10000000 -1.0697233575e-08 5.40037332946e-08 -10000000 1.83294995126e-08 3.7782685608e-08 -10000000 -3.83927619929e-08 6.96062509963e-09 -10000000 -3.80017766269e-08 -7.63302952921e-09 -10000000 -1.82988440696e-07 6.1916505996e-08 -10000000 -8.39741050516e-08 1.56850096515e-07 -10000000 -7.61494456991e-08 -5.44685453907e-08 -10000000 1.24778214545e-08 5.1783436194e-08 -10000000 2.3956123044e-08 5.4740634511e-08 -10000000 1.5687693164e-08 2.22637017516e-08 -10000000 -1.86212879092e-08 3.02628200918e-08 -10000000 -2.42816494628e-08 7.03821169063e-08 -10000000 8.04289364922e-09 8.29938880194e-08 -10000000 -6.75226847526e-08 6.52105611531e-09 -10000000 -1.49335110463e-07 -2.17954126227e-08 -10000000 -2.93520565704e-08 1.52053805776e-07 -10000000 4.09331834238e-09 3.38580765732e-08 -10000000 9.0197513649e-09 1.50934900825e-07 -10000000 8.28027034212e-08 1.30935827453e-07 -10000000 -6.74604147467e-10 8.00698536334e-08 -10000000 1.64024353289e-08 1.33307668541e-07 -10000000 -3.63450400635e-08 5.10133706137e-08 -10000000 -1.29507651434e-07 3.5676902041e-08 -10000000 -1.94014372868e-07 -1.30784375029e-07 -10000000 -2.87453919787e-08 9.88610984272e-09 -10000000 -1.75897666395e-08 5.6938145417e-08 -10000000 -4.50929251049e-08 9.46983662587e-09 -10000000 -9.45422311629e-08 -1.25598649179e-08 -10000000 3.47504780693e-08 6.42025454836e-08 -10000000 1.92547062072e-09 3.3930448502e-08 -10000000 4.29214226434e-08 1.04693205433e-07 -10000000 -5.88219999002e-08 3.85657339023e-08 -10000000 -2.22201686984e-08 7.55183814817e-09 -10000000 1.87745778348e-08 4.15285588716e-08 -10000000 -3.99241532912e-08 3.08437581887e-08 -10000000 -6.70335009384e-08 -4.28625628662e-08 -10000000 -3.02164495981e-08 2.39300222194e-08 -10000000 -2.40344300784e-08 2.93895348825e-08 -10000000 -4.87826768995e-08 -2.66544516444e-08 -10000000 -2.44903752909e-08 2.40247140036e-08 -10000000 -7.45102934352e-10 5.03380300326e-08 -10000000 -3.39618646821e-08 7.88483259289e-09 -10000000 -3.93509458348e-08 -1.90895457223e-08 -10000000 -7.94759657441e-08 -5.30046704949e-08 -10000000 2.02019595478e-08 3.54445642855e-08 -10000000 -1.76552293184e-08 5.18813339355e-08 -10000000 -2.19517403607e-08 1.31041759018e-08 -10000000 -1.62771072346e-07 -3.0043459353e-09 -10000000 -4.5374111228e-09 2.19440095215e-07 -10000000 3.07759449448e-08 1.36396457199e-07 -10000000 -2.00409535326e-07 -5.23310147045e-10 -10000000 1.16632589146e-07 2.24464303807e-07 -10000000 4.99630009172e-08 7.06432724955e-08 -10000000 -3.79355515952e-08 1.13928582187e-08 -10000000 4.93754288164e-08 1.59706489185e-07 -10000000 -1.06264886307e-07 -2.41202741388e-08 -10000000 -3.50628846928e-08 -2.03508084968e-08 -10000000 -8.16648584773e-08 8.60886407067e-08 -10000000 -1.02275130089e-07 4.15063320953e-08 -10000000 -2.46559311345e-08 2.087135508e-10 -10000000 2.11615755784e-08 7.96540931237e-08 -10000000 -6.00465134227e-08 -4.33302923596e-08 -10000000 4.95325668742e-08 6.9443892033e-08 -10000000 1.86007843647e-08 4.10038604107e-08 -10000000 2.29922884818e-08 4.94180416946e-08 -10000000 -6.61774783021e-08 -1.11222953909e-08 -10000000 -2.16647406274e-08 2.46915389949e-08 -10000000 1.42850419367e-08 4.6483756057e-08 -10000000 -1.02994874326e-07 -4.25242779577e-08 -10000000 3.91807476254e-08 1.00517638567e-07 -10000000 -6.49597495794e-08 -1.39698386192e-09 -10000000 -3.86725258277e-09 2.83144701664e-08 -10000000 -8.49831849337e-08 -2.09547579288e-08 -10000000 6.65608573183e-08 7.3836020805e-08 -10000000 -6.60737400298e-08 -1.28558481689e-08 -10000000 -6.45979596141e-08 -1.24689834354e-08 -10000000 4.54980400506e-08 7.39440801439e-08 -10000000 -5.91418712237e-08 -1.3035628309e-08 -10000000 2.60273024115e-08 3.42758342948e-08 -10000000 3.95847274732e-08 7.33381346989e-08 -10000000 -1.99540906684e-08 2.71718406217e-08 -10000000 2.2783956921e-08 5.33516635538e-08 -10000000 -3.84630659608e-08 8.19508228583e-09 -10000000 3.55101212643e-08 6.87980070927e-08 -10000000 1.34511422655e-08 4.42908573606e-08 -10000000 -6.07772712111e-08 -9.0719218851e-09 -10000000 -1.13180924622e-07 -5.04990178666e-08 -10000000 3.6518203522e-08 7.68703199375e-08 -10000000 -1.32587272812e-07 -5.90323469149e-08 -10000000 -5.33301845019e-08 -1.5354855376e-08 -10000000 -7.15180237304e-08 -6.94590318094e-09 -10000000 -5.08653961433e-08 -3.10909904228e-08 -10000000 -2.74841221936e-08 8.01038476594e-08 -10000000 4.05291530771e-09 8.60525437863e-08 -10000000 5.10930909631e-09 9.64048515368e-08 -10000000 -6.84676274523e-08 3.26117083296e-08 -10000000 -1.18365935658e-07 2.56993394836e-08 -10000000 -2.0100361472e-08 6.22427079734e-08 -10000000 -7.08915770841e-08 8.49296458485e-09 -10000000 -1.89925120005e-08 2.8072907103e-08 -10000000 -8.88067525647e-09 5.87064329984e-08 -10000000 -2.69857363208e-08 6.44714699491e-08 -10000000 -1.68232249973e-07 -3.47960712933e-08 -10000000 -4.84725538154e-08 2.77506265302e-08 -10000000 -3.72150430682e-08 8.447966373e-08 -10000000 -3.90263132509e-08 1.02821909612e-07 -10000000 4.51644586956e-08 7.35791695679e-08 -10000000 -7.71641340734e-08 1.52311828614e-08 -10000000 -1.0925228547e-07 6.01250196586e-08 -10000000 1.15456959512e-09 4.5178728492e-08 -10000000 -1.8903745667e-07 6.3308909097e-08 -10000000 2.75809657574e-08 5.36769288778e-08 -10000000 7.30883587497e-08 1.77204583178e-07 -10000000 -7.83819492743e-08 -6.41104046419e-08 -10000000 -4.70725353268e-08 9.35397105483e-09 -10000000 -3.69483421907e-09 6.93530757295e-08 -10000000 -7.71703450483e-08 2.24551437897e-08 -10000000 -6.79495967516e-08 1.20702422746e-08 -10000000 -1.06398894513e-07 -2.28221127145e-08 -10000000 -1.23400241137e-08 -3.25962901115e-09 -10000000 -2.09364578132e-08 4.49180141095e-08 -10000000 3.08956040963e-10 6.1623995171e-08 -10000000 -6.87586799371e-08 1.93628520844e-09 -10000000 -5.4859164856e-08 2.27285360317e-08 -10000000 -7.19202378483e-08 -4.4960745266e-08 -10000000 -1.3322625813e-07 1.35513072923e-08 -10000000 -1.19482283626e-07 1.61054778434e-08 -10000000 -6.60498750841e-09 1.40555681053e-08 -10000000 -2.40077526102e-08 -1.25466584434e-08 -10000000 -1.24025779817e-08 6.81464253399e-09 -10000000 2.72910456365e-08 8.88914455468e-08 -10000000 4.02986580613e-08 5.53947364804e-08 -10000000 3.35221357026e-10 4.69293993047e-08 -10000000 -5.28291089638e-08 -6.77553581161e-09 -10000000 -2.17828094362e-08 9.90844660984e-09 -10000000 -1.23270497246e-07 -6.46238321824e-08 -10000000 -4.17625052013e-08 8.48361742773e-08 -10000000 7.1473680204e-09 9.52981151873e-08 -10000000 8.55447129976e-08 1.46820269369e-07 -10000000 -7.05651858002e-08 1.11933716684e-08 -10000000 4.61643999547e-08 1.05408349064e-07 -10000000 -2.23064841848e-08 4.74521936994e-08 -10000000 -2.27449397557e-08 3.6016286444e-08 -10000000 -4.7337144332e-08 -6.44673435206e-09 -10000000 -1.00627274235e-08 4.40560013969e-08 -10000000 -8.79890038987e-08 -2.49338582734e-08 -10000000 3.55440346916e-08 7.85429806988e-08 -10000000 1.20952263648e-08 5.00705554908e-08 -10000000 -4.76208870792e-08 -1.98999995804e-08 -10000000 1.99348165473e-08 5.27083442728e-08 -10000000 -8.81430829521e-08 -5.83073919062e-08 -10000000 -1.559298292e-07 -7.52709999479e-08 -10000000 -1.1334352877e-07 -3.6832236387e-08 -10000000 -8.44297781322e-08 -8.93530997304e-09 -10000000 -6.53965090131e-08 3.48956946944e-08 -10000000 -1.92179100086e-08 -2.43533985125e-09 -10000000 -3.46266297227e-08 -9.14553128418e-09 -10000000 -5.01456924188e-08 -2.17989764702e-08 -10000000 -1.33525148218e-08 6.55065790002e-08 -10000000 -2.0592902629e-09 3.628539488e-08 -10000000 -4.95062115945e-08 -1.17282476864e-08 -10000000 -4.29357337538e-08 3.12169368901e-09 -10000000 -1.50607793796e-08 1.62249325979e-08 -10000000 2.14287533067e-08 2.83970044353e-08 -10000000 -5.25664561932e-09 3.22650002832e-08 -10000000 -1.07274225026e-07 5.52723374901e-09 -10000000 -1.15711532401e-07 9.28941293233e-08 -10000000 1.46176650229e-08 3.47424314317e-08 -10000000 -2.77991284903e-08 3.81757219395e-09 -10000000 -2.21494399313e-08 1.10392253876e-07 -10000000 -1.23350596422e-08 2.42094224685e-08 -10000000 5.88742770679e-08 1.00381883191e-07 -10000000 -1.90525297739e-08 1.60257314064e-08 -10000000 6.35955651549e-08 1.30352361009e-07 -10000000 2.23740350392e-08 5.84181983087e-08 -10000000 -7.63533211388e-09 2.28022730985e-09 -10000000 -1.6351568036e-08 -1.18209398461e-08 -10000000 -1.78838404165e-08 4.2154214249e-10 -10000000 -8.24398753216e-08 9.56388385793e-09 -10000000 -4.25666087537e-08 6.14258908896e-08 -10000000 -7.10070711629e-09 -8.15534767943e-10 -10000000 -1.27431470224e-07 -6.16270124232e-08 -10000000 -6.90813957009e-08 1.55303476605e-08 -10000000 -5.068597112e-08 7.81599870712e-08 -10000000 -3.77408161612e-08 3.51471154408e-09 -10000000 -1.01796231805e-07 3.30886953949e-09 -10000000 4.10944519851e-08 1.03726208368e-07 -10000000 -1.0544231213e-07 -3.96111788665e-08 -10000000 4.64832845143e-08 1.53751069028e-07 -10000000 1.33360716291e-08 1.18446072679e-07 -10000000 -1.31456910135e-07 -4.94524999838e-08 -10000000 2.53936604604e-08 7.84488066092e-08 -10000000 1.23641112778e-08 2.2793315914e-08 -10000000 -3.71563444343e-08 6.18363926617e-08 -10000000 -9.77758610303e-08 1.09300309474e-08 -10000000 -1.46699847699e-08 -3.02514414784e-09 -10000000 -3.26251761432e-08 9.80777306517e-09 -10000000 -7.22183109871e-08 -1.99826238998e-08 -10000000 -3.60770250912e-08 2.071020261e-08 -10000000 -1.77324202155e-08 7.73370649909e-08 -10000000 -4.30830474249e-08 3.02773620239e-08 -10000000 -6.08515489679e-09 7.05792431889e-08 -10000000 -4.31778232142e-08 3.54944119736e-08 -10000000 -3.99409798417e-08 6.76478264366e-08 -10000000 -1.03893119747e-08 5.02033520396e-08 -10000000 -2.89273146152e-09 6.29630375242e-08 -10000000 -7.33789224472e-08 3.30992210951e-08 -10000000 -2.70085120583e-08 8.82429713393e-08 -10000000 -8.12063255256e-08 -3.89342865997e-08 -10000000 -2.22271737909e-08 3.48000285482e-08 -10000000 -5.27566024652e-08 2.36527720084e-08 -10000000 -8.64348999785e-08 5.20392470242e-10 -10000000 -4.02530950538e-08 1.13754691998e-09 -10000000 2.74080404174e-08 4.19754913914e-08 -10000000 -9.28093090897e-08 -3.61788674946e-08 -10000000 1.95277940648e-08 5.87033022029e-08 -10000000 -3.97097744991e-08 4.78517795098e-09 -10000000 -7.68166184742e-08 -4.84462678116e-08 -10000000 -2.80430410486e-08 5.22563797049e-09 -10000000 -1.47236933611e-07 -4.90392989887e-08 -10000000 -8.21806203995e-09 5.45513601271e-08 -10000000 -2.54079106859e-08 1.65918503325e-09 -10000000 -8.19233473901e-08 -5.14886114235e-08 -10000000 -6.29548494575e-08 2.52362851856e-08 -10000000 -3.17962852703e-08 5.25359189379e-09 -10000000 -4.39794951407e-08 1.69940873357e-07 -10000000 -2.81788222832e-08 7.68972564168e-09 -10000000 -4.22996890555e-08 1.69211488972e-08 -10000000 -9.04722416002e-08 -2.85042173069e-08 -10000000 1.47408322274e-08 5.6272514087e-08 -10000000 -6.36459388535e-10 4.90652332685e-08 -10000000 -5.17761778078e-08 -2.78519023218e-08 -10000000 -3.03735944641e-08 8.29933199299e-08 -10000000 2.47806739528e-08 7.76648092549e-08 -10000000 -4.32335147985e-08 1.57594988473e-08 -10000000 2.14894765297e-09 2.90503585966e-08 -10000000 -3.02628404111e-08 8.60959055131e-09 -10000000 -8.7958378425e-08 -4.42894271704e-08 -10000000 -5.90178447567e-08 5.01702802978e-08 -10000000 6.91943391961e-08 1.29643030484e-07 -10000000 -1.24862181384e-07 -3.9981914323e-08 -10000000 -4.06743875921e-08 3.90445730865e-08 -10000000 -2.62834807451e-08 4.67725773866e-08 -10000000 -8.2913646675e-08 -1.46423930159e-08 -10000000 2.74876214447e-08 1.02199047071e-07 -10000000 -1.27498011491e-07 -3.73460842164e-08 -10000000 -3.02253187285e-08 2.76641816483e-08 -10000000 -2.56261210947e-08 1.04921292572e-08 -10000000 -3.4392497416e-08 1.76286910729e-08 -10000000 -2.8950694384e-08 -9.69919246257e-09 -10000000 4.02321205277e-09 3.27640296445e-08 -10000000 3.61067768334e-08 6.21477547885e-08 -10000000 -4.8302272925e-08 -8.74123477018e-09 -10000000 -7.70623842894e-08 -1.00162764372e-08 -10000000 -3.53603402648e-08 -1.49310787644e-08 -10000000 1.26189460835e-08 2.83592471996e-08 -10000000 -1.48566513126e-07 -3.32742195676e-08 -10000000 -9.7192121235e-08 3.060255715e-08 -10000000 2.97668455789e-08 1.03877943878e-07 -10000000 -7.58356757643e-08 -2.10218719957e-08 -10000000 1.09918159088e-08 1.20324667112e-07 -10000000 2.74154634222e-08 6.38541488901e-08 -10000000 -2.75310163846e-08 2.42713873734e-08 -10000000 -1.6025560023e-07 5.7344455735e-08 -10000000 4.99927550404e-08 1.23466074482e-07 -10000000 -3.79615749718e-08 1.06879445493e-07 -10000000 -2.32827535821e-08 8.91738257362e-08 -10000000 -1.81432424837e-08 -4.90699123802e-09 -10000000 -3.82429759324e-08 -9.95296730393e-09 -10000000 -1.10920696934e-07 -5.78815197155e-08 -10000000 3.94780596995e-10 1.04844670335e-07 -10000000 -2.56499389336e-08 3.0772213094e-08 -10000000 8.30861912697e-10 7.57704198494e-08 -10000000 -3.47527881058e-08 6.01313282641e-08 -10000000 -6.72256410203e-09 4.77007573851e-08 -10000000 1.77083044383e-08 6.12212837603e-08 -10000000 -7.58253240077e-08 2.80950420587e-08 -10000000 -1.14719116545e-07 6.32101154107e-10 -10000000 -1.00260143795e-07 -6.66794277045e-08 -10000000 4.89568516163e-08 1.84572283969e-07 -10000000 -1.31983562216e-07 -1.15981073275e-07 -10000000 1.47760245118e-08 4.01720073905e-08 -10000000 -1.67071421225e-08 4.55781419356e-08 -10000000 5.51472607134e-09 4.17498945904e-08 -10000000 -4.91610244658e-08 -7.88248322941e-09 -10000000 -5.1338776341e-08 5.1338776341e-08 -10000000 1.1454209983e-10 5.50663204461e-08 -10000000 -8.75357713469e-08 -8.62328448213e-09 -10000000 -4.240488251e-08 3.70497777059e-08 -10000000 -4.05599095885e-08 -2.25371948417e-08 -10000000 -1.99343911973e-07 9.12127610753e-09 -10000000 -5.21580312574e-08 3.26359609007e-09 -10000000 -1.27546522927e-08 5.18702004266e-08 -10000000 -6.33985958616e-08 -4.25393470009e-08 -10000000 5.60500017538e-09 9.00883943664e-08 -10000000 -1.36770574436e-07 1.78680090294e-07 -10000000 -3.69158456275e-08 4.22709504315e-08 -10000000 -5.08991185233e-09 6.74885243516e-08 -10000000 -1.30698918371e-08 -2.06410000036e-09 -10000000 -1.49903019804e-08 1.50730567231e-07 -10000000 6.2634679616e-09 1.28778305358e-07 -10000000 -6.30347755386e-08 -3.4754094796e-08 -10000000 -1.04295108421e-08 4.72167525394e-08 -10000000 -3.16411239994e-08 -1.18799675581e-09 -10000000 4.08687785241e-08 1.02089236679e-07 -10000000 -1.64851220354e-07 -9.00983344466e-08 -10000000 -8.49957784144e-08 6.75334801403e-08 -10000000 4.35243874168e-08 7.91773617888e-08 -10000000 -3.79669950901e-08 4.37877611814e-08 -10000000 -2.00433731318e-08 1.18996396685e-07 -10000000 4.73966375299e-08 5.45831843905e-08 -10000000 2.50446808699e-08 8.76453506586e-08 -10000000 -5.51778401819e-08 8.61443157878e-08 -10000000 -5.63094505573e-08 -1.93605086302e-08 -10000000 -1.34537661517e-07 -9.87586434239e-08 -10000000 -5.91689634902e-08 -1.99934553521e-08 -10000000 -3.92395483696e-08 -1.17503625906e-08 -10000000 1.77658139716e-08 7.04769999732e-08 -10000000 -2.69257327622e-08 1.34215554302e-08 -10000000 8.48718949928e-09 8.79046969734e-08 -10000000 -7.42879408638e-08 -3.53752922972e-08 -10000000 -2.06936362031e-08 7.54088374618e-08 -10000000 -9.10694310544e-08 4.22360097151e-09 -10000000 -6.8437248611e-08 -4.07603232627e-08 -10000000 -2.43910695032e-08 3.64982629732e-08 -10000000 -1.87974560448e-08 1.76333028265e-08 -10000000 -1.44018303014e-08 6.49260799742e-08 -10000000 8.12444247409e-09 9.71150084575e-08 -10000000 -8.63990998267e-08 -3.4207173586e-08 -10000000 2.6217845107e-08 1.6982555685e-07 -10000000 -5.98481092797e-08 -2.23411079301e-08 -10000000 -1.75463565043e-08 8.39030899457e-08 -10000000 -2.06978642409e-08 4.32824366753e-08 -10000000 -1.12883278642e-07 2.02166824682e-08 -10000000 -7.03517555344e-08 -3.88458163392e-08 -10000000 -6.96382486182e-08 3.28151517684e-09 -10000000 2.60581871158e-08 3.65732560271e-08 -10000000 1.6621428732e-08 5.34605950078e-08 -10000000 -6.53787421027e-08 9.35512499848e-08 -10000000 -9.64271618457e-08 6.70905007453e-08 -10000000 -3.0267983675e-08 1.79279595613e-08 -10000000 1.45339068362e-08 2.69099477341e-08 -10000000 -3.48230602976e-08 -3.82682654898e-09 -10000000 -6.87202681126e-08 -1.30032878099e-08 -10000000 -3.17403474306e-08 1.03199282144e-08 -10000000 -1.43960797152e-08 2.58047812542e-08 -10000000 1.74062527009e-08 5.54697387628e-08 -10000000 -4.63695627941e-08 -3.2233643042e-09 -10000000 -6.89286569844e-08 -1.9546987604e-08 -10000000 1.15857397787e-07 1.62375221379e-07 -10000000 -1.47625315493e-07 5.1699090308e-08 -10000000 -1.47191910166e-07 5.12656849806e-08 -10000000 -4.83060913543e-08 -1.75849807998e-08 -10000000 -1.05262502482e-08 8.75931932977e-08 -10000000 -2.03493982553e-07 -6.37955963612e-08 -10000000 4.20366655326e-08 1.28861026909e-07 -10000000 -4.73234887886e-08 8.90643258575e-09 -10000000 -3.91150698193e-08 2.53780618437e-08 -10000000 3.15925175763e-08 7.76050542974e-08 -10000000 5.6723380696e-09 8.51316129554e-08 -10000000 -1.11411879885e-07 -9.34790865301e-08 -10000000 2.90765707897e-08 1.26221468527e-07 -10000000 8.18981024036e-08 1.35332888125e-07 -10000000 -2.78515252141e-09 5.3542232838e-08 -10000000 4.39130091897e-09 5.0789561627e-08 -10000000 1.33246301158e-08 1.11472594883e-07 -10000000 3.12900219056e-10 1.69165674113e-08 -10000000 -4.59937129075e-08 5.97307208831e-08 -10000000 -1.23726871126e-08 6.01029690616e-08 -10000000 -4.01929258899e-08 7.36380513467e-09 -10000000 -9.7037492e-08 -4.24280635486e-08 -10000000 -1.78669844112e-08 3.46307907543e-08 -10000000 -2.67080340648e-08 3.13646469379e-08 -10000000 -2.77747076055e-08 -7.61555022993e-09 -10000000 -1.78799141288e-08 2.81244624496e-08 -10000000 -6.21810264896e-08 2.30654783557e-08 -10000000 -3.94761833654e-09 3.49140939425e-08 -10000000 -6.58870831713e-08 -4.69650270077e-10 -10000000 -9.11048659783e-08 -3.08983912963e-08 -10000000 -5.39038166558e-08 -1.04421524653e-09 -10000000 2.9408667952e-08 1.51733572811e-07 -10000000 1.02770663158e-08 3.09339576109e-08 -10000000 3.94081386026e-09 4.47207906634e-08 -10000000 -4.31154845376e-08 2.09965733905e-08 -10000000 -1.34272914773e-08 2.85612833148e-08 -10000000 2.42956094885e-08 8.46691317415e-08 -10000000 -4.53039860906e-08 -4.28894100768e-09 -10000000 9.88418664503e-08 1.61695623798e-07 -10000000 2.23517417908e-08 5.68106770515e-08 -10000000 -7.50781054815e-08 -2.41077487151e-08 -10000000 -7.39047328448e-08 -2.1090169766e-08 -10000000 -3.5502495796e-08 -1.75040718867e-09 -10000000 9.55806796784e-09 7.00700121618e-08 -10000000 -2.34599267449e-08 4.20863782372e-08 -10000000 -1.24381544979e-07 -5.44323893471e-08 -10000000 -4.43121801558e-08 -3.20562709626e-08 -10000000 1.16415321827e-08 6.07687979937e-08 -10000000 1.69775237816e-08 6.73071692211e-08 -10000000 -1.04265872359e-07 -4.49785702227e-08 -10000000 -9.82097425518e-08 -1.26176438275e-08 -10000000 -1.05516737938e-08 3.94226736069e-08 -10000000 -2.24860722432e-07 -8.62010174895e-08 -10000000 4.49854149479e-08 1.24049632345e-07 -10000000 -1.18499317856e-08 1.51095607967e-08 -10000000 3.47029715134e-08 4.74862456964e-08 -10000000 -8.92925844414e-08 -2.15348019378e-08 -10000000 -8.45458996216e-08 -2.27890271029e-08 -10000000 1.12935275918e-07 1.53655811066e-07 -10000000 -7.40356005063e-08 8.47458101144e-08 -10000000 -2.61953124115e-08 9.27848764966e-08 -10000000 4.51691448689e-08 6.23986124992e-08 -10000000 3.5132921299e-08 4.75219571982e-08 -10000000 -6.60008137524e-08 1.17512737811e-08 -10000000 -1.80170897761e-07 -1.00517381039e-08 -10000000 1.52325641743e-08 7.88310158618e-08 -10000000 2.55261419946e-08 7.57551879949e-08 -10000000 1.00149522852e-08 9.73199744392e-08 -10000000 -3.07067124013e-08 -3.75222285948e-09 -10000000 -1.76484630458e-08 4.60538015716e-08 -10000000 -1.4135917964e-08 4.04457806969e-08 -10000000 -3.00859731314e-08 6.75717067596e-08 -10000000 -5.2291340921e-08 1.11663155053e-07 -10000000 -1.37677987077e-08 5.54444839218e-08 -10000000 -6.61698317388e-08 -1.97446757695e-08 -10000000 1.5872575331e-08 1.11252956104e-07 -10000000 -4.83296743995e-08 1.16316222346e-07 -10000000 -4.40396216883e-08 -2.65080633388e-08 -10000000 1.06177008824e-10 1.92187664144e-08 -10000000 1.03953039539e-09 7.43975981485e-08 -10000000 -8.8618990877e-09 2.58585360744e-08 -10000000 -9.23699092335e-08 -5.6641702705e-08 -10000000 -3.74495429158e-08 4.23389864325e-08 -10000000 -8.33356318983e-08 -2.12053271023e-08 -10000000 -7.15280758475e-08 1.54158907269e-08 -10000000 -1.77501657303e-07 -5.95199379371e-08 -10000000 -8.69383113436e-08 -5.81151796528e-08 -10000000 -1.02558685161e-08 3.67985618926e-08 -10000000 -2.43723659247e-08 2.99603013724e-08 -10000000 -7.20624220036e-08 -3.20128757097e-08 -10000000 -4.84603157921e-08 9.62864486711e-10 -10000000 -7.16095935758e-08 -2.96717364136e-08 -10000000 -2.09691356346e-08 1.44136546127e-07 -10000000 -3.32249987326e-08 4.85918212138e-08 -10000000 4.18639860211e-08 1.63026980394e-07 -10000000 -6.41080819873e-08 7.55167835263e-08 -10000000 -4.1107709707e-08 2.48095646512e-08 -10000000 -1.6081927206e-07 -2.98690250926e-08 -10000000 2.5421320158e-08 1.07292146725e-07 -10000000 -5.77394833097e-08 -2.74765322676e-08 -10000000 6.14798055216e-08 1.05925427266e-07 -10000000 4.40444789708e-09 5.86926565331e-08 -10000000 -1.05791820851e-07 3.94350874095e-08 -10000000 -8.10669034829e-08 -3.23216199766e-08 -10000000 -1.19478700598e-07 -4.62967176839e-08 -10000000 1.01202070959e-08 6.41527682297e-08 -10000000 -5.22535887739e-08 -1.76312055379e-09 -10000000 -5.02421582658e-08 -4.73138814252e-08 -10000000 -3.54389733315e-08 2.84268321992e-09 -10000000 5.82034445994e-08 1.1828218329e-07 -10000000 -3.41676680526e-08 1.34457407674e-08 -10000000 -3.91346590264e-08 -9.0612842099e-09 -10000000 9.09243585431e-08 2.05236220185e-07 -10000000 -3.49189223254e-08 -2.25902466571e-08 -10000000 -8.33771703969e-08 -6.09778286685e-08 -10000000 -1.30797303271e-10 9.39615466958e-08 -10000000 -1.34422774949e-07 2.64063064053e-09 -10000000 -7.30112054968e-08 -3.12969228602e-08 -10000000 -9.06732433809e-08 3.82741329799e-09 -10000000 -2.82970828101e-08 2.08465022132e-08 -10000000 1.601429498e-09 5.33466024043e-08 -10000000 -2.47425563122e-08 4.66286368156e-08 -10000000 1.34378484665e-08 2.82388367475e-08 -10000000 -2.59002081682e-08 3.35836194088e-08 -10000000 -4.01220740456e-08 2.1029961266e-08 -10000000 -1.62310309889e-08 3.85827727797e-08 -10000000 3.87406045629e-08 6.11437415647e-08 -10000000 -5.30207931744e-08 4.82484993805e-09 -10000000 -7.55778232727e-08 -5.17805388059e-08 -10000000 5.65975343278e-08 1.10807698459e-07 -10000000 -2.02902038115e-07 3.83183779142e-09 -10000000 1.36854760194e-08 3.56746204352e-08 -10000000 -6.49286566109e-09 1.11732316593e-07 -10000000 -2.38568347111e-08 -1.08349311933e-08 -10000000 -2.872091879e-08 4.97219313729e-09 -10000000 -3.42684281865e-09 2.50800926785e-08 -10000000 3.88529392522e-08 1.11089995261e-07 -10000000 -8.75884792351e-08 -3.93042215563e-08 -10000000 9.11511639405e-09 1.17544753754e-07 -10000000 5.0978215621e-09 3.54147104337e-08 -10000000 6.42554519483e-10 2.82284452936e-08 -10000000 -8.65014288682e-08 1.75835583467e-08 -10000000 -1.04524086612e-07 1.39529662309e-08 -10000000 -1.05273256074e-07 1.3072321187e-08 -10000000 -5.7004456045e-08 4.76912302989e-08 -10000000 8.06592042733e-09 5.13058937044e-08 -10000000 1.00704031693e-08 5.0931225468e-08 -10000000 -2.03829481527e-09 7.44486249916e-08 -10000000 -1.08963383038e-08 6.65428621371e-08 -10000000 9.78474892345e-09 1.306121292e-07 -10000000 -1.22163964403e-07 -4.40771151656e-08 -10000000 5.06910484827e-08 9.85533940994e-08 -10000000 -5.13670350965e-08 7.82770473326e-09 -10000000 6.30089655463e-08 1.45840121811e-07 -10000000 -1.37928565156e-07 -5.49511133436e-09 -10000000 -3.49108034246e-08 -2.34209956004e-09 -10000000 -1.43383488718e-07 -6.70954131447e-08 -10000000 -4.3674612057e-08 -1.17390811326e-08 -10000000 -1.00932534387e-08 4.66476644924e-08 -10000000 5.05096496642e-08 1.12937462181e-07 -10000000 -1.04923380526e-07 2.11043488101e-08 -10000000 -9.70570037738e-09 1.6690619687e-08 -10000000 -5.6819316282e-08 1.36680227055e-07 -10000000 -5.52415491854e-08 -3.02072970356e-08 -10000000 -2.48987521676e-09 2.2513310571e-08 -10000000 -7.1323939946e-08 -1.78501965734e-08 -10000000 -7.30757682501e-08 2.13873653589e-08 -10000000 -8.13582520591e-08 -1.68962795628e-08 -10000000 -1.24906293041e-08 -4.27317703894e-09 -10000000 -1.80226082244e-08 6.90125191846e-08 -10000000 -4.38971875396e-08 8.81350098339e-08 -10000000 -6.03533021347e-08 -1.22898586853e-08 -10000000 -3.71553540347e-08 -5.21982311028e-09 -10000000 -1.86285337947e-07 -5.25989024417e-08 -10000000 2.82450095594e-08 6.97766914189e-08 -10000000 4.95283365992e-08 1.18808218763e-07 -10000000 -5.43648771759e-08 -1.26903481964e-08 -10000000 -8.34943003966e-08 -2.03481666731e-08 -10000000 -1.154412744e-07 -1.98333295628e-08 -10000000 -4.8983721552e-08 -2.66862376355e-08 -10000000 -3.38896618958e-09 5.74056755173e-08 -10000000 -1.41541749433e-09 2.74924495836e-08 -10000000 -3.32958715447e-08 -1.23389346114e-08 -10000000 -9.67166439396e-08 -1.48092343706e-08 -10000000 -2.70836753902e-08 2.87134898958e-08 -10000000 -5.73598193986e-08 1.3326260923e-07 -10000000 -6.0534324495e-08 -2.21205540021e-08 -10000000 -3.52925438632e-08 -2.89168169606e-09 -10000000 -4.84402379839e-08 1.3738154386e-07 -10000000 1.41716997875e-08 1.21102904175e-07 -10000000 7.96114788488e-09 4.00019647078e-08 -10000000 -3.8307335762e-08 2.80627874412e-08 -10000000 -1.21758149594e-07 -1.67760833799e-08 -10000000 4.8219670181e-08 8.84519176438e-08 -10000000 1.84289770592e-09 4.93798438979e-08 -10000000 -3.04786471225e-08 4.67767921782e-08 -10000000 2.14198968598e-08 9.49954249671e-08 -10000000 -4.54434495773e-08 2.47215222921e-08 -10000000 5.92902111557e-08 1.37451682732e-07 -10000000 -8.04185794121e-08 -4.36801536554e-08 -10000000 -5.49654891742e-08 6.70726826442e-08 -10000000 1.48053422475e-08 8.29835280871e-08 -10000000 -1.23965291137e-07 -3.31953933295e-08 -10000000 3.56298923412e-08 1.1803833247e-07 -10000000 -8.36103069306e-09 1.60444419336e-08 -10000000 7.76968853593e-08 1.47683177698e-07 -10000000 -2.00530107021e-08 2.65722687244e-08 -10000000 -2.56829857404e-08 9.9955961066e-08 -10000000 -1.95550779669e-08 4.88917390673e-08 -10000000 -6.85853939944e-08 3.62219345265e-08 -10000000 -6.76705835541e-08 3.64712773044e-08 -10000000 -7.46206263587e-08 -4.77462312724e-09 -10000000 -3.17567673405e-08 9.34568879087e-08 -10000000 -3.7355190243e-08 8.01852914263e-09 -10000000 -2.57525779614e-08 2.66839005361e-08 -10000000 2.12819307365e-08 7.39458025179e-08 -10000000 -6.51353988578e-08 2.03829442763e-09 -10000000 -7.59975600836e-08 1.35369374215e-07 -10000000 -1.39889465848e-07 -3.63633313978e-08 -10000000 -6.41008902723e-08 -3.41536413496e-08 -10000000 -6.96726944157e-08 -2.97459904245e-08 -10000000 6.74897132418e-08 8.59456809261e-08 -10000000 -3.95055362208e-08 -9.38889894653e-09 -10000000 6.99479449099e-09 2.79298020571e-08 -10000000 -7.0713815346e-11 4.50070280405e-08 -10000000 -6.89225003551e-08 4.6105097277e-08 -10000000 6.19339267833e-09 4.8056147293e-08 -10000000 3.91167720946e-08 1.39929992875e-07 -10000000 6.72561158417e-09 1.60213959916e-07 -10000000 3.36422934427e-08 1.04659108888e-07 -10000000 -5.27406505098e-08 1.80331843232e-07 -10000000 -2.01976778547e-07 3.15447473925e-08 -10000000 -9.71276288634e-08 -4.25707573289e-08 -10000000 -1.02487839708e-07 -5.11803851036e-08 -10000000 -3.7931335171e-08 7.4951407512e-08 -10000000 -1.83943430306e-07 -4.42306004744e-08 -10000000 -4.51691448689e-08 1.41561031342e-07 -10000000 3.95124610861e-08 1.64912844042e-07 -10000000 -7.47890259315e-08 -2.32326750467e-08 -10000000 -2.12149994707e-07 -2.32417860267e-08 -10000000 -8.53693660243e-08 -4.50326242612e-09 -10000000 -7.43285261742e-08 -4.4647932733e-08 -10000000 2.2116651808e-08 5.58816138161e-08 -10000000 -7.12835452034e-08 -1.11385026501e-08 -10000000 -1.60609039622e-08 4.23707666951e-08 -10000000 -1.029975018e-07 -4.74110940007e-08 -10000000 -1.30814092737e-07 5.23501658259e-08 -10000000 -5.52288089333e-08 1.9140059167e-08 -10000000 -5.31207393772e-08 8.05947553284e-08 -10000000 -7.32666690116e-08 -2.73161690469e-08 -10000000 -9.0580609357e-08 -3.44494462852e-08 -10000000 -3.37226054471e-08 1.78901216787e-08 -10000000 -4.63712198825e-08 -1.46304087548e-08 -10000000 -6.71402310919e-08 -1.90071070601e-08 -10000000 -1.76156721741e-08 5.74130934773e-09 -10000000 -2.44952588696e-08 2.75220572371e-08 -10000000 -1.00451357752e-07 -3.90141977964e-08 -10000000 -8.82598216914e-08 -4.44536451913e-08 -10000000 2.55077208096e-08 4.69026093668e-08 -10000000 5.17098372091e-09 3.37117337693e-08 -10000000 -2.8925272494e-08 -8.09479984696e-09 -10000000 -1.38614768485e-07 -1.55191176135e-08 -10000000 2.78600435878e-08 2.48975591717e-07 -10000000 -1.27279063926e-07 5.64985482548e-08 -10000000 -1.79346932893e-08 4.19162495857e-08 -10000000 -4.86448873848e-08 -3.97483808093e-09 -10000000 1.22493090487e-08 6.5283295288e-08 -10000000 -2.02562659979e-08 -3.25962901115e-09 -10000000 -2.55778872645e-07 -8.01957461477e-08 -10000000 6.40390548942e-08 1.06625806904e-07 -10000000 -5.70423711368e-08 5.63438792058e-08 -10000000 -1.47538741075e-08 -1.54427094822e-09 -10000000 3.17044257312e-08 5.81682027192e-08 -10000000 6.50091080299e-09 5.79931774891e-08 -10000000 -2.15490781098e-08 5.55423520832e-08 -10000000 -5.75593755911e-08 5.47654078672e-08 -10000000 4.23092809545e-08 1.0134722618e-07 -10000000 -1.72903071329e-07 -2.77969435009e-08 -10000000 -3.15523356854e-08 2.01436341463e-08 -10000000 4.17210120541e-08 1.43612180294e-07 -10000000 -1.09567675988e-07 -4.73601778351e-08 -10000000 -1.44260378508e-08 3.07241829066e-08 -10000000 4.30861846729e-08 8.75318064169e-08 -10000000 -1.10463162543e-07 -2.41129494885e-08 -10000000 5.96579126707e-08 9.14491750606e-08 -10000000 -1.68759322475e-07 -7.45487001429e-08 -10000000 -1.79245621131e-08 4.958952965e-08 -10000000 4.69806166177e-08 6.03543101067e-08 -10000000 8.79872303263e-08 1.81630655025e-07 -10000000 -4.63139075758e-08 7.89685137288e-09 -10000000 -3.80723988437e-08 2.31712376499e-08 -10000000 -3.7911366119e-09 2.54443864717e-08 -10000000 -6.59508343484e-08 -3.64946488593e-08 -10000000 2.16269613507e-08 8.50094734428e-08 -10000000 -3.34509520988e-08 1.80841296176e-08 -10000000 -8.67501081123e-08 -3.19935201512e-08 -10000000 -7.73048561795e-08 2.74790984376e-08 -10000000 1.79151727991e-08 1.26439826266e-07 -10000000 7.24959727959e-08 1.3053234847e-07 -10000000 -2.96981252593e-08 8.16193587942e-08 -10000000 1.78022792308e-08 1.32839147213e-07 -10000000 -4.51111344949e-08 -3.33527924164e-08 -10000000 -5.234589153e-08 5.3141015119e-09 -10000000 1.74038265784e-09 6.32193669216e-08 -10000000 -1.59171276096e-07 -5.29374402723e-08 -10000000 -8.22489018823e-08 -3.13724522208e-08 -10000000 1.7284203842e-08 1.25440980718e-07 -10000000 5.58491429224e-09 8.96428189622e-08 -10000000 -1.11272614092e-07 -1.00321512514e-08 -10000000 1.84729730461e-08 9.84080100681e-08 -10000000 -7.13182096022e-09 3.85639578535e-08 -10000000 -6.23462153756e-09 2.99833471903e-08 -10000000 -1.08498491215e-07 -3.18983869083e-08 -10000000 5.36620539474e-09 3.60776491756e-08 -10000000 5.600283279e-08 1.70308552842e-07 -10000000 -1.40718517272e-08 5.50500450103e-08 -10000000 -6.34939911692e-08 1.41338947146e-08 -10000000 -2.23059645437e-08 9.02925124907e-08 -10000000 -1.2395048592e-07 3.10510591019e-08 -10000000 -1.31181800594e-07 -2.71430370907e-08 -10000000 9.13645184619e-08 1.25866472067e-07 -10000000 -4.08933125018e-08 -1.21920742512e-08 -10000000 -2.68608521969e-08 -1.38845104426e-08 -10000000 -3.83103027528e-08 7.80948843418e-09 -10000000 -4.46150512474e-09 4.07830855347e-08 -10000000 2.15917101879e-08 4.73261603337e-08 -10000000 -4.41393683195e-08 -3.78170182466e-08 -10000000 -1.0235488502e-08 1.18653030076e-08 -10000000 1.20486127942e-08 1.56582338006e-08 -10000000 -9.41244261439e-08 8.55096923287e-08 -10000000 -4.22536412818e-08 -8.20027794197e-10 -10000000 -5.01397704721e-08 9.62402379156e-08 -10000000 4.36413601518e-08 1.72658307803e-07 -10000000 -2.23412673643e-07 -5.3190131018e-08 -10000000 -3.97910955656e-08 4.21194020021e-08 -10000000 -7.28881629536e-08 -8.60256232522e-09 -10000000 -3.11457169714e-08 -7.50416987515e-09 -10000000 9.9417971901e-09 4.47734040686e-08 -10000000 -3.21401945319e-08 3.37700090375e-08 -10000000 1.64794928055e-08 5.40681922216e-08 -10000000 -8.23886884591e-08 4.86282451293e-08 -10000000 -4.96860607323e-08 1.08033432421e-08 -10000000 -7.92006051428e-08 9.58424269032e-09 -10000000 -1.93979792525e-07 -7.16799718836e-08 -10000000 -3.14038779022e-08 -1.49294201849e-08 -10000000 -9.35950560523e-09 6.84984890933e-08 -10000000 2.31813569606e-08 5.22557715833e-08 -10000000 6.23772117033e-09 6.6871100937e-08 -10000000 -2.14543431812e-07 -4.43642439314e-08 -10000000 -1.0311307453e-08 5.52476216782e-08 -10000000 -1.33829774083e-08 1.22114887995e-07 -10000000 2.63886167104e-09 2.20411865563e-08 -10000000 -7.32727984371e-09 3.52669570822e-08 -10000000 9.7030485945e-10 1.27785041081e-07 -10000000 -2.12996292749e-08 3.52694678942e-08 -10000000 -3.98528384204e-08 -1.27668870454e-08 -10000000 -1.41103346669e-07 -3.67792650827e-08 -10000000 7.79280611043e-09 3.55136936092e-08 -10000000 -4.02072523032e-08 3.85774377976e-08 -10000000 6.62856707919e-08 1.57464577759e-07 -10000000 -1.25953712036e-07 -7.07881818517e-08 -10000000 -2.24180674022e-07 -1.43226081664e-07 -10000000 6.42140687179e-08 1.12038728528e-07 -10000000 1.30461567779e-07 2.16688921909e-07 -10000000 -1.68554236377e-07 -9.7105528032e-08 -10000000 -1.05067421808e-07 -7.14182060817e-08 -10000000 2.38400376702e-08 8.00024293994e-08 -10000000 -1.77914277067e-08 4.68952581634e-08 -10000000 -1.26337041883e-07 -7.06376826487e-08 -10000000 -2.01257517756e-07 -4.48444725862e-08 -10000000 -7.75495376576e-08 -4.60835341226e-08 -10000000 -9.35807481466e-08 -7.33588233532e-08 -10000000 -7.33376591063e-08 -4.40089852953e-08 -10000000 -3.58053858258e-08 7.35239500977e-08 -10000000 -5.6899260525e-08 -2.70538425037e-09 -10000000 -1.14786353918e-07 -2.79388306421e-08 -10000000 -6.50674135586e-08 -1.66561423639e-08 -10000000 4.50724371722e-08 1.33275835867e-07 -10000000 -1.79305235937e-08 3.39958380059e-08 -10000000 -1.51447730959e-08 1.02553295792e-08 -10000000 -6.18966403142e-08 -3.51937380894e-08 -10000000 -1.45990906504e-08 3.76493243721e-08 -10000000 -3.77091974369e-09 2.83959716907e-09 -10000000 3.46196474061e-08 1.34182569243e-07 -10000000 3.49022652589e-08 8.73338226594e-08 -10000000 3.62338476404e-08 8.41395951286e-08 -10000000 1.63835768911e-08 6.0916196802e-08 -10000000 -3.81594506891e-08 3.00202349737e-09 -10000000 6.95785025656e-09 5.12498106569e-08 -10000000 -1.48128912719e-08 3.0179713753e-08 -10000000 -4.26457405325e-08 2.12253213164e-08 -10000000 -8.97325979069e-09 8.2082081898e-08 -10000000 5.27258718523e-08 1.56356046149e-07 -10000000 -4.42387120241e-08 3.25971798414e-08 -10000000 -1.2074326791e-07 -3.45547714072e-08 -10000000 -1.11366729154e-08 3.11601082696e-08 -10000000 -4.19695430826e-09 3.51634299142e-08 -10000000 -3.28816030587e-08 1.44946616545e-09 -10000000 2.35784865398e-09 4.37426187895e-08 -10000000 3.18967905509e-08 7.00830313695e-08 -10000000 -7.39074545579e-09 3.3467777545e-08 -10000000 -1.9073176165e-08 4.77113453344e-08 -10000000 -7.91061008376e-08 1.06538916034e-08 -10000000 2.67568454602e-09 1.29239685788e-08 -10000000 -2.85628530869e-08 3.48492804656e-08 -10000000 5.73331776004e-08 1.45229482378e-07 -10000000 -9.9659674409e-08 -7.10051873893e-08 -10000000 7.35704628431e-09 6.5053283892e-08 -10000000 -3.43393214095e-08 -2.01430492055e-08 -10000000 -9.46289090699e-08 6.48265866822e-08 -10000000 3.43770432054e-08 1.13703246159e-07 -10000000 5.49339235108e-08 6.03172450978e-08 -10000000 1.30385160446e-07 1.55763700604e-07 -10000000 -9.29407347007e-08 -4.00055628257e-08 -10000000 -1.24080360317e-07 -8.68642028334e-08 -10000000 -1.23239280874e-08 5.00424923594e-08 -10000000 1.18957026724e-07 1.39019326445e-07 -10000000 -1.4655713438e-07 -1.15144509087e-07 -10000000 3.98735148178e-08 6.76942425503e-08 -10000000 -1.28094784799e-07 -6.42233268596e-08 -10000000 5.1493487875e-08 7.12082613305e-08 -10000000 -1.33564505747e-07 -9.7636323401e-08 -10000000 -1.04994592819e-07 -7.63804785872e-08 -10000000 -2.86876192537e-09 2.56861650034e-08 -10000000 1.06972480204e-07 1.49606889103e-07 -10000000 7.27453433231e-08 1.09561050658e-07 -10000000 -1.50325413454e-07 -9.64750688186e-08 -10000000 -1.32538610527e-07 -8.98146541624e-08 -10000000 -6.30410144429e-08 -3.68433316846e-08 -10000000 -1.37459916042e-08 4.93690800832e-08 -10000000 -2.99524273636e-08 2.01735403301e-08 -10000000 -5.0482489044e-08 1.01239569361e-07 -10000000 -1.4196135322e-07 -4.05778714041e-08 -10000000 1.28177128697e-08 4.14318271016e-08 -10000000 3.40753803696e-08 1.2331813474e-07 -10000000 -6.02235890918e-08 2.52989925437e-08 -10000000 -1.03402282472e-07 -1.97651280207e-08 -10000000 -3.76020704199e-08 9.6042561977e-08 -10000000 9.99251057313e-09 3.77377713759e-08 -10000000 -3.63531223221e-08 1.30700579567e-08 -10000000 2.18562276511e-08 6.33597879262e-08 -10000000 -1.39655318062e-08 9.30891893313e-09 -10000000 -1.39027249003e-07 -2.79123224963e-08 -10000000 -3.78898324507e-08 -1.40314010841e-08 -10000000 -3.5849379184e-08 1.20832564118e-07 -10000000 -4.38916828412e-09 1.99888214089e-08 -10000000 -2.64338223654e-08 4.6922919007e-08 -10000000 -1.92420526789e-08 3.94983186768e-08 -10000000 4.06591676784e-08 9.624525079e-08 -10000000 2.98375679172e-08 1.1079214085e-07 -10000000 -6.09823961458e-08 -8.6339663067e-09 -10000000 -1.83354935541e-07 -3.41088856319e-08 -10000000 2.07425487159e-10 2.58654223669e-09 -10000000 -2.10140529586e-08 9.06304154111e-08 -10000000 1.47151253964e-08 2.06473986075e-07 -10000000 -1.07430008188e-07 -3.16454754733e-09 -10000000 3.70166147307e-08 1.37373537366e-07 -10000000 -7.0232202303e-08 -2.77894986753e-08 -10000000 1.90257899001e-08 4.31399919555e-08 -10000000 6.55535021975e-09 1.20337350572e-07 -10000000 -6.02004311e-08 -2.10574635352e-08 -10000000 4.18781824257e-08 8.05907361363e-08 -10000000 -1.29028806936e-07 -7.65606514104e-08 -10000000 3.87162609342e-08 1.2915463314e-07 -10000000 -1.18983044801e-07 -8.10184780981e-08 -10000000 2.37487256527e-08 4.61004674435e-08 -10000000 -1.35991359491e-09 2.90667601897e-08 -10000000 -9.64654949793e-08 -3.20570203176e-08 -10000000 -1.92646064558e-07 -5.04291274164e-08 -10000000 -2.75906008582e-08 2.71249395708e-08 -10000000 1.23235269671e-08 4.47199807281e-08 -10000000 -1.54586303405e-07 -5.93850581132e-08 -10000000 -3.46354353477e-08 1.78716290047e-08 -10000000 1.63690068528e-07 2.13262743547e-07 -10000000 -5.47706651002e-08 -4.51136810273e-08 -10000000 -2.33078967715e-08 -1.83781274316e-09 -10000000 -6.67364027697e-08 -1.2193185429e-08 -10000000 -6.78050222491e-09 6.5220993782e-08 -10000000 -3.96386606364e-08 -2.50368586495e-09 -10000000 8.38069969376e-08 1.28068888787e-07 -10000000 -1.87599589549e-07 -1.11820618189e-07 -10000000 -1.73308302142e-07 -1.31699841044e-07 -10000000 1.01329499034e-07 1.62234789582e-07 -10000000 -1.8041767361e-07 -8.80360585225e-08 -10000000 3.41618287299e-08 8.31848156717e-08 -10000000 6.5640536543e-08 1.59972357158e-07 -10000000 -1.25150390745e-07 -3.96937049617e-08 -10000000 7.22303912525e-08 1.4267229284e-07 -10000000 9.69042916276e-08 1.36624843957e-07 -10000000 -1.45353311199e-07 -7.37403244797e-08 -10000000 -3.35276126862e-08 -2.09547579288e-08 -10000000 2.56212410886e-08 6.16902502816e-08 -10000000 -3.51419647921e-08 7.98454483737e-08 -10000000 -1.04284200784e-07 -2.98262499601e-08 -10000000 -4.19481560065e-08 -1.59117435676e-09 -10000000 -4.37303915788e-08 1.13579584675e-07 -10000000 -2.25766779581e-07 -1.82851000032e-07 -10000000 -1.6753183456e-07 -6.01765349339e-08 -10000000 -6.5393614139e-08 3.46066292712e-09 -10000000 -1.63831484939e-09 4.68074597182e-08 -10000000 -6.56901040854e-08 1.19601579326e-09 -10000000 6.07395861817e-10 4.4561749007e-08 -10000000 -1.38821341858e-07 1.4976438211e-07 -10000000 -2.70440404204e-08 2.98380081442e-08 -10000000 -4.72078626626e-09 3.4523108654e-08 -10000000 -8.59127052085e-08 -4.79649148925e-08 -10000000 -8.46512363704e-08 -4.24742950646e-08 -10000000 -9.79240766672e-08 9.44843207872e-09 -10000000 1.4425021381e-07 1.90094590477e-07 -10000000 5.2594854434e-08 6.96412334843e-08 -10000000 -2.63651759468e-07 -1.66153608717e-07 -10000000 -1.19021314835e-07 -8.56368209366e-08 -10000000 -1.09840343642e-08 6.79308277848e-09 -10000000 -1.2084799136e-08 2.86157748354e-08 -10000000 -1.79112242671e-07 -2.22862640895e-08 -10000000 -7.08282098698e-09 5.24847964995e-08 -10000000 5.3069533198e-08 6.14831434797e-08 -10000000 -7.06051649381e-08 -1.90346328686e-08 -10000000 3.14576675522e-08 7.42474446667e-08 -10000000 -8.33576460174e-08 -3.63173048207e-08 -10000000 3.86605672824e-08 7.51936174644e-08 -10000000 -9.70479900419e-08 -5.66202347696e-08 -10000000 1.17878556075e-08 5.96911519942e-08 -10000000 2.52570517831e-09 5.2422326724e-08 -10000000 -8.03335253532e-08 -3.7245949692e-08 -10000000 1.35910333901e-08 7.58159337729e-08 -10000000 -7.80959769898e-08 -1.620043369e-08 -10000000 4.69061702868e-08 9.37235384802e-08 -10000000 -6.12624061108e-08 -9.98377084731e-09 -10000000 1.79099253268e-08 6.24166467338e-08 -10000000 -3.10410811798e-08 -2.02087021909e-09 -10000000 -1.80180087064e-08 2.68655731652e-08 -10000000 -6.85534667855e-08 -3.8781459939e-08 -10000000 -1.72374195433e-08 -1.15620130537e-09 -10000000 6.42880099139e-09 1.73199246613e-08 -10000000 -6.50374900875e-08 4.50140547333e-08 -10000000 -8.89955836305e-08 1.63524228105e-08 -10000000 -1.20170387464e-07 -9.35681434106e-08 -10000000 -4.47017067634e-08 5.44805937968e-08 -10000000 3.00138909443e-08 7.24315922634e-08 -10000000 -1.3484762824e-07 -6.94623374553e-09 -10000000 -1.00241259903e-07 -4.8304690748e-08 -10000000 -2.45731807408e-08 3.29550839124e-08 -10000000 -7.71802582955e-09 1.93595580122e-08 -10000000 -1.97575578705e-07 -1.17391699395e-08 -10000000 -2.43461397998e-08 6.36945185773e-08 -10000000 2.22164929374e-08 7.67365306154e-08 -10000000 -3.73960458557e-08 3.29722636263e-08 -10000000 -1.16959426308e-07 -4.74190081119e-08 -10000000 2.9211698716e-09 6.50653780753e-08 -10000000 -1.21051633874e-07 -6.96366632786e-08 -10000000 -3.22669731818e-08 3.29654651128e-08 -10000000 -1.21258588496e-09 5.40651419944e-08 -10000000 -2.4144722422e-08 -4.26061610377e-09 -10000000 -2.06428147503e-08 -6.13270926993e-09 -10000000 -9.32046096927e-09 9.08763032561e-09 -10000000 5.05016352318e-08 7.80208800652e-08 -10000000 -7.65243892531e-09 3.30309790836e-08 -10000000 -1.60626277478e-07 -1.00842535345e-07 -10000000 1.49600548544e-08 3.11404125891e-08 -10000000 -5.48094485001e-08 -2.76125993533e-08 -10000000 5.97428791127e-08 8.99672247568e-08 -10000000 -1.03948042106e-07 -5.39111342917e-08 -10000000 -1.15856272924e-07 -5.48085888742e-08 -10000000 -3.19660357991e-08 -6.3025431246e-10 -10000000 1.22103718862e-08 4.90240873947e-08 -10000000 -2.38796655666e-08 2.36468349229e-08 -10000000 -2.25348541717e-09 5.51311442833e-09 -10000000 1.85804661433e-08 4.24211624941e-08 -10000000 -6.11264009017e-08 -5.69187354308e-08 -10000000 -1.34130369266e-08 2.319192396e-08 -10000000 -2.21384544258e-08 4.07649059182e-08 -10000000 5.03062287456e-08 1.0615596379e-07 -10000000 -1.18399901266e-07 1.94468777128e-08 -10000000 -4.9841678754e-08 1.60812354242e-08 -10000000 2.06891976159e-11 1.35253914765e-07 -10000000 -7.6344428217e-08 -3.05248372201e-08 -10000000 -1.24522906921e-07 -5.35925354744e-08 -10000000 -3.89440398828e-08 1.44968222992e-08 -10000000 -3.70484136455e-08 4.6827300679e-08 -10000000 -1.22043054951e-07 -5.56067261564e-08 -10000000 6.00147081298e-08 1.36494355114e-07 -10000000 -2.28065232282e-09 4.88467810536e-08 -10000000 -1.19365414103e-07 -4.64100041781e-08 -10000000 7.38142282231e-08 1.55291125132e-07 -10000000 2.43603601488e-08 7.6688139197e-08 -10000000 -1.79229453863e-07 -6.36129074676e-08 -10000000 -1.45716786742e-07 -7.82662924529e-08 -10000000 -2.96333910098e-09 7.3871213304e-09 -10000000 -1.43612903126e-08 6.81451689967e-08 -10000000 -7.05356857296e-08 -3.81962248567e-08 -10000000 -7.78537592414e-08 -6.02148124454e-08 -10000000 6.37205261363e-08 1.36048166119e-07 -10000000 3.60835788003e-08 9.0809121991e-08 -10000000 -2.19773743589e-08 8.43759868581e-08 -10000000 5.70786378374e-10 4.13387294793e-08 -10000000 -8.47672787535e-08 -1.39529141557e-08 -10000000 -6.2891932717e-08 -5.32744587361e-09 -10000000 -8.5552729459e-08 1.57035363629e-08 -10000000 8.82060945536e-08 1.46254363606e-07 -10000000 -3.53430720088e-09 1.72713151765e-08 -10000000 1.28188149304e-08 3.84039266735e-08 -10000000 -8.32026974403e-08 -3.27469630993e-08 -10000000 1.45951211738e-08 5.08302896929e-08 -10000000 -8.49279149483e-09 2.54894284816e-08 -10000000 -4.56316607203e-08 8.21860717739e-08 -10000000 -4.07624173264e-08 -1.32542920013e-08 -10000000 -4.83005439742e-09 2.83459494065e-08 -10000000 3.22580049756e-08 1.58663122821e-07 -10000000 5.15324574711e-08 1.06326718926e-07 -10000000 -8.54851848973e-08 -8.34556449516e-09 -10000000 -6.56899792474e-08 4.40367293876e-08 -10000000 -1.31640418277e-08 5.48407270418e-08 -10000000 -3.19128034783e-08 5.5661529131e-08 -10000000 3.13418958132e-08 8.39092727954e-08 -10000000 6.28642737865e-08 1.87661498785e-07 -10000000 -2.41527872701e-07 -7.23278349443e-08 -10000000 6.95644980895e-08 1.37189113475e-07 -10000000 -1.97624308576e-08 2.32548905124e-08 -10000000 4.84900031509e-08 7.77042057095e-08 -10000000 5.05850713372e-08 1.07739766347e-07 -10000000 9.24540681401e-09 9.66925360485e-08 -10000000 5.02737531734e-08 1.96061067812e-07 -10000000 1.01761026472e-08 6.99176387697e-08 -10000000 -1.3500223873e-07 -1.63376796449e-08 -10000000 -3.05454015425e-08 1.72740548542e-08 -10000000 -4.02797013521e-08 3.35276126862e-08 -10000000 6.54063510408e-08 1.19694010664e-07 -10000000 -2.29698227184e-08 5.88257418411e-08 -10000000 -8.16095689707e-08 7.48574803048e-08 -10000000 3.11993062496e-08 9.49949026108e-08 -10000000 1.82719647433e-08 1.4377816324e-07 -10000000 -7.60039425118e-08 -6.65093598533e-09 -10000000 -1.02334404582e-07 -4.55130541383e-08 -10000000 -1.3046389189e-07 6.06146987943e-08 -10000000 -1.5040768212e-07 -6.70561390526e-08 -10000000 6.63588141016e-08 2.06751530904e-07 -10000000 1.24049440086e-08 1.00750748807e-07 -10000000 6.41409371149e-08 9.74435295809e-08 -10000000 -6.30464756451e-08 6.93429052452e-09 -10000000 -4.03787356985e-08 1.89583164823e-08 -10000000 -1.37052798902e-07 -2.49973290812e-08 -10000000 8.34209637461e-09 3.40330807704e-08 -10000000 -2.98535210053e-08 5.4300738589e-08 -10000000 -2.20605036212e-07 5.80077958666e-10 -10000000 -1.15902528847e-08 2.78883979405e-08 -10000000 1.16172803144e-08 3.42503564854e-08 -10000000 -2.24431996643e-09 6.48757631093e-08 -10000000 2.583514027e-08 2.05831350166e-07 -10000000 -9.53102154713e-08 8.69721603207e-09 -10000000 1.90884237988e-08 2.51493984955e-08 -10000000 -1.47068949659e-07 -6.69024118587e-08 -10000000 6.1642667086e-08 1.53725678294e-07 -10000000 9.68440429036e-08 1.72075350517e-07 -10000000 5.8201578278e-08 1.45758065563e-07 -10000000 -2.66865121094e-07 -1.42218319806e-07 -10000000 1.41870942465e-07 2.65117022642e-07 -10000000 -2.27302628874e-07 -1.21012014032e-07 -10000000 7.67143764368e-08 9.18550095686e-08 -10000000 -1.98840958267e-07 -1.29683079928e-07 -10000000 -1.16497932703e-07 -6.6506953209e-08 -10000000 -6.90817021976e-08 3.8580887879e-08 -10000000 -1.69479342747e-07 -6.63780992747e-08 -10000000 3.84466455946e-08 5.74795795908e-08 -10000000 -5.2146045866e-08 -3.30699697114e-08 -10000000 2.85290736772e-08 8.50922804259e-08 -10000000 -1.60391525809e-08 -9.57484405852e-10 -10000000 -1.97993069792e-07 -7.11591542721e-08 -10000000 1.21527216433e-07 2.16775708796e-07 -10000000 -2.24858767601e-08 2.31843686911e-08 -10000000 5.7683636112e-08 1.00175540285e-07 -10000000 -4.29937047848e-08 2.04091323504e-08 -10000000 -1.32395622228e-07 -3.31469654096e-08 -10000000 -1.10937843572e-07 4.36497875557e-08 -10000000 -1.34339433303e-07 2.14165711305e-08 -10000000 5.22248758685e-09 1.4052949534e-07 -10000000 1.18865563673e-07 1.78691998917e-07 -10000000 -1.86737148836e-07 -1.10354752467e-07 -10000000 -1.31825118016e-07 2.14633929242e-08 -10000000 -7.71812016369e-08 -5.59979265331e-08 -10000000 -4.06923456305e-08 -2.85847652585e-10 -10000000 1.46582928739e-07 2.4969482676e-07 -10000000 -2.33107777716e-07 -1.28711042522e-07 -10000000 -7.49266273031e-08 2.37038856993e-08 -10000000 -4.36273747666e-08 5.45704150184e-08 -10000000 -1.01045571194e-07 2.09254764127e-09 -10000000 -3.726027719e-08 3.88900916956e-08 -10000000 -4.65227222865e-08 6.74774802153e-08 -10000000 -1.49497187989e-07 -9.96316007206e-08 -10000000 8.03018351507e-09 7.15978966146e-08 -10000000 1.08783012763e-07 1.94362485274e-07 -10000000 -2.21512000689e-08 7.22097884545e-08 -10000000 -1.25859805706e-07 -8.25236203642e-08 -10000000 -5.73657139661e-08 3.75751092555e-08 -10000000 4.81124421276e-08 1.15800331005e-07 -10000000 -1.75919593427e-08 5.99671364877e-08 -10000000 5.66023865822e-09 2.76345433843e-08 -10000000 5.44997329392e-08 1.1174134663e-07 -10000000 -8.27135444882e-08 -9.25455975504e-09 -10000000 -3.26988084309e-08 -1.30312324294e-10 -10000000 -1.26244752784e-07 -5.67601331278e-08 -10000000 -6.33361896072e-09 7.15261991838e-08 -10000000 -5.57793726867e-08 -8.24905431807e-09 -10000000 -2.09397991436e-08 -1.07251683934e-08 -10000000 -1.15298225009e-07 -7.4225918925e-08 -10000000 -1.06469587491e-07 -2.43812342425e-08 -10000000 -8.11119063697e-08 6.43481000266e-08 -10000000 -8.04274762838e-08 4.89953393906e-08 -10000000 -2.51380979267e-08 1.16339205947e-08 -10000000 -6.89055375822e-08 -2.86505021088e-08 -10000000 -6.5709603757e-08 -3.44109740818e-09 -10000000 -9.01650612823e-08 -2.29906315334e-08 -10000000 5.37190736941e-08 1.14384651024e-07 -10000000 7.48966126605e-08 8.97146524028e-08 -10000000 -2.92441996449e-08 2.70150626835e-09 -10000000 6.32513239295e-08 1.77029900321e-07 -10000000 7.48851099519e-08 1.30471517751e-07 -10000000 -2.91888359628e-08 6.13194647871e-08 -10000000 -5.84311935126e-08 9.30392770164e-09 -10000000 -8.1815072407e-08 -1.038586248e-08 -10000000 1.41489769392e-08 6.92043934889e-08 -10000000 -5.84769296886e-08 -2.74375778197e-08 -10000000 3.69975268484e-08 1.30407705939e-07 -10000000 -7.27171884496e-08 4.38461886365e-08 -10000000 -1.52016368038e-08 8.80776282675e-08 -10000000 -7.36939846517e-08 4.3891662264e-08 -10000000 -1.88765691843e-08 -2.15543595274e-10 -10000000 2.07456542299e-08 6.09779016926e-08 -10000000 -9.19548392652e-08 -3.93616437556e-08 -10000000 9.9378394355e-09 3.80252731572e-08 -10000000 -7.71821879994e-09 9.75908472503e-08 -10000000 -1.07336780668e-07 6.98677325325e-09 -10000000 4.15919564749e-08 8.78618813966e-08 -10000000 7.71518586326e-08 1.09811148221e-07 -10000000 -7.65452859881e-08 7.28199956897e-08 -10000000 -2.76922736322e-08 8.63655958329e-08 -10000000 -1.10079817728e-07 4.67498826542e-08 -10000000 6.06960264565e-08 9.53005047916e-08 -10000000 -8.32700250549e-08 8.60639927787e-08 -10000000 -2.70166229994e-08 6.99318764518e-09 -10000000 -1.37426482984e-08 1.47387437756e-07 -10000000 -6.02257595262e-08 7.18672917089e-08 -10000000 -9.50665700023e-08 8.57533442561e-08 -10000000 -1.04442806878e-07 6.74227345373e-08 -10000000 1.03829958626e-07 2.01411015204e-07 -10000000 -1.12891862436e-07 -2.49438786071e-08 -10000000 -1.33158869029e-07 -3.09867347469e-08 -10000000 -7.43811991546e-08 1.64063688848e-08 -10000000 -5.95814886804e-08 7.47154805179e-08 -10000000 -7.93182388036e-08 2.11105778902e-08 -10000000 -9.45417474615e-08 2.09672640669e-08 -10000000 -1.13579477797e-07 8.12160183295e-08 -10000000 -9.25932424947e-08 -4.52424985484e-08 -10000000 -1.04966795197e-07 -7.72323633146e-09 -10000000 -1.38323798947e-07 -1.51115952214e-08 -10000000 -1.39502158396e-07 -9.05345175342e-08 -10000000 -1.26847669486e-07 -4.8939466473e-08 -10000000 5.33008150131e-08 1.6416300616e-07 -10000000 -6.37958432544e-08 4.91275127042e-08 -10000000 -3.25143665955e-08 1.41013446538e-07 -10000000 8.30449024413e-09 1.35119186247e-07 -10000000 -1.30880286437e-07 5.52103272492e-08 -10000000 2.14689431093e-08 6.3048580537e-08 -10000000 -1.48251539279e-08 7.30328148414e-08 -10000000 -4.38297210568e-08 -5.76320604152e-09 -10000000 -1.28601557193e-08 3.80058652339e-08 -10000000 8.32795057109e-08 1.46990000863e-07 -10000000 7.35391983338e-08 1.38569518035e-07 -10000000 -6.74607724347e-08 7.30487078824e-08 -10000000 3.41199327554e-08 7.3214993969e-08 -10000000 -2.42874347761e-08 1.75353461101e-08 -10000000 -1.59135116469e-07 -1.0831253398e-08 -10000000 -1.58672711651e-07 -1.26311996181e-07 -10000000 2.82271138905e-08 1.32193199587e-07 -10000000 4.66184642629e-09 9.10315481155e-08 -10000000 -5.85304174588e-08 4.51370813115e-09 -10000000 3.22577663524e-10 4.95031800784e-08 -10000000 -4.84387000409e-08 -1.39599124584e-08 -10000000 -9.47834612401e-08 -7.61142312018e-08 -10000000 -9.02987631757e-08 4.02401747902e-08 -10000000 1.35057222702e-07 1.89508694552e-07 -10000000 -6.24389972402e-08 2.54189248993e-08 -10000000 -1.24683233555e-07 -6.76348781034e-08 -10000000 -1.26973664696e-07 -2.71300381953e-09 -10000000 1.5106373368e-08 7.05753034967e-08 -10000000 -2.1702592773e-07 -1.81114472918e-07 -10000000 1.39943992295e-07 1.94400811992e-07 -10000000 -1.4446954226e-07 -8.57999643133e-08 -10000000 -9.72206162457e-08 4.69291972165e-08 -10000000 -1.06953811842e-07 -2.27328566733e-08 -10000000 -8.73520488002e-08 -2.417382951e-08 -10000000 -3.12509963409e-09 3.08319462289e-08 -10000000 4.04796389547e-08 8.6180231193e-08 -10000000 -6.51453595886e-08 -1.30857366791e-08 -10000000 -6.29645177631e-08 -4.71643766852e-08 -10000000 9.82077702998e-08 1.55344800639e-07 -10000000 -1.79639266665e-07 -9.09099412612e-08 -10000000 -3.19846427708e-08 6.50465941696e-08 -10000000 -6.61983411434e-08 3.0726898931e-10 -10000000 3.40800045215e-08 8.58277769603e-08 -10000000 -5.19865635379e-08 -4.59128286996e-09 -10000000 -4.16907429629e-08 -3.32807242937e-08 -10000000 -2.86301762649e-08 6.47189260312e-08 -10000000 -7.40256077257e-08 2.93221241442e-08 -10000000 -1.05129943173e-07 -8.97493055658e-08 -10000000 -7.00397859751e-09 6.59101314419e-08 -10000000 4.9255724797e-08 8.34577420857e-08 -10000000 9.04894639266e-09 8.29191578506e-08 -10000000 1.31265348197e-08 9.14144241809e-08 -10000000 -9.03997019427e-08 -5.65164342029e-08 -10000000 1.13472433978e-07 1.44271088547e-07 -10000000 -8.91867698799e-08 -2.16406164993e-08 -10000000 -7.86623908504e-08 -2.37830923573e-08 -10000000 -5.02526010626e-08 -8.6535517818e-09 -10000000 -5.01221748695e-08 1.44990863904e-08 -10000000 -1.01990608383e-07 -5.26089390029e-08 -10000000 4.59937942356e-09 2.42716203895e-08 -10000000 -1.37447950264e-07 -2.530066965e-08 -10000000 8.02701310476e-08 1.17403085415e-07 -10000000 -5.39177546059e-08 3.31958273207e-08 -10000000 6.19685164189e-08 9.89174583459e-08 -10000000 -5.52646242533e-08 2.05728583489e-08 -10000000 -8.06529229577e-08 -2.52850199048e-08 -10000000 -6.67419470243e-08 -3.87303345509e-08 -10000000 5.16706700504e-08 1.33429691654e-07 -10000000 -4.70945337882e-08 -4.36103845931e-09 -10000000 4.68030781193e-08 6.37914776163e-08 -10000000 -1.50373262777e-07 -1.1388951777e-07 -10000000 -1.10900989188e-08 1.47058667078e-10 -10000000 9.71993368958e-08 1.7334987103e-07 -10000000 4.79078416679e-08 6.89731414463e-08 -10000000 4.2774492778e-08 7.17781838997e-08 -10000000 -3.85733538593e-08 -3.12758392368e-08 -10000000 -1.36271223927e-07 -6.25661457536e-08 -10000000 -1.55929597344e-09 5.32476988646e-08 -10000000 3.93088186035e-10 5.10624840615e-08 -10000000 -1.75330352824e-08 3.70908093493e-08 -10000000 -1.04962239378e-08 1.88449734194e-11 -10000000 -3.20983848522e-08 -2.14526631882e-08 -10000000 -1.00705874321e-07 -7.27529552009e-08 -10000000 -2.9029784856e-08 3.41841405411e-09 -10000000 -9.00672948386e-08 -4.80012768481e-08 -10000000 -8.75426962331e-09 6.64962692495e-08 -10000000 -7.7760371221e-08 3.09614118466e-08 -10000000 -1.25671479726e-07 -5.57035916799e-08 -10000000 6.84022565432e-09 5.02032820409e-08 -10000000 8.14951578984e-08 1.33640356838e-07 -10000000 -1.57088676755e-08 1.68730208938e-08 -10000000 7.34323357916e-08 9.44385582829e-08 -10000000 -3.26490695874e-08 -5.53515597179e-09 -10000000 4.07111270203e-08 1.04808025263e-07 -10000000 5.59853417584e-08 8.67398428014e-08 -10000000 -7.30348522534e-08 6.39544571509e-08 -10000000 -1.03908414042e-07 4.54679224852e-08 -10000000 7.08230437678e-08 1.17071285661e-07 -10000000 5.6136208022e-08 1.01955799019e-07 -10000000 -1.13441211459e-07 -1.78752715618e-08 -10000000 1.18488861364e-08 9.5486040588e-08 -10000000 2.45092235589e-08 5.18592275595e-08 -10000000 -3.64194186079e-08 1.94227816212e-08 -10000000 -1.7381527379e-07 -9.51041196301e-08 -10000000 -7.17378045096e-08 3.56490547432e-08 -10000000 -8.66855207822e-08 2.47525695702e-08 -10000000 1.10498570482e-08 3.31879652461e-08 -10000000 -5.42593408823e-08 2.79494781494e-08 -10000000 -1.32741105035e-07 5.14832103995e-08 -10000000 -8.09276109515e-08 -2.40790093364e-08 -10000000 -1.30946426976e-07 1.54624277237e-08 -10000000 -9.63136147808e-08 6.20875101637e-08 -10000000 2.69968058911e-08 7.31203708801e-08 -10000000 -2.13619901077e-08 9.95328856866e-09 -10000000 1.06593431034e-08 7.22283660374e-08 -10000000 -4.68277176001e-08 -3.11705480239e-08 -10000000 -4.14480708845e-08 1.86306678064e-08 -10000000 -1.41482846619e-07 4.39268069283e-08 -10000000 -6.32076065287e-08 2.85158406243e-08 -10000000 -5.0830611453e-08 1.61388455485e-08 -10000000 -1.18345466276e-09 3.70393737855e-08 -10000000 -1.54177531764e-07 -7.88859425334e-08 -10000000 -4.21486104094e-08 8.26611424051e-08 -10000000 -3.57867544247e-09 3.36138284738e-08 -10000000 1.17456177515e-08 7.37032284694e-08 -10000000 1.91797269789e-08 6.34751515182e-08 -10000000 9.77538184389e-08 1.723297282e-07 -10000000 -1.99141290167e-07 -2.78685873953e-08 -10000000 -5.36184444173e-08 1.06471000527e-07 -10000000 -3.5796808298e-08 3.46326550797e-08 -10000000 -6.4570710235e-08 1.19509847692e-08 -10000000 5.40881490962e-08 7.30373823388e-08 -10000000 -2.76599662956e-08 6.3050224131e-08 -10000000 3.84113611157e-08 1.09901758892e-07 -10000000 7.96098067998e-08 1.85817126966e-07 -10000000 -5.9551383358e-08 -2.35691564265e-08 -10000000 1.23186348407e-08 3.0987864879e-08 -10000000 5.85796054498e-08 9.71840951547e-08 -10000000 -4.39245933396e-08 -3.19781964916e-08 -10000000 -1.51165425033e-08 1.11275598332e-07 -10000000 -1.47760781971e-08 5.06319973198e-08 -10000000 -5.22800694868e-08 6.64526333063e-09 -10000000 -3.90189129243e-08 -2.42494164606e-09 -10000000 -8.10191099043e-09 1.24982894105e-07 -10000000 -1.63436675517e-08 8.89868283717e-08 -10000000 -1.64648016413e-07 -3.37236919805e-08 -10000000 9.91698481746e-09 1.20701006272e-07 -10000000 -3.60247505775e-08 1.94937748781e-08 -10000000 -3.69256888793e-08 2.73796324895e-08 -10000000 -7.96508353717e-08 9.47848272092e-08 -10000000 -2.23846465865e-08 2.49457836666e-08 -10000000 -1.47585065339e-07 -9.31618201991e-08 -10000000 1.42753698156e-08 1.01907121368e-07 -10000000 2.46958996591e-08 1.38751212186e-07 -10000000 -3.89781557717e-08 4.0840800921e-08 -10000000 -1.15399664547e-07 3.53059231301e-08 -10000000 -8.78633806908e-08 -2.94832637108e-08 -10000000 6.83586044556e-08 1.78674708461e-07 -10000000 -6.61796839567e-08 2.33388455244e-08 -10000000 -6.39467971704e-08 4.11293940923e-08 -10000000 -4.18603098301e-08 1.53176164536e-08 -10000000 -6.9242702729e-08 6.50517511432e-08 -10000000 4.24888004468e-08 1.17465851743e-07 -10000000 -2.36098737862e-08 6.71492041494e-08 -10000000 -2.39841283567e-09 3.47618723036e-08 -10000000 -2.84059253245e-08 6.75267546468e-09 -10000000 4.35818986777e-08 1.52927164566e-07 -10000000 -1.31316483021e-07 -7.61356204748e-08 -10000000 -2.87310459803e-08 6.78465941141e-08 -10000000 -1.29778279664e-07 -4.57760256509e-08 -10000000 1.22461286186e-07 2.03035953642e-07 -10000000 -1.07429986457e-07 -2.36536659199e-08 -10000000 -7.37432300868e-08 -5.1519656199e-08 -10000000 4.23046916163e-08 1.06474089679e-07 -10000000 6.69400600477e-08 1.03491971107e-07 -10000000 -8.73589592361e-08 1.26203226232e-08 -10000000 -8.70377715004e-09 1.07656800703e-07 -10000000 -3.99111213368e-08 7.29730727357e-08 -10000000 -9.58651519193e-08 -3.31230246649e-08 -10000000 7.10679489632e-08 1.60132880185e-07 -10000000 -1.06883943229e-07 -1.58178059768e-08 -10000000 -4.84509469643e-08 5.61010853194e-09 -10000000 -4.29701541253e-08 -2.31537486724e-08 -10000000 -1.17108083788e-07 -7.45631056639e-09 -10000000 5.63719483253e-08 8.33264378671e-08 -10000000 7.53834114933e-08 1.15537716303e-07 -10000000 -8.13043942685e-08 -3.88362178569e-08 -10000000 -1.69429857096e-08 3.417245334e-08 -10000000 1.58074524826e-08 1.44380030351e-07 -10000000 -3.00125585741e-08 1.13861070818e-08 -10000000 -1.50405297474e-08 1.96971426205e-08 -10000000 -7.24114939245e-08 4.54031392606e-08 -10000000 -9.05933068964e-08 5.38060651991e-08 -10000000 -5.00585883856e-08 -1.86264514923e-08 -10000000 3.54753235052e-08 1.19822715812e-07 -10000000 -2.00483978927e-08 1.07359889263e-07 -10000000 4.88944351673e-08 6.56582415104e-08 -10000000 -3.99508871945e-08 4.32779871543e-09 -10000000 -3.61537033138e-08 9.57583480892e-08 -10000000 -6.61865696618e-08 1.12385377594e-08 -10000000 -3.17900650161e-08 3.64466778892e-08 -10000000 -3.87399442931e-09 1.51255791862e-07 -10000000 -7.05536987298e-08 -4.02736876494e-08 -10000000 -2.79396772385e-08 -6.98491930962e-09 -10000000 -1.01126618679e-07 -3.69419530075e-08 -10000000 -4.19095158577e-08 -2.70083546638e-08 -10000000 -8.07682062366e-08 -2.26085995457e-08 -10000000 -3.03993481385e-08 4.39035254705e-08 -10000000 -6.88763311679e-08 3.32532426888e-08 -10000000 3.87596806918e-09 1.94070962962e-08 -10000000 -2.7974419855e-08 7.43077179421e-08 -10000000 -2.78274863488e-08 4.87822442777e-08 -10000000 -7.77723139299e-08 -3.42192256677e-08 -10000000 -2.75238952038e-08 5.15540539943e-10 -10000000 -5.96171617764e-08 1.58450007695e-08 -10000000 -3.07042472455e-08 2.53491424415e-08 -10000000 -1.33242911215e-07 -4.16129021693e-08 -10000000 -4.11588369113e-08 1.27534983856e-08 -10000000 -2.99826805342e-08 1.06577371109e-08 -10000000 -2.18684068317e-07 -1.50585332518e-07 -10000000 -3.25711389387e-08 1.30133648718e-08 -10000000 -7.13137930928e-08 -3.64867949189e-08 -10000000 2.55710075946e-08 6.10419918446e-08 -10000000 3.54366506889e-10 4.17879799945e-08 -10000000 6.58379789777e-08 8.66660926156e-08 -10000000 -8.83571329661e-08 -8.26758415024e-09 -10000000 -5.48600577819e-08 -3.0588788439e-08 -10000000 -2.95758946345e-08 2.74804188416e-08 -10000000 -5.00172774347e-08 -2.98436333385e-08 -10000000 -4.01239529762e-08 2.5455622426e-08 -10000000 -7.67900089371e-08 -5.61562885892e-08 -10000000 -5.87377962285e-08 1.56641271525e-08 -10000000 1.61698094178e-08 1.28185189648e-07 -10000000 -5.25454030163e-08 5.37095562345e-08 -10000000 -2.39988161619e-09 2.10263331085e-08 -10000000 4.05454915895e-08 6.12014996873e-08 -10000000 3.46479082133e-08 8.13017523264e-08 -10000000 -3.39161234028e-08 -1.61424649828e-08 -10000000 -2.19999013888e-07 -1.18536741985e-07 -10000000 -3.76947133561e-08 3.83932052871e-08 -10000000 -4.89134716581e-09 6.56601451595e-08 -10000000 -6.38395927734e-08 5.31293831653e-08 -10000000 -2.42629614869e-08 1.19229373732e-08 -10000000 -1.4441970601e-07 2.56760777465e-08 -10000000 -2.31990618372e-08 2.11035860443e-08 -10000000 3.83477251199e-09 1.3772625883e-07 -10000000 1.13830784107e-09 3.40191193507e-08 -10000000 -8.86988093741e-08 -2.53882060163e-08 -10000000 6.92863327649e-09 7.59590758643e-08 -10000000 -5.27821480327e-08 -4.17470932908e-08 -10000000 -1.66831513386e-07 -3.92236062473e-08 -10000000 -6.126181221e-08 -4.25806548596e-08 -10000000 9.29464244028e-09 3.79699782215e-08 -10000000 -8.66353894051e-08 -4.04901420299e-08 -10000000 -7.99043263063e-08 7.72682677357e-09 -10000000 -4.45782524064e-08 3.832889767e-09 -10000000 -3.11351890967e-09 5.22407847206e-08 -10000000 -2.26557161556e-08 8.68587753638e-09 -10000000 7.43488897803e-08 1.3403453629e-07 -10000000 -1.51211919997e-07 -4.01748690862e-08 -10000000 -1.47043711108e-07 -4.89996908482e-08 -10000000 3.60162096412e-08 8.34259105532e-08 -10000000 -9.23953062337e-09 6.90770060424e-08 -10000000 2.28868374063e-08 4.41683879661e-08 -10000000 3.7301174221e-08 1.10313453856e-07 -10000000 5.77182811308e-09 1.13437461438e-07 -10000000 -2.18794735591e-07 -6.03692061503e-08 -10000000 -3.78893804451e-08 -9.6080708603e-09 -10000000 -2.27293635136e-08 -1.48502342641e-09 -10000000 -1.18399313654e-07 -9.58048785079e-08 -10000000 -4.72786615657e-08 8.16311343184e-09 -10000000 -8.11944479461e-08 2.62464160438e-08 -10000000 -1.00493785947e-07 1.76163745134e-07 -10000000 -7.2714607083e-08 -1.76236826547e-08 -10000000 -2.64856383074e-08 7.6544226693e-08 -10000000 -1.02541466277e-08 7.21870978397e-08 -10000000 7.71663972797e-08 2.2295230239e-07 -10000000 -9.09194347336e-08 -3.90000644252e-08 -10000000 -1.06830180776e-08 1.83664293182e-08 -10000000 -4.23827618305e-08 1.09506249373e-08 -10000000 -5.72284921597e-09 2.9937236156e-08 -10000000 -4.82242845409e-08 3.56514297836e-08 -10000000 5.83982606786e-09 1.07315866748e-07 -10000000 6.35799615153e-08 1.22684553408e-07 -10000000 -1.43241192145e-08 7.39287639899e-08 -10000000 -6.20794188493e-09 3.90370626401e-08 -10000000 1.77526392016e-08 7.95705698457e-08 -10000000 -7.3397863501e-08 -3.57997083726e-08 -10000000 1.56365426862e-09 5.33843776337e-08 -10000000 -8.84756445885e-08 6.75208866596e-09 -10000000 -3.66666152355e-08 2.71205588457e-08 -10000000 -5.43074852113e-08 -2.78817319985e-08 -10000000 -1.62122381711e-08 3.6468504169e-08 -10000000 -1.42753416993e-07 2.07501597186e-08 -10000000 -1.46498075718e-08 3.63030574316e-08 -10000000 -6.19808452009e-08 3.82321195482e-08 -10000000 -2.46416854878e-08 3.16266047974e-08 -10000000 -2.81665160169e-08 1.31543321799e-07 -10000000 -9.39440622193e-09 5.642619624e-08 -10000000 3.40425513299e-09 5.7830204148e-08 -10000000 -3.06059651144e-08 3.94535295732e-08 -10000000 -4.23326512056e-08 4.7454925366e-08 -10000000 -1.42345101961e-08 2.72730262407e-08 -10000000 -1.41200131595e-07 -6.43893267518e-08 -10000000 -9.39981444938e-10 1.44441587769e-08 -10000000 6.00851989778e-10 4.71294299593e-08 -10000000 -1.05807175332e-07 -4.76282188355e-08 -10000000 3.36606842127e-09 7.09069069043e-08 -10000000 -2.81721096252e-08 4.72642224048e-08 -10000000 -3.24148191225e-08 3.98653997195e-08 -10000000 1.35528438864e-08 1.03793800515e-07 -10000000 -9.00270839733e-08 -7.66796568828e-08 -10000000 1.15269010542e-10 4.08629242725e-08 -10000000 2.55985811097e-08 6.28770634788e-08 -10000000 -5.75976668634e-08 -3.34391148053e-08 -10000000 -3.43101895695e-08 1.24881309951e-07 -10000000 -1.67233752108e-07 -8.32055320702e-09 -10000000 -1.17243274316e-07 -3.68906117831e-08 -10000000 4.65226011978e-08 9.55040914311e-08 -10000000 -5.94951125796e-09 1.51934324829e-07 -10000000 -8.38938259169e-08 -5.53388989881e-08 -10000000 -1.1919463503e-07 -5.40313638486e-08 -10000000 -1.28559544893e-07 -4.53649459169e-08 -10000000 -5.76916780437e-08 3.83667346204e-08 -10000000 -1.76951289177e-08 1.59023329616e-07 -10000000 -1.64650023225e-07 3.17037256989e-08 -10000000 3.15878877374e-08 9.08810308246e-08 -10000000 -8.99864603028e-08 -1.5020159985e-08 -10000000 -5.25922519448e-09 4.25121281791e-08 -10000000 8.28248097871e-08 1.07630656722e-07 -10000000 1.92323000176e-09 9.377016454e-08 -10000000 -2.64981068797e-08 4.55902196593e-08 -10000000 -5.65898164313e-08 -2.21069411237e-08 -10000000 1.63317020892e-08 4.37386039735e-08 -10000000 -7.00723024052e-08 -1.40670519651e-09 -10000000 -9.87208976697e-09 1.20233814859e-07 -10000000 -7.24961324792e-09 1.67956696377e-08 -10000000 9.45787910637e-08 1.76901739437e-07 -10000000 1.04226217543e-08 8.80647405112e-08 -10000000 5.66439256088e-08 8.23559686526e-08 -10000000 -2.11153461512e-07 -8.8266746227e-08 -10000000 -6.43529221354e-08 3.17566320239e-08 -10000000 -9.62314959278e-09 5.85175847601e-08 -10000000 -5.49366030126e-08 -1.79393884511e-08 -10000000 -6.57016614678e-08 5.10333309177e-08 -10000000 -2.5898482221e-08 6.24528932747e-08 -10000000 -5.48161331519e-08 2.66206897345e-09 -10000000 -3.69587159257e-08 -9.84024344869e-09 -10000000 -4.44966256309e-08 7.94221457723e-09 -10000000 -3.71717368742e-08 7.04665189167e-08 -10000000 -4.85872809578e-08 4.06710390736e-08 -10000000 -9.66335499249e-08 -2.02474331894e-08 -10000000 -7.91734887738e-08 -6.63456635099e-08 -10000000 -9.07271600531e-08 -3.61655407382e-08 -10000000 -7.20833551522e-08 5.71821939583e-08 -10000000 -4.60705394175e-09 4.97761988106e-08 -10000000 -1.96728347659e-08 4.59826974988e-08 -10000000 -4.4770339122e-08 -1.11090153549e-08 -10000000 -2.91334264351e-08 4.28704344107e-08 -10000000 -4.74578936791e-08 1.43959422802e-08 -10000000 -9.75624897346e-08 3.28355707989e-08 -10000000 7.87938670575e-08 1.65445478135e-07 -10000000 -1.09612086266e-07 -1.47194774455e-08 -10000000 -3.63123279537e-08 -1.11851233517e-08 -10000000 1.11530352317e-07 2.0116120211e-07 -10000000 6.7948493675e-09 4.88516744658e-08 -10000000 -3.98765180877e-08 2.59066794685e-08 -10000000 -2.90629130928e-08 4.83878565161e-08 -10000000 -5.5157690091e-08 -2.72643577624e-08 -10000000 -9.61861879891e-08 4.45091438952e-09 -10000000 -7.58834587883e-08 -2.14397502591e-08 -10000000 -2.83164824553e-08 5.99814499922e-08 -10000000 3.63038021788e-09 2.66376034571e-08 -10000000 4.0658427226e-08 6.34168704872e-08 -10000000 1.57987550296e-08 4.98594864808e-08 -10000000 -4.39489936877e-08 8.28317111779e-08 -10000000 8.10218279065e-08 1.27594428807e-07 -10000000 -5.03581283431e-08 -4.23084678312e-08 -10000000 -7.41586060129e-08 -5.69250463642e-08 -10000000 -3.89578675337e-08 8.68988385869e-09 -10000000 -4.32613928769e-08 3.48794897054e-08 -10000000 -3.81041678757e-08 -6.59931570584e-09 -10000000 -2.07409816238e-07 -9.36402060064e-08 -10000000 -9.69738174018e-08 -3.66709720555e-08 -10000000 -9.52394412933e-08 4.40166996895e-08 -10000000 -1.14334108183e-07 -3.94385879267e-09 -10000000 -5.86929754483e-08 1.09626934992e-08 -10000000 -2.25055106651e-08 -7.9061769297e-11 -10000000 -2.68290104972e-08 1.65844621764e-08 -10000000 -1.27590831066e-07 5.84401299008e-08 -10000000 -5.59904258542e-08 8.76553933911e-08 -10000000 3.68816006451e-09 6.12715895149e-08 -10000000 -6.92980336067e-08 7.83074368211e-09 -10000000 -5.17305179422e-08 -3.46496508534e-08 -10000000 2.18155109179e-08 4.80336821783e-08 -10000000 3.95985212502e-10 1.47684304151e-07 -10000000 -6.53897425387e-09 4.40247078821e-08 -10000000 -1.78930585378e-08 1.34692763084e-08 -10000000 2.55709219094e-08 3.31024002914e-08 -10000000 -1.25994395301e-07 -3.692273214e-09 -10000000 -2.55068764314e-08 8.13862309083e-08 -10000000 -8.4546818143e-08 -1.11465763987e-08 -10000000 -7.47098345585e-08 -4.51979469232e-08 -10000000 2.64871933466e-08 5.40722093576e-08 -10000000 -2.11230802154e-08 -2.15998415004e-09 -10000000 -9.51977195812e-09 2.48865944393e-08 -10000000 -5.65695772323e-08 3.74774644527e-08 -10000000 -2.48998052943e-08 1.34911037552e-08 -10000000 -5.70988516048e-08 -8.32655926198e-09 -10000000 -9.32061081796e-09 7.40475297537e-08 -10000000 4.50828544166e-08 6.13207497332e-08 -10000000 -3.08778426876e-08 8.75893154046e-09 -10000000 -1.89432195985e-08 2.45311550462e-08 -10000000 9.20315453806e-09 8.67230706473e-08 -10000000 5.0479662449e-08 9.82991188458e-08 -10000000 1.5468379751e-09 3.40762505039e-08 -10000000 -8.15475204899e-09 7.4045824203e-08 -10000000 1.04990528197e-09 3.87641347828e-08 -10000000 -3.7191252608e-08 -1.58941341451e-08 -10000000 -1.13788189476e-07 7.58367945605e-08 -10000000 2.29202568116e-08 9.34950650154e-08 -10000000 1.16715865275e-07 1.85731140831e-07 -10000000 -4.62608572845e-09 1.81302630604e-08 -10000000 -2.72877525296e-08 1.47148977723e-08 -10000000 -1.11702072909e-07 -4.38287970517e-08 -10000000 5.0059707524e-08 1.64144484638e-07 -10000000 -5.76230241057e-09 8.91156728387e-08 -10000000 -8.61339570079e-08 -9.09377624657e-09 -10000000 -6.21044352487e-08 -3.00964996382e-08 -10000000 -8.930171989e-08 -3.80566421886e-08 -10000000 -7.11676088024e-08 -8.46047132721e-09 -10000000 -9.89566297508e-08 -2.46764420294e-08 -10000000 4.69325259096e-09 1.0496998057e-07 -10000000 -7.79425850944e-08 -3.82399060889e-08 -10000000 -1.58451994346e-08 4.96056427644e-08 -10000000 -1.23759079795e-07 -8.15975479079e-08 -10000000 3.02660254867e-08 9.82564898103e-08 -10000000 3.39158295207e-08 9.74006535001e-08 -10000000 1.27229019064e-09 7.50961609278e-08 -10000000 -1.03439084251e-07 -8.69044106104e-10 -10000000 -5.87275612143e-11 4.91859933722e-08 -10000000 -3.33505551444e-09 3.80071680175e-09 -10000000 -3.45153688266e-08 -1.29820824787e-08 -10000000 -1.78659270189e-08 3.18357656382e-08 -10000000 -5.25746295868e-08 1.64858798204e-08 -10000000 9.3943070221e-09 4.11299426508e-08 -10000000 -4.62780904448e-08 1.50787841952e-08 -10000000 5.08944883556e-08 6.55208334713e-08 -10000000 -2.23517417908e-08 2.18860805035e-08 -10000000 1.91052021838e-10 2.89127784349e-08 -10000000 -1.41242157445e-08 9.70043351504e-09 -10000000 1.52113991517e-08 8.07148260337e-08 -10000000 -8.66246628644e-08 4.77324712488e-10 -10000000 -4.61115473996e-08 -9.30214578998e-09 -10000000 -3.69906836087e-08 1.09136515195e-08 -10000000 -5.45020238625e-08 1.5153645085e-08 -10000000 7.66319479405e-09 4.612068389e-08 -10000000 -6.64412153196e-08 1.94712702747e-09 -10000000 3.24971052294e-08 6.17993054504e-08 -10000000 -3.15082308053e-09 4.76214760184e-08 -10000000 -1.279004039e-07 -1.19598570304e-07 -10000000 8.95276455745e-09 7.04424849285e-08 -10000000 2.05671582955e-08 1.08886679576e-07 -10000000 5.65696834081e-08 2.01872331048e-07 -10000000 -1.14200406587e-08 6.19442903316e-08 -10000000 -1.70402642541e-08 7.4942078643e-09 -10000000 -4.94586967642e-08 1.15073018487e-08 -10000000 -2.42101326637e-08 -1.65352299757e-08 -10000000 -5.18747937804e-08 -3.00815927857e-08 -10000000 1.71252834481e-08 1.49814288052e-07 -10000000 -6.23910009113e-08 -2.56189823899e-08 -10000000 -6.80921532105e-08 -1.57268785049e-08 -10000000 -4.36595796466e-08 1.13043111455e-07 -10000000 -1.80749050153e-07 -6.1860480534e-08 -10000000 -3.43764012396e-08 1.43529658853e-08 -10000000 -2.37346726658e-08 -1.23540771005e-08 -10000000 -4.90963676368e-08 -1.42335674371e-08 -10000000 -6.49896945616e-08 -3.8852772508e-08 -10000000 -4.99044898463e-08 -6.67335656158e-09 -10000000 3.911044296e-08 1.43428781665e-07 -10000000 -7.13792864444e-09 5.97377542617e-09 -10000000 -5.37132677577e-08 -1.45061108329e-08 -10000000 -8.83553808278e-08 -4.55222392732e-08 -10000000 -1.09013694781e-07 6.29132273372e-08 -10000000 3.30387446745e-08 3.79746016399e-08 -10000000 -1.84935150619e-08 4.64331923004e-08 -10000000 2.58106814272e-08 3.61222697847e-08 -10000000 -1.30474719003e-07 -5.96403817797e-09 -10000000 2.16238793321e-08 4.86909750513e-08 -10000000 -1.71763209613e-08 9.09836349995e-08 -10000000 -4.63267428444e-08 -7.92279712691e-09 -10000000 1.77556468705e-08 4.04520140429e-08 -10000000 -4.47581969097e-08 4.28955517605e-08 -10000000 -1.15693593308e-07 1.58092471805e-08 -10000000 -4.93006749093e-08 2.76474250495e-08 -10000000 -5.93818442908e-08 1.98006348696e-08 -10000000 -1.78716135491e-08 1.23343895124e-07 -10000000 -1.35718222216e-07 2.3261021331e-08 -10000000 -1.78396994848e-08 1.16559892394e-07 -10000000 -1.03703975039e-07 -6.42491940939e-09 -10000000 -7.32909995669e-08 2.2766749894e-08 -10000000 5.2215803335e-08 1.09368663361e-07 -10000000 3.48904106461e-08 8.50173708356e-08 -10000000 -5.54173078272e-08 2.49164935086e-08 -10000000 4.64419143986e-08 1.08390463631e-07 -10000000 -7.33009494831e-08 1.25321514894e-08 -10000000 1.7383669391e-09 4.31979472861e-08 -10000000 -2.44420743198e-08 1.44303566427e-08 -10000000 -1.58460797319e-08 1.79415555248e-08 -10000000 5.13895473015e-10 5.02431848435e-08 -10000000 1.74545958071e-08 5.63527182312e-08 -10000000 8.7633529587e-09 6.20171627121e-08 -10000000 -4.19975572442e-08 1.12639122819e-08 -10000000 -4.07912653279e-08 -5.77486340289e-09 -10000000 -4.88864389415e-08 9.30522952035e-09 -10000000 -3.55691189128e-08 2.74200463849e-08 -10000000 -2.91996107686e-08 1.42984495748e-08 -10000000 -1.17391098237e-07 -3.27846669199e-08 -10000000 3.07037843119e-08 1.39262585555e-07 -10000000 3.08171279381e-08 1.09579750185e-07 -10000000 -4.08096451784e-08 -1.85621689534e-08 -10000000 -1.78433457718e-08 5.36992648945e-08 -10000000 -2.75489685492e-08 4.75724039034e-08 -10000000 -5.16414641734e-08 -4.4284761012e-08 -10000000 -4.73456803089e-08 1.45165595537e-08 -10000000 5.87286540111e-08 1.12867530362e-07 -10000000 -3.9984045237e-08 -7.97906735572e-09 -10000000 -7.15769236765e-08 4.20074319325e-08 -10000000 6.20526527236e-08 1.37483208888e-07 -10000000 -1.04151041756e-07 -8.55578531798e-10 -10000000 -8.08353910551e-08 -3.23203017607e-08 -10000000 -1.86889105975e-08 9.41260391414e-08 -10000000 -1.39467462569e-07 -3.81823185386e-08 -10000000 -5.57698578874e-08 -4.45801495274e-08 -10000000 -1.27695306062e-07 -8.13866119388e-08 -10000000 -8.86809577429e-08 -8.64225130445e-09 -10000000 2.16511375555e-08 5.23890071265e-08 -10000000 -6.58982866849e-08 7.92345641512e-09 -10000000 -2.86477432467e-09 7.90003947995e-08 -10000000 8.00742064527e-08 1.07354461689e-07 -10000000 1.0181036397e-07 1.7665508584e-07 -10000000 -2.03642698277e-07 -1.7913087989e-07 -10000000 -4.7846223843e-08 9.89482892745e-09 -10000000 -1.28499657518e-07 -5.45052283944e-08 -10000000 6.09100754587e-08 6.59826253326e-08 -10000000 -1.34809724353e-07 -3.53894761577e-08 -10000000 6.46612444749e-09 1.06922399012e-07 -10000000 -2.18239854746e-07 -1.76873747534e-07 -10000000 3.77042480327e-10 3.31505702058e-08 -10000000 7.02570823201e-08 1.55122980737e-07 -10000000 1.15705599316e-07 1.56007761828e-07 -10000000 -1.78760568304e-07 -9.36512847706e-08 -10000000 2.76092998106e-09 1.23433278879e-07 -10000000 -2.69587297481e-08 8.81697658894e-10 -10000000 -1.91509901272e-08 -1.22811467661e-08 -10000000 -8.68458326154e-08 -3.74857310958e-08 -10000000 -5.67774564982e-08 -2.82057284355e-08 -10000000 -4.19952518111e-08 1.07959455615e-08 -10000000 -1.53654111944e-08 3.42246933304e-08 -10000000 -5.74473847856e-08 -1.98523889075e-08 -10000000 -2.16395671499e-08 -2.57481979012e-09 -10000000 -3.80667269699e-08 1.52493238919e-08 -10000000 -1.69291244445e-07 -9.47387054589e-08 -10000000 5.32690700199e-08 9.92350015734e-08 -10000000 -1.08786667796e-07 -3.11445490395e-08 -10000000 4.24377629798e-08 8.88787200409e-08 -10000000 2.13803563026e-08 1.16921046028e-07 -10000000 1.41400186922e-08 3.0796295533e-08 -10000000 1.68786712267e-08 5.04093847893e-08 -10000000 -1.81802295963e-07 -2.75124526822e-08 -10000000 -4.25086567354e-08 4.36728099537e-08 -10000000 -1.03327602317e-07 -9.71395818685e-08 -10000000 -1.82403843573e-07 -2.69109050716e-08 -10000000 5.92907738476e-09 2.20105998537e-08 -10000000 1.2349952276e-08 5.91290553257e-08 -10000000 3.85057612286e-09 1.80355043806e-08 -10000000 -7.48694288969e-08 8.06901949883e-08 -10000000 8.22297317834e-08 1.35234089389e-07 -10000000 -1.42280155041e-08 4.21676927426e-08 -10000000 -7.86242004543e-08 4.34667732626e-08 -10000000 1.25678186904e-07 1.64195964445e-07 -10000000 -1.1334880809e-08 5.0484534303e-09 -10000000 4.42070372523e-08 6.28950588285e-08 -10000000 -2.5919091151e-08 9.38811545156e-09 -10000000 4.45105569828e-09 8.44902501775e-08 -10000000 -6.44035198984e-08 6.4286896286e-09 -10000000 -2.17892669687e-08 6.39316134701e-08 -10000000 -4.66156578134e-08 3.35771417687e-08 -10000000 -5.70043003051e-08 3.79121875255e-08 -10000000 6.13852050559e-10 6.13190991614e-08 -10000000 -7.95828769477e-09 4.26500535992e-08 -10000000 -5.32849198502e-09 7.09867334954e-08 -10000000 -9.16046672058e-08 -8.74534020907e-09 -10000000 -2.33501044021e-08 -2.72692768709e-09 -10000000 -1.08926734136e-08 6.11840924428e-08 -10000000 -1.9452107004e-07 4.48109661702e-08 -10000000 9.01941917103e-08 1.01891089304e-07 -10000000 1.09088831885e-08 4.0546689059e-08 -10000000 -5.81319780667e-08 4.74217684587e-08 -10000000 -2.10295521304e-08 7.52537479845e-09 -10000000 -2.11217192779e-08 1.05173581637e-07 -10000000 -1.01133168707e-07 -2.99504836706e-08 -10000000 -9.36613023643e-08 -4.55714225407e-08 -10000000 -1.46853235114e-08 2.63268556941e-08 -10000000 2.46507647552e-08 1.0759704084e-07 -10000000 -1.65009142979e-07 -4.08131460111e-08 -10000000 1.81937873621e-08 9.10037845115e-08 -10000000 -4.84417139859e-08 6.40413671107e-08 -10000000 -3.2157659385e-08 1.07361957285e-07 -10000000 -1.27459047266e-07 4.55026606998e-08 -10000000 -1.6174651917e-07 -1.00420785584e-07 -10000000 2.38435375436e-11 3.04769707811e-08 -10000000 -1.63959208551e-08 1.26706305567e-08 -10000000 1.97305144287e-08 3.66145013355e-08 -10000000 -7.38760708263e-08 -1.85576947043e-08 -10000000 -5.60122316692e-08 4.78949006533e-09 -10000000 -4.52011512598e-08 2.37807320436e-08 -10000000 2.30352328452e-08 1.02926145372e-07 -10000000 -8.42220690803e-08 -7.64310750408e-08 -10000000 -1.39761662098e-07 -9.53972879924e-08 -10000000 3.06863529722e-08 5.98847674091e-08 -10000000 2.98344722045e-08 1.16150341367e-07 -10000000 -5.57889406323e-08 2.48224650264e-08 -10000000 1.22886222365e-08 6.52439821002e-08 -10000000 3.94228517062e-08 1.19134816622e-07 -10000000 -3.87115234528e-08 3.19594347868e-08 -10000000 -7.3577922405e-08 -1.69931979763e-08 -10000000 -1.53955866816e-08 2.49416430715e-08 -10000000 -9.90180316604e-08 -7.81660881601e-08 -10000000 -3.4774463352e-08 3.45416327084e-08 -10000000 -1.67371439201e-08 1.30118536216e-08 -10000000 -2.48531827496e-08 1.53071263597e-08 -10000000 -7.6465132283e-08 2.36125761735e-08 -10000000 -3.81867334571e-08 1.74159829351e-07 -10000000 3.39917074066e-08 1.18978025474e-07 -10000000 1.01060832817e-08 5.46208356541e-08 -10000000 -1.97269084895e-09 2.0133481054e-08 -10000000 -7.11424776564e-09 3.20271266366e-08 -10000000 -2.45837801592e-08 4.71683525936e-08 -10000000 -4.34268731711e-08 -2.82849650742e-08 -10000000 -6.56273259894e-08 -3.47226814255e-08 -10000000 5.11807192446e-09 1.30427182805e-08 -10000000 -9.82824878393e-08 -7.61076642575e-08 -10000000 -7.81894258152e-08 -4.33481701721e-08 -10000000 -7.27885065448e-08 5.20665792596e-08 -10000000 -6.28228688179e-09 1.14045610422e-08 -10000000 -6.60131528498e-08 -2.92145804046e-08 -10000000 3.37383372426e-09 1.82794161356e-08 -10000000 7.35122747297e-08 2.44534384502e-07 -10000000 -9.65264178722e-08 -3.99123393089e-08 -10000000 -4.79400447354e-09 1.08476012085e-08 -10000000 -8.47434260075e-08 1.30315877621e-08 -10000000 -3.99791826135e-08 4.88267470724e-08 -10000000 -2.85680071808e-08 4.69616280294e-08 -10000000 -2.37745485186e-08 1.86522743582e-08 -10000000 -4.61622982519e-08 8.67656462364e-09 -10000000 -2.31181530571e-08 6.45620076275e-08 -10000000 -2.32607284283e-08 4.04901960587e-08 -10000000 -3.4642560833e-08 5.37346736126e-08 -10000000 -2.61411188244e-08 2.31143204569e-08 -10000000 -5.59839368791e-09 6.45045465323e-08 -10000000 -3.64076166699e-08 1.94868140911e-09 -10000000 -2.01172093151e-08 3.12930802105e-08 -10000000 -2.0876742656e-08 8.30425245115e-08 -10000000 -2.68100370752e-08 5.05587627279e-08 -10000000 1.96092476659e-08 6.93320582099e-08 -10000000 -8.31346944376e-08 -1.93107887701e-08 -10000000 2.5179303731e-08 7.33080585345e-08 -10000000 3.1871298318e-08 1.60679643984e-07 -10000000 -5.43700462199e-08 1.0535995718e-07 -10000000 -7.32438575128e-08 -6.61705326051e-09 -10000000 -4.881877387e-08 -2.28930643754e-08 -10000000 -2.06593392757e-08 8.42221049932e-08 -10000000 -4.68982475284e-09 2.12208004523e-08 -10000000 -2.14884320671e-08 6.61919156487e-08 -10000000 -2.56506854251e-08 1.58717983916e-08 -10000000 -4.83883543591e-08 -4.46420175031e-09 -10000000 -1.68789972326e-07 -5.75214133053e-08 -10000000 -1.07103508821e-07 -6.03017239665e-08 -10000000 -1.12231191403e-07 -3.65475898916e-08 -10000000 -2.26495724328e-08 -1.83286208503e-08 -10000000 -2.29372589777e-08 6.63911392191e-09 -10000000 -9.55408305594e-08 7.13264436194e-08 -10000000 -6.05670784799e-08 -1.53357113513e-08 -10000000 -2.20837834903e-08 -1.43211151869e-09 -10000000 -1.39716480519e-08 5.58974488038e-09 -10000000 -2.3372159737e-07 -1.3391798896e-07 -10000000 -5.0046107514e-08 -2.34078730808e-09 -10000000 1.4892318759e-08 7.45146484041e-08 -10000000 3.51033658498e-08 7.45598673111e-08 -10000000 -7.76076697238e-08 -9.47099100279e-09 -10000000 -8.69226867306e-09 7.97056149875e-08 -10000000 -1.71316752624e-07 -4.38187621123e-08 -10000000 -7.45027941238e-08 -3.28321326006e-08 -10000000 4.30619427208e-08 8.84873709436e-08 -10000000 -6.39158623951e-08 -4.20220804674e-08 -10000000 -3.51298188084e-08 7.75049959534e-08 -10000000 -8.89975957517e-08 -2.29939438458e-08 -10000000 -1.19118585292e-07 6.07787671739e-10 -10000000 -9.50222720973e-09 7.51604687201e-08 -10000000 -8.25616241615e-08 5.97442210835e-08 -10000000 -6.55131929158e-08 1.77829109667e-08 -10000000 -5.12873212591e-08 -3.50928475365e-08 -10000000 -8.6193212812e-08 6.01161807228e-08 -10000000 -2.65252264626e-08 1.32538797743e-08 -10000000 1.51862382256e-08 4.81436968483e-08 -10000000 1.48430103284e-08 1.87253988363e-07 -10000000 -1.12177245384e-07 8.47032294332e-08 -10000000 -1.06036178285e-07 3.08318803853e-08 -10000000 -4.6939286359e-08 2.93429470841e-09 -10000000 -5.96217681603e-08 -1.62810216708e-08 -10000000 1.74973901201e-08 5.56114319872e-08 -10000000 2.79050472007e-08 4.54366055502e-08 -10000000 1.29081102855e-08 1.02343058323e-07 -10000000 1.83988370392e-08 9.17300574091e-08 -10000000 -3.23649964756e-08 -1.07086726003e-08 -10000000 -2.10654836145e-07 -7.8753653917e-08 -10000000 -8.91333081906e-08 2.37078973238e-08 -10000000 1.65203655368e-08 5.4958642065e-08 -10000000 -6.46523608459e-08 5.16138448013e-08 -10000000 2.30668089718e-08 7.42564000755e-08 -10000000 -7.88978531532e-08 1.11441358499e-08 -10000000 -6.43164945875e-08 4.66213656698e-08 -10000000 -1.43546539266e-07 5.99603381941e-08 -10000000 -6.97534467363e-08 -9.64180274971e-09 -10000000 2.46457072145e-08 7.73341147059e-08 -10000000 -3.72305084495e-08 5.56554091261e-09 -10000000 -1.34846695042e-07 -2.0684174919e-08 -10000000 -2.76285811515e-08 1.8548186049e-08 -10000000 -1.84637277748e-07 2.91064077869e-08 -10000000 -4.62348132318e-08 -4.36378152186e-08 -10000000 -6.60580439722e-08 5.09240521347e-08 -10000000 -2.28634134395e-08 2.12335989339e-08 -10000000 1.11068783801e-08 7.2246492048e-08 -10000000 -3.46792503074e-08 9.76637143648e-09 -10000000 -1.37448274181e-07 -4.15984907891e-08 -10000000 -3.19693971462e-08 6.57298404761e-08 -10000000 -1.25817562956e-07 -3.04117989355e-08 -10000000 2.24156415292e-08 5.44184708766e-08 -10000000 -4.68799331896e-08 -4.39240178354e-08 -10000000 -1.84045397324e-08 3.42370235008e-08 -10000000 -2.25209216782e-08 7.28123407074e-08 -10000000 -4.3734362302e-08 2.30124350168e-08 -10000000 -1.03290229379e-07 2.01696895943e-08 -10000000 -5.68449883155e-09 1.38335713594e-08 -10000000 2.9337368315e-08 1.20605566198e-07 -10000000 -3.96750876562e-08 -2.38876780613e-08 -10000000 9.94580272486e-09 8.52819305296e-08 -10000000 -7.31813515212e-08 1.31110454585e-08 -10000000 -4.44893706439e-08 9.10554993746e-08 -10000000 -8.85923767054e-08 -1.54829210078e-08 -10000000 6.25994719176e-08 7.2209470758e-08 -10000000 -1.185770993e-07 1.82270918855e-08 -10000000 -7.53835515494e-08 -2.38023026471e-08 -10000000 -6.94967378015e-09 7.40048991525e-08 -10000000 -6.40903891783e-08 -2.76448844213e-08 -10000000 -3.89512495075e-08 -2.72543570654e-09 -10000000 -1.14094218245e-07 -5.02842161742e-08 -10000000 -5.58308621174e-08 9.12211199528e-08 -10000000 2.5085203317e-08 8.01542476146e-08 -10000000 5.44656480544e-08 1.72777060152e-07 -10000000 -3.70226132792e-08 -2.44446766454e-08 -10000000 -9.55478320082e-08 -5.8353223447e-08 -10000000 -3.7290949898e-08 -1.1261063049e-09 -10000000 8.01726790747e-08 1.38222464673e-07 -10000000 -1.96700490812e-08 5.62244601348e-08 -10000000 -7.75270698823e-08 -2.21244456015e-08 -10000000 -1.5131259598e-07 -7.25814326109e-10 -10000000 -6.06618653736e-09 4.40175814529e-08 -10000000 -4.73781041546e-08 2.44178992945e-09 -10000000 -1.57882043081e-07 -6.47040522518e-08 -10000000 -3.99046050792e-08 -7.82567686987e-09 -10000000 -3.85757930292e-08 2.73999221338e-08 -10000000 -9.40279748493e-08 -4.35749355501e-08 -10000000 8.07304337677e-08 1.36966218049e-07 -10000000 -5.22028099767e-08 -1.34823806365e-09 -10000000 -1.65745574458e-07 1.69667931633e-08 -10000000 -1.62937845213e-07 1.3533785173e-09 -10000000 -9.30242103788e-08 -5.85485386398e-08 -10000000 7.86244812673e-09 7.31626158648e-08 -10000000 4.66901623442e-08 9.92946512268e-08 -10000000 -1.74359823649e-07 -5.85109453879e-09 -10000000 -1.83478521878e-08 5.07650549949e-09 -10000000 -2.55386929422e-08 1.29658381849e-08 -10000000 -8.17655130895e-08 -2.69663974969e-08 -10000000 -2.98223638876e-08 1.18944043263e-08 -10000000 -2.8881005215e-08 2.33831183846e-09 -10000000 -1.94896803957e-08 3.9756761605e-10 -10000000 1.9687674084e-08 1.35377534589e-07 -10000000 -7.04048374473e-08 -2.0864774865e-08 -10000000 -1.6057164021e-07 3.97325361536e-08 -10000000 1.48317310374e-08 8.80794134576e-08 -10000000 -1.27963617155e-08 1.72201439449e-08 -10000000 -2.61869693967e-08 6.06459046575e-08 -10000000 -6.28024144759e-08 3.04389550081e-08 -10000000 -1.27181800416e-07 2.13096307924e-07 -10000000 -5.02931697959e-08 1.13390274226e-07 -10000000 -4.50503644858e-08 6.55394611274e-08 -10000000 -6.77669517044e-08 -7.90300748309e-09 -10000000 -3.11471974416e-08 -1.91442215877e-08 -10000000 -6.11951239753e-08 3.86105515408e-08 -10000000 -1.98076005783e-07 -9.90158955194e-08 -10000000 3.42901265417e-08 9.30682355369e-08 -10000000 5.02224710556e-08 1.40465826097e-07 -10000000 1.29172648303e-08 8.69670812972e-08 -10000000 -1.19680294546e-07 -2.00180916458e-08 -10000000 -8.03170067678e-08 2.00138700615e-08 -10000000 -7.51426443779e-08 -2.19477340258e-08 -10000000 -6.34377748579e-08 3.29369605393e-08 -10000000 -5.77933691281e-08 -3.0915106104e-08 -10000000 3.64377342717e-08 9.97681922659e-08 -10000000 1.05755120362e-08 1.30054196731e-07 -10000000 -1.14631881627e-07 -6.0922423688e-08 -10000000 -1.0766827796e-07 -7.35006000481e-09 -10000000 -9.15444250933e-08 2.58861835829e-08 -10000000 4.7962525794e-08 8.31211265832e-08 -10000000 -1.76841455377e-09 4.6006236848e-08 -10000000 -7.68578268004e-08 9.24574799252e-08 -10000000 -2.12835505255e-08 9.62550177821e-08 -10000000 -5.34592151685e-08 -1.56914859967e-08 -10000000 -5.94883860734e-08 3.14337030916e-09 -10000000 4.4322717163e-08 8.81579190761e-08 -10000000 -2.35182458922e-08 8.28900600239e-08 -10000000 -3.37862910514e-08 -2.76812000224e-09 -10000000 -7.92433009786e-09 4.89025233809e-08 -10000000 -5.46768109607e-08 2.83669482278e-08 -10000000 -2.03395275437e-08 2.35991565549e-08 -10000000 -5.81346822793e-08 -8.92054309305e-09 -10000000 -4.54248299056e-08 -2.00005809611e-08 -10000000 -1.7532434847e-08 -8.54459724219e-09 -10000000 -6.19731222409e-08 -1.50938208086e-08 -10000000 6.3781246871e-08 1.02925493985e-07 -10000000 5.75120660912e-08 1.904525694e-07 -10000000 -1.30287441298e-07 2.59793129414e-08 -10000000 2.43711371814e-08 5.10659913624e-08 -10000000 -3.7484561644e-08 2.31658659394e-10 -10000000 -3.01594221548e-08 3.17892366604e-08 -10000000 -6.02736898761e-08 -5.21835110087e-08 -10000000 -1.74507671864e-07 -7.04301652602e-08 -10000000 -5.03463113004e-08 8.66962608632e-09 -10000000 -1.88884235816e-08 6.17292620139e-08 -10000000 -6.42229802031e-08 -2.79779546838e-08 -10000000 -4.72887166711e-08 1.46241740224e-07 -10000000 -5.90452674053e-08 -5.29462721922e-08 -10000000 -1.3873203444e-07 -7.71019722274e-08 -10000000 -8.65073088964e-08 -5.3191077296e-08 -10000000 -2.41192037817e-08 4.25128246303e-08 -10000000 -1.25512904606e-07 -9.45120536465e-08 -10000000 -7.26438003746e-08 -4.67983198198e-08 -10000000 -9.63597369174e-08 -1.09751898071e-08 -10000000 -5.02406957201e-08 3.23127361587e-08 -10000000 -8.60855371194e-08 -9.37502677873e-09 -10000000 -5.52983678869e-09 1.01456061974e-07 -10000000 -2.37623709939e-08 2.32967097066e-08 -10000000 -5.20210464068e-08 1.70964498587e-08 -10000000 -1.17248562974e-07 2.29521522938e-08 -10000000 1.18923017961e-08 7.0762576701e-08 -10000000 -1.90503080792e-08 4.6757154674e-08 -10000000 2.69076262898e-08 6.69231231027e-08 -10000000 -1.19144830856e-07 -6.31615631253e-08 -10000000 3.71118538075e-08 1.05380500109e-07 -10000000 -8.49075355641e-08 4.64904793612e-08 -10000000 -6.68064837993e-08 -1.7012547916e-08 -10000000 -1.32371770925e-07 -2.61858974032e-08 -10000000 3.15501404701e-08 6.06507944168e-08 -10000000 -4.33482414363e-08 7.72515295724e-09 -10000000 -1.36238575923e-07 -4.09455438973e-08 -10000000 -5.70772128629e-08 3.7519438796e-08 -10000000 5.21750907044e-08 8.21681906839e-08 -10000000 -7.48726425182e-08 -2.73400100458e-08 -10000000 7.95099237419e-08 1.17464800789e-07 -10000000 5.47457210647e-08 9.6128536023e-08 -10000000 -1.13042372654e-07 -4.8309263398e-08 -10000000 -1.28102343727e-07 -3.72074132668e-08 -10000000 -1.97364607388e-08 7.35203394228e-08 -10000000 8.54976538386e-08 1.60837167147e-07 -10000000 -1.29873272335e-07 -9.80679278018e-08 -10000000 -1.22186228991e-07 -4.45205118647e-08 -10000000 5.14333066226e-08 9.94409504651e-08 -10000000 -1.22613479605e-07 -7.22657691332e-08 -10000000 -1.2851853919e-07 -7.47426127197e-08 -10000000 -7.38880406841e-08 -3.64736844078e-08 -10000000 -3.75300762998e-08 2.54228828298e-08 -10000000 3.10085413506e-08 1.07060030336e-07 -10000000 -2.52645510384e-08 2.29362446019e-08 -10000000 -7.60714279248e-08 -3.31261439489e-08 -10000000 -3.01107530936e-09 3.00194299732e-08 -10000000 5.78234336179e-08 9.21195008952e-08 -10000000 -1.93602612297e-08 1.16768499891e-08 -10000000 -6.84053805921e-09 2.56998201952e-08 -10000000 4.88701365991e-09 2.0724357142e-08 -10000000 4.65747620952e-08 1.12914228808e-07 -10000000 -3.54994946857e-08 3.82934624095e-08 -10000000 1.22846752298e-09 4.30093547713e-08 -10000000 -1.37713496244e-07 -6.71774701713e-08 -10000000 -1.21157082185e-07 -4.80429603126e-09 -10000000 -6.71700356202e-08 -4.5054334621e-08 -10000000 -5.82457589189e-08 2.91419284622e-08 -10000000 -3.48091196255e-08 -1.01271945997e-08 -10000000 -7.63152244283e-08 -5.36042747305e-08 -10000000 1.19956520598e-07 1.66425171096e-07 -10000000 9.94586044611e-09 5.03572762602e-08 -10000000 -6.299559152e-08 -2.59457143558e-08 -10000000 4.70345578014e-08 1.32012207168e-07 -10000000 -7.4398943549e-08 -4.13178863469e-08 -10000000 7.19275364959e-08 1.20856236449e-07 -10000000 -3.64518444267e-08 1.47985945669e-08 -10000000 -8.08224354928e-08 -4.81657410914e-08 -10000000 -5.85987976855e-08 6.44473350698e-09 -10000000 3.43991878489e-08 9.57531419536e-08 -10000000 -1.23865445584e-07 -8.21896740499e-08 -10000000 -4.32775034005e-08 4.36664968177e-10 -10000000 4.83057925748e-08 5.92619647933e-08 -10000000 5.68157603053e-09 4.18158752749e-08 -10000000 -9.49925298903e-08 -7.00864651403e-10 -10000000 -1.49518930655e-08 4.2193078373e-08 -10000000 4.18903374747e-08 7.63876295015e-08 -10000000 -4.38108558653e-08 9.11908996083e-09 -10000000 -3.83172414413e-08 2.59772173276e-08 -10000000 7.80194023683e-08 1.33623652713e-07 -10000000 -5.19318903181e-08 -6.97426252628e-09 -10000000 -1.36537337357e-08 4.48530399853e-08 -10000000 6.22190385523e-08 1.02159395867e-07 -10000000 2.75489368132e-08 1.27050610573e-07 -10000000 -5.23705530346e-09 7.53190790433e-08 -10000000 -1.62778086128e-08 1.39495021762e-08 -10000000 -9.75923169351e-08 -4.04762547517e-08 -10000000 2.58300152794e-08 9.73373952135e-08 -10000000 2.23561744103e-08 7.45013733497e-08 -10000000 -1.22726937927e-07 -6.42360689268e-08 -10000000 -7.41898708435e-08 1.5283717999e-08 -10000000 -3.06906047014e-08 -1.51770320984e-08 -10000000 -1.43655627539e-08 4.69618528655e-08 -10000000 -7.41371549578e-08 -4.78661023168e-08 -10000000 -2.57909626782e-08 2.18328417361e-08 -10000000 -7.86641923601e-09 8.67960074347e-08 -10000000 8.78580554014e-08 1.83156813812e-07 -10000000 -4.36446154091e-08 -2.80672228363e-08 -10000000 -2.38466040981e-08 7.41380231273e-08 -10000000 -1.33692909786e-07 -4.97776374129e-08 -10000000 -7.64619501737e-08 1.47618296054e-08 -10000000 -1.24262899801e-07 1.16812319204e-07 -10000000 -1.0682484264e-07 -5.10343337577e-08 -10000000 3.63360038916e-08 1.1733222092e-07 -10000000 -2.75945722898e-08 5.94132242998e-09 -10000000 -1.20545503061e-08 2.76542034309e-08 -10000000 -8.36235861061e-08 1.11097602057e-07 -10000000 -9.72544126166e-09 1.46148847784e-08 -10000000 -3.71076175807e-08 -1.57449385287e-08 -10000000 -3.81168835595e-08 9.24588374643e-09 -10000000 -1.79347461545e-09 3.55539179453e-08 -10000000 -2.42874673306e-08 1.02751394242e-07 -10000000 -4.51848161951e-08 -4.87377219052e-09 -10000000 -1.67481192271e-07 -6.76777578193e-08 -10000000 2.01124550047e-08 3.50684075413e-08 -10000000 -9.75348860693e-09 1.23146256871e-08 -10000000 1.71811328215e-08 4.0328036161e-08 -10000000 -3.67604004872e-08 4.16498440039e-08 -10000000 -1.88533584266e-07 -7.36337204881e-08 -10000000 -6.83135825137e-08 -4.04183280727e-08 -10000000 4.69223752591e-08 1.08142833414e-07 -10000000 -1.15334959512e-07 3.08174358655e-08 -10000000 7.53693618576e-10 7.98057090857e-08 -10000000 -4.93794939393e-08 4.51885423535e-08 -10000000 -3.18467650723e-08 3.27780876469e-08 -10000000 -2.08980599932e-07 1.03973979644e-07 -10000000 -2.27433698335e-08 2.69343214192e-08 -10000000 3.09154771115e-10 9.70140542762e-08 -10000000 -9.47683438737e-08 1.02684585758e-07 -10000000 -4.61770706102e-08 -5.27850163728e-09 -10000000 -3.55326053387e-08 -1.72029764591e-09 -10000000 4.62665077257e-08 1.83537337561e-07 -10000000 7.98459522456e-08 1.27140489963e-07 -10000000 -7.65608829206e-08 -3.61291486079e-08 -10000000 -1.500309759e-08 -9.67695063735e-09 -10000000 4.59864163261e-08 8.81240344185e-08 -10000000 4.28674077589e-08 7.37807447117e-08 -10000000 -6.47195140776e-08 -3.67946465555e-08 -10000000 9.31322574617e-10 9.0803951025e-09 -10000000 -3.72047091374e-08 -1.09912340989e-08 -10000000 -4.9835398694e-08 2.14300601682e-08 -10000000 1.04790386975e-08 5.16867431581e-08 -10000000 -1.17267251895e-07 -2.77862391015e-08 -10000000 -1.41574577018e-07 -1.00802123025e-07 -10000000 -2.48364030979e-07 2.13206603787e-07 -10000000 8.33533704281e-08 1.07567757368e-07 -10000000 2.00840968236e-08 6.83915477649e-08 -10000000 1.26696598561e-08 2.90070253579e-08 -10000000 2.96855772752e-08 8.04433171731e-08 -10000000 -1.1798133285e-07 -7.52681013824e-08 -10000000 -3.95485625004e-08 1.81281432842e-08 -10000000 -1.18012488722e-07 -6.49923971903e-08 -10000000 1.73410654615e-08 4.43590551068e-08 -10000000 -1.6328564583e-08 5.2650144993e-08 -10000000 -1.23873420318e-07 3.70275902351e-08 -10000000 2.88907270974e-09 3.2268354482e-08 -10000000 -1.52503771045e-07 -1.00120182249e-08 -10000000 -1.61486094018e-08 8.69802880492e-09 -10000000 -1.11354497888e-08 3.09260544994e-08 -10000000 4.00711761575e-08 4.65418232818e-08 -10000000 -5.00614312569e-08 1.25498559801e-07 -10000000 -6.93961214293e-09 6.14219827579e-08 -10000000 7.30007399147e-08 1.14427928227e-07 -10000000 -5.26242629184e-08 -2.32785269127e-08 -10000000 3.77495065866e-08 6.12035169663e-08 -10000000 5.70637019492e-08 1.19887587228e-07 -10000000 -3.70123671772e-08 3.86421816828e-08 -10000000 -8.60538963846e-08 -2.50063206383e-08 -10000000 -7.24001910477e-08 -1.49113003225e-08 -10000000 -7.70485702989e-08 -3.98324128153e-08 -10000000 4.74837403694e-08 6.89315814575e-08 -10000000 -2.31531767497e-08 3.73558460125e-08 -10000000 -1.23060791016e-07 -8.43913124799e-08 -10000000 -1.83682224221e-08 3.69989187193e-09 -10000000 2.99208944438e-08 5.11041695477e-08 -10000000 -1.75453445756e-08 7.76645754212e-09 -10000000 -1.00099995115e-07 -9.33040740208e-09 -10000000 3.73597704711e-08 9.48880351243e-08 -10000000 -2.31604238805e-08 7.81084557828e-08 -10000000 -2.08418161989e-08 1.07454815638e-07 -10000000 -1.00105348301e-07 -5.51926910157e-08 -10000000 -1.8505157641e-08 -1.21293851263e-10 -10000000 5.58978779313e-08 7.2391806722e-08 -10000000 1.07679893668e-08 5.79170505111e-08 -10000000 -9.02734685476e-08 -2.66075145666e-08 -10000000 -8.10620122976e-08 -6.14303416185e-08 -10000000 -1.0633506626e-07 -6.33984729634e-08 -10000000 -5.76753677207e-08 -1.33379785937e-08 -10000000 1.19543923796e-08 2.92566315471e-08 -10000000 -6.26378565268e-08 7.92265526818e-09 -10000000 9.34323629622e-08 1.55929256391e-07 -10000000 -7.66116359194e-08 4.66696703037e-09 -10000000 -1.73859680503e-08 3.34512824624e-08 -10000000 -5.34537311135e-08 -1.26701716842e-08 -10000000 6.28642737865e-09 1.86264514923e-08 -10000000 5.14902556794e-08 1.04040614281e-07 -10000000 -3.58218215223e-08 1.64809998107e-07 -10000000 -2.64169567084e-08 -8.74047048335e-09 -10000000 -1.10036840339e-07 4.79738940753e-09 -10000000 -3.31739312264e-08 1.59833801374e-07 -10000000 -1.03085678658e-07 -7.33999492315e-08 -10000000 2.43785217834e-08 3.21993246245e-08 -10000000 -1.94125673986e-07 -1.26947783612e-07 -10000000 -1.32977708959e-07 -3.88513060578e-08 -10000000 -5.96484842046e-08 2.28612425073e-08 -10000000 2.30292106947e-08 4.21633695284e-08 -10000000 -3.00799310509e-10 5.26876941326e-08 -10000000 -6.23018690079e-08 -3.45556787521e-08 -10000000 7.0191299344e-08 1.30741546129e-07 -10000000 3.39576163221e-08 6.28999314379e-08 -10000000 -2.88552058855e-08 7.12303830305e-08 -10000000 -4.22203603644e-08 8.94849810261e-08 -10000000 5.34194199047e-08 1.23066207985e-07 -10000000 -8.76602954712e-08 -4.62173246297e-08 -10000000 -6.80863123827e-08 -2.20191467113e-08 -10000000 -6.10911204942e-08 -5.41600481144e-08 -10000000 -7.64209338694e-08 1.49536439448e-08 -10000000 -2.82474761914e-08 -9.23825743691e-09 -10000000 -4.36149307679e-08 8.92316486348e-09 -10000000 -1.30084455117e-07 -7.36423580804e-08 -10000000 -9.2235918278e-09 1.64413417811e-08 -10000000 3.88396305264e-08 9.85304492294e-08 -10000000 -1.02666381639e-07 5.02794868168e-08 -10000000 -1.84659429229e-08 2.59165235199e-08 -10000000 -2.03784742763e-08 8.50411144995e-09 -10000000 8.75296555264e-09 5.96992436816e-08 -10000000 -4.62498806391e-08 1.62147276078e-08 -10000000 -1.43917466781e-07 -8.91460075164e-08 -10000000 -4.61904773809e-08 8.47191310895e-09 -10000000 -7.25839713082e-08 -4.01731045392e-09 -10000000 -6.01996094931e-08 -3.43296318304e-08 -10000000 1.37297711107e-08 2.58514383104e-08 -10000000 -1.9783769108e-08 3.84102206003e-08 -10000000 -7.80625607737e-09 3.78414091087e-08 -10000000 -1.90343692873e-08 1.09372659025e-07 -10000000 -8.71003249523e-08 -2.23300775651e-08 -10000000 7.20849506048e-08 1.4677585443e-07 -10000000 -1.07713470849e-07 2.4127269777e-08 -10000000 2.81423057372e-08 6.07990001386e-08 -10000000 3.50365057955e-08 1.34464202784e-07 -10000000 -1.61347057036e-08 7.66706730536e-08 -10000000 -7.08178069686e-08 2.42516782378e-08 -10000000 1.12679703968e-08 3.32026825411e-08 -10000000 -5.29130504898e-08 9.10972760491e-08 -10000000 -7.79617369954e-08 -2.09912865575e-08 -10000000 -6.52021038549e-08 -5.1213217972e-08 -10000000 -5.19969151678e-08 1.31141976776e-08 -10000000 -3.86287222652e-08 1.74411336927e-08 -10000000 -7.52077931085e-08 -1.2569359549e-08 -10000000 3.26311507576e-08 5.49131712563e-08 -10000000 -1.12969856563e-08 9.25548802915e-08 -10000000 -6.39026422993e-08 -1.060316367e-08 -10000000 -1.17260185762e-07 6.99955651007e-08 -10000000 -1.33022614881e-07 -2.71648679525e-08 -10000000 -5.21769680145e-09 4.27034304297e-08 -10000000 -8.56918654584e-08 -1.6986448393e-08 -10000000 -3.22117537586e-08 2.5226834449e-08 -10000000 -4.12330966794e-08 -2.00013626016e-08 -10000000 -1.5695999002e-07 -6.79544117493e-08 -10000000 -8.44930032057e-08 -3.51819476324e-08 -10000000 -1.03862659494e-07 1.65000692979e-09 -10000000 -1.29112237498e-08 1.15142398879e-08 -10000000 -6.93344026153e-09 3.95297303731e-08 -10000000 -1.42805239741e-07 -2.78596220574e-08 -10000000 9.56091490181e-09 5.9822616907e-08 -10000000 -6.57450157468e-08 8.23584676427e-09 -10000000 -4.92348715898e-08 1.4077444398e-08 -10000000 -4.47133593406e-08 1.81706659641e-08 -10000000 -4.11840391952e-08 3.3966289242e-08 -10000000 -2.06564546045e-08 3.13666642126e-08 -10000000 -4.80987723218e-08 2.62126918183e-08 -10000000 -7.78843072915e-08 -4.38861193395e-08 -10000000 1.7902526309e-08 4.8687037776e-08 -10000000 -3.33686991989e-08 1.33452638447e-08 -10000000 -9.82757074656e-08 9.36190945926e-08 -10000000 -4.83750479891e-08 8.28339832499e-08 -10000000 8.25755576596e-08 1.09509723355e-07 -10000000 4.31844190239e-08 7.9982991469e-08 -10000000 7.80003787218e-09 8.39352357274e-08 -10000000 -5.07570803165e-08 -1.04773789644e-08 -10000000 2.73486224733e-08 5.97300382533e-08 -10000000 -2.85322407225e-08 -9.8848154804e-09 -10000000 4.89442967513e-09 9.5222747096e-08 -10000000 -3.71776287961e-08 6.53501366782e-08 -10000000 -1.65749554935e-08 4.73086004558e-08 -10000000 -2.12344925071e-08 8.89446839343e-09 -10000000 -1.53020555002e-07 -5.6527024286e-08 -10000000 -3.92730749818e-08 -8.6900376109e-09 -10000000 -1.00205096074e-08 5.13106609067e-09 -10000000 -8.35422035288e-08 -1.28496829439e-08 -10000000 -4.59566129434e-08 1.45244760501e-08 -10000000 -3.41519457883e-08 -7.0590781384e-09 -10000000 -8.99929770809e-08 1.05825460849e-07 -10000000 -4.95364746866e-08 5.06582174873e-09 -10000000 -5.15628752456e-08 -9.2059227481e-09 -10000000 -5.23681833381e-08 -4.12297354107e-08 -10000000 2.03814957746e-08 9.85949631326e-08 -10000000 -2.91686640679e-08 -2.08899243177e-08 -10000000 -5.67641944146e-08 7.67876297688e-08 -10000000 -2.56992901047e-08 1.25816466876e-07 -10000000 -5.19400884353e-08 1.35230322324e-08 -10000000 -7.43142910714e-08 1.01089815092e-07 -10000000 -9.94366910717e-09 5.34829994704e-08 -10000000 -5.85952442998e-08 -8.22715042889e-09 -10000000 5.76420445385e-08 1.08366204387e-07 -10000000 -6.8276989976e-08 -1.43778885211e-08 -10000000 -1.28752034134e-07 5.23835830156e-08 -10000000 1.30721521236e-08 1.10095258369e-07 -10000000 -2.77326444554e-08 8.22150150704e-08 -10000000 -8.08097329899e-08 -4.63911323106e-09 -10000000 -6.72681144404e-08 1.34323339813e-07 -10000000 -6.50048253518e-08 -3.55780127066e-08 -10000000 -2.42834996026e-08 4.57039188188e-08 -10000000 -6.11639933149e-08 6.18624852458e-08 -10000000 -2.18686526939e-08 1.65135478899e-08 -10000000 -6.1684870335e-08 6.7039975139e-08 -10000000 8.0480761691e-08 1.07646398381e-07 -10000000 -2.64426129065e-08 2.8770919343e-08 -10000000 -8.33891603932e-08 -3.4190314652e-08 -10000000 -5.18100417152e-08 -2.54897319779e-08 -10000000 -4.12013939488e-08 -2.8035977018e-09 -10000000 -1.1594966054e-07 -3.0267983675e-08 -10000000 -2.40522474805e-07 -2.02478460869e-08 -10000000 -9.32465410519e-08 2.38630092431e-08 -10000000 3.62012598764e-08 6.95038523424e-08 -10000000 -3.81248848502e-08 1.00756327993e-07 -10000000 -3.72612467466e-08 5.59627920963e-09 -10000000 -6.37980484898e-08 8.96422499354e-08 -10000000 -3.8704594226e-08 -8.09436514839e-09 -10000000 -4.83026474568e-08 -6.17972315817e-09 -10000000 -4.64919711745e-08 3.76444067157e-08 -10000000 4.45398150401e-08 1.20537111311e-07 -10000000 -3.6187126605e-08 1.45384698479e-07 -10000000 -7.07470886903e-08 7.88281490372e-09 -10000000 -1.53319504111e-08 4.76954098789e-08 -10000000 -5.38551348836e-08 5.15268284471e-08 -10000000 -1.20954236933e-08 1.81490204283e-08 -10000000 -1.39301313131e-07 -1.94891858411e-08 -10000000 3.16528418884e-08 1.47859584369e-07 -10000000 -6.61440836592e-08 -1.67436254816e-08 -10000000 -4.15695647929e-08 -2.29245234992e-08 -10000000 -1.72438991356e-07 -1.63866606475e-08 -10000000 -9.47293022664e-08 1.71966979297e-08 -10000000 -2.01977079782e-08 5.88475948248e-08 -10000000 -1.55405555271e-07 -3.43514193073e-08 -10000000 -2.32065423093e-08 -1.82373122611e-08 -10000000 -2.24216059105e-08 -6.68222454625e-09 -10000000 -2.39928207538e-08 2.32943288228e-08 -10000000 -5.38433862187e-07 -9.04417063219e-08 -10000000 -3.03511357756e-08 1.28888375015e-08 -10000000 -1.34826495713e-08 4.65446009702e-08 -10000000 2.44079448186e-08 7.94345222511e-08 -10000000 -1.60838239126e-07 -4.45183885764e-08 -10000000 -2.21708244167e-08 1.63500583254e-08 -10000000 -2.15753043809e-07 -8.22701800678e-08 -10000000 4.86884711665e-08 1.084722133e-07 -10000000 -7.98024742088e-08 -3.21890653887e-08 -10000000 -3.12981756484e-08 -1.22411547149e-08 -10000000 -1.07685159289e-07 -3.2711718834e-08 -10000000 -4.00143614446e-08 -7.71592050443e-09 -10000000 -3.33794077762e-08 1.27675818456e-07 -10000000 -1.91139861491e-08 2.35017980604e-09 -10000000 -3.81782486025e-08 5.82016839568e-08 -10000000 -5.1664016182e-08 -1.18853992746e-09 -10000000 -3.88541745183e-08 5.32896744248e-08 -10000000 3.5424129015e-08 1.31981103772e-07 -10000000 -1.82855655719e-07 -1.76402027439e-07 -10000000 -6.58670190985e-08 2.53544871028e-08 -10000000 -4.70523109313e-08 9.57139154549e-08 -10000000 -6.55919620745e-08 2.85718897336e-08 -10000000 -9.71016183494e-09 4.60317422449e-08 -10000000 -5.99944748076e-08 -2.05649278966e-08 -10000000 -1.36662845538e-07 -1.60740566994e-08 -10000000 -2.94166922312e-08 4.50381336025e-09 -10000000 2.17492610811e-08 7.39441334606e-08 -10000000 -1.029407527e-06 -9.77256189272e-08 -10000000 -1.47490951579e-08 6.08495626014e-08 -10000000 4.24971894061e-08 1.20484261152e-07 -10000000 1.49404964996e-08 1.14746172016e-07 -10000000 -2.34934750323e-08 2.58217814689e-08 -10000000 -4.95090099058e-09 4.96543845721e-08 -10000000 -7.76733207625e-08 7.23182159584e-08 -10000000 -2.95287397435e-07 -5.25615841838e-08 -10000000 -5.11036347662e-07 -9.8747108067e-08 -10000000 -4.61487729901e-08 3.31102569454e-08 -10000000 -3.33120349784e-08 7.56872121234e-08 -10000000 -7.85405403455e-08 8.31971532185e-08 -10000000 -4.40711657472e-08 -1.15753580861e-08 -10000000 -3.75450101358e-08 1.86857279999e-08 -10000000 -7.92727602315e-07 -1.77943351078e-07 -10000000 -2.78778808901e-08 4.18477195093e-08 -10000000 -6.8562063645e-08 -6.64223425523e-09 -10000000 -2.69639142899e-08 2.57997610717e-08 -10000000 -6.1119163222e-07 2.4355204589e-07 -10000000 4.30871422496e-08 5.77285264525e-08 -10000000 -2.46164042128e-08 3.8586242832e-08 -10000000 -4.01791385878e-07 -5.33925224651e-08 -10000000 1.12376969865e-08 4.76684558579e-08 -10000000 -7.6338188515e-08 7.14487449983e-08 -10000000 1.2228769875e-10 4.50468571701e-08 -10000000 -9.92219798562e-07 3.90111434426e-08 -10000000 -3.24520753254e-08 2.52343253721e-08 -10000000 -1.80640467137e-08 9.68214354211e-09 -10000000 -2.85584794502e-07 -1.03475211044e-07 -10000000 -1.12169517097e-07 -5.45372237592e-08 -10000000 9.51347153557e-08 1.91014145695e-07 -10000000 -2.35694862894e-07 -8.67755785667e-08 -10000000 -6.8904727707e-08 1.62850022412e-08 -10000000 -1.52748920748e-07 -4.30616505651e-08 -10000000 -1.9149075784e-08 1.75192612784e-08 -10000000 -6.33202035184e-08 -9.32295730159e-09 -10000000 -5.30698075253e-08 1.28506936069e-07 -10000000 -5.40881555907e-08 1.00276883759e-09 -10000000 -1.18511882704e-07 -7.21764144481e-08 -10000000 -1.05452054261e-08 4.05803584575e-08 -10000000 3.82997844852e-08 4.295811015e-08 -10000000 -1.77992665558e-08 4.78344195871e-08 -10000000 8.66888306943e-08 1.26118377605e-07 -10000000 -4.89122004438e-08 4.67437814959e-09 -10000000 -1.73842288054e-07 -4.64155008427e-08 -10000000 -7.44494708762e-08 9.63355513797e-08 -10000000 -1.69563862436e-08 5.88659021013e-08 -10000000 -3.27662350242e-08 1.04144932334e-08 -10000000 -5.25180289828e-08 6.18473089569e-09 -10000000 1.73881302455e-08 9.29735948464e-08 -10000000 2.96744159649e-08 3.87777932694e-08 -10000000 -1.84823555574e-08 3.94371134863e-08 -10000000 -4.52943129263e-08 3.64467484675e-08 -10000000 -5.33437824648e-08 -1.60424943752e-09 -10000000 -7.83075391794e-08 -2.25081295228e-08 -10000000 -8.59028743822e-08 -2.81841410082e-08 -10000000 -3.14461721433e-08 -2.25705371844e-08 -10000000 1.93403382535e-09 1.5295433805e-08 -10000000 -4.10454265777e-08 -2.39143230017e-08</DataArray>
        <DataArray type="Float64" Name="PrincipalStrain" NumberOfComponents="3" format="ascii">-0.000142857142857 4.28571428571e-05 4.28571428571e-05 -0.000142857142857 4.28571428571e-05 4.28571428571e-05 -0.000142857142857 4.28571428571e-05 4.28571428571e-05 -0.000142857142857 4.28571428571e-05 4.28571428571e-05 -0.000142857142857 4.28571428571e-05 4.28571428571e-05 -0.000142857142857 4.28571428571e-05 4.28571428571e-05 -0.000142857142857 4.28571428571e-05 4.28571428571e-05 -0.000142857142857 4.28571428571e-05 4.28571428571e-05 -0.000142857142857 4.28571428571e-05 4.28571428571e-05 -0.000142857142857 4.28571428571e-05 4.28571428571e-05 -0.000142857142857 4.28571428571e-05 4.28571428571e-05 -0.000142857142857 4.28571428571e-05 4.28571428571e-05 -0.000142857142857 4.28571428571e-05 4.28571428571e-05 -0.000142857142857 4.28571428571e-05 4.28571428571e-05 -0.000142857142857 4.28571428571e-05 4.28571428571e-05 -0.000142857142857 4.28571428571e-05 4.28571428571e-05 -0.000142857142857 4.28571428571e-05 4.28571428571e-05 -0.000142857142857 4.28571428571e-05 4.28571428571e-05 -0.000142857142857 4.28571428571e-05 4.28571428571e-05 -0.000142857142857 4.28571428571e-05 4.28571428571e-05 -0.000142857142857 4.28571428571e-05 4.28571428571e-05 -0.000142857142857 4.28571428571e-05 4.28571428571e-05 -0.000142857142857 4.28571428571e-05 4.28571428571e-05 -0.000142857142857 4.28571428571e-05 4.28571428571e-05 -0.000142857142857 4.28571428571e-05 4.28571428571e-05 -0.000142857142857 4.28571428571e-05 4.28571428571e-05 -0.000142857142857 4.28571428571e-05 4.28571428571e-05 -0.000142857142857 4.28571428571e-05 4.28571428571e-05 -0.000142857142857 4.28571428571e-05 4.28571428571e-05 -0.000142857142857 4.28571428571e-05 4.28571428571e-05 -0.000142857142857 4.28571428571e-05 4.28571428571e-05 -0.000142857142857 4.28571428571e-05 4.28571428571e-05 -0.000142857142857 4.28571428571e-05 4.28571428571e-05 -0.000142857142857 4.28571428571e-05 4.28571428571e-05 -0.000142857142857 4.28571428571e-05 4.28571428571e-05 -0.000142857142857 4.28571428571e-05 4.28571428571e-05 -0.000142857142857 4.28571428571e-05 4.28571428571e-05 -0.000142857142857 4.28571428571e-05 4.28571428571e-05 -0.000142857142857 4.28571428571e-05 4.28571428571e-05 -0.000142857142857 4.28571428571e-05 4.28571428571e-05 -0.000142857142857 4.28571428571e-05 4.28571428571e-05 -0.000142857142857 4.28571428571e-05 4.28571428571e-05 -0.000142857142857 4.28571428571e-05 4.28571428571e-05 -0.000142857142857 4.28571428571e-05 4.28571428571e-05 -0.000142857142857 4.28571428571e-05 4.28571428571e-05 -0.000142857142857 4.28571428571e-05 4.28571428571e-05 -0.000142857142857 4.28571428571e-05 4.28571428571e-05 -0.000142857142857 4.28571428571e-05 4.28571428571e-05 -0.000142857142857 4.28571428571e-05 4.28571428571e-05 -0.000142857142857 4.28571428571e-05 4.28571428571e-05 -0.000142857142857 4.28571428571e-05 4.28571428571e-05 -0.000142857142857 4.28571428571e-05 4.28571428571e-05 -0.000142857142857 4.28571428571e-05 4.28571428571e-05 -0.000142857142857 4.28571428571e-05 4.28571428571e-05 -0.000142857142857 4.28571428571e-05 4.28571428571e-05 -0.000142857142857 4.28571428571e-05 4.28571428571e-05 -0.000142857142857 4.28571428571e-05 4.28571428571e-05 -0.000142857142857 4.28571428571e-05 4.28571428571e-05 -0.000142857142857 4.28571428571e-05 4.28571428571e-05 -0.000142857142857 4.28571428571e-05 4.28571428571e-05 -0.000142857142857 4.28571428571e-05 4.28571428571e-05 -0.000142857142857 4.28571428571e-05 4.28571428571e-05 -0.000142857142857 4.28571428571e-05 4.28571428571e-05 -0.000142857142857 4.28571428571e-05 4.28571428571e-05 -0.000142857142857 4.28571428571e-05 4.28571428571e-05 -0.000142857142857 4.28571428571e-05 4.28571428571e-05 -0.000142857142857 4.28571428571e-05 4.28571428571e-05 -0.000142857142857 4.28571428571e-05 4.28571428571e-05 -0.000142857142857 4.28571428571e-05 4.28571428571e-05 -0.000142857142857 4.28571428571e-05 4.28571428571e-05 -0.000142857142857 4.28571428571e-05 4.28571428571e-05 -0.000142857142857 4.28571428571e-05 4.28571428571e-05 -0.000142857142857 4.28571428571e-05 4.28571428571e-05 -0.000142857142857 4.28571428571e-05 4.28571428571e-05 -0.000142857142857 4.28571428571e-05 4.28571428571e-05 -0.000142857142857 4.28571428571e-05 4.28571428571e-05 -0.000142857142857 4.28571428571e-05 4.28571428571e-05 -0.000142857142857 4.28571428571e-05 4.28571428571e-05 -0.000142857142857 4.28571428571e-05 4.28571428571e-05 -0.000142857142857 4.28571428571e-05 4.28571428571e-05 -0.000142857142857 4.28571428571e-05 4.28571428571e-05 -0.000142857142857 4.28571428571e-05 4.28571428571e-05 -0.000142857142857 4.28571428571e-05 4.28571428571e-05 -0.000142857142857 4.28571428571e-05 4.28571428571e-05 -0.000142857142857 4.28571428571e-05 4.28571428571e-05 -0.000142857142857 4.28571428571e-05 4.28571428571e-05 -0.000142857142857 4.28571428571e-05 4.28571428571e-05 -0.000142857142857 4.28571428571e-05 4.28571428571e-05 -0.000142857142857 4.28571428571e-05 4.28571428571e-05 -0.000142857142857 4.28571428571e-05 4.28571428571e-05 -0.000142857142857 4.28571428571e-05 4.28571428571e-05 -0.000142857142857 4.28571428571e-05 4.28571428571e-05 -0.000142857142857 4.28571428571e-05 4.28571428571e-05 -0.000142857142857 4.28571428571e-05 4.28571428571e-05 -0.000142857142857 4.28571428571e-05 4.28571428571e-05 -0.000142857142857 4.28571428571e-05 4.28571428571e-05 -0.000142857142857 4.28571428571e-05 4.28571428571e-05 -0.000142857142857 4.28571428571e-05 4.28571428571e-05 -0.000142857142857 4.28571428571e-05 4.28571428571e-05 -0.000142857142857 4.28571428571e-05 4.28571428571e-05 -0.000142857142857 4.28571428571e-05 4.28571428571e-05 -0.000142857142857 4.28571428571e-05 4.28571428571e-05 -0.000142857142857 4.28571428571e-05 4.28571428571e-05 -0.000142857142857 4.28571428571e-05 4.28571428571e-05 -0.000142857142857 4.28571428571e-05 4.28571428571e-05 -0.000142857142857 4.28571428571e-05 4.28571428571e-05 -0.000142857142857 4.28571428571e-05 4.28571428571e-05 -0.000142857142857 4.28571428571e-05 4.28571428571e-05 -0.000142857142857 4.28571428571e-05 4.28571428571e-05 -0.000142857142857 4.28571428571e-05 4.28571428571e-05 -0.000142857142857 4.28571428571e-05 4.28571428571e-05 -0.000142857142857 4.28571428571e-05 4.28571428571e-05 -0.000142857142857 4.28571428571e-05 4.28571428571e-05 -0.000142857142857 4.28571428571e-05 4.28571428571e-05 -0.000142857142857 4.28571428571e-05 4.28571428571e-05 -0.000142857142857 4.28571428571e-05 4.28571428571e-05 -0.000142857142857 4.28571428571e-05 4.28571428571e-05 -0.000142857142857 4.28571428571e-05 4.28571428571e-05 -0.000142857142857 4.28571428571e-05 4.28571428571e-05 -0.000142857142857 4.28571428571e-05 4.28571428571e-05 -0.000142857142857 4.28571428571e-05 4.28571428571e-05 -0.000142857142857 4.28571428571e-05 4.28571428571e-05 -0.000142857142857 4.28571428571e-05 4.28571428571e-05 -0.000142857142857 4.28571428571e-05 4.28571428571e-05 -0.000142857142857 4.28571428571e-05 4.28571428571e-05 -0.000142857142857 4.28571428571e-05 4.28571428571e-05 -0.000142857142857 4.28571428571e-05 4.28571428571e-05 -0.000142857142857 4.28571428571e-05 4.28571428571e-05 -0.000142857142857 4.28571428571e-05 4.28571428571e-05 -0.000142857142857 4.28571428571e-05 4.28571428571e-05 -0.000142857142857 4.28571428571e-05 4.28571428571e-05 -0.000142857142857 4.28571428571e-05 4.28571428571e-05 -0.000142857142857 4.28571428571e-05 4.28571428571e-05 -0.000142857142857 4.28571428571e-05 4.28571428571e-05 -0.000142857142857 4.28571428571e-05 4.28571428571e-05 -0.000142857142857 4.28571428571e-05 4.28571428571e-05 -0.000142857142857 4.28571428571e-05 4.28571428571e-05 -0.000142857142857 4.28571428571e-05 4.28571428571e-05 -0.000142857142857 4.28571428571e-05 4.28571428571e-05 -0.000142857142857 4.28571428571e-05 4.28571428571e-05 -0.000142857142857 4.28571428571e-05 4.28571428571e-05 -0.000142857142857 4.28571428571e-05 4.28571428571e-05 -0.000142857142857 4.28571428571e-05 4.28571428571e-05 -0.000142857142857 4.28571428571e-05 4.28571428571e-05 -0.000142857142857 4.28571428571e-05 4.28571428571e-05 -0.000142857142857 4.28571428571e-05 4.28571428571e-05 -0.000142857142857 4.28571428571e-05 4.28571428571e-05 -0.000142857142857 4.28571428571e-05 4.28571428571e-05 -0.000142857142857 4.28571428571e-05 4.28571428571e-05 -0.000142857142857 4.28571428571e-05 4.28571428571e-05 -0.000142857142857 4.28571428571e-05 4.28571428571e-05 -0.000142857142857 4.28571428571e-05 4.28571428571e-05 -0.000142857142857 4.28571428571e-05 4.28571428571e-05 -0.000142857142857 4.28571428571e-05 4.28571428571e-05 -0.000142857142857 4.28571428571e-05 4.28571428571e-05 -0.000142857142857 4.28571428571e-05 4.28571428571e-05 -0.000142857142857 4.28571428571e-05 4.28571428571e-05 -0.000142857142857 4.28571428571e-05 4.28571428571e-05 -0.000142857142857 4.28571428571e-05 4.28571428571e-05 -0.000142857142857 4.28571428571e-05 4.28571428571e-05 -0.000142857142857 4.28571428571e-05 4.28571428571e-05 -0.000142857142857 4.28571428571e-05 4.28571428571e-05 -0.000142857142857 4.28571428571e-05 4.28571428571e-05 -0.000142857142857 4.28571428571e-05 4.28571428571e-05 -0.000142857142857 4.28571428571e-05 4.28571428571e-05 -0.000142857142857 4.28571428571e-05 4.28571428571e-05 -0.000142857142857 4.28571428571e-05 4.28571428571e-05 -0.000142857142857 4.28571428571e-05 4.28571428571e-05 -0.000142857142857 4.28571428571e-05 4.28571428571e-05 -0.000142857142857 4.28571428571e-05 4.28571428571e-05 -0.000142857142857 4.28571428571e-05 4.28571428571e-05 -0.000142857142857 4.28571428571e-05 4.28571428571e-05 -0.000142857142857 4.28571428571e-05 4.28571428571e-05 -0.000142857142857 4.28571428571e-05 4.28571428571e-05 -0.000142857142857 4.28571428571e-05 4.28571428571e-05 -0.000142857142857 4.28571428571e-05 4.28571428571e-05 -0.000142857142857 4.28571428571e-05 4.28571428571e-05 -0.000142857142857 4.28571428571e-05 4.28571428571e-05 -0.000142857142857 4.28571428571e-05 4.28571428571e-05 -0.000142857142857 4.28571428571e-05 4.28571428571e-05 -0.000142857142857 4.28571428571e-05 4.28571428571e-05 -0.000142857142857 4.28571428571e-05 4.28571428571e-05 -0.000142857142857 4.28571428571e-05 4.28571428571e-05 -0.000142857142857 4.28571428571e-05 4.28571428571e-05 -0.000142857142857 4.28571428571e-05 4.28571428571e-05 -0.000142857142857 4.28571428571e-05 4.28571428571e-05 -0.000142857142857 4.28571428571e-05 4.28571428571e-05 -0.000142857142857 4.28571428571e-05 4.28571428571e-05 -0.000142857142857 4.28571428571e-05 4.28571428571e-05 -0.000142857142857 4.28571428571e-05 4.28571428571e-05 -0.000142857142857 4.28571428571e-05 4.28571428571e-05 -0.000142857142857 4.28571428571e-05 4.28571428571e-05 -0.000142857142857 4.28571428571e-05 4.28571428571e-05 -0.000142857142857 4.28571428571e-05 4.28571428571e-05 -0.000142857142857 4.28571428571e-05 4.28571428571e-05 -0.000142857142857 4.28571428571e-05 4.28571428571e-05 -0.000142857142857 4.28571428571e-05 4.28571428571e-05 -0.000142857142857 4.28571428571e-05 4.28571428571e-05 -0.000142857142857 4.28571428571e-05 4.28571428571e-05 -0.000142857142857 4.28571428571e-05 4.28571428571e-05 -0.000142857142857 4.28571428571e-05 4.28571428571e-05 -0.000142857142857 4.28571428571e-05 4.28571428571e-05 -0.000142857142857 4.28571428571e-05 4.28571428571e-05 -0.000142857142857 4.28571428571e-05 4.28571428571e-05 -0.000142857142857 4.28571428571e-05 4.28571428571e-05 -0.000142857142857 4.28571428571e-05 4.28571428571e-05 -0.000142857142857 4.28571428571e-05 4.28571428571e-05 -0.000142857142857 4.28571428571e-05 4.28571428571e-05 -0.000142857142857 4.28571428571e-05 4.28571428571e-05 -0.000142857142857 4.28571428571e-05 4.28571428571e-05 -0.000142857142857 4.28571428571e-05 4.28571428571e-05 -0.000142857142857 4.28571428571e-05 4.28571428571e-05 -0.000142857142857 4.28571428571e-05 4.28571428571e-05 -0.000142857142857 4.28571428571e-05 4.28571428571e-05 -0.000142857142857 4.28571428571e-05 4.28571428571e-05 -0.000142857142857 4.28571428571e-05 4.28571428571e-05 -0.000142857142857 4.28571428571e-05 4.28571428571e-05 -0.000142857142857 4.28571428571e-05 4.28571428571e-05 -0.000142857142857 4.28571428571e-05 4.28571428571e-05 -0.000142857142857 4.28571428571e-05 4.28571428571e-05 -0.000142857142857 4.28571428571e-05 4.28571428571e-05 -0.000142857142857 4.28571428571e-05 4.28571428571e-05 -0.000142857142857 4.28571428571e-05 4.28571428571e-05 -0.000142857142857 4.28571428571e-05 4.28571428571e-05 -0.000142857142857 4.28571428571e-05 4.28571428571e-05 -0.000142857142857 4.28571428571e-05 4.28571428571e-05 -0.000142857142857 4.28571428571e-05 4.28571428571e-05 -0.000142857142857 4.28571428571e-05 4.28571428571e-05 -0.000142857142857 4.28571428571e-05 4.28571428571e-05 -0.000142857142857 4.28571428571e-05 4.28571428571e-05 -0.000142857142857 4.28571428571e-05 4.28571428571e-05 -0.000142857142857 4.28571428571e-05 4.28571428571e-05 -0.000142857142857 4.28571428571e-05 4.28571428571e-05 -0.000142857142857 4.28571428571e-05 4.28571428571e-05 -0.000142857142857 4.28571428571e-05 4.28571428571e-05 -0.000142857142857 4.28571428571e-05 4.28571428571e-05 -0.000142857142857 4.28571428571e-05 4.28571428571e-05 -0.000142857142857 4.28571428571e-05 4.28571428571e-05 -0.000142857142857 4.28571428571e-05 4.28571428571e-05 -0.000142857142857 4.28571428571e-05 4.28571428571e-05 -0.000142857142857 4.28571428571e-05 4.28571428571e-05 -0.000142857142857 4.28571428571e-05 4.28571428571e-05 -0.000142857142857 4.28571428571e-05 4.28571428571e-05 -0.000142857142857 4.28571428571e-05 4.28571428571e-05 -0.000142857142857 4.28571428571e-05 4.28571428571e-05 -0.000142857142857 4.28571428571e-05 4.28571428571e-05 -0.000142857142857 4.28571428571e-05 4.28571428571e-05 -0.000142857142857 4.28571428571e-05 4.28571428571e-05 -0.000142857142857 4.28571428571e-05 4.28571428571e-05 -0.000142857142857 4.28571428571e-05 4.28571428571e-05 -0.000142857142857 4.28571428571e-05 4.28571428571e-05 -0.000142857142857 4.28571428571e-05 4.28571428571e-05 -0.000142857142857 4.28571428571e-05 4.28571428571e-05 -0.000142857142857 4.28571428571e-05 4.28571428571e-05 -0.000142857142857 4.28571428571e-05 4.28571428571e-05 -0.000142857142857 4.28571428571e-05 4.28571428571e-05 -0.000142857142857 4.28571428571e-05 4.28571428571e-05 -0.000142857142857 4.28571428571e-05 4.28571428571e-05 -0.000142857142857 4.28571428571e-05 4.28571428571e-05 -0.000142857142857 4.28571428571e-05 4.28571428571e-05 -0.000142857142857 4.28571428571e-05 4.28571428571e-05 -0.000142857142857 4.28571428571e-05 4.28571428571e-05 -0.000142857142857 4.28571428571e-05 4.28571428571e-05 -0.000142857142857 4.28571428571e-05 4.28571428571e-05 -0.000142857142857 4.28571428571e-05 4.28571428571e-05 -0.000142857142857 4.28571428571e-05 4.28571428571e-05 -0.000142857142857 4.28571428571e-05 4.28571428571e-05 -0.000142857142857 4.28571428571e-05 4.28571428571e-05 -0.000142857142857 4.28571428571e-05 4.28571428571e-05 -0.000142857142857 4.28571428571e-05 4.28571428571e-05 -0.000142857142857 4.28571428571e-05 4.28571428571e-05 -0.000142857142857 4.28571428571e-05 4.28571428571e-05 -0.000142857142857 4.28571428571e-05 4.28571428571e-05 -0.000142857142857 4.28571428571e-05 4.28571428571e-05 -0.000142857142857 4.28571428571e-05 4.28571428571e-05 -0.000142857142857 4.28571428571e-05 4.28571428571e-05 -0.000142857142857 4.28571428571e-05 4.28571428571e-05 -0.000142857142857 4.28571428571e-05 4.28571428571e-05 -0.000142857142857 4.28571428571e-05 4.28571428571e-05 -0.000142857142857 4.28571428571e-05 4.28571428571e-05 -0.000142857142857 4.28571428571e-05 4.28571428571e-05 -0.000142857142857 4.28571428571e-05 4.28571428571e-05 -0.000142857142857 4.28571428571e-05 4.28571428571e-05 -0.000142857142857 4.28571428571e-05 4.28571428571e-05 -0.000142857142857 4.28571428571e-05 4.28571428571e-05 -0.000142857142857 4.28571428571e-05 4.28571428571e-05 -0.000142857142857 4.28571428571e-05 4.28571428571e-05 -0.000142857142857 4.28571428571e-05 4.28571428571e-05 -0.000142857142857 4.28571428571e-05 4.28571428571e-05 -0.000142857142857 4.28571428571e-05 4.28571428571e-05 -0.000142857142857 4.28571428571e-05 4.28571428571e-05 -0.000142857142857 4.28571428571e-05 4.28571428571e-05 -0.000142857142857 4.28571428571e-05 4.28571428571e-05 -0.000142857142857 4.28571428571e-05 4.28571428571e-05 -0.000142857142857 4.28571428571e-05 4.28571428571e-05 -0.000142857142857 4.28571428571e-05 4.28571428571e-05 -0.000142857142857 4.28571428571e-05 4.28571428571e-05 -0.000142857142857 4.28571428571e-05 4.28571428571e-05 -0.000142857142857 4.28571428571e-05 4.28571428571e-05 -0.000142857142857 4.28571428571e-05 4.28571428571e-05 -0.000142857142857 4.28571428571e-05 4.28571428571e-05 -0.000142857142857 4.28571428571e-05 4.28571428571e-05 -0.000142857142857 4.28571428571e-05 4.28571428571e-05 -0.000142857142857 4.28571428571e-05 4.28571428571e-05 -0.000142857142857 4.28571428571e-05 4.28571428571e-05 -0.000142857142857 4.28571428571e-05 4.28571428571e-05 -0.000142857142857 4.28571428571e-05 4.28571428571e-05 -0.000142857142857 4.28571428571e-05 4.28571428571e-05 -0.000142857142857 4.28571428571e-05 4.28571428571e-05 -0.000142857142857 4.28571428571e-05 4.28571428571e-05 -0.000142857142857 4.28571428571e-05 4.28571428571e-05 -0.000142857142857 4.28571428571e-05 4.28571428571e-05 -0.000142857142857 4.28571428571e-05 4.28571428571e-05 -0.000142857142857 4.28571428571e-05 4.28571428571e-05 -0.000142857142857 4.28571428571e-05 4.28571428571e-05 -0.000142857142857 4.28571428571e-05 4.28571428571e-05 -0.000142857142857 4.28571428571e-05 4.28571428571e-05 -0.000142857142857 4.28571428571e-05 4.28571428571e-05 -0.000142857142857 4.28571428571e-05 4.28571428571e-05 -0.000142857142857 4.28571428571e-05 4.28571428571e-05 -0.000142857142857 4.28571428571e-05 4.28571428571e-05 -0.000142857142857 4.28571428571e-05 4.28571428571e-05 -0.000142857142857 4.28571428571e-05 4.28571428571e-05 -0.000142857142857 4.28571428571e-05 4.28571428571e-05 -0.000142857142857 4.28571428571e-05 4.28571428571e-05 -0.000142857142857 4.28571428571e-05 4.28571428571e-05 -0.000142857142857 4.28571428571e-05 4.28571428571e-05 -0.000142857142857 4.28571428571e-05 4.28571428571e-05 -0.000142857142857 4.28571428571e-05 4.28571428571e-05 -0.000142857142857 4.28571428571e-05 4.28571428571e-05 -0.000142857142857 4.28571428571e-05 4.28571428571e-05 -0.000142857142857 4.28571428571e-05 4.28571428571e-05 -0.000142857142857 4.28571428571e-05 4.28571428571e-05 -0.000142857142857 4.28571428571e-05 4.28571428571e-05 -0.000142857142857 4.28571428571e-05 4.28571428571e-05 -0.000142857142857 4.28571428571e-05 4.28571428571e-05 -0.000142857142857 4.28571428571e-05 4.28571428571e-05 -0.000142857142857 4.28571428571e-05 4.28571428571e-05 -0.000142857142857 4.28571428571e-05 4.28571428571e-05 -0.000142857142857 4.28571428571e-05 4.28571428571e-05 -0.000142857142857 4.28571428571e-05 4.28571428571e-05 -0.000142857142857 4.28571428571e-05 4.28571428571e-05 -0.000142857142857 4.28571428571e-05 4.28571428571e-05 -0.000142857142857 4.28571428571e-05 4.28571428571e-05 -0.000142857142857 4.28571428571e-05 4.28571428571e-05 -0.000142857142857 4.28571428571e-05 4.28571428571e-05 -0.000142857142857 4.28571428571e-05 4.28571428571e-05 -0.000142857142857 4.28571428571e-05 4.28571428571e-05 -0.000142857142857 4.28571428571e-05 4.28571428571e-05 -0.000142857142857 4.28571428571e-05 4.28571428571e-05 -0.000142857142857 4.28571428571e-05 4.28571428571e-05 -0.000142857142857 4.28571428571e-05 4.28571428571e-05 -0.000142857142857 4.28571428571e-05 4.28571428571e-05 -0.000142857142857 4.28571428571e-05 4.28571428571e-05 -0.000142857142857 4.28571428571e-05 4.28571428571e-05 -0.000142857142857 4.28571428571e-05 4.28571428571e-05 -0.000142857142857 4.28571428571e-05 4.28571428571e-05 -0.000142857142857 4.28571428571e-05 4.28571428571e-05 -0.000142857142857 4.28571428571e-05 4.28571428571e-05 -0.000142857142857 4.28571428571e-05 4.28571428571e-05 -0.000142857142857 4.28571428571e-05 4.28571428571e-05 -0.000142857142857 4.28571428571e-05 4.28571428571e-05 -0.000142857142857 4.28571428571e-05 4.28571428571e-05 -0.000142857142857 4.28571428571e-05 4.28571428571e-05 -0.000142857142857 4.28571428571e-05 4.28571428571e-05 -0.000142857142857 4.28571428571e-05 4.28571428571e-05 -0.000142857142857 4.28571428571e-05 4.28571428571e-05 -0.000142857142857 4.28571428571e-05 4.28571428571e-05 -0.000142857142857 4.28571428571e-05 4.28571428571e-05 -0.000142857142857 4.28571428571e-05 4.28571428571e-05 -0.000142857142857 4.28571428571e-05 4.28571428571e-05 -0.000142857142857 4.28571428571e-05 4.28571428571e-05 -0.000142857142857 4.28571428571e-05 4.28571428571e-05 -0.000142857142857 4.28571428571e-05 4.28571428571e-05 -0.000142857142857 4.28571428571e-05 4.28571428571e-05 -0.000142857142857 4.28571428571e-05 4.28571428571e-05 -0.000142857142857 4.28571428571e-05 4.28571428571e-05 -0.000142857142857 4.28571428571e-05 4.28571428571e-05 -0.000142857142857 4.28571428571e-05 4.28571428571e-05 -0.000142857142857 4.28571428571e-05 4.28571428571e-05 -0.000142857142857 4.28571428571e-05 4.28571428571e-05 -0.000142857142857 4.28571428571e-05 4.28571428571e-05 -0.000142857142857 4.28571428571e-05 4.28571428571e-05 -0.000142857142857 4.28571428571e-05 4.28571428571e-05 -0.000142857142857 4.28571428571e-05 4.28571428571e-05 -0.000142857142857 4.28571428571e-05 4.28571428571e-05 -0.000142857142857 4.28571428571e-05 4.28571428571e-05 -0.000142857142857 4.28571428571e-05 4.28571428571e-05 -0.000142857142857 4.28571428571e-05 4.28571428571e-05 -0.000142857142857 4.28571428571e-05 4.28571428571e-05 -0.000142857142857 4.28571428571e-05 4.28571428571e-05 -0.000142857142857 4.28571428571e-05 4.28571428571e-05 -0.000142857142857 4.28571428571e-05 4.28571428571e-05 -0.000142857142857 4.28571428571e-05 4.28571428571e-05 -0.000142857142857 4.28571428571e-05 4.28571428571e-05 -0.000142857142857 4.28571428571e-05 4.28571428571e-05 -0.000142857142857 4.28571428571e-05 4.28571428571e-05 -0.000142857142857 4.28571428571e-05 4.28571428571e-05 -0.000142857142857 4.28571428571e-05 4.28571428571e-05 -0.000142857142857 4.28571428571e-05 4.28571428571e-05 -0.000142857142857 4.28571428571e-05 4.28571428571e-05 -0.000142857142857 4.28571428571e-05 4.28571428571e-05 -0.000142857142857 4.28571428571e-05 4.28571428571e-05 -0.000142857142857 4.28571428571e-05 4.28571428571e-05 -0.000142857142857 4.28571428571e-05 4.28571428571e-05 -0.000142857142857 4.28571428571e-05 4.28571428571e-05 -0.000142857142857 4.28571428571e-05 4.28571428571e-05 -0.000142857142857 4.28571428571e-05 4.28571428571e-05 -0.000142857142857 4.28571428571e-05 4.28571428571e-05 -0.000142857142857 4.28571428571e-05 4.28571428571e-05 -0.000142857142857 4.28571428571e-05 4.28571428571e-05 -0.000142857142857 4.28571428571e-05 4.28571428571e-05 -0.000142857142857 4.28571428571e-05 4.28571428571e-05 -0.000142857142857 4.28571428571e-05 4.28571428571e-05 -0.000142857142857 4.28571428571e-05 4.28571428571e-05 -0.000142857142857 4.28571428571e-05 4.28571428571e-05 -0.000142857142857 4.28571428571e-05 4.28571428571e-05 -0.000142857142857 4.28571428571e-05 4.28571428571e-05 -0.000142857142857 4.28571428571e-05 4.28571428571e-05 -0.000142857142857 4.28571428571e-05 4.28571428571e-05 -0.000142857142857 4.28571428571e-05 4.28571428571e-05 -0.000142857142857 4.28571428571e-05 4.28571428571e-05 -0.000142857142857 4.28571428571e-05 4.28571428571e-05 -0.000142857142857 4.28571428571e-05 4.28571428571e-05 -0.000142857142857 4.28571428571e-05 4.28571428571e-05 -0.000142857142857 4.28571428571e-05 4.28571428571e-05 -0.000142857142857 4.28571428571e-05 4.28571428571e-05 -0.000142857142857 4.28571428571e-05 4.28571428571e-05 -0.000142857142857 4.28571428571e-05 4.28571428571e-05 -0.000142857142857 4.28571428571e-05 4.28571428571e-05 -0.000142857142857 4.28571428571e-05 4.28571428571e-05 -0.000142857142857 4.28571428571e-05 4.28571428571e-05 -0.000142857142857 4.28571428571e-05 4.28571428571e-05 -0.000142857142857 4.28571428571e-05 4.28571428571e-05 -0.000142857142857 4.28571428571e-05 4.28571428571e-05 -0.000142857142857 4.28571428571e-05 4.28571428571e-05 -0.000142857142857 4.28571428571e-05 4.28571428571e-05 -0.000142857142857 4.28571428571e-05 4.28571428571e-05 -0.000142857142857 4.28571428571e-05 4.28571428571e-05 -0.000142857142857 4.28571428571e-05 4.28571428571e-05 -0.000142857142857 4.28571428571e-05 4.28571428571e-05 -0.000142857142857 4.28571428571e-05 4.28571428571e-05 -0.000142857142857 4.28571428571e-05 4.28571428571e-05 -0.000142857142857 4.28571428571e-05 4.28571428571e-05 -0.000142857142857 4.28571428571e-05 4.28571428571e-05 -0.000142857142857 4.28571428571e-05 4.28571428571e-05 -0.000142857142857 4.28571428571e-05 4.28571428571e-05 -0.000142857142857 4.28571428571e-05 4.28571428571e-05 -0.000142857142857 4.28571428571e-05 4.28571428571e-05 -0.000142857142857 4.28571428571e-05 4.28571428571e-05 -0.000142857142857 4.28571428571e-05 4.28571428571e-05 -0.000142857142857 4.28571428571e-05 4.28571428571e-05 -0.000142857142857 4.28571428571e-05 4.28571428571e-05 -0.000142857142857 4.28571428571e-05 4.28571428571e-05 -0.000142857142857 4.28571428571e-05 4.28571428571e-05 -0.000142857142857 4.28571428571e-05 4.28571428571e-05 -0.000142857142857 4.28571428571e-05 4.28571428571e-05 -0.000142857142857 4.28571428571e-05 4.28571428571e-05 -0.000142857142857 4.28571428571e-05 4.28571428571e-05 -0.000142857142857 4.28571428571e-05 4.28571428571e-05 -0.000142857142857 4.28571428571e-05 4.28571428571e-05 -0.000142857142857 4.28571428571e-05 4.28571428571e-05 -0.000142857142857 4.28571428571e-05 4.28571428571e-05 -0.000142857142857 4.28571428571e-05 4.28571428571e-05 -0.000142857142857 4.28571428571e-05 4.28571428571e-05 -0.000142857142857 4.28571428571e-05 4.28571428571e-05 -0.000142857142857 4.28571428571e-05 4.28571428571e-05 -0.000142857142857 4.28571428571e-05 4.28571428571e-05 -0.000142857142857 4.28571428571e-05 4.28571428571e-05 -0.000142857142857 4.28571428571e-05 4.28571428571e-05 -0.000142857142857 4.28571428571e-05 4.28571428571e-05 -0.000142857142857 4.28571428571e-05 4.28571428571e-05 -0.000142857142857 4.28571428571e-05 4.28571428571e-05 -0.000142857142857 4.28571428571e-05 4.28571428571e-05 -0.000142857142857 4.28571428571e-05 4.28571428571e-05 -0.000142857142857 4.28571428571e-05 4.28571428571e-05 -0.000142857142857 4.28571428571e-05 4.28571428571e-05 -0.000142857142857 4.28571428571e-05 4.28571428571e-05 -0.000142857142857 4.28571428571e-05 4.28571428571e-05 -0.000142857142857 4.28571428571e-05 4.28571428571e-05 -0.000142857142857 4.28571428571e-05 4.28571428571e-05 -0.000142857142857 4.28571428571e-05 4.28571428571e-05 -0.000142857142857 4.28571428571e-05 4.28571428571e-05 -0.000142857142857 4.28571428571e-05 4.28571428571e-05 -0.000142857142857 4.28571428571e-05 4.28571428571e-05 -0.000142857142857 4.28571428571e-05 4.28571428571e-05 -0.000142857142857 4.28571428571e-05 4.28571428571e-05 -0.000142857142857 4.28571428571e-05 4.28571428571e-05 -0.000142857142857 4.28571428571e-05 4.28571428571e-05 -0.000142857142857 4.28571428571e-05 4.28571428571e-05 -0.000142857142857 4.28571428571e-05 4.28571428571e-05 -0.000142857142857 4.28571428571e-05 4.28571428571e-05 -0.000142857142857 4.28571428571e-05 4.28571428571e-05 -0.000142857142857 4.28571428571e-05 4.28571428571e-05 -0.000142857142857 4.28571428571e-05 4.28571428571e-05 -0.000142857142857 4.28571428571e-05 4.28571428571e-05 -0.000142857142857 4.28571428571e-05 4.28571428571e-05 -0.000142857142857 4.28571428571e-05 4.28571428571e-05 -0.000142857142857 4.28571428571e-05 4.28571428571e-05 -0.000142857142857 4.28571428571e-05 4.28571428571e-05 -0.000142857142857 4.28571428571e-05 4.28571428571e-05 -0.000142857142857 4.28571428571e-05 4.28571428571e-05 -0.000142857142857 4.28571428571e-05 4.28571428571e-05 -0.000142857142857 4.28571428571e-05 4.28571428571e-05 -0.000142857142857 4.28571428571e-05 4.28571428571e-05 -0.000142857142857 4.28571428571e-05 4.28571428571e-05 -0.000142857142857 4.28571428571e-05 4.28571428571e-05 -0.000142857142857 4.28571428571e-05 4.28571428571e-05 -0.000142857142857 4.28571428571e-05 4.28571428571e-05 -0.000142857142857 4.28571428571e-05 4.28571428571e-05 -0.000142857142857 4.28571428571e-05 4.28571428571e-05 -0.000142857142857 4.28571428571e-05 4.28571428571e-05 -0.000142857142857 4.28571428571e-05 4.28571428571e-05 -0.000142857142857 4.28571428571e-05 4.28571428571e-05 -0.000142857142857 4.28571428571e-05 4.28571428571e-05 -0.000142857142857 4.28571428571e-05 4.28571428571e-05 -0.000142857142857 4.28571428571e-05 4.28571428571e-05 -0.000142857142857 4.28571428571e-05 4.28571428571e-05 -0.000142857142857 4.28571428571e-05 4.28571428571e-05 -0.000142857142857 4.28571428571e-05 4.28571428571e-05 -0.000142857142857 4.28571428571e-05 4.28571428571e-05 -0.000142857142857 4.28571428571e-05 4.28571428571e-05 -0.000142857142857 4.28571428571e-05 4.28571428571e-05 -0.000142857142857 4.28571428571e-05 4.28571428571e-05 -0.000142857142857 4.28571428571e-05 4.28571428571e-05 -0.000142857142857 4.28571428571e-05 4.28571428571e-05 -0.000142857142857 4.28571428571e-05 4.28571428571e-05 -0.000142857142857 4.28571428571e-05 4.28571428571e-05 -0.000142857142857 4.28571428571e-05 4.28571428571e-05 -0.000142857142857 4.28571428571e-05 4.28571428571e-05 -0.000142857142857 4.28571428571e-05 4.28571428571e-05 -0.000142857142857 4.28571428571e-05 4.28571428571e-05 -0.000142857142857 4.28571428571e-05 4.28571428571e-05 -0.000142857142857 4.28571428571e-05 4.28571428571e-05 -0.000142857142857 4.28571428571e-05 4.28571428571e-05 -0.000142857142857 4.28571428571e-05 4.28571428571e-05 -0.000142857142857 4.28571428571e-05 4.28571428571e-05 -0.000142857142857 4.28571428571e-05 4.28571428571e-05 -0.000142857142857 4.28571428571e-05 4.28571428571e-05 -0.000142857142857 4.28571428571e-05 4.28571428571e-05 -0.000142857142857 4.28571428571e-05 4.28571428571e-05 -0.000142857142857 4.28571428571e-05 4.28571428571e-05 -0.000142857142857 4.28571428571e-05 4.28571428571e-05 -0.000142857142857 4.28571428571e-05 4.28571428571e-05 -0.000142857142857 4.28571428571e-05 4.28571428571e-05 -0.000142857142857 4.28571428571e-05 4.28571428571e-05 -0.000142857142857 4.28571428571e-05 4.28571428571e-05 -0.000142857142857 4.28571428571e-05 4.28571428571e-05 -0.000142857142857 4.28571428571e-05 4.28571428571e-05 -0.000142857142857 4.28571428571e-05 4.28571428571e-05 -0.000142857142857 4.28571428571e-05 4.28571428571e-05 -0.000142857142857 4.28571428571e-05 4.28571428571e-05 -0.000142857142857 4.28571428571e-05 4.28571428571e-05 -0.000142857142857 4.28571428571e-05 4.28571428571e-05 -0.000142857142857 4.28571428571e-05 4.28571428571e-05 -0.000142857142857 4.28571428571e-05 4.28571428571e-05 -0.000142857142857 4.28571428571e-05 4.28571428571e-05 -0.000142857142857 4.28571428571e-05 4.28571428571e-05 -0.000142857142857 4.28571428571e-05 4.28571428571e-05 -0.000142857142857 4.28571428571e-05 4.28571428571e-05 -0.000142857142857 4.28571428571e-05 4.28571428571e-05 -0.000142857142857 4.28571428571e-05 4.28571428571e-05 -0.000142857142857 4.28571428571e-05 4.28571428571e-05 -0.000142857142857 4.28571428571e-05 4.28571428571e-05 -0.000142857142857 4.28571428571e-05 4.28571428571e-05 -0.000142857142857 4.28571428571e-05 4.28571428571e-05 -0.000142857142857 4.28571428571e-05 4.28571428571e-05 -0.000142857142857 4.28571428571e-05 4.28571428571e-05 -0.000142857142857 4.28571428571e-05 4.28571428571e-05 -0.000142857142857 4.28571428571e-05 4.28571428571e-05 -0.000142857142857 4.28571428571e-05 4.28571428571e-05 -0.000142857142857 4.28571428571e-05 4.28571428571e-05 -0.000142857142857 4.28571428571e-05 4.28571428571e-05 -0.000142857142857 4.28571428571e-05 4.28571428571e-05 -0.000142857142857 4.28571428571e-05 4.28571428571e-05 -0.000142857142857 4.28571428571e-05 4.28571428571e-05 -0.000142857142857 4.28571428571e-05 4.28571428571e-05 -0.000142857142857 4.28571428571e-05 4.28571428571e-05 -0.000142857142857 4.28571428571e-05 4.28571428571e-05 -0.000142857142857 4.28571428571e-05 4.28571428571e-05 -0.000142857142857 4.28571428571e-05 4.28571428571e-05 -0.000142857142857 4.28571428571e-05 4.28571428571e-05 -0.000142857142857 4.28571428571e-05 4.28571428571e-05 -0.000142857142857 4.28571428571e-05 4.28571428571e-05 -0.000142857142857 4.28571428571e-05 4.28571428571e-05 -0.000142857142857 4.28571428571e-05 4.28571428571e-05 -0.000142857142857 4.28571428571e-05 4.28571428571e-05 -0.000142857142857 4.28571428571e-05 4.28571428571e-05 -0.000142857142857 4.28571428571e-05 4.28571428571e-05 -0.000142857142857 4.28571428571e-05 4.28571428571e-05 -0.000142857142857 4.28571428571e-05 4.28571428571e-05 -0.000142857142857 4.28571428571e-05 4.28571428571e-05 -0.000142857142857 4.28571428571e-05 4.28571428571e-05 -0.000142857142857 4.28571428571e-05 4.28571428571e-05 -0.000142857142857 4.28571428571e-05 4.28571428571e-05 -0.000142857142857 4.28571428571e-05 4.28571428571e-05 -0.000142857142857 4.28571428571e-05 4.28571428571e-05 -0.000142857142857 4.28571428571e-05 4.28571428571e-05 -0.000142857142857 4.28571428571e-05 4.28571428571e-05 -0.000142857142857 4.28571428571e-05 4.28571428571e-05 -0.000142857142857 4.28571428571e-05 4.28571428571e-05 -0.000142857142857 4.28571428571e-05 4.28571428571e-05 -0.000142857142857 4.28571428571e-05 4.28571428571e-05 -0.000142857142857 4.28571428571e-05 4.28571428571e-05 -0.000142857142857 4.28571428571e-05 4.28571428571e-05 -0.000142857142857 4.28571428571e-05 4.28571428571e-05 -0.000142857142857 4.28571428571e-05 4.28571428571e-05 -0.000142857142857 4.28571428571e-05 4.28571428571e-05 -0.000142857142857 4.28571428571e-05 4.28571428571e-05 -0.000142857142857 4.28571428571e-05 4.28571428571e-05 -0.000142857142857 4.28571428571e-05 4.28571428571e-05 -0.000142857142857 4.28571428571e-05 4.28571428571e-05 -0.000142857142857 4.28571428571e-05 4.28571428571e-05 -0.000142857142857 4.28571428571e-05 4.28571428571e-05 -0.000142857142857 4.28571428571e-05 4.28571428571e-05 -0.000142857142857 4.28571428571e-05 4.28571428571e-05 -0.000142857142857 4.28571428571e-05 4.28571428571e-05 -0.000142857142857 4.28571428571e-05 4.28571428571e-05 -0.000142857142857 4.28571428571e-05 4.28571428571e-05 -0.000142857142857 4.28571428571e-05 4.28571428571e-05 -0.000142857142857 4.28571428571e-05 4.28571428571e-05 -0.000142857142857 4.28571428571e-05 4.28571428571e-05 -0.000142857142857 4.28571428571e-05 4.28571428571e-05 -0.000142857142857 4.28571428571e-05 4.28571428571e-05 -0.000142857142857 4.28571428571e-05 4.28571428571e-05 -0.000142857142857 4.28571428571e-05 4.28571428571e-05 -0.000142857142857 4.28571428571e-05 4.28571428571e-05 -0.000142857142857 4.28571428571e-05 4.28571428571e-05 -0.000142857142857 4.28571428571e-05 4.28571428571e-05 -0.000142857142857 4.28571428571e-05 4.28571428571e-05 -0.000142857142857 4.28571428571e-05 4.28571428571e-05 -0.000142857142857 4.28571428571e-05 4.28571428571e-05 -0.000142857142857 4.28571428571e-05 4.28571428571e-05 -0.000142857142857 4.28571428571e-05 4.28571428571e-05 -0.000142857142857 4.28571428571e-05 4.28571428571e-05 -0.000142857142857 4.28571428571e-05 4.28571428571e-05 -0.000142857142857 4.28571428571e-05 4.28571428571e-05 -0.000142857142857 4.28571428571e-05 4.28571428571e-05 -0.000142857142857 4.28571428571e-05 4.28571428571e-05 -0.000142857142857 4.28571428571e-05 4.28571428571e-05 -0.000142857142857 4.28571428571e-05 4.28571428571e-05 -0.000142857142857 4.28571428571e-05 4.28571428571e-05 -0.000142857142857 4.28571428571e-05 4.28571428571e-05 -0.000142857142857 4.28571428571e-05 4.28571428571e-05 -0.000142857142857 4.28571428571e-05 4.28571428571e-05 -0.000142857142857 4.28571428571e-05 4.28571428571e-05 -0.000142857142857 4.28571428571e-05 4.28571428571e-05 -0.000142857142857 4.28571428571e-05 4.28571428571e-05 -0.000142857142857 4.28571428571e-05 4.28571428571e-05 -0.000142857142857 4.28571428571e-05 4.28571428571e-05 -0.000142857142857 4.28571428571e-05 4.28571428571e-05 -0.000142857142857 4.28571428571e-05 4.28571428571e-05 -0.000142857142857 4.28571428571e-05 4.28571428571e-05 -0.000142857142857 4.28571428571e-05 4.28571428571e-05 -0.000142857142857 4.28571428571e-05 4.28571428571e-05 -0.000142857142857 4.28571428571e-05 4.28571428571e-05 -0.000142857142857 4.28571428571e-05 4.28571428571e-05 -0.000142857142857 4.28571428571e-05 4.28571428571e-05 -0.000142857142857 4.28571428571e-05 4.28571428571e-05 -0.000142857142857 4.28571428571e-05 4.28571428571e-05 -0.000142857142857 4.28571428571e-05 4.28571428571e-05 -0.000142857142857 4.28571428571e-05 4.28571428571e-05 -0.000142857142857 4.28571428571e-05 4.28571428571e-05 -0.000142857142857 4.28571428571e-05 4.28571428571e-05 -0.000142857142857 4.28571428571e-05 4.28571428571e-05 -0.000142857142857 4.28571428571e-05 4.28571428571e-05 -0.000142857142857 4.28571428571e-05 4.28571428571e-05 -0.000142857142857 4.28571428571e-05 4.28571428571e-05 -0.000142857142857 4.28571428571e-05 4.28571428571e-05 -0.000142857142857 4.28571428571e-05 4.28571428571e-05 -0.000142857142857 4.28571428571e-05 4.28571428571e-05 -0.000142857142857 4.28571428571e-05 4.28571428571e-05 -0.000142857142857 4.28571428571e-05 4.28571428571e-05 -0.000142857142857 4.28571428571e-05 4.28571428571e-05 -0.000142857142857 4.28571428571e-05 4.28571428571e-05 -0.000142857142857 4.28571428571e-05 4.28571428571e-05 -0.000142857142857 4.28571428571e-05 4.28571428571e-05 -0.000142857142857 4.28571428571e-05 4.28571428571e-05 -0.000142857142857 4.28571428571e-05 4.28571428571e-05 -0.000142857142857 4.28571428571e-05 4.28571428571e-05 -0.000142857142857 4.28571428571e-05 4.28571428571e-05 -0.000142857142857 4.28571428571e-05 4.28571428571e-05 -0.000142857142857 4.28571428571e-05 4.28571428571e-05 -0.000142857142857 4.28571428571e-05 4.28571428571e-05 -0.000142857142857 4.28571428571e-05 4.28571428571e-05 -0.000142857142857 4.28571428571e-05 4.28571428571e-05 -0.000142857142857 4.28571428571e-05 4.28571428571e-05 -0.000142857142857 4.28571428571e-05 4.28571428571e-05 -0.000142857142857 4.28571428571e-05 4.28571428571e-05 -0.000142857142857 4.28571428571e-05 4.28571428571e-05 -0.000142857142857 4.28571428571e-05 4.28571428571e-05 -0.000142857142857 4.28571428571e-05 4.28571428571e-05 -0.000142857142857 4.28571428571e-05 4.28571428571e-05 -0.000142857142857 4.28571428571e-05 4.28571428571e-05 -0.000142857142857 4.28571428571e-05 4.28571428571e-05 -0.000142857142857 4.28571428571e-05 4.28571428571e-05 -0.000142857142857 4.28571428571e-05 4.28571428571e-05 -0.000142857142857 4.28571428571e-05 4.28571428571e-05 -0.000142857142857 4.28571428571e-05 4.28571428571e-05 -0.000142857142857 4.28571428571e-05 4.28571428571e-05 -0.000142857142857 4.28571428571e-05 4.28571428571e-05 -0.000142857142857 4.28571428571e-05 4.28571428571e-05 -0.000142857142857 4.28571428571e-05 4.28571428571e-05 -0.000142857142857 4.28571428571e-05 4.28571428571e-05 -0.000142857142857 4.28571428571e-05 4.28571428571e-05 -0.000142857142857 4.28571428571e-05 4.28571428571e-05 -0.000142857142857 4.28571428571e-05 4.28571428571e-05 -0.000142857142857 4.28571428571e-05 4.28571428571e-05 -0.000142857142857 4.28571428571e-05 4.28571428571e-05 -0.000142857142857 4.28571428571e-05 4.28571428571e-05 -0.000142857142857 4.28571428571e-05 4.28571428571e-05 -0.000142857142857 4.28571428571e-05 4.28571428571e-05 -0.000142857142857 4.28571428571e-05 4.28571428571e-05 -0.000142857142857 4.28571428571e-05 4.28571428571e-05 -0.000142857142857 4.28571428571e-05 4.28571428571e-05 -0.000142857142857 4.28571428571e-05 4.28571428571e-05 -0.000142857142857 4.28571428571e-05 4.28571428571e-05 -0.000142857142857 4.28571428571e-05 4.28571428571e-05 -0.000142857142857 4.28571428571e-05 4.28571428571e-05 -0.000142857142857 4.28571428571e-05 4.28571428571e-05 -0.000142857142857 4.28571428571e-05 4.28571428571e-05 -0.000142857142857 4.28571428571e-05 4.28571428571e-05 -0.000142857142857 4.28571428571e-05 4.28571428571e-05 -0.000142857142857 4.28571428571e-05 4.28571428571e-05 -0.000142857142857 4.28571428571e-05 4.28571428571e-05 -0.000142857142857 4.28571428571e-05 4.28571428571e-05 -0.000142857142857 4.28571428571e-05 4.28571428571e-05 -0.000142857142857 4.28571428571e-05 4.28571428571e-05 -0.000142857142857 4.28571428571e-05 4.28571428571e-05 -0.000142857142857 4.28571428571e-05 4.28571428571e-05 -0.000142857142857 4.28571428571e-05 4.28571428571e-05 -0.000142857142857 4.28571428571e-05 4.28571428571e-05 -0.000142857142857 4.28571428571e-05 4.28571428571e-05 -0.000142857142857 4.28571428571e-05 4.28571428571e-05 -0.000142857142857 4.28571428571e-05 4.28571428571e-05 -0.000142857142857 4.28571428571e-05 4.28571428571e-05 -0.000142857142857 4.28571428571e-05 4.28571428571e-05 -0.000142857142857 4.28571428571e-05 4.28571428571e-05 -0.000142857142857 4.28571428571e-05 4.28571428571e-05 -0.000142857142857 4.28571428571e-05 4.28571428571e-05 -0.000142857142857 4.28571428571e-05 4.28571428571e-05 -0.000142857142857 4.28571428571e-05 4.28571428571e-05 -0.000142857142857 4.28571428571e-05 4.28571428571e-05 -0.000142857142857 4.28571428571e-05 4.28571428571e-05 -0.000142857142857 4.28571428571e-05 4.28571428571e-05 -0.000142857142857 4.28571428571e-05 4.28571428571e-05 -0.000142857142857 4.28571428571e-05 4.28571428571e-05 -0.000142857142857 4.28571428571e-05 4.28571428571e-05 -0.000142857142857 4.28571428571e-05 4.28571428571e-05 -0.000142857142857 4.28571428571e-05 4.28571428571e-05 -0.000142857142857 4.28571428571e-05 4.28571428571e-05 -0.000142857142857 4.28571428571e-05 4.28571428571e-05 -0.000142857142857 4.28571428571e-05 4.28571428571e-05 -0.000142857142857 4.28571428571e-05 4.28571428571e-05 -0.000142857142857 4.28571428571e-05 4.28571428571e-05 -0.000142857142857 4.28571428571e-05 4.28571428571e-05 -0.000142857142857 4.28571428571e-05 4.28571428571e-05 -0.000142857142857 4.28571428571e-05 4.28571428571e-05 -0.000142857142857 4.28571428571e-05 4.28571428571e-05 -0.000142857142857 4.28571428571e-05 4.28571428571e-05 -0.000142857142857 4.28571428571e-05 4.28571428571e-05 -0.000142857142857 4.28571428571e-05 4.28571428571e-05 -0.000142857142857 4.28571428571e-05 4.28571428571e-05 -0.000142857142857 4.28571428571e-05 4.28571428571e-05 -0.000142857142857 4.28571428571e-05 4.28571428571e-05 -0.000142857142857 4.28571428571e-05 4.28571428571e-05 -0.000142857142857 4.28571428571e-05 4.28571428571e-05 -0.000142857142857 4.28571428571e-05 4.28571428571e-05 -0.000142857142857 4.28571428571e-05 4.28571428571e-05 -0.000142857142857 4.28571428571e-05 4.28571428571e-05 -0.000142857142857 4.28571428571e-05 4.28571428571e-05 -0.000142857142857 4.28571428571e-05 4.28571428571e-05 -0.000142857142857 4.28571428571e-05 4.28571428571e-05 -0.000142857142857 4.28571428571e-05 4.28571428571e-05 -0.000142857142857 4.28571428571e-05 4.28571428571e-05 -0.000142857142857 4.28571428571e-05 4.28571428571e-05 -0.000142857142857 4.28571428571e-05 4.28571428571e-05 -0.000142857142857 4.28571428571e-05 4.28571428571e-05 -0.000142857142857 4.28571428571e-05 4.28571428571e-05 -0.000142857142857 4.28571428571e-05 4.28571428571e-05 -0.000142857142857 4.28571428571e-05 4.28571428571e-05 -0.000142857142857 4.28571428571e-05 4.28571428571e-05 -0.000142857142857 4.28571428571e-05 4.28571428571e-05 -0.000142857142857 4.28571428571e-05 4.28571428571e-05 -0.000142857142857 4.28571428571e-05 4.28571428571e-05 -0.000142857142857 4.28571428571e-05 4.28571428571e-05 -0.000142857142857 4.28571428571e-05 4.28571428571e-05 -0.000142857142857 4.28571428571e-05 4.28571428571e-05 -0.000142857142857 4.28571428571e-05 4.28571428571e-05 -0.000142857142857 4.28571428571e-05 4.28571428571e-05 -0.000142857142857 4.28571428571e-05 4.28571428571e-05 -0.000142857142857 4.28571428571e-05 4.28571428571e-05 -0.000142857142857 4.28571428571e-05 4.28571428571e-05 -0.000142857142857 4.28571428571e-05 4.28571428571e-05 -0.000142857142857 4.28571428571e-05 4.28571428571e-05 -0.000142857142857 4.28571428571e-05 4.28571428571e-05 -0.000142857142857 4.28571428571e-05 4.28571428571e-05 -0.000142857142857 4.28571428571e-05 4.28571428571e-05 -0.000142857142857 4.28571428571e-05 4.28571428571e-05 -0.000142857142857 4.28571428571e-05 4.28571428571e-05 -0.000142857142857 4.28571428571e-05 4.28571428571e-05 -0.000142857142857 4.28571428571e-05 4.28571428571e-05 -0.000142857142857 4.28571428571e-05 4.28571428571e-05 -0.000142857142857 4.28571428571e-05 4.28571428571e-05 -0.000142857142857 4.28571428571e-05 4.28571428571e-05 -0.000142857142857 4.28571428571e-05 4.28571428571e-05 -0.000142857142857 4.28571428571e-05 4.28571428571e-05 -0.000142857142857 4.28571428571e-05 4.28571428571e-05 -0.000142857142857 4.28571428571e-05 4.28571428571e-05 -0.000142857142857 4.28571428571e-05 4.28571428571e-05 -0.000142857142857 4.28571428571e-05 4.28571428571e-05 -0.000142857142857 4.28571428571e-05 4.28571428571e-05 -0.000142857142857 4.28571428571e-05 4.28571428571e-05 -0.000142857142857 4.28571428571e-05 4.28571428571e-05 -0.000142857142857 4.28571428571e-05 4.28571428571e-05 -0.000142857142857 4.28571428571e-05 4.28571428571e-05 -0.000142857142857 4.28571428571e-05 4.28571428571e-05 -0.000142857142857 4.28571428571e-05 4.28571428571e-05 -0.000142857142857 4.28571428571e-05 4.28571428571e-05 -0.000142857142857 4.28571428571e-05 4.28571428571e-05 -0.000142857142857 4.28571428571e-05 4.28571428571e-05 -0.000142857142857 4.28571428571e-05 4.28571428571e-05 -0.000142857142857 4.28571428571e-05 4.28571428571e-05 -0.000142857142857 4.28571428571e-05 4.28571428571e-05 -0.000142857142857 4.28571428571e-05 4.28571428571e-05 -0.000142857142857 4.28571428571e-05 4.28571428571e-05 -0.000142857142857 4.28571428571e-05 4.28571428571e-05 -0.000142857142857 4.28571428571e-05 4.28571428571e-05 -0.000142857142857 4.28571428571e-05 4.28571428571e-05 -0.000142857142857 4.28571428571e-05 4.28571428571e-05 -0.000142857142857 4.28571428571e-05 4.28571428571e-05 -0.000142857142857 4.28571428571e-05 4.28571428571e-05 -0.000142857142857 4.28571428571e-05 4.28571428571e-05 -0.000142857142857 4.28571428571e-05 4.28571428571e-05 -0.000142857142857 4.28571428571e-05 4.28571428571e-05 -0.000142857142857 4.28571428571e-05 4.28571428571e-05 -0.000142857142857 4.28571428571e-05 4.28571428571e-05 -0.000142857142857 4.28571428571e-05 4.28571428571e-05 -0.000142857142857 4.28571428571e-05 4.28571428571e-05 -0.000142857142857 4.28571428571e-05 4.28571428571e-05 -0.000142857142857 4.28571428571e-05 4.28571428571e-05 -0.000142857142857 4.28571428571e-05 4.28571428571e-05 -0.000142857142857 4.28571428571e-05 4.28571428571e-05 -0.000142857142857 4.28571428571e-05 4.28571428571e-05 -0.000142857142857 4.28571428571e-05 4.28571428571e-05 -0.000142857142857 4.28571428571e-05 4.28571428571e-05 -0.000142857142857 4.28571428571e-05 4.28571428571e-05 -0.000142857142857 4.28571428571e-05 4.28571428571e-05 -0.000142857142857 4.28571428571e-05 4.28571428571e-05 -0.000142857142857 4.28571428571e-05 4.28571428571e-05 -0.000142857142857 4.28571428571e-05 4.28571428571e-05 -0.000142857142857 4.28571428571e-05 4.28571428571e-05 -0.000142857142857 4.28571428571e-05 4.28571428571e-05 -0.000142857142857 4.28571428571e-05 4.28571428571e-05 -0.000142857142857 4.28571428571e-05 4.28571428571e-05 -0.000142857142857 4.28571428571e-05 4.28571428571e-05 -0.000142857142857 4.28571428571e-05 4.28571428571e-05 -0.000142857142857 4.28571428571e-05 4.28571428571e-05 -0.000142857142857 4.28571428571e-05 4.28571428571e-05 -0.000142857142857 4.28571428571e-05 4.28571428571e-05 -0.000142857142857 4.28571428571e-05 4.28571428571e-05 -0.000142857142857 4.28571428571e-05 4.28571428571e-05 -0.000142857142857 4.28571428571e-05 4.28571428571e-05 -0.000142857142857 4.28571428571e-05 4.28571428571e-05 -0.000142857142857 4.28571428571e-05 4.28571428571e-05 -0.000142857142857 4.28571428571e-05 4.28571428571e-05 -0.000142857142857 4.28571428571e-05 4.28571428571e-05 -0.000142857142857 4.28571428571e-05 4.28571428571e-05 -0.000142857142857 4.28571428571e-05 4.28571428571e-05 -0.000142857142857 4.28571428571e-05 4.28571428571e-05 -0.000142857142857 4.28571428571e-05 4.28571428571e-05 -0.000142857142857 4.28571428571e-05 4.28571428571e-05 -0.000142857142857 4.28571428571e-05 4.28571428571e-05 -0.000142857142857 4.28571428571e-05 4.28571428571e-05 -0.000142857142857 4.28571428571e-05 4.28571428571e-05 -0.000142857142857 4.28571428571e-05 4.28571428571e-05 -0.000142857142857 4.28571428571e-05 4.28571428571e-05 -0.000142857142857 4.28571428571e-05 4.28571428571e-05 -0.000142857142857 4.28571428571e-05 4.28571428571e-05 -0.000142857142857 4.28571428571e-05 4.28571428571e-05 -0.000142857142857 4.28571428571e-05 4.28571428571e-05 -0.000142857142857 4.28571428571e-05 4.28571428571e-05 -0.000142857142857 4.28571428571e-05 4.28571428571e-05 -0.000142857142857 4.28571428571e-05 4.28571428571e-05 -0.000142857142857 4.28571428571e-05 4.28571428571e-05 -0.000142857142857 4.28571428571e-05 4.28571428571e-05 -0.000142857142857 4.28571428571e-05 4.28571428571e-05 -0.000142857142857 4.28571428571e-05 4.28571428571e-05 -0.000142857142857 4.28571428571e-05 4.28571428571e-05 -0.000142857142857 4.28571428571e-05 4.28571428571e-05 -0.000142857142857 4.28571428571e-05 4.28571428571e-05 -0.000142857142857 4.28571428571e-05 4.28571428571e-05 -0.000142857142857 4.28571428571e-05 4.28571428571e-05 -0.000142857142857 4.28571428571e-05 4.28571428571e-05 -0.000142857142857 4.28571428571e-05 4.28571428571e-05 -0.000142857142857 4.28571428571e-05 4.28571428571e-05 -0.000142857142857 4.28571428571e-05 4.28571428571e-05 -0.000142857142857 4.28571428571e-05 4.28571428571e-05 -0.000142857142857 4.28571428571e-05 4.28571428571e-05 -0.000142857142857 4.28571428571e-05 4.28571428571e-05 -0.000142857142857 4.28571428571e-05 4.28571428571e-05 -0.000142857142857 4.28571428571e-05 4.28571428571e-05 -0.000142857142857 4.28571428571e-05 4.28571428571e-05 -0.000142857142857 4.28571428571e-05 4.28571428571e-05 -0.000142857142857 4.28571428571e-05 4.28571428571e-05 -0.000142857142857 4.28571428571e-05 4.28571428571e-05 -0.000142857142857 4.28571428571e-05 4.28571428571e-05 -0.000142857142857 4.28571428571e-05 4.28571428571e-05 -0.000142857142857 4.28571428571e-05 4.28571428571e-05 -0.000142857142857 4.28571428571e-05 4.28571428571e-05 -0.000142857142857 4.28571428571e-05 4.28571428571e-05 -0.000142857142857 4.28571428571e-05 4.28571428571e-05 -0.000142857142857 4.28571428571e-05 4.28571428571e-05 -0.000142857142857 4.28571428571e-05 4.28571428571e-05 -0.000142857142857 4.28571428571e-05 4.28571428571e-05 -0.000142857142857 4.28571428571e-05 4.28571428571e-05 -0.000142857142857 4.28571428571e-05 4.28571428571e-05 -0.000142857142857 4.28571428571e-05 4.28571428571e-05 -0.000142857142857 4.28571428571e-05 4.28571428571e-05 -0.000142857142857 4.28571428571e-05 4.28571428571e-05 -0.000142857142857 4.28571428571e-05 4.28571428571e-05 -0.000142857142857 4.28571428571e-05 4.28571428571e-05 -0.000142857142857 4.28571428571e-05 4.28571428571e-05 -0.000142857142857 4.28571428571e-05 4.28571428571e-05 -0.000142857142857 4.28571428571e-05 4.28571428571e-05 -0.000142857142857 4.28571428571e-05 4.28571428571e-05 -0.000142857142857 4.28571428571e-05 4.28571428571e-05 -0.000142857142857 4.28571428571e-05 4.28571428571e-05 -0.000142857142857 4.28571428571e-05 4.28571428571e-05 -0.000142857142857 4.28571428571e-05 4.28571428571e-05 -0.000142857142857 4.28571428571e-05 4.28571428571e-05 -0.000142857142857 4.28571428571e-05 4.28571428571e-05 -0.000142857142857 4.28571428571e-05 4.28571428571e-05 -0.000142857142857 4.28571428571e-05 4.28571428571e-05 -0.000142857142857 4.28571428571e-05 4.28571428571e-05 -0.000142857142857 4.28571428571e-05 4.28571428571e-05 -0.000142857142857 4.28571428571e-05 4.28571428571e-05 -0.000142857142857 4.28571428571e-05 4.28571428571e-05 -0.000142857142857 4.28571428571e-05 4.28571428571e-05 -0.000142857142857 4.28571428571e-05 4.28571428571e-05 -0.000142857142857 4.28571428571e-05 4.28571428571e-05 -0.000142857142857 4.28571428571e-05 4.28571428571e-05 -0.000142857142857 4.28571428571e-05 4.28571428571e-05 -0.000142857142857 4.28571428571e-05 4.28571428571e-05 -0.000142857142857 4.28571428571e-05 4.28571428571e-05 -0.000142857142857 4.28571428571e-05 4.28571428571e-05 -0.000142857142857 4.28571428571e-05 4.28571428571e-05 -0.000142857142857 4.28571428571e-05 4.28571428571e-05 -0.000142857142857 4.28571428571e-05 4.28571428571e-05 -0.000142857142857 4.28571428571e-05 4.28571428571e-05 -0.000142857142857 4.28571428571e-05 4.28571428571e-05 -0.000142857142857 4.28571428571e-05 4.28571428571e-05 -0.000142857142857 4.28571428571e-05 4.28571428571e-05 -0.000142857142857 4.28571428571e-05 4.28571428571e-05 -0.000142857142857 4.28571428571e-05 4.28571428571e-05 -0.000142857142857 4.28571428571e-05 4.28571428571e-05 -0.000142857142857 4.28571428571e-05 4.28571428571e-05 -0.000142857142857 4.28571428571e-05 4.28571428571e-05 -0.000142857142857 4.28571428571e-05 4.28571428571e-05 -0.000142857142857 4.28571428571e-05 4.28571428571e-05 -0.000142857142857 4.28571428571e-05 4.28571428571e-05 -0.000142857142857 4.28571428571e-05 4.28571428571e-05 -0.000142857142857 4.28571428571e-05 4.28571428571e-05 -0.000142857142857 4.28571428571e-05 4.28571428571e-05 -0.000142857142857 4.28571428571e-05 4.28571428571e-05 -0.000142857142857 4.28571428571e-05 4.28571428571e-05 -0.000142857142857 4.28571428571e-05 4.28571428571e-05 -0.000142857142857 4.28571428571e-05 4.28571428571e-05 -0.000142857142857 4.28571428571e-05 4.28571428571e-05 -0.000142857142857 4.28571428571e-05 4.28571428571e-05 -0.000142857142857 4.28571428571e-05 4.28571428571e-05 -0.000142857142857 4.28571428571e-05 4.28571428571e-05 -0.000142857142857 4.28571428571e-05 4.28571428571e-05 -0.000142857142857 4.28571428571e-05 4.28571428571e-05 -0.000142857142857 4.28571428571e-05 4.28571428571e-05 -0.000142857142857 4.28571428571e-05 4.28571428571e-05 -0.000142857142857 4.28571428571e-05 4.28571428571e-05 -0.000142857142857 4.28571428571e-05 4.28571428571e-05 -0.000142857142857 4.28571428571e-05 4.28571428571e-05 -0.000142857142857 4.28571428571e-05 4.28571428571e-05 -0.000142857142857 4.28571428571e-05 4.28571428571e-05 -0.000142857142857 4.28571428571e-05 4.28571428571e-05 -0.000142857142857 4.28571428571e-05 4.28571428571e-05 -0.000142857142857 4.28571428571e-05 4.28571428571e-05 -0.000142857142857 4.28571428571e-05 4.28571428571e-05 -0.000142857142857 4.28571428571e-05 4.28571428571e-05 -0.000142857142857 4.28571428571e-05 4.28571428571e-05 -0.000142857142857 4.28571428571e-05 4.28571428571e-05 -0.000142857142857 4.28571428571e-05 4.28571428571e-05 -0.000142857142857 4.28571428571e-05 4.28571428571e-05 -0.000142857142857 4.28571428571e-05 4.28571428571e-05 -0.000142857142857 4.28571428571e-05 4.28571428571e-05 -0.000142857142857 4.28571428571e-05 4.28571428571e-05 -0.000142857142857 4.28571428571e-05 4.28571428571e-05 -0.000142857142857 4.28571428571e-05 4.28571428571e-05 -0.000142857142857 4.28571428571e-05 4.28571428571e-05 -0.000142857142857 4.28571428571e-05 4.28571428571e-05 -0.000142857142857 4.28571428571e-05 4.28571428571e-05 -0.000142857142857 4.28571428571e-05 4.28571428571e-05 -0.000142857142857 4.28571428571e-05 4.28571428571e-05 -0.000142857142857 4.28571428571e-05 4.28571428571e-05 -0.000142857142857 4.28571428571e-05 4.28571428571e-05 -0.000142857142857 4.28571428571e-05 4.28571428571e-05 -0.000142857142857 4.28571428571e-05 4.28571428571e-05 -0.000142857142857 4.28571428571e-05 4.28571428571e-05 -0.000142857142857 4.28571428571e-05 4.28571428571e-05 -0.000142857142857 4.28571428571e-05 4.28571428571e-05 -0.000142857142857 4.28571428571e-05 4.28571428571e-05 -0.000142857142857 4.28571428571e-05 4.28571428571e-05 -0.000142857142857 4.28571428571e-05 4.28571428571e-05 -0.000142857142857 4.28571428571e-05 4.28571428571e-05 -0.000142857142857 4.28571428571e-05 4.28571428571e-05 -0.000142857142857 4.28571428571e-05 4.28571428571e-05 -0.000142857142857 4.28571428571e-05 4.28571428571e-05 -0.000142857142857 4.28571428571e-05 4.28571428571e-05 -0.000142857142857 4.28571428571e-05 4.28571428571e-05 -0.000142857142857 4.28571428571e-05 4.28571428571e-05 -0.000142857142857 4.28571428571e-05 4.28571428571e-05 -0.000142857142857 4.28571428571e-05 4.28571428571e-05 -0.000142857142857 4.28571428571e-05 4.28571428571e-05 -0.000142857142857 4.28571428571e-05 4.28571428571e-05 -0.000142857142857 4.28571428571e-05 4.28571428571e-05 -0.000142857142857 4.28571428571e-05 4.28571428571e-05 -0.000142857142857 4.28571428571e-05 4.28571428571e-05 -0.000142857142857 4.28571428571e-05 4.28571428571e-05 -0.000142857142857 4.28571428571e-05 4.28571428571e-05 -0.000142857142857 4.28571428571e-05 4.28571428571e-05 -0.000142857142857 4.28571428571e-05 4.28571428571e-05 -0.000142857142857 4.28571428571e-05 4.28571428571e-05 -0.000142857142857 4.28571428571e-05 4.28571428571e-05 -0.000142857142857 4.28571428571e-05 4.28571428571e-05 -0.000142857142857 4.28571428571e-05 4.28571428571e-05 -0.000142857142857 4.28571428571e-05 4.28571428571e-05 -0.000142857142857 4.28571428571e-05 4.28571428571e-05 -0.000142857142857 4.28571428571e-05 4.28571428571e-05 -0.000142857142857 4.28571428571e-05 4.28571428571e-05 -0.000142857142857 4.28571428571e-05 4.28571428571e-05 -0.000142857142857 4.28571428571e-05 4.28571428571e-05 -0.000142857142857 4.28571428571e-05 4.28571428571e-05 -0.000142857142857 4.28571428571e-05 4.28571428571e-05 -0.000142857142857 4.28571428571e-05 4.28571428571e-05 -0.000142857142857 4.28571428571e-05 4.28571428571e-05 -0.000142857142857 4.28571428571e-05 4.28571428571e-05 -0.000142857142857 4.28571428571e-05 4.28571428571e-05 -0.000142857142857 4.28571428571e-05 4.28571428571e-05 -0.000142857142857 4.28571428571e-05 4.28571428571e-05 -0.000142857142857 4.28571428571e-05 4.28571428571e-05 -0.000142857142857 4.28571428571e-05 4.28571428571e-05 -0.000142857142857 4.28571428571e-05 4.28571428571e-05 -0.000142857142857 4.28571428571e-05 4.28571428571e-05 -0.000142857142857 4.28571428571e-05 4.28571428571e-05 -0.000142857142857 4.28571428571e-05 4.28571428571e-05 -0.000142857142857 4.28571428571e-05 4.28571428571e-05 -0.000142857142857 4.28571428571e-05 4.28571428571e-05 -0.000142857142857 4.28571428571e-05 4.28571428571e-05 -0.000142857142857 4.28571428571e-05 4.28571428571e-05 -0.000142857142857 4.28571428571e-05 4.28571428571e-05 -0.000142857142857 4.28571428571e-05 4.28571428571e-05 -0.000142857142857 4.28571428571e-05 4.28571428571e-05 -0.000142857142857 4.28571428571e-05 4.28571428571e-05 -0.000142857142857 4.28571428571e-05 4.28571428571e-05 -0.000142857142857 4.28571428571e-05 4.28571428571e-05 -0.000142857142857 4.28571428571e-05 4.28571428571e-05 -0.000142857142857 4.28571428571e-05 4.28571428571e-05 -0.000142857142857 4.28571428571e-05 4.28571428571e-05 -0.000142857142857 4.28571428571e-05 4.28571428571e-05 -0.000142857142857 4.28571428571e-05 4.28571428571e-05 -0.000142857142857 4.28571428571e-05 4.28571428571e-05 -0.000142857142857 4.28571428571e-05 4.28571428571e-05 -0.000142857142857 4.28571428571e-05 4.28571428571e-05 -0.000142857142857 4.28571428571e-05 4.28571428571e-05 -0.000142857142857 4.28571428571e-05 4.28571428571e-05 -0.000142857142857 4.28571428571e-05 4.28571428571e-05 -0.000142857142857 4.28571428571e-05 4.28571428571e-05 -0.000142857142857 4.28571428571e-05 4.28571428571e-05 -0.000142857142857 4.28571428571e-05 4.28571428571e-05 -0.000142857142857 4.28571428571e-05 4.28571428571e-05 -0.000142857142857 4.28571428571e-05 4.28571428571e-05 -0.000142857142857 4.28571428571e-05 4.28571428571e-05 -0.000142857142857 4.28571428571e-05 4.28571428571e-05 -0.000142857142857 4.28571428571e-05 4.28571428571e-05 -0.000142857142857 4.28571428571e-05 4.28571428571e-05 -0.000142857142857 4.28571428571e-05 4.28571428571e-05 -0.000142857142857 4.28571428571e-05 4.28571428571e-05 -0.000142857142857 4.28571428571e-05 4.28571428571e-05 -0.000142857142857 4.28571428571e-05 4.28571428571e-05 -0.000142857142857 4.28571428571e-05 4.28571428571e-05 -0.000142857142857 4.28571428571e-05 4.28571428571e-05 -0.000142857142857 4.28571428571e-05 4.28571428571e-05 -0.000142857142857 4.28571428571e-05 4.28571428571e-05 -0.000142857142857 4.28571428571e-05 4.28571428571e-05 -0.000142857142857 4.28571428571e-05 4.28571428571e-05 -0.000142857142857 4.28571428571e-05 4.28571428571e-05 -0.000142857142857 4.28571428571e-05 4.28571428571e-05 -0.000142857142857 4.28571428571e-05 4.28571428571e-05 -0.000142857142857 4.28571428571e-05 4.28571428571e-05 -0.000142857142857 4.28571428571e-05 4.28571428571e-05 -0.000142857142857 4.28571428571e-05 4.28571428571e-05 -0.000142857142857 4.28571428571e-05 4.28571428571e-05 -0.000142857142857 4.28571428571e-05 4.28571428571e-05 -0.000142857142857 4.28571428571e-05 4.28571428571e-05 -0.000142857142857 4.28571428571e-05 4.28571428571e-05 -0.000142857142857 4.28571428571e-05 4.28571428571e-05 -0.000142857142857 4.28571428571e-05 4.28571428571e-05 -0.000142857142857 4.28571428571e-05 4.28571428571e-05 -0.000142857142857 4.28571428571e-05 4.28571428571e-05 -0.000142857142857 4.28571428571e-05 4.28571428571e-05 -0.000142857142857 4.28571428571e-05 4.28571428571e-05 -0.000142857142857 4.28571428571e-05 4.28571428571e-05 -0.000142857142857 4.28571428571e-05 4.28571428571e-05 -0.000142857142857 4.28571428571e-05 4.28571428571e-05 -0.000142857142857 4.28571428571e-05 4.28571428571e-05 -0.000142857142857 4.28571428571e-05 4.28571428571e-05 -0.000142857142857 4.28571428571e-05 4.28571428571e-05 -0.000142857142857 4.28571428571e-05 4.28571428571e-05 -0.000142857142857 4.28571428571e-05 4.28571428571e-05 -0.000142857142857 4.28571428571e-05 4.28571428571e-05 -0.000142857142857 4.28571428571e-05 4.28571428571e-05 -0.000142857142857 4.28571428571e-05 4.28571428571e-05 -0.000142857142857 4.28571428571e-05 4.28571428571e-05 -0.000142857142857 4.28571428571e-05 4.28571428571e-05 -0.000142857142857 4.28571428571e-05 4.28571428571e-05 -0.000142857142857 4.28571428571e-05 4.28571428571e-05 -0.000142857142857 4.28571428571e-05 4.28571428571e-05 -0.000142857142857 4.28571428571e-05 4.28571428571e-05 -0.000142857142857 4.28571428571e-05 4.28571428571e-05 -0.000142857142857 4.28571428571e-05 4.28571428571e-05 -0.000142857142857 4.28571428571e-05 4.28571428571e-05 -0.000142857142857 4.28571428571e-05 4.28571428571e-05 -0.000142857142857 4.28571428571e-05 4.28571428571e-05 -0.000142857142857 4.28571428571e-05 4.28571428571e-05 -0.000142857142857 4.28571428571e-05 4.28571428571e-05 -0.000142857142857 4.28571428571e-05 4.28571428571e-05 -0.000142857142857 4.28571428571e-05 4.28571428571e-05 -0.000142857142857 4.28571428571e-05 4.28571428571e-05 -0.000142857142857 4.28571428571e-05 4.28571428571e-05 -0.000142857142857 4.28571428571e-05 4.28571428571e-05 -0.000142857142857 4.28571428571e-05 4.28571428571e-05 -0.000142857142857 4.28571428571e-05 4.28571428571e-05 -0.000142857142857 4.28571428571e-05 4.28571428571e-05 -0.000142857142857 4.28571428571e-05 4.28571428571e-05 -0.000142857142857 4.28571428571e-05 4.28571428571e-05 -0.000142857142857 4.28571428571e-05 4.28571428571e-05 -0.000142857142857 4.28571428571e-05 4.28571428571e-05 -0.000142857142857 4.28571428571e-05 4.28571428571e-05 -0.000142857142857 4.28571428571e-05 4.28571428571e-05 -0.000142857142857 4.28571428571e-05 4.28571428571e-05 -0.000142857142857 4.28571428571e-05 4.28571428571e-05 -0.000142857142857 4.28571428571e-05 4.28571428571e-05 -0.000142857142857 4.28571428571e-05 4.28571428571e-05 -0.000142857142857 4.28571428571e-05 4.28571428571e-05 -0.000142857142857 4.28571428571e-05 4.28571428571e-05 -0.000142857142857 4.28571428571e-05 4.28571428571e-05 -0.000142857142857 4.28571428571e-05 4.28571428571e-05 -0.000142857142857 4.28571428571e-05 4.28571428571e-05 -0.000142857142857 4.28571428571e-05 4.28571428571e-05 -0.000142857142857 4.28571428571e-05 4.28571428571e-05 -0.000142857142857 4.28571428571e-05 4.28571428571e-05 -0.000142857142857 4.28571428571e-05 4.28571428571e-05 -0.000142857142857 4.28571428571e-05 4.28571428571e-05 -0.000142857142857 4.28571428571e-05 4.28571428571e-05 -0.000142857142857 4.28571428571e-05 4.28571428571e-05 -0.000142857142857 4.28571428571e-05 4.28571428571e-05 -0.000142857142857 4.28571428571e-05 4.28571428571e-05 -0.000142857142857 4.28571428571e-05 4.28571428571e-05 -0.000142857142857 4.28571428571e-05 4.28571428571e-05 -0.000142857142857 4.28571428571e-05 4.28571428571e-05 -0.000142857142857 4.28571428571e-05 4.28571428571e-05 -0.000142857142857 4.28571428571e-05 4.28571428571e-05 -0.000142857142857 4.28571428571e-05 4.28571428571e-05 -0.000142857142857 4.28571428571e-05 4.28571428571e-05 -0.000142857142857 4.28571428571e-05 4.28571428571e-05 -0.000142857142857 4.28571428571e-05 4.28571428571e-05 -0.000142857142857 4.28571428571e-05 4.28571428571e-05 -0.000142857142857 4.28571428571e-05 4.28571428571e-05 -0.000142857142857 4.28571428571e-05 4.28571428571e-05 -0.000142857142857 4.28571428571e-05 4.28571428571e-05 -0.000142857142857 4.28571428571e-05 4.28571428571e-05 -0.000142857142857 4.28571428571e-05 4.28571428571e-05 -0.000142857142857 4.28571428571e-05 4.28571428571e-05 -0.000142857142857 4.28571428571e-05 4.28571428571e-05 -0.000142857142857 4.28571428571e-05 4.28571428571e-05 -0.000142857142857 4.28571428571e-05 4.28571428571e-05 -0.000142857142857 4.28571428571e-05 4.28571428571e-05 -0.000142857142857 4.28571428571e-05 4.28571428571e-05 -0.000142857142857 4.28571428571e-05 4.28571428571e-05 -0.000142857142857 4.28571428571e-05 4.28571428571e-05 -0.000142857142857 4.28571428571e-05 4.28571428571e-05 -0.000142857142857 4.28571428571e-05 4.28571428571e-05 -0.000142857142857 4.28571428571e-05 4.28571428571e-05 -0.000142857142857 4.28571428571e-05 4.28571428571e-05 -0.000142857142857 4.28571428571e-05 4.28571428571e-05 -0.000142857142857 4.28571428571e-05 4.28571428571e-05 -0.000142857142857 4.28571428571e-05 4.28571428571e-05 -0.000142857142857 4.28571428571e-05 4.28571428571e-05 -0.000142857142857 4.28571428571e-05 4.28571428571e-05 -0.000142857142857 4.28571428571e-05 4.28571428571e-05 -0.000142857142857 4.28571428571e-05 4.28571428571e-05 -0.000142857142857 4.28571428571e-05 4.28571428571e-05 -0.000142857142857 4.28571428571e-05 4.28571428571e-05 -0.000142857142857 4.28571428571e-05 4.28571428571e-05 -0.000142857142857 4.28571428571e-05 4.28571428571e-05 -0.000142857142857 4.28571428571e-05 4.28571428571e-05 -0.000142857142857 4.28571428571e-05 4.28571428571e-05 -0.000142857142857 4.28571428571e-05 4.28571428571e-05 -0.000142857142857 4.28571428571e-05 4.28571428571e-05 -0.000142857142857 4.28571428571e-05 4.28571428571e-05 -0.000142857142857 4.28571428571e-05 4.28571428571e-05 -0.000142857142857 4.28571428571e-05 4.28571428571e-05 -0.000142857142857 4.28571428571e-05 4.28571428571e-05 -0.000142857142857 4.28571428571e-05 4.28571428571e-05 -0.000142857142857 4.28571428571e-05 4.28571428571e-05 -0.000142857142857 4.28571428571e-05 4.28571428571e-05 -0.000142857142857 4.28571428571e-05 4.28571428571e-05 -0.000142857142857 4.28571428571e-05 4.28571428571e-05 -0.000142857142857 4.28571428571e-05 4.28571428571e-05 -0.000142857142857 4.28571428571e-05 4.28571428571e-05 -0.000142857142857 4.28571428571e-05 4.28571428571e-05 -0.000142857142857 4.28571428571e-05 4.28571428571e-05 -0.000142857142857 4.28571428571e-05 4.28571428571e-05 -0.000142857142857 4.28571428571e-05 4.28571428571e-05 -0.000142857142857 4.28571428571e-05 4.28571428571e-05 -0.000142857142857 4.28571428571e-05 4.28571428571e-05 -0.000142857142857 4.28571428571e-05 4.28571428571e-05 -0.000142857142857 4.28571428571e-05 4.28571428571e-05 -0.000142857142857 4.28571428571e-05 4.28571428571e-05 -0.000142857142857 4.28571428571e-05 4.28571428571e-05 -0.000142857142857 4.28571428571e-05 4.28571428571e-05 -0.000142857142857 4.28571428571e-05 4.28571428571e-05 -0.000142857142857 4.28571428571e-05 4.28571428571e-05 -0.000142857142857 4.28571428571e-05 4.28571428571e-05 -0.000142857142857 4.28571428571e-05 4.28571428571e-05 -0.000142857142857 4.28571428571e-05 4.28571428571e-05 -0.000142857142857 4.28571428571e-05 4.28571428571e-05 -0.000142857142857 4.28571428571e-05 4.28571428571e-05 -0.000142857142857 4.28571428571e-05 4.28571428571e-05 -0.000142857142857 4.28571428571e-05 4.28571428571e-05 -0.000142857142857 4.28571428571e-05 4.28571428571e-05 -0.000142857142857 4.28571428571e-05 4.28571428571e-05 -0.000142857142857 4.28571428571e-05 4.28571428571e-05 -0.000142857142857 4.28571428571e-05 4.28571428571e-05 -0.000142857142857 4.28571428571e-05 4.28571428571e-05 -0.000142857142857 4.28571428571e-05 4.28571428571e-05 -0.000142857142857 4.28571428571e-05 4.28571428571e-05 -0.000142857142857 4.28571428571e-05 4.28571428571e-05 -0.000142857142857 4.28571428571e-05 4.28571428571e-05 -0.000142857142857 4.28571428571e-05 4.28571428571e-05 -0.000142857142857 4.28571428571e-05 4.28571428571e-05 -0.000142857142857 4.28571428571e-05 4.28571428571e-05 -0.000142857142857 4.28571428571e-05 4.28571428571e-05 -0.000142857142857 4.28571428571e-05 4.28571428571e-05 -0.000142857142857 4.28571428571e-05 4.28571428571e-05 -0.000142857142857 4.28571428571e-05 4.28571428571e-05 -0.000142857142857 4.28571428571e-05 4.28571428571e-05 -0.000142857142857 4.28571428571e-05 4.28571428571e-05 -0.000142857142857 4.28571428571e-05 4.28571428571e-05 -0.000142857142857 4.28571428571e-05 4.28571428571e-05 -0.000142857142857 4.28571428571e-05 4.28571428571e-05 -0.000142857142857 4.28571428571e-05 4.28571428571e-05 -0.000142857142857 4.28571428571e-05 4.28571428571e-05 -0.000142857142857 4.28571428571e-05 4.28571428571e-05 -0.000142857142857 4.28571428571e-05 4.28571428571e-05 -0.000142857142857 4.28571428571e-05 4.28571428571e-05 -0.000142857142857 4.28571428571e-05 4.28571428571e-05 -0.000142857142857 4.28571428571e-05 4.28571428571e-05 -0.000142857142857 4.28571428571e-05 4.28571428571e-05 -0.000142857142857 4.28571428571e-05 4.28571428571e-05 -0.000142857142857 4.28571428571e-05 4.28571428571e-05 -0.000142857142857 4.28571428571e-05 4.28571428571e-05 -0.000142857142857 4.28571428571e-05 4.28571428571e-05 -0.000142857142857 4.28571428571e-05 4.28571428571e-05 -0.000142857142857 4.28571428571e-05 4.28571428571e-05 -0.000142857142857 4.28571428571e-05 4.28571428571e-05 -0.000142857142857 4.28571428571e-05 4.28571428571e-05 -0.000142857142857 4.28571428571e-05 4.28571428571e-05 -0.000142857142857 4.28571428571e-05 4.28571428571e-05 -0.000142857142857 4.28571428571e-05 4.28571428571e-05 -0.000142857142857 4.28571428571e-05 4.28571428571e-05 -0.000142857142857 4.28571428571e-05 4.28571428571e-05 -0.000142857142857 4.28571428571e-05 4.28571428571e-05 -0.000142857142857 4.28571428571e-05 4.28571428571e-05 -0.000142857142857 4.28571428571e-05 4.28571428571e-05 -0.000142857142857 4.28571428571e-05 4.28571428571e-05 -0.000142857142857 4.28571428571e-05 4.28571428571e-05 -0.000142857142857 4.28571428571e-05 4.28571428571e-05 -0.000142857142857 4.28571428571e-05 4.28571428571e-05 -0.000142857142857 4.28571428571e-05 4.28571428571e-05 -0.000142857142857 4.28571428571e-05 4.28571428571e-05 -0.000142857142857 4.28571428571e-05 4.28571428571e-05 -0.000142857142857 4.28571428571e-05 4.28571428571e-05 -0.000142857142857 4.28571428571e-05 4.28571428571e-05 -0.000142857142857 4.28571428571e-05 4.28571428571e-05 -0.000142857142857 4.28571428571e-05 4.28571428571e-05 -0.000142857142857 4.28571428571e-05 4.28571428571e-05 -0.000142857142857 4.28571428571e-05 4.28571428571e-05 -0.000142857142857 4.28571428571e-05 4.28571428571e-05 -0.000142857142857 4.28571428571e-05 4.28571428571e-05 -0.000142857142857 4.28571428571e-05 4.28571428571e-05 -0.000142857142857 4.28571428571e-05 4.28571428571e-05 -0.000142857142857 4.28571428571e-05 4.28571428571e-05 -0.000142857142857 4.28571428571e-05 4.28571428571e-05 -0.000142857142857 4.28571428571e-05 4.28571428571e-05 -0.000142857142857 4.28571428571e-05 4.28571428571e-05 -0.000142857142857 4.28571428571e-05 4.28571428571e-05 -0.000142857142857 4.28571428571e-05 4.28571428571e-05 -0.000142857142857 4.28571428571e-05 4.28571428571e-05 -0.000142857142857 4.28571428571e-05 4.28571428571e-05 -0.000142857142857 4.28571428571e-05 4.28571428571e-05 -0.000142857142857 4.28571428571e-05 4.28571428571e-05 -0.000142857142857 4.28571428571e-05 4.28571428571e-05 -0.000142857142857 4.28571428571e-05 4.28571428571e-05 -0.000142857142857 4.28571428571e-05 4.28571428571e-05 -0.000142857142857 4.28571428571e-05 4.28571428571e-05 -0.000142857142857 4.28571428571e-05 4.28571428571e-05 -0.000142857142857 4.28571428571e-05 4.28571428571e-05 -0.000142857142857 4.28571428571e-05 4.28571428571e-05 -0.000142857142857 4.28571428571e-05 4.28571428571e-05 -0.000142857142857 4.28571428571e-05 4.28571428571e-05 -0.000142857142857 4.28571428571e-05 4.28571428571e-05 -0.000142857142857 4.28571428571e-05 4.28571428571e-05 -0.000142857142857 4.28571428571e-05 4.28571428571e-05 -0.000142857142857 4.28571428571e-05 4.28571428571e-05 -0.000142857142857 4.28571428571e-05 4.28571428571e-05 -0.000142857142857 4.28571428571e-05 4.28571428571e-05 -0.000142857142857 4.28571428571e-05 4.28571428571e-05 -0.000142857142857 4.28571428571e-05 4.28571428571e-05 -0.000142857142857 4.28571428571e-05 4.28571428571e-05 -0.000142857142857 4.28571428571e-05 4.28571428571e-05 -0.000142857142857 4.28571428571e-05 4.28571428571e-05 -0.000142857142857 4.28571428571e-05 4.28571428571e-05 -0.000142857142857 4.28571428571e-05 4.28571428571e-05 -0.000142857142857 4.28571428571e-05 4.28571428571e-05 -0.000142857142857 4.28571428571e-05 4.28571428571e-05 -0.000142857142857 4.28571428571e-05 4.28571428571e-05 -0.000142857142857 4.28571428571e-05 4.28571428571e-05 -0.000142857142857 4.28571428571e-05 4.28571428571e-05 -0.000142857142857 4.28571428571e-05 4.28571428571e-05 -0.000142857142857 4.28571428571e-05 4.28571428571e-05 -0.000142857142857 4.28571428571e-05 4.28571428571e-05 -0.000142857142857 4.28571428571e-05 4.28571428571e-05 -0.000142857142857 4.28571428571e-05 4.28571428571e-05 -0.000142857142857 4.28571428571e-05 4.28571428571e-05 -0.000142857142857 4.28571428571e-05 4.28571428571e-05 -0.000142857142857 4.28571428571e-05 4.28571428571e-05 -0.000142857142857 4.28571428571e-05 4.28571428571e-05 -0.000142857142857 4.28571428571e-05 4.28571428571e-05 -0.000142857142857 4.28571428571e-05 4.28571428571e-05 -0.000142857142857 4.28571428571e-05 4.28571428571e-05 -0.000142857142857 4.28571428571e-05 4.28571428571e-05 -0.000142857142857 4.28571428571e-05 4.28571428571e-05 -0.000142857142857 4.28571428571e-05 4.28571428571e-05 -0.000142857142857 4.28571428571e-05 4.28571428571e-05 -0.000142857142857 4.28571428571e-05 4.28571428571e-05 -0.000142857142857 4.28571428571e-05 4.28571428571e-05 -0.000142857142857 4.28571428571e-05 4.28571428571e-05 -0.000142857142857 4.28571428571e-05 4.28571428571e-05 -0.000142857142857 4.28571428571e-05 4.28571428571e-05 -0.000142857142857 4.28571428571e-05 4.28571428571e-05 -0.000142857142857 4.28571428571e-05 4.28571428571e-05 -0.000142857142857 4.28571428571e-05 4.28571428571e-05 -0.000142857142857 4.28571428571e-05 4.28571428571e-05 -0.000142857142857 4.28571428571e-05 4.28571428571e-05 -0.000142857142857 4.28571428571e-05 4.28571428571e-05 -0.000142857142857 4.28571428571e-05 4.28571428571e-05 -0.000142857142857 4.28571428571e-05 4.28571428571e-05 -0.000142857142857 4.28571428571e-05 4.28571428571e-05 -0.000142857142857 4.28571428571e-05 4.28571428571e-05 -0.000142857142857 4.28571428571e-05 4.28571428571e-05 -0.000142857142857 4.28571428571e-05 4.28571428571e-05 -0.000142857142857 4.28571428571e-05 4.28571428571e-05 -0.000142857142857 4.28571428571e-05 4.28571428571e-05 -0.000142857142857 4.28571428571e-05 4.28571428571e-05 -0.000142857142857 4.28571428571e-05 4.28571428571e-05 -0.000142857142857 4.28571428571e-05 4.28571428571e-05 -0.000142857142857 4.28571428571e-05 4.28571428571e-05 -0.000142857142857 4.28571428571e-05 4.28571428571e-05 -0.000142857142857 4.28571428571e-05 4.28571428571e-05 -0.000142857142857 4.28571428571e-05 4.28571428571e-05 -0.000142857142857 4.28571428571e-05 4.28571428571e-05 -0.000142857142857 4.28571428571e-05 4.28571428571e-05 -0.000142857142857 4.28571428571e-05 4.28571428571e-05 -0.000142857142857 4.28571428571e-05 4.28571428571e-05 -0.000142857142857 4.28571428571e-05 4.28571428571e-05 -0.000142857142857 4.28571428571e-05 4.28571428571e-05 -0.000142857142857 4.28571428571e-05 4.28571428571e-05 -0.000142857142857 4.28571428571e-05 4.28571428571e-05 -0.000142857142857 4.28571428571e-05 4.28571428571e-05 -0.000142857142857 4.28571428571e-05 4.28571428571e-05 -0.000142857142857 4.28571428571e-05 4.28571428571e-05 -0.000142857142857 4.28571428571e-05 4.28571428571e-05 -0.000142857142857 4.28571428571e-05 4.28571428571e-05 -0.000142857142857 4.28571428571e-05 4.28571428571e-05 -0.000142857142857 4.28571428571e-05 4.28571428571e-05 -0.000142857142857 4.28571428571e-05 4.28571428571e-05 -0.000142857142857 4.28571428571e-05 4.28571428571e-05 -0.000142857142857 4.28571428571e-05 4.28571428571e-05 -0.000142857142857 4.28571428571e-05 4.28571428571e-05 -0.000142857142857 4.28571428571e-05 4.28571428571e-05 -0.000142857142857 4.28571428571e-05 4.28571428571e-05 -0.000142857142857 4.28571428571e-05 4.28571428571e-05 -0.000142857142857 4.28571428571e-05 4.28571428571e-05 -0.000142857142857 4.28571428571e-05 4.28571428571e-05 -0.000142857142857 4.28571428571e-05 4.28571428571e-05 -0.000142857142857 4.28571428571e-05 4.28571428571e-05 -0.000142857142857 4.28571428571e-05 4.28571428571e-05 -0.000142857142857 4.28571428571e-05 4.28571428571e-05 -0.000142857142857 4.28571428571e-05 4.28571428571e-05 -0.000142857142857 4.28571428571e-05 4.28571428571e-05 -0.000142857142857 4.28571428571e-05 4.28571428571e-05 -0.000142857142857 4.28571428571e-05 4.28571428571e-05 -0.000142857142857 4.28571428571e-05 4.28571428571e-05 -0.000142857142857 4.28571428571e-05 4.28571428571e-05 -0.000142857142857 4.28571428571e-05 4.28571428571e-05 -0.000142857142857 4.28571428571e-05 4.28571428571e-05 -0.000142857142857 4.28571428571e-05 4.28571428571e-05 -0.000142857142857 4.28571428571e-05 4.28571428571e-05 -0.000142857142857 4.28571428571e-05 4.28571428571e-05 -0.000142857142857 4.28571428571e-05 4.28571428571e-05 -0.000142857142857 4.28571428571e-05 4.28571428571e-05 -0.000142857142857 4.28571428571e-05 4.28571428571e-05 -0.000142857142857 4.28571428571e-05 4.28571428571e-05 -0.000142857142857 4.28571428571e-05 4.28571428571e-05 -0.000142857142857 4.28571428571e-05 4.28571428571e-05 -0.000142857142857 4.28571428571e-05 4.28571428571e-05 -0.000142857142857 4.28571428571e-05 4.28571428571e-05 -0.000142857142857 4.28571428571e-05 4.28571428571e-05 -0.000142857142857 4.28571428571e-05 4.28571428571e-05 -0.000142857142857 4.28571428571e-05 4.28571428571e-05 -0.000142857142857 4.28571428571e-05 4.28571428571e-05 -0.000142857142857 4.28571428571e-05 4.28571428571e-05 -0.000142857142857 4.28571428571e-05 4.28571428571e-05 -0.000142857142857 4.28571428571e-05 4.28571428571e-05 -0.000142857142857 4.28571428571e-05 4.28571428571e-05 -0.000142857142857 4.28571428571e-05 4.28571428571e-05 -0.000142857142857 4.28571428571e-05 4.28571428571e-05 -0.000142857142857 4.28571428571e-05 4.28571428571e-05 -0.000142857142857 4.28571428571e-05 4.28571428571e-05 -0.000142857142857 4.28571428571e-05 4.28571428571e-05 -0.000142857142857 4.28571428571e-05 4.28571428571e-05 -0.000142857142857 4.28571428571e-05 4.28571428571e-05 -0.000142857142857 4.28571428571e-05 4.28571428571e-05 -0.000142857142857 4.28571428571e-05 4.28571428571e-05 -0.000142857142857 4.28571428571e-05 4.28571428571e-05 -0.000142857142857 4.28571428571e-05 4.28571428571e-05 -0.000142857142857 4.28571428571e-05 4.28571428571e-05 -0.000142857142857 4.28571428571e-05 4.28571428571e-05 -0.000142857142857 4.28571428571e-05 4.28571428571e-05 -0.000142857142857 4.28571428571e-05 4.28571428571e-05 -0.000142857142857 4.28571428571e-05 4.28571428571e-05 -0.000142857142857 4.28571428571e-05 4.28571428571e-05 -0.000142857142857 4.28571428571e-05 4.28571428571e-05 -0.000142857142857 4.28571428571e-05 4.28571428571e-05 -0.000142857142857 4.28571428571e-05 4.28571428571e-05 -0.000142857142857 4.28571428571e-05 4.28571428571e-05 -0.000142857142857 4.28571428571e-05 4.28571428571e-05 -0.000142857142857 4.28571428571e-05 4.28571428571e-05 -0.000142857142857 4.28571428571e-05 4.28571428571e-05 -0.000142857142857 4.28571428571e-05 4.28571428571e-05 -0.000142857142857 4.28571428571e-05 4.28571428571e-05 -0.000142857142857 4.28571428571e-05 4.28571428571e-05 -0.000142857142857 4.28571428571e-05 4.28571428571e-05 -0.000142857142857 4.28571428571e-05 4.28571428571e-05 -0.000142857142857 4.28571428571e-05 4.28571428571e-05 -0.000142857142857 4.28571428571e-05 4.28571428571e-05 -0.000142857142857 4.28571428571e-05 4.28571428571e-05 -0.000142857142857 4.28571428571e-05 4.28571428571e-05 -0.000142857142857 4.28571428571e-05 4.28571428571e-05 -0.000142857142857 4.28571428571e-05 4.28571428571e-05 -0.000142857142857 4.28571428571e-05 4.28571428571e-05 -0.000142857142857 4.28571428571e-05 4.28571428571e-05 -0.000142857142857 4.28571428571e-05 4.28571428571e-05 -0.000142857142857 4.28571428571e-05 4.28571428571e-05 -0.000142857142857 4.28571428571e-05 4.28571428571e-05 -0.000142857142857 4.28571428571e-05 4.28571428571e-05 -0.000142857142857 4.28571428571e-05 4.28571428571e-05 -0.000142857142857 4.28571428571e-05 4.28571428571e-05 -0.000142857142857 4.28571428571e-05 4.28571428571e-05 -0.000142857142857 4.28571428571e-05 4.28571428571e-05 -0.000142857142857 4.28571428571e-05 4.28571428571e-05 -0.000142857142857 4.28571428571e-05 4.28571428571e-05 -0.000142857142857 4.28571428571e-05 4.28571428571e-05 -0.000142857142857 4.28571428571e-05 4.28571428571e-05 -0.000142857142857 4.28571428571e-05 4.28571428571e-05 -0.000142857142857 4.28571428571e-05 4.28571428571e-05 -0.000142857142857 4.28571428571e-05 4.28571428571e-05 -0.000142857142857 4.28571428571e-05 4.28571428571e-05 -0.000142857142857 4.28571428571e-05 4.28571428571e-05 -0.000142857142857 4.28571428571e-05 4.28571428571e-05 -0.000142857142857 4.28571428571e-05 4.28571428571e-05 -0.000142857142857 4.28571428571e-05 4.28571428571e-05 -0.000142857142857 4.28571428571e-05 4.28571428571e-05 -0.000142857142857 4.28571428571e-05 4.28571428571e-05 -0.000142857142857 4.28571428571e-05 4.28571428571e-05 -0.000142857142857 4.28571428571e-05 4.28571428571e-05 -0.000142857142857 4.28571428571e-05 4.28571428571e-05 -0.000142857142857 4.28571428571e-05 4.28571428571e-05 -0.000142857142857 4.28571428571e-05 4.28571428571e-05 -0.000142857142857 4.28571428571e-05 4.28571428571e-05 -0.000142857142857 4.28571428571e-05 4.28571428571e-05 -0.000142857142857 4.28571428571e-05 4.28571428571e-05 -0.000142857142857 4.28571428571e-05 4.28571428571e-05 -0.000142857142857 4.28571428571e-05 4.28571428571e-05 -0.000142857142857 4.28571428571e-05 4.28571428571e-05 -0.000142857142857 4.28571428571e-05 4.28571428571e-05 -0.000142857142857 4.28571428571e-05 4.28571428571e-05 -0.000142857142857 4.28571428571e-05 4.28571428571e-05 -0.000142857142857 4.28571428571e-05 4.28571428571e-05 -0.000142857142857 4.28571428571e-05 4.28571428571e-05 -0.000142857142857 4.28571428571e-05 4.28571428571e-05 -0.000142857142857 4.28571428571e-05 4.28571428571e-05 -0.000142857142857 4.28571428571e-05 4.28571428571e-05 -0.000142857142857 4.28571428571e-05 4.28571428571e-05 -0.000142857142857 4.28571428571e-05 4.28571428571e-05 -0.000142857142857 4.28571428571e-05 4.28571428571e-05 -0.000142857142857 4.28571428571e-05 4.28571428571e-05 -0.000142857142857 4.28571428571e-05 4.28571428571e-05 -0.000142857142857 4.28571428571e-05 4.28571428571e-05 -0.000142857142857 4.28571428571e-05 4.28571428571e-05 -0.000142857142857 4.28571428571e-05 4.28571428571e-05 -0.000142857142857 4.28571428571e-05 4.28571428571e-05 -0.000142857142857 4.28571428571e-05 4.28571428571e-05 -0.000142857142857 4.28571428571e-05 4.28571428571e-05 -0.000142857142857 4.28571428571e-05 4.28571428571e-05 -0.000142857142857 4.28571428571e-05 4.28571428571e-05 -0.000142857142857 4.28571428571e-05 4.28571428571e-05 -0.000142857142857 4.28571428571e-05 4.28571428571e-05 -0.000142857142857 4.28571428571e-05 4.28571428571e-05 -0.000142857142857 4.28571428571e-05 4.28571428571e-05 -0.000142857142857 4.28571428571e-05 4.28571428571e-05 -0.000142857142857 4.28571428571e-05 4.28571428571e-05 -0.000142857142857 4.28571428571e-05 4.28571428571e-05 -0.000142857142857 4.28571428571e-05 4.28571428571e-05 -0.000142857142857 4.28571428571e-05 4.28571428571e-05 -0.000142857142857 4.28571428571e-05 4.28571428571e-05 -0.000142857142857 4.28571428571e-05 4.28571428571e-05 -0.000142857142857 4.28571428571e-05 4.28571428571e-05 -0.000142857142857 4.28571428571e-05 4.28571428571e-05 -0.000142857142857 4.28571428571e-05 4.28571428571e-05 -0.000142857142857 4.28571428571e-05 4.28571428571e-05 -0.000142857142857 4.28571428571e-05 4.28571428571e-05 -0.000142857142857 4.28571428571e-05 4.28571428571e-05 -0.000142857142857 4.28571428571e-05 4.28571428571e-05 -0.000142857142857 4.28571428571e-05 4.28571428571e-05 -0.000142857142857 4.28571428571e-05 4.28571428571e-05 -0.000142857142857 4.28571428571e-05 4.28571428571e-05 -0.000142857142857 4.28571428571e-05 4.28571428571e-05 -0.000142857142857 4.28571428571e-05 4.28571428571e-05 -0.000142857142857 4.28571428571e-05 4.28571428571e-05 -0.000142857142857 4.28571428571e-05 4.28571428571e-05 -0.000142857142857 4.28571428571e-05 4.28571428571e-05 -0.000142857142857 4.28571428571e-05 4.28571428571e-05 -0.000142857142857 4.28571428571e-05 4.28571428571e-05 -0.000142857142857 4.28571428571e-05 4.28571428571e-05 -0.000142857142857 4.28571428571e-05 4.28571428571e-05 -0.000142857142857 4.28571428571e-05 4.28571428571e-05 -0.000142857142857 4.28571428571e-05 4.28571428571e-05 -0.000142857142857 4.28571428571e-05 4.28571428571e-05 -0.000142857142857 4.28571428571e-05 4.28571428571e-05 -0.000142857142857 4.28571428571e-05 4.28571428571e-05 -0.000142857142857 4.28571428571e-05 4.28571428571e-05 -0.000142857142857 4.28571428571e-05 4.28571428571e-05 -0.000142857142857 4.28571428571e-05 4.28571428571e-05 -0.000142857142857 4.28571428571e-05 4.28571428571e-05 -0.000142857142857 4.28571428571e-05 4.28571428571e-05 -0.000142857142857 4.28571428571e-05 4.28571428571e-05 -0.000142857142857 4.28571428571e-05 4.28571428571e-05 -0.000142857142857 4.28571428571e-05 4.28571428571e-05 -0.000142857142857 4.28571428571e-05 4.28571428571e-05 -0.000142857142857 4.28571428571e-05 4.28571428571e-05 -0.000142857142857 4.28571428571e-05 4.28571428571e-05 -0.000142857142857 4.28571428571e-05 4.28571428571e-05 -0.000142857142857 4.28571428571e-05 4.28571428571e-05 -0.000142857142857 4.28571428571e-05 4.28571428571e-05 -0.000142857142857 4.28571428571e-05 4.28571428571e-05 -0.000142857142857 4.28571428571e-05 4.28571428571e-05 -0.000142857142857 4.28571428571e-05 4.28571428571e-05 -0.000142857142857 4.28571428571e-05 4.28571428571e-05 -0.000142857142857 4.28571428571e-05 4.28571428571e-05 -0.000142857142857 4.28571428571e-05 4.28571428571e-05 -0.000142857142857 4.28571428571e-05 4.28571428571e-05 -0.000142857142857 4.28571428571e-05 4.28571428571e-05 -0.000142857142857 4.28571428571e-05 4.28571428571e-05 -0.000142857142857 4.28571428571e-05 4.28571428571e-05 -0.000142857142857 4.28571428571e-05 4.28571428571e-05 -0.000142857142857 4.28571428571e-05 4.28571428571e-05 -0.000142857142857 4.28571428571e-05 4.28571428571e-05 -0.000142857142857 4.28571428571e-05 4.28571428571e-05 -0.000142857142857 4.28571428571e-05 4.28571428571e-05 -0.000142857142857 4.28571428571e-05 4.28571428571e-05 -0.000142857142857 4.28571428571e-05 4.28571428571e-05 -0.000142857142857 4.28571428571e-05 4.28571428571e-05 -0.000142857142857 4.28571428571e-05 4.28571428571e-05 -0.000142857142857 4.28571428571e-05 4.28571428571e-05 -0.000142857142857 4.28571428571e-05 4.28571428571e-05 -0.000142857142857 4.28571428571e-05 4.28571428571e-05 -0.000142857142857 4.28571428571e-05 4.28571428571e-05 -0.000142857142857 4.28571428571e-05 4.28571428571e-05 -0.000142857142857 4.28571428571e-05 4.28571428571e-05 -0.000142857142857 4.28571428571e-05 4.28571428571e-05 -0.000142857142857 4.28571428571e-05 4.28571428571e-05 -0.000142857142857 4.28571428571e-05 4.28571428571e-05 -0.000142857142857 4.28571428571e-05 4.28571428571e-05 -0.000142857142857 4.28571428571e-05 4.28571428571e-05 -0.000142857142857 4.28571428571e-05 4.28571428571e-05 -0.000142857142857 4.28571428571e-05 4.28571428571e-05 -0.000142857142857 4.28571428571e-05 4.28571428571e-05 -0.000142857142857 4.28571428571e-05 4.28571428571e-05 -0.000142857142857 4.28571428571e-05 4.28571428571e-05 -0.000142857142857 4.28571428571e-05 4.28571428571e-05 -0.000142857142857 4.28571428571e-05 4.28571428571e-05 -0.000142857142857 4.28571428571e-05 4.28571428571e-05 -0.000142857142857 4.28571428571e-05 4.28571428571e-05 -0.000142857142857 4.28571428571e-05 4.28571428571e-05 -0.000142857142857 4.28571428571e-05 4.28571428571e-05 -0.000142857142857 4.28571428571e-05 4.28571428571e-05 -0.000142857142857 4.28571428571e-05 4.28571428571e-05 -0.000142857142857 4.28571428571e-05 4.28571428571e-05 -0.000142857142857 4.28571428571e-05 4.28571428571e-05 -0.000142857142857 4.28571428571e-05 4.28571428571e-05 -0.000142857142857 4.28571428571e-05 4.28571428571e-05 -0.000142857142857 4.28571428571e-05 4.28571428571e-05 -0.000142857142857 4.28571428571e-05 4.28571428571e-05 -0.000142857142857 4.28571428571e-05 4.28571428571e-05 -0.000142857142857 4.28571428571e-05 4.28571428571e-05 -0.000142857142857 4.28571428571e-05 4.28571428571e-05 -0.000142857142857 4.28571428571e-05 4.28571428571e-05 -0.000142857142857 4.28571428571e-05 4.28571428571e-05 -0.000142857142857 4.28571428571e-05 4.28571428571e-05 -0.000142857142857 4.28571428571e-05 4.28571428571e-05 -0.000142857142857 4.28571428571e-05 4.28571428571e-05 -0.000142857142857 4.28571428571e-05 4.28571428571e-05 -0.000142857142857 4.28571428571e-05 4.28571428571e-05 -0.000142857142857 4.28571428571e-05 4.28571428571e-05 -0.000142857142857 4.28571428571e-05 4.28571428571e-05 -0.000142857142857 4.28571428571e-05 4.28571428571e-05 -0.000142857142857 4.28571428571e-05 4.28571428571e-05 -0.000142857142857 4.28571428571e-05 4.28571428571e-05 -0.000142857142857 4.28571428571e-05 4.28571428571e-05 -0.000142857142857 4.28571428571e-05 4.28571428571e-05 -0.000142857142857 4.28571428571e-05 4.28571428571e-05 -0.000142857142857 4.28571428571e-05 4.28571428571e-05 -0.000142857142857 4.28571428571e-05 4.28571428571e-05 -0.000142857142857 4.28571428571e-05 4.28571428571e-05 -0.000142857142857 4.28571428571e-05 4.28571428571e-05 -0.000142857142857 4.28571428571e-05 4.28571428571e-05 -0.000142857142857 4.28571428571e-05 4.28571428571e-05 -0.000142857142857 4.28571428571e-05 4.28571428571e-05 -0.000142857142857 4.28571428571e-05 4.28571428571e-05 -0.000142857142857 4.28571428571e-05 4.28571428571e-05 -0.000142857142857 4.28571428571e-05 4.28571428571e-05 -0.000142857142857 4.28571428571e-05 4.28571428571e-05 -0.000142857142857 4.28571428571e-05 4.28571428571e-05 -0.000142857142857 4.28571428571e-05 4.28571428571e-05 -0.000142857142857 4.28571428571e-05 4.28571428571e-05 -0.000142857142857 4.28571428571e-05 4.28571428571e-05 -0.000142857142857 4.28571428571e-05 4.28571428571e-05 -0.000142857142857 4.28571428571e-05 4.28571428571e-05 -0.000142857142857 4.28571428571e-05 4.28571428571e-05 -0.000142857142857 4.28571428571e-05 4.28571428571e-05 -0.000142857142857 4.28571428571e-05 4.28571428571e-05 -0.000142857142857 4.28571428571e-05 4.28571428571e-05 -0.000142857142857 4.28571428571e-05 4.28571428571e-05 -0.000142857142857 4.28571428571e-05 4.28571428571e-05 -0.000142857142857 4.28571428571e-05 4.28571428571e-05 -0.000142857142857 4.28571428571e-05 4.28571428571e-05 -0.000142857142857 4.28571428571e-05 4.28571428571e-05 -0.000142857142857 4.28571428571e-05 4.28571428571e-05 -0.000142857142857 4.28571428571e-05 4.28571428571e-05 -0.000142857142857 4.28571428571e-05 4.28571428571e-05 -0.000142857142857 4.28571428571e-05 4.28571428571e-05 -0.000142857142857 4.28571428571e-05 4.28571428571e-05 -0.000142857142857 4.28571428571e-05 4.28571428571e-05 -0.000142857142857 4.28571428571e-05 4.28571428571e-05 -0.000142857142857 4.28571428571e-05 4.28571428571e-05 -0.000142857142857 4.28571428571e-05 4.28571428571e-05 -0.000142857142857 4.28571428571e-05 4.28571428571e-05 -0.000142857142857 4.28571428571e-05 4.28571428571e-05 -0.000142857142857 4.28571428571e-05 4.28571428571e-05 -0.000142857142857 4.28571428571e-05 4.28571428571e-05 -0.000142857142857 4.28571428571e-05 4.28571428571e-05 -0.000142857142857 4.28571428571e-05 4.28571428571e-05 -0.000142857142857 4.28571428571e-05 4.28571428571e-05 -0.000142857142857 4.28571428571e-05 4.28571428571e-05 -0.000142857142857 4.28571428571e-05 4.28571428571e-05 -0.000142857142857 4.28571428571e-05 4.28571428571e-05 -0.000142857142857 4.28571428571e-05 4.28571428571e-05 -0.000142857142857 4.28571428571e-05 4.28571428571e-05 -0.000142857142857 4.28571428571e-05 4.28571428571e-05 -0.000142857142857 4.28571428571e-05 4.28571428571e-05 -0.000142857142857 4.28571428571e-05 4.28571428571e-05 -0.000142857142857 4.28571428571e-05 4.28571428571e-05 -0.000142857142857 4.28571428571e-05 4.28571428571e-05 -0.000142857142857 4.28571428571e-05 4.28571428571e-05 -0.000142857142857 4.28571428571e-05 4.28571428571e-05 -0.000142857142857 4.28571428571e-05 4.28571428571e-05 -0.000142857142857 4.28571428571e-05 4.28571428571e-05 -0.000142857142857 4.28571428571e-05 4.28571428571e-05 -0.000142857142857 4.28571428571e-05 4.28571428571e-05 -0.000142857142857 4.28571428571e-05 4.28571428571e-05 -0.000142857142857 4.28571428571e-05 4.28571428571e-05 -0.000142857142857 4.28571428571e-05 4.28571428571e-05 -0.000142857142857 4.28571428571e-05 4.28571428571e-05 -0.000142857142857 4.28571428571e-05 4.28571428571e-05 -0.000142857142857 4.28571428571e-05 4.28571428571e-05 -0.000142857142857 4.28571428571e-05 4.28571428571e-05 -0.000142857142857 4.28571428571e-05 4.28571428571e-05 -0.000142857142857 4.28571428571e-05 4.28571428571e-05 -0.000142857142857 4.28571428571e-05 4.28571428571e-05 -0.000142857142857 4.28571428571e-05 4.28571428571e-05 -0.000142857142857 4.28571428571e-05 4.28571428571e-05 -0.000142857142857 4.28571428571e-05 4.28571428571e-05 -0.000142857142857 4.28571428571e-05 4.28571428571e-05 -0.000142857142857 4.28571428571e-05 4.28571428571e-05 -0.000142857142857 4.28571428571e-05 4.28571428571e-05 -0.000142857142857 4.28571428571e-05 4.28571428571e-05 -0.000142857142857 4.28571428571e-05 4.28571428571e-05 -0.000142857142857 4.28571428571e-05 4.28571428571e-05 -0.000142857142857 4.28571428571e-05 4.28571428571e-05 -0.000142857142857 4.28571428571e-05 4.28571428571e-05 -0.000142857142857 4.28571428571e-05 4.28571428571e-05 -0.000142857142857 4.28571428571e-05 4.28571428571e-05 -0.000142857142857 4.28571428571e-05 4.28571428571e-05 -0.000142857142857 4.28571428571e-05 4.28571428571e-05 -0.000142857142857 4.28571428571e-05 4.28571428571e-05 -0.000142857142857 4.28571428571e-05 4.28571428571e-05 -0.000142857142857 4.28571428571e-05 4.28571428571e-05 -0.000142857142857 4.28571428571e-05 4.28571428571e-05 -0.000142857142857 4.28571428571e-05 4.28571428571e-05 -0.000142857142857 4.28571428571e-05 4.28571428571e-05 -0.000142857142857 4.28571428571e-05 4.28571428571e-05 -0.000142857142857 4.28571428571e-05 4.28571428571e-05 -0.000142857142857 4.28571428571e-05 4.28571428571e-05 -0.000142857142857 4.28571428571e-05 4.28571428571e-05 -0.000142857142857 4.28571428571e-05 4.28571428571e-05 -0.000142857142857 4.28571428571e-05 4.28571428571e-05 -0.000142857142857 4.28571428571e-05 4.28571428571e-05 -0.000142857142857 4.28571428571e-05 4.28571428571e-05 -0.000142857142857 4.28571428571e-05 4.28571428571e-05 -0.000142857142857 4.28571428571e-05 4.28571428571e-05 -0.000142857142857 4.28571428571e-05 4.28571428571e-05 -0.000142857142857 4.28571428571e-05 4.28571428571e-05 -0.000142857142857 4.28571428571e-05 4.28571428571e-05 -0.000142857142857 4.28571428571e-05 4.28571428571e-05 -0.000142857142857 4.28571428571e-05 4.28571428571e-05 -0.000142857142857 4.28571428571e-05 4.28571428571e-05 -0.000142857142857 4.28571428571e-05 4.28571428571e-05 -0.000142857142857 4.28571428571e-05 4.28571428571e-05 -0.000142857142857 4.28571428571e-05 4.28571428571e-05 -0.000142857142857 4.28571428571e-05 4.28571428571e-05 -0.000142857142857 4.28571428571e-05 4.28571428571e-05 -0.000142857142857 4.28571428571e-05 4.28571428571e-05 -0.000142857142857 4.28571428571e-05 4.28571428571e-05 -0.000142857142857 4.28571428571e-05 4.28571428571e-05 -0.000142857142857 4.28571428571e-05 4.28571428571e-05 -0.000142857142857 4.28571428571e-05 4.28571428571e-05 -0.000142857142857 4.28571428571e-05 4.28571428571e-05 -0.000142857142857 4.28571428571e-05 4.28571428571e-05 -0.000142857142857 4.28571428571e-05 4.28571428571e-05 -0.000142857142857 4.28571428571e-05 4.28571428571e-05 -0.000142857142857 4.28571428571e-05 4.28571428571e-05 -0.000142857142857 4.28571428571e-05 4.28571428571e-05 -0.000142857142857 4.28571428571e-05 4.28571428571e-05 -0.000142857142857 4.28571428571e-05 4.28571428571e-05 -0.000142857142857 4.28571428571e-05 4.28571428571e-05 -0.000142857142857 4.28571428571e-05 4.28571428571e-05 -0.000142857142857 4.28571428571e-05 4.28571428571e-05 -0.000142857142857 4.28571428571e-05 4.28571428571e-05 -0.000142857142857 4.28571428571e-05 4.28571428571e-05 -0.000142857142857 4.28571428571e-05 4.28571428571e-05 -0.000142857142857 4.28571428571e-05 4.28571428571e-05 -0.000142857142857 4.28571428571e-05 4.28571428571e-05 -0.000142857142857 4.28571428571e-05 4.28571428571e-05 -0.000142857142857 4.28571428571e-05 4.28571428571e-05 -0.000142857142857 4.28571428571e-05 4.28571428571e-05 -0.000142857142857 4.28571428571e-05 4.28571428571e-05 -0.000142857142857 4.28571428571e-05 4.28571428571e-05 -0.000142857142857 4.28571428571e-05 4.28571428571e-05 -0.000142857142857 4.28571428571e-05 4.28571428571e-05 -0.000142857142857 4.28571428571e-05 4.28571428571e-05 -0.000142857142857 4.28571428571e-05 4.28571428571e-05 -0.000142857142857 4.28571428571e-05 4.28571428571e-05 -0.000142857142857 4.28571428571e-05 4.28571428571e-05 -0.000142857142857 4.28571428571e-05 4.28571428571e-05 -0.000142857142857 4.28571428571e-05 4.28571428571e-05 -0.000142857142857 4.28571428571e-05 4.28571428571e-05 -0.000142857142857 4.28571428571e-05 4.28571428571e-05 -0.000142857142857 4.28571428571e-05 4.28571428571e-05 -0.000142857142857 4.28571428571e-05 4.28571428571e-05 -0.000142857142857 4.28571428571e-05 4.28571428571e-05 -0.000142857142857 4.28571428571e-05 4.28571428571e-05 -0.000142857142857 4.28571428571e-05 4.28571428571e-05 -0.000142857142857 4.28571428571e-05 4.28571428571e-05 -0.000142857142857 4.28571428571e-05 4.28571428571e-05 -0.000142857142857 4.28571428571e-05 4.28571428571e-05 -0.000142857142857 4.28571428571e-05 4.28571428571e-05 -0.000142857142857 4.28571428571e-05 4.28571428571e-05 -0.000142857142857 4.28571428571e-05 4.28571428571e-05 -0.000142857142857 4.28571428571e-05 4.28571428571e-05 -0.000142857142857 4.28571428571e-05 4.28571428571e-05 -0.000142857142857 4.28571428571e-05 4.28571428571e-05 -0.000142857142857 4.28571428571e-05 4.28571428571e-05 -0.000142857142857 4.28571428571e-05 4.28571428571e-05 -0.000142857142857 4.28571428571e-05 4.28571428571e-05 -0.000142857142857 4.28571428571e-05 4.28571428571e-05 -0.000142857142857 4.28571428571e-05 4.28571428571e-05 -0.000142857142857 4.28571428571e-05 4.28571428571e-05 -0.000142857142857 4.28571428571e-05 4.28571428571e-05 -0.000142857142857 4.28571428571e-05 4.28571428571e-05 -0.000142857142857 4.28571428571e-05 4.28571428571e-05 -0.000142857142857 4.28571428571e-05 4.28571428571e-05 -0.000142857142857 4.28571428571e-05 4.28571428571e-05 -0.000142857142857 4.28571428571e-05 4.28571428571e-05 -0.000142857142857 4.28571428571e-05 4.28571428571e-05 -0.000142857142857 4.28571428571e-05 4.28571428571e-05 -0.000142857142857 4.28571428571e-05 4.28571428571e-05 -0.000142857142857 4.28571428571e-05 4.28571428571e-05 -0.000142857142857 4.28571428571e-05 4.28571428571e-05 -0.000142857142857 4.28571428571e-05 4.28571428571e-05 -0.000142857142857 4.28571428571e-05 4.28571428571e-05 -0.000142857142857 4.28571428571e-05 4.28571428571e-05 -0.000142857142857 4.28571428571e-05 4.28571428571e-05 -0.000142857142857 4.28571428571e-05 4.28571428571e-05 -0.000142857142857 4.28571428571e-05 4.28571428571e-05 -0.000142857142857 4.28571428571e-05 4.28571428571e-05 -0.000142857142857 4.28571428571e-05 4.28571428571e-05 -0.000142857142857 4.28571428571e-05 4.28571428571e-05 -0.000142857142857 4.28571428571e-05 4.28571428571e-05 -0.000142857142857 4.28571428571e-05 4.28571428571e-05 -0.000142857142857 4.28571428571e-05 4.28571428571e-05 -0.000142857142857 4.28571428571e-05 4.28571428571e-05 -0.000142857142857 4.28571428571e-05 4.28571428571e-05 -0.000142857142857 4.28571428571e-05 4.28571428571e-05 -0.000142857142857 4.28571428571e-05 4.28571428571e-05 -0.000142857142857 4.28571428571e-05 4.28571428571e-05 -0.000142857142857 4.28571428571e-05 4.28571428571e-05 -0.000142857142857 4.28571428571e-05 4.28571428571e-05 -0.000142857142857 4.28571428571e-05 4.28571428571e-05 -0.000142857142857 4.28571428571e-05 4.28571428571e-05 -0.000142857142857 4.28571428571e-05 4.28571428571e-05 -0.000142857142857 4.28571428571e-05 4.28571428571e-05 -0.000142857142857 4.28571428571e-05 4.28571428571e-05 -0.000142857142857 4.28571428571e-05 4.28571428571e-05 -0.000142857142857 4.28571428571e-05 4.28571428571e-05 -0.000142857142857 4.28571428571e-05 4.28571428571e-05 -0.000142857142857 4.28571428571e-05 4.28571428571e-05 -0.000142857142857 4.28571428571e-05 4.28571428571e-05 -0.000142857142857 4.28571428571e-05 4.28571428571e-05 -0.000142857142857 4.28571428571e-05 4.28571428571e-05 -0.000142857142857 4.28571428571e-05 4.28571428571e-05 -0.000142857142857 4.28571428571e-05 4.28571428571e-05 -0.000142857142857 4.28571428571e-05 4.28571428571e-05 -0.000142857142857 4.28571428571e-05 4.28571428571e-05 -0.000142857142857 4.28571428571e-05 4.28571428571e-05 -0.000142857142857 4.28571428571e-05 4.28571428571e-05 -0.000142857142857 4.28571428571e-05 4.28571428571e-05 -0.000142857142857 4.28571428571e-05 4.28571428571e-05 -0.000142857142857 4.28571428571e-05 4.28571428571e-05 -0.000142857142857 4.28571428571e-05 4.28571428571e-05 -0.000142857142857 4.28571428571e-05 4.28571428571e-05 -0.000142857142857 4.28571428571e-05 4.28571428571e-05 -0.000142857142857 4.28571428571e-05 4.28571428571e-05 -0.000142857142857 4.28571428571e-05 4.28571428571e-05 -0.000142857142857 4.28571428571e-05 4.28571428571e-05 -0.000142857142857 4.28571428571e-05 4.28571428571e-05 -0.000142857142857 4.28571428571e-05 4.28571428571e-05 -0.000142857142857 4.28571428571e-05 4.28571428571e-05 -0.000142857142857 4.28571428571e-05 4.28571428571e-05 -0.000142857142857 4.28571428571e-05 4.28571428571e-05 -0.000142857142857 4.28571428571e-05 4.28571428571e-05 -0.000142857142857 4.28571428571e-05 4.28571428571e-05 -0.000142857142857 4.28571428571e-05 4.28571428571e-05 -0.000142857142857 4.28571428571e-05 4.28571428571e-05 -0.000142857142857 4.28571428571e-05 4.28571428571e-05 -0.000142857142857 4.28571428571e-05 4.28571428571e-05 -0.000142857142857 4.28571428571e-05 4.28571428571e-05 -0.000142857142857 4.28571428571e-05 4.28571428571e-05 -0.000142857142857 4.28571428571e-05 4.28571428571e-05 -0.000142857142857 4.28571428571e-05 4.28571428571e-05 -0.000142857142857 4.28571428571e-05 4.28571428571e-05 -0.000142857142857 4.28571428571e-05 4.28571428571e-05 -0.000142857142857 4.28571428571e-05 4.28571428571e-05 -0.000142857142857 4.28571428571e-05 4.28571428571e-05 -0.000142857142857 4.28571428571e-05 4.28571428571e-05 -0.000142857142857 4.28571428571e-05 4.28571428571e-05 -0.000142857142857 4.28571428571e-05 4.28571428571e-05 -0.000142857142857 4.28571428571e-05 4.28571428571e-05 -0.000142857142857 4.28571428571e-05 4.28571428571e-05 -0.000142857142857 4.28571428571e-05 4.28571428571e-05 -0.000142857142857 4.28571428571e-05 4.28571428571e-05 -0.000142857142857 4.28571428571e-05 4.28571428571e-05 -0.000142857142857 4.28571428571e-05 4.28571428571e-05 -0.000142857142857 4.28571428571e-05 4.28571428571e-05 -0.000142857142857 4.28571428571e-05 4.28571428571e-05 -0.000142857142857 4.28571428571e-05 4.28571428571e-05 -0.000142857142857 4.28571428571e-05 4.28571428571e-05 -0.000142857142857 4.28571428571e-05 4.28571428571e-05 -0.000142857142857 4.28571428571e-05 4.28571428571e-05 -0.000142857142857 4.28571428571e-05 4.28571428571e-05 -0.000142857142857 4.28571428571e-05 4.28571428571e-05 -0.000142857142857 4.28571428571e-05 4.28571428571e-05 -0.000142857142857 4.28571428571e-05 4.28571428571e-05 -0.000142857142857 4.28571428571e-05 4.28571428571e-05 -0.000142857142857 4.28571428571e-05 4.28571428571e-05 -0.000142857142857 4.28571428571e-05 4.28571428571e-05 -0.000142857142857 4.28571428571e-05 4.28571428571e-05 -0.000142857142857 4.28571428571e-05 4.28571428571e-05 -0.000142857142857 4.28571428571e-05 4.28571428571e-05 -0.000142857142857 4.28571428571e-05 4.28571428571e-05 -0.000142857142857 4.28571428571e-05 4.28571428571e-05 -0.000142857142857 4.28571428571e-05 4.28571428571e-05 -0.000142857142857 4.28571428571e-05 4.28571428571e-05 -0.000142857142857 4.28571428571e-05 4.28571428571e-05 -0.000142857142857 4.28571428571e-05 4.28571428571e-05 -0.000142857142857 4.28571428571e-05 4.28571428571e-05 -0.000142857142857 4.28571428571e-05 4.28571428571e-05 -0.000142857142857 4.28571428571e-05 4.28571428571e-05 -0.000142857142857 4.28571428571e-05 4.28571428571e-05 -0.000142857142857 4.28571428571e-05 4.28571428571e-05 -0.000142857142857 4.28571428571e-05 4.28571428571e-05 -0.000142857142857 4.28571428571e-05 4.28571428571e-05 -0.000142857142857 4.28571428571e-05 4.28571428571e-05 -0.000142857142857 4.28571428571e-05 4.28571428571e-05 -0.000142857142857 4.28571428571e-05 4.28571428571e-05 -0.000142857142857 4.28571428571e-05 4.28571428571e-05 -0.000142857142857 4.28571428571e-05 4.28571428571e-05 -0.000142857142857 4.28571428571e-05 4.28571428571e-05 -0.000142857142857 4.28571428571e-05 4.28571428571e-05 -0.000142857142857 4.28571428571e-05 4.28571428571e-05 -0.000142857142857 4.28571428571e-05 4.28571428571e-05 -0.000142857142857 4.28571428571e-05 4.28571428571e-05 -0.000142857142857 4.28571428571e-05 4.28571428571e-05 -0.000142857142857 4.28571428571e-05 4.28571428571e-05 -0.000142857142857 4.28571428571e-05 4.28571428571e-05 -0.000142857142857 4.28571428571e-05 4.28571428571e-05 -0.000142857142857 4.28571428571e-05 4.28571428571e-05 -0.000142857142857 4.28571428571e-05 4.28571428571e-05 -0.000142857142857 4.28571428571e-05 4.28571428571e-05 -0.000142857142857 4.28571428571e-05 4.28571428571e-05 -0.000142857142857 4.28571428571e-05 4.28571428571e-05 -0.000142857142857 4.28571428571e-05 4.28571428571e-05 -0.000142857142857 4.28571428571e-05 4.28571428571e-05 -0.000142857142857 4.28571428571e-05 4.28571428571e-05 -0.000142857142857 4.28571428571e-05 4.28571428571e-05 -0.000142857142857 4.28571428571e-05 4.28571428571e-05 -0.000142857142857 4.28571428571e-05 4.28571428571e-05 -0.000142857142857 4.28571428571e-05 4.28571428571e-05 -0.000142857142857 4.28571428571e-05 4.28571428571e-05 -0.000142857142857 4.28571428571e-05 4.28571428571e-05 -0.000142857142857 4.28571428571e-05 4.28571428571e-05 -0.000142857142857 4.28571428571e-05 4.28571428571e-05 -0.000142857142857 4.28571428571e-05 4.28571428571e-05 -0.000142857142857 4.28571428571e-05 4.28571428571e-05 -0.000142857142857 4.28571428571e-05 4.28571428571e-05 -0.000142857142857 4.28571428571e-05 4.28571428571e-05 -0.000142857142857 4.28571428571e-05 4.28571428571e-05 -0.000142857142857 4.28571428571e-05 4.28571428571e-05 -0.000142857142857 4.28571428571e-05 4.28571428571e-05 -0.000142857142857 4.28571428571e-05 4.28571428571e-05 -0.000142857142857 4.28571428571e-05 4.28571428571e-05 -0.000142857142857 4.28571428571e-05 4.28571428571e-05 -0.000142857142857 4.28571428571e-05 4.28571428571e-05 -0.000142857142857 4.28571428571e-05 4.28571428571e-05 -0.000142857142857 4.28571428571e-05 4.28571428571e-05 -0.000142857142857 4.28571428571e-05 4.28571428571e-05 -0.000142857142857 4.28571428571e-05 4.28571428571e-05 -0.000142857142857 4.28571428571e-05 4.28571428571e-05 -0.000142857142857 4.28571428571e-05 4.28571428571e-05 -0.000142857142857 4.28571428571e-05 4.28571428571e-05 -0.000142857142857 4.28571428571e-05 4.28571428571e-05 -0.000142857142857 4.28571428571e-05 4.28571428571e-05 -0.000142857142857 4.28571428571e-05 4.28571428571e-05 -0.000142857142857 4.28571428571e-05 4.28571428571e-05 -0.000142857142857 4.28571428571e-05 4.28571428571e-05 -0.000142857142857 4.28571428571e-05 4.28571428571e-05 -0.000142857142857 4.28571428571e-05 4.28571428571e-05 -0.000142857142857 4.28571428571e-05 4.28571428571e-05 -0.000142857142857 4.28571428571e-05 4.28571428571e-05 -0.000142857142857 4.28571428571e-05 4.28571428571e-05 -0.000142857142857 4.28571428571e-05 4.28571428571e-05 -0.000142857142857 4.28571428571e-05 4.28571428571e-05 -0.000142857142857 4.28571428571e-05 4.28571428571e-05 -0.000142857142857 4.28571428571e-05 4.28571428571e-05 -0.000142857142857 4.28571428571e-05 4.28571428571e-05 -0.000142857142857 4.28571428571e-05 4.28571428571e-05 -0.000142857142857 4.28571428571e-05 4.28571428571e-05 -0.000142857142857 4.28571428571e-05 4.28571428571e-05 -0.000142857142857 4.28571428571e-05 4.28571428571e-05 -0.000142857142857 4.28571428571e-05 4.28571428571e-05 -0.000142857142857 4.28571428571e-05 4.28571428571e-05 -0.000142857142857 4.28571428571e-05 4.28571428571e-05 -0.000142857142857 4.28571428571e-05 4.28571428571e-05 -0.000142857142857 4.28571428571e-05 4.28571428571e-05 -0.000142857142857 4.28571428571e-05 4.28571428571e-05 -0.000142857142857 4.28571428571e-05 4.28571428571e-05 -0.000142857142857 4.28571428571e-05 4.28571428571e-05 -0.000142857142857 4.28571428571e-05 4.28571428571e-05 -0.000142857142857 4.28571428571e-05 4.28571428571e-05 -0.000142857142857 4.28571428571e-05 4.28571428571e-05 -0.000142857142857 4.28571428571e-05 4.28571428571e-05 -0.000142857142857 4.28571428571e-05 4.28571428571e-05 -0.000142857142857 4.28571428571e-05 4.28571428571e-05 -0.000142857142857 4.28571428571e-05 4.28571428571e-05 -0.000142857142857 4.28571428571e-05 4.28571428571e-05 -0.000142857142857 4.28571428571e-05 4.28571428571e-05 -0.000142857142857 4.28571428571e-05 4.28571428571e-05 -0.000142857142857 4.28571428571e-05 4.28571428571e-05 -0.000142857142857 4.28571428571e-05 4.28571428571e-05 -0.000142857142857 4.28571428571e-05 4.28571428571e-05 -0.000142857142857 4.28571428571e-05 4.28571428571e-05 -0.000142857142857 4.28571428571e-05 4.28571428571e-05 -0.000142857142857 4.28571428571e-05 4.28571428571e-05 -0.000142857142857 4.28571428571e-05 4.28571428571e-05 -0.000142857142857 4.28571428571e-05 4.28571428571e-05 -0.000142857142857 4.28571428571e-05 4.28571428571e-05 -0.000142857142857 4.28571428571e-05 4.28571428571e-05 -0.000142857142857 4.28571428571e-05 4.28571428571e-05 -0.000142857142857 4.28571428571e-05 4.28571428571e-05 -0.000142857142857 4.28571428571e-05 4.28571428571e-05 -0.000142857142857 4.28571428571e-05 4.28571428571e-05 -0.000142857142857 4.28571428571e-05 4.28571428571e-05 -0.000142857142857 4.28571428571e-05 4.28571428571e-05 -0.000142857142857 4.28571428571e-05 4.28571428571e-05 -0.000142857142857 4.28571428571e-05 4.28571428571e-05 -0.000142857142857 4.28571428571e-05 4.28571428571e-05 -0.000142857142857 4.28571428571e-05 4.28571428571e-05 -0.000142857142857 4.28571428571e-05 4.28571428571e-05 -0.000142857142857 4.28571428571e-05 4.28571428571e-05 -0.000142857142857 4.28571428571e-05 4.28571428571e-05 -0.000142857142857 4.28571428571e-05 4.28571428571e-05 -0.000142857142857 4.28571428571e-05 4.28571428571e-05 -0.000142857142857 4.28571428571e-05 4.28571428571e-05 -0.000142857142857 4.28571428571e-05 4.28571428571e-05 -0.000142857142857 4.28571428571e-05 4.28571428571e-05 -0.000142857142857 4.28571428571e-05 4.28571428571e-05 -0.000142857142857 4.28571428571e-05 4.28571428571e-05 -0.000142857142857 4.28571428571e-05 4.28571428571e-05 -0.000142857142857 4.28571428571e-05 4.28571428571e-05 -0.000142857142857 4.28571428571e-05 4.28571428571e-05 -0.000142857142857 4.28571428571e-05 4.28571428571e-05 -0.000142857142857 4.28571428571e-05 4.28571428571e-05 -0.000142857142857 4.28571428571e-05 4.28571428571e-05 -0.000142857142857 4.28571428571e-05 4.28571428571e-05 -0.000142857142857 4.28571428571e-05 4.28571428571e-05 -0.000142857142857 4.28571428571e-05 4.28571428571e-05 -0.000142857142857 4.28571428571e-05 4.28571428571e-05 -0.000142857142857 4.28571428571e-05 4.28571428571e-05 -0.000142857142857 4.28571428571e-05 4.28571428571e-05 -0.000142857142857 4.28571428571e-05 4.28571428571e-05 -0.000142857142857 4.28571428571e-05 4.28571428571e-05 -0.000142857142857 4.28571428571e-05 4.28571428571e-05 -0.000142857142857 4.28571428571e-05 4.28571428571e-05 -0.000142857142857 4.28571428571e-05 4.28571428571e-05 -0.000142857142857 4.28571428571e-05 4.28571428571e-05 -0.000142857142857 4.28571428571e-05 4.28571428571e-05 -0.000142857142857 4.28571428571e-05 4.28571428571e-05 -0.000142857142857 4.28571428571e-05 4.28571428571e-05 -0.000142857142857 4.28571428571e-05 4.28571428571e-05 -0.000142857142857 4.28571428571e-05 4.28571428571e-05 -0.000142857142857 4.28571428571e-05 4.28571428571e-05 -0.000142857142857 4.28571428571e-05 4.28571428571e-05 -0.000142857142857 4.28571428571e-05 4.28571428571e-05 -0.000142857142857 4.28571428571e-05 4.28571428571e-05 -0.000142857142857 4.28571428571e-05 4.28571428571e-05 -0.000142857142857 4.28571428571e-05 4.28571428571e-05 -0.000142857142857 4.28571428571e-05 4.28571428571e-05 -0.000142857142857 4.28571428571e-05 4.28571428571e-05 -0.000142857142857 4.28571428571e-05 4.28571428571e-05 -0.000142857142857 4.28571428571e-05 4.28571428571e-05 -0.000142857142857 4.28571428571e-05 4.28571428571e-05 -0.000142857142857 4.28571428571e-05 4.28571428571e-05 -0.000142857142857 4.28571428571e-05 4.28571428571e-05 -0.000142857142857 4.28571428571e-05 4.28571428571e-05 -0.000142857142857 4.28571428571e-05 4.28571428571e-05 -0.000142857142857 4.28571428571e-05 4.28571428571e-05 -0.000142857142857 4.28571428571e-05 4.28571428571e-05 -0.000142857142857 4.28571428571e-05 4.28571428571e-05 -0.000142857142857 4.28571428571e-05 4.28571428571e-05 -0.000142857142857 4.28571428571e-05 4.28571428571e-05 -0.000142857142857 4.28571428571e-05 4.28571428571e-05 -0.000142857142857 4.28571428571e-05 4.28571428571e-05 -0.000142857142857 4.28571428571e-05 4.28571428571e-05 -0.000142857142857 4.28571428571e-05 4.28571428571e-05 -0.000142857142857 4.28571428571e-05 4.28571428571e-05 -0.000142857142857 4.28571428571e-05 4.28571428571e-05 -0.000142857142857 4.28571428571e-05 4.28571428571e-05 -0.000142857142857 4.28571428571e-05 4.28571428571e-05 -0.000142857142857 4.28571428571e-05 4.28571428571e-05 -0.000142857142857 4.28571428571e-05 4.28571428571e-05 -0.000142857142857 4.28571428571e-05 4.28571428571e-05 -0.000142857142857 4.28571428571e-05 4.28571428571e-05 -0.000142857142857 4.28571428571e-05 4.28571428571e-05 -0.000142857142857 4.28571428571e-05 4.28571428571e-05 -0.000142857142857 4.28571428571e-05 4.28571428571e-05 -0.000142857142857 4.28571428571e-05 4.28571428571e-05 -0.000142857142857 4.28571428571e-05 4.28571428571e-05 -0.000142857142857 4.28571428571e-05 4.28571428571e-05 -0.000142857142857 4.28571428571e-05 4.28571428571e-05 -0.000142857142857 4.28571428571e-05 4.28571428571e-05 -0.000142857142857 4.28571428571e-05 4.28571428571e-05 -0.000142857142857 4.28571428571e-05 4.28571428571e-05 -0.000142857142857 4.28571428571e-05 4.28571428571e-05 -0.000142857142857 4.28571428571e-05 4.28571428571e-05 -0.000142857142857 4.28571428571e-05 4.28571428571e-05 -0.000142857142857 4.28571428571e-05 4.28571428571e-05 -0.000142857142857 4.28571428571e-05 4.28571428571e-05 -0.000142857142857 4.28571428571e-05 4.28571428571e-05 -0.000142857142857 4.28571428571e-05 4.28571428571e-05 -0.000142857142857 4.28571428571e-05 4.28571428571e-05 -0.000142857142857 4.28571428571e-05 4.28571428571e-05 -0.000142857142857 4.28571428571e-05 4.28571428571e-05 -0.000142857142857 4.28571428571e-05 4.28571428571e-05 -0.000142857142857 4.28571428571e-05 4.28571428571e-05 -0.000142857142857 4.28571428571e-05 4.28571428572e-05 -0.000142857142857 4.28571428571e-05 4.28571428571e-05 -0.000142857142857 4.28571428571e-05 4.28571428571e-05 -0.000142857142857 4.28571428571e-05 4.28571428571e-05 -0.000142857142857 4.28571428571e-05 4.28571428571e-05 -0.000142857142857 4.28571428571e-05 4.28571428571e-05 -0.000142857142857 4.28571428571e-05 4.28571428571e-05 -0.000142857142857 4.28571428571e-05 4.28571428571e-05 -0.000142857142857 4.28571428571e-05 4.28571428571e-05 -0.000142857142857 4.28571428571e-05 4.28571428571e-05 -0.000142857142857 4.28571428571e-05 4.28571428571e-05 -0.000142857142857 4.28571428571e-05 4.28571428571e-05 -0.000142857142857 4.28571428571e-05 4.28571428571e-05 -0.000142857142857 4.28571428571e-05 4.28571428571e-05 -0.000142857142857 4.28571428571e-05 4.28571428571e-05 -0.000142857142857 4.28571428571e-05 4.28571428571e-05 -0.000142857142857 4.28571428571e-05 4.28571428571e-05 -0.000142857142857 4.28571428571e-05 4.28571428571e-05 -0.000142857142857 4.28571428571e-05 4.28571428571e-05 -0.000142857142857 4.28571428571e-05 4.28571428571e-05 -0.000142857142857 4.28571428571e-05 4.28571428571e-05 -0.000142857142857 4.28571428571e-05 4.28571428571e-05 -0.000142857142857 4.28571428571e-05 4.28571428571e-05 -0.000142857142857 4.28571428571e-05 4.28571428571e-05 -0.000142857142857 4.28571428571e-05 4.28571428571e-05 -0.000142857142857 4.28571428571e-05 4.28571428571e-05 -0.000142857142857 4.28571428571e-05 4.28571428571e-05 -0.000142857142857 4.28571428571e-05 4.28571428571e-05 -0.000142857142857 4.28571428571e-05 4.28571428571e-05 -0.000142857142857 4.28571428571e-05 4.28571428571e-05 -0.000142857142857 4.28571428571e-05 4.28571428571e-05 -0.000142857142857 4.28571428571e-05 4.28571428571e-05 -0.000142857142857 4.28571428571e-05 4.28571428571e-05 -0.000142857142857 4.28571428571e-05 4.28571428571e-05 -0.000142857142857 4.28571428571e-05 4.28571428571e-05 -0.000142857142857 4.28571428571e-05 4.28571428571e-05 -0.000142857142857 4.28571428571e-05 4.28571428571e-05 -0.000142857142857 4.28571428571e-05 4.28571428571e-05 -0.000142857142857 4.28571428571e-05 4.28571428571e-05 -0.000142857142857 4.28571428571e-05 4.28571428571e-05 -0.000142857142857 4.28571428571e-05 4.28571428571e-05 -0.000142857142857 4.28571428571e-05 4.28571428571e-05 -0.000142857142857 4.28571428571e-05 4.28571428571e-05 -0.000142857142857 4.28571428571e-05 4.28571428571e-05 -0.000142857142857 4.28571428571e-05 4.28571428571e-05 -0.000142857142857 4.28571428571e-05 4.28571428571e-05 -0.000142857142857 4.28571428571e-05 4.28571428571e-05 -0.000142857142857 4.28571428571e-05 4.28571428571e-05 -0.000142857142857 4.28571428571e-05 4.28571428571e-05 -0.000142857142857 4.28571428571e-05 4.28571428571e-05 -0.000142857142857 4.28571428571e-05 4.28571428571e-05 -0.000142857142857 4.28571428571e-05 4.28571428571e-05 -0.000142857142857 4.28571428571e-05 4.28571428571e-05 -0.000142857142857 4.28571428571e-05 4.28571428571e-05 -0.000142857142857 4.28571428571e-05 4.28571428571e-05 -0.000142857142857 4.28571428571e-05 4.28571428571e-05 -0.000142857142857 4.28571428571e-05 4.28571428571e-05 -0.000142857142857 4.28571428571e-05 4.28571428571e-05 -0.000142857142857 4.28571428571e-05 4.28571428571e-05 -0.000142857142857 4.28571428571e-05 4.28571428571e-05 -0.000142857142857 4.28571428571e-05 4.28571428571e-05 -0.000142857142857 4.28571428571e-05 4.28571428571e-05 -0.000142857142857 4.28571428571e-05 4.28571428571e-05 -0.000142857142857 4.28571428571e-05 4.28571428571e-05 -0.000142857142857 4.28571428571e-05 4.28571428571e-05 -0.000142857142857 4.28571428571e-05 4.28571428571e-05 -0.000142857142857 4.28571428571e-05 4.28571428571e-05 -0.000142857142857 4.28571428571e-05 4.28571428571e-05 -0.000142857142857 4.28571428571e-05 4.28571428571e-05 -0.000142857142857 4.28571428571e-05 4.28571428571e-05 -0.000142857142857 4.28571428571e-05 4.28571428571e-05 -0.000142857142857 4.28571428571e-05 4.28571428571e-05 -0.000142857142857 4.28571428571e-05 4.28571428571e-05 -0.000142857142857 4.28571428571e-05 4.28571428571e-05 -0.000142857142857 4.28571428571e-05 4.28571428571e-05 -0.000142857142857 4.28571428571e-05 4.28571428571e-05 -0.000142857142857 4.28571428571e-05 4.28571428571e-05 -0.000142857142857 4.28571428571e-05 4.28571428571e-05 -0.000142857142857 4.28571428571e-05 4.28571428571e-05 -0.000142857142857 4.28571428571e-05 4.28571428571e-05 -0.000142857142857 4.28571428571e-05 4.28571428571e-05 -0.000142857142857 4.28571428571e-05 4.28571428571e-05 -0.000142857142857 4.28571428571e-05 4.28571428571e-05 -0.000142857142857 4.28571428571e-05 4.28571428571e-05 -0.000142857142857 4.28571428571e-05 4.28571428571e-05 -0.000142857142857 4.28571428571e-05 4.28571428571e-05 -0.000142857142857 4.28571428571e-05 4.28571428571e-05 -0.000142857142857 4.28571428571e-05 4.28571428571e-05 -0.000142857142857 4.28571428571e-05 4.28571428571e-05 -0.000142857142857 4.28571428571e-05 4.28571428571e-05 -0.000142857142857 4.28571428571e-05 4.28571428571e-05 -0.000142857142857 4.28571428571e-05 4.28571428571e-05 -0.000142857142857 4.28571428571e-05 4.28571428571e-05 -0.000142857142857 4.28571428571e-05 4.28571428571e-05 -0.000142857142857 4.28571428571e-05 4.28571428571e-05 -0.000142857142857 4.28571428571e-05 4.28571428571e-05 -0.000142857142857 4.28571428571e-05 4.28571428571e-05 -0.000142857142857 4.28571428571e-05 4.28571428571e-05 -0.000142857142857 4.28571428571e-05 4.28571428571e-05 -0.000142857142857 4.28571428571e-05 4.28571428571e-05 -0.000142857142857 4.28571428571e-05 4.28571428571e-05 -0.000142857142857 4.28571428571e-05 4.28571428571e-05 -0.000142857142857 4.28571428571e-05 4.28571428571e-05 -0.000142857142857 4.28571428571e-05 4.28571428571e-05 -0.000142857142857 4.28571428571e-05 4.28571428571e-05 -0.000142857142857 4.28571428571e-05 4.28571428571e-05 -0.000142857142857 4.28571428571e-05 4.28571428571e-05 -0.000142857142857 4.28571428571e-05 4.28571428571e-05 -0.000142857142857 4.28571428571e-05 4.28571428571e-05 -0.000142857142857 4.28571428571e-05 4.28571428571e-05 -0.000142857142857 4.28571428571e-05 4.28571428571e-05 -0.000142857142857 4.28571428571e-05 4.28571428571e-05 -0.000142857142857 4.28571428571e-05 4.28571428571e-05 -0.000142857142857 4.28571428571e-05 4.28571428571e-05 -0.000142857142857 4.28571428571e-05 4.28571428571e-05 -0.000142857142857 4.28571428571e-05 4.28571428571e-05 -0.000142857142857 4.28571428571e-05 4.28571428571e-05 -0.000142857142857 4.28571428571e-05 4.28571428571e-05 -0.000142857142857 4.28571428571e-05 4.28571428571e-05 -0.000142857142857 4.28571428571e-05 4.28571428571e-05 -0.000142857142857 4.28571428571e-05 4.28571428571e-05 -0.000142857142857 4.28571428571e-05 4.28571428571e-05 -0.000142857142857 4.28571428571e-05 4.28571428571e-05 -0.000142857142857 4.28571428571e-05 4.28571428571e-05 -0.000142857142857 4.28571428571e-05 4.28571428571e-05 -0.000142857142857 4.28571428571e-05 4.28571428571e-05 -0.000142857142857 4.28571428571e-05 4.28571428571e-05 -0.000142857142857 4.28571428571e-05 4.28571428571e-05 -0.000142857142857 4.28571428571e-05 4.28571428571e-05 -0.000142857142857 4.28571428571e-05 4.28571428571e-05 -0.000142857142857 4.28571428571e-05 4.28571428571e-05 -0.000142857142857 4.28571428571e-05 4.28571428571e-05 -0.000142857142857 4.28571428571e-05 4.28571428571e-05 -0.000142857142857 4.28571428571e-05 4.28571428571e-05 -0.000142857142857 4.28571428571e-05 4.28571428571e-05 -0.000142857142857 4.28571428571e-05 4.28571428571e-05 -0.000142857142857 4.28571428571e-05 4.28571428571e-05 -0.000142857142857 4.28571428571e-05 4.28571428571e-05 -0.000142857142857 4.28571428571e-05 4.28571428571e-05 -0.000142857142857 4.28571428571e-05 4.28571428571e-05 -0.000142857142857 4.28571428571e-05 4.28571428571e-05 -0.000142857142857 4.28571428571e-05 4.28571428571e-05 -0.000142857142857 4.28571428571e-05 4.28571428571e-05 -0.000142857142857 4.28571428571e-05 4.28571428571e-05 -0.000142857142857 4.28571428571e-05 4.28571428571e-05 -0.000142857142857 4.28571428571e-05 4.28571428571e-05 -0.000142857142857 4.28571428571e-05 4.28571428571e-05 -0.000142857142857 4.28571428571e-05 4.28571428571e-05 -0.000142857142857 4.28571428571e-05 4.28571428571e-05 -0.000142857142857 4.28571428571e-05 4.28571428571e-05 -0.000142857142857 4.28571428571e-05 4.28571428571e-05 -0.000142857142857 4.28571428571e-05 4.28571428571e-05 -0.000142857142857 4.28571428571e-05 4.28571428571e-05 -0.000142857142857 4.28571428571e-05 4.28571428571e-05 -0.000142857142857 4.28571428571e-05 4.28571428571e-05 -0.000142857142857 4.28571428571e-05 4.28571428571e-05 -0.000142857142857 4.28571428571e-05 4.28571428571e-05 -0.000142857142857 4.28571428571e-05 4.28571428571e-05 -0.000142857142857 4.28571428571e-05 4.28571428571e-05 -0.000142857142857 4.28571428571e-05 4.28571428571e-05 -0.000142857142857 4.28571428571e-05 4.28571428571e-05 -0.000142857142857 4.28571428571e-05 4.28571428571e-05 -0.000142857142857 4.28571428571e-05 4.28571428571e-05 -0.000142857142857 4.28571428571e-05 4.28571428571e-05 -0.000142857142857 4.28571428571e-05 4.28571428571e-05 -0.000142857142857 4.28571428571e-05 4.28571428571e-05 -0.000142857142857 4.28571428571e-05 4.28571428571e-05 -0.000142857142857 4.28571428571e-05 4.28571428571e-05 -0.000142857142857 4.28571428571e-05 4.28571428571e-05 -0.000142857142857 4.28571428571e-05 4.28571428571e-05 -0.000142857142857 4.28571428571e-05 4.28571428571e-05 -0.000142857142857 4.28571428571e-05 4.28571428571e-05 -0.000142857142857 4.28571428571e-05 4.28571428571e-05 -0.000142857142857 4.28571428571e-05 4.28571428571e-05 -0.000142857142857 4.28571428571e-05 4.28571428571e-05 -0.000142857142857 4.28571428571e-05 4.28571428571e-05 -0.000142857142857 4.28571428571e-05 4.28571428571e-05 -0.000142857142857 4.28571428571e-05 4.28571428571e-05 -0.000142857142857 4.28571428571e-05 4.28571428571e-05 -0.000142857142857 4.28571428571e-05 4.28571428571e-05 -0.000142857142857 4.28571428571e-05 4.28571428571e-05 -0.000142857142857 4.28571428571e-05 4.28571428571e-05 -0.000142857142857 4.28571428571e-05 4.28571428571e-05 -0.000142857142857 4.28571428571e-05 4.28571428571e-05 -0.000142857142857 4.28571428571e-05 4.28571428571e-05 -0.000142857142857 4.28571428571e-05 4.28571428571e-05 -0.000142857142857 4.28571428571e-05 4.28571428571e-05 -0.000142857142857 4.28571428571e-05 4.28571428571e-05 -0.000142857142857 4.28571428571e-05 4.28571428571e-05 -0.000142857142857 4.28571428571e-05 4.28571428571e-05 -0.000142857142857 4.28571428571e-05 4.28571428571e-05 -0.000142857142857 4.28571428571e-05 4.28571428571e-05 -0.000142857142857 4.28571428571e-05 4.28571428571e-05 -0.000142857142857 4.28571428571e-05 4.28571428571e-05 -0.000142857142857 4.28571428571e-05 4.28571428571e-05 -0.000142857142857 4.28571428571e-05 4.28571428571e-05 -0.000142857142857 4.28571428571e-05 4.28571428571e-05 -0.000142857142857 4.28571428571e-05 4.28571428571e-05 -0.000142857142857 4.28571428571e-05 4.28571428571e-05 -0.000142857142857 4.28571428571e-05 4.28571428571e-05 -0.000142857142857 4.28571428571e-05 4.28571428571e-05 -0.000142857142857 4.28571428571e-05 4.28571428571e-05 -0.000142857142857 4.28571428571e-05 4.28571428571e-05 -0.000142857142857 4.28571428571e-05 4.28571428571e-05 -0.000142857142857 4.28571428571e-05 4.28571428571e-05 -0.000142857142857 4.28571428571e-05 4.28571428571e-05 -0.000142857142857 4.28571428571e-05 4.28571428571e-05 -0.000142857142857 4.28571428571e-05 4.28571428571e-05 -0.000142857142857 4.28571428571e-05 4.28571428571e-05 -0.000142857142857 4.28571428571e-05 4.28571428571e-05 -0.000142857142857 4.28571428571e-05 4.28571428571e-05 -0.000142857142857 4.28571428571e-05 4.28571428571e-05 -0.000142857142857 4.28571428571e-05 4.28571428571e-05 -0.000142857142857 4.28571428571e-05 4.28571428571e-05 -0.000142857142857 4.28571428571e-05 4.28571428571e-05 -0.000142857142857 4.28571428571e-05 4.28571428571e-05 -0.000142857142857 4.28571428571e-05 4.28571428571e-05 -0.000142857142857 4.28571428571e-05 4.28571428571e-05 -0.000142857142857 4.28571428571e-05 4.28571428571e-05 -0.000142857142857 4.28571428571e-05 4.28571428571e-05 -0.000142857142857 4.28571428571e-05 4.28571428571e-05 -0.000142857142857 4.28571428571e-05 4.28571428571e-05 -0.000142857142857 4.28571428571e-05 4.28571428571e-05 -0.000142857142857 4.28571428571e-05 4.28571428571e-05 -0.000142857142857 4.28571428571e-05 4.28571428571e-05 -0.000142857142857 4.28571428571e-05 4.28571428571e-05 -0.000142857142857 4.28571428571e-05 4.28571428571e-05 -0.000142857142857 4.28571428571e-05 4.28571428571e-05 -0.000142857142857 4.28571428571e-05 4.28571428571e-05 -0.000142857142857 4.28571428571e-05 4.28571428571e-05 -0.000142857142857 4.28571428571e-05 4.28571428571e-05 -0.000142857142857 4.28571428571e-05 4.28571428571e-05 -0.000142857142857 4.28571428571e-05 4.28571428571e-05 -0.000142857142857 4.28571428571e-05 4.28571428571e-05 -0.000142857142857 4.28571428571e-05 4.28571428571e-05 -0.000142857142857 4.28571428571e-05 4.28571428571e-05 -0.000142857142857 4.28571428571e-05 4.28571428571e-05 -0.000142857142857 4.28571428571e-05 4.28571428571e-05 -0.000142857142857 4.28571428571e-05 4.28571428571e-05 -0.000142857142857 4.28571428571e-05 4.28571428571e-05 -0.000142857142857 4.28571428571e-05 4.28571428571e-05 -0.000142857142857 4.28571428571e-05 4.28571428571e-05 -0.000142857142857 4.28571428571e-05 4.28571428571e-05 -0.000142857142857 4.28571428571e-05 4.28571428571e-05 -0.000142857142857 4.28571428571e-05 4.28571428571e-05 -0.000142857142857 4.28571428571e-05 4.28571428571e-05 -0.000142857142857 4.28571428571e-05 4.28571428571e-05 -0.000142857142857 4.28571428571e-05 4.28571428571e-05 -0.000142857142857 4.28571428571e-05 4.28571428571e-05 -0.000142857142857 4.28571428571e-05 4.28571428572e-05 -0.000142857142857 4.28571428571e-05 4.28571428571e-05 -0.000142857142857 4.28571428571e-05 4.28571428571e-05 -0.000142857142857 4.28571428571e-05 4.28571428571e-05 -0.000142857142857 4.28571428571e-05 4.28571428571e-05 -0.000142857142857 4.28571428571e-05 4.28571428571e-05 -0.000142857142857 4.28571428571e-05 4.28571428571e-05 -0.000142857142857 4.28571428571e-05 4.28571428571e-05 -0.000142857142857 4.28571428571e-05 4.28571428571e-05 -0.000142857142857 4.28571428571e-05 4.28571428571e-05 -0.000142857142857 4.28571428571e-05 4.28571428571e-05 -0.000142857142857 4.28571428571e-05 4.28571428571e-05 -0.000142857142857 4.28571428571e-05 4.28571428571e-05 -0.000142857142857 4.28571428571e-05 4.28571428571e-05 -0.000142857142857 4.28571428571e-05 4.28571428571e-05 -0.000142857142857 4.28571428571e-05 4.28571428571e-05 -0.000142857142857 4.28571428571e-05 4.28571428571e-05 -0.000142857142857 4.28571428571e-05 4.28571428571e-05 -0.000142857142857 4.28571428571e-05 4.28571428571e-05 -0.000142857142857 4.28571428571e-05 4.28571428571e-05 -0.000142857142857 4.28571428571e-05 4.28571428571e-05 -0.000142857142857 4.28571428571e-05 4.28571428571e-05 -0.000142857142857 4.28571428571e-05 4.28571428571e-05 -0.000142857142857 4.28571428571e-05 4.28571428571e-05 -0.000142857142857 4.28571428571e-05 4.28571428571e-05 -0.000142857142857 4.28571428571e-05 4.28571428571e-05 -0.000142857142857 4.28571428571e-05 4.28571428571e-05 -0.000142857142857 4.28571428571e-05 4.28571428571e-05 -0.000142857142857 4.28571428571e-05 4.28571428571e-05 -0.000142857142857 4.28571428571e-05 4.28571428571e-05 -0.000142857142857 4.28571428571e-05 4.28571428571e-05 -0.000142857142857 4.28571428571e-05 4.28571428571e-05 -0.000142857142857 4.28571428571e-05 4.28571428571e-05 -0.000142857142857 4.28571428571e-05 4.28571428571e-05 -0.000142857142857 4.28571428571e-05 4.28571428571e-05 -0.000142857142857 4.28571428571e-05 4.28571428571e-05 -0.000142857142857 4.28571428571e-05 4.28571428571e-05 -0.000142857142857 4.28571428571e-05 4.28571428571e-05 -0.000142857142857 4.28571428571e-05 4.28571428571e-05 -0.000142857142857 4.28571428571e-05 4.28571428571e-05 -0.000142857142857 4.28571428571e-05 4.28571428571e-05</DataArray>
        <DataArray type="Float64" Name="ShellTopVonMises" format="ascii">0 0 0 0 0 0 0 0 0 0 0 0 0 0 0 0 0 0 0 0 0 0 0 0 0 0 0 0 0 0 0 0 0 0 0 0 0 0 0 0 0 0 0 0 0 0 0 0 0 0 0 0 0 0 0 0 0 0 0 0 0 0 0 0 0 0 0 0 0 0 0 0 0 0 0 0 0 0 0 0 0 0 0 0 0 0 0 0 0 0 0 0 0 0 0 0 0 0 0 0 0 0 0 0 0 0 0 0 0 0 0 0 0 0 0 0 0 0 0 0 0 0 0 0 0 0 0 0 0 0 0 0 0 0 0 0 0 0 0 0 0 0 0 0 0 0 0 0 0 0 0 0 0 0 0 0 0 0 0 0 0 0 0 0 0 0 0 0 0 0 0 0 0 0 0 0 0 0 0 0 0 0 0 0 0 0 0 0 0 0 0 0 0 0 0 0 0 0 0 0 0 0 0 0 0 0 0 0 0 0 0 0 0 0 0 0 0 0 0 0 0 0 0 0 0 0 0 0 0 0 0 0 0 0 0 0 0 0 0 0 0 0 0 0 0 0 0 0 0 0 0 0 0 0 0 0 0 0 0 0 0 0 0 0 0 0 0 0 0 0 0 0 0 0 0 0 0 0 0 0 0 0 0 0 0 0 0 0 0 0 0 0 0 0 0 0 0 0 0 0 0 0 0 0 0 0 0 0 0 0 0 0 0 0 0 0 0 0 0 0 0 0 0 0 0 0 0 0 0 0 0 0 0 0 0 0 0 0 0 0 0 0 0 0 0 0 0 0 0 0 0 0 0 0 0 0 0 0 0 0 0 0 0 0 0 0 0 0 0 0 0 0 0 0 0 0 0 0 0 0 0 0 0 0 0 0 0 0 0 0 0 0 0 0 0 0 0 0 0 0 0 0 0 0 0 0 0 0 0 0 0 0 0 0 0 0 0 0 0 0 0 0 0 0 0 0 0 0 0 0 0 0 0 0 0 0 0 0 0 0 0 0 0 0 0 0 0 0 0 0 0 0 0 0 0 0 0 0 0 0 0 0 0 0 0 0 0 0 0 0 0 0 0 0 0 0 0 0 0 0 0 0 0 0 0 0 0 0 0 0 0 0 0 0 0 0 0 0 0 0 0 0 0 0 0 0 0 0 0 0 0 0 0 0 0 0 0 0 0 0 0 0 0 0 0 0 0 0 0 0 0 0 0 0 0 0 0 0 0 0 0 0 0 0 0 0 0 0 0 0 0 0 0 0 0 0 0 0 0 0 0 0 0 0 0 0 0 0 0 0 0 0 0 0 0 0 0 0 0 0 0 0 0 0 0 0 0 0 0 0 0 0 0 0 0 0 0 0 0 0 0 0 0 0 0 0 0 0 0 0 0 0 0 0 0 0 0 0 0 0 0 0 0 0 0 0 0 0 0 0 0 0 0 0 0 0 0 0 0 0 0 0 0 0 0 0 0 0 0 0 0 0 0 0 0 0 0 0 0 0 0 0 0 0 0 0 0 0 0 0 0 0 0 0 0 0 0 0 0 0 0 0 0 0 0 0 0 0 0 0 0 0 0 0 0 0 0 0 0 0 0 0 0 0 0 0 0 0 0 0 0 0 0 0 0 0 0 0 0 0 0 0 0 0 0 0 0 0 0 0 0 0 0 0 0 0 0 0 0 0 0 0 0 0 0 0 0 0 0 0 0 0 0 0 0 0 0 0 0 0 0 0 0 0 0 0 0 0 0 0 0 0 0 0 0 0 0 0 0 0 0 0 0 0 0 0 0 0 0 0 0 0 0 0 0 0 0 0 0 0 0 0 0 0 0 0 0 0 0 0 0 0 0 0 0 0 0 0 0 0 0 0 0 0 0 0 0 0 0 0 0 0 0 0 0 0 0 0 0 0 0 0 0 0 0 0 0 0 0 0 0 0 0 0 0 0 0 0 0 0 0 0 0 0 0 0 0 0 0 0 0 0 0 0 0 0 0 0 0 0 0 0 0 0 0 0 0 0 0 0 0 0 0 0 0 0 0 0 0 0 0 0 0 0 0 0 0 0 0 0 0 0 0 0 0 0 0 0 0 0 0 0 0 0 0 0 0 0 0 0 0 0 0 0 0 0 0 0 0 0 0 0 0 0 0 0 0 0 0 0 0 0 0 0 0 0 0 0 0 0 0 0 0 0 0 0 0 0 0 0 0 0 0 0 0 0 0 0 0 0 0 0 0 0 0 0 0 0 0 0 0 0 0 0 0 0 0 0 0 0 0 0 0 0 0 0 0 0 0 0 0 0 0 0 0 0 0 0 0 0 0 0 0 0 0 0 0 0 0 0 0 0 0 0 0 0 0 0 0 0 0 0 0 0 0 0 0 0 0 0 0 0 0 0 0 0 0 0 0 0 0 0 0 0 0 0 0 0 0 0 0 0 0 0 0 0 0 0 0 0 0 0 0 0 0 0 0 0 0 0 0 0 0 0 0 0 0 0 0 0 0 0 0 0 0 0 0 0 0 0 0 0 0 0 0 0 0 0 0 0 0 0 0 0 0 0 0 0 0 0 0 0 0 0 0 0 0 0 0 0 0 0 0 0 0 0 0 0 0 0 0 0 0 0 0 0 0 0 0 0 0 0 0 0 0 0 0 0 0 0 0 0 0 0 0 0 0 0 0 0 0 0 0 0 0 0 0 0 0 0 0 0 0 0 0 0 0 0 0 0 0 0 0 0 0 0 0 0 0 0 0 0 0 0 0 0 0 0 0 0 0 0 0 0 0 0 0 0 0 0 0 0 0 0 0 0 0 0 0 0 0 0 0 0 0 0 0 0 0 0 0 0 0 0 0 0 0 0 0 0 0 0 0 0 0 0 0 0 0 0 0 0 0 0 0 0 0 0 0 0 0 0 0 0 0 0 0 0 0 0 0 0 0 0 0 0 0 0 0 0 0 0 0 0 0 0 0 0 0 0 0 0 0 0 0 0 0 0 0 0 0 0 0 0 0 0 0 0 0 0 0 0 0 0 0 0 0 0 0 0 0 0 0 0 0 0 0 0 0 0 0 0 0 0 0 0 0 0 0 0 0 0 0 0 0 0 0 0 0 0 0 0 0 0 0 0 0 0 0 0 0 0 0 0 0 0 0 0 0 0 0 0 0 0 0 0 0 0 0 0 0 0 0 0 0 0 0 0 0 0 0 0 0 0 0 0 0 0 0 0 0 0 0 0 0 0 0 0 0 0 0 0 0 0 0 0 0 0 0 0 0 0 0 0 0 0 0 0 0 0 0 0 0 0 0 0 0 0 0 0 0 0 0 0 0 0 0 0 0 0 0 0 0 0 0 0 0 0 0 0 0 0 0 0 0 0 0 0 0 0 0 0 0 0 0 0 0 0 0 0 0 0 0 0 0 0 0 0 0 0 0 0 0 0 0 0 0 0 0 0 0 0 0 0 0 0 0 0 0 0 0 0 0 0 0 0 0 0 0 0 0 0 0 0 0 0 0 0 0 0 0 0 0 0 0 0 0 0 0 0 0 0 0 0 0 0 0 0 0 0 0 0 0 0 0 0 0 0 0 0 0 0 0 0 0 0 0 0 0 0 0 0 0 0 0 0 0 0 0 0 0 0 0 0 0 0 0 0 0 0 0 0 0 0 0 0 0 0 0 0 0 0 0 0 0 0 0 0 0 0 0 0 0 0 0 0 0 0 0 0 0 0 0 0 0 0 0 0 0 0 0 0 0 0 0 0 0 0 0 0 0 0 0 0 0 0 0 0 0 0 0 0 0 0 0 0 0 0 0 0 0 0 0 0 0 0 0 0 0 0 0 0 0 0 0 0 0 0 0 0 0 0 0 0 0 0 0 0 0 0 0 0 0 0 0 0 0 0 0 0 0 0 0 0 0 0 0 0 0 0 0 0 0 0 0 0 0 0 0 0 0 0 0 0 0 0 0 0 0 0 0 0 0 0 0 0 0 0 0 0 0 0 0 0 0 0 0 0 0 0 0 0 0 0 0 0 0 0 0 0 0 0 0 0 0 0 0 0 0 0 0 0 0 0 0 0 0 0 0 0 0 0 0 0 0 0 0 0 0 0 0 0 0 0 0 0 0 0 0 0 0 0 0 0 0 0 0 0 0 0 0 0 0 0 0 0 0 0 0 0 0 0 0 0 0 0 0 0 0 0 0 0 0 0 0 0 0 0 0 0 0 0 0 0 0 0 0 0 0 0 0 0 0 0 0 0 0 0 0 0 0 0 0 0 0 0 0 0 0 0 0 0 0 0 0 0 0 0 0 0 0 0 0 0 0 0 0 0 0 0 0 0 0 0 0 0 0 0 0 0 0 0 0 0 0 0 0 0 0 0 0 0 0 0 0 0 0 0 0 0 0 0 0 0 0 0 0 0 0 0 0 0 0 0 0 0 0 0 0 0 0 0 0 0 0 0 0 0 0 0 0 0 0 0 0 0 0 0 0 0 0 0 0 0 0 0 0 0 0 0 0 0 0 0 0 0 0 0 0 0 0 0 0 0 0 0 0 0 0 0 0 0 0 0 0 0 0 0 0 0 0 0 0 0 0 0 0 0 0 0 0 0 0 0 0 0 0 0 0 0 0 0 0 0 0 0 0 0 0 0 0 0 0 0 0 0 0 0 0 0 0 0 0 0 0 0 0 0 0 0 0 0 0 0 0 0 0 0 0 0 0 0 0 0 0 0 0 0 0 0 0 0 0 0 0 0 0 0 0 0 0 0 0 0 0 0 0 0 0 0 0 0 0 0 0 0 0 0 0 0 0 0 0 0 0 0 0 0 0 0 0 0 0 0 0 0 0 0 0 0 0 0 0 0 0 0 0 0 0 0 0 0 0 0 0 0 0 0 0 0 0 0 0 0 0 0 0 0 0 0 0 0 0 0 0 0 0 0 0 0 0 0 0 0 0 0 0 0 0 0 0 0 0 0 0 0 0 0 0 0 0 0 0 0 0 0 0 0 0 0 0 0 0 0 0 0 0 0 0 0 0 0 0 0 0 0 0 0 0 0 0 0 0 0 0 0 0 0 0 0 0 0 0 0 0 0 0 0 0 0 0 0 0 0 0 0 0 0 0 0 0 0 0 0 0 0 0 0 0 0 0 0 0 0 0 0 0 0 0 0 0 0 0 0 0 0 0 0 0 0 0 0 0 0 0 0 0 0 0 0 0 0 0 0 0 0 0 0 0 0 0 0 0 0 0 0 0 0 0 0 0 0 0 0 0 0 0 0 0 0 0 0 0 0 0 0 0 0 0 0 0 0 0 0 0 0 0 0 0 0 0 0 0 0 0 0 0 0 0 0 0 0 0 0 0 0 0 0 0 0 0 0 0 0 0 0 0 0 0 0 0 0 0 0 0 0 0 0 0 0 0 0 0 0 0 0 0 0 0 0 0 0</DataArray>
        <DataArray type="Float64" Name="ShellBottomVonMises" format="ascii">0 0 0 0 0 0 0 0 0 0 0 0 0 0 0 0 0 0 0 0 0 0 0 0 0 0 0 0 0 0 0 0 0 0 0 0 0 0 0 0 0 0 0 0 0 0 0 0 0 0 0 0 0 0 0 0 0 0 0 0 0 0 0 0 0 0 0 0 0 0 0 0 0 0 0 0 0 0 0 0 0 0 0 0 0 0 0 0 0 0 0 0 0 0 0 0 0 0 0 0 0 0 0 0 0 0 0 0 0 0 0 0 0 0 0 0 0 0 0 0 0 0 0 0 0 0 0 0 0 0 0 0 0 0 0 0 0 0 0 0 0 0 0 0 0 0 0 0 0 0 0 0 0 0 0 0 0 0 0 0 0 0 0 0 0 0 0 0 0 0 0 0 0 0 0 0 0 0 0 0 0 0 0 0 0 0 0 0 0 0 0 0 0 0 0 0 0 0 0 0 0 0 0 0 0 0 0 0 0 0 0 0 0 0 0 0 0 0 0 0 0 0 0 0 0 0 0 0 0 0 0 0 0 0 0 0 0 0 0 0 0 0 0 0 0 0 0 0 0 0 0 0 0 0 0 0 0 0 0 0 0 0 0 0 0 0 0 0 0 0 0 0 0 0 0 0 0 0 0 0 0 0 0 0 0 0 0 0 0 0 0 0 0 0 0 0 0 0 0 0 0 0 0 0 0 0 0 0 0 0 0 0 0 0 0 0 0 0 0 0 0 0 0 0 0 0 0 0 0 0 0 0 0 0 0 0 0 0 0 0 0 0 0 0 0 0 0 0 0 0 0 0 0 0 0 0 0 0 0 0 0 0 0 0 0 0 0 0 0 0 0 0 0 0 0 0 0 0 0 0 0 0 0 0 0 0 0 0 0 0 0 0 0 0 0 0 0 0 0 0 0 0 0 0 0 0 0 0 0 0 0 0 0 0 0 0 0 0 0 0 0 0 0 0 0 0 0 0 0 0 0 0 0 0 0 0 0 0 0 0 0 0 0 0 0 0 0 0 0 0 0 0 0 0 0 0 0 0 0 0 0 0 0 0 0 0 0 0 0 0 0 0 0 0 0 0 0 0 0 0 0 0 0 0 0 0 0 0 0 0 0 0 0 0 0 0 0 0 0 0 0 0 0 0 0 0 0 0 0 0 0 0 0 0 0 0 0 0 0 0 0 0 0 0 0 0 0 0 0 0 0 0 0 0 0 0 0 0 0 0 0 0 0 0 0 0 0 0 0 0 0 0 0 0 0 0 0 0 0 0 0 0 0 0 0 0 0 0 0 0 0 0 0 0 0 0 0 0 0 0 0 0 0 0 0 0 0 0 0 0 0 0 0 0 0 0 0 0 0 0 0 0 0 0 0 0 0 0 0 0 0 0 0 0 0 0 0 0 0 0 0 0 0 0 0 0 0 0 0 0 0 0 0 0 0 0 0 0 0 0 0 0 0 0 0 0 0 0 0 0 0 0 0 0 0 0 0 0 0 0 0 0 0 0 0 0 0 0 0 0 0 0 0 0 0 0 0 0 0 0 0 0 0 0 0 0 0 0 0 0 0 0 0 0 0 0 0 0 0 0 0 0 0 0 0 0 0 0 0 0 0 0 0 0 0 0 0 0 0 0 0 0 0 0 0 0 0 0 0 0 0 0 0 0 0 0 0 0 0 0 0 0 0 0 0 0 0 0 0 0 0 0 0 0 0 0 0 0 0 0 0 0 0 0 0 0 0 0 0 0 0 0 0 0 0 0 0 0 0 0 0 0 0 0 0 0 0 0 0 0 0 0 0 0 0 0 0 0 0 0 0 0 0 0 0 0 0 0 0 0 0 0 0 0 0 0 0 0 0 0 0 0 0 0 0 0 0 0 0 0 0 0 0 0 0 0 0 0 0 0 0 0 0 0 0 0 0 0 0 0 0 0 0 0 0 0 0 0 0 0 0 0 0 0 0 0 0 0 0 0 0 0 0 0 0 0 0 0 0 0 0 0 0 0 0 0 0 0 0 0 0 0 0 0 0 0 0 0 0 0 0 0 0 0 0 0 0 0 0 0 0 0 0 0 0 0 0 0 0 0 0 0 0 0 0 0 0 0 0 0 0 0 0 0 0 0 0 0 0 0 0 0 0 0 0 0 0 0 0 0 0 0 0 0 0 0 0 0 0 0 0 0 0 0 0 0 0 0 0 0 0 0 0 0 0 0 0 0 0 0 0 0 0 0 0 0 0 0 0 0 0 0 0 0 0 0 0 0 0 0 0 0 0 0 0 0 0 0 0 0 0 0 0 0 0 0 0 0 0 0 0 0 0 0 0 0 0 0 0 0 0 0 0 0 0 0 0 0 0 0 0 0 0 0 0 0 0 0 0 0 0 0 0 0 0 0 0 0 0 0 0 0 0 0 0 0 0 0 0 0 0 0 0 0 0 0 0 0 0 0 0 0 0 0 0 0 0 0 0 0 0 0 0 0 0 0 0 0 0 0 0 0 0 0 0 0 0 0 0 0 0 0 0 0 0 0 0 0 0 0 0 0 0 0 0 0 0 0 0 0 0 0 0 0 0 0 0 0 0 0 0 0 0 0 0 0 0 0 0 0 0 0 0 0 0 0 0 0 0 0 0 0 0 0 0 0 0 0 0 0 0 0 0 0 0 0 0 0 0 0 0 0 0 0 0 0 0 0 0 0 0 0 0 0 0 0 0 0 0 0 0 0 0 0 0 0 0 0 0 0 0 0 0 0 0 0 0 0 0 0 0 0 0 0 0 0 0 0 0 0 0 0 0 0 0 0 0 0 0 0 0 0 0 0 0 0 0 0 0 0 0 0 0 0 0 0 0 0 0 0 0 0 0 0 0 0 0 0 0 0 0 0 0 0 0 0 0 0 0 0 0 0 0 0 0 0 0 0 0 0 0 0 0 0 0 0 0 0 0 0 0 0 0 0 0 0 0 0 0 0 0 0 0 0 0 0 0 0 0 0 0 0 0 0 0 0 0 0 0 0 0 0 0 0 0 0 0 0 0 0 0 0 0 0 0 0 0 0 0 0 0 0 0 0 0 0 0 0 0 0 0 0 0 0 0 0 0 0 0 0 0 0 0 0 0 0 0 0 0 0 0 0 0 0 0 0 0 0 0 0 0 0 0 0 0 0 0 0 0 0 0 0 0 0 0 0 0 0 0 0 0 0 0 0 0 0 0 0 0 0 0 0 0 0 0 0 0 0 0 0 0 0 0 0 0 0 0 0 0 0 0 0 0 0 0 0 0 0 0 0 0 0 0 0 0 0 0 0 0 0 0 0 0 0 0 0 0 0 0 0 0 0 0 0 0 0 0 0 0 0 0 0 0 0 0 0 0 0 0 0 0 0 0 0 0 0 0 0 0 0 0 0 0 0 0 0 0 0 0 0 0 0 0 0 0 0 0 0 0 0 0 0 0 0 0 0 0 0 0 0 0 0 0 0 0 0 0 0 0 0 0 0 0 0 0 0 0 0 0 0 0 0 0 0 0 0 0 0 0 0 0 0 0 0 0 0 0 0 0 0 0 0 0 0 0 0 0 0 0 0 0 0 0 0 0 0 0 0 0 0 0 0 0 0 0 0 0 0 0 0 0 0 0 0 0 0 0 0 0 0 0 0 0 0 0 0 0 0 0 0 0 0 0 0 0 0 0 0 0 0 0 0 0 0 0 0 0 0 0 0 0 0 0 0 0 0 0 0 0 0 0 0 0 0 0 0 0 0 0 0 0 0 0 0 0 0 0 0 0 0 0 0 0 0 0 0 0 0 0 0 0 0 0 0 0 0 0 0 0 0 0 0 0 0 0 0 0 0 0 0 0 0 0 0 0 0 0 0 0 0 0 0 0 0 0 0 0 0 0 0 0 0 0 0 0 0 0 0 0 0 0 0 0 0 0 0 0 0 0 0 0 0 0 0 0 0 0 0 0 0 0 0 0 0 0 0 0 0 0 0 0 0 0 0 0 0 0 0 0 0 0 0 0 0 0 0 0 0 0 0 0 0 0 0 0 0 0 0 0 0 0 0 0 0 0 0 0 0 0 0 0 0 0 0 0 0 0 0 0 0 0 0 0 0 0 0 0 0 0 0 0 0 0 0 0 0 0 0 0 0 0 0 0 0 0 0 0 0 0 0 0 0 0 0 0 0 0 0 0 0 0 0 0 0 0 0 0 0 0 0 0 0 0 0 0 0 0 0 0 0 0 0 0 0 0 0 0 0 0 0 0 0 0 0 0 0 0 0 0 0 0 0 0 0 0 0 0 0 0 0 0 0 0 0 0 0 0 0 0 0 0 0 0 0 0 0 0 0 0 0 0 0 0 0 0 0 0 0 0 0 0 0 0 0 0 0 0 0 0 0 0 0 0 0 0 0 0 0 0 0 0 0 0 0 0 0 0 0 0 0 0 0 0 0 0 0 0 0 0 0 0 0 0 0 0 0 0 0 0 0 0 0 0 0 0 0 0 0 0 0 0 0 0 0 0 0 0 0 0 0 0 0 0 0 0 0 0 0 0 0 0 0 0 0 0 0 0 0 0 0 0 0 0 0 0 0 0 0 0 0 0 0 0 0 0 0 0 0 0 0 0 0 0 0 0 0 0 0 0 0 0 0 0 0 0 0 0 0 0 0 0 0 0 0 0 0 0 0 0 0 0 0 0 0 0 0 0 0 0 0 0 0 0 0 0 0 0 0 0 0 0 0 0 0 0 0 0 0 0 0 0 0 0 0 0 0 0 0 0 0 0 0 0 0 0 0 0 0 0 0 0 0 0 0 0 0 0 0 0 0 0 0 0 0 0 0 0 0 0 0 0 0 0 0 0 0 0 0 0 0 0 0 0 0 0 0 0 0 0 0 0 0 0 0 0 0 0 0 0 0 0 0 0 0 0 0 0 0 0 0 0 0 0 0 0 0 0 0 0 0 0 0 0 0 0 0 0 0 0 0 0 0 0 0 0 0 0 0 0 0 0 0 0 0 0 0 0 0 0 0 0 0 0 0 0 0 0 0 0 0 0 0 0 0 0 0 0 0 0 0 0 0 0 0 0 0 0 0 0 0 0 0 0 0 0 0 0 0 0 0 0 0 0 0 0 0 0 0 0 0 0 0 0 0 0 0 0 0 0 0 0 0 0 0 0 0 0 0 0 0 0 0 0 0 0 0 0 0 0 0 0 0 0 0 0 0 0 0 0 0 0 0 0 0 0 0 0 0 0 0 0 0 0 0 0 0 0 0 0 0 0 0 0 0 0 0 0 0 0 0 0 0 0 0 0 0 0 0 0 0 0 0 0 0 0 0 0 0 0 0 0 0 0 0 0 0 0 0 0 0 0 0 0 0 0 0 0 0 0 0 0 0 0 0 0 0 0 0 0 0 0 0 0 0 0 0 0 0 0 0 0 0</DataArray>
      </CellData>
    </Piece>
  </UnstructuredGrid>
</VTKFile>
