<?xml version="1.0"?>
<VTKFile type="UnstructuredGrid" version="0.1" byte_order="LittleEndian">
  <UnstructuredGrid>
    <Piece NumberOfPoints="170" NumberOfCells="431">
      <Points>
        <DataArray type="Float64" NumberOfComponents="3" format="ascii">0 0 0.2 0 0 0 0 1 0.2 0 1 0 2 0 0.2 2 0 0 2 1 0.2 2 1 0 0 0.2 0.2 0 0.4 0.2 0 0.6 0.2 0 0.8 0.2 0 0.2 0 0 0.4 0 0 0.6 0 0 0.8 0 2 0.2 0.2 2 0.4 0.2 2 0.6 0.2 2 0.8 0.2 2 0.2 0 2 0.4 0 2 0.6 0 2 0.8 0 0.222222222222 0 0 0.444444444444 0 0 0.666666666667 0 0 0.888888888889 0 0 1.11111111111 0 0 1.33333333333 0 0 1.55555555556 0 0 1.77777777778 0 0 0.222222222222 0 0.2 0.444444444444 0 0.2 0.666666666667 0 0.2 0.888888888889 0 0.2 1.11111111111 0 0.2 1.33333333333 0 0.2 1.55555555556 0 0.2 1.77777777778 0 0.2 0.222222222222 1 0 0.444444444444 1 0 0.666666666667 1 0 0.888888888889 1 0 1.11111111111 1 0 1.33333333333 1 0 1.55555555556 1 0 1.77777777778 1 0 0.222222222222 1 0.2 0.444444444444 1 0.2 0.666666666667 1 0.2 0.888888888889 1 0.2 1.11111111111 1 0.2 1.33333333333 1 0.2 1.55555555556 1 0.2 1.77777777778 1 0.2 0 0.5 0.1 0 0.9 0.1 0 0.3 0.1 0 0.7 0.1 0 0.1 0.1 2 0.5 0.1 2 0.3 0.1 2 0.9 0.1 2 0.7 0.1 2 0.1 0.1 0.777777777778 0 0.1 0.555555555556 0 0.1 1.88888888889 0 0.1 0.111111111111 0 0.1 0.333333333333 0 0.1 1 0 0.1 1.22222222222 0 0.1 1.44444444444 0 0.1 1.66666666667 0 0.1 0.777777777778 1 0.1 0.555555555556 1 0.1 1.88888888889 1 0.1 0.111111111111 1 0.1 0.333333333333 1 0.1 1 1 0.1 1.22222222222 1 0.1 1.44444444444 1 0.1 1.66666666667 1 0.1 1.83696054602 0.499795621269 0 0.163394918579 0.499913224444 0 1.22184141691 0.807701373494 0 0.777555582122 0.807766990575 0 1 0.19245008973 0 1.4494583743 0.201279171702 0 0.552096389534 0.198663416712 0 1.67472771382 0.797790442741 0 0.324889311666 0.798123716779 0 0.554111186002 0.806768500749 0 0.666171369222 0.616376696607 0 0.88786100053 0.615795021843 0 0.776799481941 0.424471488762 0 0.556046144345 0.425191625324 0 0.99825271294 0.430496791106 0 0.457117995211 0.607656647687 0 1.44542534864 0.806310107073 0 1.33296992665 0.616376991637 0 1.54273156098 0.607710982894 0 1.44346881768 0.427014628294 0 1.22339842102 0.432509418374 0 1.22346675805 0.191731556636 0 0.776533241953 0.191731556636 0 0.314808521712 0.172897767353 0 1.68596418299 0.173201425341 0 0.999433323387 0.807740157513 0 1.10934194076 0.615177559164 0 0.169862409975 0.3 0 0.357608649999 0.400972971474 0 1.84537681356 0.693071735213 0 0.154470933962 0.693143789303 0 1.83098285853 0.3 0 1.64267802356 0.401644071568 0 1.85957646103 0.858172435591 0 0.142685267663 0.858277551097 0 0.148669874699 0.141731959542 0 1.85894496386 0.134640285068 0 1.70849493159 0.600002570737 0 0.289934170635 0.602488118799 0 1.33430980996 0.309276303828 0 1.11105711972 0.310739927463 0 0.666043607598 0.308588480178 0 0.887526926745 0.308878968306 0 1.83710821351 0.500207470843 0.2 0.162891786488 0.500207470843 0.2 1.22251073488 0.813992539919 0.2 0.777575640881 0.192237375037 0.2 1.2222650737 0.192237375037 0.2 0.777662592131 0.814155667731 0.2 1.67511068833 0.201876283221 0.2 0.324889311666 0.201876283221 0.2 1.68512852801 0.828270088321 0.2 0.314871471991 0.828270088321 0.2 0.554114529128 0.193232226853 0.2 0.666101959271 0.383705295169 0.2 0.888352167661 0.384241328506 0.2 0.776799166373 0.575667583055 0.2 0.555524051024 0.575108220066 0.2 0.999078370783 0.567014748421 0.2 0.456657714515 0.392527808395 0.2 0.551298815831 0.802333767427 0.2 1.4458589233 0.193232226853 0.2 1.33470595845 0.383246178012 0.2 1.54378817733 0.391923637687 0.2 1.44636992992 0.571942312978 0.2 1.22569175252 0.568655963038 0.2 1.45073969264 0.799946882973 0.2 1.11167214878 0.382246081915 0.2 0.99997750517 0.191827026749 0.2 0.999990692479 0.814657256241 0.2 1.84561292139 0.306876326578 0.2 1.83098285853 0.7 0.2 1.64345474704 0.598543182 0.2 0.154387078614 0.306876326578 0.2 0.169017141465 0.7 0.2 0.357170735993 0.599422748036 0.2 1.85732671167 0.141725322601 0.2 1.85139279711 0.858337675797 0.2 0.142673288327 0.141725322601 0.2 0.148607202894 0.858337675797 0.2 1.71006582936 0.397511881201 0.2 0.289934170635 0.397511881201 0.2 0.665868557981 0.691314111501 0.2 1.11258012384 0.68982713893 0.2 1.32629660257 0.688872650185 0.2 0.888197183141 0.691831659292 0.2</DataArray>
      </Points>
      <Cells>
        <DataArray type="Int32" Name="connectivity" format="ascii">21 17 154 62 157 9 13 58 71 152 36 28 27 66 35 130 152 35 27 71 28 131 36 72 152 71 88 28 27 152 71 88 66 27 106 130 28 105 131 72 34 66 106 130 51 43 80 153 52 153 80 44 76 93 42 50 37 131 105 72 108 74 38 30 83 135 54 46 26 67 34 137 157 13 111 58 136 41 79 49 43 109 80 153 62 154 21 115 25 107 70 33 109 80 153 44 51 75 43 132 106 26 66 34 29 145 37 73 45 82 53 100 129 52 81 44 75 87 43 132 81 129 44 86 75 42 87 132 37 105 29 72 74 38 133 108 129 81 45 86 42 75 50 132 135 83 91 46 134 70 107 33 79 92 41 136 25 33 67 137 73 145 38 30 53 129 81 45 74 160 39 120 130 35 27 152 152 131 36 28 27 130 152 88 131 152 88 28 130 27 106 88 120 74 160 108 131 88 105 28 59 56 114 10 56 59 114 14 64 61 18 113 64 61 113 22 17 21 154 61 9 13 56 157 44 153 109 86 117 83 161 47 83 161 135 117 153 43 109 132 137 34 106 130 87 109 43 132 115 62 160 120 153 51 43 132 127 18 61 113 131 145 37 105 56 13 85 157 154 61 21 84 56 114 10 128 44 129 153 86 52 129 153 44 40 118 79 163 119 70 162 32 34 106 26 137 93 87 42 132 86 45 129 100 50 93 42 132 154 62 160 115 105 145 37 29 50 76 93 144 67 26 90 137 73 89 145 30 67 90 25 137 29 89 145 73 82 150 53 100 54 150 82 46 108 38 145 30 45 53 129 100 25 107 33 137 64 18 155 113 62 20 160 120 10 114 59 158 39 74 120 31 150 82 46 100 18 127 155 113 13 111 85 157 10 114 158 128 17 154 127 61 84 21 154 115 65 160 20 120 22 61 113 84 14 85 114 56 128 9 56 157 46 91 135 100 133 38 145 108 61 154 127 84 113 61 127 84 107 134 33 137 128 56 85 157 169 95 109 110 168 86 101 110 85 114 56 128 16 20 160 62 12 8 162 58 60 12 8 162 20 16 160 65 86 168 167 110 151 146 131 123 123 131 151 124 162 119 12 58 167 169 109 110 139 152 98 151 151 152 98 124 146 151 104 123 98 126 152 139 151 104 123 124 126 98 152 124 140 94 96 138 95 169 142 110 167 142 169 110 101 149 168 110 91 83 135 117 149 167 168 110 60 119 12 162 140 96 95 139 94 95 87 140 138 130 96 139 96 125 130 138 97 96 94 138 166 94 87 140 94 140 141 138 100 148 168 101 108 120 74 31 130 126 96 139 96 98 95 139 163 79 40 48 70 119 24 32 169 87 95 140 117 91 83 47 55 161 83 47 96 125 126 130 74 133 160 108 141 97 94 138 95 142 140 139 110 149 151 104 151 98 110 104 101 146 104 103 169 166 87 140 151 98 142 110 101 148 146 103 146 149 101 104 149 151 142 110 142 95 98 139 149 148 146 101 137 125 97 138 103 147 146 123 160 68 39 120 166 93 94 141 39 133 160 74 134 162 70 32 40 118 92 79 147 145 146 123 121 155 127 113 101 100 148 102 145 89 108 30 97 143 137 138 107 25 90 137 99 94 93 141 154 164 84 115 117 155 91 113 114 122 158 128 165 85 111 157 127 121 113 84 150 54 135 46 121 127 164 84 49 136 41 144 124 152 126 88 106 90 26 137 46 135 150 100 118 92 163 158 85 122 128 165 119 111 162 134 92 118 114 158 154 164 127 84 117 161 77 47 111 157 162 134 154 160 133 115 118 40 78 163 32 162 119 69 167 109 153 86 86 129 168 100 160 115 120 108 152 130 126 88 131 152 124 88 122 114 85 128 145 105 89 29 121 91 155 113 132 50 93 144 165 128 85 157 55 161 135 83 99 93 92 144 106 126 130 88 124 123 131 105 106 126 125 130 20 62 115 120 163 136 79 48 109 153 132 169 88 124 131 105 87 109 132 169 150 129 53 100 24 107 119 70 93 87 132 166 137 106 125 130 129 167 153 86 120 68 39 31 164 154 133 115 92 114 122 158 64 155 117 113 114 118 59 158 145 131 123 105 109 153 169 167 111 165 157 134 64 155 161 117 163 59 118 158 87 132 166 169 160 16 62 154 162 8 157 58 144 92 99 159 40 78 163 48 32 119 24 69 161 55 77 47 129 168 167 86 111 12 119 58 144 136 92 159 57 118 11 59 15 118 57 59 148 168 150 100 59 118 11 163 168 86 100 101 64 161 19 117 115 160 133 108 63 64 19 117 64 63 23 117 147 148 102 103 126 130 152 139 86 167 109 110 152 151 131 124 141 99 97 143 109 87 95 169 155 156 91 121 11 118 57 163 92 136 163 158 116 164 133 115 111 119 107 134 125 137 130 138 87 93 94 166 63 19 161 117 145 131 146 123 92 122 159 158 111 112 165 134 90 125 97 137 166 144 93 141 100 150 148 102 95 94 96 140 96 140 138 139 68 160 65 120 162 60 119 69 143 90 97 137 144 99 93 141 129 150 168 100 109 43 80 44 71 27 88 28 35 152 36 71 156 127 164 121 84 164 121 116 87 43 42 75 34 35 66 130 131 37 36 72 44 45 81 86 122 85 112 165 122 159 128 165 155 156 135 91 144 93 132 166 90 106 125 137 133 116 115 108 47 91 83 46 39 38 133 74 41 40 92 79 33 134 70 32 105 123 145 89 149 146 151 104 159 136 92 158 66 27 26 106 112 111 107 134 142 98 95 110 139 98 142 151 110 101 149 104 80 51 153 52 28 29 105 72 45 46 82 100 93 42 41 76 34 67 33 137 38 37 145 73 147 102 116 103 148 156 147 102 99 112 97 143 156 155 127 121 90 97 112 143 99 141 159 143 121 156 91 102 141 144 99 159 51 50 75 132 103 116 147 89 147 164 133 116 97 141 143 138 94 99 97 141 156 148 150 102 116 84 164 115 15 114 118 59 129 52 53 81 112 143 165 134 92 122 99 159 122 159 158 128 148 101 102 103 111 112 85 165 117 23 64 113 148 147 146 103 13 12 111 58 161 19 155 64 11 59 163 158 21 20 62 115 102 156 147 116 104 151 98 124 167 149 142 110 159 112 99 143 148 149 168 101 60 1 119 69 73 29 89 30 121 164 156 116 150 53 54 82 142 169 95 140 98 96 126 139 96 97 125 138 140 166 94 141 159 122 112 165 25 26 90 67 16 17 62 154 157 8 9 58 50 49 76 144 146 104 103 123 54 55 135 83 0 60 162 69 4 68 160 65 24 25 107 70 30 108 74 31 48 136 79 49 63 161 77 117 78 57 118 163 1 24 119 69 163 78 2 48 161 55 6 77 65 5 68 120 120 5 68 31 117 77 7 47 4 68 39 160 32 0 162 69 118 40 3 78 102 121 156 116 164 147 156 116 122 112 99 159 159 112 143 165 119 12 1 60 60 8 0 162 160 16 4 65 20 5 65 120 19 18 155 64 59 11 10 158 2 57 78 163 6 161 77 63 14 13 85 56 18 17 127 61 21 61 22 84 113 23 64 22 56 10 9 128 15 14 114 59 60 0 1 69 68 4 5 65 57 118 3 78 63 77 7 117 161 6 19 63 57 2 11 163 3 15 118 57 23 63 7 117 3 2 57 78 77 7 6 63 147 123 89 145 89 123 147 103 41 144 76 49 76 144 41 93 100 135 102 91 100 102 135 150 156 102 135 91 156 135 102 150 116 108 147 89 116 147 108 133 145 147 108 89 145 108 147 133 111 162 58 119 58 162 111 157 92 144 41 136 41 144 92 93 107 137 143 134 143 137 107 90 143 112 107 134 107 112 143 90 134 119 70 162 134 70 119 107 92 163 79 118 79 163 92 136 135 117 155 91 155 117 135 161</DataArray>
        <DataArray type="Int32" Name="offsets" format="ascii">4 8 12 16 20 24 28 32 36 40 44 48 52 56 60 64 68 72 76 80 84 88 92 96 100 104 108 112 116 120 124 128 132 136 140 144 148 152 156 160 164 168 172 176 180 184 188 192 196 200 204 208 212 216 220 224 228 232 236 240 244 248 252 256 260 264 268 272 276 280 284 288 292 296 300 304 308 312 316 320 324 328 332 336 340 344 348 352 356 360 364 368 372 376 380 384 388 392 396 400 404 408 412 416 420 424 428 432 436 440 444 448 452 456 460 464 468 472 476 480 484 488 492 496 500 504 508 512 516 520 524 528 532 536 540 544 548 552 556 560 564 568 572 576 580 584 588 592 596 600 604 608 612 616 620 624 628 632 636 640 644 648 652 656 660 664 668 672 676 680 684 688 692 696 700 704 708 712 716 720 724 728 732 736 740 744 748 752 756 760 764 768 772 776 780 784 788 792 796 800 804 808 812 816 820 824 828 832 836 840 844 848 852 856 860 864 868 872 876 880 884 888 892 896 900 904 908 912 916 920 924 928 932 936 940 944 948 952 956 960 964 968 972 976 980 984 988 992 996 1000 1004 1008 1012 1016 1020 1024 1028 1032 1036 1040 1044 1048 1052 1056 1060 1064 1068 1072 1076 1080 1084 1088 1092 1096 1100 1104 1108 1112 1116 1120 1124 1128 1132 1136 1140 1144 1148 1152 1156 1160 1164 1168 1172 1176 1180 1184 1188 1192 1196 1200 1204 1208 1212 1216 1220 1224 1228 1232 1236 1240 1244 1248 1252 1256 1260 1264 1268 1272 1276 1280 1284 1288 1292 1296 1300 1304 1308 1312 1316 1320 1324 1328 1332 1336 1340 1344 1348 1352 1356 1360 1364 1368 1372 1376 1380 1384 1388 1392 1396 1400 1404 1408 1412 1416 1420 1424 1428 1432 1436 1440 1444 1448 1452 1456 1460 1464 1468 1472 1476 1480 1484 1488 1492 1496 1500 1504 1508 1512 1516 1520 1524 1528 1532 1536 1540 1544 1548 1552 1556 1560 1564 1568 1572 1576 1580 1584 1588 1592 1596 1600 1604 1608 1612 1616 1620 1624 1628 1632 1636 1640 1644 1648 1652 1656 1660 1664 1668 1672 1676 1680 1684 1688 1692 1696 1700 1704 1708 1712 1716 1720 1724</DataArray>
        <DataArray type="UInt8" Name="types" format="ascii">10 10 10 10 10 10 10 10 10 10 10 10 10 10 10 10 10 10 10 10 10 10 10 10 10 10 10 10 10 10 10 10 10 10 10 10 10 10 10 10 10 10 10 10 10 10 10 10 10 10 10 10 10 10 10 10 10 10 10 10 10 10 10 10 10 10 10 10 10 10 10 10 10 10 10 10 10 10 10 10 10 10 10 10 10 10 10 10 10 10 10 10 10 10 10 10 10 10 10 10 10 10 10 10 10 10 10 10 10 10 10 10 10 10 10 10 10 10 10 10 10 10 10 10 10 10 10 10 10 10 10 10 10 10 10 10 10 10 10 10 10 10 10 10 10 10 10 10 10 10 10 10 10 10 10 10 10 10 10 10 10 10 10 10 10 10 10 10 10 10 10 10 10 10 10 10 10 10 10 10 10 10 10 10 10 10 10 10 10 10 10 10 10 10 10 10 10 10 10 10 10 10 10 10 10 10 10 10 10 10 10 10 10 10 10 10 10 10 10 10 10 10 10 10 10 10 10 10 10 10 10 10 10 10 10 10 10 10 10 10 10 10 10 10 10 10 10 10 10 10 10 10 10 10 10 10 10 10 10 10 10 10 10 10 10 10 10 10 10 10 10 10 10 10 10 10 10 10 10 10 10 10 10 10 10 10 10 10 10 10 10 10 10 10 10 10 10 10 10 10 10 10 10 10 10 10 10 10 10 10 10 10 10 10 10 10 10 10 10 10 10 10 10 10 10 10 10 10 10 10 10 10 10 10 10 10 10 10 10 10 10 10 10 10 10 10 10 10 10 10 10 10 10 10 10 10 10 10 10 10 10 10 10 10 10 10 10 10 10 10 10 10 10 10 10 10 10 10 10 10 10 10 10 10 10 10 10 10 10 10 10 10 10 10 10 10 10 10 10 10 10 10 10 10 10 10 10 10 10 10 10 10 10 10 10 10 10 10 10 10 10 10 10 10 10 10 10 10 10 10 10</DataArray>
      </Cells>
      <PointData Vectors="Displacement">
        <DataArray type="Float64" Name="Displacement" NumberOfComponents="3" format="ascii">0 3.18484388168e-19 8.57142857143e-06 0 0 0 0 4.28571428571e-05 8.57142857143e-06 0 4.28571428571e-05 0 -0.000285714285714 -2.60208521397e-18 8.57142857144e-06 -0.000285714285714 -2.61227819288e-18 1.51131679618e-17 -0.000285714285714 4.28571428571e-05 8.57142857144e-06 -0.000285714285714 4.28571428571e-05 1.45734569278e-17 0 8.57142857143e-06 8.57142857143e-06 0 1.71428571429e-05 8.57142857143e-06 0 2.57142857143e-05 8.57142857143e-06 0 3.42857142857e-05 8.57142857143e-06 0 8.57142857143e-06 9.12280953972e-20 0 1.71428571429e-05 2.43836890067e-19 0 2.57142857143e-05 2.9389334587e-19 0 3.42857142857e-05 1.93123511974e-19 -0.000285714285714 8.57142857143e-06 8.57142857144e-06 -0.000285714285714 1.71428571429e-05 8.57142857144e-06 -0.000285714285714 2.57142857143e-05 8.57142857144e-06 -0.000285714285714 3.42857142857e-05 8.57142857144e-06 -0.000285714285714 8.57142857143e-06 1.51565957999e-17 -0.000285714285714 1.71428571429e-05 1.52293588588e-17 -0.000285714285714 2.57142857143e-05 1.51309730533e-17 -0.000285714285714 3.42857142857e-05 1.48889008784e-17 -3.1746031746e-05 4.55809604741e-19 3.48130541322e-19 -6.34920634921e-05 4.55703725623e-19 1.15492238459e-18 -9.52380952381e-05 3.09575670017e-19 2.42929049273e-18 -0.000126984126984 -1.01643953671e-20 4.0651580124e-18 -0.00015873015873 -3.18484388168e-19 5.87303711004e-18 -0.000190476190476 -6.30192512757e-19 7.96051325865e-18 -0.000222222222222 -1.13636672965e-18 1.02327932775e-17 -0.000253968253968 -1.84695534149e-18 1.26771186051e-17 -3.1746031746e-05 3.4622471719e-19 8.57142857143e-06 -6.34920634921e-05 3.1170812459e-19 8.57142857143e-06 -9.52380952381e-05 2.20228566286e-19 8.57142857143e-06 -0.000126984126984 -7.19978005166e-20 8.57142857143e-06 -0.00015873015873 -3.59141969636e-19 8.57142857143e-06 -0.000190476190476 -6.6788547891e-19 8.57142857144e-06 -0.000222222222222 -1.09669590846e-18 8.57142857144e-06 -0.000253968253968 -1.76606369503e-18 8.57142857144e-06 -3.1746031746e-05 4.28571428571e-05 2.61401108838e-19 -6.34920634921e-05 4.28571428571e-05 9.02754707859e-19 -9.52380952381e-05 4.28571428571e-05 2.15847694634e-18 -0.000126984126984 4.28571428571e-05 3.6961451548e-18 -0.00015873015873 4.28571428571e-05 5.55422915993e-18 -0.000190476190476 4.28571428571e-05 7.57657155254e-18 -0.000222222222222 4.28571428571e-05 9.85926197505e-18 -0.000253968253968 4.28571428571e-05 1.22819777352e-17 -3.1746031746e-05 4.28571428571e-05 8.57142857143e-06 -6.34920634921e-05 4.28571428571e-05 8.57142857143e-06 -9.52380952381e-05 4.28571428571e-05 8.57142857143e-06 -0.000126984126984 4.28571428571e-05 8.57142857143e-06 -0.00015873015873 4.28571428571e-05 8.57142857143e-06 -0.000190476190476 4.28571428571e-05 8.57142857144e-06 -0.000222222222222 4.28571428571e-05 8.57142857144e-06 -0.000253968253968 4.28571428571e-05 8.57142857144e-06 0 2.14285714286e-05 4.28571428571e-06 0 3.85714285714e-05 4.28571428571e-06 0 1.28571428571e-05 4.28571428571e-06 0 3e-05 4.28571428571e-06 0 4.28571428571e-06 4.28571428571e-06 -0.000285714285714 2.14285714286e-05 4.28571428573e-06 -0.000285714285714 1.28571428571e-05 4.28571428573e-06 -0.000285714285714 3.85714285714e-05 4.28571428573e-06 -0.000285714285714 3e-05 4.28571428573e-06 -0.000285714285714 4.28571428571e-06 4.28571428573e-06 -0.000111111111111 1.35260573765e-19 4.28571428572e-06 -7.93650793651e-05 3.4604852772e-19 4.28571428572e-06 -0.000269841269841 -2.21160302528e-18 4.28571428573e-06 -1.5873015873e-05 3.30131091192e-19 4.28571428571e-06 -4.7619047619e-05 4.0273769664e-19 4.28571428571e-06 -0.000142857142857 -1.51294642758e-19 4.28571428572e-06 -0.000174603174603 -4.9410475838e-19 4.28571428572e-06 -0.000206349206349 -8.7788347538e-19 4.28571428572e-06 -0.000238095238095 -1.46536699875e-18 4.28571428573e-06 -0.000111111111111 4.28571428571e-05 4.28571428572e-06 -7.93650793651e-05 4.28571428571e-05 4.28571428572e-06 -0.000269841269841 4.28571428571e-05 4.28571428573e-06 -1.5873015873e-05 4.28571428571e-05 4.28571428571e-06 -4.7619047619e-05 4.28571428571e-05 4.28571428571e-06 -0.000142857142857 4.28571428571e-05 4.28571428572e-06 -0.000174603174603 4.28571428571e-05 4.28571428572e-06 -0.000206349206349 4.28571428571e-05 4.28571428572e-06 -0.000238095238095 4.28571428571e-05 4.28571428573e-06 -0.000262422935146 2.14198123401e-05 1.32916410083e-17 -2.33421312255e-05 2.14248524762e-05 4.27041909767e-19 -0.000174548773844 3.46157731498e-05 6.65528604559e-18 -0.000111079368875 3.46185853103e-05 3.12033906906e-18 -0.000142857142857 8.24786098842e-06 4.9664618182e-18 -0.000207065482044 8.6262502158e-06 9.11204433442e-18 -7.88709127905e-05 8.5141464305e-06 1.85735864522e-18 -0.00023924681626 3.41910189746e-05 1.13502414932e-17 -4.64127588094e-05 3.42053021477e-05 6.91859935745e-19 -7.91587408574e-05 3.45757928893e-05 1.71072208298e-18 -9.51673384602e-05 2.64161441403e-05 2.53021611504e-18 -0.00012683728579 2.63912152218e-05 4.0530622841e-18 -0.000110971354563 1.81916352327e-05 3.33805799965e-18 -7.94351634779e-05 1.82224982282e-05 1.91406384414e-18 -0.00014260753042 1.8449862476e-05 4.96995612817e-18 -6.53025707444e-05 2.6042427758e-05 1.35086117992e-18 -0.000206489335519 3.4556147446e-05 8.81022090077e-18 -0.000190424275235 2.64161567845e-05 7.88636500537e-18 -0.000220390222996 2.60447564097e-05 9.99283089152e-18 -0.000206209831097 1.83006269269e-05 8.96364129073e-18 -0.000174771203003 1.85361179303e-05 6.92926142932e-18 -0.000174780965435 8.21706671299e-06 6.92048466593e-18 -0.000110933320279 8.21706671299e-06 3.28545100873e-18 -4.49726459588e-05 7.40990431514e-06 7.14749077641e-19 -0.000240852026141 7.42291822891e-06 1.16032925862e-17 -0.000142776189055 3.4617435322e-05 4.7967480195e-18 -0.000158477420108 2.63647525356e-05 5.83764292775e-18 -2.42660585678e-05 1.28571428571e-05 3.65371315125e-19 -5.10869499998e-05 1.71845559203e-05 9.38608408289e-19 -0.000263625259081 2.97030743663e-05 1.33068876014e-17 -2.20672762803e-05 2.97061623987e-05 3.60512085999e-19 -0.000261568979791 1.28571428571e-05 1.31999960139e-17 -0.00023466828908 1.72133173529e-05 1.10859672137e-17 -0.000265653780147 3.67788186682e-05 1.32946056236e-17 -2.03836096661e-05 3.67833236184e-05 2.19805049812e-19 -2.12385535284e-05 6.07422683752e-06 1.94712166754e-19 -0.000265563566266 5.77029793149e-06 1.35290219918e-17 -0.000244070704513 2.57143958887e-05 1.18110274165e-17 -4.14191672336e-05 2.58209193771e-05 7.12714708785e-19 -0.000190615687137 1.32546987355e-05 7.92484025451e-18 -0.000158722445675 1.33174254627e-05 5.92749180991e-18 -9.51490867997e-05 1.32252205791e-05 2.56646026077e-18 -0.000126789560964 1.32376700703e-05 4.11823887716e-18 -0.000262444030502 2.14374630361e-05 8.57142857144e-06 -2.32702552126e-05 2.14374630361e-05 8.57142857143e-06 -0.000174644390698 3.48853945679e-05 8.57142857144e-06 -0.000111082234412 8.23874464445e-06 8.57142857143e-06 -0.000174609296242 8.23874464445e-06 8.57142857144e-06 -0.000111094656019 3.48923857599e-05 8.57142857143e-06 -0.000239301526905 8.65184070948e-06 8.57142857144e-06 -4.64127588094e-05 8.65184070948e-06 8.57142857143e-06 -0.000240732646858 3.54972894995e-05 8.57142857144e-06 -4.49816388558e-05 3.54972894995e-05 8.57142857143e-06 -7.91592184469e-05 8.28138115083e-06 8.57142857143e-06 -9.51574227531e-05 1.64445126501e-05 8.57142857143e-06 -0.000126907452523 1.64674855074e-05 8.57142857143e-06 -0.000110971309482 2.46714678452e-05 8.57142857143e-06 -7.93605787177e-05 2.46474951457e-05 8.57142857143e-06 -0.00014272548154 2.43006320752e-05 8.57142857143e-06 -6.52368163592e-05 1.68226203598e-05 8.57142857143e-06 -7.87569736901e-05 3.43857328897e-05 8.57142857143e-06 -0.000206551274757 8.28138115083e-06 8.57142857144e-06 -0.000190672279778 1.64248362005e-05 8.57142857144e-06 -0.00022054116819 1.67967273294e-05 8.57142857144e-06 -0.000206624275702 2.45118134133e-05 8.57142857144e-06 -0.000175098821788 2.43709698445e-05 8.57142857144e-06 -0.000207248527519 3.42834378417e-05 8.57142857144e-06 -0.000158810306969 1.63819749392e-05 8.57142857143e-06 -0.00014285392931 8.22115828925e-06 8.57142857143e-06 -0.000142855813211 3.49138824103e-05 8.57142857143e-06 -0.000263658988769 1.31518425676e-05 8.57142857144e-06 -0.000261568979791 3e-05 8.57142857144e-06 -0.000234779249578 2.56518506572e-05 8.57142857144e-06 -2.20552969448e-05 1.31518425676e-05 8.57142857143e-06 -2.41453059236e-05 3e-05 8.57142857143e-06 -5.10243908561e-05 2.56895463444e-05 8.57142857143e-06 -0.000265332387382 6.07394239717e-06 8.57142857144e-06 -0.000264484685301 3.67859003913e-05 8.57142857144e-06 -2.03818983324e-05 6.07394239717e-06 8.57142857143e-06 -2.12296004134e-05 3.67859003913e-05 8.57142857143e-06 -0.000244295118481 1.70362234801e-05 8.57142857144e-06 -4.14191672336e-05 1.70362234801e-05 8.57142857143e-06 -9.51240797116e-05 2.96277476357e-05 8.57142857143e-06 -0.000158940017691 2.95640202399e-05 8.57142857143e-06 -0.000189470943225 2.95231135794e-05 8.57142857144e-06 -0.000126885311877 2.96499282554e-05 8.57142857143e-06</DataArray>
        <DataArray type="Float64" Name="DisplacementMagnitude" format="ascii">8.57142857143e-06 0 4.37058815451e-05 4.28571428571e-05 0.000285842828227 0.000285714285714 0.000289037812652 0.000288910691659 1.21218305346e-05 1.916629695e-05 2.71052370872e-05 3.53409053624e-05 8.57142857143e-06 1.71428571429e-05 2.57142857143e-05 3.42857142857e-05 0.000285971312961 0.000286356421266 0.000286997120088 0.000287891702994 0.000285842828227 0.000286228109403 0.000286869094799 0.000287764075703 3.1746031746e-05 6.34920634921e-05 9.52380952381e-05 0.000126984126984 0.00015873015873 0.000190476190476 0.000222222222222 0.000253968253968 3.28828210374e-05 6.4068022556e-05 9.56230315998e-05 0.000127273083932 0.000158961418836 0.000190668950084 0.000222387466907 0.00025411285566 5.33342781473e-05 7.66027207112e-05 0.000104436724759 0.000134021278907 0.000164414105187 0.000195238095238 0.000226317146375 0.00025755894222 5.40186506056e-05 7.70807771634e-05 0.000104787875569 0.000134295095173 0.000164637381454 0.000195426157973 0.000226479403326 0.000257701529109 2.18529407725e-05 3.88087934492e-05 1.35526185436e-05 3.03045763366e-05 6.06091526731e-06 0.00028654878133 0.000286035533685 0.000288337953642 0.00028731693373 0.000285778564198 0.000111193733453 7.94807094178e-05 0.000269875301309 1.64414105187e-05 4.78115157999e-05 0.000142921414114 0.000174655764086 0.000206393707045 0.0002381338064 0.000119167030059 9.02990468579e-05 0.000273257045564 4.59026652137e-05 6.42080659805e-05 0.000149208797683 0.000179837066875 0.000210796340105 0.000241959592586 0.000263295661285 3.1684055829e-05 0.000177948099741 0.000116348926245 0.000143095040013 0.000207245086906 7.9329134458e-05 0.000241677605228 5.76554149696e-05 8.63805053704e-05 9.87655556398e-05 0.000129553823979 0.000112452555 8.14984947004e-05 0.000143796054041 7.03038675278e-05 0.000209360867904 0.000192247803468 0.000221923815146 0.000207020306702 0.000175751418393 0.000174974015396 0.000111237231777 4.55790035707e-05 0.000240966383986 0.000146912923153 0.000160655509898 2.74617501421e-05 5.38997720075e-05 0.000265293327945 3.70056856022e-05 0.000261884778693 0.000235298755191 0.000268187644028 4.20535900898e-05 2.20900970494e-05 0.000265626248827 0.000245421553571 4.88084756144e-05 0.00019107597238 0.000159280157527 9.60638078476e-05 0.000127478738142 0.000263457593087 3.27801614828e-05 0.000178300654357 0.00011171664649 0.000175013578431 0.000116760312468 0.000239611236202 4.79840381348e-05 0.000243486620193 5.79385431619e-05 8.00514367556e-05 9.69475450389e-05 0.000128258134138 0.000114003430832 8.35408274984e-05 0.000145032938286 6.79140055674e-05 8.6362659286e-05 0.000206894851955 0.000191570255801 0.000221345897418 0.000208249585099 0.000176994381127 0.00021023980512 0.000159882932454 0.000143346789119 0.000147309985883 0.000264125922071 0.000263423234694 0.000236331933649 2.70716913769e-05 3.94520618713e-05 5.77659990078e-05 0.000265540275585 0.000267168150448 2.29299791459e-05 4.33286024361e-05 0.000245038379059 4.55987906917e-05 9.99993167911e-05 0.000161893267013 0.000191948748236 0.000130585106362</DataArray>
        <DataArray type="Float64" Name="NodalVonMises" format="ascii">10000000 10000000 10000000 10000000 10000000 10000000 10000000 10000000 10000000 10000000 10000000 10000000 10000000 10000000 10000000 10000000 10000000 10000000 10000000 10000000 10000000 10000000 10000000 10000000 10000000 10000000 10000000 10000000 10000000 10000000 10000000 10000000 10000000 10000000 10000000 10000000 10000000 10000000 10000000 10000000 10000000 10000000 10000000 10000000 10000000 10000000 10000000 10000000 10000000 10000000 10000000 10000000 10000000 10000000 10000000 10000000 10000000 10000000 10000000 10000000 10000000 10000000 10000000 10000000 10000000 10000000 10000000 10000000 10000000 10000000 10000000 10000000 10000000 10000000 10000000 10000000 10000000 10000000 10000000 10000000 10000000 10000000 10000000 10000000 10000000 10000000 10000000 10000000 10000000 10000000 10000000 10000000 10000000 10000000 10000000 10000000 10000000 10000000 10000000 10000000 10000000 10000000 10000000 10000000 10000000 10000000 10000000 10000000 10000000 10000000 10000000 10000000 10000000 10000000 10000000 10000000 10000000 10000000 10000000 10000000 10000000 10000000 10000000 10000000 10000000 10000000 10000000 10000000 10000000 10000000 10000000 10000000 10000000 10000000 10000000 10000000 10000000 10000000 10000000 10000000 10000000 10000000 10000000 10000000 10000000 10000000 10000000 10000000 10000000 10000000 10000000 10000000 10000000 10000000 10000000 10000000 10000000 10000000 10000000 10000000 10000000 10000000 10000000 10000000 10000000 10000000 10000000 10000000 10000000 10000000</DataArray>
        <DataArray type="Float64" Name="NodalStressTrace" format="ascii">-10000000 -10000000 -10000000 -10000000 -10000000 -10000000 -10000000 -10000000 -10000000 -10000000 -10000000 -10000000 -10000000 -10000000 -10000000 -10000000 -10000000 -10000000 -10000000 -10000000 -10000000 -10000000 -10000000 -10000000 -10000000 -10000000 -10000000 -10000000 -10000000 -10000000 -10000000 -10000000 -10000000 -10000000 -10000000 -10000000 -10000000 -10000000 -10000000 -10000000 -10000000 -10000000 -10000000 -10000000 -10000000 -10000000 -10000000 -10000000 -10000000 -10000000 -10000000 -10000000 -10000000 -10000000 -10000000 -10000000 -10000000 -10000000 -10000000 -10000000 -10000000 -10000000 -10000000 -10000000 -10000000 -10000000 -10000000 -10000000 -10000000 -10000000 -10000000 -10000000 -10000000 -10000000 -10000000 -10000000 -10000000 -10000000 -10000000 -10000000 -10000000 -10000000 -10000000 -10000000 -10000000 -10000000 -10000000 -10000000 -10000000 -10000000 -10000000 -10000000 -10000000 -10000000 -10000000 -10000000 -10000000 -10000000 -10000000 -10000000 -10000000 -10000000 -10000000 -10000000 -10000000 -10000000 -10000000 -10000000 -10000000 -10000000 -10000000 -10000000 -10000000 -10000000 -10000000 -10000000 -10000000 -10000000 -10000000 -10000000 -10000000 -10000000 -10000000 -10000000 -10000000 -10000000 -10000000 -10000000 -10000000 -10000000 -10000000 -10000000 -10000000 -10000000 -10000000 -10000000 -10000000 -10000000 -10000000 -10000000 -10000000 -10000000 -10000000 -10000000 -10000000 -10000000 -10000000 -10000000 -10000000 -10000000 -10000000 -10000000 -10000000 -10000000 -10000000 -10000000 -10000000 -10000000 -10000000 -10000000 -10000000 -10000000 -10000000 -10000000 -10000000 -10000000 -10000000 -10000000 -10000000 -10000000</DataArray>
        <DataArray type="Float64" Name="NodalPrincipalStress" NumberOfComponents="3" format="ascii">-10000000 -1.08436951475e-08 5.05413198905e-08 -10000000 1.97477008281e-08 1.39799497736e-07 -10000000 -2.45200996546e-08 3.390718743e-09 -10000000 -1.50029488448e-08 1.16851121727e-08 -10000000 -7.73142053319e-09 8.13887415959e-09 -10000000 -7.18292291062e-09 1.18395357837e-08 -10000000 -7.80621486527e-09 9.61065235359e-09 -10000000 -2.43707110294e-08 -1.589905738e-09 -10000000 -1.41306360985e-08 2.58653005387e-08 -10000000 -8.48930896666e-09 2.41820943489e-08 -10000000 -1.91632576465e-08 9.24857226974e-10 -10000000 -3.36771459957e-08 -1.81276722173e-08 -10000000 2.18749670923e-08 7.70115334195e-08 -10000000 5.20310779761e-09 3.69059771832e-08 -10000000 -1.16603573656e-08 1.38722484803e-08 -10000000 -1.09836306487e-08 5.2210722183e-09 -10000000 -1.85360838134e-08 1.5835248347e-08 -10000000 -9.31780483904e-09 5.35556271333e-08 -10000000 -4.54252402839e-09 3.16672940141e-08 -10000000 -3.2615667428e-08 -5.23894185428e-10 -10000000 -2.21071781583e-08 1.91801643524e-08 -10000000 -2.97957401989e-09 4.1662722387e-08 -10000000 -1.48053854185e-08 7.762258448e-09 -10000000 -2.01234696582e-08 8.77297578006e-09 -10000000 -7.59859278268e-09 3.01365990884e-08 -10000000 -1.45686365551e-08 9.47962391528e-09 -10000000 -1.32794479398e-08 4.3320989194e-09 -10000000 2.5140947304e-09 1.28527277508e-08 -10000000 -6.28145278161e-09 6.35906299616e-09 -10000000 -1.30747477835e-08 7.25398169215e-09 -10000000 -1.62544908252e-08 -1.87303785931e-09 -10000000 2.7102924744e-10 1.63530787094e-08 -10000000 -7.78608517181e-09 1.24094365244e-08 -10000000 -1.97349946602e-08 5.2662332331e-09 -10000000 -1.45053744148e-08 3.46254960146e-09 -10000000 -1.02065163497e-09 1.32209773624e-08 -10000000 -1.02271079347e-08 5.29109828924e-09 -10000000 -1.71908101908e-08 4.08577110514e-09 -10000000 -2.33718031272e-08 -3.76959761873e-09 -10000000 -1.59166240525e-09 1.26677487391e-08 -10000000 -1.37474380798e-08 7.76036438582e-09 -10000000 -9.92804450788e-10 2.36291170282e-08 -10000000 -1.0181167054e-08 1.60351946659e-08 -10000000 -1.5594196923e-08 -1.27308970619e-09 -10000000 -7.72112361846e-09 6.68632075778e-09 -10000000 -2.9930837241e-09 1.78277218769e-08 -10000000 5.13753074285e-09 2.4121520143e-08 -10000000 -2.57617760411e-08 -1.42850946674e-08 -10000000 -1.63209665354e-08 7.89249723509e-09 -10000000 -5.37036459691e-10 1.68817476442e-08 -10000000 -1.39952768995e-08 9.83758683427e-09 -10000000 -1.85920973033e-08 -4.17873964603e-09 -10000000 -7.61655896947e-09 1.44617798929e-08 -10000000 -6.80955982388e-09 1.84843535271e-08 -10000000 1.9439456311e-09 1.86382832679e-08 -10000000 -2.93376288092e-09 3.67882094061e-09 -10000000 -6.02400418635e-09 1.9485848674e-08 -10000000 -1.16949123903e-08 6.39154772932e-09 -10000000 1.17774082163e-08 4.08888833782e-08 -10000000 -1.90426988297e-08 -1.38819015095e-09 -10000000 5.38425866161e-09 8.5710730668e-08 -10000000 -3.06312371133e-09 3.12356315935e-08 -10000000 -5.53467551826e-09 4.07852349675e-08 -10000000 -1.87410527132e-08 5.10752502369e-09 -10000000 -2.53479612396e-08 4.02455479166e-09 -10000000 -1.96274259827e-08 2.51437367413e-09 -10000000 -6.76350149691e-09 4.66802570402e-09 -10000000 -1.28120552148e-08 1.01345028128e-08 -10000000 -5.41670135223e-09 1.19359593745e-08 -10000000 -1.42160996497e-10 5.4973777577e-08 -10000000 -6.53028500971e-09 8.64904386696e-09 -10000000 1.52871645168e-09 1.68260992897e-08 -10000000 -1.28138046585e-08 9.39441832105e-10 -10000000 -1.64901188097e-08 9.81564035827e-09 -10000000 -4.70950684715e-09 1.16012938993e-08 -10000000 -1.24681483405e-08 3.85341452529e-09 -10000000 1.16275246602e-09 1.75801143481e-08 -10000000 -1.14964527267e-08 4.48242958659e-09 -10000000 -1.62011648733e-08 1.01766719688e-08 -10000000 -9.47888584836e-09 9.89798100693e-09 -10000000 -3.41809245638e-09 8.61797683132e-09 -10000000 -1.11944769227e-08 1.06512054208e-08 -10000000 1.13309601146e-08 3.71366188727e-08 -10000000 -1.55277811644e-08 -4.54222031858e-09 -10000000 -3.65736984079e-09 1.58421735253e-08 -10000000 -4.55979015831e-09 1.60072968046e-08 -10000000 -1.4149232987e-08 6.00016045908e-09 -10000000 -1.33748555734e-08 8.25258141301e-09 -10000000 1.42974779019e-09 1.5916135162e-08 -10000000 -9.30709956569e-09 1.19529023345e-08 -10000000 -9.12833767499e-09 1.27689622848e-08 -10000000 -1.58962148522e-08 8.33863212747e-10 -10000000 -2.94198447813e-09 1.93633928158e-08 -10000000 -9.87873269881e-09 1.42006515216e-08 -10000000 -1.1512638544e-08 4.4113039126e-09 -10000000 -1.56377429533e-08 2.94847287419e-09 -10000000 -9.45962316011e-09 6.99549884811e-09 -10000000 -8.84273144474e-09 1.07441817012e-08 -10000000 -1.28974873744e-08 5.40810167022e-09 -10000000 -3.31286483339e-09 1.96304124428e-08 -10000000 -3.82058369972e-09 1.76998770686e-08 -10000000 -1.06266553281e-08 8.91923060801e-09 -10000000 -6.83663241101e-09 1.64325810816e-08 -10000000 -6.16912909726e-09 1.40620879171e-08 -10000000 -1.38164282133e-08 2.54742506049e-09 -10000000 -1.22076825227e-08 4.34964829935e-09 -10000000 -7.30661767466e-09 7.57825342559e-09 -10000000 -4.75707573721e-09 1.64817617212e-08 -10000000 -5.11908451782e-09 1.32536051305e-08 -10000000 -1.44542111727e-08 1.71504881275e-09 -10000000 -1.51644235554e-08 5.00718672599e-09 -10000000 5.9093404567e-09 2.81504565578e-08 -10000000 -2.88662601465e-09 1.37042959198e-08 -10000000 -1.2507588962e-08 1.05285284909e-08 -10000000 -9.42222164337e-09 8.02523778145e-09 -10000000 7.80893128451e-09 3.30528466767e-08 -10000000 2.57832706019e-09 2.09375679489e-08 -10000000 -2.77451795102e-08 -6.34612841851e-09 -10000000 -1.20817876903e-08 5.16534798176e-09 -10000000 1.41420742128e-08 5.36116430905e-08 -10000000 -4.80206890214e-09 2.01999354691e-08 -10000000 -8.24091094135e-09 1.08020480215e-08 -10000000 6.85678482514e-10 1.80889379648e-08 -10000000 -9.26690609903e-09 1.0037038228e-08 -10000000 -6.368385079e-09 1.37025503541e-08 -10000000 -8.28371003596e-09 6.57628531583e-09 -10000000 -4.34210277891e-09 1.2630873693e-08 -10000000 -2.21692839944e-09 2.82551553814e-08 -10000000 -7.78173026212e-09 1.27875891007e-08 -10000000 -1.29388034092e-08 7.68348316672e-09 -10000000 -5.96184670267e-09 5.26335477171e-09 -10000000 -8.72904174362e-09 4.65450547967e-09 -10000000 -2.28488921193e-08 7.59084802659e-10 -10000000 -4.45300366939e-09 9.98720896855e-09 -10000000 -1.06282606714e-08 6.70118381509e-09 -10000000 -4.88980736983e-09 1.00702891911e-08 -10000000 -1.30704563902e-08 1.13009434984e-08 -10000000 -1.57055371596e-08 5.71710254689e-09 -10000000 -1.12904898907e-08 6.18761828399e-09 -10000000 -7.7290111592e-09 6.68127326276e-09 -10000000 -1.11462367936e-08 6.54783158148e-09 -10000000 -1.33506777349e-08 8.34481889634e-09 -10000000 -1.29677578e-08 4.46943930663e-09 -10000000 -1.48432078214e-08 5.84596652023e-09 -10000000 -8.39539779604e-09 1.41695977587e-08 -10000000 -1.52977827184e-08 4.57463807456e-09 -10000000 -9.51539444464e-09 5.14981987613e-09 -10000000 -5.92136617532e-09 1.44051327535e-08 -10000000 -1.1772585898e-08 1.03173943752e-08 -10000000 -6.66182151601e-09 9.61877069042e-09 -10000000 -4.44358701852e-09 1.56731880624e-08 -10000000 -9.22755211665e-09 6.26727679019e-09 -10000000 -7.78263555478e-09 7.95079101964e-09 -10000000 -1.40783614491e-08 4.19997887858e-11 -10000000 -5.70748754407e-09 3.06369971753e-08 -10000000 -2.51635434309e-08 -1.97785731502e-09 -10000000 -9.64893827068e-09 1.17981442121e-08 -10000000 -5.13399961247e-09 2.15485599901e-08 -10000000 -1.51752099559e-08 1.0224329738e-09 -10000000 -9.27153902233e-09 9.57600986403e-09 -10000000 -7.23968211947e-09 1.81337053936e-08 -10000000 -1.88273635072e-08 -2.04978420711e-09 -10000000 -4.44745725052e-09 2.33204353067e-08 -10000000 -2.08901453979e-08 -5.44710917538e-09 -10000000 -4.61078699586e-09 1.48130024723e-08 -10000000 -1.35594510846e-08 3.63239909604e-09 -10000000 -2.07275645259e-08 -3.04803617452e-10 -10000000 -1.79873041668e-08 2.10825426956e-09 -10000000 -1.80488833901e-08 3.59221706136e-09 -10000000 -1.97460440069e-08 -5.10221990995e-10</DataArray>
        <DataArray type="Float64" Name="ShellTopNodalVonMises" format="ascii">0 0 0 0 0 0 0 0 0 0 0 0 0 0 0 0 0 0 0 0 0 0 0 0 0 0 0 0 0 0 0 0 0 0 0 0 0 0 0 0 0 0 0 0 0 0 0 0 0 0 0 0 0 0 0 0 0 0 0 0 0 0 0 0 0 0 0 0 0 0 0 0 0 0 0 0 0 0 0 0 0 0 0 0 0 0 0 0 0 0 0 0 0 0 0 0 0 0 0 0 0 0 0 0 0 0 0 0 0 0 0 0 0 0 0 0 0 0 0 0 0 0 0 0 0 0 0 0 0 0 0 0 0 0 0 0 0 0 0 0 0 0 0 0 0 0 0 0 0 0 0 0 0 0 0 0 0 0 0 0 0 0 0 0 0 0 0 0 0 0</DataArray>
        <DataArray type="Float64" Name="ShellBottomNodalVonMises" format="ascii">0 0 0 0 0 0 0 0 0 0 0 0 0 0 0 0 0 0 0 0 0 0 0 0 0 0 0 0 0 0 0 0 0 0 0 0 0 0 0 0 0 0 0 0 0 0 0 0 0 0 0 0 0 0 0 0 0 0 0 0 0 0 0 0 0 0 0 0 0 0 0 0 0 0 0 0 0 0 0 0 0 0 0 0 0 0 0 0 0 0 0 0 0 0 0 0 0 0 0 0 0 0 0 0 0 0 0 0 0 0 0 0 0 0 0 0 0 0 0 0 0 0 0 0 0 0 0 0 0 0 0 0 0 0 0 0 0 0 0 0 0 0 0 0 0 0 0 0 0 0 0 0 0 0 0 0 0 0 0 0 0 0 0 0 0 0 0 0 0 0</DataArray>
      </PointData>
      <CellData Scalars="VonMises">
        <DataArray type="Int32" Name="ElementIndex" format="ascii">0 1 2 3 4 5 6 7 8 9 10 11 12 13 14 15 16 17 18 19 20 21 22 23 24 25 26 27 28 29 30 31 32 33 34 35 36 37 38 39 40 41 42 43 44 45 46 47 48 49 50 51 52 53 54 55 56 57 58 59 60 61 62 63 64 65 66 67 68 69 70 71 72 73 74 75 76 77 78 79 80 81 82 83 84 85 86 87 88 89 90 91 92 93 94 95 96 97 98 99 100 101 102 103 104 105 106 107 108 109 110 111 112 113 114 115 116 117 118 119 120 121 122 123 124 125 126 127 128 129 130 131 132 133 134 135 136 137 138 139 140 141 142 143 144 145 146 147 148 149 150 151 152 153 154 155 156 157 158 159 160 161 162 163 164 165 166 167 168 169 170 171 172 173 174 175 176 177 178 179 180 181 182 183 184 185 186 187 188 189 190 191 192 193 194 195 196 197 198 199 200 201 202 203 204 205 206 207 208 209 210 211 212 213 214 215 216 217 218 219 220 221 222 223 224 225 226 227 228 229 230 231 232 233 234 235 236 237 238 239 240 241 242 243 244 245 246 247 248 249 250 251 252 253 254 255 256 257 258 259 260 261 262 263 264 265 266 267 268 269 270 271 272 273 274 275 276 277 278 279 280 281 282 283 284 285 286 287 288 289 290 291 292 293 294 295 296 297 298 299 300 301 302 303 304 305 306 307 308 309 310 311 312 313 314 315 316 317 318 319 320 321 322 323 324 325 326 327 328 329 330 331 332 333 334 335 336 337 338 339 340 341 342 343 344 345 346 347 348 349 350 351 352 353 354 355 356 357 358 359 360 361 362 363 364 365 366 367 368 369 370 371 372 373 374 375 376 377 378 379 380 381 382 383 384 385 386 387 388 389 390 391 392 393 394 395 396 397 398 399 400 401 402 403 404 405 406 407 408 409 410 411 412 413 414 415 416 417 418 419 420 421 422 423 424 425 426 427 428 429 430</DataArray>
        <DataArray type="Float64" Name="VonMises" format="ascii">10000000 10000000 10000000 10000000 10000000 10000000 10000000 10000000 10000000 10000000 10000000 10000000 10000000 10000000 10000000 10000000 10000000 10000000 10000000 10000000 10000000 10000000 10000000 10000000 10000000 10000000 10000000 10000000 10000000 10000000 10000000 10000000 10000000 10000000 10000000 10000000 10000000 10000000 10000000 10000000 10000000 10000000 10000000 10000000 10000000 10000000 10000000 10000000 10000000 10000000 10000000 10000000 10000000 10000000 10000000 10000000 10000000 10000000 10000000 10000000 10000000 10000000 10000000 10000000 10000000 10000000 10000000 10000000 10000000 10000000 10000000 10000000 10000000 10000000 10000000 10000000 10000000 10000000 10000000 10000000 10000000 10000000 10000000 10000000 10000000 10000000 10000000 10000000 10000000 10000000 10000000 10000000 10000000 10000000 10000000 10000000 10000000 10000000 10000000 10000000 10000000 10000000 10000000 10000000 10000000 10000000 10000000 10000000 10000000 10000000 10000000 10000000 10000000 10000000 10000000 10000000 10000000 10000000 10000000 10000000 10000000 10000000 10000000 10000000 10000000 10000000 10000000 10000000 10000000 10000000 10000000 10000000 10000000 10000000 10000000 10000000 10000000 10000000 10000000 10000000 10000000 10000000 10000000 10000000 10000000 10000000 10000000 10000000 10000000 10000000 10000000 10000000 10000000 10000000 10000000 10000000 10000000 10000000 10000000 10000000 10000000 10000000 10000000 10000000 10000000 10000000 10000000 10000000 10000000 10000000 10000000 10000000 10000000 10000000 10000000 10000000 10000000 10000000 10000000 10000000 10000000 10000000 10000000 10000000 10000000 10000000 10000000 10000000 10000000 10000000 10000000 10000000 10000000 10000000 10000000 10000000 10000000 10000000 10000000 10000000 10000000 10000000 10000000 10000000 10000000 10000000 10000000 10000000 10000000 10000000 10000000 10000000 10000000 10000000 10000000 10000000 10000000 10000000 10000000 10000000 10000000 10000000 10000000 10000000 10000000 10000000 10000000 10000000 10000000 10000000 10000000 10000000 10000000 10000000 10000000 10000000 10000000 10000000 10000000 10000000 10000000 10000000 10000000 10000000 10000000 10000000 10000000 10000000 10000000 10000000 10000000 10000000 10000000 10000000 10000000 10000000 10000000 10000000 10000000 10000000 10000000 10000000 10000000 10000000 10000000 10000000 10000000 10000000 10000000 10000000 10000000 10000000 10000000 10000000 10000000 10000000 10000000 10000000 10000000 10000000 10000000 10000000 10000000 10000000 10000000 10000000 10000000 10000000 10000000 10000000 10000000 10000000 10000000 10000000 10000000 10000000 10000000 10000000 10000000 10000000 10000000 10000000 10000000 10000000 10000000 10000000 10000000 10000000 10000000 10000000 10000000 10000000 10000000 10000000 10000000 10000000 10000000 10000000 10000000 10000000 10000000 10000000 10000000 10000000 10000000 10000000 10000000 10000000 10000000 10000000 10000000 10000000 10000000 10000000 10000000 10000000 10000000 10000000 10000000 10000000 10000000 10000000 10000000 10000000 10000000 10000000 10000000 10000000 10000000 10000000 10000000 10000000 10000000 10000000 10000000 10000000 10000000 10000000 10000000 10000000 10000000 10000000 10000000 10000000 10000000 10000000 10000000 10000000 10000000 10000000 10000000 10000000 10000000 10000000 10000000 10000000 10000000 10000000 10000000 10000000 10000000 10000000 10000000 10000000 10000000 10000000 10000000 10000000 10000000 10000000 10000000 10000000 10000000 10000000 10000000 10000000 10000000 10000000 10000000 10000000 10000000 10000000 10000000 10000000 10000000 10000000 10000000 10000000 10000000 10000000 10000000 10000000 10000000 10000000 10000000 10000000 10000000 10000000 10000000 10000000 10000000 10000000 10000000 10000000 10000000 10000000 10000000 10000000 10000000 10000000 10000000</DataArray>
        <DataArray type="Int32" Name="HasVonMises" format="ascii">1 1 1 1 1 1 1 1 1 1 1 1 1 1 1 1 1 1 1 1 1 1 1 1 1 1 1 1 1 1 1 1 1 1 1 1 1 1 1 1 1 1 1 1 1 1 1 1 1 1 1 1 1 1 1 1 1 1 1 1 1 1 1 1 1 1 1 1 1 1 1 1 1 1 1 1 1 1 1 1 1 1 1 1 1 1 1 1 1 1 1 1 1 1 1 1 1 1 1 1 1 1 1 1 1 1 1 1 1 1 1 1 1 1 1 1 1 1 1 1 1 1 1 1 1 1 1 1 1 1 1 1 1 1 1 1 1 1 1 1 1 1 1 1 1 1 1 1 1 1 1 1 1 1 1 1 1 1 1 1 1 1 1 1 1 1 1 1 1 1 1 1 1 1 1 1 1 1 1 1 1 1 1 1 1 1 1 1 1 1 1 1 1 1 1 1 1 1 1 1 1 1 1 1 1 1 1 1 1 1 1 1 1 1 1 1 1 1 1 1 1 1 1 1 1 1 1 1 1 1 1 1 1 1 1 1 1 1 1 1 1 1 1 1 1 1 1 1 1 1 1 1 1 1 1 1 1 1 1 1 1 1 1 1 1 1 1 1 1 1 1 1 1 1 1 1 1 1 1 1 1 1 1 1 1 1 1 1 1 1 1 1 1 1 1 1 1 1 1 1 1 1 1 1 1 1 1 1 1 1 1 1 1 1 1 1 1 1 1 1 1 1 1 1 1 1 1 1 1 1 1 1 1 1 1 1 1 1 1 1 1 1 1 1 1 1 1 1 1 1 1 1 1 1 1 1 1 1 1 1 1 1 1 1 1 1 1 1 1 1 1 1 1 1 1 1 1 1 1 1 1 1 1 1 1 1 1 1 1 1 1 1 1 1 1 1 1 1 1 1 1 1 1 1 1 1 1 1 1 1 1 1 1 1 1 1 1 1 1 1 1 1 1 1 1 1 1 1 1 1 1</DataArray>
        <DataArray type="Float64" Name="StressTrace" format="ascii">-10000000 -10000000 -10000000 -10000000 -10000000 -10000000 -10000000 -10000000 -10000000 -10000000 -10000000 -10000000 -10000000 -10000000 -10000000 -10000000 -10000000 -10000000 -10000000 -10000000 -10000000 -10000000 -10000000 -10000000 -10000000 -10000000 -10000000 -10000000 -10000000 -10000000 -10000000 -10000000 -10000000 -10000000 -10000000 -10000000 -10000000 -10000000 -10000000 -10000000 -10000000 -10000000 -10000000 -10000000 -10000000 -10000000 -10000000 -10000000 -10000000 -10000000 -10000000 -10000000 -10000000 -10000000 -10000000 -10000000 -10000000 -10000000 -10000000 -10000000 -10000000 -10000000 -10000000 -10000000 -10000000 -10000000 -10000000 -10000000 -10000000 -10000000 -10000000 -10000000 -10000000 -10000000 -10000000 -10000000 -10000000 -10000000 -10000000 -10000000 -10000000 -10000000 -10000000 -10000000 -10000000 -10000000 -10000000 -10000000 -10000000 -10000000 -10000000 -10000000 -10000000 -10000000 -10000000 -10000000 -10000000 -10000000 -10000000 -10000000 -10000000 -10000000 -10000000 -10000000 -10000000 -10000000 -10000000 -10000000 -10000000 -10000000 -10000000 -10000000 -10000000 -10000000 -10000000 -10000000 -10000000 -10000000 -10000000 -10000000 -10000000 -10000000 -10000000 -10000000 -10000000 -10000000 -10000000 -10000000 -10000000 -10000000 -10000000 -10000000 -10000000 -10000000 -10000000 -10000000 -10000000 -10000000 -10000000 -10000000 -10000000 -10000000 -10000000 -10000000 -10000000 -10000000 -10000000 -10000000 -10000000 -10000000 -10000000 -10000000 -10000000 -10000000 -10000000 -10000000 -10000000 -10000000 -10000000 -10000000 -10000000 -10000000 -10000000 -10000000 -10000000 -10000000 -10000000 -10000000 -10000000 -10000000 -10000000 -10000000 -10000000 -10000000 -10000000 -10000000 -10000000 -10000000 -10000000 -10000000 -10000000 -10000000 -10000000 -10000000 -10000000 -10000000 -10000000 -10000000 -10000000 -10000000 -10000000 -10000000 -10000000 -10000000 -10000000 -10000000 -10000000 -10000000 -10000000 -10000000 -10000000 -10000000 -10000000 -10000000 -10000000 -10000000 -10000000 -10000000 -10000000 -10000000 -10000000 -10000000 -10000000 -10000000 -10000000 -10000000 -10000000 -10000000 -10000000 -10000000 -10000000 -10000000 -10000000 -10000000 -10000000 -10000000 -10000000 -10000000 -10000000 -10000000 -10000000 -10000000 -10000000 -10000000 -10000000 -10000000 -10000000 -10000000 -10000000 -10000000 -10000000 -10000000 -10000000 -10000000 -10000000 -10000000 -10000000 -10000000 -10000000 -10000000 -10000000 -10000000 -10000000 -10000000 -10000000 -10000000 -10000000 -10000000 -10000000 -10000000 -10000000 -10000000 -10000000 -10000000 -10000000 -10000000 -10000000 -10000000 -10000000 -10000000 -10000000 -10000000 -10000000 -10000000 -10000000 -10000000 -10000000 -10000000 -10000000 -10000000 -10000000 -10000000 -10000000 -10000000 -10000000 -10000000 -10000000 -10000000 -10000000 -10000000 -10000000 -10000000 -10000000 -10000000 -10000000 -10000000 -10000000 -10000000 -10000000 -10000000 -10000000 -10000000 -10000000 -10000000 -10000000 -10000000 -10000000 -10000000 -10000000 -10000000 -10000000 -10000000 -10000000 -10000000 -10000000 -10000000 -10000000 -10000000 -10000000 -10000000 -10000000 -10000000 -10000000 -10000000 -10000000 -10000000 -10000000 -10000000 -10000000 -10000000 -10000000 -10000000 -10000000 -10000000 -10000000 -10000000 -10000000 -10000000 -10000000 -10000000 -10000000 -10000000 -10000000 -10000000 -10000000 -10000000 -10000000 -10000000 -10000000 -10000000 -10000000 -10000000 -10000000 -10000000 -10000000 -10000000 -10000000 -10000000 -10000000 -10000000 -10000000 -10000000 -10000000 -10000000 -10000000 -10000000 -10000000 -10000000 -10000000 -10000000 -10000000 -10000000 -10000000 -10000000 -10000000 -10000000 -10000000 -10000000 -10000000 -10000000 -10000000 -10000000 -10000000 -10000000 -10000000 -10000000 -10000000 -10000000 -10000000 -10000000 -10000000 -10000000 -10000000 -10000000 -10000000 -10000000 -10000000 -10000000 -10000000 -10000000 -10000000 -10000000 -10000000 -10000000 -10000000 -10000000 -10000000 -10000000 -10000000 -10000000 -10000000 -10000000 -10000000 -10000000 -10000000 -10000000 -10000000 -10000000 -10000000 -10000000 -10000000 -10000000 -10000000 -10000000 -10000000 -10000000 -10000000 -10000000 -10000000 -10000000 -10000000</DataArray>
        <DataArray type="Float64" Name="HydrostaticPressure" format="ascii">3333333.33333 3333333.33333 3333333.33333 3333333.33333 3333333.33333 3333333.33333 3333333.33333 3333333.33333 3333333.33333 3333333.33333 3333333.33333 3333333.33333 3333333.33333 3333333.33333 3333333.33333 3333333.33333 3333333.33333 3333333.33333 3333333.33333 3333333.33333 3333333.33333 3333333.33333 3333333.33333 3333333.33333 3333333.33333 3333333.33333 3333333.33333 3333333.33333 3333333.33333 3333333.33333 3333333.33333 3333333.33333 3333333.33333 3333333.33333 3333333.33333 3333333.33333 3333333.33333 3333333.33333 3333333.33333 3333333.33333 3333333.33333 3333333.33333 3333333.33333 3333333.33333 3333333.33333 3333333.33333 3333333.33333 3333333.33333 3333333.33333 3333333.33333 3333333.33333 3333333.33333 3333333.33333 3333333.33333 3333333.33333 3333333.33333 3333333.33333 3333333.33333 3333333.33333 3333333.33333 3333333.33333 3333333.33333 3333333.33333 3333333.33333 3333333.33333 3333333.33333 3333333.33333 3333333.33333 3333333.33333 3333333.33333 3333333.33333 3333333.33333 3333333.33333 3333333.33333 3333333.33333 3333333.33333 3333333.33333 3333333.33333 3333333.33333 3333333.33333 3333333.33333 3333333.33333 3333333.33333 3333333.33333 3333333.33333 3333333.33333 3333333.33333 3333333.33333 3333333.33333 3333333.33333 3333333.33333 3333333.33333 3333333.33333 3333333.33333 3333333.33333 3333333.33333 3333333.33333 3333333.33333 3333333.33333 3333333.33333 3333333.33333 3333333.33333 3333333.33333 3333333.33333 3333333.33333 3333333.33333 3333333.33333 3333333.33333 3333333.33333 3333333.33333 3333333.33333 3333333.33333 3333333.33333 3333333.33333 3333333.33333 3333333.33333 3333333.33333 3333333.33333 3333333.33333 3333333.33333 3333333.33333 3333333.33333 3333333.33333 3333333.33333 3333333.33333 3333333.33333 3333333.33333 3333333.33333 3333333.33333 3333333.33333 3333333.33333 3333333.33333 3333333.33333 3333333.33333 3333333.33333 3333333.33333 3333333.33333 3333333.33333 3333333.33333 3333333.33333 3333333.33333 3333333.33333 3333333.33333 3333333.33333 3333333.33333 3333333.33333 3333333.33333 3333333.33333 3333333.33333 3333333.33333 3333333.33333 3333333.33333 3333333.33333 3333333.33333 3333333.33333 3333333.33333 3333333.33333 3333333.33333 3333333.33333 3333333.33333 3333333.33333 3333333.33333 3333333.33333 3333333.33333 3333333.33333 3333333.33333 3333333.33333 3333333.33333 3333333.33333 3333333.33333 3333333.33333 3333333.33333 3333333.33333 3333333.33333 3333333.33333 3333333.33333 3333333.33333 3333333.33333 3333333.33333 3333333.33333 3333333.33333 3333333.33333 3333333.33333 3333333.33333 3333333.33333 3333333.33333 3333333.33333 3333333.33333 3333333.33333 3333333.33333 3333333.33333 3333333.33333 3333333.33333 3333333.33333 3333333.33333 3333333.33333 3333333.33333 3333333.33333 3333333.33333 3333333.33333 3333333.33333 3333333.33333 3333333.33333 3333333.33333 3333333.33333 3333333.33333 3333333.33333 3333333.33333 3333333.33333 3333333.33333 3333333.33333 3333333.33333 3333333.33333 3333333.33333 3333333.33333 3333333.33333 3333333.33333 3333333.33333 3333333.33333 3333333.33333 3333333.33333 3333333.33333 3333333.33333 3333333.33333 3333333.33333 3333333.33333 3333333.33333 3333333.33333 3333333.33333 3333333.33333 3333333.33333 3333333.33333 3333333.33333 3333333.33333 3333333.33333 3333333.33333 3333333.33333 3333333.33333 3333333.33333 3333333.33333 3333333.33333 3333333.33333 3333333.33333 3333333.33333 3333333.33333 3333333.33333 3333333.33333 3333333.33333 3333333.33333 3333333.33333 3333333.33333 3333333.33333 3333333.33333 3333333.33333 3333333.33333 3333333.33333 3333333.33333 3333333.33333 3333333.33333 3333333.33333 3333333.33333 3333333.33333 3333333.33333 3333333.33333 3333333.33333 3333333.33333 3333333.33333 3333333.33333 3333333.33333 3333333.33333 3333333.33333 3333333.33333 3333333.33333 3333333.33333 3333333.33333 3333333.33333 3333333.33333 3333333.33333 3333333.33333 3333333.33333 3333333.33333 3333333.33333 3333333.33333 3333333.33333 3333333.33333 3333333.33333 3333333.33333 3333333.33333 3333333.33333 3333333.33333 3333333.33333 3333333.33333 3333333.33333 3333333.33333 3333333.33333 3333333.33333 3333333.33333 3333333.33333 3333333.33333 3333333.33333 3333333.33333 3333333.33333 3333333.33333 3333333.33333 3333333.33333 3333333.33333 3333333.33333 3333333.33333 3333333.33333 3333333.33333 3333333.33333 3333333.33333 3333333.33333 3333333.33333 3333333.33333 3333333.33333 3333333.33333 3333333.33333 3333333.33333 3333333.33333 3333333.33333 3333333.33333 3333333.33333 3333333.33333 3333333.33333 3333333.33333 3333333.33333 3333333.33333 3333333.33333 3333333.33333 3333333.33333 3333333.33333 3333333.33333 3333333.33333 3333333.33333 3333333.33333 3333333.33333 3333333.33333 3333333.33333 3333333.33333 3333333.33333 3333333.33333 3333333.33333 3333333.33333 3333333.33333 3333333.33333 3333333.33333 3333333.33333 3333333.33333 3333333.33333 3333333.33333 3333333.33333 3333333.33333 3333333.33333 3333333.33333 3333333.33333 3333333.33333 3333333.33333 3333333.33333 3333333.33333 3333333.33333 3333333.33333 3333333.33333 3333333.33333 3333333.33333 3333333.33333 3333333.33333 3333333.33333 3333333.33333 3333333.33333 3333333.33333 3333333.33333 3333333.33333 3333333.33333 3333333.33333 3333333.33333 3333333.33333 3333333.33333 3333333.33333 3333333.33333 3333333.33333 3333333.33333 3333333.33333 3333333.33333 3333333.33333 3333333.33333 3333333.33333 3333333.33333 3333333.33333 3333333.33333 3333333.33333 3333333.33333 3333333.33333 3333333.33333 3333333.33333 3333333.33333 3333333.33333 3333333.33333 3333333.33333 3333333.33333 3333333.33333 3333333.33333 3333333.33333 3333333.33333 3333333.33333 3333333.33333 3333333.33333 3333333.33333 3333333.33333 3333333.33333 3333333.33333 3333333.33333 3333333.33333 3333333.33333 3333333.33333 3333333.33333 3333333.33333 3333333.33333 3333333.33333 3333333.33333 3333333.33333 3333333.33333 3333333.33333 3333333.33333 3333333.33333 3333333.33333 3333333.33333 3333333.33333 3333333.33333 3333333.33333 3333333.33333</DataArray>
        <DataArray type="Float64" Name="PrincipalStress" NumberOfComponents="3" format="ascii">-10000000 -1.00980552712e-08 6.01566436568e-08 -10000000 -2.81450357297e-08 2.53510680058e-08 -10000000 -1.81634369046e-08 -5.58528874808e-09 -10000000 -5.25063806236e-09 1.2836390197e-10 -10000000 1.59437686155e-08 1.96793198636e-08 -10000000 -6.6481686611e-09 1.08391202469e-08 -10000000 -4.19744733845e-09 1.63046408084e-08 -10000000 2.14187948919e-08 4.19111401819e-08 -10000000 7.14440786255e-09 1.52073339282e-08 -10000000 2.2824608286e-09 1.12217165033e-08 -10000000 -1.80970174061e-08 -1.03083211197e-08 -10000000 -1.67638063431e-08 -2.32830643654e-09 -10000000 -1.64470217471e-09 1.16564198518e-08 -10000000 1.0171675769e-09 1.76092839154e-08 -10000000 -1.53818445403e-08 -6.50423596313e-09 -10000000 -6.29978667116e-09 4.66997216558e-09 -10000000 2.65819868372e-08 4.69924965574e-08 -10000000 -5.45014463737e-09 7.54562043025e-09 -10000000 8.88870431702e-09 5.21129243203e-08 -10000000 6.53457582615e-09 1.23247063098e-08 -10000000 -2.63028115257e-09 4.72575694545e-09 -10000000 2.4001272812e-08 8.51962990617e-08 -10000000 -1.0857653227e-08 -4.04350796683e-09 -10000000 1.65628869443e-08 2.48809676261e-08 -10000000 -2.35932287248e-08 -1.45909968344e-08 -10000000 -1.14844532625e-08 -3.89909563864e-10 -10000000 -4.8107157235e-09 2.94907639508e-08 -10000000 1.47904865432e-08 3.75964082789e-08 -10000000 -1.9784105216e-08 5.11577466585e-09 -10000000 -3.26346881869e-09 1.42065090704e-08 -10000000 -4.29362720621e-09 1.3839683596e-08 -10000000 -8.61079212032e-09 1.07062679132e-08 -10000000 -2.92216028531e-08 -1.45505581539e-08 -10000000 -4.56263819925e-08 -2.21273353108e-08 -10000000 7.6393768418e-09 2.44912519824e-08 -10000000 -1.70472982724e-08 1.07608708937e-08 -10000000 3.14561287362e-09 1.89732982735e-08 -10000000 -3.88700906712e-08 -2.16658766788e-08 -10000000 2.75875078971e-08 6.6476072139e-08 -10000000 -1.65353915376e-08 1.07146254463e-08 -10000000 -2.88932906294e-08 -1.48788703775e-08 -10000000 -2.31441119568e-08 -7.3567023619e-09 -10000000 3.07660399836e-09 1.78781539305e-08 -10000000 -1.07613671178e-08 2.84512523355e-09 -10000000 -8.02751850998e-09 -4.31250560367e-09 -10000000 -4.85194014671e-09 6.24892400863e-09 -10000000 -1.11897971027e-08 -1.61588829831e-09 -10000000 1.26714935877e-08 2.10889497421e-08 -10000000 1.15014049236e-08 4.04198286112e-08 -10000000 4.85747033497e-09 2.26165456162e-08 -10000000 3.63095503278e-08 5.72883684211e-08 -10000000 -1.58324837685e-08 1.02445483208e-08 -10000000 4.09781932831e-08 4.12110239267e-08 -10000000 -3.00741285471e-08 8.42087868724e-09 -10000000 -1.82443474486e-08 3.91991053775e-08 -10000000 -2.2170280649e-08 4.707982375e-09 -10000000 -1.0448421113e-08 2.03872792223e-10 -10000000 -1.59881061434e-08 -4.26815985448e-09 -10000000 -2.04461025965e-08 -1.2848679446e-08 -10000000 -3.25788058234e-08 -1.72469519185e-08 -10000000 -2.03445902589e-08 -2.70564346286e-09 -10000000 -2.12972141104e-08 1.52436173754e-08 -10000000 9.41331990509e-09 4.25079136297e-08 -10000000 -2.72488323317e-08 -1.51263448133e-08 -10000000 2.20284541119e-08 6.20234082472e-08 -10000000 -1.09905089149e-08 -2.74649906069e-09 -10000000 1.11444547933e-08 3.7749980374e-08 -10000000 -2.91105581135e-08 3.49918731161e-09 -10000000 -1.89977454963e-08 -1.56940204082e-08 -10000000 -2.12812991261e-08 -5.02856360682e-09 -10000000 -8.18893059935e-10 1.2227594599e-08 -10000000 -7.42260728113e-09 -4.68458618887e-09 -10000000 1.23728523988e-08 1.32385184032e-08 -10000000 -1.8728700759e-08 -3.15737974446e-09 -10000000 -8.81915378353e-09 2.79112665632e-08 -10000000 1.08703510402e-08 1.96304632785e-08 -10000000 -1.94955614623e-08 2.18238678989e-08 -10000000 1.91953878077e-08 3.94779343931e-08 -10000000 -1.33025201061e-08 5.15344757821e-09 -10000000 -2.23311870065e-08 -7.47113538124e-09 -10000000 -9.85562329801e-09 1.0554115229e-08 -10000000 -2.56956289714e-08 -4.80518534726e-09 -10000000 -4.89950165496e-09 1.53768806194e-08 -10000000 1.74688494078e-08 3.88761663564e-08 -10000000 6.74153662578e-09 3.19083502208e-08 -10000000 9.17840829768e-09 2.52805269631e-08 -10000000 -1.32863366893e-08 6.30141737971e-09 -10000000 -1.4985589934e-08 1.03289770609e-08 -10000000 -6.81241463123e-09 6.11392270026e-09 -10000000 -3.87638188269e-08 1.97657712957e-09 -10000000 -3.04120087287e-08 1.76063233277e-08 -10000000 -1.28504249923e-08 -4.6118732817e-09 -10000000 -1.96227373863e-08 -7.85127856481e-09 -10000000 3.73780209585e-08 6.27391558126e-08 -10000000 -2.04545443301e-08 -2.59568939162e-09 -10000000 2.91043445888e-08 3.53897437034e-08 -10000000 -3.91255114247e-08 -1.3494214041e-08 -10000000 -2.25063730673e-08 3.27509213881e-08 -10000000 2.08172559838e-08 3.34322839876e-08 -10000000 -3.57737389967e-08 4.10877145973e-09 -10000000 -2.01014551369e-08 -1.5481086097e-10 -10000000 -2.73024791562e-08 7.51187444563e-09 -10000000 1.04617122484e-08 2.98179891037e-08 -10000000 1.59306389729e-08 3.94830542167e-08 -10000000 -2.5982696509e-08 -1.45298354868e-08 -10000000 1.03660433791e-08 4.66774643161e-08 -10000000 4.39610012891e-09 1.28333675015e-08 -10000000 -4.24108535733e-08 -7.18207352493e-09 -10000000 4.27833409086e-09 3.85625043415e-08 -10000000 -2.40255214142e-08 -1.58584938777e-09 -10000000 -1.8344192769e-08 9.72945895384e-09 -10000000 -2.09602914001e-08 -1.18688293551e-08 -10000000 -1.86264514923e-08 2.74740159512e-08 -10000000 -3.37680838156e-08 -2.25769319486e-08 -10000000 -2.46265168988e-08 3.67337103688e-08 -10000000 -3.29477218386e-08 -5.93499565161e-09 -10000000 -4.34350534273e-08 -1.19786397624e-08 -10000000 -6.95506495675e-09 4.39392787656e-09 -10000000 2.45401729327e-08 2.99421976824e-08 -10000000 7.8034630442e-08 8.49468201157e-08 -10000000 -1.84359288845e-08 7.40799966848e-10 -10000000 1.39395121407e-09 7.45361324478e-09 -10000000 -7.494696219e-09 7.72752686266e-09 -10000000 -2.19559422202e-08 3.02692360419e-10 -10000000 -7.39957892952e-09 2.04447412548e-09 -10000000 -7.42532276977e-10 1.49452015399e-08 -10000000 -2.47253618897e-08 7.9615555466e-09 -10000000 -7.69245152308e-09 -2.08643551038e-09 -10000000 -2.37580933668e-08 -9.53668867571e-09 -10000000 -6.73604107897e-09 5.5718878607e-09 -10000000 1.64813979491e-08 3.98636178151e-08 -10000000 -2.23234435012e-08 -7.71170953016e-09 -10000000 -1.61371780305e-08 7.05678292795e-09 -10000000 4.16318896727e-08 1.09940859346e-07 -10000000 1.73774915421e-09 1.54917184762e-08 -10000000 -1.83565041616e-08 6.24931069159e-09 -10000000 -8.87916019089e-09 4.45537796147e-09 -10000000 -2.26659536737e-09 8.69611505446e-10 -10000000 -2.31424089207e-08 -3.40028445582e-09 -10000000 -1.75000386315e-08 -5.08453380295e-09 -10000000 -5.04584062493e-09 7.14131641781e-09 -10000000 -3.02552690679e-08 -1.58451983755e-08 -10000000 3.61864143795e-08 5.36862140709e-08 -10000000 8.0959676484e-09 1.47214354297e-08 -10000000 -1.67501902723e-08 6.97130323887e-09 -10000000 -6.79495967516e-09 1.20702422746e-09 -10000000 -2.82830363013e-08 -1.33936489127e-08 -10000000 -1.29640410781e-08 -3.07305610168e-10 -10000000 -5.05938603558e-08 -2.90342197738e-08 -10000000 -3.76426358577e-08 -3.61646781806e-08 -10000000 -1.22665612896e-08 -2.86743054793e-09 -10000000 7.45900476058e-09 3.09580514423e-08 -10000000 -2.17969923885e-09 4.04234438809e-09 -10000000 -5.44112402011e-09 1.9486643653e-09 -10000000 -1.2309279092e-08 -9.11114012413e-09 -10000000 -1.96448449941e-08 -5.50086452056e-09 -10000000 -1.40822086526e-08 -5.00990412707e-09 -10000000 1.0176942664e-09 1.24864830655e-08 -10000000 -7.28613497414e-09 6.82047368683e-09 -10000000 -9.35234119004e-10 1.86303630367e-08 -10000000 -1.66324851735e-08 -1.41011597888e-08 -10000000 -5.90635437602e-09 1.94105317079e-08 -10000000 -8.1691852223e-09 -6.73197597154e-09 -10000000 -2.37452895457e-09 1.09892627698e-08 -10000000 1.60309512268e-09 1.65576950823e-08 -10000000 -5.84241060639e-09 6.773733181e-09 -10000000 7.85573826371e-09 2.38092292732e-08 -10000000 -1.80048406914e-08 -1.45914494202e-08 -10000000 -5.5090408883e-09 9.46716183042e-09 -10000000 -2.09841829636e-08 -1.67343813083e-08 -10000000 1.15345138939e-08 2.6184050378e-08 -10000000 -2.50420767268e-08 8.2768978682e-10 -10000000 1.50199845173e-08 3.01491603515e-08 -10000000 -2.49036142458e-08 8.37263854642e-09 -10000000 2.14995432291e-09 1.0655731078e-08 -10000000 -1.53951326254e-08 1.1669842327e-08 -10000000 -1.79097334802e-08 2.18678544223e-08 -10000000 -1.96538916305e-08 7.7795288042e-09 -10000000 -1.69396575122e-08 -4.01510041669e-09 -10000000 -4.5401809907e-08 -1.60654800176e-08 -10000000 1.88888800019e-08 4.67693615085e-08 -10000000 -3.20617426932e-08 -1.86953376234e-08 -10000000 1.88010091805e-08 2.79979501939e-08 -10000000 -4.32998076511e-09 5.02847269608e-09 -10000000 -5.66670637282e-09 1.96365449921e-08 -10000000 -1.24228621326e-08 6.60209604127e-09 -10000000 1.95859377874e-08 4.56066424357e-08 -10000000 -2.18449499273e-08 9.03926452632e-09 -10000000 -2.71062872151e-08 -5.25717225277e-09 -10000000 3.45372827262e-08 4.85832570582e-08 -10000000 -1.0272198338e-09 6.84798592515e-09 -10000000 -3.06226153802e-08 -1.38480375577e-08 -10000000 3.00264883325e-09 2.19102300377e-08 -10000000 -4.06554914645e-08 -4.51365340434e-09 -10000000 -4.80834860442e-08 -3.29415779473e-08 -10000000 -2.8313094298e-08 -3.35187323891e-09 -10000000 1.17448469672e-08 2.94661769595e-08 -10000000 -9.89369675819e-09 9.19520482723e-09 -10000000 -7.73864138646e-09 1.30937461905e-08 -10000000 -1.59839872153e-08 6.20510018189e-09 -10000000 -4.31178752888e-09 1.61861503552e-08 -10000000 -5.60336086846e-12 3.19034015414e-08 -10000000 -5.2219272215e-09 5.92041915246e-09 -10000000 -3.17790585716e-08 -8.03498149317e-09 -10000000 2.0166774141e-08 2.70978465208e-08 -10000000 -2.33621247409e-08 -5.27604442852e-09 -10000000 -7.26610655357e-09 1.00600742774e-08 -10000000 -2.97008823033e-08 8.97895501813e-09 -10000000 -2.88365316008e-08 2.29383822423e-09 -10000000 -1.86264514923e-09 4.19095158577e-09 -10000000 4.58594351616e-09 4.08160319963e-08 -10000000 1.58715127092e-08 2.72021563667e-08 -10000000 5.87423795143e-09 3.27756488951e-08 -10000000 -2.73816322987e-09 2.04332921476e-08 -10000000 -4.71040800835e-09 2.65964885118e-08 -10000000 -3.92635414627e-08 -2.47648855421e-08 -10000000 -3.87449442095e-08 -2.76117892318e-08 -10000000 2.45015286685e-09 8.49288738488e-09 -10000000 -1.93661003401e-08 -6.47810110543e-09 -10000000 -1.95042529121e-08 3.90459978725e-09 -10000000 2.51238228955e-08 3.68091283164e-08 -10000000 -6.65372261036e-09 1.38714725636e-08 -10000000 -1.2914305138e-08 -1.01359285837e-08 -10000000 -3.35336282767e-08 -6.04758114449e-09 -10000000 8.27757164316e-09 2.94409926288e-08 -10000000 3.65652714081e-09 1.38057711332e-08 -10000000 9.26890667087e-09 1.68081254184e-08 -10000000 -7.43574964269e-08 -4.50846237676e-08 -10000000 -4.45962541723e-08 -1.82680196142e-08 -10000000 -3.67758153656e-08 -1.51454181692e-08 -10000000 -7.2975146225e-10 7.2975146225e-10 -10000000 -2.31991935361e-08 -1.05612497937e-08 -10000000 -2.20474567286e-08 -8.68618823372e-09 -10000000 -2.65477948083e-08 -2.00183339224e-08 -10000000 -5.46870642166e-08 -1.19229026034e-09 -10000000 -3.15732671113e-08 1.41130218052e-10 -10000000 1.51335928267e-09 2.54949953812e-08 -10000000 7.78945632078e-09 1.29324709644e-08 -10000000 -1.15977548794e-08 1.13649242357e-08 -10000000 -2.91564337724e-09 2.13092642259e-08 -10000000 1.79923890924e-08 3.29975218678e-08 -10000000 -2.10475848263e-08 -1.30415696451e-09 -10000000 1.4707169386e-08 5.53748543538e-08 -10000000 1.87740815827e-09 2.81577448731e-08 -10000000 4.05907066952e-08 5.81294862141e-08 -10000000 -5.35510480404e-09 2.51457095146e-08 -10000000 -4.30661552902e-08 -2.65502071623e-08 -10000000 -7.25950245757e-08 -5.38320149284e-08 -10000000 -6.65267426408e-09 2.46172267831e-09 -10000000 -3.19173222666e-08 1.88216923524e-09 -10000000 7.05914617556e-09 2.71669584416e-08 -10000000 -1.03830014214e-09 1.94319209908e-08 -10000000 -1.24976315617e-08 2.15780266642e-08 -10000000 -3.41978404037e-08 -9.34148995958e-09 -10000000 -2.58691711099e-08 -1.04524093001e-08 -10000000 -1.42648394015e-08 1.77572990563e-08 -10000000 -3.53774291939e-08 -1.39826672607e-08 -10000000 1.40215357638e-09 1.93197737088e-08 -10000000 -1.56359911656e-08 7.02125735037e-09 -10000000 -2.29215429199e-08 -3.62115045668e-09 -10000000 -3.16180288191e-08 -2.42613256578e-08 -10000000 -1.79082304642e-08 -4.67634197021e-09 -10000000 2.21916621964e-08 3.18250471313e-08 -10000000 4.4551189912e-08 6.58105351799e-08 -10000000 -1.99713265462e-08 -7.96835069227e-09 -10000000 7.08049667545e-09 1.66682289772e-08 -10000000 -5.21902050007e-08 -2.16171090376e-08 -10000000 -1.61870363708e-09 4.41267136092e-09 -10000000 -3.20398838622e-08 -8.93830942089e-09 -10000000 4.88903274384e-09 2.51461202875e-08 -10000000 -6.08319361651e-10 6.429085453e-09 -10000000 -3.49960130591e-08 -7.14633344222e-09 -10000000 3.35959705133e-08 4.88260773402e-08 -10000000 -9.46903244863e-09 2.71694378267e-09 -10000000 -1.47230954651e-08 1.6818571258e-08 -10000000 -1.59394394367e-08 3.59941532301e-09 -10000000 5.75555724495e-09 1.89244909824e-08 -10000000 -3.86230810519e-08 -3.23902652626e-08 -10000000 1.01724393742e-08 3.56951974256e-08 -10000000 -3.23655961141e-08 -8.37976652531e-09 -10000000 -4.78005706931e-09 -5.75047734724e-10 -10000000 -2.45821831485e-09 5.25218603869e-09 -10000000 -3.3711622394e-09 2.33945975936e-08 -10000000 -1.33661173793e-08 2.05838673326e-08 -10000000 4.19001121292e-09 1.30394564175e-08 -10000000 -8.19207793265e-09 4.23395699053e-09 -10000000 -1.66385937077e-09 2.00574802194e-08 -10000000 -1.49252533584e-08 2.11956795745e-09 -10000000 -2.30018945452e-08 -2.14381496945e-09 -10000000 -9.62078936062e-09 1.26475877281e-08 -10000000 -1.10119732674e-08 1.56685861405e-08 -10000000 -1.37446549998e-08 -1.62216748137e-09 -10000000 -4.03731806075e-08 -2.69148754084e-08 -10000000 -5.98519753142e-09 2.13520200126e-08 -10000000 1.86199619021e-08 2.37552152429e-08 -10000000 -2.14204192162e-08 -1.83936208487e-08 -10000000 -1.18109035598e-08 -1.46044312845e-09 -10000000 -3.28554356645e-08 -2.06515734367e-10 -10000000 3.11029622795e-09 3.97305422044e-08 -10000000 -1.99336763666e-08 1.36472489879e-08 -10000000 -1.34416868467e-08 2.03298530769e-09 -10000000 -1.16239844614e-08 1.61226678429e-09 -10000000 -1.12294487423e-08 3.31320685806e-09 -10000000 3.50812117222e-08 4.22185619708e-08 -10000000 -3.1934236312e-08 -8.94884443152e-10 -10000000 -7.99061445281e-09 1.17159047513e-08 -10000000 -7.32542765009e-09 9.42090344297e-09 -10000000 -1.12525949429e-08 1.33480707358e-08 -10000000 -1.29884193664e-08 2.51104040196e-09 -10000000 6.87979594204e-09 4.22474698689e-08 -10000000 -1.01204533837e-08 1.92008484862e-08 -10000000 -2.57688552087e-08 1.31960004514e-08 -10000000 -3.17032258393e-08 1.56379114272e-08 -10000000 1.96617315845e-08 3.45878083868e-08 -10000000 -2.31533511092e-08 2.29205204655e-08 -10000000 -2.26297665429e-09 2.57788716633e-08 -10000000 6.16339192076e-10 1.14908542779e-08 -10000000 1.26428945997e-08 3.04307744763e-08 -10000000 -2.27613789185e-08 9.49003223022e-09 -10000000 -3.2866574195e-08 -1.4863707754e-08 -10000000 -2.65663639465e-08 -6.72841809603e-09 -10000000 -1.41020241741e-08 -2.19612088172e-09 -10000000 1.5183355018e-08 3.79020317351e-08 -10000000 -9.33914222905e-09 1.88856163213e-09 -10000000 -1.83872463268e-08 1.16351576608e-08 -10000000 -1.7560394739e-09 2.43406119083e-08 -10000000 -4.19559071732e-09 1.16461713142e-08 -10000000 6.25946135031e-09 2.65696594049e-08 -10000000 -3.80595226124e-08 -1.24647270605e-08 -10000000 -4.58249945375e-09 2.9961039612e-08 -10000000 -2.05826484857e-08 -9.45250454568e-09 -10000000 6.1955263068e-09 2.84962395976e-08 -10000000 -5.70569014287e-09 8.03399657941e-09 -10000000 -2.30920030687e-08 1.42444386098e-08 -10000000 2.08098110955e-09 1.79424542447e-08 -10000000 -2.71091196959e-08 8.94832949091e-09 -10000000 1.07102096081e-08 1.16415321827e-08 -10000000 3.92828838414e-08 6.64222283774e-08 -10000000 -5.86853569786e-08 -1.44234651288e-08 -10000000 -2.89489694544e-08 -2.20409415058e-08 -10000000 -1.19781353765e-08 5.50518044524e-08 -10000000 1.41129477874e-08 3.54799793109e-08 -10000000 -1.60152741771e-08 1.15914919477e-08 -10000000 -9.56904906433e-09 2.35129911107e-09 -10000000 -6.26906879661e-09 -9.48681156661e-10 -10000000 5.96376078495e-10 2.82746237346e-08 -10000000 1.57608820449e-08 1.39304326629e-07 -10000000 -2.53067011024e-08 -5.42694385994e-09 -10000000 -1.74480766252e-08 1.84842350039e-09 -10000000 -6.98248767958e-09 2.30478020917e-08 -10000000 -2.28867451324e-08 1.40391806736e-08 -10000000 -8.75368226408e-09 1.57386015737e-08 -10000000 -1.94060169822e-08 1.45165734654e-08 -10000000 -2.24314118589e-08 9.16006517064e-09 -10000000 3.05811032869e-09 6.95360734843e-09 -10000000 -1.43628149522e-08 3.41977470048e-09 -10000000 -5.5840971896e-10 5.3643796472e-08 -10000000 1.89185597586e-08 4.16174075914e-08 -10000000 3.69284734501e-09 1.93573863767e-08 -10000000 -1.60146010501e-08 2.09040445668e-08 -10000000 -1.47281985347e-08 -7.15788196877e-09 -10000000 -2.73023259466e-08 5.88190673043e-09 -10000000 -4.1688703405e-08 -1.67517881521e-08 -10000000 -3.06029464027e-08 1.29078174851e-08 -10000000 -1.64496460354e-08 -9.62738605379e-09 -10000000 -1.45202288819e-08 2.29021320534e-08 -10000000 -3.57617588076e-09 1.0793925834e-08 -10000000 -1.27851042246e-08 -3.97870211843e-09 -10000000 -1.31516072762e-09 9.30504343272e-08 -10000000 -9.42834777768e-09 2.87532912009e-08 -10000000 2.15722760447e-08 2.45281913988e-08 -10000000 -1.45399116973e-08 -6.18201558789e-09 -10000000 -7.0364563637e-09 1.61168514662e-08 -10000000 -2.45963137626e-08 -1.21909279347e-08 -10000000 6.59113109249e-09 1.73904252039e-08 -10000000 -1.00642408008e-08 2.96220148677e-08 -10000000 -3.9202126194e-08 1.12624489556e-08 -10000000 -2.97422404119e-08 2.50105510437e-09 -10000000 1.63988727282e-08 4.22744494726e-08 -10000000 9.36982232533e-09 3.85932902674e-08 -10000000 -3.28419873347e-08 -8.83469787937e-09 -10000000 3.78627970184e-08 2.08239193324e-07 -10000000 -3.26904988195e-08 4.80573213007e-08 -10000000 -8.97456890574e-09 3.85229474536e-09 -10000000 -2.0301782667e-08 9.35874241528e-09 -10000000 -3.58615897192e-08 5.36077540058e-09 -10000000 -5.8803913832e-08 -3.7355141997e-08 -10000000 -2.45893651867e-08 -3.58314269539e-09 -10000000 -1.04794010178e-08 3.72731235187e-09 -10000000 -1.68331657853e-09 3.66079131266e-08 -10000000 4.81816131092e-09 8.2027668772e-08 -10000000 3.75554927488e-09 1.51037328611e-08 -10000000 -1.2801507265e-08 7.67923310463e-09 -10000000 -2.15115004616e-08 1.94160246687e-08 -10000000 -1.82314995915e-09 1.12465802818e-09 -10000000 2.66822849768e-08 1.18604036663e-07 -10000000 1.31464590855e-08 2.80645648412e-08 -10000000 -8.7378843002e-09 1.06005294494e-08 -10000000 -1.84844062177e-08 4.98022888578e-09 -10000000 -1.60012304607e-08 6.22234342719e-09 -10000000 -5.06876459884e-08 -2.94060954286e-08 -10000000 1.30325478061e-09 7.07864839093e-09 -10000000 -2.80856201101e-08 -3.11368613954e-09 -10000000 -1.33750396656e-08 1.7798821895e-08 -10000000 -2.63165040272e-08 3.96476223647e-09 -10000000 -2.92107768217e-09 6.41353733698e-09 -10000000 -1.30822892828e-08 1.02883215589e-08 -10000000 1.40304855449e-08 2.32224174398e-08 -10000000 2.06876547195e-08 3.35618852518e-08 -10000000 2.05430786597e-08 3.53362758173e-08 -10000000 -1.23491592785e-08 1.56087882896e-08 -10000000 -4.36515120487e-09 8.78893343429e-09 -10000000 5.23894233593e-09 1.59486462366e-08 -10000000 -1.84504601636e-08 1.51908311525e-08 -10000000 -8.11983256761e-09 5.32586484376e-09 -10000000 -8.42829566145e-09 1.40162311091e-08 -10000000 -2.22321990985e-08 -5.70747813994e-09 -10000000 1.18014798278e-08 3.89556004888e-08 -10000000 6.54041485261e-09 4.11898670964e-08 -10000000 -3.09221743591e-08 1.20628922231e-08 -10000000 8.54546149512e-09 3.94176510976e-08 -10000000 -3.88780573352e-08 -8.15373268289e-09 -10000000 7.22234024086e-09 3.56184981915e-08 -10000000 -2.68829923801e-08 -2.10801202126e-08 -10000000 -6.18772800777e-09 1.87605827651e-08 -10000000 -1.71467566707e-08 -1.31212270043e-08 -10000000 4.08348446172e-08 5.27630741317e-08 -10000000 4.54350885776e-10 7.2290603548e-09 -10000000 -4.00430340212e-08 -7.68724792786e-09 -10000000 -2.53665607316e-08 -1.04893583911e-08 -10000000 -3.05499362014e-09 1.58606790211e-08</DataArray>
        <DataArray type="Float64" Name="PrincipalStrain" NumberOfComponents="3" format="ascii">-0.000142857142857 4.28571428571e-05 4.28571428571e-05 -0.000142857142857 4.28571428571e-05 4.28571428571e-05 -0.000142857142857 4.28571428571e-05 4.28571428571e-05 -0.000142857142857 4.28571428571e-05 4.28571428571e-05 -0.000142857142857 4.28571428571e-05 4.28571428571e-05 -0.000142857142857 4.28571428571e-05 4.28571428571e-05 -0.000142857142857 4.28571428571e-05 4.28571428571e-05 -0.000142857142857 4.28571428571e-05 4.28571428571e-05 -0.000142857142857 4.28571428571e-05 4.28571428571e-05 -0.000142857142857 4.28571428571e-05 4.28571428571e-05 -0.000142857142857 4.28571428571e-05 4.28571428571e-05 -0.000142857142857 4.28571428571e-05 4.28571428571e-05 -0.000142857142857 4.28571428571e-05 4.28571428571e-05 -0.000142857142857 4.28571428571e-05 4.28571428571e-05 -0.000142857142857 4.28571428571e-05 4.28571428571e-05 -0.000142857142857 4.28571428571e-05 4.28571428571e-05 -0.000142857142857 4.28571428571e-05 4.28571428571e-05 -0.000142857142857 4.28571428571e-05 4.28571428571e-05 -0.000142857142857 4.28571428571e-05 4.28571428571e-05 -0.000142857142857 4.28571428571e-05 4.28571428571e-05 -0.000142857142857 4.28571428571e-05 4.28571428571e-05 -0.000142857142857 4.28571428571e-05 4.28571428571e-05 -0.000142857142857 4.28571428571e-05 4.28571428571e-05 -0.000142857142857 4.28571428571e-05 4.28571428571e-05 -0.000142857142857 4.28571428571e-05 4.28571428571e-05 -0.000142857142857 4.28571428571e-05 4.28571428571e-05 -0.000142857142857 4.28571428571e-05 4.28571428571e-05 -0.000142857142857 4.28571428571e-05 4.28571428571e-05 -0.000142857142857 4.28571428571e-05 4.28571428571e-05 -0.000142857142857 4.28571428571e-05 4.28571428571e-05 -0.000142857142857 4.28571428571e-05 4.28571428571e-05 -0.000142857142857 4.28571428571e-05 4.28571428571e-05 -0.000142857142857 4.28571428571e-05 4.28571428571e-05 -0.000142857142857 4.28571428571e-05 4.28571428571e-05 -0.000142857142857 4.28571428571e-05 4.28571428571e-05 -0.000142857142857 4.28571428571e-05 4.28571428571e-05 -0.000142857142857 4.28571428571e-05 4.28571428571e-05 -0.000142857142857 4.28571428571e-05 4.28571428571e-05 -0.000142857142857 4.28571428571e-05 4.28571428571e-05 -0.000142857142857 4.28571428571e-05 4.28571428571e-05 -0.000142857142857 4.28571428571e-05 4.28571428571e-05 -0.000142857142857 4.28571428571e-05 4.28571428571e-05 -0.000142857142857 4.28571428571e-05 4.28571428571e-05 -0.000142857142857 4.28571428571e-05 4.28571428571e-05 -0.000142857142857 4.28571428571e-05 4.28571428571e-05 -0.000142857142857 4.28571428571e-05 4.28571428571e-05 -0.000142857142857 4.28571428571e-05 4.28571428571e-05 -0.000142857142857 4.28571428571e-05 4.28571428571e-05 -0.000142857142857 4.28571428571e-05 4.28571428571e-05 -0.000142857142857 4.28571428571e-05 4.28571428571e-05 -0.000142857142857 4.28571428571e-05 4.28571428571e-05 -0.000142857142857 4.28571428571e-05 4.28571428571e-05 -0.000142857142857 4.28571428571e-05 4.28571428571e-05 -0.000142857142857 4.28571428571e-05 4.28571428571e-05 -0.000142857142857 4.28571428571e-05 4.28571428571e-05 -0.000142857142857 4.28571428571e-05 4.28571428571e-05 -0.000142857142857 4.28571428571e-05 4.28571428571e-05 -0.000142857142857 4.28571428571e-05 4.28571428571e-05 -0.000142857142857 4.28571428571e-05 4.28571428571e-05 -0.000142857142857 4.28571428571e-05 4.28571428571e-05 -0.000142857142857 4.28571428571e-05 4.28571428571e-05 -0.000142857142857 4.28571428571e-05 4.28571428571e-05 -0.000142857142857 4.28571428571e-05 4.28571428571e-05 -0.000142857142857 4.28571428571e-05 4.28571428571e-05 -0.000142857142857 4.28571428571e-05 4.28571428571e-05 -0.000142857142857 4.28571428571e-05 4.28571428571e-05 -0.000142857142857 4.28571428571e-05 4.28571428571e-05 -0.000142857142857 4.28571428571e-05 4.28571428571e-05 -0.000142857142857 4.28571428571e-05 4.28571428571e-05 -0.000142857142857 4.28571428571e-05 4.28571428571e-05 -0.000142857142857 4.28571428571e-05 4.28571428571e-05 -0.000142857142857 4.28571428571e-05 4.28571428571e-05 -0.000142857142857 4.28571428571e-05 4.28571428571e-05 -0.000142857142857 4.28571428571e-05 4.28571428571e-05 -0.000142857142857 4.28571428571e-05 4.28571428571e-05 -0.000142857142857 4.28571428571e-05 4.28571428571e-05 -0.000142857142857 4.28571428571e-05 4.28571428571e-05 -0.000142857142857 4.28571428571e-05 4.28571428571e-05 -0.000142857142857 4.28571428571e-05 4.28571428571e-05 -0.000142857142857 4.28571428571e-05 4.28571428571e-05 -0.000142857142857 4.28571428571e-05 4.28571428571e-05 -0.000142857142857 4.28571428571e-05 4.28571428571e-05 -0.000142857142857 4.28571428571e-05 4.28571428571e-05 -0.000142857142857 4.28571428571e-05 4.28571428571e-05 -0.000142857142857 4.28571428571e-05 4.28571428571e-05 -0.000142857142857 4.28571428571e-05 4.28571428571e-05 -0.000142857142857 4.28571428571e-05 4.28571428571e-05 -0.000142857142857 4.28571428571e-05 4.28571428571e-05 -0.000142857142857 4.28571428571e-05 4.28571428571e-05 -0.000142857142857 4.28571428571e-05 4.28571428571e-05 -0.000142857142857 4.28571428571e-05 4.28571428571e-05 -0.000142857142857 4.28571428571e-05 4.28571428571e-05 -0.000142857142857 4.28571428571e-05 4.28571428571e-05 -0.000142857142857 4.28571428571e-05 4.28571428571e-05 -0.000142857142857 4.28571428571e-05 4.28571428571e-05 -0.000142857142857 4.28571428571e-05 4.28571428571e-05 -0.000142857142857 4.28571428571e-05 4.28571428571e-05 -0.000142857142857 4.28571428571e-05 4.28571428571e-05 -0.000142857142857 4.28571428571e-05 4.28571428571e-05 -0.000142857142857 4.28571428571e-05 4.28571428571e-05 -0.000142857142857 4.28571428571e-05 4.28571428571e-05 -0.000142857142857 4.28571428571e-05 4.28571428571e-05 -0.000142857142857 4.28571428571e-05 4.28571428571e-05 -0.000142857142857 4.28571428571e-05 4.28571428571e-05 -0.000142857142857 4.28571428571e-05 4.28571428571e-05 -0.000142857142857 4.28571428571e-05 4.28571428571e-05 -0.000142857142857 4.28571428571e-05 4.28571428571e-05 -0.000142857142857 4.28571428571e-05 4.28571428571e-05 -0.000142857142857 4.28571428571e-05 4.28571428571e-05 -0.000142857142857 4.28571428571e-05 4.28571428571e-05 -0.000142857142857 4.28571428571e-05 4.28571428571e-05 -0.000142857142857 4.28571428571e-05 4.28571428571e-05 -0.000142857142857 4.28571428571e-05 4.28571428571e-05 -0.000142857142857 4.28571428571e-05 4.28571428571e-05 -0.000142857142857 4.28571428571e-05 4.28571428571e-05 -0.000142857142857 4.28571428571e-05 4.28571428571e-05 -0.000142857142857 4.28571428571e-05 4.28571428571e-05 -0.000142857142857 4.28571428571e-05 4.28571428571e-05 -0.000142857142857 4.28571428571e-05 4.28571428571e-05 -0.000142857142857 4.28571428571e-05 4.28571428571e-05 -0.000142857142857 4.28571428571e-05 4.28571428571e-05 -0.000142857142857 4.28571428571e-05 4.28571428571e-05 -0.000142857142857 4.28571428571e-05 4.28571428571e-05 -0.000142857142857 4.28571428571e-05 4.28571428571e-05 -0.000142857142857 4.28571428571e-05 4.28571428571e-05 -0.000142857142857 4.28571428571e-05 4.28571428571e-05 -0.000142857142857 4.28571428571e-05 4.28571428571e-05 -0.000142857142857 4.28571428571e-05 4.28571428571e-05 -0.000142857142857 4.28571428571e-05 4.28571428571e-05 -0.000142857142857 4.28571428571e-05 4.28571428571e-05 -0.000142857142857 4.28571428571e-05 4.28571428571e-05 -0.000142857142857 4.28571428571e-05 4.28571428571e-05 -0.000142857142857 4.28571428571e-05 4.28571428571e-05 -0.000142857142857 4.28571428571e-05 4.28571428571e-05 -0.000142857142857 4.28571428571e-05 4.28571428571e-05 -0.000142857142857 4.28571428571e-05 4.28571428571e-05 -0.000142857142857 4.28571428571e-05 4.28571428571e-05 -0.000142857142857 4.28571428571e-05 4.28571428571e-05 -0.000142857142857 4.28571428571e-05 4.28571428571e-05 -0.000142857142857 4.28571428571e-05 4.28571428571e-05 -0.000142857142857 4.28571428571e-05 4.28571428571e-05 -0.000142857142857 4.28571428571e-05 4.28571428571e-05 -0.000142857142857 4.28571428571e-05 4.28571428571e-05 -0.000142857142857 4.28571428571e-05 4.28571428571e-05 -0.000142857142857 4.28571428571e-05 4.28571428571e-05 -0.000142857142857 4.28571428571e-05 4.28571428571e-05 -0.000142857142857 4.28571428571e-05 4.28571428571e-05 -0.000142857142857 4.28571428571e-05 4.28571428571e-05 -0.000142857142857 4.28571428571e-05 4.28571428571e-05 -0.000142857142857 4.28571428571e-05 4.28571428571e-05 -0.000142857142857 4.28571428571e-05 4.28571428571e-05 -0.000142857142857 4.28571428571e-05 4.28571428571e-05 -0.000142857142857 4.28571428571e-05 4.28571428571e-05 -0.000142857142857 4.28571428571e-05 4.28571428571e-05 -0.000142857142857 4.28571428571e-05 4.28571428571e-05 -0.000142857142857 4.28571428571e-05 4.28571428571e-05 -0.000142857142857 4.28571428571e-05 4.28571428571e-05 -0.000142857142857 4.28571428571e-05 4.28571428571e-05 -0.000142857142857 4.28571428571e-05 4.28571428571e-05 -0.000142857142857 4.28571428571e-05 4.28571428571e-05 -0.000142857142857 4.28571428571e-05 4.28571428571e-05 -0.000142857142857 4.28571428571e-05 4.28571428571e-05 -0.000142857142857 4.28571428571e-05 4.28571428571e-05 -0.000142857142857 4.28571428571e-05 4.28571428571e-05 -0.000142857142857 4.28571428571e-05 4.28571428571e-05 -0.000142857142857 4.28571428571e-05 4.28571428571e-05 -0.000142857142857 4.28571428571e-05 4.28571428571e-05 -0.000142857142857 4.28571428571e-05 4.28571428571e-05 -0.000142857142857 4.28571428571e-05 4.28571428571e-05 -0.000142857142857 4.28571428571e-05 4.28571428571e-05 -0.000142857142857 4.28571428571e-05 4.28571428571e-05 -0.000142857142857 4.28571428571e-05 4.28571428571e-05 -0.000142857142857 4.28571428571e-05 4.28571428571e-05 -0.000142857142857 4.28571428571e-05 4.28571428571e-05 -0.000142857142857 4.28571428571e-05 4.28571428571e-05 -0.000142857142857 4.28571428571e-05 4.28571428571e-05 -0.000142857142857 4.28571428571e-05 4.28571428571e-05 -0.000142857142857 4.28571428571e-05 4.28571428571e-05 -0.000142857142857 4.28571428571e-05 4.28571428571e-05 -0.000142857142857 4.28571428571e-05 4.28571428571e-05 -0.000142857142857 4.28571428571e-05 4.28571428571e-05 -0.000142857142857 4.28571428571e-05 4.28571428571e-05 -0.000142857142857 4.28571428571e-05 4.28571428571e-05 -0.000142857142857 4.28571428571e-05 4.28571428571e-05 -0.000142857142857 4.28571428571e-05 4.28571428571e-05 -0.000142857142857 4.28571428571e-05 4.28571428571e-05 -0.000142857142857 4.28571428571e-05 4.28571428571e-05 -0.000142857142857 4.28571428571e-05 4.28571428571e-05 -0.000142857142857 4.28571428571e-05 4.28571428571e-05 -0.000142857142857 4.28571428571e-05 4.28571428571e-05 -0.000142857142857 4.28571428571e-05 4.28571428571e-05 -0.000142857142857 4.28571428571e-05 4.28571428571e-05 -0.000142857142857 4.28571428571e-05 4.28571428571e-05 -0.000142857142857 4.28571428571e-05 4.28571428571e-05 -0.000142857142857 4.28571428571e-05 4.28571428571e-05 -0.000142857142857 4.28571428571e-05 4.28571428571e-05 -0.000142857142857 4.28571428571e-05 4.28571428571e-05 -0.000142857142857 4.28571428571e-05 4.28571428571e-05 -0.000142857142857 4.28571428571e-05 4.28571428571e-05 -0.000142857142857 4.28571428571e-05 4.28571428571e-05 -0.000142857142857 4.28571428571e-05 4.28571428571e-05 -0.000142857142857 4.28571428571e-05 4.28571428571e-05 -0.000142857142857 4.28571428571e-05 4.28571428571e-05 -0.000142857142857 4.28571428571e-05 4.28571428571e-05 -0.000142857142857 4.28571428571e-05 4.28571428571e-05 -0.000142857142857 4.28571428571e-05 4.28571428571e-05 -0.000142857142857 4.28571428571e-05 4.28571428571e-05 -0.000142857142857 4.28571428571e-05 4.28571428571e-05 -0.000142857142857 4.28571428571e-05 4.28571428571e-05 -0.000142857142857 4.28571428571e-05 4.28571428571e-05 -0.000142857142857 4.28571428571e-05 4.28571428571e-05 -0.000142857142857 4.28571428571e-05 4.28571428571e-05 -0.000142857142857 4.28571428571e-05 4.28571428571e-05 -0.000142857142857 4.28571428571e-05 4.28571428571e-05 -0.000142857142857 4.28571428571e-05 4.28571428571e-05 -0.000142857142857 4.28571428571e-05 4.28571428571e-05 -0.000142857142857 4.28571428571e-05 4.28571428571e-05 -0.000142857142857 4.28571428571e-05 4.28571428571e-05 -0.000142857142857 4.28571428571e-05 4.28571428571e-05 -0.000142857142857 4.28571428571e-05 4.28571428571e-05 -0.000142857142857 4.28571428571e-05 4.28571428571e-05 -0.000142857142857 4.28571428571e-05 4.28571428571e-05 -0.000142857142857 4.28571428571e-05 4.28571428571e-05 -0.000142857142857 4.28571428571e-05 4.28571428571e-05 -0.000142857142857 4.28571428571e-05 4.28571428571e-05 -0.000142857142857 4.28571428571e-05 4.28571428571e-05 -0.000142857142857 4.28571428571e-05 4.28571428571e-05 -0.000142857142857 4.28571428571e-05 4.28571428571e-05 -0.000142857142857 4.28571428571e-05 4.28571428571e-05 -0.000142857142857 4.28571428571e-05 4.28571428571e-05 -0.000142857142857 4.28571428571e-05 4.28571428571e-05 -0.000142857142857 4.28571428571e-05 4.28571428571e-05 -0.000142857142857 4.28571428571e-05 4.28571428571e-05 -0.000142857142857 4.28571428571e-05 4.28571428571e-05 -0.000142857142857 4.28571428571e-05 4.28571428571e-05 -0.000142857142857 4.28571428571e-05 4.28571428571e-05 -0.000142857142857 4.28571428571e-05 4.28571428571e-05 -0.000142857142857 4.28571428571e-05 4.28571428571e-05 -0.000142857142857 4.28571428571e-05 4.28571428571e-05 -0.000142857142857 4.28571428571e-05 4.28571428571e-05 -0.000142857142857 4.28571428571e-05 4.28571428571e-05 -0.000142857142857 4.28571428571e-05 4.28571428571e-05 -0.000142857142857 4.28571428571e-05 4.28571428571e-05 -0.000142857142857 4.28571428571e-05 4.28571428571e-05 -0.000142857142857 4.28571428571e-05 4.28571428571e-05 -0.000142857142857 4.28571428571e-05 4.28571428571e-05 -0.000142857142857 4.28571428571e-05 4.28571428571e-05 -0.000142857142857 4.28571428571e-05 4.28571428571e-05 -0.000142857142857 4.28571428571e-05 4.28571428571e-05 -0.000142857142857 4.28571428571e-05 4.28571428571e-05 -0.000142857142857 4.28571428571e-05 4.28571428571e-05 -0.000142857142857 4.28571428571e-05 4.28571428571e-05 -0.000142857142857 4.28571428571e-05 4.28571428571e-05 -0.000142857142857 4.28571428571e-05 4.28571428571e-05 -0.000142857142857 4.28571428571e-05 4.28571428571e-05 -0.000142857142857 4.28571428571e-05 4.28571428571e-05 -0.000142857142857 4.28571428571e-05 4.28571428571e-05 -0.000142857142857 4.28571428571e-05 4.28571428571e-05 -0.000142857142857 4.28571428571e-05 4.28571428571e-05 -0.000142857142857 4.28571428571e-05 4.28571428571e-05 -0.000142857142857 4.28571428571e-05 4.28571428571e-05 -0.000142857142857 4.28571428571e-05 4.28571428571e-05 -0.000142857142857 4.28571428571e-05 4.28571428571e-05 -0.000142857142857 4.28571428571e-05 4.28571428571e-05 -0.000142857142857 4.28571428571e-05 4.28571428571e-05 -0.000142857142857 4.28571428571e-05 4.28571428571e-05 -0.000142857142857 4.28571428571e-05 4.28571428571e-05 -0.000142857142857 4.28571428571e-05 4.28571428571e-05 -0.000142857142857 4.28571428571e-05 4.28571428571e-05 -0.000142857142857 4.28571428571e-05 4.28571428571e-05 -0.000142857142857 4.28571428571e-05 4.28571428571e-05 -0.000142857142857 4.28571428571e-05 4.28571428571e-05 -0.000142857142857 4.28571428571e-05 4.28571428571e-05 -0.000142857142857 4.28571428571e-05 4.28571428571e-05 -0.000142857142857 4.28571428571e-05 4.28571428571e-05 -0.000142857142857 4.28571428571e-05 4.28571428571e-05 -0.000142857142857 4.28571428571e-05 4.28571428571e-05 -0.000142857142857 4.28571428571e-05 4.28571428571e-05 -0.000142857142857 4.28571428571e-05 4.28571428571e-05 -0.000142857142857 4.28571428571e-05 4.28571428571e-05 -0.000142857142857 4.28571428571e-05 4.28571428571e-05 -0.000142857142857 4.28571428571e-05 4.28571428571e-05 -0.000142857142857 4.28571428571e-05 4.28571428571e-05 -0.000142857142857 4.28571428571e-05 4.28571428571e-05 -0.000142857142857 4.28571428571e-05 4.28571428571e-05 -0.000142857142857 4.28571428571e-05 4.28571428571e-05 -0.000142857142857 4.28571428571e-05 4.28571428571e-05 -0.000142857142857 4.28571428571e-05 4.28571428571e-05 -0.000142857142857 4.28571428571e-05 4.28571428571e-05 -0.000142857142857 4.28571428571e-05 4.28571428571e-05 -0.000142857142857 4.28571428571e-05 4.28571428571e-05 -0.000142857142857 4.28571428571e-05 4.28571428571e-05 -0.000142857142857 4.28571428571e-05 4.28571428571e-05 -0.000142857142857 4.28571428571e-05 4.28571428571e-05 -0.000142857142857 4.28571428571e-05 4.28571428571e-05 -0.000142857142857 4.28571428571e-05 4.28571428571e-05 -0.000142857142857 4.28571428571e-05 4.28571428571e-05 -0.000142857142857 4.28571428571e-05 4.28571428571e-05 -0.000142857142857 4.28571428571e-05 4.28571428571e-05 -0.000142857142857 4.28571428571e-05 4.28571428571e-05 -0.000142857142857 4.28571428571e-05 4.28571428571e-05 -0.000142857142857 4.28571428571e-05 4.28571428571e-05 -0.000142857142857 4.28571428571e-05 4.28571428571e-05 -0.000142857142857 4.28571428571e-05 4.28571428571e-05 -0.000142857142857 4.28571428571e-05 4.28571428571e-05 -0.000142857142857 4.28571428571e-05 4.28571428571e-05 -0.000142857142857 4.28571428571e-05 4.28571428571e-05 -0.000142857142857 4.28571428571e-05 4.28571428571e-05 -0.000142857142857 4.28571428571e-05 4.28571428571e-05 -0.000142857142857 4.28571428571e-05 4.28571428571e-05 -0.000142857142857 4.28571428571e-05 4.28571428571e-05 -0.000142857142857 4.28571428571e-05 4.28571428571e-05 -0.000142857142857 4.28571428571e-05 4.28571428571e-05 -0.000142857142857 4.28571428571e-05 4.28571428571e-05 -0.000142857142857 4.28571428571e-05 4.28571428571e-05 -0.000142857142857 4.28571428571e-05 4.28571428571e-05 -0.000142857142857 4.28571428571e-05 4.28571428571e-05 -0.000142857142857 4.28571428571e-05 4.28571428571e-05 -0.000142857142857 4.28571428571e-05 4.28571428571e-05 -0.000142857142857 4.28571428571e-05 4.28571428571e-05 -0.000142857142857 4.28571428571e-05 4.28571428571e-05 -0.000142857142857 4.28571428571e-05 4.28571428571e-05 -0.000142857142857 4.28571428571e-05 4.28571428571e-05 -0.000142857142857 4.28571428571e-05 4.28571428571e-05 -0.000142857142857 4.28571428571e-05 4.28571428571e-05 -0.000142857142857 4.28571428571e-05 4.28571428571e-05 -0.000142857142857 4.28571428571e-05 4.28571428571e-05 -0.000142857142857 4.28571428571e-05 4.28571428571e-05 -0.000142857142857 4.28571428571e-05 4.28571428571e-05 -0.000142857142857 4.28571428571e-05 4.28571428571e-05 -0.000142857142857 4.28571428571e-05 4.28571428571e-05 -0.000142857142857 4.28571428571e-05 4.28571428571e-05 -0.000142857142857 4.28571428571e-05 4.28571428571e-05 -0.000142857142857 4.28571428571e-05 4.28571428571e-05 -0.000142857142857 4.28571428571e-05 4.28571428571e-05 -0.000142857142857 4.28571428571e-05 4.28571428571e-05 -0.000142857142857 4.28571428571e-05 4.28571428571e-05 -0.000142857142857 4.28571428571e-05 4.28571428571e-05 -0.000142857142857 4.28571428571e-05 4.28571428571e-05 -0.000142857142857 4.28571428571e-05 4.28571428571e-05 -0.000142857142857 4.28571428571e-05 4.28571428571e-05 -0.000142857142857 4.28571428571e-05 4.28571428571e-05 -0.000142857142857 4.28571428571e-05 4.28571428571e-05 -0.000142857142857 4.28571428571e-05 4.28571428571e-05 -0.000142857142857 4.28571428571e-05 4.28571428571e-05 -0.000142857142857 4.28571428571e-05 4.28571428571e-05 -0.000142857142857 4.28571428571e-05 4.28571428571e-05 -0.000142857142857 4.28571428571e-05 4.28571428571e-05 -0.000142857142857 4.28571428571e-05 4.28571428571e-05 -0.000142857142857 4.28571428571e-05 4.28571428571e-05 -0.000142857142857 4.28571428571e-05 4.28571428571e-05 -0.000142857142857 4.28571428571e-05 4.28571428571e-05 -0.000142857142857 4.28571428571e-05 4.28571428571e-05 -0.000142857142857 4.28571428571e-05 4.28571428571e-05 -0.000142857142857 4.28571428571e-05 4.28571428571e-05 -0.000142857142857 4.28571428571e-05 4.28571428571e-05 -0.000142857142857 4.28571428571e-05 4.28571428571e-05 -0.000142857142857 4.28571428571e-05 4.28571428571e-05 -0.000142857142857 4.28571428571e-05 4.28571428571e-05 -0.000142857142857 4.28571428571e-05 4.28571428571e-05 -0.000142857142857 4.28571428571e-05 4.28571428571e-05 -0.000142857142857 4.28571428571e-05 4.28571428571e-05 -0.000142857142857 4.28571428571e-05 4.28571428571e-05 -0.000142857142857 4.28571428571e-05 4.28571428571e-05 -0.000142857142857 4.28571428571e-05 4.28571428571e-05 -0.000142857142857 4.28571428571e-05 4.28571428571e-05 -0.000142857142857 4.28571428571e-05 4.28571428571e-05 -0.000142857142857 4.28571428571e-05 4.28571428571e-05 -0.000142857142857 4.28571428571e-05 4.28571428571e-05 -0.000142857142857 4.28571428571e-05 4.28571428571e-05 -0.000142857142857 4.28571428571e-05 4.28571428571e-05 -0.000142857142857 4.28571428571e-05 4.28571428571e-05 -0.000142857142857 4.28571428571e-05 4.28571428571e-05 -0.000142857142857 4.28571428571e-05 4.28571428571e-05 -0.000142857142857 4.28571428571e-05 4.28571428571e-05 -0.000142857142857 4.28571428571e-05 4.28571428571e-05 -0.000142857142857 4.28571428571e-05 4.28571428571e-05 -0.000142857142857 4.28571428571e-05 4.28571428571e-05 -0.000142857142857 4.28571428571e-05 4.28571428571e-05 -0.000142857142857 4.28571428571e-05 4.28571428571e-05 -0.000142857142857 4.28571428571e-05 4.28571428571e-05 -0.000142857142857 4.28571428571e-05 4.28571428571e-05 -0.000142857142857 4.28571428571e-05 4.28571428571e-05 -0.000142857142857 4.28571428571e-05 4.28571428571e-05 -0.000142857142857 4.28571428571e-05 4.28571428571e-05 -0.000142857142857 4.28571428571e-05 4.28571428571e-05 -0.000142857142857 4.28571428571e-05 4.28571428571e-05 -0.000142857142857 4.28571428571e-05 4.28571428571e-05 -0.000142857142857 4.28571428571e-05 4.28571428571e-05 -0.000142857142857 4.28571428571e-05 4.28571428571e-05 -0.000142857142857 4.28571428571e-05 4.28571428571e-05 -0.000142857142857 4.28571428571e-05 4.28571428571e-05 -0.000142857142857 4.28571428571e-05 4.28571428571e-05 -0.000142857142857 4.28571428571e-05 4.28571428571e-05 -0.000142857142857 4.28571428571e-05 4.28571428571e-05 -0.000142857142857 4.28571428571e-05 4.28571428571e-05 -0.000142857142857 4.28571428571e-05 4.28571428571e-05 -0.000142857142857 4.28571428571e-05 4.28571428571e-05 -0.000142857142857 4.28571428571e-05 4.28571428571e-05 -0.000142857142857 4.28571428571e-05 4.28571428571e-05 -0.000142857142857 4.28571428571e-05 4.28571428571e-05 -0.000142857142857 4.28571428571e-05 4.28571428571e-05 -0.000142857142857 4.28571428571e-05 4.28571428571e-05 -0.000142857142857 4.28571428571e-05 4.28571428571e-05 -0.000142857142857 4.28571428571e-05 4.28571428571e-05 -0.000142857142857 4.28571428571e-05 4.28571428571e-05 -0.000142857142857 4.28571428571e-05 4.28571428571e-05 -0.000142857142857 4.28571428571e-05 4.28571428571e-05 -0.000142857142857 4.28571428571e-05 4.28571428571e-05 -0.000142857142857 4.28571428571e-05 4.28571428571e-05 -0.000142857142857 4.28571428571e-05 4.28571428571e-05 -0.000142857142857 4.28571428571e-05 4.28571428571e-05 -0.000142857142857 4.28571428571e-05 4.28571428571e-05 -0.000142857142857 4.28571428571e-05 4.28571428571e-05 -0.000142857142857 4.28571428571e-05 4.28571428571e-05 -0.000142857142857 4.28571428571e-05 4.28571428571e-05 -0.000142857142857 4.28571428571e-05 4.28571428571e-05 -0.000142857142857 4.28571428571e-05 4.28571428571e-05 -0.000142857142857 4.28571428571e-05 4.28571428571e-05 -0.000142857142857 4.28571428571e-05 4.28571428571e-05 -0.000142857142857 4.28571428571e-05 4.28571428571e-05 -0.000142857142857 4.28571428571e-05 4.28571428571e-05 -0.000142857142857 4.28571428571e-05 4.28571428571e-05 -0.000142857142857 4.28571428571e-05 4.28571428571e-05 -0.000142857142857 4.28571428571e-05 4.28571428571e-05 -0.000142857142857 4.28571428571e-05 4.28571428571e-05 -0.000142857142857 4.28571428571e-05 4.28571428571e-05 -0.000142857142857 4.28571428571e-05 4.28571428571e-05 -0.000142857142857 4.28571428571e-05 4.28571428571e-05 -0.000142857142857 4.28571428571e-05 4.28571428571e-05 -0.000142857142857 4.28571428571e-05 4.28571428571e-05</DataArray>
        <DataArray type="Float64" Name="ShellTopVonMises" format="ascii">0 0 0 0 0 0 0 0 0 0 0 0 0 0 0 0 0 0 0 0 0 0 0 0 0 0 0 0 0 0 0 0 0 0 0 0 0 0 0 0 0 0 0 0 0 0 0 0 0 0 0 0 0 0 0 0 0 0 0 0 0 0 0 0 0 0 0 0 0 0 0 0 0 0 0 0 0 0 0 0 0 0 0 0 0 0 0 0 0 0 0 0 0 0 0 0 0 0 0 0 0 0 0 0 0 0 0 0 0 0 0 0 0 0 0 0 0 0 0 0 0 0 0 0 0 0 0 0 0 0 0 0 0 0 0 0 0 0 0 0 0 0 0 0 0 0 0 0 0 0 0 0 0 0 0 0 0 0 0 0 0 0 0 0 0 0 0 0 0 0 0 0 0 0 0 0 0 0 0 0 0 0 0 0 0 0 0 0 0 0 0 0 0 0 0 0 0 0 0 0 0 0 0 0 0 0 0 0 0 0 0 0 0 0 0 0 0 0 0 0 0 0 0 0 0 0 0 0 0 0 0 0 0 0 0 0 0 0 0 0 0 0 0 0 0 0 0 0 0 0 0 0 0 0 0 0 0 0 0 0 0 0 0 0 0 0 0 0 0 0 0 0 0 0 0 0 0 0 0 0 0 0 0 0 0 0 0 0 0 0 0 0 0 0 0 0 0 0 0 0 0 0 0 0 0 0 0 0 0 0 0 0 0 0 0 0 0 0 0 0 0 0 0 0 0 0 0 0 0 0 0 0 0 0 0 0 0 0 0 0 0 0 0 0 0 0 0 0 0 0 0 0 0 0 0 0 0 0 0 0 0 0 0 0 0 0 0 0 0 0 0 0 0 0 0 0 0 0 0 0 0 0 0 0 0 0 0 0 0 0 0 0 0 0 0 0 0 0 0 0 0 0 0 0 0 0 0 0 0 0 0 0 0 0 0 0 0 0 0 0 0 0 0 0 0 0 0 0 0 0 0</DataArray>
        <DataArray type="Float64" Name="ShellBottomVonMises" format="ascii">0 0 0 0 0 0 0 0 0 0 0 0 0 0 0 0 0 0 0 0 0 0 0 0 0 0 0 0 0 0 0 0 0 0 0 0 0 0 0 0 0 0 0 0 0 0 0 0 0 0 0 0 0 0 0 0 0 0 0 0 0 0 0 0 0 0 0 0 0 0 0 0 0 0 0 0 0 0 0 0 0 0 0 0 0 0 0 0 0 0 0 0 0 0 0 0 0 0 0 0 0 0 0 0 0 0 0 0 0 0 0 0 0 0 0 0 0 0 0 0 0 0 0 0 0 0 0 0 0 0 0 0 0 0 0 0 0 0 0 0 0 0 0 0 0 0 0 0 0 0 0 0 0 0 0 0 0 0 0 0 0 0 0 0 0 0 0 0 0 0 0 0 0 0 0 0 0 0 0 0 0 0 0 0 0 0 0 0 0 0 0 0 0 0 0 0 0 0 0 0 0 0 0 0 0 0 0 0 0 0 0 0 0 0 0 0 0 0 0 0 0 0 0 0 0 0 0 0 0 0 0 0 0 0 0 0 0 0 0 0 0 0 0 0 0 0 0 0 0 0 0 0 0 0 0 0 0 0 0 0 0 0 0 0 0 0 0 0 0 0 0 0 0 0 0 0 0 0 0 0 0 0 0 0 0 0 0 0 0 0 0 0 0 0 0 0 0 0 0 0 0 0 0 0 0 0 0 0 0 0 0 0 0 0 0 0 0 0 0 0 0 0 0 0 0 0 0 0 0 0 0 0 0 0 0 0 0 0 0 0 0 0 0 0 0 0 0 0 0 0 0 0 0 0 0 0 0 0 0 0 0 0 0 0 0 0 0 0 0 0 0 0 0 0 0 0 0 0 0 0 0 0 0 0 0 0 0 0 0 0 0 0 0 0 0 0 0 0 0 0 0 0 0 0 0 0 0 0 0 0 0 0 0 0 0 0 0 0 0 0 0 0 0 0 0 0 0 0 0 0 0</DataArray>
      </CellData>
    </Piece>
  </UnstructuredGrid>
</VTKFile>
