<?xml version="1.0"?>
<VTKFile type="UnstructuredGrid" version="0.1" byte_order="LittleEndian">
  <UnstructuredGrid>
    <Piece NumberOfPoints="254" NumberOfCells="640">
      <Points>
        <DataArray type="Float64" NumberOfComponents="3" format="ascii">0 0 0.2 0 0 0 0 1 0.2 0 1 0 2 0 0.2 2 0 0 2 1 0.2 2 1 0 0 0 0.1 0 0.166666666667 0.2 0 0.333333333333 0.2 0 0.5 0.2 0 0.666666666667 0.2 0 0.833333333333 0.2 0 1 0.1 0 0.166666666667 0 0 0.333333333333 0 0 0.5 0 0 0.666666666667 0 0 0.833333333333 0 2 0 0.1 2 0.166666666667 0.2 2 0.333333333333 0.2 2 0.5 0.2 2 0.666666666667 0.2 2 0.833333333333 0.2 2 1 0.1 2 0.166666666667 0 2 0.333333333333 0 2 0.5 0 2 0.666666666667 0 2 0.833333333333 0 0.166666666667 0 0 0.333333333333 0 0 0.5 0 0 0.666666666667 0 0 0.833333333333 0 0 1 0 0 1.16666666667 0 0 1.33333333333 0 0 1.5 0 0 1.66666666667 0 0 1.83333333333 0 0 0.166666666667 0 0.2 0.333333333333 0 0.2 0.5 0 0.2 0.666666666667 0 0.2 0.833333333333 0 0.2 1 0 0.2 1.16666666667 0 0.2 1.33333333333 0 0.2 1.5 0 0.2 1.66666666667 0 0.2 1.83333333333 0 0.2 0.166666666667 1 0 0.333333333333 1 0 0.5 1 0 0.666666666667 1 0 0.833333333333 1 0 1 1 0 1.16666666667 1 0 1.33333333333 1 0 1.5 1 0 1.66666666667 1 0 1.83333333333 1 0 0.166666666667 1 0.2 0.333333333333 1 0.2 0.5 1 0.2 0.666666666667 1 0.2 0.833333333333 1 0.2 1 1 0.2 1.16666666667 1 0.2 1.33333333333 1 0.2 1.5 1 0.2 1.66666666667 1 0.2 1.83333333333 1 0.2 0 0.75 0.1 0 0.898174603175 0.1 0 0.416666666667 0.1 0 0.25 0.1 0 0.101825396825 0.1 0 0.583333333333 0.1 2 0.75 0.1 2 0.898174603175 0.1 2 0.416666666667 0.1 2 0.25 0.1 2 0.101825396825 0.1 2 0.583333333333 0.1 1.75 0 0.1 1.89817460317 0 0.1 1.41666666667 0 0.1 1.25 0 0.1 0.25 0 0.1 0.101825396825 0 0.1 0.583333333333 0 0.1 0.75 0 0.1 0.916666666667 0 0.1 1.58333333333 0 0.1 0.416666666667 0 0.1 1.08333333333 0 0.1 1.75 1 0.1 1.89817460317 1 0.1 0.25 1 0.1 0.101825396825 1 0.1 1.25 1 0.1 1.41666666667 1 0.1 0.583333333333 1 0.1 0.75 1 0.1 0.916666666667 1 0.1 1.58333333333 1 0.1 0.416666666667 1 0.1 1.08333333333 1 0.1 0.75 0.855662432703 0 1.25 0.855662432703 0 0.916666666667 0.144337567297 0 1.41666666667 0.144337567297 0 0.583333333333 0.144337567297 0 1.55183922553 0.860608097448 0 0.148090503453 0.581799666831 0 1.8612760098 0.426389667411 0 0.416666666667 0.855662432703 0 0.15094954124 0.265304269843 0 1.74929377179 0.141128674176 0 1.85887132582 0.749293771787 0 1.58321562863 0.143802751777 0 1.4982532207 0.287588821317 0 1.33304220345 0.288494082382 0 1.41459985329 0.431804296953 0 1.24960700946 0.4327811257 0 1.33292336601 0.574167358275 0 1.16663183058 0.575670003336 0 1.0832620289 0.432694061551 0 0.999982309912 0.574074204098 0 0.916651834246 0.43241358432 0 1.48806284782 0.574380361219 0 0.833327912915 0.573761491353 0 0.749996624527 0.432314719324 0 0.666665200685 0.573692895063 0 0.583332526424 0.43228680911 0 0.499999621185 0.573676810645 0 0.416666469046 0.432279476671 0 0.916666666667 0.721687836487 0 1.41451108455 0.7253549606 0 0.583333333333 0.721687836487 0 0.329137622726 0.57490101756 0 0.24878844841 0.428435323418 0 0.268272362042 0.723843246685 0 0.331874023829 0.283108440867 0 0.833332543389 0.288618860293 0 1.66740029068 0.27353687047 0 1.16657673514 0.288588078792 0 0.999970523611 0.288498286592 0 0.666666666667 0.288675134595 0 1.05555555556 0.859116756397 0 0.749999868343 0.144328188247 0 1.24993648976 0.144292882628 0 0.417074447771 0.143712847445 0 1.85713284441 0.584836128755 0 1.72672880945 0.664350677502 0 1.73006735465 0.511572960823 0 0.499824577845 0.287400045998 0 1.08330284697 0.144286135885 0 1.73394435753 0.848561585585 0 1.84748126459 0.262188413213 0 0.254943062267 0.13681182407 0 1.59438280988 0.435102137758 0 1.40993672868 0.88832509815 0 1.24947992289 0.686977021409 0 1.09979955781 0.709864416612 0 0.911111111111 0.887293405117 0 0.74999862272 0.689298498418 0 0.583333333333 0.886602540378 0 0.419481921191 0.689954268816 0 0.25 0.874832769667 0 1.57956930344 0.70885756069 0 0.109565698621 0.421774518685 0 0.131199934636 0.759939823477 0 1.87799153207 0.877991532072 0 0.122008467928 0.122008467928 0 1.87799153207 0.122008467928 0 0.120836742322 0.879163257678 0 1.62376222505 0.578852739599 0 1.74028763407 0.383498320189 0 0.75 0.855662432703 0.2 1.25 0.855662432703 0.2 0.916666666667 0.144337567297 0.2 1.41666666667 0.144337567297 0.2 0.583333333333 0.144337567297 0.2 1.55183922553 0.860608097448 0.2 0.148090503453 0.581799666831 0.2 1.8612760098 0.426389667411 0.2 0.416666666667 0.855662432703 0.2 0.15094954124 0.265304269843 0.2 1.74929377179 0.141128674176 0.2 1.85887132582 0.749293771787 0.2 1.58321562863 0.143802751777 0.2 1.4982532207 0.287588821317 0.2 1.33304220345 0.288494082382 0.2 1.41459985329 0.431804296953 0.2 1.24960700946 0.4327811257 0.2 1.33292336601 0.574167358275 0.2 1.16663183058 0.575670003336 0.2 1.0832620289 0.432694061551 0.2 0.999982309912 0.574074204098 0.2 0.916651834246 0.43241358432 0.2 1.48806284782 0.574380361219 0.2 0.833327912915 0.573761491353 0.2 0.749996624527 0.432314719324 0.2 0.666665200685 0.573692895063 0.2 0.583332526424 0.43228680911 0.2 0.499999621185 0.573676810645 0.2 0.416666469046 0.432279476671 0.2 0.916666666667 0.721687836487 0.2 1.41451108455 0.7253549606 0.2 0.583333333333 0.721687836487 0.2 0.329137622726 0.57490101756 0.2 0.24878844841 0.428435323418 0.2 0.268272362042 0.723843246685 0.2 0.331874023829 0.283108440867 0.2 0.833332543389 0.288618860293 0.2 1.66740029068 0.27353687047 0.2 1.16657673514 0.288588078792 0.2 0.999970523611 0.288498286592 0.2 0.666666666667 0.288675134595 0.2 1.05555555556 0.859116756397 0.2 0.749999868343 0.144328188247 0.2 1.24993648976 0.144292882628 0.2 0.417074447771 0.143712847445 0.2 1.85713284441 0.584836128755 0.2 1.72672880945 0.664350677502 0.2 1.73006735465 0.511572960823 0.2 0.499824577845 0.287400045998 0.2 1.08330284697 0.144286135885 0.2 1.73394435753 0.848561585585 0.2 1.84748126459 0.262188413213 0.2 0.254943062267 0.13681182407 0.2 1.59438280988 0.435102137758 0.2 1.40993672868 0.88832509815 0.2 1.24947992289 0.686977021409 0.2 1.09979955781 0.709864416612 0.2 0.911111111111 0.887293405117 0.2 0.74999862272 0.689298498418 0.2 0.583333333333 0.886602540378 0.2 0.419481921191 0.689954268816 0.2 0.25 0.874832769667 0.2 1.57956930344 0.70885756069 0.2 0.109565698621 0.421774518685 0.2 0.131199934636 0.759939823477 0.2 1.87799153207 0.877991532072 0.2 0.122008467928 0.122008467928 0.2 1.87799153207 0.122008467928 0.2 0.120836742322 0.879163257678 0.2 1.62376222505 0.578852739599 0.2 1.74028763407 0.383498320189 0.2</DataArray>
      </Points>
      <Cells>
        <DataArray type="Int32" Name="connectivity" format="ascii">150 232 222 161 150 222 151 161 232 150 222 221 161 150 232 155 226 232 221 150 154 114 148 219 114 154 185 219 225 185 154 219 219 114 151 222 151 202 150 131 185 222 232 161 222 114 151 161 151 148 114 219 219 185 114 222 202 151 150 222 222 202 221 150 222 185 114 161 226 232 150 155 154 116 187 223 154 187 225 223 152 219 154 148 202 151 133 131 154 225 219 223 222 151 133 202 155 126 197 115 204 222 133 202 221 128 197 150 197 128 126 150 128 221 197 199 186 226 197 115 155 197 226 115 226 221 197 150 150 126 197 155 116 154 152 223 150 202 128 131 219 152 154 223 150 197 226 155 202 150 128 221 202 199 221 128 219 151 133 222 133 219 222 204 148 151 133 219 207 219 133 204 133 136 219 207 133 136 148 219 223 219 136 207 136 152 148 219 136 152 219 223 223 136 138 207 136 223 138 152 202 130 128 131 130 202 128 201 201 199 202 128 134 252 165 181 116 187 223 231 209 223 138 207 156 116 160 227 138 160 152 223 116 152 160 223 116 227 187 231 138 160 223 209 159 230 190 157 231 223 160 209 223 160 116 231 227 116 160 231 181 159 252 165 202 132 130 131 201 202 203 130 133 132 202 131 133 203 204 202 207 133 206 204 136 133 206 207 160 138 140 209 138 136 208 207 211 160 209 231 209 138 208 207 201 130 129 128 129 199 201 128 132 202 130 203 133 132 203 202 133 203 206 204 136 133 135 206 136 206 208 207 138 136 137 208 195 186 196 115 160 211 209 140 115 196 195 124 126 125 197 115 115 196 197 186 208 139 138 209 203 132 133 206 132 135 133 206 137 206 136 135 206 137 136 208 201 200 199 129 230 228 190 157 139 140 138 209 190 159 157 119 139 138 137 208 230 252 159 165 199 198 197 128 128 198 197 126 139 208 210 209 123 87 194 157 96 114 154 185 154 116 94 187 154 96 185 225 187 94 154 225 96 185 232 161 96 154 95 225 94 95 154 225 185 96 114 161 96 232 99 161 161 232 99 155 115 90 186 91 186 226 115 91 226 155 115 91 232 226 99 155 226 99 155 91 116 156 94 227 87 123 194 82 227 94 116 187 156 98 94 227 140 139 210 209 195 90 186 115 147 156 160 227 115 195 90 124 195 97 90 124 157 87 194 228 140 210 211 209 164 156 147 235 160 211 218 231 97 195 193 122 227 147 156 235 227 160 218 231 252 159 181 158 97 195 122 124 88 97 193 122 115 125 196 124 196 115 197 125 211 140 160 218 199 129 198 128 230 159 182 165 125 197 198 126 156 164 98 235 190 230 159 182 139 215 140 210 147 121 164 235 227 156 98 235 140 210 215 211 230 159 158 157 163 149 253 182 129 199 198 200 149 193 195 122 198 128 127 126 193 149 234 122 149 195 196 124 122 195 149 124 165 196 198 125 158 194 157 123 182 190 253 163 149 196 165 125 159 252 230 158 182 253 230 165 229 194 228 157 134 236 252 205 230 190 253 182 205 236 198 134 140 147 160 218 164 98 235 92 236 196 198 165 127 165 198 125 218 147 160 227 236 220 196 165 190 228 87 157 253 149 165 182 196 197 198 125 165 220 196 149 227 218 147 235 157 87 190 119 182 119 190 163 102 173 110 244 128 129 198 127 236 134 252 165 165 198 134 127 134 236 198 165 139 215 144 140 190 159 119 182 230 229 228 157 198 127 125 126 125 149 196 124 119 84 190 163 121 145 175 246 130 238 201 129 252 230 236 165 118 175 145 246 137 241 206 170 137 135 170 206 241 137 206 208 213 166 113 237 220 195 196 149 220 193 195 149 121 147 218 235 172 215 139 243 130 167 238 129 149 193 234 220 234 149 163 122 145 140 211 218 84 190 87 119 200 201 238 129 198 200 134 129 145 140 215 211 234 149 253 163 149 234 253 220 106 110 171 242 171 107 106 242 243 215 139 210 112 240 212 169 118 76 81 189 121 147 145 218 144 118 145 215 200 205 198 134 234 253 190 163 174 252 134 181 253 236 230 165 238 113 142 167 214 191 172 243 194 158 157 229 158 233 194 123 121 218 192 235 247 76 176 189 203 212 132 206 84 234 190 163 135 132 141 206 236 253 220 165 253 149 220 165 117 213 237 166 208 139 214 137 175 118 81 246 183 170 212 241 170 183 214 241 242 191 171 214 171 214 183 242 129 134 198 127 215 118 145 189 246 81 175 78 140 145 147 218 139 208 214 210 104 105 237 166 168 201 203 130 95 36 154 96 47 96 95 225 95 94 46 225 94 95 35 154 96 47 185 225 114 154 36 96 116 94 35 154 187 46 94 225 90 50 186 91 39 90 115 91 161 99 96 37 48 96 232 99 161 96 114 37 232 185 96 48 39 115 155 91 226 186 50 91 232 226 49 99 99 161 155 38 99 226 49 91 38 155 99 91 107 169 108 240 113 238 168 167 145 140 144 215 121 216 218 145 216 121 218 192 40 90 97 124 97 90 51 195 98 94 227 45 94 98 156 34 186 51 90 195 40 115 90 124 34 156 94 116 45 94 227 187 229 230 158 157 168 203 132 130 215 172 139 144 145 215 189 216 246 175 121 78 217 172 191 243 24 228 194 87 123 30 87 157 118 176 76 189 144 146 118 215 82 24 194 87 87 82 30 123 169 240 212 224 191 173 146 244 249 164 121 235 252 229 230 158 122 88 97 41 193 52 97 88 84 234 163 85 124 122 97 41 195 52 97 193 145 211 216 218 189 145 246 118 215 146 118 189 167 142 238 129 179 193 234 122 214 172 139 243 180 176 173 244 134 200 142 129 246 121 145 216 216 246 121 192 215 145 211 216 247 176 146 189 142 200 238 129 214 137 170 241 170 212 241 206 141 170 135 206 241 214 137 208 145 189 246 216 121 178 164 249 247 244 180 251 205 200 142 134 210 214 139 243 252 181 174 158 194 229 233 158 193 179 234 250 18 118 76 81 81 76 12 189 118 146 176 189 217 215 172 243 173 176 146 244 229 245 233 158 146 215 217 189 189 81 118 246 180 176 244 247 44 235 98 92 98 164 33 92 191 110 173 244 237 104 166 113 132 212 203 168 234 163 179 122 245 134 252 205 33 156 164 98 98 227 235 44 110 55 173 102 110 102 244 66 213 237 188 117 233 248 194 123 191 171 110 242 183 171 242 107 18 118 176 76 247 12 76 189 244 176 146 247 217 247 146 189 192 246 121 78 112 169 107 240 121 192 249 235 213 184 237 113 166 213 113 142 234 84 22 85 28 84 163 85 201 168 238 130 87 29 84 119 23 84 190 87 215 146 172 144 113 213 238 142 184 213 238 113 224 212 169 153 191 146 172 217 111 184 224 153 146 191 244 217 238 168 167 130 121 79 192 78 184 153 239 224 188 233 245 117 228 23 190 87 29 87 157 119 248 162 177 123 235 249 164 92 240 112 212 183 169 112 141 212 82 194 248 123 191 172 120 214 172 143 120 214 119 28 84 163 234 22 84 190 237 105 117 166 238 239 113 168 158 162 233 123 238 239 184 113 170 141 112 212 183 170 112 212 183 143 170 214 112 143 170 183 143 171 120 214 191 120 171 214 214 171 183 143 143 171 183 112 169 224 108 240 212 141 132 206 143 139 137 214 110 171 56 106 67 110 106 242 57 171 107 106 68 106 107 242 179 88 193 122 245 162 158 174 162 245 158 233 239 201 203 168 166 117 213 142 85 250 234 179 178 164 249 92 233 188 109 117 177 82 248 123 205 200 213 142 111 184 153 113 239 153 113 168 146 191 172 120 153 184 239 113 200 238 213 142 142 245 205 134 88 193 250 179 120 173 146 191 247 146 244 217 184 111 104 113 146 215 172 217 141 169 212 153 162 245 233 117 117 162 245 174 180 173 102 244 77 76 180 251 180 102 103 251 121 79 178 249 234 163 85 179 252 245 229 158 102 180 244 251 137 170 143 214 170 141 212 206 69 107 108 240 108 58 169 107 249 79 178 80 249 93 178 92 89 88 250 179 86 250 85 179 101 248 100 177 82 248 83 177 143 172 139 214 105 104 61 166 237 72 105 104 134 245 252 174 11 81 246 78 17 175 81 78 71 184 111 104 60 104 111 113 239 153 212 224 162 233 109 117 239 203 212 168 245 213 188 117 212 132 141 168 173 120 110 191 162 100 248 177 105 188 237 117 79 121 192 249 104 237 184 113 224 169 108 153 109 100 233 162 153 239 212 168 248 233 162 123 110 120 171 191 183 171 107 112 247 180 76 251 168 201 238 239 153 212 141 168 245 252 174 158 244 191 110 66 55 173 120 110 245 142 117 174 107 112 240 183 134 142 245 174 142 245 117 213 11 81 189 246 17 175 118 81 245 205 213 142 76 176 180 247 162 109 100 63 233 74 100 109 111 224 108 153 188 105 109 117 71 184 224 111 153 60 111 113 67 191 110 242 171 56 120 110 57 171 112 107 107 68 242 183 108 70 224 111 59 111 108 153 105 73 188 109 105 109 117 62 248 233 100 162 104 61 166 113 72 237 184 104 112 169 58 107 240 69 107 183 108 70 240 224 59 108 169 153 237 73 188 105 62 117 105 166 109 162 117 63 74 233 188 109 13 76 77 251 76 180 19 77 54 180 102 103 103 102 65 251 88 250 53 89 179 89 88 42 43 93 249 92 93 32 178 92 177 83 82 31 82 248 25 83 103 77 180 251 178 93 249 80 250 86 89 179 101 83 248 177 21 86 250 85 85 27 86 179 15 178 79 80 9 79 249 80 75 248 100 101 100 101 177 64 54 180 173 102 65 102 244 251 25 194 248 82 82 177 31 123 249 235 43 92 32 164 178 92 53 193 250 88 122 179 88 42 14 2 77 103 77 3 14 103 93 8 0 80 1 8 93 80 86 5 20 89 86 20 4 89 83 6 26 101 83 26 7 101 176 180 19 76 76 13 247 251 85 163 27 179 234 21 250 85 79 178 15 121 9 79 192 249 249 93 0 80 93 178 1 80 250 86 4 89 101 7 83 177 83 248 6 101 89 86 5 179 2 77 103 251 77 180 3 103 35 34 94 116 94 45 46 187 185 47 96 48 36 114 96 37 95 36 35 154 46 47 95 225 186 51 50 90 39 115 90 40 161 99 37 38 232 49 48 99 38 39 155 91 226 50 49 91 33 156 98 34 44 98 227 45 124 97 40 41 52 97 51 195 87 30 29 157 24 23 228 87 177 162 100 64 75 248 233 100 31 30 82 123 25 24 194 82 53 52 193 88 41 122 88 42 22 21 234 85 163 27 28 85 22 23 84 190 84 29 28 119 235 44 43 92 32 33 164 92 81 12 11 189 18 17 118 81 79 10 9 192 15 16 79 121 178 1 32 93 0 93 249 43 248 6 25 83 177 7 83 31 4 53 250 89 5 89 179 42 3 19 180 77 65 2 103 251 77 2 13 251 180 54 3 103 4 21 86 250 86 27 5 179 178 15 1 80 0 9 249 80 248 75 6 101 177 101 7 64 63 117 109 62 73 74 188 109 111 59 60 153 71 224 70 111 65 244 102 66 55 54 173 102 76 13 12 247 19 18 176 76 66 191 110 67 56 55 120 110 112 58 57 107 68 107 69 183 64 162 100 63 74 75 233 100 61 104 60 113 184 71 72 104 61 62 105 166 237 72 73 105 169 58 108 59 108 70 69 240 68 67 106 242 171 57 56 106 17 16 175 78 246 10 11 78 78 192 10 79 78 10 192 246 121 78 16 79 16 78 121 175</DataArray>
        <DataArray type="Int32" Name="offsets" format="ascii">4 8 12 16 20 24 28 32 36 40 44 48 52 56 60 64 68 72 76 80 84 88 92 96 100 104 108 112 116 120 124 128 132 136 140 144 148 152 156 160 164 168 172 176 180 184 188 192 196 200 204 208 212 216 220 224 228 232 236 240 244 248 252 256 260 264 268 272 276 280 284 288 292 296 300 304 308 312 316 320 324 328 332 336 340 344 348 352 356 360 364 368 372 376 380 384 388 392 396 400 404 408 412 416 420 424 428 432 436 440 444 448 452 456 460 464 468 472 476 480 484 488 492 496 500 504 508 512 516 520 524 528 532 536 540 544 548 552 556 560 564 568 572 576 580 584 588 592 596 600 604 608 612 616 620 624 628 632 636 640 644 648 652 656 660 664 668 672 676 680 684 688 692 696 700 704 708 712 716 720 724 728 732 736 740 744 748 752 756 760 764 768 772 776 780 784 788 792 796 800 804 808 812 816 820 824 828 832 836 840 844 848 852 856 860 864 868 872 876 880 884 888 892 896 900 904 908 912 916 920 924 928 932 936 940 944 948 952 956 960 964 968 972 976 980 984 988 992 996 1000 1004 1008 1012 1016 1020 1024 1028 1032 1036 1040 1044 1048 1052 1056 1060 1064 1068 1072 1076 1080 1084 1088 1092 1096 1100 1104 1108 1112 1116 1120 1124 1128 1132 1136 1140 1144 1148 1152 1156 1160 1164 1168 1172 1176 1180 1184 1188 1192 1196 1200 1204 1208 1212 1216 1220 1224 1228 1232 1236 1240 1244 1248 1252 1256 1260 1264 1268 1272 1276 1280 1284 1288 1292 1296 1300 1304 1308 1312 1316 1320 1324 1328 1332 1336 1340 1344 1348 1352 1356 1360 1364 1368 1372 1376 1380 1384 1388 1392 1396 1400 1404 1408 1412 1416 1420 1424 1428 1432 1436 1440 1444 1448 1452 1456 1460 1464 1468 1472 1476 1480 1484 1488 1492 1496 1500 1504 1508 1512 1516 1520 1524 1528 1532 1536 1540 1544 1548 1552 1556 1560 1564 1568 1572 1576 1580 1584 1588 1592 1596 1600 1604 1608 1612 1616 1620 1624 1628 1632 1636 1640 1644 1648 1652 1656 1660 1664 1668 1672 1676 1680 1684 1688 1692 1696 1700 1704 1708 1712 1716 1720 1724 1728 1732 1736 1740 1744 1748 1752 1756 1760 1764 1768 1772 1776 1780 1784 1788 1792 1796 1800 1804 1808 1812 1816 1820 1824 1828 1832 1836 1840 1844 1848 1852 1856 1860 1864 1868 1872 1876 1880 1884 1888 1892 1896 1900 1904 1908 1912 1916 1920 1924 1928 1932 1936 1940 1944 1948 1952 1956 1960 1964 1968 1972 1976 1980 1984 1988 1992 1996 2000 2004 2008 2012 2016 2020 2024 2028 2032 2036 2040 2044 2048 2052 2056 2060 2064 2068 2072 2076 2080 2084 2088 2092 2096 2100 2104 2108 2112 2116 2120 2124 2128 2132 2136 2140 2144 2148 2152 2156 2160 2164 2168 2172 2176 2180 2184 2188 2192 2196 2200 2204 2208 2212 2216 2220 2224 2228 2232 2236 2240 2244 2248 2252 2256 2260 2264 2268 2272 2276 2280 2284 2288 2292 2296 2300 2304 2308 2312 2316 2320 2324 2328 2332 2336 2340 2344 2348 2352 2356 2360 2364 2368 2372 2376 2380 2384 2388 2392 2396 2400 2404 2408 2412 2416 2420 2424 2428 2432 2436 2440 2444 2448 2452 2456 2460 2464 2468 2472 2476 2480 2484 2488 2492 2496 2500 2504 2508 2512 2516 2520 2524 2528 2532 2536 2540 2544 2548 2552 2556 2560</DataArray>
        <DataArray type="UInt8" Name="types" format="ascii">10 10 10 10 10 10 10 10 10 10 10 10 10 10 10 10 10 10 10 10 10 10 10 10 10 10 10 10 10 10 10 10 10 10 10 10 10 10 10 10 10 10 10 10 10 10 10 10 10 10 10 10 10 10 10 10 10 10 10 10 10 10 10 10 10 10 10 10 10 10 10 10 10 10 10 10 10 10 10 10 10 10 10 10 10 10 10 10 10 10 10 10 10 10 10 10 10 10 10 10 10 10 10 10 10 10 10 10 10 10 10 10 10 10 10 10 10 10 10 10 10 10 10 10 10 10 10 10 10 10 10 10 10 10 10 10 10 10 10 10 10 10 10 10 10 10 10 10 10 10 10 10 10 10 10 10 10 10 10 10 10 10 10 10 10 10 10 10 10 10 10 10 10 10 10 10 10 10 10 10 10 10 10 10 10 10 10 10 10 10 10 10 10 10 10 10 10 10 10 10 10 10 10 10 10 10 10 10 10 10 10 10 10 10 10 10 10 10 10 10 10 10 10 10 10 10 10 10 10 10 10 10 10 10 10 10 10 10 10 10 10 10 10 10 10 10 10 10 10 10 10 10 10 10 10 10 10 10 10 10 10 10 10 10 10 10 10 10 10 10 10 10 10 10 10 10 10 10 10 10 10 10 10 10 10 10 10 10 10 10 10 10 10 10 10 10 10 10 10 10 10 10 10 10 10 10 10 10 10 10 10 10 10 10 10 10 10 10 10 10 10 10 10 10 10 10 10 10 10 10 10 10 10 10 10 10 10 10 10 10 10 10 10 10 10 10 10 10 10 10 10 10 10 10 10 10 10 10 10 10 10 10 10 10 10 10 10 10 10 10 10 10 10 10 10 10 10 10 10 10 10 10 10 10 10 10 10 10 10 10 10 10 10 10 10 10 10 10 10 10 10 10 10 10 10 10 10 10 10 10 10 10 10 10 10 10 10 10 10 10 10 10 10 10 10 10 10 10 10 10 10 10 10 10 10 10 10 10 10 10 10 10 10 10 10 10 10 10 10 10 10 10 10 10 10 10 10 10 10 10 10 10 10 10 10 10 10 10 10 10 10 10 10 10 10 10 10 10 10 10 10 10 10 10 10 10 10 10 10 10 10 10 10 10 10 10 10 10 10 10 10 10 10 10 10 10 10 10 10 10 10 10 10 10 10 10 10 10 10 10 10 10 10 10 10 10 10 10 10 10 10 10 10 10 10 10 10 10 10 10 10 10 10 10 10 10 10 10 10 10 10 10 10 10 10 10 10 10 10 10 10 10 10 10 10 10 10 10 10 10 10 10 10 10 10 10 10 10 10 10 10 10 10 10 10 10 10 10 10 10 10 10 10 10 10 10 10 10 10 10 10 10 10 10 10 10 10 10 10 10 10 10 10 10 10 10 10 10 10 10 10 10 10 10 10 10 10 10 10 10 10 10 10 10 10 10 10 10 10 10</DataArray>
      </Cells>
      <PointData Vectors="Displacement">
        <DataArray type="Float64" Name="Displacement" NumberOfComponents="3" format="ascii">0 1.96596347058e-18 8.57142857143e-06 0 0 0 0 4.28571428571e-05 8.57142857143e-06 0 4.28571428571e-05 0 -0.000285714285714 1.36842407794e-17 8.57142857141e-06 -0.000285714285714 1.39990785382e-17 -2.10037044235e-17 -0.000285714285714 4.28571428572e-05 8.57142857141e-06 -0.000285714285714 4.28571428572e-05 -1.86855468164e-17 0 1.36108992827e-18 4.28571428571e-06 0 7.14285714286e-06 8.57142857143e-06 0 1.42857142857e-05 8.57142857143e-06 0 2.14285714286e-05 8.57142857143e-06 0 2.85714285714e-05 8.57142857143e-06 0 3.57142857143e-05 8.57142857143e-06 0 4.28571428571e-05 4.28571428571e-06 0 7.14285714286e-06 -1.49423468728e-18 0 1.42857142857e-05 -1.73980567366e-18 0 2.14285714286e-05 -1.68242752264e-18 0 2.85714285714e-05 -1.45922600988e-18 0 3.57142857143e-05 -1.12912357856e-18 -0.000285714285714 1.3844083336e-17 4.28571428569e-06 -0.000285714285714 7.14285714287e-06 8.57142857141e-06 -0.000285714285714 1.42857142857e-05 8.57142857141e-06 -0.000285714285714 2.14285714286e-05 8.57142857141e-06 -0.000285714285714 2.85714285714e-05 8.57142857141e-06 -0.000285714285714 3.57142857143e-05 8.57142857141e-06 -0.000285714285714 4.28571428572e-05 4.2857142857e-06 -0.000285714285714 7.14285714287e-06 -2.0718973935e-17 -0.000285714285714 1.42857142857e-05 -2.03258942327e-17 -0.000285714285714 2.14285714286e-05 -2.00755654256e-17 -0.000285714285714 2.85714285714e-05 -1.94848817345e-17 -0.000285714285714 3.57142857143e-05 -1.90207236282e-17 -2.38095238095e-05 1.48474178999e-18 -1.49038021854e-18 -4.7619047619e-05 2.11483614571e-18 -2.84968414853e-18 -7.14285714286e-05 2.83287910315e-18 -4.40084814894e-18 -9.52380952381e-05 3.65377696161e-18 -6.09785710188e-18 -0.000119047619048 4.56025909185e-18 -7.94224485738e-18 -0.000142857142857 5.6648917363e-18 -9.80607675704e-18 -0.000166666666667 6.87714408074e-18 -1.17384879223e-17 -0.000190476190476 8.1275696174e-18 -1.36291403895e-17 -0.000214285714286 9.48693739129e-18 -1.56120685779e-17 -0.000238095238095 1.09451115245e-17 -1.75632697762e-17 -0.000261904761905 1.25225350922e-17 -1.93707964708e-17 -2.38095238095e-05 2.0040799532e-18 8.57142857143e-06 -4.7619047619e-05 2.34712829684e-18 8.57142857143e-06 -7.14285714286e-05 2.91294630561e-18 8.57142857142e-06 -9.52380952381e-05 3.60454870704e-18 8.57142857142e-06 -0.000119047619048 4.4723339615e-18 8.57142857142e-06 -0.000142857142857 5.53281921147e-18 8.57142857142e-06 -0.000166666666667 6.68901918447e-18 8.57142857142e-06 -0.000190476190476 7.91340530972e-18 8.57142857141e-06 -0.000214285714286 9.22503582855e-18 8.57142857141e-06 -0.000238095238095 1.05442896439e-17 8.57142857141e-06 -0.000261904761905 1.20969010362e-17 8.57142857141e-06 -2.38095238095e-05 4.28571428571e-05 -1.06659362062e-18 -4.7619047619e-05 4.28571428571e-05 -2.28078463237e-18 -7.14285714286e-05 4.28571428571e-05 -3.72208642447e-18 -9.52380952381e-05 4.28571428571e-05 -5.48556880816e-18 -0.000119047619048 4.28571428571e-05 -7.28781222581e-18 -0.000142857142857 4.28571428571e-05 -9.1643983575e-18 -0.000166666666667 4.28571428571e-05 -1.10165170171e-17 -0.000190476190476 4.28571428572e-05 -1.27282972203e-17 -0.000214285714286 4.28571428572e-05 -1.43414974657e-17 -0.000238095238095 4.28571428572e-05 -1.58541249304e-17 -0.000261904761905 4.28571428572e-05 -1.73548580563e-17 -2.38095238095e-05 4.28571428571e-05 8.57142857143e-06 -4.7619047619e-05 4.28571428571e-05 8.57142857143e-06 -7.14285714286e-05 4.28571428571e-05 8.57142857142e-06 -9.52380952381e-05 4.28571428571e-05 8.57142857142e-06 -0.000119047619048 4.28571428571e-05 8.57142857142e-06 -0.000142857142857 4.28571428571e-05 8.57142857142e-06 -0.000166666666667 4.28571428571e-05 8.57142857142e-06 -0.000190476190476 4.28571428572e-05 8.57142857142e-06 -0.000214285714286 4.28571428572e-05 8.57142857141e-06 -0.000238095238095 4.28571428572e-05 8.57142857141e-06 -0.000261904761905 4.28571428572e-05 8.57142857141e-06 0 3.21428571429e-05 4.28571428571e-06 0 3.84931972789e-05 4.28571428571e-06 0 1.78571428571e-05 4.28571428571e-06 0 1.07142857143e-05 4.28571428571e-06 0 4.36394557823e-06 4.28571428571e-06 0 2.5e-05 4.28571428571e-06 -0.000285714285714 3.21428571429e-05 4.2857142857e-06 -0.000285714285714 3.84931972789e-05 4.2857142857e-06 -0.000285714285714 1.78571428572e-05 4.28571428569e-06 -0.000285714285714 1.07142857143e-05 4.28571428569e-06 -0.000285714285714 4.36394557825e-06 4.28571428569e-06 -0.000285714285714 2.5e-05 4.28571428569e-06 -0.00025 1.152297004e-17 4.2857142857e-06 -0.000271167800454 1.29358871705e-17 4.28571428569e-06 -0.000202380952381 8.6762192765e-18 4.2857142857e-06 -0.000178571428571 7.41562952378e-18 4.2857142857e-06 -3.57142857143e-05 1.99193776899e-18 4.28571428571e-06 -1.45464852608e-05 1.58649271021e-18 4.28571428571e-06 -8.33333333333e-05 3.24837135272e-18 4.28571428571e-06 -0.000107142857143 4.08001046877e-18 4.28571428571e-06 -0.000130952380952 5.01909372896e-18 4.28571428571e-06 -0.00022619047619 9.99441967734e-18 4.2857142857e-06 -5.95238095238e-05 2.55552753101e-18 4.28571428571e-06 -0.000154761904762 6.19533132512e-18 4.2857142857e-06 -0.00025 4.28571428572e-05 4.2857142857e-06 -0.000271167800454 4.28571428572e-05 4.2857142857e-06 -3.57142857143e-05 4.28571428571e-05 4.28571428571e-06 -1.45464852608e-05 4.28571428571e-05 4.28571428571e-06 -0.000178571428571 4.28571428572e-05 4.2857142857e-06 -0.000202380952381 4.28571428572e-05 4.2857142857e-06 -8.33333333333e-05 4.28571428571e-05 4.28571428571e-06 -0.000107142857143 4.28571428571e-05 4.28571428571e-06 -0.000130952380952 4.28571428571e-05 4.28571428571e-06 -0.00022619047619 4.28571428572e-05 4.2857142857e-06 -5.95238095238e-05 4.28571428571e-05 4.28571428571e-06 -0.000154761904762 4.28571428571e-05 4.2857142857e-06 -0.000107142857143 3.66712471158e-05 -6.54248248459e-18 -0.000178571428571 3.66712471158e-05 -1.20481966417e-17 -0.000130952380952 6.18589574132e-06 -8.80852473629e-18 -0.000202380952381 6.18589574133e-06 -1.43947427755e-17 -8.33333333333e-05 6.18589574132e-06 -5.27377539242e-18 -0.000221691317932 3.68832041763e-05 -1.50408465677e-17 -2.11557862076e-05 2.49342714356e-05 -1.87734264847e-18 -0.000265896572829 1.82738428891e-05 -1.88142958244e-17 -5.95238095238e-05 3.66712471158e-05 -3.29104455705e-18 -2.15642201772e-05 1.13701829933e-05 -1.99125100776e-18 -0.000249899110255 6.04837175041e-06 -1.82137418199e-17 -0.000265553046546 3.21125902194e-05 -1.79909797997e-17 -0.000226173661233 6.16297507617e-06 -1.63715996228e-17 -0.000214036174386 1.23252351993e-05 -1.51949304393e-17 -0.000190434600493 1.23640321021e-05 -1.33796927302e-17 -0.000202085693327 1.85058984409e-05 -1.41519919205e-17 -0.000178515287065 1.854776253e-05 -1.23161103735e-17 -0.000190417623716 2.46071724975e-05 -1.31054767368e-17 -0.000166661690083 2.46715715716e-05 -1.13785261071e-17 -0.000154751718414 1.85440312093e-05 -1.04910098305e-17 -0.000142854615702 2.46031801756e-05 -9.47024194061e-18 -0.000130950262035 1.85320107566e-05 -8.63734052501e-18 -0.000212580406832 2.46163011951e-05 -1.47925833908e-17 -0.000119046844702 2.45897782008e-05 -7.67157574892e-18 -0.000107142374932 1.85277736853e-05 -6.8733679645e-18 -9.52378858121e-05 2.45868383598e-05 -5.96512365192e-18 -8.33332180606e-05 1.85265775333e-05 -5.20297928785e-18 -7.14285173121e-05 2.45861490277e-05 -4.32987360769e-18 -5.95237812923e-05 1.85262632859e-05 -3.74473265981e-18 -0.000130952380952 3.09294787066e-05 -8.44905015369e-18 -0.000202073012078 3.10866411686e-05 -1.38345434338e-17 -8.33333333333e-05 3.09294787066e-05 -4.98732999343e-18 -4.70196603895e-05 2.46386150383e-05 -3.02781356914e-18 -3.55412069157e-05 1.83615138608e-05 -2.53727028646e-18 -3.83246231488e-05 3.10218534293e-05 -2.37719796647e-18 -4.74105748328e-05 1.21332188943e-05 -3.12188152774e-18 -0.000119047506198 1.23693797269e-05 -7.82264705291e-18 -0.000238200041525 1.17230087344e-05 -1.71661375443e-17 -0.000166653819305 1.23680605197e-05 -1.15092189895e-17 -0.000142852931944 1.23642122825e-05 -9.6537134569e-18 -9.52380952381e-05 1.23717914826e-05 -6.07128786144e-18 -0.000150793650794 3.68192895599e-05 -9.90838034238e-18 -0.000107142838335 6.18549378202e-06 -6.96430489232e-18 -0.000178562355681 6.18398068407e-06 -1.25398454433e-17 -5.95820639673e-05 6.15912203337e-06 -3.6941977751e-18 -0.000265304692058 2.50644055181e-05 -1.84094140756e-17 -0.000246675544208 2.8472171893e-05 -1.70552201512e-17 -0.000247152479236 2.19245554639e-05 -1.73698664213e-17 -7.14035111207e-05 1.23171448285e-05 -4.45166315943e-18 -0.000154757549568 6.18369153793e-06 -1.06462733056e-17 -0.00024770633679 3.63669250965e-05 -1.67576998285e-17 -0.000263925894941 1.12366462806e-05 -1.8998101974e-17 -3.64204374667e-05 5.86336388874e-06 -2.41867711593e-18 -0.00022776897284 1.86472344753e-05 -1.61045682324e-17 -0.000201419532669 3.8071075635e-05 -1.36046977679e-17 -0.000178497131842 2.94418723461e-05 -1.21227063663e-17 -0.000157114222544 3.0422760712e-05 -1.05235373367e-17 -0.000130158730159 3.80268602193e-05 -8.27412254612e-18 -0.000107142660389 2.95413642179e-05 -6.70003061278e-18 -8.33333333333e-05 3.79972517305e-05 -4.75593118016e-18 -5.99259887415e-05 2.95694686635e-05 -3.53374370097e-18 -3.57142857143e-05 3.74928329857e-05 -1.94500082845e-18 -0.000225652757635 3.03796097439e-05 -1.55012324116e-17 -1.56522426601e-05 1.80760508008e-05 -1.90370654895e-18 -1.87428478052e-05 3.25688495776e-05 -1.53950829663e-18 -0.000268284504582 3.76282085174e-05 -1.79418518887e-17 -1.74297811326e-05 5.22893433978e-06 -1.57001614246e-18 -0.000268284504582 5.22893433979e-06 -1.96003423995e-17 -1.72623917603e-05 3.76784253291e-05 -1.14330042828e-18 -0.00023196603215 2.48079745542e-05 -1.6182785762e-17 -0.000248612519153 1.64356422938e-05 -1.77063767294e-17 -0.000107142857143 3.66712471158e-05 8.57142857142e-06 -0.000178571428571 3.66712471158e-05 8.57142857142e-06 -0.000130952380952 6.18589574132e-06 8.57142857142e-06 -0.000202380952381 6.18589574133e-06 8.57142857141e-06 -8.33333333333e-05 6.18589574132e-06 8.57142857142e-06 -0.000221691317932 3.68832041763e-05 8.57142857141e-06 -2.11557862076e-05 2.49342714356e-05 8.57142857143e-06 -0.000265896572829 1.82738428891e-05 8.57142857141e-06 -5.95238095238e-05 3.66712471158e-05 8.57142857143e-06 -2.15642201772e-05 1.13701829933e-05 8.57142857143e-06 -0.000249899110255 6.04837175041e-06 8.57142857141e-06 -0.000265553046546 3.21125902194e-05 8.57142857141e-06 -0.000226173661233 6.16297507617e-06 8.57142857141e-06 -0.000214036174386 1.23252351993e-05 8.57142857141e-06 -0.000190434600493 1.23640321021e-05 8.57142857142e-06 -0.000202085693327 1.85058984409e-05 8.57142857141e-06 -0.000178515287065 1.854776253e-05 8.57142857142e-06 -0.000190417623716 2.46071724975e-05 8.57142857142e-06 -0.000166661690083 2.46715715716e-05 8.57142857142e-06 -0.000154751718414 1.85440312093e-05 8.57142857142e-06 -0.000142854615702 2.46031801756e-05 8.57142857142e-06 -0.000130950262035 1.85320107566e-05 8.57142857142e-06 -0.000212580406832 2.46163011951e-05 8.57142857141e-06 -0.000119046844702 2.45897782008e-05 8.57142857142e-06 -0.000107142374932 1.85277736853e-05 8.57142857142e-06 -9.52378858121e-05 2.45868383598e-05 8.57142857142e-06 -8.33332180606e-05 1.85265775333e-05 8.57142857142e-06 -7.14285173121e-05 2.45861490277e-05 8.57142857142e-06 -5.95237812923e-05 1.85262632859e-05 8.57142857142e-06 -0.000130952380952 3.09294787066e-05 8.57142857142e-06 -0.000202073012078 3.10866411686e-05 8.57142857141e-06 -8.33333333333e-05 3.09294787066e-05 8.57142857142e-06 -4.70196603895e-05 2.46386150383e-05 8.57142857143e-06 -3.55412069157e-05 1.83615138608e-05 8.57142857143e-06 -3.83246231488e-05 3.10218534293e-05 8.57142857143e-06 -4.74105748328e-05 1.21332188943e-05 8.57142857143e-06 -0.000119047506198 1.23693797269e-05 8.57142857142e-06 -0.000238200041525 1.17230087344e-05 8.57142857141e-06 -0.000166653819305 1.23680605197e-05 8.57142857142e-06 -0.000142852931944 1.23642122825e-05 8.57142857142e-06 -9.52380952381e-05 1.23717914826e-05 8.57142857142e-06 -0.000150793650794 3.68192895599e-05 8.57142857142e-06 -0.000107142838335 6.18549378202e-06 8.57142857142e-06 -0.000178562355681 6.18398068407e-06 8.57142857142e-06 -5.95820639673e-05 6.15912203337e-06 8.57142857142e-06 -0.000265304692058 2.50644055181e-05 8.57142857141e-06 -0.000246675544208 2.8472171893e-05 8.57142857141e-06 -0.000247152479236 2.19245554639e-05 8.57142857141e-06 -7.14035111207e-05 1.23171448285e-05 8.57142857142e-06 -0.000154757549568 6.18369153793e-06 8.57142857142e-06 -0.00024770633679 3.63669250965e-05 8.57142857141e-06 -0.000263925894941 1.12366462806e-05 8.57142857141e-06 -3.64204374667e-05 5.86336388874e-06 8.57142857143e-06 -0.00022776897284 1.86472344753e-05 8.57142857141e-06 -0.000201419532669 3.8071075635e-05 8.57142857141e-06 -0.000178497131842 2.94418723461e-05 8.57142857142e-06 -0.000157114222544 3.0422760712e-05 8.57142857142e-06 -0.000130158730159 3.80268602193e-05 8.57142857142e-06 -0.000107142660389 2.95413642179e-05 8.57142857142e-06 -8.33333333333e-05 3.79972517305e-05 8.57142857142e-06 -5.99259887415e-05 2.95694686635e-05 8.57142857143e-06 -3.57142857143e-05 3.74928329857e-05 8.57142857143e-06 -0.000225652757635 3.03796097439e-05 8.57142857141e-06 -1.56522426601e-05 1.80760508008e-05 8.57142857143e-06 -1.87428478052e-05 3.25688495776e-05 8.57142857143e-06 -0.000268284504582 3.76282085174e-05 8.57142857141e-06 -1.74297811326e-05 5.22893433978e-06 8.57142857143e-06 -0.000268284504582 5.22893433979e-06 8.57142857141e-06 -1.72623917603e-05 3.76784253291e-05 8.57142857143e-06 -0.00023196603215 2.48079745542e-05 8.57142857141e-06 -0.000248612519153 1.64356422938e-05 8.57142857141e-06</DataArray>
        <DataArray type="Float64" Name="DisplacementMagnitude" format="ascii">8.57142857143e-06 0 4.37058815451e-05 4.28571428571e-05 0.000285842828227 0.000285714285714 0.000289037812652 0.000288910691659 4.28571428571e-06 1.1157499537e-05 1.66598625567e-05 2.30792777449e-05 2.98294471683e-05 3.67284575205e-05 4.30708955191e-05 7.14285714286e-06 1.42857142857e-05 2.14285714286e-05 2.85714285714e-05 3.57142857143e-05 0.000285746426764 0.000285932059862 0.000286199587843 0.000286644912954 0.000287267208326 0.000288065327058 0.000288942477151 0.000285803557482 0.000286071205636 0.000286516730288 0.000287139303461 0.000287937776725 2.38095238095e-05 4.7619047619e-05 7.14285714286e-05 9.52380952381e-05 0.000119047619048 0.000142857142857 0.000166666666667 0.000190476190476 0.000214285714286 0.000238095238095 0.000261904761905 2.5305390963e-05 4.83843268414e-05 7.19410189258e-05 9.56230315998e-05 0.000119355791601 0.000143114054701 0.000166886929283 0.000190668950084 0.000214457074341 0.000238249473853 0.000262044984108 4.90268101952e-05 6.40648764146e-05 8.32993127835e-05 0.000104436724759 0.000126526954815 0.000149147235842 0.000172088676187 0.000195238095238 0.000218529407725 0.000241921634207 0.000265388091297 4.9770448116e-05 6.46357314322e-05 8.37391479414e-05 0.000104787875569 0.000126816953451 0.000149393330999 0.000172302007706 0.000195426157973 0.000218697442666 0.00024207343201 0.000265526473991 3.24273127509e-05 3.87310416035e-05 1.83642287603e-05 1.15396388724e-05 6.11648329913e-06 2.53646870065e-05 0.000287548576198 0.00028832749894 0.000286303855998 0.000285947226471 0.000285779748109 0.00028683796891 0.000250036731995 0.000271201665463 0.000202426325446 0.000178622849739 3.59705094629e-05 1.51646820072e-05 8.34434646415e-05 0.00010722853717 0.000131022492054 0.000226231074051 5.96778958004e-05 0.000154821234049 0.000253683074013 0.000274567073852 5.59518743645e-05 4.54609972862e-05 0.000183692289285 0.000206913392335 9.38058979236e-05 0.000115475945017 0.00013785364746 0.000230254714523 7.34723481389e-05 0.000160643547042 0.000113244744698 0.000182297930507 0.000131098403435 0.000202475468126 8.3562609764e-05 0.000224738539634 3.26999263315e-05 0.000266523771502 6.99132624418e-05 2.43782003673e-05 0.000249972294679 0.000267487642669 0.000226257612684 0.000214390753925 0.000190835547933 0.000202931258619 0.00017947625807 0.000192001000935 0.000168477907706 0.000155858831785 0.000144957779033 0.000132255081376 0.000214000915076 0.000121559896452 0.000108732547583 9.83603960672e-05 8.53677884652e-05 7.55414575542e-05 6.2340219527e-05 0.000134555411374 0.000204450193127 8.88880031135e-05 5.3083988303e-05 4.00040320504e-05 4.93065120414e-05 4.89385084234e-05 0.000119688388271 0.00023848834084 0.000167112131247 0.000143387007467 9.60383049052e-05 0.000155223661867 0.000107321238065 0.00017866940556 5.98995586864e-05 0.00026648602975 0.000248313287366 0.000248123022158 7.24580806887e-05 0.000154881042059 0.000250361703395 0.000264164986779 3.68893928027e-05 0.000228531013961 0.000204985938397 0.00018090895479 0.000160032569482 0.000135599915688 0.000111140640069 9.15873112583e-05 6.68242291665e-05 5.17805246147e-05 0.000227688576165 2.39110081938e-05 3.75769118829e-05 0.000270910423341 1.81972257407e-05 0.000268335456384 4.14445883628e-05 0.000233288824578 0.000249155202669 0.000113568664646 0.000182499328368 0.000131378311646 0.000202656814789 8.40010662928e-05 0.000224901935485 3.38046530797e-05 0.000266661564841 7.04367351104e-05 2.58411694957e-05 0.000250119206569 0.000267624939735 0.000226419912298 0.00021456203009 0.000191027944926 0.000203112198335 0.000179680818672 0.000192192231237 0.000168695805439 0.000156094345936 0.000145210974412 0.00013253254671 0.000214172502999 0.000121861715946 0.000109069868853 9.87331600945e-05 8.57970203165e-05 7.60261875749e-05 6.29267221332e-05 0.0001348281429 0.00020462978976 8.93003162663e-05 5.37715463968e-05 4.09120027381e-05 5.004599402e-05 4.96834680197e-05 0.000119994915203 0.000238642322534 0.00016733180749 0.000143642971628 9.64200466543e-05 0.000155460138271 0.000107662981231 0.000178874888878 6.05097225129e-05 0.000266623842594 0.000248461180208 0.000248271028339 7.29632979302e-05 0.000155118040785 0.000250508386915 0.000264304009859 3.78721096469e-05 0.000228691700177 0.000205165066052 0.00018111189721 0.000160261950203 0.000135870550608 0.000111470674452 9.19875261721e-05 6.73717076483e-05 5.24851609232e-05 0.000227849856493 2.54008996021e-05 3.854210288e-05 0.00027104598662 2.01148803729e-05 0.000268472319878 4.2321664574e-05 0.00023344623591 0.000249302596065</DataArray>
        <DataArray type="Float64" Name="NodalVonMises" format="ascii">10000000 10000000 10000000 10000000 10000000 10000000 10000000 10000000 10000000 10000000 10000000 10000000 10000000 10000000 10000000 10000000 10000000 10000000 10000000 10000000 10000000 10000000 10000000 10000000 10000000 10000000 10000000 10000000 10000000 10000000 10000000 10000000 10000000 10000000 10000000 10000000 10000000 10000000 10000000 10000000 10000000 10000000 10000000 10000000 10000000 10000000 10000000 10000000 10000000 10000000 10000000 10000000 10000000 10000000 10000000 10000000 10000000 10000000 10000000 10000000 10000000 10000000 10000000 10000000 10000000 10000000 10000000 10000000 10000000 10000000 10000000 10000000 10000000 10000000 10000000 10000000 10000000 10000000 10000000 10000000 10000000 10000000 10000000 10000000 10000000 10000000 10000000 10000000 10000000 10000000 10000000 10000000 10000000 10000000 10000000 10000000 10000000 10000000 10000000 10000000 10000000 10000000 10000000 10000000 10000000 10000000 10000000 10000000 10000000 10000000 10000000 10000000 10000000 10000000 10000000 10000000 10000000 10000000 10000000 10000000 10000000 10000000 10000000 10000000 10000000 10000000 10000000 10000000 10000000 10000000 10000000 10000000 10000000 10000000 10000000 10000000 10000000 10000000 10000000 10000000 10000000 10000000 10000000 10000000 10000000 10000000 10000000 10000000 10000000 10000000 10000000 10000000 10000000 10000000 10000000 10000000 10000000 10000000 10000000 10000000 10000000 10000000 10000000 10000000 10000000 10000000 10000000 10000000 10000000 10000000 10000000 10000000 10000000 10000000 10000000 10000000 10000000 10000000 10000000 10000000 10000000 10000000 10000000 10000000 10000000 10000000 10000000 10000000 10000000 10000000 10000000 10000000 10000000 10000000 10000000 10000000 10000000 10000000 10000000 10000000 10000000 10000000 10000000 10000000 10000000 10000000 10000000 10000000 10000000 10000000 10000000 10000000 10000000 10000000 10000000 10000000 10000000 10000000 10000000 10000000 10000000 10000000 10000000 10000000 10000000 10000000 10000000 10000000 10000000 10000000 10000000 10000000 10000000 10000000 10000000 10000000 10000000 10000000 10000000 10000000 10000000 10000000 10000000 10000000 10000000 10000000 10000000 10000000 10000000 10000000 10000000 10000000 10000000 10000000</DataArray>
        <DataArray type="Float64" Name="NodalStressTrace" format="ascii">-10000000 -10000000 -10000000 -10000000 -10000000 -10000000 -10000000 -10000000 -10000000 -10000000 -10000000 -10000000 -10000000 -10000000 -10000000 -10000000 -10000000 -10000000 -10000000 -10000000 -10000000 -10000000 -10000000 -10000000 -10000000 -10000000 -10000000 -10000000 -10000000 -10000000 -10000000 -10000000 -10000000 -10000000 -10000000 -10000000 -10000000 -10000000 -10000000 -10000000 -10000000 -10000000 -10000000 -10000000 -10000000 -10000000 -10000000 -10000000 -10000000 -10000000 -10000000 -10000000 -10000000 -10000000 -10000000 -10000000 -10000000 -10000000 -10000000 -10000000 -10000000 -10000000 -10000000 -10000000 -10000000 -10000000 -10000000 -10000000 -10000000 -10000000 -10000000 -10000000 -10000000 -10000000 -10000000 -10000000 -10000000 -10000000 -10000000 -10000000 -10000000 -10000000 -10000000 -10000000 -10000000 -10000000 -10000000 -10000000 -10000000 -10000000 -10000000 -10000000 -10000000 -10000000 -10000000 -10000000 -10000000 -10000000 -10000000 -10000000 -10000000 -10000000 -10000000 -10000000 -10000000 -10000000 -10000000 -10000000 -10000000 -10000000 -10000000 -10000000 -10000000 -10000000 -10000000 -10000000 -10000000 -10000000 -10000000 -10000000 -10000000 -10000000 -10000000 -10000000 -10000000 -10000000 -10000000 -10000000 -10000000 -10000000 -10000000 -10000000 -10000000 -10000000 -10000000 -10000000 -10000000 -10000000 -10000000 -10000000 -10000000 -10000000 -10000000 -10000000 -10000000 -10000000 -10000000 -10000000 -10000000 -10000000 -10000000 -10000000 -10000000 -10000000 -10000000 -10000000 -10000000 -10000000 -10000000 -10000000 -10000000 -10000000 -10000000 -10000000 -10000000 -10000000 -10000000 -10000000 -10000000 -10000000 -10000000 -10000000 -10000000 -10000000 -10000000 -10000000 -10000000 -10000000 -10000000 -10000000 -10000000 -10000000 -10000000 -10000000 -10000000 -10000000 -10000000 -10000000 -10000000 -10000000 -10000000 -10000000 -10000000 -10000000 -10000000 -10000000 -10000000 -10000000 -10000000 -10000000 -10000000 -10000000 -10000000 -10000000 -10000000 -10000000 -10000000 -10000000 -10000000 -10000000 -10000000 -10000000 -10000000 -10000000 -10000000 -10000000 -10000000 -10000000 -10000000 -10000000 -10000000 -10000000 -10000000 -10000000 -10000000 -10000000 -10000000 -10000000 -10000000 -10000000 -10000000 -10000000 -10000000 -10000000 -10000000 -10000000 -10000000 -10000000 -10000000 -10000000 -10000000 -10000000 -10000000 -10000000 -10000000 -10000000 -10000000 -10000000 -10000000 -10000000 -10000000 -10000000 -10000000 -10000000</DataArray>
        <DataArray type="Float64" Name="NodalPrincipalStress" NumberOfComponents="3" format="ascii">-10000000 -7.07279751833e-08 3.20198806759e-08 -10000000 -1.69870508952e-07 2.46413583053e-07 -10000000 -4.75375657761e-08 2.47201626981e-08 -10000000 -1.32627491015e-07 1.95129226475e-09 -10000000 -1.20683230784e-08 1.81801274743e-08 -10000000 -1.49605027159e-10 1.48179355774e-08 -10000000 -6.20851998373e-09 1.28441933279e-08 -10000000 2.62502860864e-09 2.1822188975e-08 -10000000 -2.55455495947e-07 9.0378569596e-08 -10000000 -4.18407547664e-08 4.47511378121e-08 -10000000 -3.16905205336e-08 4.60096051183e-08 -10000000 -3.28834918814e-08 6.26276066081e-08 -10000000 -3.27901099676e-08 5.0718069529e-08 -10000000 -4.2562434663e-08 3.00477875666e-08 -10000000 -1.43297318238e-07 3.13327075872e-09 -10000000 4.42568437882e-09 1.75552403166e-07 -10000000 2.29210874959e-09 5.52752678938e-08 -10000000 -3.15621836698e-09 2.66139057151e-08 -10000000 -5.86464925998e-09 3.05446974873e-08 -10000000 -4.17889315938e-08 5.36050867592e-08 -10000000 -1.73497928994e-08 3.61278492377e-09 -10000000 1.93469025285e-08 5.95826856701e-08 -10000000 5.77725879001e-10 1.8281556257e-08 -10000000 -1.07908387427e-08 9.4520625417e-09 -10000000 -3.6226189706e-08 9.0432120594e-09 -10000000 -2.17203563078e-09 3.44772874378e-08 -10000000 -3.00141465432e-09 1.05684105731e-08 -10000000 -5.07689645189e-09 2.44018398752e-08 -10000000 -5.41055572692e-09 2.47937068111e-08 -10000000 1.82180484672e-09 5.62694407449e-08 -10000000 -2.95634632704e-08 2.380090484e-08 -10000000 -1.49194754212e-08 2.50476084201e-08 -10000000 -4.11336955099e-08 5.26588123708e-08 -10000000 -1.0456651198e-08 2.55906430355e-08 -10000000 -9.17609613586e-09 1.30760094171e-08 -10000000 -9.30486624054e-09 7.32580576948e-09 -10000000 -9.06722034973e-09 1.19193957345e-08 -10000000 -3.09198923897e-09 1.3161914577e-08 -10000000 -9.60759921074e-09 4.54353271127e-09 -10000000 -1.64237918687e-08 1.09522717429e-08 -10000000 -2.14317230834e-08 8.85886832607e-09 -10000000 -1.84104983846e-08 8.31784788736e-10 -10000000 -1.25001074387e-08 3.82716596255e-09 -10000000 -4.88877048009e-08 2.82821928375e-08 -10000000 -3.61394007103e-08 7.73406218449e-09 -10000000 -1.93573677585e-08 4.10696059915e-09 -10000000 -1.12536435629e-08 7.76118390811e-09 -10000000 -4.27833065687e-09 1.48721249431e-08 -10000000 7.65000661442e-09 2.26761847215e-08 -10000000 1.47951679629e-09 1.28977754493e-08 -10000000 1.39016806644e-10 8.94137829586e-09 -10000000 -2.63520262834e-09 2.31242992699e-08 -10000000 -1.44595448108e-09 2.58931720647e-08 -10000000 -2.57076966447e-08 -1.94094228923e-09 -10000000 -2.96791323428e-08 1.61749550109e-08 -10000000 -9.76617496633e-09 2.46091284993e-08 -10000000 -8.70616392979e-10 2.91595395969e-08 -10000000 -1.38183158788e-08 4.85433609815e-09 -10000000 -2.38488658544e-08 -3.50873477495e-09 -10000000 1.61639737388e-09 1.81159996758e-08 -10000000 -2.7597096628e-09 1.67877559429e-08 -10000000 -1.40864715568e-08 1.14671268157e-08 -10000000 -1.26544024122e-08 1.59722390843e-08 -10000000 -3.19445841929e-09 1.89687345268e-08 -10000000 1.84394806591e-08 3.77309121224e-08 -10000000 -2.02953084292e-08 2.48937136414e-08 -10000000 -2.29708042255e-08 8.47709665805e-09 -10000000 -1.6018117823e-08 1.04883900362e-08 -10000000 -9.52639966599e-09 1.6918772602e-08 -10000000 -1.50863348079e-08 -2.2013404834e-09 -10000000 -6.23270373572e-09 6.40732671846e-09 -10000000 -3.89313385359e-09 1.55346660363e-08 -10000000 -4.483776813e-08 -4.11487469823e-09 -10000000 -1.21364276739e-08 8.64396801904e-09 -10000000 1.27757707919e-09 1.9444350206e-08 -10000000 -8.52716584542e-10 4.38099703387e-08 -10000000 -2.86446497787e-08 4.09119143162e-08 -10000000 -7.19984157301e-08 2.77605934359e-08 -10000000 -1.33505534346e-08 4.4937910757e-08 -10000000 -1.55836304737e-08 6.67093593094e-08 -10000000 -8.82142310067e-08 1.27865289621e-07 -10000000 -2.17298864271e-08 4.35771618233e-08 -10000000 -1.86270375073e-08 2.13822001239e-08 -10000000 -5.44791010643e-09 1.17343374851e-08 -10000000 -6.8620783792e-09 2.1549811483e-08 -10000000 -4.09899695957e-09 2.97491728688e-08 -10000000 -7.65636779886e-09 2.11605451308e-08 -10000000 -1.89020350127e-08 2.5421293035e-08 -10000000 -1.3944681172e-08 4.92249373042e-09 -10000000 -1.1278303554e-08 1.12084543609e-08 -10000000 -7.90542791715e-09 1.28724816484e-08 -10000000 -4.01382782045e-09 1.04942807355e-08 -10000000 -2.70454220754e-08 2.70260195218e-08 -10000000 -1.00125122654e-07 8.11261421314e-08 -10000000 -1.16468529637e-08 1.02789729322e-08 -10000000 -6.48866074431e-09 1.2396738327e-08 -10000000 -4.30628426278e-09 1.21061108252e-08 -10000000 -3.17087003324e-09 1.80720312271e-08 -10000000 -1.75008780525e-08 1.78695265716e-08 -10000000 -1.58956746357e-09 1.28236460199e-08 -10000000 1.21512293651e-08 3.97311990625e-08 -10000000 6.99577713686e-09 2.82082161836e-08 -10000000 -1.88033390815e-08 1.81048471505e-08 -10000000 -6.78380848505e-08 9.07163039225e-09 -10000000 -2.66971217032e-08 -5.23948158466e-09 -10000000 -2.54097421865e-08 -8.22510331843e-10 -10000000 -2.10088567426e-08 1.12299697091e-08 -10000000 -2.02902164955e-08 -2.35256359987e-09 -10000000 -1.30077975621e-08 -1.0978589326e-09 -10000000 2.68466796893e-10 1.50983556843e-08 -10000000 -1.7447605984e-08 1.93975626246e-08 -10000000 -4.88105640972e-09 9.18842331732e-09 -10000000 -1.48714801585e-08 4.00160152914e-10 -10000000 -1.53579719203e-08 1.9763370324e-09 -10000000 -3.72965159706e-09 1.07921811212e-08 -10000000 -1.53347493662e-08 5.42651197511e-09 -10000000 -1.44920609862e-08 6.45940378019e-09 -10000000 -3.68456482725e-09 1.33987766819e-08 -10000000 -1.89372601023e-08 2.88713675648e-08 -10000000 1.2043601138e-09 3.22301203149e-08 -10000000 -1.70511931957e-08 8.94445351213e-09 -10000000 -7.52166812328e-09 4.6415472787e-08 -10000000 -1.0219663049e-08 6.2615421069e-09 -10000000 -9.73816769321e-09 2.52879285372e-08 -10000000 -8.51445054781e-09 1.2627791919e-08 -10000000 -2.38591167317e-08 -3.54505002634e-09 -10000000 -2.243235494e-08 -1.69472050861e-09 -10000000 -1.34113932489e-08 5.26232072104e-09 -10000000 -4.98181388738e-09 1.15156238249e-08 -10000000 -3.9849585958e-11 1.9032177804e-08 -10000000 -4.65790289262e-09 1.46696205697e-08 -10000000 -6.37171391616e-09 1.28909719385e-08 -10000000 -5.45534034119e-10 1.93854136164e-08 -10000000 -1.10029268372e-08 8.01493357694e-09 -10000000 -1.31820314941e-08 5.68779515146e-09 -10000000 -1.75645598812e-08 6.23346855673e-09 -10000000 -2.00893978225e-08 8.14851195506e-09 -10000000 -1.27767279685e-08 1.03514087637e-08 -10000000 -2.56580531693e-08 1.63769176566e-09 -10000000 -2.27660200843e-08 5.87124650415e-09 -10000000 -1.76149387702e-08 1.24095108086e-08 -10000000 -1.02364223265e-08 8.01159617602e-09 -10000000 -1.22235832194e-08 8.46724883515e-09 -10000000 -1.21337160831e-08 7.63232363916e-09 -10000000 -1.52166407887e-08 2.2861246922e-08 -10000000 -2.06522911701e-08 2.48286908406e-08 -10000000 -1.32959585089e-08 2.00625990901e-08 -10000000 -1.82460864413e-08 1.94335227239e-08 -10000000 -8.97688975884e-09 5.79487096224e-09 -10000000 -1.260941925e-08 3.47081648663e-09 -10000000 -1.4637003966e-08 2.47160283505e-09 -10000000 -5.32468251712e-09 9.3060865236e-09 -10000000 -9.07167114756e-09 5.78293830595e-09 -10000000 1.80359936379e-09 1.6473606163e-08 -10000000 -1.29007474656e-08 8.96590958782e-09 -10000000 -2.26801607796e-08 -6.02903585741e-10 -10000000 -2.00919751043e-08 6.76242075514e-09 -10000000 -1.37030457482e-08 2.55774085746e-08 -10000000 -1.01331156565e-08 1.92717184199e-08 -10000000 3.31274758818e-09 2.74907465672e-08 -10000000 -1.61486622245e-08 1.20450221301e-08 -10000000 -1.35020393146e-08 -5.17691585456e-10 -10000000 8.76578318516e-09 3.00703681763e-08 -10000000 -1.37653805227e-08 9.90039183803e-09 -10000000 -2.49969870055e-08 2.29597188735e-08 -10000000 -7.08537279932e-09 1.4437919441e-08 -10000000 -1.11978560919e-08 6.45657753023e-09 -10000000 -1.92436866362e-08 5.32041414567e-09 -10000000 -6.36917436648e-09 9.09661904928e-09 -10000000 -1.12074135278e-08 5.22545699088e-09 -10000000 -5.6687339482e-09 9.44775439519e-09 -10000000 -1.41055488572e-08 1.09143994471e-08 -10000000 -1.54253405423e-08 1.21298914321e-08 -10000000 -2.85467223092e-08 1.02695167823e-08 -10000000 5.58509702279e-09 3.06491718958e-08 -10000000 -9.11039244731e-09 3.56789558954e-08 -10000000 -2.08221611688e-08 2.6332486402e-08 -10000000 1.17287689469e-08 2.99120961681e-08 -10000000 -3.48197471586e-08 1.10418066148e-07 -10000000 -2.10541243833e-08 1.20873599188e-09 -10000000 -3.85579370308e-08 2.81353417473e-08 -10000000 2.51805592625e-10 2.64305861701e-08 -10000000 1.67274771156e-09 1.26075317659e-08 -10000000 -6.92038652074e-09 1.11113381065e-08 -10000000 -1.74594878153e-08 -1.28180805303e-10 -10000000 -6.74320752698e-09 6.37455900786e-09 -10000000 -1.9921358276e-10 9.30289174963e-09 -10000000 -8.67655609642e-09 1.65695149163e-08 -10000000 -1.32503484874e-08 5.84633401922e-09 -10000000 -2.64375318524e-08 3.07380507999e-08 -10000000 -1.72244667316e-08 3.25462811234e-09 -10000000 -1.10265395343e-08 2.15997899402e-08 -10000000 -3.08934360214e-08 2.47763400199e-08 -10000000 -2.74889021279e-08 -8.63310915896e-09 -10000000 -9.82876870162e-09 3.02513423021e-08 -10000000 -9.30277134997e-09 1.18930122606e-08 -10000000 -2.69708467538e-09 1.48874319467e-08 -10000000 -1.62208133788e-08 7.81231321493e-10 -10000000 -7.61270292229e-09 1.07300465401e-08 -10000000 -5.2503525414e-09 9.49951178808e-09 -10000000 -7.60801915117e-12 1.78657183874e-08 -10000000 -1.00155057392e-08 7.08572013989e-09 -10000000 -8.82431586168e-09 7.89299328707e-09 -10000000 4.1366857748e-09 1.87195224106e-08 -10000000 -6.72648464924e-09 1.00637238749e-08 -10000000 -1.00854404079e-08 7.90265312362e-09 -10000000 -1.10065802505e-08 8.79468913583e-09 -10000000 -1.94850233091e-08 1.04744773997e-08 -10000000 -2.28123016036e-08 5.60223652687e-09 -10000000 -1.79113927911e-08 8.55936193764e-09 -10000000 -1.592782252e-08 1.16786632733e-08 -10000000 -2.22811659907e-08 1.32939031457e-08 -10000000 -1.1172657824e-09 1.55405114445e-08 -10000000 -1.34371003953e-08 5.413398214e-09 -10000000 -1.39246191529e-08 1.12531938731e-08 -10000000 -1.1424323137e-08 2.36349968931e-08 -10000000 -1.00054581841e-08 3.27355497708e-08 -10000000 -1.39847030145e-08 2.07949993413e-08 -10000000 -7.88843381659e-09 2.79284999311e-08 -10000000 -4.15503788709e-09 1.33777183829e-08 -10000000 -2.06444241887e-08 -4.70501213914e-09 -10000000 -1.03070195638e-08 2.71091981464e-09 -10000000 -3.13909934891e-09 1.0473264624e-08 -10000000 -1.13986865893e-08 1.28247742817e-08 -10000000 -5.1991557804e-10 1.10555022034e-08 -10000000 -1.09324335075e-08 1.08354207393e-08 -10000000 -1.26346866931e-08 3.1884148649e-09 -10000000 -4.90858613366e-09 2.60379670452e-08 -10000000 -1.07112333398e-08 2.27893229794e-08 -10000000 -1.70694928775e-08 1.18890110562e-08 -10000000 -1.14858744051e-08 1.42465806084e-08 -10000000 -5.6165920314e-09 1.71708127227e-08 -10000000 -8.43876776835e-09 6.90873782434e-09 -10000000 2.29874623172e-09 2.46548247513e-08 -10000000 -1.73262931717e-08 3.69885255783e-09 -10000000 -9.74379169065e-09 3.84838242667e-08 -10000000 -9.25777339473e-09 1.0421926613e-08 -10000000 -2.86059018126e-08 -4.31276919012e-09 -10000000 -2.03636250134e-08 1.07359015489e-10 -10000000 -8.09254474824e-09 3.06340284532e-09 -10000000 -1.07877514755e-08 -5.57450797071e-10 -10000000 -3.19376630772e-09 1.02784701789e-08 -10000000 -1.08170626665e-08 1.98127920804e-08 -10000000 -1.60293356307e-08 1.65282584385e-08 -10000000 -7.89637020807e-09 2.94768604917e-08 -10000000 -5.33696612913e-09 1.63236621265e-08 -10000000 -2.54720138805e-08 3.07650305129e-08 -10000000 -1.87479616807e-08 3.00596504516e-08 -10000000 7.72060768137e-09 3.23536548675e-08 -10000000 -2.49923446294e-08 5.33976831552e-08 -10000000 -2.2520039936e-08 8.28155057413e-09 -10000000 -2.24793390384e-08 2.79777242385e-08 -10000000 -6.06201335952e-09 2.02802046653e-08 -10000000 -1.82389039523e-08 -2.73702039872e-09</DataArray>
        <DataArray type="Float64" Name="ShellTopNodalVonMises" format="ascii">0 0 0 0 0 0 0 0 0 0 0 0 0 0 0 0 0 0 0 0 0 0 0 0 0 0 0 0 0 0 0 0 0 0 0 0 0 0 0 0 0 0 0 0 0 0 0 0 0 0 0 0 0 0 0 0 0 0 0 0 0 0 0 0 0 0 0 0 0 0 0 0 0 0 0 0 0 0 0 0 0 0 0 0 0 0 0 0 0 0 0 0 0 0 0 0 0 0 0 0 0 0 0 0 0 0 0 0 0 0 0 0 0 0 0 0 0 0 0 0 0 0 0 0 0 0 0 0 0 0 0 0 0 0 0 0 0 0 0 0 0 0 0 0 0 0 0 0 0 0 0 0 0 0 0 0 0 0 0 0 0 0 0 0 0 0 0 0 0 0 0 0 0 0 0 0 0 0 0 0 0 0 0 0 0 0 0 0 0 0 0 0 0 0 0 0 0 0 0 0 0 0 0 0 0 0 0 0 0 0 0 0 0 0 0 0 0 0 0 0 0 0 0 0 0 0 0 0 0 0 0 0 0 0 0 0 0 0 0 0 0 0 0 0 0 0 0 0 0 0 0 0 0 0</DataArray>
        <DataArray type="Float64" Name="ShellBottomNodalVonMises" format="ascii">0 0 0 0 0 0 0 0 0 0 0 0 0 0 0 0 0 0 0 0 0 0 0 0 0 0 0 0 0 0 0 0 0 0 0 0 0 0 0 0 0 0 0 0 0 0 0 0 0 0 0 0 0 0 0 0 0 0 0 0 0 0 0 0 0 0 0 0 0 0 0 0 0 0 0 0 0 0 0 0 0 0 0 0 0 0 0 0 0 0 0 0 0 0 0 0 0 0 0 0 0 0 0 0 0 0 0 0 0 0 0 0 0 0 0 0 0 0 0 0 0 0 0 0 0 0 0 0 0 0 0 0 0 0 0 0 0 0 0 0 0 0 0 0 0 0 0 0 0 0 0 0 0 0 0 0 0 0 0 0 0 0 0 0 0 0 0 0 0 0 0 0 0 0 0 0 0 0 0 0 0 0 0 0 0 0 0 0 0 0 0 0 0 0 0 0 0 0 0 0 0 0 0 0 0 0 0 0 0 0 0 0 0 0 0 0 0 0 0 0 0 0 0 0 0 0 0 0 0 0 0 0 0 0 0 0 0 0 0 0 0 0 0 0 0 0 0 0 0 0 0 0 0 0</DataArray>
      </PointData>
      <CellData Scalars="VonMises">
        <DataArray type="Int32" Name="ElementIndex" format="ascii">0 1 2 3 4 5 6 7 8 9 10 11 12 13 14 15 16 17 18 19 20 21 22 23 24 25 26 27 28 29 30 31 32 33 34 35 36 37 38 39 40 41 42 43 44 45 46 47 48 49 50 51 52 53 54 55 56 57 58 59 60 61 62 63 64 65 66 67 68 69 70 71 72 73 74 75 76 77 78 79 80 81 82 83 84 85 86 87 88 89 90 91 92 93 94 95 96 97 98 99 100 101 102 103 104 105 106 107 108 109 110 111 112 113 114 115 116 117 118 119 120 121 122 123 124 125 126 127 128 129 130 131 132 133 134 135 136 137 138 139 140 141 142 143 144 145 146 147 148 149 150 151 152 153 154 155 156 157 158 159 160 161 162 163 164 165 166 167 168 169 170 171 172 173 174 175 176 177 178 179 180 181 182 183 184 185 186 187 188 189 190 191 192 193 194 195 196 197 198 199 200 201 202 203 204 205 206 207 208 209 210 211 212 213 214 215 216 217 218 219 220 221 222 223 224 225 226 227 228 229 230 231 232 233 234 235 236 237 238 239 240 241 242 243 244 245 246 247 248 249 250 251 252 253 254 255 256 257 258 259 260 261 262 263 264 265 266 267 268 269 270 271 272 273 274 275 276 277 278 279 280 281 282 283 284 285 286 287 288 289 290 291 292 293 294 295 296 297 298 299 300 301 302 303 304 305 306 307 308 309 310 311 312 313 314 315 316 317 318 319 320 321 322 323 324 325 326 327 328 329 330 331 332 333 334 335 336 337 338 339 340 341 342 343 344 345 346 347 348 349 350 351 352 353 354 355 356 357 358 359 360 361 362 363 364 365 366 367 368 369 370 371 372 373 374 375 376 377 378 379 380 381 382 383 384 385 386 387 388 389 390 391 392 393 394 395 396 397 398 399 400 401 402 403 404 405 406 407 408 409 410 411 412 413 414 415 416 417 418 419 420 421 422 423 424 425 426 427 428 429 430 431 432 433 434 435 436 437 438 439 440 441 442 443 444 445 446 447 448 449 450 451 452 453 454 455 456 457 458 459 460 461 462 463 464 465 466 467 468 469 470 471 472 473 474 475 476 477 478 479 480 481 482 483 484 485 486 487 488 489 490 491 492 493 494 495 496 497 498 499 500 501 502 503 504 505 506 507 508 509 510 511 512 513 514 515 516 517 518 519 520 521 522 523 524 525 526 527 528 529 530 531 532 533 534 535 536 537 538 539 540 541 542 543 544 545 546 547 548 549 550 551 552 553 554 555 556 557 558 559 560 561 562 563 564 565 566 567 568 569 570 571 572 573 574 575 576 577 578 579 580 581 582 583 584 585 586 587 588 589 590 591 592 593 594 595 596 597 598 599 600 601 602 603 604 605 606 607 608 609 610 611 612 613 614 615 616 617 618 619 620 621 622 623 624 625 626 627 628 629 630 631 632 633 634 635 636 637 638 639</DataArray>
        <DataArray type="Float64" Name="VonMises" format="ascii">10000000 10000000 10000000 10000000 10000000 10000000 10000000 10000000 10000000 10000000 10000000 10000000 10000000 10000000 10000000 10000000 10000000 10000000 10000000 10000000 10000000 10000000 10000000 10000000 10000000 10000000 10000000 10000000 10000000 10000000 10000000 10000000 10000000 10000000 10000000 10000000 10000000 10000000 10000000 10000000 10000000 10000000 10000000 10000000 10000000 10000000 10000000 10000000 10000000 10000000 10000000 10000000 10000000 10000000 10000000 10000000 10000000 10000000 10000000 10000000 10000000 10000000 10000000 10000000 10000000 10000000 10000000 10000000 10000000 10000000 10000000 10000000 10000000 10000000 10000000 10000000 10000000 10000000 10000000 10000000 10000000 10000000 10000000 10000000 10000000 10000000 10000000 10000000 10000000 10000000 10000000 10000000 10000000 10000000 10000000 10000000 10000000 10000000 10000000 10000000 10000000 10000000 10000000 10000000 10000000 10000000 10000000 10000000 10000000 10000000 10000000 10000000 10000000 10000000 10000000 10000000 10000000 10000000 10000000 10000000 10000000 10000000 10000000 10000000 10000000 10000000 10000000 10000000 10000000 10000000 10000000 10000000 10000000 10000000 10000000 10000000 10000000 10000000 10000000 10000000 10000000 10000000 10000000 10000000 10000000 10000000 10000000 10000000 10000000 10000000 10000000 10000000 10000000 10000000 10000000 10000000 10000000 10000000 10000000 10000000 10000000 10000000 10000000 10000000 10000000 10000000 10000000 10000000 10000000 10000000 10000000 10000000 10000000 10000000 10000000 10000000 10000000 10000000 10000000 10000000 10000000 10000000 10000000 10000000 10000000 10000000 10000000 10000000 10000000 10000000 10000000 10000000 10000000 10000000 10000000 10000000 10000000 10000000 10000000 10000000 10000000 10000000 10000000 10000000 10000000 10000000 10000000 10000000 10000000 10000000 10000000 10000000 10000000 10000000 10000000 10000000 10000000 10000000 10000000 10000000 10000000 10000000 10000000 10000000 10000000 10000000 10000000 10000000 10000000 10000000 10000000 10000000 10000000 10000000 10000000 10000000 10000000 10000000 10000000 10000000 10000000 10000000 10000000 10000000 10000000 10000000 10000000 10000000 10000000 10000000 10000000 10000000 10000000 10000000 10000000 10000000 10000000 10000000 10000000 10000000 10000000 10000000 10000000 10000000 10000000 10000000 10000000 10000000 10000000 10000000 10000000 10000000 10000000 10000000 10000000 10000000 10000000 10000000 10000000 10000000 10000000 10000000 10000000 10000000 10000000 10000000 10000000 10000000 10000000 10000000 10000000 10000000 10000000 10000000 10000000 10000000 10000000 10000000 10000000 10000000 10000000 10000000 10000000 10000000 10000000 10000000 10000000 10000000 10000000 10000000 10000000 10000000 10000000 10000000 10000000 10000000 10000000 10000000 10000000 10000000 10000000 10000000 10000000 10000000 10000000 10000000 10000000 10000000 10000000 10000000 10000000 10000000 10000000 10000000 10000000 10000000 10000000 10000000 10000000 10000000 10000000 10000000 10000000 10000000 10000000 10000000 10000000 10000000 10000000 10000000 10000000 10000000 10000000 10000000 10000000 10000000 10000000 10000000 10000000 10000000 10000000 10000000 10000000 10000000 10000000 10000000 10000000 10000000 10000000 10000000 10000000 10000000 10000000 10000000 10000000 10000000 10000000 10000000 10000000 10000000 10000000 10000000 10000000 10000000 10000000 10000000 10000000 10000000 10000000 10000000 10000000 10000000 10000000 10000000 10000000 10000000 10000000 10000000 10000000 10000000 10000000 10000000 10000000 10000000 10000000 10000000 10000000 10000000 10000000 10000000 10000000 10000000 10000000 10000000 10000000 10000000 10000000 10000000 10000000 10000000 10000000 10000000 10000000 10000000 10000000 10000000 10000000 10000000 10000000 10000000 10000000 10000000 10000000 10000000 10000000 10000000 10000000 10000000 10000000 10000000 10000000 10000000 10000000 10000000 10000000 10000000 10000000 10000000 10000000 10000000 10000000 10000000 10000000 10000000 10000000 10000000 10000000 10000000 10000000 10000000 10000000 10000000 10000000 10000000 10000000 10000000 10000000 10000000 10000000 10000000 10000000 10000000 10000000 10000000 10000000 10000000 10000000 10000000 10000000 10000000 10000000 10000000 10000000 10000000 10000000 10000000 10000000 10000000 10000000 10000000 10000000 10000000 10000000 10000000 10000000 10000000 10000000 10000000 10000000 10000000 10000000 10000000 10000000 10000000 10000000 10000000 10000000 10000000 10000000 10000000 10000000 10000000 10000000 10000000 10000000 10000000 10000000 10000000 10000000 10000000 10000000 10000000 10000000 10000000 10000000 10000000 10000000 10000000 10000000 10000000 10000000 10000000 10000000 10000000 10000000 10000000 10000000 10000000 10000000 10000000 10000000 10000000 10000000 10000000 10000000 10000000 10000000 10000000 10000000 10000000 10000000 10000000 10000000 10000000 10000000 10000000 10000000 10000000 10000000 10000000 10000000 10000000 10000000 10000000 10000000 10000000 10000000 10000000 10000000 10000000 10000000 10000000 10000000 10000000 10000000 10000000 10000000 10000000 10000000 10000000 10000000 10000000 10000000 10000000 10000000 10000000 10000000 10000000 10000000 10000000 10000000 10000000 10000000 10000000 10000000 10000000 10000000 10000000 10000000 10000000 10000000 10000000 10000000 10000000 10000000 10000000 10000000 10000000 10000000 10000000 10000000 10000000 10000000 10000000 10000000 10000000 10000000 10000000 10000000 10000000 10000000 10000000 10000000 10000000 10000000 10000000 10000000 10000000 10000000 10000000 10000000 10000000 10000000 10000000 10000000 10000000 10000000 10000000 10000000 10000000</DataArray>
        <DataArray type="Int32" Name="HasVonMises" format="ascii">1 1 1 1 1 1 1 1 1 1 1 1 1 1 1 1 1 1 1 1 1 1 1 1 1 1 1 1 1 1 1 1 1 1 1 1 1 1 1 1 1 1 1 1 1 1 1 1 1 1 1 1 1 1 1 1 1 1 1 1 1 1 1 1 1 1 1 1 1 1 1 1 1 1 1 1 1 1 1 1 1 1 1 1 1 1 1 1 1 1 1 1 1 1 1 1 1 1 1 1 1 1 1 1 1 1 1 1 1 1 1 1 1 1 1 1 1 1 1 1 1 1 1 1 1 1 1 1 1 1 1 1 1 1 1 1 1 1 1 1 1 1 1 1 1 1 1 1 1 1 1 1 1 1 1 1 1 1 1 1 1 1 1 1 1 1 1 1 1 1 1 1 1 1 1 1 1 1 1 1 1 1 1 1 1 1 1 1 1 1 1 1 1 1 1 1 1 1 1 1 1 1 1 1 1 1 1 1 1 1 1 1 1 1 1 1 1 1 1 1 1 1 1 1 1 1 1 1 1 1 1 1 1 1 1 1 1 1 1 1 1 1 1 1 1 1 1 1 1 1 1 1 1 1 1 1 1 1 1 1 1 1 1 1 1 1 1 1 1 1 1 1 1 1 1 1 1 1 1 1 1 1 1 1 1 1 1 1 1 1 1 1 1 1 1 1 1 1 1 1 1 1 1 1 1 1 1 1 1 1 1 1 1 1 1 1 1 1 1 1 1 1 1 1 1 1 1 1 1 1 1 1 1 1 1 1 1 1 1 1 1 1 1 1 1 1 1 1 1 1 1 1 1 1 1 1 1 1 1 1 1 1 1 1 1 1 1 1 1 1 1 1 1 1 1 1 1 1 1 1 1 1 1 1 1 1 1 1 1 1 1 1 1 1 1 1 1 1 1 1 1 1 1 1 1 1 1 1 1 1 1 1 1 1 1 1 1 1 1 1 1 1 1 1 1 1 1 1 1 1 1 1 1 1 1 1 1 1 1 1 1 1 1 1 1 1 1 1 1 1 1 1 1 1 1 1 1 1 1 1 1 1 1 1 1 1 1 1 1 1 1 1 1 1 1 1 1 1 1 1 1 1 1 1 1 1 1 1 1 1 1 1 1 1 1 1 1 1 1 1 1 1 1 1 1 1 1 1 1 1 1 1 1 1 1 1 1 1 1 1 1 1 1 1 1 1 1 1 1 1 1 1 1 1 1 1 1 1 1 1 1 1 1 1 1 1 1 1 1 1 1 1 1 1 1 1 1 1 1 1 1 1 1 1 1 1 1 1 1 1 1 1 1 1 1 1 1 1 1 1 1 1 1 1 1 1 1 1 1 1 1 1 1 1 1 1 1 1 1 1 1 1 1 1 1 1 1 1 1 1 1 1 1 1 1 1 1 1 1 1 1 1 1 1 1 1 1 1 1 1 1 1 1 1 1 1 1 1 1 1</DataArray>
        <DataArray type="Float64" Name="StressTrace" format="ascii">-10000000 -10000000 -10000000 -10000000 -10000000 -10000000 -10000000 -10000000 -10000000 -10000000 -10000000 -10000000 -10000000 -10000000 -10000000 -10000000 -10000000 -10000000 -10000000 -10000000 -10000000 -10000000 -10000000 -10000000 -10000000 -10000000 -10000000 -10000000 -10000000 -10000000 -10000000 -10000000 -10000000 -10000000 -10000000 -10000000 -10000000 -10000000 -10000000 -10000000 -10000000 -10000000 -10000000 -10000000 -10000000 -10000000 -10000000 -10000000 -10000000 -10000000 -10000000 -10000000 -10000000 -10000000 -10000000 -10000000 -10000000 -10000000 -10000000 -10000000 -10000000 -10000000 -10000000 -10000000 -10000000 -10000000 -10000000 -10000000 -10000000 -10000000 -10000000 -10000000 -10000000 -10000000 -10000000 -10000000 -10000000 -10000000 -10000000 -10000000 -10000000 -10000000 -10000000 -10000000 -10000000 -10000000 -10000000 -10000000 -10000000 -10000000 -10000000 -10000000 -10000000 -10000000 -10000000 -10000000 -10000000 -10000000 -10000000 -10000000 -10000000 -10000000 -10000000 -10000000 -10000000 -10000000 -10000000 -10000000 -10000000 -10000000 -10000000 -10000000 -10000000 -10000000 -10000000 -10000000 -10000000 -10000000 -10000000 -10000000 -10000000 -10000000 -10000000 -10000000 -10000000 -10000000 -10000000 -10000000 -10000000 -10000000 -10000000 -10000000 -10000000 -10000000 -10000000 -10000000 -10000000 -10000000 -10000000 -10000000 -10000000 -10000000 -10000000 -10000000 -10000000 -10000000 -10000000 -10000000 -10000000 -10000000 -10000000 -10000000 -10000000 -10000000 -10000000 -10000000 -10000000 -10000000 -10000000 -10000000 -10000000 -10000000 -10000000 -10000000 -10000000 -10000000 -10000000 -10000000 -10000000 -10000000 -10000000 -10000000 -10000000 -10000000 -10000000 -10000000 -10000000 -10000000 -10000000 -10000000 -10000000 -10000000 -10000000 -10000000 -10000000 -10000000 -10000000 -10000000 -10000000 -10000000 -10000000 -10000000 -10000000 -10000000 -10000000 -10000000 -10000000 -10000000 -10000000 -10000000 -10000000 -10000000 -10000000 -10000000 -10000000 -10000000 -10000000 -10000000 -10000000 -10000000 -10000000 -10000000 -10000000 -10000000 -10000000 -10000000 -10000000 -10000000 -10000000 -10000000 -10000000 -10000000 -10000000 -10000000 -10000000 -10000000 -10000000 -10000000 -10000000 -10000000 -10000000 -10000000 -10000000 -10000000 -10000000 -10000000 -10000000 -10000000 -10000000 -10000000 -10000000 -10000000 -10000000 -10000000 -10000000 -10000000 -10000000 -10000000 -10000000 -10000000 -10000000 -10000000 -10000000 -10000000 -10000000 -10000000 -10000000 -10000000 -10000000 -10000000 -10000000 -10000000 -10000000 -10000000 -10000000 -10000000 -10000000 -10000000 -10000000 -10000000 -10000000 -10000000 -10000000 -10000000 -10000000 -10000000 -10000000 -10000000 -10000000 -10000000 -10000000 -10000000 -10000000 -10000000 -10000000 -10000000 -10000000 -10000000 -10000000 -10000000 -10000000 -10000000 -10000000 -10000000 -10000000 -10000000 -10000000 -10000000 -10000000 -10000000 -10000000 -10000000 -10000000 -10000000 -10000000 -10000000 -10000000 -10000000 -10000000 -10000000 -10000000 -10000000 -10000000 -10000000 -10000000 -10000000 -10000000 -10000000 -10000000 -10000000 -10000000 -10000000 -10000000 -10000000 -10000000 -10000000 -10000000 -10000000 -10000000 -10000000 -10000000 -10000000 -10000000 -10000000 -10000000 -10000000 -10000000 -10000000 -10000000 -10000000 -10000000 -10000000 -10000000 -10000000 -10000000 -10000000 -10000000 -10000000 -10000000 -10000000 -10000000 -10000000 -10000000 -10000000 -10000000 -10000000 -10000000 -10000000 -10000000 -10000000 -10000000 -10000000 -10000000 -10000000 -10000000 -10000000 -10000000 -10000000 -10000000 -10000000 -10000000 -10000000 -10000000 -10000000 -10000000 -10000000 -10000000 -10000000 -10000000 -10000000 -10000000 -10000000 -10000000 -10000000 -10000000 -10000000 -10000000 -10000000 -10000000 -10000000 -10000000 -10000000 -10000000 -10000000 -10000000 -10000000 -10000000 -10000000 -10000000 -10000000 -10000000 -10000000 -10000000 -10000000 -10000000 -10000000 -10000000 -10000000 -10000000 -10000000 -10000000 -10000000 -10000000 -10000000 -10000000 -10000000 -10000000 -10000000 -10000000 -10000000 -10000000 -10000000 -10000000 -10000000 -10000000 -10000000 -10000000 -10000000 -10000000 -10000000 -10000000 -10000000 -10000000 -10000000 -10000000 -10000000 -10000000 -10000000 -10000000 -10000000 -10000000 -10000000 -10000000 -10000000 -10000000 -10000000 -10000000 -10000000 -10000000 -10000000 -10000000 -10000000 -10000000 -10000000 -10000000 -10000000 -10000000 -10000000 -10000000 -10000000 -10000000 -10000000 -10000000 -10000000 -10000000 -10000000 -10000000 -10000000 -10000000 -10000000 -10000000 -10000000 -10000000 -10000000 -10000000 -10000000 -10000000 -10000000 -10000000 -10000000 -10000000 -10000000 -10000000 -10000000 -10000000 -10000000 -10000000 -10000000 -10000000 -10000000 -10000000 -10000000 -10000000 -10000000 -10000000 -10000000 -10000000 -10000000 -10000000 -10000000 -10000000 -10000000 -10000000 -10000000 -10000000 -10000000 -10000000 -10000000 -10000000 -10000000 -10000000 -10000000 -10000000 -10000000 -10000000 -10000000 -10000000 -10000000 -10000000 -10000000 -10000000 -10000000 -10000000 -10000000 -10000000 -10000000 -10000000 -10000000 -10000000 -10000000 -10000000 -10000000 -10000000 -10000000 -10000000 -10000000 -10000000 -10000000 -10000000 -10000000 -10000000 -10000000 -10000000 -10000000 -10000000 -10000000 -10000000 -10000000 -10000000 -10000000 -10000000 -10000000 -10000000 -10000000 -10000000 -10000000 -10000000 -10000000 -10000000 -10000000 -10000000 -10000000 -10000000 -10000000 -10000000 -10000000 -10000000 -10000000 -10000000 -10000000 -10000000 -10000000 -10000000 -10000000 -10000000 -10000000 -10000000 -10000000 -10000000 -10000000 -10000000 -10000000 -10000000 -10000000 -10000000 -10000000 -10000000 -10000000 -10000000 -10000000 -10000000 -10000000 -10000000 -10000000 -10000000 -10000000 -10000000 -10000000 -10000000 -10000000 -10000000 -10000000 -10000000 -10000000 -10000000 -10000000 -10000000 -10000000 -10000000 -10000000 -10000000 -10000000 -10000000 -10000000 -10000000 -10000000 -10000000 -10000000 -10000000 -10000000 -10000000 -10000000 -10000000 -10000000 -10000000 -10000000 -10000000 -10000000 -10000000 -10000000 -10000000 -10000000 -10000000 -10000000 -10000000 -10000000 -10000000 -10000000 -10000000 -10000000</DataArray>
        <DataArray type="Float64" Name="HydrostaticPressure" format="ascii">3333333.33333 3333333.33333 3333333.33333 3333333.33333 3333333.33333 3333333.33333 3333333.33333 3333333.33333 3333333.33333 3333333.33333 3333333.33333 3333333.33333 3333333.33333 3333333.33333 3333333.33333 3333333.33333 3333333.33333 3333333.33333 3333333.33333 3333333.33333 3333333.33333 3333333.33333 3333333.33333 3333333.33333 3333333.33333 3333333.33333 3333333.33333 3333333.33333 3333333.33333 3333333.33333 3333333.33333 3333333.33333 3333333.33333 3333333.33333 3333333.33333 3333333.33333 3333333.33333 3333333.33333 3333333.33333 3333333.33333 3333333.33333 3333333.33333 3333333.33333 3333333.33333 3333333.33333 3333333.33333 3333333.33333 3333333.33333 3333333.33333 3333333.33333 3333333.33333 3333333.33333 3333333.33333 3333333.33333 3333333.33333 3333333.33333 3333333.33333 3333333.33333 3333333.33333 3333333.33333 3333333.33333 3333333.33333 3333333.33333 3333333.33333 3333333.33333 3333333.33333 3333333.33333 3333333.33333 3333333.33333 3333333.33333 3333333.33333 3333333.33333 3333333.33333 3333333.33333 3333333.33333 3333333.33333 3333333.33333 3333333.33333 3333333.33333 3333333.33333 3333333.33333 3333333.33333 3333333.33333 3333333.33333 3333333.33333 3333333.33333 3333333.33333 3333333.33333 3333333.33333 3333333.33333 3333333.33333 3333333.33333 3333333.33333 3333333.33333 3333333.33333 3333333.33333 3333333.33333 3333333.33333 3333333.33333 3333333.33333 3333333.33333 3333333.33333 3333333.33333 3333333.33333 3333333.33333 3333333.33333 3333333.33333 3333333.33333 3333333.33333 3333333.33333 3333333.33333 3333333.33333 3333333.33333 3333333.33333 3333333.33333 3333333.33333 3333333.33333 3333333.33333 3333333.33333 3333333.33333 3333333.33333 3333333.33333 3333333.33333 3333333.33333 3333333.33333 3333333.33333 3333333.33333 3333333.33333 3333333.33333 3333333.33333 3333333.33333 3333333.33333 3333333.33333 3333333.33333 3333333.33333 3333333.33333 3333333.33333 3333333.33333 3333333.33333 3333333.33333 3333333.33333 3333333.33333 3333333.33333 3333333.33333 3333333.33333 3333333.33333 3333333.33333 3333333.33333 3333333.33333 3333333.33333 3333333.33333 3333333.33333 3333333.33333 3333333.33333 3333333.33333 3333333.33333 3333333.33333 3333333.33333 3333333.33333 3333333.33333 3333333.33333 3333333.33333 3333333.33333 3333333.33333 3333333.33333 3333333.33333 3333333.33333 3333333.33333 3333333.33333 3333333.33333 3333333.33333 3333333.33333 3333333.33333 3333333.33333 3333333.33333 3333333.33333 3333333.33333 3333333.33333 3333333.33333 3333333.33333 3333333.33333 3333333.33333 3333333.33333 3333333.33333 3333333.33333 3333333.33333 3333333.33333 3333333.33333 3333333.33333 3333333.33333 3333333.33333 3333333.33333 3333333.33333 3333333.33333 3333333.33333 3333333.33333 3333333.33333 3333333.33333 3333333.33333 3333333.33333 3333333.33333 3333333.33333 3333333.33333 3333333.33333 3333333.33333 3333333.33333 3333333.33333 3333333.33333 3333333.33333 3333333.33333 3333333.33333 3333333.33333 3333333.33333 3333333.33333 3333333.33333 3333333.33333 3333333.33333 3333333.33333 3333333.33333 3333333.33333 3333333.33333 3333333.33333 3333333.33333 3333333.33333 3333333.33333 3333333.33333 3333333.33333 3333333.33333 3333333.33333 3333333.33333 3333333.33333 3333333.33333 3333333.33333 3333333.33333 3333333.33333 3333333.33333 3333333.33333 3333333.33333 3333333.33333 3333333.33333 3333333.33333 3333333.33333 3333333.33333 3333333.33333 3333333.33333 3333333.33333 3333333.33333 3333333.33333 3333333.33333 3333333.33333 3333333.33333 3333333.33333 3333333.33333 3333333.33333 3333333.33333 3333333.33333 3333333.33333 3333333.33333 3333333.33333 3333333.33333 3333333.33333 3333333.33333 3333333.33333 3333333.33333 3333333.33333 3333333.33333 3333333.33333 3333333.33333 3333333.33333 3333333.33333 3333333.33333 3333333.33333 3333333.33333 3333333.33333 3333333.33333 3333333.33333 3333333.33333 3333333.33333 3333333.33333 3333333.33333 3333333.33333 3333333.33333 3333333.33333 3333333.33333 3333333.33333 3333333.33333 3333333.33333 3333333.33333 3333333.33333 3333333.33333 3333333.33333 3333333.33333 3333333.33333 3333333.33333 3333333.33333 3333333.33333 3333333.33333 3333333.33333 3333333.33333 3333333.33333 3333333.33333 3333333.33333 3333333.33333 3333333.33333 3333333.33333 3333333.33333 3333333.33333 3333333.33333 3333333.33333 3333333.33333 3333333.33333 3333333.33333 3333333.33333 3333333.33333 3333333.33333 3333333.33333 3333333.33333 3333333.33333 3333333.33333 3333333.33333 3333333.33333 3333333.33333 3333333.33333 3333333.33333 3333333.33333 3333333.33333 3333333.33333 3333333.33333 3333333.33333 3333333.33333 3333333.33333 3333333.33333 3333333.33333 3333333.33333 3333333.33333 3333333.33333 3333333.33333 3333333.33333 3333333.33333 3333333.33333 3333333.33333 3333333.33333 3333333.33333 3333333.33333 3333333.33333 3333333.33333 3333333.33333 3333333.33333 3333333.33333 3333333.33333 3333333.33333 3333333.33333 3333333.33333 3333333.33333 3333333.33333 3333333.33333 3333333.33333 3333333.33333 3333333.33333 3333333.33333 3333333.33333 3333333.33333 3333333.33333 3333333.33333 3333333.33333 3333333.33333 3333333.33333 3333333.33333 3333333.33333 3333333.33333 3333333.33333 3333333.33333 3333333.33333 3333333.33333 3333333.33333 3333333.33333 3333333.33333 3333333.33333 3333333.33333 3333333.33333 3333333.33333 3333333.33333 3333333.33333 3333333.33333 3333333.33333 3333333.33333 3333333.33333 3333333.33333 3333333.33333 3333333.33333 3333333.33333 3333333.33333 3333333.33333 3333333.33333 3333333.33333 3333333.33333 3333333.33333 3333333.33333 3333333.33333 3333333.33333 3333333.33333 3333333.33333 3333333.33333 3333333.33333 3333333.33333 3333333.33333 3333333.33333 3333333.33333 3333333.33333 3333333.33333 3333333.33333 3333333.33333 3333333.33333 3333333.33333 3333333.33333 3333333.33333 3333333.33333 3333333.33333 3333333.33333 3333333.33333 3333333.33333 3333333.33333 3333333.33333 3333333.33333 3333333.33333 3333333.33333 3333333.33333 3333333.33333 3333333.33333 3333333.33333 3333333.33333 3333333.33333 3333333.33333 3333333.33333 3333333.33333 3333333.33333 3333333.33333 3333333.33333 3333333.33333 3333333.33333 3333333.33333 3333333.33333 3333333.33333 3333333.33333 3333333.33333 3333333.33333 3333333.33333 3333333.33333 3333333.33333 3333333.33333 3333333.33333 3333333.33333 3333333.33333 3333333.33333 3333333.33333 3333333.33333 3333333.33333 3333333.33333 3333333.33333 3333333.33333 3333333.33333 3333333.33333 3333333.33333 3333333.33333 3333333.33333 3333333.33333 3333333.33333 3333333.33333 3333333.33333 3333333.33333 3333333.33333 3333333.33333 3333333.33333 3333333.33333 3333333.33333 3333333.33333 3333333.33333 3333333.33333 3333333.33333 3333333.33333 3333333.33333 3333333.33333 3333333.33333 3333333.33333 3333333.33333 3333333.33333 3333333.33333 3333333.33333 3333333.33333 3333333.33333 3333333.33333 3333333.33333 3333333.33333 3333333.33333 3333333.33333 3333333.33333 3333333.33333 3333333.33333 3333333.33333 3333333.33333 3333333.33333 3333333.33333 3333333.33333 3333333.33333 3333333.33333 3333333.33333 3333333.33333 3333333.33333 3333333.33333 3333333.33333 3333333.33333 3333333.33333 3333333.33333 3333333.33333 3333333.33333 3333333.33333 3333333.33333 3333333.33333 3333333.33333 3333333.33333 3333333.33333 3333333.33333 3333333.33333 3333333.33333 3333333.33333 3333333.33333 3333333.33333 3333333.33333 3333333.33333 3333333.33333 3333333.33333 3333333.33333 3333333.33333 3333333.33333 3333333.33333 3333333.33333 3333333.33333 3333333.33333 3333333.33333 3333333.33333 3333333.33333 3333333.33333 3333333.33333 3333333.33333 3333333.33333 3333333.33333 3333333.33333 3333333.33333 3333333.33333 3333333.33333 3333333.33333 3333333.33333 3333333.33333 3333333.33333 3333333.33333 3333333.33333 3333333.33333 3333333.33333 3333333.33333 3333333.33333 3333333.33333 3333333.33333 3333333.33333 3333333.33333 3333333.33333 3333333.33333 3333333.33333 3333333.33333 3333333.33333 3333333.33333 3333333.33333 3333333.33333 3333333.33333 3333333.33333 3333333.33333 3333333.33333 3333333.33333 3333333.33333 3333333.33333 3333333.33333 3333333.33333 3333333.33333 3333333.33333 3333333.33333 3333333.33333 3333333.33333 3333333.33333 3333333.33333 3333333.33333 3333333.33333 3333333.33333 3333333.33333 3333333.33333 3333333.33333 3333333.33333 3333333.33333 3333333.33333 3333333.33333 3333333.33333 3333333.33333 3333333.33333 3333333.33333 3333333.33333 3333333.33333 3333333.33333 3333333.33333 3333333.33333 3333333.33333 3333333.33333 3333333.33333 3333333.33333 3333333.33333 3333333.33333 3333333.33333 3333333.33333 3333333.33333 3333333.33333 3333333.33333 3333333.33333 3333333.33333 3333333.33333 3333333.33333 3333333.33333 3333333.33333 3333333.33333 3333333.33333 3333333.33333 3333333.33333 3333333.33333 3333333.33333 3333333.33333 3333333.33333 3333333.33333 3333333.33333 3333333.33333 3333333.33333 3333333.33333 3333333.33333 3333333.33333 3333333.33333</DataArray>
        <DataArray type="Float64" Name="PrincipalStress" NumberOfComponents="3" format="ascii">-10000000 -4.9518482626e-09 8.44430791741e-09 -10000000 1.82238470533e-09 1.88995425799e-08 -10000000 6.49118752226e-09 2.42424574401e-08 -10000000 -5.00164662159e-08 -4.31157912457e-08 -10000000 -2.15497226466e-08 4.32025501617e-09 -10000000 -8.86897284619e-09 1.37584163629e-08 -10000000 5.68230273106e-09 8.98602781914e-09 -10000000 -2.39320282731e-08 1.58028648231e-09 -10000000 1.14177453967e-08 2.5136665657e-08 -10000000 -7.67428712351e-09 1.62890209387e-08 -10000000 -1.87468526213e-08 -5.70036496237e-09 -10000000 -1.7320733618e-08 2.41957242419e-09 -10000000 -1.62883931653e-09 1.16405569937e-08 -10000000 7.41517905255e-09 1.12112724398e-08 -10000000 -2.71372277899e-08 -1.22111509876e-08 -10000000 9.2549527907e-09 1.84518938041e-08 -10000000 -8.38190317154e-09 -3.25962901115e-09 -10000000 -2.19641121071e-08 9.15842670612e-09 -10000000 -5.02165187799e-08 -1.14836017884e-08 -10000000 -2.99859798141e-09 2.46518478412e-08 -10000000 -1.55519363727e-08 8.10135577575e-09 -10000000 -2.46311912412e-08 -8.43076015765e-09 -10000000 -1.76889962458e-08 9.30709307428e-09 -10000000 3.70250717569e-09 9.56883951258e-09 -10000000 -2.46119653156e-08 1.1573449271e-08 -10000000 -6.5489132523e-09 1.1438356769e-08 -10000000 -1.33234297303e-09 1.39051977303e-08 -10000000 1.39771753056e-08 2.88636631267e-08 -10000000 -3.83571590694e-09 3.60288526328e-09 -10000000 4.44145032758e-09 9.295557648e-09 -10000000 -3.30635943905e-08 -1.28040424093e-08 -10000000 -2.52139610738e-08 -1.15732806235e-08 -10000000 -2.2794115452e-08 1.11525832693e-08 -10000000 5.96380976153e-09 2.5933988419e-08 -10000000 -7.77508909861e-09 -1.53813664754e-09 -10000000 9.02967559953e-09 2.86888886724e-08 -10000000 -5.36556224649e-08 -3.62170059855e-08 -10000000 -2.16729685715e-08 -9.52633767811e-09 -10000000 -2.45975856519e-08 -2.17357124352e-08 -10000000 2.5414183685e-09 1.46880492619e-08 -10000000 -3.5052871808e-09 2.32958918914e-08 -10000000 5.66139827177e-09 1.50605290134e-08 -10000000 7.51133185641e-10 1.27530441463e-08 -10000000 -2.30100736884e-08 6.24626734537e-09 -10000000 -2.39015267431e-08 -6.59928757555e-09 -10000000 1.75735258548e-10 4.73217160468e-08 -10000000 -9.5714615463e-09 -7.19234479677e-09 -10000000 1.01938523811e-08 1.68145022827e-08 -10000000 -4.61141586097e-08 -7.20405878704e-09 -10000000 -2.81340485312e-08 -1.26113141082e-08 -10000000 8.17334996383e-10 3.57370760573e-08 -10000000 -2.09374559944e-08 7.2004480188e-09 -10000000 -2.89057941805e-08 -1.20723991026e-08 -10000000 -1.58906238904e-08 1.61234545341e-08 -10000000 -3.33569550853e-10 9.87962594066e-09 -10000000 -7.95471684483e-09 2.02947409585e-08 -10000000 -2.82188326911e-08 -1.11782840927e-09 -10000000 -1.55519719014e-08 -8.89524568224e-09 -10000000 -2.89512885711e-08 -4.5763241151e-09 -10000000 2.03411674791e-08 4.29887675947e-08 -10000000 7.32461237347e-09 4.04056695756e-08 -10000000 -1.30967997931e-08 1.14669852876e-08 -10000000 -2.8209231355e-08 1.21439169429e-08 -10000000 1.10864275681e-08 1.45249432338e-08 -10000000 -2.1006623721e-08 2.14734158507e-09 -10000000 9.93986724375e-09 4.03515517855e-08 -10000000 1.54744639176e-08 3.9240737341e-08 -10000000 8.02519894429e-09 2.50367524546e-08 -10000000 -1.44415149477e-08 -3.95210590099e-09 -10000000 -1.95315755051e-09 1.61558268134e-08 -10000000 -9.54490903056e-09 1.04762316052e-08 -10000000 -3.49850813601e-08 2.93315455655e-10 -10000000 -6.28873254717e-08 -1.13856498539e-08 -10000000 -4.39468180972e-08 -5.41327835745e-09 -10000000 -3.48484435079e-08 -1.68399593833e-08 -10000000 -5.67906793878e-09 1.77862614088e-08 -10000000 3.7215730895e-09 2.44509347926e-08 -10000000 -1.97895548904e-08 7.91519206408e-09 -10000000 -1.56531366971e-09 1.90276119438e-08 -10000000 -8.27164426329e-09 1.33939184237e-08 -10000000 -1.95577740669e-08 -1.37370079756e-08 -10000000 -1.28847379097e-08 2.38277781615e-08 -10000000 -2.45422759652e-08 2.19053417441e-09 -10000000 -1.319246406e-08 2.08758753005e-08 -10000000 2.91190082132e-09 2.01383329004e-08 -10000000 4.33452041765e-09 4.38614228187e-08 -10000000 2.68550790383e-09 1.05858387844e-08 -10000000 -7.26257674931e-08 -4.47208769085e-08 -10000000 -1.45247537602e-08 -3.86886708842e-09 -10000000 -1.91859145098e-08 -7.1239482231e-09 -10000000 1.20632020326e-09 1.43933329215e-08 -10000000 -2.86796490392e-08 5.39658467382e-09 -10000000 -3.30904762263e-08 2.356831264e-09 -10000000 1.75196558314e-09 3.31726309649e-08 -10000000 1.35767511296e-08 2.99625792337e-08 -10000000 -3.03230100614e-08 1.45201024828e-09 -10000000 -3.66985090811e-08 -2.50016114872e-08 -10000000 1.1840025817e-08 4.03140383615e-08 -10000000 -3.58762553592e-08 -2.07513955638e-09 -10000000 1.72141830865e-08 6.89331550654e-08 -10000000 -4.47861658968e-10 8.13127289955e-09 -10000000 1.67049289955e-08 2.35747723566e-08 -10000000 -1.92546203191e-08 4.35345912523e-09 -10000000 3.18600117024e-08 7.52420843784e-08 -10000000 9.08906153926e-09 2.14117527794e-08 -10000000 -4.83916242186e-08 -1.86636011537e-08 -10000000 -1.67275376995e-08 1.96562000112e-10 -10000000 -7.8195245126e-09 2.5048992143e-08 -10000000 -1.23740874918e-08 3.29369238927e-09 -10000000 -1.86760346508e-08 1.67939766409e-09 -10000000 -1.12348516553e-08 9.13937586246e-09 -10000000 -8.60606737844e-09 3.71662386171e-09 -10000000 1.16580738213e-08 2.09382162903e-08 -10000000 -3.10395319945e-08 -2.08817015404e-08 -10000000 -1.33821236548e-08 -3.61451333197e-09 -10000000 1.37698362607e-08 1.46355022651e-08 -10000000 -3.64539256912e-08 -1.40703239817e-08 -10000000 -1.80454191392e-09 2.34577917737e-08 -10000000 3.57425612147e-09 2.57624049789e-08 -10000000 -1.88667931656e-08 -1.44279888769e-08 -10000000 -5.31969812636e-08 2.1299183083e-08 -10000000 2.98262812411e-08 5.9580685922e-08 -10000000 -1.50781577201e-08 2.06660931677e-08 -10000000 -1.36090850589e-08 -1.22351163867e-08 -10000000 2.49292696315e-09 1.2175403587e-08 -10000000 -4.720990201e-08 -2.03109846496e-08 -10000000 -2.93611712282e-08 -1.83813502139e-09 -10000000 3.52801252972e-09 2.27818502032e-08 -10000000 1.09787391653e-08 5.5377994276e-08 -10000000 1.73106780318e-09 3.64531577561e-08 -10000000 -2.16974967852e-08 2.60538400559e-09 -10000000 2.60456331202e-09 3.3018525167e-08 -10000000 -7.51968174819e-09 4.26005273703e-09 -10000000 1.31023851357e-08 4.25441386975e-08 -10000000 5.43297352438e-09 3.95033407008e-08 -10000000 9.14057053139e-09 4.04523565669e-08 -10000000 3.70745094539e-09 2.37665650058e-08 -10000000 2.41938650407e-08 3.91360700332e-08 -10000000 -9.19126273903e-09 1.5943351405e-08 -10000000 -9.33321825331e-09 1.86464439995e-08 -10000000 -6.57462621966e-09 3.19531663779e-08 -10000000 1.48357493869e-08 4.57002179631e-08 -10000000 2.2615665131e-08 2.88399071165e-08 -10000000 -5.13545483502e-08 -4.01478946058e-08 -10000000 -2.00958265125e-08 -4.58422171476e-09 -10000000 -1.58556904928e-08 -1.09198335274e-08 -10000000 1.91254152532e-08 5.21207617049e-08 -10000000 -4.90751459694e-08 9.72676719191e-09 -10000000 1.12414064294e-08 4.67334238404e-08 -10000000 -9.34887840955e-09 5.62358811109e-09 -10000000 -1.84108085257e-08 1.25900424343e-08 -10000000 1.77637219796e-08 3.08978825441e-08 -10000000 7.16119144111e-09 1.44920584187e-08 -10000000 -4.77934297284e-08 -1.60021666327e-08 -10000000 -2.3492099427e-09 1.28265889071e-08 -10000000 -1.45812384186e-08 3.87102881055e-09 -10000000 6.21984005638e-09 2.42809742623e-08 -10000000 -7.8621372638e-10 2.77945683902e-08 -10000000 -1.06641217453e-08 2.48667910082e-08 -10000000 -3.26039617237e-08 9.32089735829e-09 -10000000 -4.31821289331e-08 -1.82851609915e-08 -10000000 -1.27163134018e-08 -5.44447680321e-09 -10000000 -1.37740619305e-08 1.72665215853e-08 -10000000 1.84433451351e-08 2.85884448829e-08 -10000000 8.00515530265e-09 5.46262878402e-08 -10000000 -6.67288838336e-10 1.3705804883e-08 -10000000 -3.53815108696e-08 -2.11963355383e-08 -10000000 -7.83109041703e-09 9.69373556626e-09 -10000000 -1.11339543714e-09 2.95187339629e-08 -10000000 -3.36160345968e-08 2.26729943451e-08 -10000000 -1.69304998583e-08 2.96066123907e-09 -10000000 -3.01279020085e-08 -2.46838810301e-09 -10000000 -1.45900519021e-08 8.76928581075e-09 -10000000 1.80854681458e-08 3.40685960327e-08 -10000000 -4.66927045489e-08 -1.36104321575e-08 -10000000 3.23713308604e-08 4.32986283271e-08 -10000000 1.81368984031e-08 3.30858432007e-08 -10000000 -3.45720122838e-09 2.2549314008e-08 -10000000 2.77564183467e-08 9.07543792731e-08 -10000000 -2.57578994906e-08 5.03597220537e-09 -10000000 -5.23452822081e-09 6.63151208273e-09 -10000000 -3.85332938855e-08 2.08381649678e-08 -10000000 1.87779489704e-09 1.72143178826e-08 -10000000 -4.24629520617e-08 -1.85386765756e-08 -10000000 -2.67592486126e-08 -1.23562995213e-08 -10000000 -3.59810180744e-08 -1.10507719437e-08 -10000000 -2.27353513901e-08 1.10938192074e-08 -10000000 2.35145248142e-08 2.56127409968e-08 -10000000 -1.38498456443e-09 3.09544763085e-08 -10000000 -3.64053372678e-08 -1.66800494853e-08 -10000000 -2.43095944615e-08 -1.85312439708e-08 -10000000 3.42935240881e-09 1.54299297272e-08 -10000000 -4.54832547499e-08 2.54598193957e-08 -10000000 -3.17675261605e-08 -1.76008652567e-09 -10000000 1.15117472278e-08 3.76155185832e-08 -10000000 -5.07208730424e-08 7.41437332282e-09 -10000000 -1.21772508549e-08 5.357186722e-10 -10000000 5.31326287284e-09 1.00535596083e-08 -10000000 -5.16868760909e-09 4.70302632178e-09 -10000000 -3.19495536144e-08 -2.22999863569e-08 -10000000 1.5328164662e-08 2.91424882759e-08 -10000000 -3.2933196096e-08 -1.36329326348e-08 -10000000 -8.42831760351e-08 -2.95710087117e-08 -10000000 9.24651643234e-09 1.72961769442e-08 -10000000 -1.1158071267e-08 -2.57893670853e-09 -10000000 -2.86381691694e-08 -2.28174030781e-08 -10000000 2.5756293336e-08 4.43257304038e-08 -10000000 -6.46044976428e-08 -2.99247436807e-08 -10000000 -2.37824843075e-08 1.74960569289e-08 -10000000 2.59685922043e-09 1.71937454901e-08 -10000000 -1.20665493732e-10 2.41022217901e-08 -10000000 -6.50104751378e-08 -2.02055404395e-08 -10000000 3.34611034073e-09 7.13126862369e-09 -10000000 -7.65513305455e-08 -5.19711847514e-08 -10000000 -2.18346150425e-08 2.53270746973e-08 -10000000 -1.44180329926e-08 2.53610732443e-08 -10000000 -1.75696610435e-08 1.75696610435e-08 -10000000 -1.30436353668e-08 -4.65149355091e-09 -10000000 -1.78858414824e-08 4.8386655801e-08 -10000000 7.13760120356e-10 3.79361267262e-08 -10000000 -3.06989792153e-08 1.85917857453e-08 -10000000 9.93074426362e-09 2.61580055027e-08 -10000000 -4.76236723065e-08 -2.45538272262e-08 -10000000 -2.93282199402e-08 -1.44439410668e-08 -10000000 -1.28246798583e-08 1.09620347091e-08 -10000000 -1.82870013714e-08 2.03824771643e-08 -10000000 -2.47243279533e-08 2.65869731026e-08 -10000000 -2.01710896875e-08 1.27205090906e-08 -10000000 -1.27186588802e-09 2.40892689661e-08 -10000000 2.40033051023e-08 5.56247750273e-08 -10000000 -4.11211603072e-08 -7.54044421645e-09 -10000000 1.53740330695e-08 2.42071763516e-08 -10000000 -6.11380075884e-09 1.68240103669e-08 -10000000 -1.60313674883e-08 2.06152886905e-09 -10000000 3.78035318193e-09 1.43804370231e-08 -10000000 -6.07694824597e-08 -4.93594119885e-08 -10000000 1.79112456762e-08 2.6326576618e-08 -10000000 -6.5228442036e-08 -2.18502186905e-08 -10000000 -3.46885617174e-08 1.58292795815e-08 -10000000 -1.14829562438e-08 7.05917401441e-09 -10000000 -6.05027953364e-10 1.69031730091e-08 -10000000 -1.20411628693e-08 1.32053160875e-08 -10000000 -1.32265726572e-08 1.1363927508e-08 -10000000 1.3295543441e-08 3.30377546461e-08 -10000000 3.83525979173e-08 9.78533286202e-08 -10000000 2.37938118335e-08 6.67773085479e-08 -10000000 -6.0642598765e-09 2.23624049323e-08 -10000000 -4.19138468293e-08 8.85189543046e-09 -10000000 -5.36459853667e-08 -3.71579656583e-08 -10000000 2.3439142695e-08 2.89477521271e-08 -10000000 -6.98213342537e-09 1.09402543675e-08 -10000000 -2.67515321773e-09 1.31525321822e-08 -10000000 4.96411782804e-09 2.83306642145e-08 -10000000 -7.44178567602e-09 1.60565194912e-08 -10000000 -7.0686166215e-09 3.11049567939e-09 -10000000 -2.91536702001e-08 -1.57997476224e-09 -10000000 -1.14374597647e-08 4.21970981144e-09 -10000000 -2.8126660544e-08 -4.70246021121e-09 -10000000 3.06058475184e-09 9.27943936182e-09 -10000000 -8.86387394621e-09 2.26008819218e-08 -10000000 1.42954938454e-09 2.04565311189e-08 -10000000 2.28539294786e-08 2.83688121252e-08 -10000000 -1.49249702207e-08 -9.07513547805e-10 -10000000 8.96293882169e-10 7.25277864572e-09 -10000000 -1.66598196351e-08 1.54956664168e-08 -10000000 4.1302940576e-09 1.14693590672e-08 -10000000 -1.26091075762e-08 6.5555108412e-09 -10000000 -2.81785123533e-08 -7.67740676936e-09 -10000000 3.5615052239e-09 1.18053172573e-08 -10000000 5.86311786371e-09 1.85840997199e-08 -10000000 -4.73103405185e-08 -4.116530407e-08 -10000000 -4.67190164797e-08 -7.76335413528e-09 -10000000 1.68462574678e-08 3.94987582964e-08 -10000000 4.39553762997e-09 2.61052766887e-08 -10000000 2.00840506261e-08 5.32576021249e-08 -10000000 -5.39979317097e-09 1.35488656989e-08 -10000000 -7.79181089528e-09 2.85137381805e-08 -10000000 -2.31542509599e-08 -1.99145855469e-09 -10000000 1.21414052207e-08 2.13862074654e-08 -10000000 1.69419215699e-09 1.13443238876e-08 -10000000 -8.01578232966e-10 3.29322070572e-08 -10000000 -5.50017365138e-08 -2.62561581214e-08 -10000000 2.36001989221e-08 4.95086231852e-08 -10000000 -4.07551512441e-08 -4.1811629811e-09 -10000000 1.30715993218e-08 3.16318842598e-08 -10000000 -1.09471759808e-08 2.32872000944e-08 -10000000 -5.13436024327e-08 -4.3029214006e-09 -10000000 2.10398902776e-08 6.20806495068e-08 -10000000 -2.87337275508e-08 2.38442840341e-08 -10000000 -5.9014823495e-09 2.05698128997e-08 -10000000 -3.87892099159e-08 1.01510407465e-08 -10000000 -4.61855035841e-08 3.17500036776e-08 -10000000 -3.35965149006e-08 1.40387408337e-08 -10000000 -7.34455240729e-08 -2.13165478942e-08 -10000000 -3.26161959658e-08 1.60852202664e-08 -10000000 7.97688880986e-09 1.71688207048e-08 -10000000 4.86532136807e-08 7.03232452265e-08 -10000000 4.42675793542e-08 6.88881134616e-08 -10000000 -4.87804849123e-08 -1.2919635656e-08 -10000000 1.58298908153e-08 2.30528266749e-08 -10000000 4.50930647502e-08 5.45584507337e-08 -10000000 -8.7702627375e-10 4.06910663386e-08 -10000000 -2.39314004769e-09 5.8855997025e-09 -10000000 -6.33700861924e-08 -3.34874615676e-08 -10000000 -1.81986749808e-08 2.16911346356e-08 -10000000 -2.1279052905e-08 -4.79797918424e-09 -10000000 2.75799363509e-08 6.81134581909e-08 -10000000 -8.39857234223e-09 1.14253707097e-08 -10000000 -2.47667760849e-08 -1.85397236347e-08 -10000000 -2.89496750013e-09 3.73539027609e-08 -10000000 -7.05549745976e-08 -2.30429441513e-08 -10000000 -1.61043536293e-08 -7.17871073612e-09 -10000000 2.92937585283e-08 1.04816692216e-07 -10000000 2.36016555848e-09 5.55607632575e-09 -10000000 -3.28962155417e-08 2.7308280094e-08 -10000000 -5.84533190831e-08 -3.16521400109e-08 -10000000 2.97153869743e-08 5.24738302355e-08 -10000000 1.00654290429e-08 1.32176353224e-08 -10000000 -1.47667843281e-09 1.77748234886e-08 -10000000 -2.00143914966e-08 -6.29547123629e-09 -10000000 -1.51119210297e-09 1.17557404237e-08 -10000000 -3.37386848603e-08 2.74522574816e-08 -10000000 4.21467595168e-11 1.06594288034e-07 -10000000 -2.6088580862e-08 2.0034984127e-08 -10000000 -2.17631441702e-08 1.05872732748e-08 -10000000 -4.65829715558e-08 -1.93081005983e-08 -10000000 2.73974340185e-08 4.96695090309e-08 -10000000 5.08662149699e-09 2.00590880176e-08 -10000000 -7.3878184105e-08 -4.06744925727e-08 -10000000 -2.53616470232e-08 3.81673324242e-08 -10000000 -4.05142874632e-08 8.87102306996e-08 -10000000 -6.14834027772e-08 1.37531208281e-08 -10000000 -9.46210243747e-10 1.23549117828e-08 -10000000 -6.28439312283e-09 4.65457861725e-09 -10000000 6.98491930962e-09 2.46800482273e-08 -10000000 2.46289152637e-08 5.75603019461e-08 -10000000 -3.64807675105e-08 -2.98759659308e-08 -10000000 2.00040428455e-08 7.33610452597e-08 -10000000 -4.73385818109e-08 3.79925144766e-09 -10000000 1.9023253007e-08 4.05813917684e-08 -10000000 7.56911676846e-09 2.87524636415e-08 -10000000 -1.33520629464e-08 1.31192323028e-08 -10000000 -1.94758910945e-08 5.97171376256e-09 -10000000 -3.74757621902e-08 -2.16632212979e-08 -10000000 -1.18632519578e-08 -5.83187695985e-09 -10000000 -8.52581922699e-08 -3.55809117865e-08 -10000000 1.35151089296e-08 7.12352453604e-08 -10000000 -2.25709314049e-08 2.55977297724e-08 -10000000 -5.29270432736e-08 -2.80980207179e-08 -10000000 -4.46162412521e-08 -1.3824250305e-08 -10000000 1.58145130604e-08 3.51753978998e-08 -10000000 6.68920513875e-09 4.15067380976e-08 -10000000 -2.52916523862e-08 -3.19718415693e-10 -10000000 1.19916494294e-08 5.27352695063e-08 -10000000 -3.47224164164e-08 4.8459424392e-08 -10000000 8.21530386611e-09 2.81062765439e-08 -10000000 1.59166406095e-08 4.85774476826e-08 -10000000 -1.07169489298e-07 -6.07014047767e-08 -10000000 -1.5772892494e-08 -1.92223642374e-09 -10000000 -1.12870700899e-09 6.44586420828e-08 -10000000 -3.35907744666e-08 -1.18112010459e-08 -10000000 -3.39988863102e-08 -2.44416052469e-08 -10000000 6.23228383446e-09 2.56655143461e-08 -10000000 -2.24440045433e-08 2.40738190489e-08 -10000000 -4.3360008864e-08 -3.6035240622e-08 -10000000 4.19189984879e-09 7.7997317361e-08 -10000000 -1.49621049387e-08 1.69075825041e-09 -10000000 -1.01680807131e-08 3.06571773546e-08 -10000000 -3.6425747644e-08 6.85625589992e-09 -10000000 1.78828728764e-09 1.40441964808e-08 -10000000 1.62801743477e-08 3.56410591871e-08 -10000000 -2.6020942102e-08 1.76740656387e-10 -10000000 -9.90679345628e-09 -8.03416151796e-10 -10000000 -3.6672654941e-08 1.15269454264e-08 -10000000 -1.16557717204e-08 5.13651369808e-09 -10000000 5.08182761606e-09 4.40454381949e-08 -10000000 -2.92247678372e-08 -1.82726834682e-08 -10000000 -7.18574621283e-09 1.02125445803e-08 -10000000 -3.20352445044e-09 1.85703469316e-08 -10000000 1.42473210525e-08 8.16789041329e-08 -10000000 1.93956684321e-08 2.74032909423e-08 -10000000 4.83335326155e-09 6.50158398346e-08 -10000000 -1.12208184393e-08 1.90759269317e-09 -10000000 -2.92920427806e-08 1.81802682948e-09 -10000000 -9.08681791467e-09 1.16479549949e-08 -10000000 3.35947386963e-08 5.18541075246e-08 -10000000 -2.7474044525e-08 -2.28173745042e-08 -10000000 -7.44697472653e-09 1.28020795306e-08 -10000000 -2.97847746664e-08 -1.65485234207e-08 -10000000 1.85698126193e-08 3.42827434901e-08 -10000000 -2.36161465091e-08 -9.67863553341e-09 -10000000 -1.36968715944e-08 1.13685651579e-08 -10000000 -4.12931766656e-08 -3.04186615798e-08 -10000000 -1.74462317662e-08 -1.58485502763e-08 -10000000 1.71570192836e-09 2.71552978847e-08 -10000000 5.21287500452e-09 2.43566167395e-08 -10000000 -8.00449192771e-09 1.82490402485e-08 -10000000 -2.85493945989e-08 -1.54555970517e-08 -10000000 -2.56258138178e-08 -4.40933921357e-09 -10000000 3.14587502383e-08 4.28142250872e-08 -10000000 -2.73253464508e-08 -1.78437984181e-08 -10000000 1.43152610726e-08 2.03765048318e-08 -10000000 2.67926946224e-08 4.70146194158e-08 -10000000 -9.81628475378e-09 2.16906475801e-08 -10000000 -3.99035642211e-08 1.7193386619e-09 -10000000 -2.8020497048e-08 5.46481096822e-10 -10000000 -2.44977112897e-08 -9.72839332744e-09 -10000000 -1.86199369467e-08 7.67689669501e-09 -10000000 -1.83574234076e-08 -3.99431838312e-09 -10000000 3.64746560741e-08 8.36659560513e-08 -10000000 -2.26802169543e-08 3.58810417472e-09 -10000000 2.0888048615e-08 2.89377091269e-08 -10000000 1.73159686372e-08 2.62233617261e-08 -10000000 -6.53503560612e-09 2.05048742254e-08 -10000000 -3.0487779496e-08 8.13603770525e-09 -10000000 2.03215944457e-10 1.4930775893e-08 -10000000 3.16229852554e-08 3.72948852662e-08 -10000000 -5.86828274277e-09 1.3784524627e-08 -10000000 2.28820725467e-08 4.48716447566e-08 -10000000 -2.31363452455e-09 7.66873932859e-09 -10000000 -4.98972785082e-09 1.22074778041e-08 -10000000 -7.89964159615e-09 4.49060999224e-10 -10000000 -1.92005671845e-08 -2.91834396257e-09 -10000000 -4.02662281785e-08 -2.56248439756e-08 -10000000 -6.84710626841e-08 -4.4451799488e-08 -10000000 -4.00106652713e-08 -1.93611488604e-08 -10000000 -3.89333500903e-09 5.53489072565e-08 -10000000 -3.87422054017e-08 -3.43666167056e-08 -10000000 -5.61563101423e-08 -4.30295440542e-08 -10000000 -2.29333859529e-08 1.03605311956e-08 -10000000 -5.40381393013e-09 1.65796848255e-08 -10000000 1.96686276531e-09 2.59728144732e-08 -10000000 -7.14482109751e-08 -1.49319578205e-08 -10000000 -2.70972929046e-08 9.40216398692e-09 -10000000 -2.94208426322e-08 1.87106330241e-08 -10000000 2.04460482957e-08 1.31825192654e-07 -10000000 -5.03347080593e-08 -2.51024204845e-08 -10000000 -4.55409287205e-08 -3.08275223979e-08 -10000000 4.21684009054e-08 4.81698888323e-08 -10000000 5.60965988163e-09 2.97805979538e-08 -10000000 -3.04034413814e-08 -2.01208082915e-08 -10000000 -3.21588456072e-08 -2.13922024332e-08 -10000000 -6.47590709065e-08 -4.81637912656e-08 -10000000 1.76355243769e-08 7.73593782338e-08 -10000000 -3.83465675813e-08 2.94990031224e-08 -10000000 -1.15239970784e-08 1.89745776753e-08 -10000000 -2.12692238876e-08 8.46353848659e-09 -10000000 3.80659485919e-08 5.57648008006e-08 -10000000 -2.13113478477e-08 1.23759275224e-10 -10000000 -5.03151676166e-08 -1.20834448826e-08 -10000000 -4.33266813233e-08 -2.55911891983e-08 -10000000 -6.24691007693e-08 -2.8102019612e-08 -10000000 3.17024205041e-08 5.58419015097e-08 -10000000 1.81025728327e-09 1.26712258014e-07 -10000000 -1.51215671608e-08 3.70076476643e-08 -10000000 -1.48848340408e-08 4.40745507636e-09 -10000000 -1.6482317236e-08 3.90946247866e-09 -10000000 1.91609989107e-08 3.25274039805e-08 -10000000 2.86684926322e-08 3.32644585797e-08 -10000000 1.84596670937e-08 3.06675987173e-08 -10000000 -9.97919968208e-09 1.0677691613e-08 -10000000 9.99986095857e-09 3.42379613357e-08 -10000000 -5.89781231298e-08 -7.3786103116e-09 -10000000 3.69639533607e-08 5.38399976643e-08 -10000000 -5.5932205806e-08 -2.64898420475e-08 -10000000 -1.16255970583e-07 -2.8797520413e-08 -10000000 -4.2832701409e-09 9.23185551316e-11 -10000000 -1.06870101079e-09 7.58795903309e-09 -10000000 1.64186945576e-08 3.55025389772e-08 -10000000 1.25865075053e-08 2.35022422611e-08 -10000000 7.89827117618e-09 2.72591560156e-08 -10000000 -3.10384458913e-08 2.05610669269e-08 -10000000 -3.37707042795e-08 -2.62996017832e-08 -10000000 -3.75583255649e-08 1.31111079813e-08 -10000000 -4.76733024745e-08 -3.4748745379e-08 -10000000 7.20050434662e-09 1.88765277426e-08 -10000000 1.04713892469e-08 4.6804949092e-08 -10000000 2.3056805129e-08 6.56516701031e-08 -10000000 -4.38159296882e-08 -2.05170711166e-09 -10000000 -1.72006396368e-08 9.02494581064e-10 -10000000 -2.39005862144e-09 5.64968763259e-09 -10000000 -1.68031268497e-08 -3.22030850452e-09 -10000000 6.28642737865e-09 2.70083546638e-08 -10000000 -7.87468565463e-08 3.47418648957e-08 -10000000 5.920028152e-09 6.02038746457e-08 -10000000 -2.35498122196e-09 2.07486020706e-08 -10000000 1.82525362072e-08 8.09333179894e-08 -10000000 6.79890895738e-09 2.48660585795e-08 -10000000 -2.17974082882e-08 3.17095679593e-09 -10000000 -9.79570363864e-09 4.20776819094e-09 -10000000 4.05875026118e-10 9.37301200734e-09 -10000000 4.93228680918e-09 1.85836081999e-08 -10000000 2.89100871628e-08 3.76794769222e-08 -10000000 1.23600759955e-08 3.09464237241e-08 -10000000 2.71405256951e-08 5.20218931472e-08 -10000000 -4.65661287308e-09 -3.95812094212e-09 -10000000 1.32888136022e-08 5.30679198391e-08 -10000000 -1.88614227941e-08 -2.32616577842e-09 -10000000 -3.47479155665e-09 1.37931576377e-09 -10000000 -2.0214748554e-08 -8.88908190269e-09 -10000000 -2.63264719478e-08 -8.83095524393e-09 -10000000 2.03463640861e-08 4.62431999989e-08 -10000000 1.8160790205e-08 2.14204192162e-08 -10000000 -6.54022519687e-08 -1.25960136553e-08 -10000000 -8.90635191116e-09 1.75210857263e-08 -10000000 -7.26314843131e-09 4.93484199477e-09 -10000000 -5.77549263542e-09 2.98152491158e-09 -10000000 1.73320043711e-08 4.01771646114e-08 -10000000 -2.98488841527e-09 2.23098318385e-08 -10000000 -2.27033825971e-09 1.69386688099e-08 -10000000 1.66946622707e-08 2.40507003687e-08 -10000000 -6.98491930962e-09 1.90921127796e-08 -10000000 -5.31891765709e-08 5.08608701344e-08 -10000000 -5.51492914221e-08 7.4707065489e-08 -10000000 5.54333502536e-10 2.55226985867e-08 -10000000 -3.7269685273e-08 -2.9319878812e-08 -10000000 -5.04571240172e-09 1.59887526534e-08 -10000000 -1.63433696801e-08 9.12561972679e-09 -10000000 -5.37303363745e-08 -5.35423095241e-11 -10000000 2.04025843953e-08 5.73628505851e-08 -10000000 5.54607531917e-09 2.44890777122e-08 -10000000 4.29732911866e-09 1.45619530173e-08 -10000000 -1.08777846137e-08 5.32529617587e-08 -10000000 -5.37700716858e-08 5.28387491112e-08 -10000000 -1.99579706714e-08 9.24776106328e-09 -10000000 -7.34842697093e-09 8.27974954554e-09 -10000000 1.48718226552e-08 7.22068380714e-08 -10000000 -6.72984959964e-11 2.54458386543e-08 -10000000 -1.33107043568e-09 6.95504490263e-08 -10000000 -4.37556493383e-08 1.3432676972e-07 -10000000 -3.51935097618e-09 5.93987054531e-08 -10000000 5.42180902945e-08 6.66210137619e-08 -10000000 -6.17248820829e-08 -1.83788363458e-09 -10000000 6.18679227858e-08 1.15781858322e-07 -10000000 3.47196175388e-08 8.21613655754e-08 -10000000 -4.30098113218e-08 4.82558576256e-09 -10000000 1.81201690918e-08 1.29960120272e-07 -10000000 -1.38469995659e-07 -5.64092530793e-08 -10000000 -8.4172263488e-08 -7.11257758291e-08 -10000000 -1.78818375678e-08 -4.23707357928e-09 -10000000 -7.8948647063e-08 3.68063005617e-08 -10000000 -2.07645989414e-07 -3.05397590442e-08 -10000000 -1.50849331074e-07 6.91257751513e-08 -10000000 -3.60061660819e-07 1.11631364041e-07 -10000000 -3.67909274238e-08 -1.18706770999e-08 -10000000 2.0913416251e-09 1.90962469474e-08 -10000000 9.34546971817e-09 1.99911913822e-08 -10000000 -1.53482990268e-08 1.14562976393e-09 -10000000 -2.36800826815e-08 6.25628001717e-08 -10000000 -6.35644267274e-08 1.63147551551e-09 -10000000 -2.72499723132e-08 1.63069320614e-08 -10000000 3.35857420372e-08 6.49016202284e-08 -10000000 7.06428429552e-08 8.46551963619e-08 -10000000 -6.0677028112e-08 8.75579457723e-09 -10000000 -1.23948369362e-09 3.10418060813e-08 -10000000 -2.02183466147e-07 2.90659110735e-07 -10000000 -2.16388524127e-08 7.90184443709e-09 -10000000 -8.49021899833e-09 1.12841867222e-08 -10000000 -1.82942064468e-08 -9.17980950439e-09 -10000000 -4.84284266339e-09 7.86964103089e-09 -10000000 -5.36275182825e-09 6.75973569017e-09 -10000000 -1.62419865807e-07 -7.77933470373e-09 -10000000 -7.68209288071e-09 7.68209288071e-09 -10000000 -2.26467130192e-08 -1.11137303107e-08 -10000000 -8.16423427167e-09 2.46952099711e-08 -10000000 1.05250488672e-08 3.69724024382e-08 -10000000 -1.06581266407e-08 1.34490089455e-09 -10000000 7.94681483426e-10 1.85302619398e-08 -10000000 -6.58644375178e-09 1.21743791995e-08 -10000000 -3.34540565273e-08 -5.42866096294e-09 -10000000 -9.39758498699e-09 -3.87376170128e-09 -10000000 1.50140373686e-08 3.03879381439e-08 -10000000 -6.71741736633e-09 1.11411995958e-08 -10000000 -4.83678310879e-11 2.84233555493e-09 -10000000 1.38380396304e-08 4.94918954435e-08 -10000000 -5.52287059769e-08 -1.99755919233e-08 -10000000 -4.60714644023e-08 -5.61693848885e-09 -10000000 2.14325197669e-09 4.0464755812e-08 -10000000 -2.81943654565e-08 2.60988896636e-08 -10000000 -1.71680552121e-08 1.43740874883e-08 -10000000 1.24824477357e-08 2.4071963318e-08 -10000000 -2.42882667429e-09 5.94723343695e-08 -10000000 -1.86540817435e-08 4.28684686835e-08 -10000000 -4.83896971894e-08 2.25454957438e-08 -10000000 1.03499515413e-08 4.20369432809e-08 -10000000 -4.10072799037e-08 -1.99943487336e-08 -10000000 3.36930647175e-08 6.08361766059e-08 -10000000 -8.79360757997e-09 2.29962768429e-08 -10000000 -7.82967036959e-09 3.17305749651e-09 -10000000 1.70423639421e-08 3.93026518221e-08 -10000000 -5.55054239828e-08 -2.41226561468e-08 -10000000 1.05702948407e-08 4.78701967165e-08 -10000000 -3.39612362642e-08 3.53582201261e-08 -10000000 -9.52196922568e-09 9.07235410488e-10 -10000000 -3.65424835876e-08 1.53548950151e-08 -10000000 8.59020821877e-09 1.264515651e-07 -10000000 -5.70376656167e-08 1.61811455261e-07 -10000000 -1.04435227938e-07 7.34484953444e-09 -10000000 6.84608008809e-10 1.86403354145e-08 -10000000 -3.56008393852e-09 2.80073015222e-08 -10000000 -2.39627622302e-08 5.33631073789e-09 -10000000 2.5232057397e-08 3.04144664363e-08 -10000000 -8.7759722051e-08 4.67815287679e-08 -10000000 -7.43052285864e-08 1.79602128221e-08 -10000000 -3.1533635627e-08 3.73544017183e-08 -10000000 -7.268438679e-08 -6.57265960993e-10 -10000000 -4.76301929571e-09 4.03861077748e-08 -10000000 1.58032925816e-08 3.28583119421e-08 -10000000 -6.0199243223e-08 4.21552402174e-07 -10000000 -2.63878580277e-08 2.05670919363e-08 -10000000 -1.65699512151e-08 2.19250560192e-08 -10000000 3.78987163982e-08 4.68516378918e-08 -10000000 -5.43007311329e-09 1.35791456412e-08 -10000000 1.47853733872e-08 2.10705457355e-08 -10000000 -8.87733979711e-09 1.7724904256e-08 -10000000 5.72828448589e-09 1.49936427993e-08 -10000000 -3.14742426433e-08 -4.84733776666e-09 -10000000 1.51384059991e-08 4.16722710525e-08 -10000000 -2.19624997267e-08 3.03444028983e-08 -10000000 -5.66630220458e-10 3.03689526082e-08 -10000000 -3.0538736114e-08 1.20207501365e-09 -10000000 1.21837552287e-08 3.32182202838e-08 -10000000 -2.3215757078e-08 3.42515236742e-09 -10000000 -1.49011611938e-08 -2.32830643654e-09 -10000000 -3.0841331792e-08 1.33790335179e-08 -10000000 1.91072625274e-08 3.4443785513e-08 -10000000 -1.45892687809e-08 7.83718011493e-09 -10000000 -1.13482726686e-08 2.41539580696e-08 -10000000 -1.6590726328e-08 4.22020971299e-08 -10000000 -4.01314471133e-08 8.45764048013e-11 -10000000 1.48571647816e-09 1.3182614072e-08 -10000000 -6.02218399926e-09 9.98030494137e-09 -10000000 -1.78733141256e-08 9.25858031041e-09 -10000000 -2.90318227456e-09 2.96787062948e-08 -10000000 6.09863476657e-09 8.33686513997e-09 -10000000 -2.06361319982e-08 5.3698083397e-08 -10000000 -3.81490474883e-08 8.86732971612e-08 -10000000 -3.14344190603e-08 2.63121448999e-08 -10000000 -1.26887676021e-08 4.83118560812e-08 -10000000 7.16835961517e-09 3.80007852537e-08</DataArray>
        <DataArray type="Float64" Name="PrincipalStrain" NumberOfComponents="3" format="ascii">-0.000142857142857 4.28571428571e-05 4.28571428571e-05 -0.000142857142857 4.28571428571e-05 4.28571428571e-05 -0.000142857142857 4.28571428571e-05 4.28571428571e-05 -0.000142857142857 4.28571428571e-05 4.28571428571e-05 -0.000142857142857 4.28571428571e-05 4.28571428571e-05 -0.000142857142857 4.28571428571e-05 4.28571428571e-05 -0.000142857142857 4.28571428571e-05 4.28571428571e-05 -0.000142857142857 4.28571428571e-05 4.28571428571e-05 -0.000142857142857 4.28571428571e-05 4.28571428571e-05 -0.000142857142857 4.28571428571e-05 4.28571428571e-05 -0.000142857142857 4.28571428571e-05 4.28571428571e-05 -0.000142857142857 4.28571428571e-05 4.28571428571e-05 -0.000142857142857 4.28571428571e-05 4.28571428571e-05 -0.000142857142857 4.28571428571e-05 4.28571428571e-05 -0.000142857142857 4.28571428571e-05 4.28571428571e-05 -0.000142857142857 4.28571428571e-05 4.28571428571e-05 -0.000142857142857 4.28571428571e-05 4.28571428571e-05 -0.000142857142857 4.28571428571e-05 4.28571428571e-05 -0.000142857142857 4.28571428571e-05 4.28571428571e-05 -0.000142857142857 4.28571428571e-05 4.28571428571e-05 -0.000142857142857 4.28571428571e-05 4.28571428571e-05 -0.000142857142857 4.28571428571e-05 4.28571428571e-05 -0.000142857142857 4.28571428571e-05 4.28571428571e-05 -0.000142857142857 4.28571428571e-05 4.28571428571e-05 -0.000142857142857 4.28571428571e-05 4.28571428571e-05 -0.000142857142857 4.28571428571e-05 4.28571428571e-05 -0.000142857142857 4.28571428571e-05 4.28571428571e-05 -0.000142857142857 4.28571428571e-05 4.28571428571e-05 -0.000142857142857 4.28571428571e-05 4.28571428571e-05 -0.000142857142857 4.28571428571e-05 4.28571428571e-05 -0.000142857142857 4.28571428571e-05 4.28571428571e-05 -0.000142857142857 4.28571428571e-05 4.28571428571e-05 -0.000142857142857 4.28571428571e-05 4.28571428571e-05 -0.000142857142857 4.28571428571e-05 4.28571428571e-05 -0.000142857142857 4.28571428571e-05 4.28571428571e-05 -0.000142857142857 4.28571428571e-05 4.28571428571e-05 -0.000142857142857 4.28571428571e-05 4.28571428571e-05 -0.000142857142857 4.28571428571e-05 4.28571428571e-05 -0.000142857142857 4.28571428571e-05 4.28571428571e-05 -0.000142857142857 4.28571428571e-05 4.28571428571e-05 -0.000142857142857 4.28571428571e-05 4.28571428571e-05 -0.000142857142857 4.28571428571e-05 4.28571428571e-05 -0.000142857142857 4.28571428571e-05 4.28571428571e-05 -0.000142857142857 4.28571428571e-05 4.28571428571e-05 -0.000142857142857 4.28571428571e-05 4.28571428571e-05 -0.000142857142857 4.28571428571e-05 4.28571428571e-05 -0.000142857142857 4.28571428571e-05 4.28571428571e-05 -0.000142857142857 4.28571428571e-05 4.28571428571e-05 -0.000142857142857 4.28571428571e-05 4.28571428571e-05 -0.000142857142857 4.28571428571e-05 4.28571428571e-05 -0.000142857142857 4.28571428571e-05 4.28571428571e-05 -0.000142857142857 4.28571428571e-05 4.28571428571e-05 -0.000142857142857 4.28571428571e-05 4.28571428571e-05 -0.000142857142857 4.28571428571e-05 4.28571428571e-05 -0.000142857142857 4.28571428571e-05 4.28571428571e-05 -0.000142857142857 4.28571428571e-05 4.28571428571e-05 -0.000142857142857 4.28571428571e-05 4.28571428571e-05 -0.000142857142857 4.28571428571e-05 4.28571428571e-05 -0.000142857142857 4.28571428571e-05 4.28571428571e-05 -0.000142857142857 4.28571428571e-05 4.28571428571e-05 -0.000142857142857 4.28571428571e-05 4.28571428571e-05 -0.000142857142857 4.28571428571e-05 4.28571428571e-05 -0.000142857142857 4.28571428571e-05 4.28571428571e-05 -0.000142857142857 4.28571428571e-05 4.28571428571e-05 -0.000142857142857 4.28571428571e-05 4.28571428571e-05 -0.000142857142857 4.28571428571e-05 4.28571428571e-05 -0.000142857142857 4.28571428571e-05 4.28571428571e-05 -0.000142857142857 4.28571428571e-05 4.28571428571e-05 -0.000142857142857 4.28571428571e-05 4.28571428571e-05 -0.000142857142857 4.28571428571e-05 4.28571428571e-05 -0.000142857142857 4.28571428571e-05 4.28571428571e-05 -0.000142857142857 4.28571428571e-05 4.28571428571e-05 -0.000142857142857 4.28571428571e-05 4.28571428571e-05 -0.000142857142857 4.28571428571e-05 4.28571428571e-05 -0.000142857142857 4.28571428571e-05 4.28571428571e-05 -0.000142857142857 4.28571428571e-05 4.28571428571e-05 -0.000142857142857 4.28571428571e-05 4.28571428571e-05 -0.000142857142857 4.28571428571e-05 4.28571428571e-05 -0.000142857142857 4.28571428571e-05 4.28571428571e-05 -0.000142857142857 4.28571428571e-05 4.28571428571e-05 -0.000142857142857 4.28571428571e-05 4.28571428571e-05 -0.000142857142857 4.28571428571e-05 4.28571428571e-05 -0.000142857142857 4.28571428571e-05 4.28571428571e-05 -0.000142857142857 4.28571428571e-05 4.28571428571e-05 -0.000142857142857 4.28571428571e-05 4.28571428571e-05 -0.000142857142857 4.28571428571e-05 4.28571428571e-05 -0.000142857142857 4.28571428571e-05 4.28571428571e-05 -0.000142857142857 4.28571428571e-05 4.28571428571e-05 -0.000142857142857 4.28571428571e-05 4.28571428571e-05 -0.000142857142857 4.28571428571e-05 4.28571428571e-05 -0.000142857142857 4.28571428571e-05 4.28571428571e-05 -0.000142857142857 4.28571428571e-05 4.28571428571e-05 -0.000142857142857 4.28571428571e-05 4.28571428571e-05 -0.000142857142857 4.28571428571e-05 4.28571428571e-05 -0.000142857142857 4.28571428571e-05 4.28571428571e-05 -0.000142857142857 4.28571428571e-05 4.28571428571e-05 -0.000142857142857 4.28571428571e-05 4.28571428571e-05 -0.000142857142857 4.28571428571e-05 4.28571428571e-05 -0.000142857142857 4.28571428571e-05 4.28571428571e-05 -0.000142857142857 4.28571428571e-05 4.28571428571e-05 -0.000142857142857 4.28571428571e-05 4.28571428571e-05 -0.000142857142857 4.28571428571e-05 4.28571428571e-05 -0.000142857142857 4.28571428571e-05 4.28571428571e-05 -0.000142857142857 4.28571428571e-05 4.28571428571e-05 -0.000142857142857 4.28571428571e-05 4.28571428571e-05 -0.000142857142857 4.28571428571e-05 4.28571428571e-05 -0.000142857142857 4.28571428571e-05 4.28571428571e-05 -0.000142857142857 4.28571428571e-05 4.28571428571e-05 -0.000142857142857 4.28571428571e-05 4.28571428571e-05 -0.000142857142857 4.28571428571e-05 4.28571428571e-05 -0.000142857142857 4.28571428571e-05 4.28571428571e-05 -0.000142857142857 4.28571428571e-05 4.28571428571e-05 -0.000142857142857 4.28571428571e-05 4.28571428571e-05 -0.000142857142857 4.28571428571e-05 4.28571428571e-05 -0.000142857142857 4.28571428571e-05 4.28571428571e-05 -0.000142857142857 4.28571428571e-05 4.28571428571e-05 -0.000142857142857 4.28571428571e-05 4.28571428571e-05 -0.000142857142857 4.28571428571e-05 4.28571428571e-05 -0.000142857142857 4.28571428571e-05 4.28571428571e-05 -0.000142857142857 4.28571428571e-05 4.28571428571e-05 -0.000142857142857 4.28571428571e-05 4.28571428571e-05 -0.000142857142857 4.28571428571e-05 4.28571428571e-05 -0.000142857142857 4.28571428571e-05 4.28571428571e-05 -0.000142857142857 4.28571428571e-05 4.28571428571e-05 -0.000142857142857 4.28571428571e-05 4.28571428571e-05 -0.000142857142857 4.28571428571e-05 4.28571428571e-05 -0.000142857142857 4.28571428571e-05 4.28571428571e-05 -0.000142857142857 4.28571428571e-05 4.28571428571e-05 -0.000142857142857 4.28571428571e-05 4.28571428571e-05 -0.000142857142857 4.28571428571e-05 4.28571428571e-05 -0.000142857142857 4.28571428571e-05 4.28571428571e-05 -0.000142857142857 4.28571428571e-05 4.28571428571e-05 -0.000142857142857 4.28571428571e-05 4.28571428571e-05 -0.000142857142857 4.28571428571e-05 4.28571428571e-05 -0.000142857142857 4.28571428571e-05 4.28571428571e-05 -0.000142857142857 4.28571428571e-05 4.28571428571e-05 -0.000142857142857 4.28571428571e-05 4.28571428571e-05 -0.000142857142857 4.28571428571e-05 4.28571428571e-05 -0.000142857142857 4.28571428571e-05 4.28571428571e-05 -0.000142857142857 4.28571428571e-05 4.28571428571e-05 -0.000142857142857 4.28571428571e-05 4.28571428571e-05 -0.000142857142857 4.28571428571e-05 4.28571428571e-05 -0.000142857142857 4.28571428571e-05 4.28571428571e-05 -0.000142857142857 4.28571428571e-05 4.28571428571e-05 -0.000142857142857 4.28571428571e-05 4.28571428571e-05 -0.000142857142857 4.28571428571e-05 4.28571428571e-05 -0.000142857142857 4.28571428571e-05 4.28571428571e-05 -0.000142857142857 4.28571428571e-05 4.28571428571e-05 -0.000142857142857 4.28571428571e-05 4.28571428571e-05 -0.000142857142857 4.28571428571e-05 4.28571428571e-05 -0.000142857142857 4.28571428571e-05 4.28571428571e-05 -0.000142857142857 4.28571428571e-05 4.28571428571e-05 -0.000142857142857 4.28571428571e-05 4.28571428571e-05 -0.000142857142857 4.28571428571e-05 4.28571428571e-05 -0.000142857142857 4.28571428571e-05 4.28571428571e-05 -0.000142857142857 4.28571428571e-05 4.28571428571e-05 -0.000142857142857 4.28571428571e-05 4.28571428571e-05 -0.000142857142857 4.28571428571e-05 4.28571428571e-05 -0.000142857142857 4.28571428571e-05 4.28571428571e-05 -0.000142857142857 4.28571428571e-05 4.28571428571e-05 -0.000142857142857 4.28571428571e-05 4.28571428571e-05 -0.000142857142857 4.28571428571e-05 4.28571428571e-05 -0.000142857142857 4.28571428571e-05 4.28571428571e-05 -0.000142857142857 4.28571428571e-05 4.28571428571e-05 -0.000142857142857 4.28571428571e-05 4.28571428571e-05 -0.000142857142857 4.28571428571e-05 4.28571428571e-05 -0.000142857142857 4.28571428571e-05 4.28571428571e-05 -0.000142857142857 4.28571428571e-05 4.28571428571e-05 -0.000142857142857 4.28571428571e-05 4.28571428571e-05 -0.000142857142857 4.28571428571e-05 4.28571428571e-05 -0.000142857142857 4.28571428571e-05 4.28571428571e-05 -0.000142857142857 4.28571428571e-05 4.28571428571e-05 -0.000142857142857 4.28571428571e-05 4.28571428571e-05 -0.000142857142857 4.28571428571e-05 4.28571428571e-05 -0.000142857142857 4.28571428571e-05 4.28571428571e-05 -0.000142857142857 4.28571428571e-05 4.28571428571e-05 -0.000142857142857 4.28571428571e-05 4.28571428571e-05 -0.000142857142857 4.28571428571e-05 4.28571428571e-05 -0.000142857142857 4.28571428571e-05 4.28571428571e-05 -0.000142857142857 4.28571428571e-05 4.28571428571e-05 -0.000142857142857 4.28571428571e-05 4.28571428571e-05 -0.000142857142857 4.28571428571e-05 4.28571428571e-05 -0.000142857142857 4.28571428571e-05 4.28571428571e-05 -0.000142857142857 4.28571428571e-05 4.28571428571e-05 -0.000142857142857 4.28571428571e-05 4.28571428571e-05 -0.000142857142857 4.28571428571e-05 4.28571428571e-05 -0.000142857142857 4.28571428571e-05 4.28571428571e-05 -0.000142857142857 4.28571428571e-05 4.28571428571e-05 -0.000142857142857 4.28571428571e-05 4.28571428571e-05 -0.000142857142857 4.28571428571e-05 4.28571428571e-05 -0.000142857142857 4.28571428571e-05 4.28571428571e-05 -0.000142857142857 4.28571428571e-05 4.28571428571e-05 -0.000142857142857 4.28571428571e-05 4.28571428571e-05 -0.000142857142857 4.28571428571e-05 4.28571428571e-05 -0.000142857142857 4.28571428571e-05 4.28571428571e-05 -0.000142857142857 4.28571428571e-05 4.28571428571e-05 -0.000142857142857 4.28571428571e-05 4.28571428571e-05 -0.000142857142857 4.28571428571e-05 4.28571428571e-05 -0.000142857142857 4.28571428571e-05 4.28571428571e-05 -0.000142857142857 4.28571428571e-05 4.28571428571e-05 -0.000142857142857 4.28571428571e-05 4.28571428571e-05 -0.000142857142857 4.28571428571e-05 4.28571428571e-05 -0.000142857142857 4.28571428571e-05 4.28571428571e-05 -0.000142857142857 4.28571428571e-05 4.28571428571e-05 -0.000142857142857 4.28571428571e-05 4.28571428571e-05 -0.000142857142857 4.28571428571e-05 4.28571428571e-05 -0.000142857142857 4.28571428571e-05 4.28571428571e-05 -0.000142857142857 4.28571428571e-05 4.28571428571e-05 -0.000142857142857 4.28571428571e-05 4.28571428571e-05 -0.000142857142857 4.28571428571e-05 4.28571428571e-05 -0.000142857142857 4.28571428571e-05 4.28571428571e-05 -0.000142857142857 4.28571428571e-05 4.28571428571e-05 -0.000142857142857 4.28571428571e-05 4.28571428571e-05 -0.000142857142857 4.28571428571e-05 4.28571428571e-05 -0.000142857142857 4.28571428571e-05 4.28571428571e-05 -0.000142857142857 4.28571428571e-05 4.28571428571e-05 -0.000142857142857 4.28571428571e-05 4.28571428571e-05 -0.000142857142857 4.28571428571e-05 4.28571428571e-05 -0.000142857142857 4.28571428571e-05 4.28571428571e-05 -0.000142857142857 4.28571428571e-05 4.28571428571e-05 -0.000142857142857 4.28571428571e-05 4.28571428571e-05 -0.000142857142857 4.28571428571e-05 4.28571428571e-05 -0.000142857142857 4.28571428571e-05 4.28571428571e-05 -0.000142857142857 4.28571428571e-05 4.28571428571e-05 -0.000142857142857 4.28571428571e-05 4.28571428571e-05 -0.000142857142857 4.28571428571e-05 4.28571428571e-05 -0.000142857142857 4.28571428571e-05 4.28571428571e-05 -0.000142857142857 4.28571428571e-05 4.28571428571e-05 -0.000142857142857 4.28571428571e-05 4.28571428571e-05 -0.000142857142857 4.28571428571e-05 4.28571428571e-05 -0.000142857142857 4.28571428571e-05 4.28571428571e-05 -0.000142857142857 4.28571428571e-05 4.28571428571e-05 -0.000142857142857 4.28571428571e-05 4.28571428571e-05 -0.000142857142857 4.28571428571e-05 4.28571428571e-05 -0.000142857142857 4.28571428571e-05 4.28571428571e-05 -0.000142857142857 4.28571428571e-05 4.28571428571e-05 -0.000142857142857 4.28571428571e-05 4.28571428571e-05 -0.000142857142857 4.28571428571e-05 4.28571428571e-05 -0.000142857142857 4.28571428571e-05 4.28571428571e-05 -0.000142857142857 4.28571428571e-05 4.28571428571e-05 -0.000142857142857 4.28571428571e-05 4.28571428571e-05 -0.000142857142857 4.28571428571e-05 4.28571428571e-05 -0.000142857142857 4.28571428571e-05 4.28571428571e-05 -0.000142857142857 4.28571428571e-05 4.28571428571e-05 -0.000142857142857 4.28571428571e-05 4.28571428571e-05 -0.000142857142857 4.28571428571e-05 4.28571428571e-05 -0.000142857142857 4.28571428571e-05 4.28571428571e-05 -0.000142857142857 4.28571428571e-05 4.28571428571e-05 -0.000142857142857 4.28571428571e-05 4.28571428571e-05 -0.000142857142857 4.28571428571e-05 4.28571428571e-05 -0.000142857142857 4.28571428571e-05 4.28571428571e-05 -0.000142857142857 4.28571428571e-05 4.28571428571e-05 -0.000142857142857 4.28571428571e-05 4.28571428571e-05 -0.000142857142857 4.28571428571e-05 4.28571428571e-05 -0.000142857142857 4.28571428571e-05 4.28571428571e-05 -0.000142857142857 4.28571428571e-05 4.28571428571e-05 -0.000142857142857 4.28571428571e-05 4.28571428571e-05 -0.000142857142857 4.28571428571e-05 4.28571428571e-05 -0.000142857142857 4.28571428571e-05 4.28571428571e-05 -0.000142857142857 4.28571428571e-05 4.28571428571e-05 -0.000142857142857 4.28571428571e-05 4.28571428571e-05 -0.000142857142857 4.28571428571e-05 4.28571428571e-05 -0.000142857142857 4.28571428571e-05 4.28571428571e-05 -0.000142857142857 4.28571428571e-05 4.28571428571e-05 -0.000142857142857 4.28571428571e-05 4.28571428571e-05 -0.000142857142857 4.28571428571e-05 4.28571428571e-05 -0.000142857142857 4.28571428571e-05 4.28571428571e-05 -0.000142857142857 4.28571428571e-05 4.28571428571e-05 -0.000142857142857 4.28571428571e-05 4.28571428571e-05 -0.000142857142857 4.28571428571e-05 4.28571428571e-05 -0.000142857142857 4.28571428571e-05 4.28571428571e-05 -0.000142857142857 4.28571428571e-05 4.28571428571e-05 -0.000142857142857 4.28571428571e-05 4.28571428571e-05 -0.000142857142857 4.28571428571e-05 4.28571428571e-05 -0.000142857142857 4.28571428571e-05 4.28571428571e-05 -0.000142857142857 4.28571428571e-05 4.28571428571e-05 -0.000142857142857 4.28571428571e-05 4.28571428571e-05 -0.000142857142857 4.28571428571e-05 4.28571428571e-05 -0.000142857142857 4.28571428571e-05 4.28571428571e-05 -0.000142857142857 4.28571428571e-05 4.28571428571e-05 -0.000142857142857 4.28571428571e-05 4.28571428571e-05 -0.000142857142857 4.28571428571e-05 4.28571428571e-05 -0.000142857142857 4.28571428571e-05 4.28571428571e-05 -0.000142857142857 4.28571428571e-05 4.28571428571e-05 -0.000142857142857 4.28571428571e-05 4.28571428571e-05 -0.000142857142857 4.28571428571e-05 4.28571428571e-05 -0.000142857142857 4.28571428571e-05 4.28571428571e-05 -0.000142857142857 4.28571428571e-05 4.28571428571e-05 -0.000142857142857 4.28571428571e-05 4.28571428571e-05 -0.000142857142857 4.28571428571e-05 4.28571428571e-05 -0.000142857142857 4.28571428571e-05 4.28571428571e-05 -0.000142857142857 4.28571428571e-05 4.28571428571e-05 -0.000142857142857 4.28571428571e-05 4.28571428571e-05 -0.000142857142857 4.28571428571e-05 4.28571428571e-05 -0.000142857142857 4.28571428571e-05 4.28571428571e-05 -0.000142857142857 4.28571428571e-05 4.28571428571e-05 -0.000142857142857 4.28571428571e-05 4.28571428571e-05 -0.000142857142857 4.28571428571e-05 4.28571428571e-05 -0.000142857142857 4.28571428571e-05 4.28571428571e-05 -0.000142857142857 4.28571428571e-05 4.28571428571e-05 -0.000142857142857 4.28571428571e-05 4.28571428571e-05 -0.000142857142857 4.28571428571e-05 4.28571428571e-05 -0.000142857142857 4.28571428571e-05 4.28571428571e-05 -0.000142857142857 4.28571428571e-05 4.28571428571e-05 -0.000142857142857 4.28571428571e-05 4.28571428571e-05 -0.000142857142857 4.28571428571e-05 4.28571428571e-05 -0.000142857142857 4.28571428571e-05 4.28571428571e-05 -0.000142857142857 4.28571428571e-05 4.28571428571e-05 -0.000142857142857 4.28571428571e-05 4.28571428571e-05 -0.000142857142857 4.28571428571e-05 4.28571428571e-05 -0.000142857142857 4.28571428571e-05 4.28571428571e-05 -0.000142857142857 4.28571428571e-05 4.28571428571e-05 -0.000142857142857 4.28571428571e-05 4.28571428571e-05 -0.000142857142857 4.28571428571e-05 4.28571428571e-05 -0.000142857142857 4.28571428571e-05 4.28571428571e-05 -0.000142857142857 4.28571428571e-05 4.28571428571e-05 -0.000142857142857 4.28571428571e-05 4.28571428571e-05 -0.000142857142857 4.28571428571e-05 4.28571428571e-05 -0.000142857142857 4.28571428571e-05 4.28571428571e-05 -0.000142857142857 4.28571428571e-05 4.28571428571e-05 -0.000142857142857 4.28571428571e-05 4.28571428571e-05 -0.000142857142857 4.28571428571e-05 4.28571428571e-05 -0.000142857142857 4.28571428571e-05 4.28571428571e-05 -0.000142857142857 4.28571428571e-05 4.28571428571e-05 -0.000142857142857 4.28571428571e-05 4.28571428571e-05 -0.000142857142857 4.28571428571e-05 4.28571428571e-05 -0.000142857142857 4.28571428571e-05 4.28571428571e-05 -0.000142857142857 4.28571428571e-05 4.28571428571e-05 -0.000142857142857 4.28571428571e-05 4.28571428571e-05 -0.000142857142857 4.28571428571e-05 4.28571428571e-05 -0.000142857142857 4.28571428571e-05 4.28571428571e-05 -0.000142857142857 4.28571428571e-05 4.28571428571e-05 -0.000142857142857 4.28571428571e-05 4.28571428571e-05 -0.000142857142857 4.28571428571e-05 4.28571428571e-05 -0.000142857142857 4.28571428571e-05 4.28571428571e-05 -0.000142857142857 4.28571428571e-05 4.28571428571e-05 -0.000142857142857 4.28571428571e-05 4.28571428571e-05 -0.000142857142857 4.28571428571e-05 4.28571428571e-05 -0.000142857142857 4.28571428571e-05 4.28571428571e-05 -0.000142857142857 4.28571428571e-05 4.28571428571e-05 -0.000142857142857 4.28571428571e-05 4.28571428571e-05 -0.000142857142857 4.28571428571e-05 4.28571428571e-05 -0.000142857142857 4.28571428571e-05 4.28571428571e-05 -0.000142857142857 4.28571428571e-05 4.28571428571e-05 -0.000142857142857 4.28571428571e-05 4.28571428571e-05 -0.000142857142857 4.28571428571e-05 4.28571428571e-05 -0.000142857142857 4.28571428571e-05 4.28571428571e-05 -0.000142857142857 4.28571428571e-05 4.28571428571e-05 -0.000142857142857 4.28571428571e-05 4.28571428571e-05 -0.000142857142857 4.28571428571e-05 4.28571428571e-05 -0.000142857142857 4.28571428571e-05 4.28571428571e-05 -0.000142857142857 4.28571428571e-05 4.28571428571e-05 -0.000142857142857 4.28571428571e-05 4.28571428571e-05 -0.000142857142857 4.28571428571e-05 4.28571428571e-05 -0.000142857142857 4.28571428571e-05 4.28571428571e-05 -0.000142857142857 4.28571428571e-05 4.28571428571e-05 -0.000142857142857 4.28571428571e-05 4.28571428571e-05 -0.000142857142857 4.28571428571e-05 4.28571428571e-05 -0.000142857142857 4.28571428571e-05 4.28571428571e-05 -0.000142857142857 4.28571428571e-05 4.28571428571e-05 -0.000142857142857 4.28571428571e-05 4.28571428571e-05 -0.000142857142857 4.28571428571e-05 4.28571428571e-05 -0.000142857142857 4.28571428571e-05 4.28571428571e-05 -0.000142857142857 4.28571428571e-05 4.28571428571e-05 -0.000142857142857 4.28571428571e-05 4.28571428571e-05 -0.000142857142857 4.28571428571e-05 4.28571428571e-05 -0.000142857142857 4.28571428571e-05 4.28571428571e-05 -0.000142857142857 4.28571428571e-05 4.28571428571e-05 -0.000142857142857 4.28571428571e-05 4.28571428571e-05 -0.000142857142857 4.28571428571e-05 4.28571428571e-05 -0.000142857142857 4.28571428571e-05 4.28571428571e-05 -0.000142857142857 4.28571428571e-05 4.28571428571e-05 -0.000142857142857 4.28571428571e-05 4.28571428571e-05 -0.000142857142857 4.28571428571e-05 4.28571428571e-05 -0.000142857142857 4.28571428571e-05 4.28571428571e-05 -0.000142857142857 4.28571428571e-05 4.28571428571e-05 -0.000142857142857 4.28571428571e-05 4.28571428571e-05 -0.000142857142857 4.28571428571e-05 4.28571428571e-05 -0.000142857142857 4.28571428571e-05 4.28571428571e-05 -0.000142857142857 4.28571428571e-05 4.28571428571e-05 -0.000142857142857 4.28571428571e-05 4.28571428571e-05 -0.000142857142857 4.28571428571e-05 4.28571428571e-05 -0.000142857142857 4.28571428571e-05 4.28571428571e-05 -0.000142857142857 4.28571428571e-05 4.28571428571e-05 -0.000142857142857 4.28571428571e-05 4.28571428571e-05 -0.000142857142857 4.28571428571e-05 4.28571428571e-05 -0.000142857142857 4.28571428571e-05 4.28571428571e-05 -0.000142857142857 4.28571428571e-05 4.28571428571e-05 -0.000142857142857 4.28571428571e-05 4.28571428571e-05 -0.000142857142857 4.28571428571e-05 4.28571428571e-05 -0.000142857142857 4.28571428571e-05 4.28571428571e-05 -0.000142857142857 4.28571428571e-05 4.28571428571e-05 -0.000142857142857 4.28571428571e-05 4.28571428571e-05 -0.000142857142857 4.28571428571e-05 4.28571428571e-05 -0.000142857142857 4.28571428571e-05 4.28571428571e-05 -0.000142857142857 4.28571428571e-05 4.28571428571e-05 -0.000142857142857 4.28571428571e-05 4.28571428571e-05 -0.000142857142857 4.28571428571e-05 4.28571428571e-05 -0.000142857142857 4.28571428571e-05 4.28571428571e-05 -0.000142857142857 4.28571428571e-05 4.28571428571e-05 -0.000142857142857 4.28571428571e-05 4.28571428571e-05 -0.000142857142857 4.28571428571e-05 4.28571428571e-05 -0.000142857142857 4.28571428571e-05 4.28571428571e-05 -0.000142857142857 4.28571428571e-05 4.28571428571e-05 -0.000142857142857 4.28571428571e-05 4.28571428571e-05 -0.000142857142857 4.28571428571e-05 4.28571428571e-05 -0.000142857142857 4.28571428571e-05 4.28571428571e-05 -0.000142857142857 4.28571428571e-05 4.28571428571e-05 -0.000142857142857 4.28571428571e-05 4.28571428571e-05 -0.000142857142857 4.28571428571e-05 4.28571428571e-05 -0.000142857142857 4.28571428571e-05 4.28571428571e-05 -0.000142857142857 4.28571428571e-05 4.28571428571e-05 -0.000142857142857 4.28571428571e-05 4.28571428571e-05 -0.000142857142857 4.28571428571e-05 4.28571428571e-05 -0.000142857142857 4.28571428571e-05 4.28571428571e-05 -0.000142857142857 4.28571428571e-05 4.28571428571e-05 -0.000142857142857 4.28571428571e-05 4.28571428571e-05 -0.000142857142857 4.28571428571e-05 4.28571428571e-05 -0.000142857142857 4.28571428571e-05 4.28571428571e-05 -0.000142857142857 4.28571428571e-05 4.28571428571e-05 -0.000142857142857 4.28571428571e-05 4.28571428571e-05 -0.000142857142857 4.28571428571e-05 4.28571428571e-05 -0.000142857142857 4.28571428571e-05 4.28571428571e-05 -0.000142857142857 4.28571428571e-05 4.28571428571e-05 -0.000142857142857 4.28571428571e-05 4.28571428571e-05 -0.000142857142857 4.28571428571e-05 4.28571428571e-05 -0.000142857142857 4.28571428571e-05 4.28571428571e-05 -0.000142857142857 4.28571428571e-05 4.28571428571e-05 -0.000142857142857 4.28571428571e-05 4.28571428571e-05 -0.000142857142857 4.28571428571e-05 4.28571428571e-05 -0.000142857142857 4.28571428571e-05 4.28571428571e-05 -0.000142857142857 4.28571428571e-05 4.28571428571e-05 -0.000142857142857 4.28571428571e-05 4.28571428571e-05 -0.000142857142857 4.28571428571e-05 4.28571428571e-05 -0.000142857142857 4.28571428571e-05 4.28571428571e-05 -0.000142857142857 4.28571428571e-05 4.28571428571e-05 -0.000142857142857 4.28571428571e-05 4.28571428571e-05 -0.000142857142857 4.28571428571e-05 4.28571428571e-05 -0.000142857142857 4.28571428571e-05 4.28571428571e-05 -0.000142857142857 4.28571428571e-05 4.28571428571e-05 -0.000142857142857 4.28571428571e-05 4.28571428571e-05 -0.000142857142857 4.28571428571e-05 4.28571428571e-05 -0.000142857142857 4.28571428571e-05 4.28571428571e-05 -0.000142857142857 4.28571428571e-05 4.28571428571e-05 -0.000142857142857 4.28571428571e-05 4.28571428571e-05 -0.000142857142857 4.28571428571e-05 4.28571428571e-05 -0.000142857142857 4.28571428571e-05 4.28571428571e-05 -0.000142857142857 4.28571428571e-05 4.28571428571e-05 -0.000142857142857 4.28571428571e-05 4.28571428571e-05 -0.000142857142857 4.28571428571e-05 4.28571428571e-05 -0.000142857142857 4.28571428571e-05 4.28571428571e-05 -0.000142857142857 4.28571428571e-05 4.28571428571e-05 -0.000142857142857 4.28571428571e-05 4.28571428571e-05 -0.000142857142857 4.28571428571e-05 4.28571428571e-05 -0.000142857142857 4.28571428571e-05 4.28571428571e-05 -0.000142857142857 4.28571428571e-05 4.28571428571e-05 -0.000142857142857 4.28571428571e-05 4.28571428571e-05 -0.000142857142857 4.28571428571e-05 4.28571428571e-05 -0.000142857142857 4.28571428571e-05 4.28571428571e-05 -0.000142857142857 4.28571428571e-05 4.28571428571e-05 -0.000142857142857 4.28571428571e-05 4.28571428571e-05 -0.000142857142857 4.28571428571e-05 4.28571428571e-05 -0.000142857142857 4.28571428571e-05 4.28571428571e-05 -0.000142857142857 4.28571428571e-05 4.28571428571e-05 -0.000142857142857 4.28571428571e-05 4.28571428571e-05 -0.000142857142857 4.28571428571e-05 4.28571428571e-05 -0.000142857142857 4.28571428571e-05 4.28571428571e-05 -0.000142857142857 4.28571428571e-05 4.28571428571e-05 -0.000142857142857 4.28571428571e-05 4.28571428571e-05 -0.000142857142857 4.28571428571e-05 4.28571428571e-05 -0.000142857142857 4.28571428571e-05 4.28571428571e-05 -0.000142857142857 4.28571428571e-05 4.28571428571e-05 -0.000142857142857 4.28571428571e-05 4.28571428571e-05 -0.000142857142857 4.28571428571e-05 4.28571428571e-05 -0.000142857142857 4.28571428571e-05 4.28571428571e-05 -0.000142857142857 4.28571428571e-05 4.28571428571e-05 -0.000142857142857 4.28571428571e-05 4.28571428571e-05 -0.000142857142857 4.28571428571e-05 4.28571428571e-05 -0.000142857142857 4.28571428571e-05 4.28571428571e-05 -0.000142857142857 4.28571428571e-05 4.28571428571e-05 -0.000142857142857 4.28571428571e-05 4.28571428571e-05 -0.000142857142857 4.28571428571e-05 4.28571428571e-05 -0.000142857142857 4.28571428571e-05 4.28571428571e-05 -0.000142857142857 4.28571428571e-05 4.28571428571e-05 -0.000142857142857 4.28571428571e-05 4.28571428571e-05 -0.000142857142857 4.28571428571e-05 4.28571428571e-05 -0.000142857142857 4.28571428571e-05 4.28571428571e-05 -0.000142857142857 4.28571428571e-05 4.28571428571e-05 -0.000142857142857 4.28571428571e-05 4.28571428571e-05 -0.000142857142857 4.28571428571e-05 4.28571428571e-05 -0.000142857142857 4.28571428571e-05 4.28571428571e-05 -0.000142857142857 4.28571428571e-05 4.28571428571e-05 -0.000142857142857 4.28571428571e-05 4.28571428571e-05 -0.000142857142857 4.28571428571e-05 4.28571428571e-05 -0.000142857142857 4.28571428571e-05 4.28571428571e-05 -0.000142857142857 4.28571428571e-05 4.28571428571e-05 -0.000142857142857 4.28571428571e-05 4.28571428571e-05 -0.000142857142857 4.28571428571e-05 4.28571428571e-05 -0.000142857142857 4.28571428571e-05 4.28571428571e-05 -0.000142857142857 4.28571428571e-05 4.28571428571e-05 -0.000142857142857 4.28571428571e-05 4.28571428571e-05 -0.000142857142857 4.28571428571e-05 4.28571428571e-05 -0.000142857142857 4.28571428571e-05 4.28571428571e-05 -0.000142857142857 4.28571428571e-05 4.28571428571e-05 -0.000142857142857 4.28571428571e-05 4.28571428571e-05 -0.000142857142857 4.28571428571e-05 4.28571428571e-05 -0.000142857142857 4.28571428571e-05 4.28571428571e-05 -0.000142857142857 4.28571428571e-05 4.28571428571e-05 -0.000142857142857 4.28571428571e-05 4.28571428571e-05 -0.000142857142857 4.28571428571e-05 4.28571428571e-05 -0.000142857142857 4.28571428571e-05 4.28571428571e-05 -0.000142857142857 4.28571428571e-05 4.28571428571e-05 -0.000142857142857 4.28571428571e-05 4.28571428571e-05 -0.000142857142857 4.28571428571e-05 4.28571428571e-05 -0.000142857142857 4.28571428571e-05 4.28571428571e-05 -0.000142857142857 4.28571428571e-05 4.28571428571e-05 -0.000142857142857 4.28571428571e-05 4.28571428571e-05 -0.000142857142857 4.28571428571e-05 4.28571428571e-05 -0.000142857142857 4.28571428571e-05 4.28571428571e-05 -0.000142857142857 4.28571428571e-05 4.28571428571e-05 -0.000142857142857 4.28571428571e-05 4.28571428571e-05 -0.000142857142857 4.28571428571e-05 4.28571428571e-05 -0.000142857142857 4.28571428571e-05 4.28571428571e-05 -0.000142857142857 4.28571428571e-05 4.28571428571e-05 -0.000142857142857 4.28571428571e-05 4.28571428571e-05 -0.000142857142857 4.28571428571e-05 4.28571428571e-05 -0.000142857142857 4.28571428571e-05 4.28571428571e-05 -0.000142857142857 4.28571428571e-05 4.28571428571e-05 -0.000142857142857 4.28571428571e-05 4.28571428571e-05 -0.000142857142857 4.28571428571e-05 4.28571428571e-05 -0.000142857142857 4.28571428571e-05 4.28571428571e-05 -0.000142857142857 4.28571428571e-05 4.28571428571e-05 -0.000142857142857 4.28571428571e-05 4.28571428571e-05 -0.000142857142857 4.28571428571e-05 4.28571428571e-05 -0.000142857142857 4.28571428571e-05 4.28571428571e-05 -0.000142857142857 4.28571428571e-05 4.28571428571e-05 -0.000142857142857 4.28571428571e-05 4.28571428571e-05 -0.000142857142857 4.28571428571e-05 4.28571428571e-05 -0.000142857142857 4.28571428571e-05 4.28571428571e-05 -0.000142857142857 4.28571428571e-05 4.28571428571e-05 -0.000142857142857 4.28571428571e-05 4.28571428571e-05 -0.000142857142857 4.28571428571e-05 4.28571428571e-05 -0.000142857142857 4.28571428571e-05 4.28571428571e-05 -0.000142857142857 4.28571428571e-05 4.28571428571e-05 -0.000142857142857 4.28571428571e-05 4.28571428571e-05 -0.000142857142857 4.28571428571e-05 4.28571428571e-05 -0.000142857142857 4.28571428571e-05 4.28571428571e-05 -0.000142857142857 4.28571428571e-05 4.28571428571e-05 -0.000142857142857 4.28571428571e-05 4.28571428571e-05 -0.000142857142857 4.28571428571e-05 4.28571428571e-05 -0.000142857142857 4.28571428571e-05 4.28571428571e-05 -0.000142857142857 4.28571428571e-05 4.28571428571e-05 -0.000142857142857 4.28571428571e-05 4.28571428571e-05 -0.000142857142857 4.28571428571e-05 4.28571428571e-05 -0.000142857142857 4.28571428571e-05 4.28571428571e-05 -0.000142857142857 4.28571428571e-05 4.28571428571e-05 -0.000142857142857 4.28571428571e-05 4.28571428571e-05 -0.000142857142857 4.28571428571e-05 4.28571428571e-05 -0.000142857142857 4.28571428571e-05 4.28571428571e-05 -0.000142857142857 4.28571428571e-05 4.28571428571e-05 -0.000142857142857 4.28571428571e-05 4.28571428571e-05 -0.000142857142857 4.28571428571e-05 4.28571428571e-05 -0.000142857142857 4.28571428571e-05 4.28571428571e-05 -0.000142857142857 4.28571428571e-05 4.28571428571e-05 -0.000142857142857 4.28571428571e-05 4.28571428571e-05 -0.000142857142857 4.28571428571e-05 4.28571428571e-05 -0.000142857142857 4.28571428571e-05 4.28571428571e-05 -0.000142857142857 4.28571428571e-05 4.28571428571e-05 -0.000142857142857 4.28571428571e-05 4.28571428571e-05 -0.000142857142857 4.28571428571e-05 4.28571428571e-05 -0.000142857142857 4.28571428571e-05 4.28571428571e-05 -0.000142857142857 4.28571428571e-05 4.28571428571e-05 -0.000142857142857 4.28571428571e-05 4.28571428571e-05 -0.000142857142857 4.28571428571e-05 4.28571428571e-05 -0.000142857142857 4.28571428571e-05 4.28571428571e-05 -0.000142857142857 4.28571428571e-05 4.28571428571e-05 -0.000142857142857 4.28571428571e-05 4.28571428571e-05 -0.000142857142857 4.28571428571e-05 4.28571428571e-05 -0.000142857142857 4.28571428571e-05 4.28571428571e-05 -0.000142857142857 4.28571428571e-05 4.28571428571e-05 -0.000142857142857 4.28571428571e-05 4.28571428571e-05 -0.000142857142857 4.28571428571e-05 4.28571428571e-05 -0.000142857142857 4.28571428571e-05 4.28571428571e-05 -0.000142857142857 4.28571428571e-05 4.28571428571e-05 -0.000142857142857 4.28571428571e-05 4.28571428571e-05 -0.000142857142857 4.28571428571e-05 4.28571428571e-05 -0.000142857142857 4.28571428571e-05 4.28571428571e-05 -0.000142857142857 4.28571428571e-05 4.28571428571e-05 -0.000142857142857 4.28571428571e-05 4.28571428571e-05 -0.000142857142857 4.28571428571e-05 4.28571428571e-05 -0.000142857142857 4.28571428571e-05 4.28571428571e-05 -0.000142857142857 4.28571428571e-05 4.28571428571e-05 -0.000142857142857 4.28571428571e-05 4.28571428571e-05 -0.000142857142857 4.28571428571e-05 4.28571428571e-05 -0.000142857142857 4.28571428571e-05 4.28571428571e-05 -0.000142857142857 4.28571428571e-05 4.28571428571e-05 -0.000142857142857 4.28571428571e-05 4.28571428571e-05 -0.000142857142857 4.28571428571e-05 4.28571428571e-05 -0.000142857142857 4.28571428571e-05 4.28571428571e-05 -0.000142857142857 4.28571428571e-05 4.28571428571e-05 -0.000142857142857 4.28571428571e-05 4.28571428571e-05 -0.000142857142857 4.28571428571e-05 4.28571428571e-05 -0.000142857142857 4.28571428571e-05 4.28571428571e-05 -0.000142857142857 4.28571428571e-05 4.28571428571e-05 -0.000142857142857 4.28571428571e-05 4.28571428571e-05 -0.000142857142857 4.28571428571e-05 4.28571428571e-05 -0.000142857142857 4.28571428571e-05 4.28571428571e-05 -0.000142857142857 4.28571428571e-05 4.28571428571e-05 -0.000142857142857 4.28571428571e-05 4.28571428571e-05 -0.000142857142857 4.28571428571e-05 4.28571428571e-05 -0.000142857142857 4.28571428571e-05 4.28571428571e-05 -0.000142857142857 4.28571428571e-05 4.28571428571e-05 -0.000142857142857 4.28571428571e-05 4.28571428571e-05 -0.000142857142857 4.28571428571e-05 4.28571428571e-05 -0.000142857142857 4.28571428571e-05 4.28571428571e-05 -0.000142857142857 4.28571428571e-05 4.28571428571e-05 -0.000142857142857 4.28571428571e-05 4.28571428571e-05 -0.000142857142857 4.28571428571e-05 4.28571428571e-05 -0.000142857142857 4.28571428571e-05 4.28571428571e-05 -0.000142857142857 4.28571428571e-05 4.28571428571e-05 -0.000142857142857 4.28571428571e-05 4.28571428571e-05 -0.000142857142857 4.28571428571e-05 4.28571428571e-05 -0.000142857142857 4.28571428571e-05 4.28571428571e-05 -0.000142857142857 4.28571428571e-05 4.28571428571e-05 -0.000142857142857 4.28571428571e-05 4.28571428571e-05 -0.000142857142857 4.28571428571e-05 4.28571428571e-05 -0.000142857142857 4.28571428571e-05 4.28571428571e-05 -0.000142857142857 4.28571428571e-05 4.28571428571e-05 -0.000142857142857 4.28571428571e-05 4.28571428571e-05 -0.000142857142857 4.28571428571e-05 4.28571428571e-05 -0.000142857142857 4.28571428571e-05 4.28571428571e-05 -0.000142857142857 4.28571428571e-05 4.28571428571e-05 -0.000142857142857 4.28571428571e-05 4.28571428571e-05 -0.000142857142857 4.28571428571e-05 4.28571428571e-05 -0.000142857142857 4.28571428571e-05 4.28571428571e-05 -0.000142857142857 4.28571428571e-05 4.28571428571e-05 -0.000142857142857 4.28571428571e-05 4.28571428571e-05 -0.000142857142857 4.28571428571e-05 4.28571428571e-05 -0.000142857142857 4.28571428571e-05 4.28571428571e-05 -0.000142857142857 4.28571428571e-05 4.28571428571e-05</DataArray>
        <DataArray type="Float64" Name="ShellTopVonMises" format="ascii">0 0 0 0 0 0 0 0 0 0 0 0 0 0 0 0 0 0 0 0 0 0 0 0 0 0 0 0 0 0 0 0 0 0 0 0 0 0 0 0 0 0 0 0 0 0 0 0 0 0 0 0 0 0 0 0 0 0 0 0 0 0 0 0 0 0 0 0 0 0 0 0 0 0 0 0 0 0 0 0 0 0 0 0 0 0 0 0 0 0 0 0 0 0 0 0 0 0 0 0 0 0 0 0 0 0 0 0 0 0 0 0 0 0 0 0 0 0 0 0 0 0 0 0 0 0 0 0 0 0 0 0 0 0 0 0 0 0 0 0 0 0 0 0 0 0 0 0 0 0 0 0 0 0 0 0 0 0 0 0 0 0 0 0 0 0 0 0 0 0 0 0 0 0 0 0 0 0 0 0 0 0 0 0 0 0 0 0 0 0 0 0 0 0 0 0 0 0 0 0 0 0 0 0 0 0 0 0 0 0 0 0 0 0 0 0 0 0 0 0 0 0 0 0 0 0 0 0 0 0 0 0 0 0 0 0 0 0 0 0 0 0 0 0 0 0 0 0 0 0 0 0 0 0 0 0 0 0 0 0 0 0 0 0 0 0 0 0 0 0 0 0 0 0 0 0 0 0 0 0 0 0 0 0 0 0 0 0 0 0 0 0 0 0 0 0 0 0 0 0 0 0 0 0 0 0 0 0 0 0 0 0 0 0 0 0 0 0 0 0 0 0 0 0 0 0 0 0 0 0 0 0 0 0 0 0 0 0 0 0 0 0 0 0 0 0 0 0 0 0 0 0 0 0 0 0 0 0 0 0 0 0 0 0 0 0 0 0 0 0 0 0 0 0 0 0 0 0 0 0 0 0 0 0 0 0 0 0 0 0 0 0 0 0 0 0 0 0 0 0 0 0 0 0 0 0 0 0 0 0 0 0 0 0 0 0 0 0 0 0 0 0 0 0 0 0 0 0 0 0 0 0 0 0 0 0 0 0 0 0 0 0 0 0 0 0 0 0 0 0 0 0 0 0 0 0 0 0 0 0 0 0 0 0 0 0 0 0 0 0 0 0 0 0 0 0 0 0 0 0 0 0 0 0 0 0 0 0 0 0 0 0 0 0 0 0 0 0 0 0 0 0 0 0 0 0 0 0 0 0 0 0 0 0 0 0 0 0 0 0 0 0 0 0 0 0 0 0 0 0 0 0 0 0 0 0 0 0 0 0 0 0 0 0 0 0 0 0 0 0 0 0 0 0 0 0 0 0 0 0 0 0 0 0 0 0 0 0 0 0 0 0 0 0 0 0 0 0 0 0 0 0 0 0 0 0 0 0 0 0 0 0 0 0 0 0 0 0 0 0 0 0 0 0 0 0 0 0 0 0 0 0 0 0 0 0 0 0 0 0 0 0 0 0 0 0 0 0 0 0 0 0 0 0 0 0 0 0 0 0</DataArray>
        <DataArray type="Float64" Name="ShellBottomVonMises" format="ascii">0 0 0 0 0 0 0 0 0 0 0 0 0 0 0 0 0 0 0 0 0 0 0 0 0 0 0 0 0 0 0 0 0 0 0 0 0 0 0 0 0 0 0 0 0 0 0 0 0 0 0 0 0 0 0 0 0 0 0 0 0 0 0 0 0 0 0 0 0 0 0 0 0 0 0 0 0 0 0 0 0 0 0 0 0 0 0 0 0 0 0 0 0 0 0 0 0 0 0 0 0 0 0 0 0 0 0 0 0 0 0 0 0 0 0 0 0 0 0 0 0 0 0 0 0 0 0 0 0 0 0 0 0 0 0 0 0 0 0 0 0 0 0 0 0 0 0 0 0 0 0 0 0 0 0 0 0 0 0 0 0 0 0 0 0 0 0 0 0 0 0 0 0 0 0 0 0 0 0 0 0 0 0 0 0 0 0 0 0 0 0 0 0 0 0 0 0 0 0 0 0 0 0 0 0 0 0 0 0 0 0 0 0 0 0 0 0 0 0 0 0 0 0 0 0 0 0 0 0 0 0 0 0 0 0 0 0 0 0 0 0 0 0 0 0 0 0 0 0 0 0 0 0 0 0 0 0 0 0 0 0 0 0 0 0 0 0 0 0 0 0 0 0 0 0 0 0 0 0 0 0 0 0 0 0 0 0 0 0 0 0 0 0 0 0 0 0 0 0 0 0 0 0 0 0 0 0 0 0 0 0 0 0 0 0 0 0 0 0 0 0 0 0 0 0 0 0 0 0 0 0 0 0 0 0 0 0 0 0 0 0 0 0 0 0 0 0 0 0 0 0 0 0 0 0 0 0 0 0 0 0 0 0 0 0 0 0 0 0 0 0 0 0 0 0 0 0 0 0 0 0 0 0 0 0 0 0 0 0 0 0 0 0 0 0 0 0 0 0 0 0 0 0 0 0 0 0 0 0 0 0 0 0 0 0 0 0 0 0 0 0 0 0 0 0 0 0 0 0 0 0 0 0 0 0 0 0 0 0 0 0 0 0 0 0 0 0 0 0 0 0 0 0 0 0 0 0 0 0 0 0 0 0 0 0 0 0 0 0 0 0 0 0 0 0 0 0 0 0 0 0 0 0 0 0 0 0 0 0 0 0 0 0 0 0 0 0 0 0 0 0 0 0 0 0 0 0 0 0 0 0 0 0 0 0 0 0 0 0 0 0 0 0 0 0 0 0 0 0 0 0 0 0 0 0 0 0 0 0 0 0 0 0 0 0 0 0 0 0 0 0 0 0 0 0 0 0 0 0 0 0 0 0 0 0 0 0 0 0 0 0 0 0 0 0 0 0 0 0 0 0 0 0 0 0 0 0 0 0 0 0 0 0 0 0 0 0 0 0 0 0 0 0 0 0 0 0 0 0 0 0 0 0 0 0 0 0 0 0 0 0 0 0 0 0 0 0 0 0 0 0 0 0 0 0 0 0 0 0 0</DataArray>
      </CellData>
    </Piece>
  </UnstructuredGrid>
</VTKFile>
