<?xml version="1.0"?>
<VTKFile type="UnstructuredGrid" version="0.1" byte_order="LittleEndian">
  <UnstructuredGrid>
    <Piece NumberOfPoints="597" NumberOfCells="252">
      <Points>
        <DataArray type="Float64" NumberOfComponents="3" format="ascii">0 0 1 0 0 0 0 1 1 0 1 0 8 0 1 8 0 0 8 1 1 8 1 0 0 0 0.5 0 0 0.25 0 0 0.75 0 0.5 1 0 0.25 1 0 0.75 1 0 1 0.5 0 1 0.25 0 1 0.75 0 0.5 0 0 0.25 0 0 0.75 0 8 0 0.5 8 0 0.25 8 0 0.75 8 0.5 1 8 0.25 1 8 0.75 1 8 1 0.5 8 1 0.25 8 1 0.75 8 0.5 0 8 0.25 0 8 0.75 0 0.666666666667 0 0 1.33333333333 0 0 2 0 0 2.66666666667 0 0 3.33333333333 0 0 4 0 0 4.66666666667 0 0 5.33333333333 0 0 6 0 0 6.66666666667 0 0 7.33333333333 0 0 0.333333333333 0 0 1 0 0 1.66666666667 0 0 2.33333333333 0 0 3 0 0 3.66666666667 0 0 4.33333333333 0 0 5 0 0 5.66666666667 0 0 6.33333333333 0 0 7 0 0 7.66666666667 0 0 0.666666666667 0 1 1.33333333333 0 1 2 0 1 2.66666666667 0 1 3.33333333333 0 1 4 0 1 4.66666666667 0 1 5.33333333333 0 1 6 0 1 6.66666666667 0 1 7.33333333333 0 1 0.333333333333 0 1 1 0 1 1.66666666667 0 1 2.33333333333 0 1 3 0 1 3.66666666667 0 1 4.33333333333 0 1 5 0 1 5.66666666667 0 1 6.33333333333 0 1 7 0 1 7.66666666667 0 1 0.666666666667 1 0 1.33333333333 1 0 2 1 0 2.66666666667 1 0 3.33333333333 1 0 4 1 0 4.66666666667 1 0 5.33333333333 1 0 6 1 0 6.66666666667 1 0 7.33333333333 1 0 0.333333333333 1 0 1 1 0 1.66666666667 1 0 2.33333333333 1 0 3 1 0 3.66666666667 1 0 4.33333333333 1 0 5 1 0 5.66666666667 1 0 6.33333333333 1 0 7 1 0 7.66666666667 1 0 0.666666666667 1 1 1.33333333333 1 1 2 1 1 2.66666666667 1 1 3.33333333333 1 1 4 1 1 4.66666666667 1 1 5.33333333333 1 1 6 1 1 6.66666666667 1 1 7.33333333333 1 1 0.333333333333 1 1 1 1 1 1.66666666667 1 1 2.33333333333 1 1 3 1 1 3.66666666667 1 1 4.33333333333 1 1 5 1 1 5.66666666667 1 1 6.33333333333 1 1 7 1 1 7.66666666667 1 1 0 0.738611516035 0.738611516035 0 0.375 0.625 0 0.649143586006 0.357476919339 0 0.28125 0.28125 0 0.1875 0.8125 0 0.1875 0.5625 0 0.4375 0.8125 0 0.140625 0.390625 0 0.140625 0.140625 0 0.390625 0.140625 0 0.869305758017 0.869305758017 0 0.619305758017 0.869305758017 0 0.869305758017 0.619305758017 0 0.824571793003 0.17873845967 0 0.824571793003 0.42873845967 0 0.574571793003 0.17873845967 0 0.328125 0.453125 0 0.556805758017 0.681805758017 0 0.69387755102 0.548044217687 0 0.465196793003 0.31936345967 0 0.512071793003 0.49123845967 8 0.738611516035 0.738611516035 8 0.375 0.625 8 0.649143586006 0.357476919339 8 0.28125 0.28125 8 0.1875 0.5625 8 0.1875 0.8125 8 0.4375 0.8125 8 0.140625 0.140625 8 0.140625 0.390625 8 0.390625 0.140625 8 0.619305758017 0.869305758017 8 0.869305758017 0.869305758017 8 0.869305758017 0.619305758017 8 0.824571793003 0.42873845967 8 0.824571793003 0.17873845967 8 0.574571793003 0.17873845967 8 0.328125 0.453125 8 0.556805758017 0.681805758017 8 0.69387755102 0.548044217687 8 0.465196793003 0.31936345967 8 0.512071793003 0.49123845967 1.66666666667 0 0.5 1.0141723356 0 0.497637944067 6.9858276644 0 0.497637944067 3.66666666667 0 0.5 6.33333333333 0 0.5 2.33333333333 0 0.5 3 0 0.5 5 0 0.5 5.66666666667 0 0.5 4.33333333333 0 0.5 7.5 0 0.472222222222 0.5 0 0.472222222222 0.25 0 0.486111111111 0.25 0 0.736111111111 0.583333333333 0 0.736111111111 0.25 0 0.236111111111 0.583333333333 0 0.236111111111 7.75 0 0.736111111111 7.75 0 0.486111111111 7.41666666667 0 0.736111111111 7.75 0 0.236111111111 7.41666666667 0 0.236111111111 1.17375283447 0 0.248818972033 0.840419501134 0 0.248818972033 0.7570861678 0 0.484930083144 1.83333333333 0 0.25 1.5 0 0.25 1.34041950113 0 0.498818972033 2.5 0 0.25 2.16666666667 0 0.25 2 0 0.5 3.16666666667 0 0.25 2.83333333333 0 0.25 2.66666666667 0 0.5 3.83333333333 0 0.25 3.5 0 0.25 3.33333333333 0 0.5 4.5 0 0.25 4.16666666667 0 0.25 4 0 0.5 5.16666666667 0 0.25 4.83333333333 0 0.25 4.66666666667 0 0.5 5.83333333333 0 0.25 5.5 0 0.25 5.33333333333 0 0.5 6.5 0 0.25 6.16666666667 0 0.25 6 0 0.5 7.15958049887 0 0.248818972033 6.82624716553 0 0.248818972033 6.65958049887 0 0.498818972033 7.2429138322 0 0.484930083144 0.840419501134 0 0.748818972033 1.17375283447 0 0.748818972033 1.5 0 0.75 1.83333333333 0 0.75 2.16666666667 0 0.75 2.5 0 0.75 2.83333333333 0 0.75 3.16666666667 0 0.75 3.5 0 0.75 3.83333333333 0 0.75 4.16666666667 0 0.75 4.5 0 0.75 4.83333333333 0 0.75 5.16666666667 0 0.75 5.5 0 0.75 5.83333333333 0 0.75 6.16666666667 0 0.75 6.5 0 0.75 6.82624716553 0 0.748818972033 7.15958049887 0 0.748818972033 1.0141723356 1 0.497637944067 1.66666666667 1 0.5 6.9858276644 1 0.497637944067 3.66666666667 1 0.5 6.33333333333 1 0.5 3 1 0.5 2.33333333333 1 0.5 5.66666666667 1 0.5 5 1 0.5 4.33333333333 1 0.5 7.5 1 0.472222222222 0.5 1 0.472222222222 0.25 1 0.736111111111 0.25 1 0.486111111111 0.583333333333 1 0.736111111111 0.25 1 0.236111111111 0.583333333333 1 0.236111111111 7.75 1 0.486111111111 7.75 1 0.736111111111 7.41666666667 1 0.736111111111 7.75 1 0.236111111111 7.41666666667 1 0.236111111111 0.840419501134 1 0.248818972033 1.17375283447 1 0.248818972033 0.7570861678 1 0.484930083144 1.5 1 0.25 1.83333333333 1 0.25 1.34041950113 1 0.498818972033 2.16666666667 1 0.25 2.5 1 0.25 2 1 0.5 2.83333333333 1 0.25 3.16666666667 1 0.25 2.66666666667 1 0.5 3.5 1 0.25 3.83333333333 1 0.25 3.33333333333 1 0.5 4.16666666667 1 0.25 4.5 1 0.25 4 1 0.5 4.83333333333 1 0.25 5.16666666667 1 0.25 4.66666666667 1 0.5 5.5 1 0.25 5.83333333333 1 0.25 5.33333333333 1 0.5 6.16666666667 1 0.25 6.5 1 0.25 6 1 0.5 6.82624716553 1 0.248818972033 7.15958049887 1 0.248818972033 6.65958049887 1 0.498818972033 7.2429138322 1 0.484930083144 1.17375283447 1 0.748818972033 0.840419501134 1 0.748818972033 1.83333333333 1 0.75 1.5 1 0.75 2.5 1 0.75 2.16666666667 1 0.75 3.16666666667 1 0.75 2.83333333333 1 0.75 3.83333333333 1 0.75 3.5 1 0.75 4.5 1 0.75 4.16666666667 1 0.75 5.16666666667 1 0.75 4.83333333333 1 0.75 5.83333333333 1 0.75 5.5 1 0.75 6.5 1 0.75 6.16666666667 1 0.75 7.15958049887 1 0.748818972033 6.82624716553 1 0.748818972033 1.66666666667 0.5 0 1.0141723356 0.497637944067 0 6.9858276644 0.497637944067 0 6.33333333333 0.5 0 3 0.5 0 2.33333333333 0.5 0 3.66666666667 0.5 0 4.33333333333 0.5 0 5.66666666667 0.5 0 5 0.5 0 7.5 0.472222222222 0 0.5 0.472222222222 0 0.25 0.486111111111 0 0.25 0.236111111111 0 0.583333333333 0.236111111111 0 0.25 0.736111111111 0 0.583333333333 0.736111111111 0 7.75 0.236111111111 0 7.75 0.486111111111 0 7.41666666667 0.236111111111 0 7.75 0.736111111111 0 7.41666666667 0.736111111111 0 0.840419501134 0.248818972033 0 1.17375283447 0.248818972033 0 0.7570861678 0.484930083144 0 1.5 0.25 0 1.83333333333 0.25 0 1.34041950113 0.498818972033 0 2.16666666667 0.25 0 2.5 0.25 0 2 0.5 0 2.83333333333 0.25 0 3.16666666667 0.25 0 2.66666666667 0.5 0 3.5 0.25 0 3.83333333333 0.25 0 3.33333333333 0.5 0 4.16666666667 0.25 0 4.5 0.25 0 4 0.5 0 4.83333333333 0.25 0 5.16666666667 0.25 0 4.66666666667 0.5 0 5.5 0.25 0 5.83333333333 0.25 0 5.33333333333 0.5 0 6.16666666667 0.25 0 6.5 0.25 0 6 0.5 0 6.82624716553 0.248818972033 0 7.15958049887 0.248818972033 0 6.65958049887 0.498818972033 0 7.2429138322 0.484930083144 0 1.17375283447 0.748818972033 0 0.840419501134 0.748818972033 0 1.83333333333 0.75 0 1.5 0.75 0 2.5 0.75 0 2.16666666667 0.75 0 3.16666666667 0.75 0 2.83333333333 0.75 0 3.83333333333 0.75 0 3.5 0.75 0 4.5 0.75 0 4.16666666667 0.75 0 5.16666666667 0.75 0 4.83333333333 0.75 0 5.83333333333 0.75 0 5.5 0.75 0 6.5 0.75 0 6.16666666667 0.75 0 7.15958049887 0.748818972033 0 6.82624716553 0.748818972033 0 1.0141723356 0.497637944067 1 1.66666666667 0.5 1 6.9858276644 0.497637944067 1 3 0.5 1 6.33333333333 0.5 1 2.33333333333 0.5 1 3.66666666667 0.5 1 5.66666666667 0.5 1 4.33333333333 0.5 1 5 0.5 1 7.5 0.472222222222 1 0.5 0.472222222222 1 0.25 0.236111111111 1 0.25 0.486111111111 1 0.583333333333 0.236111111111 1 0.25 0.736111111111 1 0.583333333333 0.736111111111 1 7.75 0.486111111111 1 7.75 0.236111111111 1 7.41666666667 0.236111111111 1 7.75 0.736111111111 1 7.41666666667 0.736111111111 1 1.17375283447 0.248818972033 1 0.840419501134 0.248818972033 1 0.7570861678 0.484930083144 1 1.83333333333 0.25 1 1.5 0.25 1 1.34041950113 0.498818972033 1 2.5 0.25 1 2.16666666667 0.25 1 2 0.5 1 3.16666666667 0.25 1 2.83333333333 0.25 1 2.66666666667 0.5 1 3.83333333333 0.25 1 3.5 0.25 1 3.33333333333 0.5 1 4.5 0.25 1 4.16666666667 0.25 1 4 0.5 1 5.16666666667 0.25 1 4.83333333333 0.25 1 4.66666666667 0.5 1 5.83333333333 0.25 1 5.5 0.25 1 5.33333333333 0.5 1 6.5 0.25 1 6.16666666667 0.25 1 6 0.5 1 7.15958049887 0.248818972033 1 6.82624716553 0.248818972033 1 6.65958049887 0.498818972033 1 7.2429138322 0.484930083144 1 0.840419501134 0.748818972033 1 1.17375283447 0.748818972033 1 1.5 0.75 1 1.83333333333 0.75 1 2.16666666667 0.75 1 2.5 0.75 1 2.83333333333 0.75 1 3.16666666667 0.75 1 3.5 0.75 1 3.83333333333 0.75 1 4.16666666667 0.75 1 4.5 0.75 1 4.83333333333 0.75 1 5.16666666667 0.75 1 5.5 0.75 1 5.83333333333 0.75 1 6.16666666667 0.75 1 6.5 0.75 1 6.82624716553 0.748818972033 1 7.15958049887 0.748818972033 1 1.0141723356 0.5 0.497637944067 1.34041950113 0.5 0.498818972033 1.0141723356 0.748818972033 0.748818972033 1.34041950113 0.748818972033 0.75 1.0141723356 0.248818972033 0.748818972033 1.0141723356 0.248818972033 0.248818972033 1.34041950113 0.748818972033 0.25 1.0141723356 0.748818972033 0.248818972033 6.9858276644 0.748818972033 0.748818972033 6.65958049887 0.748818972033 0.75 6.9858276644 0.748818972033 0.248818972033 6.65958049887 0.748818972033 0.25 6.9858276644 0.497637944067 0.5 6.65958049887 0.498818972033 0.5 6.9858276644 0.248818972033 0.748818972033 6.9858276644 0.248818972033 0.248818972033 6.65958049887 0.25 0.748818972033 6.65958049887 0.25 0.248818972033 6.33333333333 0.5 0.5 6.33333333333 0.75 0.75 1.66666666667 0.75 0.25 1.34041950113 0.25 0.248818972033 1.34041950113 0.25 0.748818972033 1.66666666667 0.75 0.75 6 0.75 0.75 6 0.75 0.25 6.33333333333 0.75 0.25 6 0.25 0.25 6 0.25 0.75 6.33333333333 0.25 0.75 6.33333333333 0.25 0.25 5.66666666667 0.75 0.25 6 0.5 0.5 5.66666666667 0.25 0.25 2.66666666667 0.75 0.25 2.33333333333 0.75 0.25 2.66666666667 0.5 0.5 2.66666666667 0.75 0.75 3 0.75 0.75 2.33333333333 0.5 0.5 2.66666666667 0.25 0.75 2.33333333333 0.25 0.25 2.33333333333 0.75 0.75 2.33333333333 0.25 0.75 1.66666666667 0.5 0.5 2 0.25 0.75 2 0.25 0.25 2 0.5 0.5 1.66666666667 0.25 0.75 1.66666666667 0.25 0.25 3 0.75 0.25 3 0.5 0.5 2 0.75 0.25 2.66666666667 0.25 0.25 2 0.75 0.75 3 0.25 0.25 3 0.25 0.75 3.33333333333 0.5 0.5 3.33333333333 0.25 0.75 4.33333333333 0.25 0.75 4 0.25 0.75 4.33333333333 0.5 0.5 4 0.5 0.5 4.33333333333 0.25 0.25 4.66666666667 0.25 0.25 4.66666666667 0.5 0.5 3.33333333333 0.75 0.25 3.33333333333 0.75 0.75 3.66666666667 0.75 0.75 4.33333333333 0.75 0.75 4 0.75 0.75 4.33333333333 0.75 0.25 3.66666666667 0.25 0.75 3.66666666667 0.5 0.5 4 0.75 0.25 4 0.25 0.25 3.33333333333 0.25 0.25 3.66666666667 0.75 0.25 3.66666666667 0.25 0.25 4.66666666667 0.75 0.75 5 0.75 0.25 5 0.75 0.75 5 0.5 0.5 5 0.25 0.25 4.66666666667 0.25 0.75 5 0.25 0.75 5.33333333333 0.75 0.75 5.33333333333 0.5 0.5 5.33333333333 0.25 0.75 5.66666666667 0.75 0.75 5.33333333333 0.75 0.25 5.33333333333 0.25 0.25 5.66666666667 0.25 0.75 5.66666666667 0.5 0.5 4.66666666667 0.75 0.25 0.7570861678 0.5 0.484930083144 0.7570861678 0.748818972033 0.236111111111 0.7570861678 0.748818972033 0.736111111111 7.2429138322 0.736111111111 0.748818972033 7.2429138322 0.484930083144 0.5 7.2429138322 0.248818972033 0.736111111111 7.2429138322 0.248818972033 0.236111111111 7.75 0.6875 0.548611111111 7.75 0.824571793003 0.414849570781 7.75 0.869305758017 0.605416869129 0.25 0.824571793003 0.414849570781 0.25 0.869305758017 0.605416869129 0.25 0.6875 0.548611111111 0.5 0.5 0.472222222222 0.7570861678 0.248818972033 0.736111111111 0.7570861678 0.248818972033 0.236111111111 7.5 0.236111111111 0.736111111111 7.5 0.736111111111 0.736111111111 7.2429138322 0.748818972033 0.236111111111 7.75 0.560682904114 0.17873845967 7.75 0.423611111111 0.3125 7.75 0.376736111111 0.140625 0.25 0.376736111111 0.140625 0.25 0.560682904114 0.17873845967 0.25 0.423611111111 0.3125 7.5 0.472222222222 0.5 7.5 0.236111111111 0.236111111111 7.5 0.736111111111 0.236111111111 0.5 0.736111111111 0.736111111111 0.5 0.236111111111 0.736111111111 0.5 0.236111111111 0.236111111111 0.5 0.736111111111 0.236111111111 7.75 0.423611111111 0.8125 7.75 0.605416869129 0.869305758017 0.25 0.605416869129 0.869305758017 0.25 0.423611111111 0.8125 7.75 0.1875 0.548611111111 7.75 0.140625 0.376736111111 0.25 0.140625 0.376736111111 0.25 0.1875 0.548611111111 0.333333333333 0.869305758017 0.869305758017 7.66666666667 0.869305758017 0.869305758017 0.333333333333 0.140625 0.140625 7.66666666667 0.140625 0.140625</DataArray>
      </Points>
      <Cells>
        <DataArray type="Int32" Name="connectivity" format="ascii">239 167 240 385 458 459 266 460 462 461 167 239 240 313 458 266 459 463 465 464 241 387 243 314 466 467 290 468 470 469 387 389 314 168 436 471 470 472 474 473 168 315 389 314 475 476 474 473 363 471 387 389 243 314 436 477 467 470 471 469 240 167 313 312 459 463 464 478 479 339 240 167 386 385 459 480 481 461 462 412 246 243 389 315 287 477 482 483 484 476 174 315 389 170 485 476 486 214 488 487 320 246 389 315 489 482 490 360 483 476 315 174 389 320 485 486 476 360 491 490 317 244 245 388 492 272 493 494 496 495 171 245 388 317 497 495 498 499 493 494 245 171 388 390 497 498 495 500 501 418 312 386 171 240 502 503 504 478 481 505 386 312 171 166 502 504 503 506 507 196 244 317 316 388 492 345 508 496 494 509 317 312 171 240 342 504 499 510 478 505 171 316 317 388 511 345 499 498 509 494 245 240 171 390 269 505 497 500 512 501 240 171 317 245 505 499 510 269 497 493 171 172 316 388 199 513 511 498 514 509 390 240 171 386 512 505 501 415 481 503 388 172 316 391 514 513 509 421 516 515 393 175 391 319 517 518 424 519 521 520 321 175 393 319 522 517 523 354 521 519 316 242 388 391 524 525 509 515 526 421 248 393 391 319 527 424 528 529 519 520 391 169 242 319 530 531 526 520 533 532 169 316 172 391 534 513 202 530 515 516 316 318 242 169 348 535 524 534 536 531 169 391 175 319 530 518 205 533 520 521 242 316 169 391 524 534 531 526 515 530 316 242 244 388 524 275 508 509 525 496 247 393 321 394 537 523 538 539 427 540 321 394 393 173 540 427 523 541 543 542 169 318 242 319 536 535 531 533 351 532 247 392 394 321 544 430 539 538 545 540 248 391 242 319 528 526 278 529 520 532 321 392 394 173 545 430 540 541 546 543 392 247 246 321 544 284 547 545 538 548 392 321 174 173 545 549 550 546 541 211 320 246 321 174 489 548 357 491 551 549 246 392 321 174 547 545 548 551 550 549 321 393 175 173 523 517 522 541 542 208 393 248 321 319 527 552 523 519 529 354 393 247 321 248 537 538 523 527 281 552 389 392 246 174 433 547 482 486 550 551 320 389 246 174 490 482 489 491 486 551 315 168 389 170 475 474 476 488 217 487 315 389 314 243 476 471 363 484 477 469 167 240 386 312 459 481 480 479 478 502 386 167 312 166 480 479 502 506 193 507 250 167 313 239 553 463 554 263 458 465 239 250 167 385 263 553 458 460 555 462 241 395 387 314 556 437 466 468 557 470 168 314 387 176 473 470 472 218 559 558 146 145 147 249 162 163 165 560 562 561 124 126 250 125 142 563 564 141 144 565 250 177 167 385 566 190 553 555 567 462 313 177 167 250 568 190 463 554 566 553 314 395 387 176 557 437 470 559 569 558 395 241 249 314 556 291 570 557 468 571 322 147 146 148 572 165 573 574 164 161 127 323 126 125 575 576 143 140 577 144 314 322 395 176 364 578 557 559 579 569 322 395 249 314 578 570 580 364 557 571 177 250 396 385 566 581 582 567 555 409 177 313 323 250 568 336 583 566 554 584 249 147 146 322 561 165 560 580 572 573 323 250 126 125 584 563 576 577 565 144 175 391 60 393 518 419 229 517 424 423 388 104 245 390 444 296 495 418 443 500 104 245 244 388 296 272 299 444 495 496 390 103 240 386 442 294 512 415 441 481 166 171 386 57 196 503 506 222 223 410 106 393 391 248 448 424 447 303 527 528 390 171 388 58 501 498 418 413 224 417 171 172 35 316 199 198 194 511 513 343 35 171 316 317 194 511 343 341 499 345 171 172 388 58 199 514 498 224 225 417 312 34 171 166 338 195 504 507 191 196 172 388 59 391 514 416 226 516 421 420 312 317 80 240 342 370 367 478 510 265 240 317 80 245 510 370 265 269 493 267 240 245 103 390 269 297 294 512 500 442 169 391 60 175 530 419 228 205 518 229 106 391 242 248 447 526 300 303 528 278 108 392 247 246 452 544 304 307 547 284 85 246 321 320 282 548 377 380 489 357 174 62 392 173 233 429 550 211 232 546 321 39 174 173 353 210 549 541 206 211 312 171 34 317 504 195 338 342 499 340 39 320 321 174 355 357 353 210 491 549 316 172 36 169 513 197 344 534 202 201 81 317 244 245 369 492 270 268 493 272 171 390 386 57 501 415 503 223 414 410 85 246 247 321 282 284 280 377 548 538 108 392 394 247 452 430 451 304 544 539 62 394 392 173 425 430 429 232 543 546 81 317 316 244 369 345 372 270 492 508 318 83 242 319 373 274 535 351 376 532 59 169 172 391 227 202 226 420 530 516 248 242 83 319 278 274 276 529 532 376 61 175 393 173 230 517 422 231 208 542 318 316 36 169 348 344 346 536 534 201 316 318 82 242 348 374 371 524 535 273 393 107 247 248 449 305 537 527 302 281 169 37 318 319 200 347 536 533 349 351 107 394 393 247 450 427 449 305 539 537 82 316 242 244 371 524 273 271 508 275 105 244 242 388 298 275 301 445 496 525 37 169 175 319 200 205 204 349 533 521 242 105 388 391 301 445 525 526 446 421 243 389 109 246 477 454 309 287 482 306 243 246 86 315 287 283 285 484 483 382 393 394 61 173 427 426 422 542 543 231 174 40 315 170 209 358 485 214 213 488 174 389 63 170 486 432 234 214 487 235 38 321 175 173 352 522 203 207 541 208 247 248 84 321 281 277 279 538 552 378 319 321 175 38 354 522 521 350 352 203 248 84 321 319 277 378 552 529 375 354 389 392 109 246 433 453 454 482 547 306 320 86 246 315 379 283 489 360 382 483 392 389 63 174 433 432 428 550 486 234 40 315 320 174 358 360 356 209 485 491 243 110 387 241 308 456 467 290 311 466 102 239 240 385 292 266 295 439 460 461 243 314 87 241 469 384 286 290 468 288 168 389 64 387 474 431 237 472 436 435 313 240 79 239 464 264 365 465 266 262 386 167 56 385 480 220 411 412 462 407 315 314 168 41 363 473 475 359 361 216 312 33 167 313 337 188 479 339 335 463 389 168 64 170 474 237 431 487 217 236 314 243 87 315 469 286 384 363 484 381 387 389 110 243 436 455 456 467 477 308 240 313 79 312 464 365 264 478 339 368 167 386 56 166 480 411 220 193 506 221 386 102 240 385 440 295 481 412 439 461 170 315 168 41 488 475 217 212 359 216 167 33 312 166 188 337 479 193 192 507 145 146 395 249 162 585 586 562 560 570 396 124 250 125 587 564 581 588 141 565 146 322 148 176 573 574 161 589 579 590 323 127 177 125 575 591 583 577 140 592 146 395 249 322 585 570 560 573 578 580 322 146 395 176 573 585 578 579 589 569 250 323 177 125 584 583 566 565 577 592 396 250 177 125 581 566 582 588 565 592 250 239 101 385 263 293 253 555 460 438 111 395 387 241 406 437 457 310 556 466 396 250 101 385 581 253 401 409 555 438 111 395 241 249 406 556 310 258 570 291 250 313 78 239 554 366 255 263 465 261 88 249 241 314 260 291 289 383 571 468 176 168 314 42 218 473 559 187 215 362 177 167 32 313 190 189 182 568 463 334 101 124 250 396 593 564 253 401 587 581 145 395 111 249 586 406 594 562 570 258 249 88 322 314 260 333 580 571 383 364 78 323 313 250 328 336 366 255 584 554 314 322 176 42 364 579 559 362 331 187 32 177 313 323 182 568 334 326 583 336 147 145 26 249 163 157 158 561 562 256 126 250 14 124 563 252 138 142 564 136 177 32 1 127 182 43 181 591 595 132 176 148 5 42 590 152 186 187 596 54 148 322 5 42 574 329 152 596 331 54 127 32 1 323 595 43 132 575 326 325 322 29 147 148 330 160 572 574 154 164 323 17 127 126 324 133 575 576 139 143 124 2 11 396 134 13 135 587 400 398 2 14 250 124 16 252 251 134 136 564 395 6 23 145 405 25 402 586 156 155 145 6 26 249 156 28 157 562 257 256 23 146 395 145 151 585 402 155 162 586 11 124 396 125 135 587 398 130 141 588 177 8 0 125 178 10 179 592 129 128 146 20 4 176 149 22 150 589 184 183 2 124 101 396 134 593 112 400 587 401 124 250 2 101 564 251 134 593 253 112 111 6 395 145 123 405 406 594 156 586 111 6 145 249 123 156 594 258 257 562 323 3 17 126 327 19 324 576 137 139 147 7 29 322 159 31 160 572 332 330 322 148 176 42 574 590 579 331 596 187 127 177 32 323 591 182 595 575 583 326 8 177 127 125 178 591 131 129 592 140 148 20 146 176 153 149 161 590 184 589 7 147 249 322 159 561 259 332 572 580 3 323 250 126 327 584 254 137 576 563 146 4 395 176 150 403 585 589 183 569 396 177 0 125 582 179 397 588 592 128 5 29 322 148 30 330 329 152 154 574 148 5 20 176 152 21 153 590 186 184 1 8 177 127 9 178 181 132 131 591 127 1 17 323 132 18 133 575 325 324 146 4 23 395 150 24 151 585 403 402 0 11 396 125 12 398 397 128 130 588 102 101 239 385 113 293 292 439 438 460 111 387 110 241 457 456 122 310 466 311 56 385 167 55 407 462 220 67 408 219 313 79 78 239 365 90 366 465 262 261 387 65 64 168 434 76 435 472 238 237 241 87 88 314 288 99 289 468 384 383 147 26 7 249 158 27 159 561 256 259 14 3 250 126 15 254 252 138 137 563 33 32 167 313 44 189 188 335 334 463 314 168 41 42 473 216 361 362 215 53 389 64 63 170 431 75 432 487 236 235 389 109 110 243 454 121 455 477 309 308 86 87 243 315 98 286 285 382 381 484 40 315 170 41 358 488 213 52 359 212 106 107 393 248 118 449 448 303 302 527 312 33 34 166 337 45 338 507 192 191 79 312 80 240 368 367 91 264 478 265 104 103 245 390 115 297 296 443 442 500 386 56 166 57 411 221 506 410 68 222 39 40 320 174 51 356 355 210 209 491 59 388 172 58 416 514 226 70 417 225 171 35 34 317 194 46 195 499 341 340 103 102 240 386 114 295 294 441 440 481 105 104 244 388 116 299 298 445 444 496 390 171 58 57 501 224 413 414 223 69 317 81 80 245 369 92 370 493 268 267 391 59 169 60 420 227 530 419 71 228 175 60 61 393 229 72 230 517 423 422 316 82 81 244 371 93 372 508 271 270 172 36 35 316 197 47 198 513 344 343 318 83 82 242 373 94 374 535 274 273 242 105 391 106 301 446 526 300 117 447 36 37 318 169 48 347 346 201 200 536 246 85 86 320 282 97 283 489 380 379 319 175 37 38 521 204 349 350 203 49 394 62 61 173 425 73 426 543 232 231 392 108 109 246 452 120 453 547 307 306 394 107 108 247 450 119 451 539 305 304 84 248 83 319 277 276 95 375 529 376 38 39 321 173 50 353 352 207 206 541 84 85 247 321 96 280 279 378 377 538 63 62 392 174 74 429 428 234 233 550 395 4 65 176 403 77 404 569 183 185 0 177 396 55 179 582 397 66 180 399 88 7 249 322 100 259 260 333 332 580 78 3 323 250 89 327 328 255 254 584 385 177 55 396 567 180 408 409 582 399 385 55 177 167 408 180 567 462 219 190 387 176 65 168 558 185 434 472 218 238 65 176 387 395 185 558 434 404 569 437</DataArray>
        <DataArray type="Int32" Name="offsets" format="ascii">10 20 30 40 50 60 70 80 90 100 110 120 130 140 150 160 170 180 190 200 210 220 230 240 250 260 270 280 290 300 310 320 330 340 350 360 370 380 390 400 410 420 430 440 450 460 470 480 490 500 510 520 530 540 550 560 570 580 590 600 610 620 630 640 650 660 670 680 690 700 710 720 730 740 750 760 770 780 790 800 810 820 830 840 850 860 870 880 890 900 910 920 930 940 950 960 970 980 990 1000 1010 1020 1030 1040 1050 1060 1070 1080 1090 1100 1110 1120 1130 1140 1150 1160 1170 1180 1190 1200 1210 1220 1230 1240 1250 1260 1270 1280 1290 1300 1310 1320 1330 1340 1350 1360 1370 1380 1390 1400 1410 1420 1430 1440 1450 1460 1470 1480 1490 1500 1510 1520 1530 1540 1550 1560 1570 1580 1590 1600 1610 1620 1630 1640 1650 1660 1670 1680 1690 1700 1710 1720 1730 1740 1750 1760 1770 1780 1790 1800 1810 1820 1830 1840 1850 1860 1870 1880 1890 1900 1910 1920 1930 1940 1950 1960 1970 1980 1990 2000 2010 2020 2030 2040 2050 2060 2070 2080 2090 2100 2110 2120 2130 2140 2150 2160 2170 2180 2190 2200 2210 2220 2230 2240 2250 2260 2270 2280 2290 2300 2310 2320 2330 2340 2350 2360 2370 2380 2390 2400 2410 2420 2430 2440 2450 2460 2470 2480 2490 2500 2510 2520</DataArray>
        <DataArray type="UInt8" Name="types" format="ascii">24 24 24 24 24 24 24 24 24 24 24 24 24 24 24 24 24 24 24 24 24 24 24 24 24 24 24 24 24 24 24 24 24 24 24 24 24 24 24 24 24 24 24 24 24 24 24 24 24 24 24 24 24 24 24 24 24 24 24 24 24 24 24 24 24 24 24 24 24 24 24 24 24 24 24 24 24 24 24 24 24 24 24 24 24 24 24 24 24 24 24 24 24 24 24 24 24 24 24 24 24 24 24 24 24 24 24 24 24 24 24 24 24 24 24 24 24 24 24 24 24 24 24 24 24 24 24 24 24 24 24 24 24 24 24 24 24 24 24 24 24 24 24 24 24 24 24 24 24 24 24 24 24 24 24 24 24 24 24 24 24 24 24 24 24 24 24 24 24 24 24 24 24 24 24 24 24 24 24 24 24 24 24 24 24 24 24 24 24 24 24 24 24 24 24 24 24 24 24 24 24 24 24 24 24 24 24 24 24 24 24 24 24 24 24 24 24 24 24 24 24 24 24 24 24 24 24 24 24 24 24 24 24 24 24 24 24 24 24 24 24 24 24 24 24 24 24 24 24 24 24 24</DataArray>
      </Cells>
      <PointData Vectors="Displacement">
        <DataArray type="Float64" Name="Displacement" NumberOfComponents="3" format="ascii">0 0 0 0 0 0 0 0 0 0 0 0 2.72086514099e-06 3.69989663354e-09 -2.91876591967e-05 -2.71993548425e-06 1.65530254331e-09 -2.91867379652e-05 2.71965752256e-06 2.03007834206e-09 -2.91873157535e-05 -2.72007164676e-06 2.8858845697e-09 -2.91876022089e-05 0 0 0 0 0 0 0 0 0 0 0 0 0 0 0 0 0 0 0 0 0 0 0 0 0 0 0 0 0 0 0 0 0 0 0 0 -4.66597175732e-10 2.28541653126e-09 -2.9183122095e-05 -1.35629421722e-06 2.71897992609e-09 -2.91847159257e-05 1.3560413168e-06 2.30738088793e-09 -2.91850815701e-05 2.72275703989e-06 2.95019140159e-09 -2.91894871608e-05 2.72276980799e-06 3.45286487615e-09 -2.91890262311e-05 2.72220100208e-06 2.16334194707e-09 -2.91889820883e-05 -1.24187080882e-10 2.30965785183e-09 -2.91832245871e-05 -1.35583525438e-06 1.83302238365e-09 -2.9185004798e-05 1.3555609076e-06 3.10347966684e-09 -2.91851836565e-05 -2.72249199621e-06 2.17662809925e-09 -2.91889993765e-05 -2.72236248351e-06 1.60142282709e-09 -2.91883627372e-05 -2.72208789776e-06 2.71890324799e-09 -2.91886802474e-05 -4.19267504009e-07 -9.15057627834e-08 -2.98649159738e-07 -8.14519098699e-07 -8.44635297807e-08 -1.1457157958e-06 -1.1764205564e-06 -7.60047344236e-08 -2.50247392905e-06 -1.5002193205e-06 -6.76859138276e-08 -4.31574653602e-06 -1.78563084733e-06 -5.85860954693e-08 -6.53654156912e-06 -2.03331514205e-06 -5.01095873098e-08 -9.11071148697e-06 -2.24258915214e-06 -4.14669578962e-08 -1.19905181288e-05 -2.41423381508e-06 -3.24376650833e-08 -1.51257476092e-05 -2.54751363587e-06 -2.40961239958e-08 -1.84621889435e-05 -2.64260270408e-06 -1.47424369839e-08 -2.1952187278e-05 -2.70082886082e-06 -6.30287092699e-09 -2.55434287592e-05 -2.05653077117e-07 -7.01210322879e-08 -8.5503470238e-08 -6.20279509351e-07 -8.82640206347e-08 -6.55210967597e-07 -9.99458052335e-07 -8.03016920416e-08 -1.76373208936e-06 -1.3432369781e-06 -7.16080139425e-08 -3.35505968416e-06 -1.64705347524e-06 -6.29822412199e-08 -5.37814516577e-06 -1.9137076403e-06 -5.43221395131e-08 -7.7823870298e-06 -2.14228820026e-06 -4.59981685604e-08 -1.05163489695e-05 -2.33289163899e-06 -3.70504330572e-08 -1.35294770554e-05 -2.48542312956e-06 -2.79913350282e-08 -1.67714671827e-05 -2.5989419846e-06 -1.94962823847e-08 -2.01913354836e-05 -2.67610380646e-06 -1.07514040042e-08 -2.37381855769e-05 -2.71402240488e-06 -2.71864110472e-09 -2.73611191723e-05 4.16903690497e-07 9.13030361658e-08 -2.97470183532e-07 8.14590762405e-07 8.66093431913e-08 -1.14558633147e-06 1.17635167848e-06 7.86169276483e-08 -2.50246847085e-06 1.50029933965e-06 7.04097389639e-08 -4.31531486932e-06 1.78553036811e-06 6.19986599342e-08 -6.53510468343e-06 2.03324133981e-06 5.2939180033e-08 -9.11204662988e-06 2.24282534946e-06 4.46782349328e-08 -1.19919767481e-05 2.41441224339e-06 3.65240351831e-08 -1.5124283243e-05 2.54735488644e-06 2.81431902875e-08 -1.84617768524e-05 2.6424923652e-06 1.91793989225e-08 -2.19527147445e-05 2.70074533169e-06 1.11500743428e-08 -2.55432108914e-05 2.14086776434e-07 7.90901322975e-08 -8.79258918024e-08 6.1986043235e-07 9.00874130399e-08 -6.55246440622e-07 9.99481836164e-07 8.26514630451e-08 -1.7637111165e-06 1.34291401194e-06 7.45676306085e-08 -3.35508110569e-06 1.64712782879e-06 6.61609620849e-08 -5.37815559545e-06 1.91389549205e-06 5.74334065081e-08 -7.78224649037e-06 2.14235688084e-06 4.85535315451e-08 -1.05165364747e-05 2.33277508263e-06 4.06292462729e-08 -1.35294956393e-05 2.48532637089e-06 3.24973004983e-08 -1.67714623263e-05 2.59898766952e-06 2.36083796622e-08 -2.01914443444e-05 2.67577802353e-06 1.51045799486e-08 -2.37379924674e-05 2.71495749068e-06 7.72940217452e-09 -2.73606053773e-05 -4.16806607604e-07 9.12601624591e-08 -2.97648006802e-07 -8.14929880766e-07 8.63731085664e-08 -1.14645895654e-06 -1.17670423939e-06 7.84075684355e-08 -2.50193907252e-06 -1.49994662606e-06 6.942828256e-08 -4.31699680747e-06 -1.78611804323e-06 6.11141978956e-08 -6.5369111473e-06 -2.03366535363e-06 5.29202678887e-08 -9.11117015942e-06 -2.24282040432e-06 4.45662089452e-08 -1.19908991207e-05 -2.41449528382e-06 3.57922678995e-08 -1.51260981324e-05 -2.54811136648e-06 2.77378273805e-08 -1.84625388874e-05 -2.64292960666e-06 1.95398811606e-08 -2.19513899488e-05 -2.70016504117e-06 1.0917590212e-08 -2.55436756107e-05 -2.13378168835e-07 7.92784204623e-08 -8.82820127348e-08 -6.19473830129e-07 9.00064621678e-08 -6.55390482581e-07 -1.00061323393e-06 8.24017397232e-08 -1.76393161968e-06 -1.34256513132e-06 7.38479141905e-08 -3.35543540121e-06 -1.64727289754e-06 6.52845732963e-08 -5.37876539378e-06 -1.91419284667e-06 5.69658577964e-08 -7.78282530262e-06 -2.14256607001e-06 4.89546827309e-08 -1.0516756369e-05 -2.33312455434e-06 4.02803487502e-08 -1.3529842982e-05 -2.4858060124e-06 3.1449825728e-08 -1.67718163898e-05 -2.59973474384e-06 2.35715871214e-08 -2.01914382973e-05 -2.67573739149e-06 1.51070693652e-08 -2.37379950542e-05 -2.71445900217e-06 7.07575977553e-09 -2.73608177982e-05 4.18370144331e-07 -9.19484129824e-08 -2.99080733836e-07 8.14414288908e-07 -8.41523099817e-08 -1.14668459342e-06 1.17632065796e-06 -7.59040955805e-08 -2.50208723521e-06 1.49947892212e-06 -6.72237789423e-08 -4.31563937086e-06 1.78547180596e-06 -5.80444627111e-08 -6.53635594728e-06 2.0332608086e-06 -4.93671406939e-08 -9.1124387482e-06 2.24266242027e-06 -4.08326721847e-08 -1.19923523139e-05 2.41427853089e-06 -3.23917442246e-08 -1.51246651834e-05 2.54755463332e-06 -2.38542688648e-08 -1.84620049755e-05 2.6424396536e-06 -1.52613200711e-08 -2.19520723828e-05 2.69999140047e-06 -6.51263324666e-09 -2.55426053767e-05 2.05796520992e-07 -6.95220634661e-08 -8.47894420357e-08 6.19392234398e-07 -8.81999431569e-08 -6.55469996836e-07 1.00017697006e-06 -8.00459942026e-08 -1.76404401113e-06 1.34198193751e-06 -7.15732233718e-08 -3.35547752328e-06 1.64666227667e-06 -6.27980132601e-08 -5.37874803942e-06 1.9141409094e-06 -5.37868583164e-08 -7.78282692507e-06 2.14225123383e-06 -4.48512218263e-08 -1.05169140803e-05 2.33261051491e-06 -3.66397235869e-08 -1.35298733797e-05 2.48529639777e-06 -2.82473372254e-08 -1.67718129734e-05 2.59949016079e-06 -1.92882920865e-08 -2.01914392127e-05 2.67522824417e-06 -1.08229908819e-08 -2.37379161261e-05 2.71353865643e-06 -2.54066863288e-09 -2.73609688513e-05 0 0 0 0 0 0 0 0 0 0 0 0 0 0 0 0 0 0 0 0 0 0 0 0 0 0 0 0 0 0 0 0 0 0 0 0 0 0 0 0 0 0 0 0 0 0 0 0 0 0 0 0 0 0 0 0 0 0 0 0 0 0 0 1.29438789267e-06 2.69244747974e-09 -2.9187030313e-05 6.7896112517e-07 2.51040164544e-09 -2.91864385821e-05 -7.7368362775e-07 2.14629660053e-09 -2.91857960681e-05 -1.18766203951e-06 2.4579493221e-09 -2.91863890023e-05 3.38756369446e-07 2.3391549956e-09 -2.91845283831e-05 1.69755554663e-06 2.54091946834e-09 -2.91872644148e-05 1.6983725611e-06 2.8365844035e-09 -2.91877335785e-05 -1.95266081852e-06 2.38281504694e-09 -2.91867660191e-05 -5.93412413589e-07 2.50415660599e-09 -2.91842978307e-05 -1.95376685393e-06 2.05575356721e-09 -2.91877643673e-05 2.00766663282e-06 2.63854259867e-09 -2.91884751055e-05 2.00611002081e-06 2.733067337e-09 -2.91873783483e-05 6.46441576868e-07 2.70986370382e-09 -2.91844533086e-05 -3.86645599397e-07 2.16276330416e-09 -2.91841778794e-05 -1.74475237777e-06 2.01921417195e-09 -2.91869408671e-05 -1.7459316133e-06 2.21671531521e-09 -2.91873211991e-05 -2.54182444032e-07 2.53608535013e-09 -2.91859261651e-05 9.86534887665e-07 2.68050933333e-09 -2.91869578224e-05 2.60331657043e-07 2.42379269441e-09 -2.91853901316e-05 -9.81534518885e-07 2.24620460849e-09 -2.91862840291e-05 -4.75952896581e-08 2.16693107064e-09 -2.91859830558e-05 -3.45910626425e-12 1.14936510839e-09 -1.72299024674e-06 -2.78684442112e-09 6.51520058405e-10 -6.28634168702e-07 -1.22021677026e-08 2.17403985907e-09 -2.36551813707e-05 2.29802455194e-10 1.4968113646e-09 -7.75442981092e-06 -1.53399146676e-10 2.04846524334e-09 -2.01806716687e-05 2.10904459413e-10 1.15333633441e-09 -3.31858478994e-06 -3.18305320764e-10 1.68517930367e-09 -5.3460478799e-06 -5.12120780575e-10 1.70425921578e-09 -1.35101737359e-05 4.90167143374e-10 1.88337835659e-09 -1.6756342761e-05 -1.00930259616e-10 1.17612615647e-09 -1.04928508279e-05 -1.50114204554e-07 1.8819296851e-09 -2.64477145694e-05 -1.6270854232e-08 -3.19722069327e-09 -1.25993029229e-07 -3.76414086799e-09 -1.67502652984e-09 -8.03919668138e-09 6.92850734877e-08 3.15489425382e-08 -1.72014673244e-08 1.69793324822e-07 4.39990682867e-08 -1.94992032243e-07 -7.84481684916e-08 -3.95275744515e-08 -2.30367990843e-08 -1.90635178329e-07 -4.80439595968e-08 -1.9663728095e-07 1.27901890209e-06 3.87149494274e-09 -2.78152979027e-05 -7.54822363642e-08 2.33673756906e-09 -2.78155066794e-05 1.27407554007e-06 6.21668087942e-09 -2.59935791484e-05 -1.43033131005e-06 5.6144708891e-10 -2.78153560003e-05 -1.42408622565e-06 -1.91568275091e-09 -2.59942986378e-05 -3.5973693768e-07 -4.27323910466e-08 -8.62166867856e-07 -2.5990678775e-07 -4.46708351387e-08 -4.33285107446e-07 -1.36070075507e-08 -1.42841979517e-09 -3.36782616791e-07 -5.41019437709e-07 -3.85156513772e-08 -2.08846092647e-06 -4.50558153569e-07 -4.06530519996e-08 -1.40806712291e-06 -1.86610517714e-09 8.79613409751e-10 -1.11574954371e-06 -7.08245501242e-07 -3.4015788526e-08 -3.79614346554e-06 -6.27246728179e-07 -3.66166806629e-08 -2.88643081017e-06 5.43419800506e-11 1.19329557082e-09 -2.46281953697e-06 -8.55056483366e-07 -2.95999717394e-08 -5.92249756107e-06 -7.83758996179e-07 -3.20662767212e-08 -4.80979135305e-06 -1.68148459295e-10 1.38597177913e-09 -4.28215664799e-06 -9.84094173494e-07 -2.49547476146e-08 -8.41658756253e-06 -9.22066599606e-07 -2.78545367972e-08 -7.12695670421e-06 -6.68467227586e-11 9.99254987891e-10 -6.50581761711e-06 -1.09345011435e-06 -2.07004485861e-08 -1.12283505492e-05 -1.04092957951e-06 -2.33103163008e-08 -9.78598728403e-06 -1.17777407479e-11 2.07432165791e-09 -9.08555748268e-06 -1.18367776007e-06 -1.64976425518e-08 -1.43072128573e-05 -1.14087136997e-06 -1.87439478184e-08 -1.2737111155e-05 -2.33517401338e-10 2.25048894264e-09 -1.19698341672e-05 -1.25549906663e-06 -1.17446713348e-08 -1.76014832882e-05 -1.22205600911e-06 -1.45128339242e-08 -1.59304583916e-05 -5.61616785746e-11 1.23331945163e-09 -1.51078351367e-05 -1.30729861467e-06 -7.40476385645e-09 -2.10608734683e-05 -1.28356453579e-06 -9.97324143021e-09 -1.93136824872e-05 3.65124081834e-11 2.05831630242e-09 -1.8450086811e-05 -1.34714975894e-06 -3.24844439979e-09 -2.45963821259e-05 -1.33282434542e-06 -5.53827500357e-09 -2.27984533962e-05 -6.11712061449e-09 2.0278295799e-09 -2.19051895405e-05 -8.07865799033e-08 2.08934169438e-09 -2.50468488867e-05 2.57219408645e-07 4.61630583491e-08 -4.32693008404e-07 3.56369001172e-07 4.44175121964e-08 -8.61867332718e-07 4.50561638695e-07 4.28902281973e-08 -1.40803092789e-06 5.4102695757e-07 4.09160345395e-08 -2.08848815436e-06 6.27361350136e-07 3.91602501529e-08 -2.88643465221e-06 7.0824681343e-07 3.65576167648e-08 -3.79568157836e-06 7.83759605923e-07 3.49396421848e-08 -4.80969871588e-06 8.55345626215e-07 3.24614045633e-08 -5.92195947329e-06 9.21701492706e-07 3.06028175216e-08 -7.12617303893e-06 9.83627209957e-07 2.840287881e-08 -8.41720600155e-06 1.04104854167e-06 2.65011249696e-08 -9.78657730226e-06 1.09334398891e-06 2.41069594523e-08 -1.12290011765e-05 1.14108849734e-06 2.26875982811e-08 -1.27378938012e-05 1.18397424719e-06 1.97110131504e-08 -1.43064576458e-05 1.22198649333e-06 1.82321013134e-08 -1.59298601061e-05 1.25550205243e-06 1.5821016123e-08 -1.76011066245e-05 1.28327638297e-06 1.40448088612e-08 -1.93135411872e-05 1.30721927191e-06 1.16198927203e-08 -2.10611947968e-05 1.32030899443e-06 9.94348834567e-09 -2.27988260391e-05 1.33469260669e-06 7.58779617587e-09 -2.4596005692e-05 -3.34392401416e-09 1.47507104616e-09 -6.28884161463e-07 -2.54741838283e-10 1.13710210339e-09 -1.72327592011e-06 -1.29578055018e-08 2.1228349702e-09 -2.36551369661e-05 -2.25901107073e-10 1.8426965607e-09 -7.75509005103e-06 -6.74896015376e-10 2.03849311019e-09 -2.01806165399e-05 1.03741244003e-10 1.14717493412e-09 -5.34655762874e-06 -1.74007130791e-10 1.15211023082e-09 -3.31893991909e-06 3.36356906598e-10 1.94464660315e-09 -1.67566006104e-05 -7.18200437802e-10 1.90291085014e-09 -1.35105425286e-05 -3.21481904114e-10 2.17034479288e-09 -1.04932870556e-05 -1.49948407686e-07 2.56947286857e-09 -2.64477672304e-05 -1.7962283087e-08 7.11512317195e-09 -1.26586132008e-07 6.97679370812e-08 -3.43820288784e-08 -1.95558922717e-08 -5.10024474696e-09 2.73049155092e-09 -8.37717964119e-09 1.69727342156e-07 -4.37386820403e-08 -1.94455401433e-07 -7.8589425194e-08 3.62554630221e-08 -1.99064130633e-08 -1.90283155038e-07 4.91947313264e-08 -1.97959814518e-07 -7.52233884715e-08 2.50446433451e-09 -2.7815797079e-05 1.27875442447e-06 1.17323714089e-09 -2.78153921344e-05 1.27297896824e-06 -1.34649535579e-09 -2.59937551003e-05 -1.42967446817e-06 3.81286876107e-09 -2.78156484431e-05 -1.42381595612e-06 6.46206959429e-09 -2.59942153686e-05 -2.59653562845e-07 4.66006413734e-08 -4.33154172987e-07 -3.59392353661e-07 4.48959360751e-08 -8.62021695107e-07 -1.45598508007e-08 4.16860239416e-09 -3.36676188164e-07 -4.51299497843e-07 4.31397560292e-08 -1.40822652271e-06 -5.4178967864e-07 4.03831246722e-08 -2.08875472237e-06 -2.19440911091e-09 1.31070138202e-09 -1.11455553545e-06 -6.26762522847e-07 3.868755357e-08 -2.88682994284e-06 -7.07565773685e-07 3.64965248198e-08 -3.79667487041e-06 -3.22481818268e-10 1.23957375431e-09 -2.46475882566e-06 -7.84004674359e-07 3.46898822406e-08 -4.81053732318e-06 -8.5532602943e-07 3.21978494133e-08 -5.92283606857e-06 -8.34516976607e-11 1.87435246431e-09 -4.28202395721e-06 -9.226342912e-07 3.07037262746e-08 -7.12740255393e-06 -9.84492596563e-07 2.79916790184e-08 -8.41713139129e-06 7.84211887829e-12 1.45071966502e-09 -6.50573861745e-06 -1.04124104663e-06 2.64079156363e-08 -9.78641499967e-06 -1.09369208965e-06 2.39264409346e-08 -1.12287537722e-05 -3.41242099321e-10 1.21331550303e-09 -9.08605324222e-06 -1.14110003864e-06 2.20943416567e-08 -1.27374871634e-05 -1.18391098596e-06 1.99748044048e-08 -1.43075695923e-05 -4.46509004367e-10 1.22614855928e-09 -1.19702284499e-05 -1.22231356633e-06 1.80979919756e-08 -1.59307678802e-05 -1.25596392097e-06 1.54836581054e-08 -1.76017803523e-05 -2.46772143375e-10 2.49496135962e-09 -1.51081727268e-05 -1.28419582964e-06 1.39242858694e-08 -1.93138492271e-05 -1.30822681757e-06 1.14407659585e-08 -2.10607014023e-05 -2.13399490435e-10 1.79507213154e-09 -1.84502323813e-05 -1.33255880517e-06 9.85500800519e-09 -2.279840221e-05 -1.34701242357e-06 7.67504818032e-09 -2.45964254163e-05 -6.63769945084e-09 2.25611227705e-09 -2.19062346402e-05 -8.1136924136e-08 2.86140167454e-09 -2.50471928736e-05 3.55505479454e-07 -4.24042051956e-08 -8.62016711018e-07 2.56937373354e-07 -4.42264818786e-08 -4.33370606092e-07 5.41367802865e-07 -3.80051619311e-08 -2.08882219549e-06 4.50844054486e-07 -4.09012022378e-08 -1.40833008951e-06 7.07505879874e-07 -3.37321237301e-08 -3.79600894276e-06 6.26498754611e-07 -3.6294344065e-08 -2.88700732182e-06 8.54849069531e-07 -2.94001334662e-08 -5.92270958177e-06 7.83293360019e-07 -3.1858675947e-08 -4.8099942462e-06 9.83664306467e-07 -2.50633064544e-08 -8.41773233672e-06 9.22163177221e-07 -2.73535023073e-08 -7.12683204341e-06 1.09318480495e-06 -2.05222359558e-08 -1.12293974907e-05 1.04099191782e-06 -2.30447145029e-08 -9.78699054134e-06 1.18381002149e-06 -1.58426118321e-08 -1.43068291969e-05 1.14091018184e-06 -1.89580460575e-08 -1.27382701454e-05 1.25561145586e-06 -1.16868777756e-08 -1.76013595192e-05 1.22188796645e-06 -1.42261791307e-08 -1.59302007785e-05 1.30771258569e-06 -7.35624589708e-09 -2.1061249814e-05 1.28343281217e-06 -9.74955287475e-09 -1.93135506797e-05 1.33420203828e-06 -2.82740606563e-09 -2.45958514572e-05 1.31970128624e-06 -5.54460186581e-09 -2.27986691093e-05 -9.99022943208e-07 1.07878510368e-09 -1.8044651179e-06 -6.29190964408e-07 5.53957565319e-10 -7.17659010615e-07 -2.67577762068e-06 2.13987882273e-09 -2.36685282061e-05 -2.60082592569e-06 1.77195344808e-09 -2.02023012841e-05 -1.64812085339e-06 1.21053791481e-09 -5.40950293023e-06 -1.34414465175e-06 1.18540993205e-09 -3.39172369711e-06 -1.91482889546e-06 1.35314185789e-09 -7.81040118516e-06 -2.1423371052e-06 1.50484532146e-09 -1.05415247221e-05 -2.48595649735e-06 1.7298931641e-09 -1.67861695403e-05 -2.33421392929e-06 1.60780311645e-09 -1.35488469045e-05 -2.70744277033e-06 1.92441519239e-09 -2.64538872155e-05 -3.08895108205e-07 -3.10843152172e-09 -2.14570388742e-07 -1.43613533689e-07 -1.6808025223e-09 -9.23749600745e-08 -1.47543335798e-07 -3.13246442628e-08 -8.02251010545e-08 -3.6284827087e-07 -4.52189306177e-08 -2.6379919763e-07 -1.4588910868e-07 2.44647881701e-08 -8.05038277787e-08 -3.626628854e-07 4.35015673586e-08 -2.66011420949e-07 -2.71809053965e-06 7.23911085597e-12 -2.78184005466e-05 -2.71746440263e-06 2.11487616007e-09 -2.7818931332e-05 -2.7053986516e-06 -1.91596300106e-09 -2.59994444071e-05 -2.71773914549e-06 4.31881844319e-09 -2.78184323831e-05 -2.70518087331e-06 5.87418894253e-09 -2.59998745745e-05 -5.24103999272e-07 -4.48699040797e-08 -5.00877408889e-07 -7.234664189e-07 -4.28059948792e-08 -9.27249166958e-07 -4.71140630953e-07 -1.61415892853e-09 -4.25187482097e-07 -9.08883249565e-07 -4.0849195535e-08 -1.47060037826e-06 -1.08989273571e-06 -3.83243361874e-08 -2.14803605179e-06 -8.17705417577e-07 3.61514890772e-10 -1.20052491042e-06 -1.26211534451e-06 -3.62698104488e-08 -2.94293867639e-06 -1.42398126136e-06 -3.43060602117e-08 -3.84893442854e-06 -1.17530495476e-06 1.54236788809e-09 -2.54087736899e-06 -1.57580528343e-06 -3.25106782731e-08 -4.85968931677e-06 -1.71874178985e-06 -2.94870565895e-08 -5.96874495353e-06 -1.49884178629e-06 8.27106842256e-10 -4.35057256834e-06 -1.85188678697e-06 -2.76564460076e-08 -7.17063730197e-06 -1.97564854456e-06 -2.52881380232e-08 -8.45669366026e-06 -1.78536201434e-06 1.2490470352e-09 -6.56670592022e-06 -2.08987541903e-06 -2.35210721022e-08 -9.82368033361e-06 -2.19429195252e-06 -2.10266654172e-08 -1.12622416542e-05 -2.03261340347e-06 1.4422350553e-09 -9.13662241264e-06 -2.29005648751e-06 -1.91025922469e-08 -1.27680765349e-05 -2.37594779691e-06 -1.62884947857e-08 -1.43342612118e-05 -2.24134626427e-06 1.55505895651e-09 -1.20122506144e-05 -2.45190847489e-06 -1.42632210966e-08 -1.59547134428e-05 -2.51872353183e-06 -1.20283616369e-08 -1.76221070431e-05 -2.41384408192e-06 1.67155504599e-09 -1.51432383791e-05 -2.57572990129e-06 -1.04984315565e-08 -1.93316135237e-05 -2.6232273848e-06 -7.1127786988e-09 -2.10752301141e-05 -2.54583536772e-06 1.801683596e-09 -1.84756022919e-05 -2.66095677478e-06 -5.38295414614e-09 -2.28100044859e-05 -2.68999915332e-06 -2.86934195237e-09 -2.46044294514e-05 -2.64081525523e-06 2.45251042115e-09 -2.19225971101e-05 -2.69339313325e-06 2.04222565452e-09 -2.50574060784e-05 -7.23526451325e-07 4.41354993206e-08 -9.27650616354e-07 -5.23350600756e-07 4.56667679806e-08 -5.0039988873e-07 -1.09047383186e-06 4.09901814712e-08 -2.14803808078e-06 -9.09607620912e-07 4.24148897219e-08 -1.47086699585e-06 -1.42363268127e-06 3.60623706399e-08 -3.84929356028e-06 -1.26199108394e-06 3.90423100884e-08 -2.94306191288e-06 -1.71891971062e-06 3.19172477494e-08 -5.96894939835e-06 -1.57561836556e-06 3.42983108487e-08 -4.86021917597e-06 -1.97593883312e-06 2.8063827941e-08 -8.45689209507e-06 -1.85224752529e-06 3.0217153334e-08 -7.17083366703e-06 -2.19442898541e-06 2.40763771262e-08 -1.12624475983e-05 -2.09007688312e-06 2.64301844361e-08 -9.82386337608e-06 -2.37609047971e-06 1.95744646264e-08 -1.43344417958e-05 -2.29017737841e-06 2.22630414464e-08 -1.27682625235e-05 -2.51898465051e-06 1.55464956234e-08 -1.76222451914e-05 -2.45209838113e-06 1.76560448797e-08 -1.59548795949e-05 -2.62343018866e-06 1.1678173206e-08 -2.10750642508e-05 -2.57605349799e-06 1.41482026204e-08 -1.93318521526e-05 -2.689701203e-06 7.3489452826e-09 -2.46044688089e-05 -2.6609112686e-06 1.01640451001e-08 -2.2809936573e-05 6.29169313853e-07 1.52903379031e-09 -7.17825400913e-07 9.98801539911e-07 1.30444172168e-09 -1.80451135207e-06 2.67466825813e-06 2.68195369048e-09 -2.36682501693e-05 1.64797968994e-06 1.63839831714e-09 -5.4117370015e-06 2.60056965399e-06 2.242040125e-09 -2.02028933343e-05 1.34361777298e-06 1.48976248707e-09 -3.39219060257e-06 1.91587363756e-06 1.60732560022e-09 -7.81004921817e-06 2.48667113702e-06 2.16739578336e-09 -1.67872787705e-05 2.14276521954e-06 1.83585577498e-09 -1.05392143622e-05 2.33172384576e-06 1.99605076688e-09 -1.35490096281e-05 2.70793086491e-06 3.0020017037e-09 -2.6454351943e-05 3.10051300263e-07 6.4349472802e-09 -2.15319657808e-07 1.46592258664e-07 2.7392334774e-08 -7.84862581669e-08 1.43796861362e-07 1.00276245285e-09 -9.19653110876e-08 3.63062082975e-07 4.88447983639e-08 -2.63795131458e-07 1.4764455257e-07 -2.76781496973e-08 -8.11622734397e-08 3.62337814344e-07 -4.00832034518e-08 -2.66839869226e-07 2.71772934351e-06 2.73641679495e-09 -2.78190519939e-05 2.71798886598e-06 5.05824852376e-09 -2.7818252281e-05 2.7056210359e-06 6.63599019083e-09 -2.59994880222e-05 2.71798685662e-06 6.0022761552e-10 -2.78186877555e-05 2.70526996879e-06 -1.48885810977e-09 -2.59995923574e-05 7.23356927316e-07 4.49563210926e-08 -9.27180228645e-07 5.23515776447e-07 4.61107365267e-08 -5.00250399504e-07 4.7159593805e-07 3.83550439394e-09 -4.25570654552e-07 1.08971800999e-06 4.0794074928e-08 -2.14812932071e-06 9.08792355503e-07 4.31053200621e-08 -1.47056012954e-06 8.17546787568e-07 1.86425349395e-09 -1.20056040046e-06 1.42365458514e-06 3.70422072576e-08 -3.84876628766e-06 1.26194114566e-06 3.89964765969e-08 -2.94317441391e-06 1.17502694221e-06 9.20526270319e-10 -2.54094614813e-06 1.71834511436e-06 3.28381207375e-08 -5.96872256869e-06 1.57593887805e-06 3.52616153738e-08 -4.86006409066e-06 1.4996091317e-06 1.60406870706e-09 -4.34981633991e-06 1.9760616708e-06 2.80947013e-08 -8.45703453115e-06 1.85209749417e-06 3.10599141694e-08 -7.17000585533e-06 1.78457399225e-06 1.96980064526e-09 -6.56579196405e-06 2.19467782649e-06 2.39708416152e-08 -1.12622820669e-05 2.08972351039e-06 2.63756816492e-08 -9.82357784959e-06 2.03234607039e-06 1.74789867261e-09 -9.13780741905e-06 2.37530387093e-06 2.0202961862e-08 -1.43337972293e-05 2.28944688537e-06 2.24350679123e-08 -1.27686852396e-05 2.24034966746e-06 1.91794172237e-09 -1.20135141392e-05 2.5184820953e-06 1.62176757781e-08 -1.76220990216e-05 2.45222923987e-06 1.86253793998e-08 -1.59546011642e-05 2.4122633342e-06 2.07720537665e-09 -1.51416194011e-05 2.62312719431e-06 1.14415427264e-08 -2.10757852594e-05 2.5756588996e-06 1.43930246659e-08 -1.93315340924e-05 2.54717755808e-06 2.1951362105e-09 -1.84746581358e-05 2.68950475021e-06 7.46387855661e-09 -2.46040208373e-05 2.66040760332e-06 9.84325347078e-09 -2.28103231988e-05 2.64019122668e-06 1.86249039799e-09 -2.19237249758e-05 2.69297691272e-06 2.50331733163e-09 -2.50566320987e-05 5.23772743918e-07 -4.44709906882e-08 -5.01233676216e-07 7.232495436e-07 -4.19516936686e-08 -9.27833029171e-07 9.09274052495e-07 -4.01136947809e-08 -1.47094654938e-06 1.09021424131e-06 -3.85752810351e-08 -2.14812725394e-06 1.26165270266e-06 -3.64826030611e-08 -2.94328073378e-06 1.4229906501e-06 -3.38275589239e-08 -3.84898941111e-06 1.57549654533e-06 -3.19925566231e-08 -4.86027777455e-06 1.7183295502e-06 -2.89612540914e-08 -5.96920459219e-06 1.85219682416e-06 -2.71808853336e-08 -7.17033858025e-06 1.97609653609e-06 -2.46694853751e-08 -8.45722300595e-06 2.08971730968e-06 -2.27632076267e-08 -9.82377396513e-06 2.19461821308e-06 -2.02100469049e-08 -1.12624726351e-05 2.28937326624e-06 -1.85184159197e-08 -1.27688733873e-05 2.37523872501e-06 -1.61364105135e-08 -1.43339845225e-05 2.45220416287e-06 -1.43957276302e-08 -1.59547839352e-05 2.51856597948e-06 -1.1872841228e-08 -1.76222416972e-05 2.57579657063e-06 -1.00174969145e-08 -1.93316833669e-05 2.62322743111e-06 -7.52826307634e-09 -2.10755755237e-05 2.66017941064e-06 -5.70383724455e-09 -2.28103276289e-05 2.68909188905e-06 -2.95460697426e-09 -2.46038941562e-05 -3.17554737278e-09 1.01842936105e-09 -6.72305977173e-07 -2.06143856675e-09 1.07558943241e-09 -1.15738700155e-06 3.09388916403e-07 -2.10450023508e-08 -6.73002944972e-07 4.07044603183e-07 -1.99908397363e-08 -1.1580967523e-06 3.10641396942e-07 2.31048482283e-08 -6.72345385371e-07 -3.13627327212e-07 -2.12585838745e-08 -6.72615014512e-07 -4.07408986628e-07 2.21756027308e-08 -1.15799332269e-06 -3.12771295298e-07 2.32374655036e-08 -6.72939120631e-07 1.32887427308e-06 -9.26396754883e-10 -2.3661718707e-05 1.31846818093e-06 -2.43863116083e-09 -2.19146791223e-05 -1.34151712881e-06 5.34116652089e-09 -2.36617163089e-05 -1.31875502064e-06 6.59204121102e-09 -2.19138022048e-05 1.17038036734e-10 2.47822517241e-09 -2.36616311722e-05 8.79140829295e-11 2.17734823814e-09 -2.19144388653e-05 1.32931691062e-06 5.70388433646e-09 -2.36614540688e-05 -1.3419409118e-06 -1.47307324518e-09 -2.36618972626e-05 1.31224990897e-06 6.18461968185e-09 -2.19150174535e-05 -1.32486496245e-06 -1.80173900946e-09 -2.191415602e-05 -3.56875570309e-11 1.92170717167e-09 -2.01915425591e-05 1.29785476034e-06 -2.810047772e-09 -2.01915016599e-05 -4.99027676209e-07 2.14394767016e-08 -1.76383486198e-06 -4.09090948345e-07 -2.04593052369e-08 -1.15779045408e-06 4.05157163277e-07 2.24363144467e-08 -1.15754231228e-06 4.98684951467e-07 -1.9100481698e-08 -1.76390627276e-06 1.27134667749e-06 -4.65552719157e-09 -1.84621529614e-05 -1.27183863255e-06 8.5769865257e-09 -1.84627244487e-05 -1.29848105616e-06 7.19922422002e-09 -2.01916522827e-05 -1.27152820507e-06 -4.81896550833e-09 -1.8462620622e-05 1.27109300243e-06 8.91538885549e-09 -1.84620903218e-05 1.2969721466e-06 7.44317106783e-09 -2.01915900338e-05 -1.2974014197e-06 -3.39433571808e-09 -2.0191445182e-05 -1.24145612351e-06 8.9878383766e-09 -1.67713029432e-05 -2.63808162216e-10 1.97858925354e-09 -1.84625480964e-05 -1.24123979795e-06 -5.37312930509e-09 -1.67711744399e-05 -7.4728918883e-07 1.83992214121e-08 -4.3167444327e-06 -6.6926632954e-07 1.93400559625e-08 -3.35519344051e-06 2.07151916017e-10 1.20454746772e-09 -4.31612103569e-06 7.46725302293e-07 -1.5739794233e-08 -4.3158619346e-06 8.21282390005e-07 -1.47400136976e-08 -5.37897559088e-06 6.17902311899e-10 1.22130230017e-09 -3.35528709551e-06 7.47685463304e-07 1.8841849968e-08 -4.31563893469e-06 -6.70351547063e-07 -1.69014303738e-08 -3.35501485804e-06 6.68786684482e-07 -1.69219273934e-08 -3.35571570881e-06 6.69825642251e-07 1.98518169062e-08 -3.35553574756e-06 -1.12915514176e-10 1.16558182467e-09 -1.76374818777e-06 5.86078538818e-07 2.05286133203e-08 -2.50235281536e-06 -5.86191387418e-07 -1.80788574636e-08 -2.50221500944e-06 -4.72056352468e-12 1.19063358907e-09 -2.50248119331e-06 4.97118320369e-07 2.15663082366e-08 -1.76372586904e-06 -4.97263397402e-07 -1.92421227963e-08 -1.76371301843e-06 -8.21838881787e-07 1.73812087824e-08 -5.3782214028e-06 -1.54841767005e-10 1.42968535796e-09 -5.37844925983e-06 -5.86187181904e-07 2.04870934977e-08 -2.50222438754e-06 -7.47922676023e-07 -1.63599106959e-08 -4.31616781028e-06 5.8599896598e-07 -1.80628279752e-08 -2.50232787605e-06 -8.21547939537e-07 -1.45777815868e-08 -5.37793336682e-06 8.21668606779e-07 1.76100644408e-08 -5.3787040576e-06 -6.04242326431e-10 1.60741760422e-09 -6.53597402641e-06 8.9010072211e-07 1.65885732096e-08 -6.53536474997e-06 1.06949404452e-06 1.32363355638e-08 -1.05160950035e-05 1.01401304904e-06 1.45922231256e-08 -9.11193329642e-06 -3.3951191441e-10 1.66703561532e-09 -1.05167049903e-05 -9.06560948344e-10 1.59174373022e-09 -9.11146595084e-06 -1.06960933254e-06 -1.0454019236e-08 -1.05170096874e-05 -1.11882806854e-06 -8.97742221329e-09 -1.19907677175e-05 -1.08458226654e-10 1.73481375044e-09 -1.19913540444e-05 -8.90628443184e-07 1.621955499e-08 -6.53663787906e-06 8.90471428328e-07 -1.29432065143e-08 -6.53594158501e-06 9.55679798496e-07 -1.23814947073e-08 -7.78261771622e-06 1.06944443048e-06 -9.73128885559e-09 -1.05163023332e-05 1.01406153882e-06 -1.12277220274e-08 -9.11214984804e-06 -1.06975203832e-06 1.362512747e-08 -1.05172345908e-05 9.55312685318e-07 1.5496034478e-08 -7.78227762841e-06 -1.50627355063e-09 1.59930371921e-09 -7.78252880051e-06 -1.0141167176e-06 1.44246652264e-08 -9.11132489405e-06 -1.01380842704e-06 -1.13263175284e-08 -9.11111180669e-06 -8.89957297261e-07 -1.35994618252e-08 -6.53634141173e-06 -9.55563885873e-07 1.54076988181e-08 -7.78268180255e-06 -9.55242688085e-07 -1.24659577926e-08 -7.78245741769e-06 1.11858904768e-06 -9.06529781638e-09 -1.19920069309e-05 -1.16494248771e-06 1.14673320593e-08 -1.35297107804e-05 1.16491337108e-06 -7.74059654146e-09 -1.35297732054e-05 6.70174250695e-10 1.80391402252e-09 -1.3529624902e-05 -1.16481655423e-06 -8.05428636772e-09 -1.35295326533e-05 1.11866455107e-06 1.27198947533e-08 -1.19918149565e-05 1.16498987568e-06 1.1541479106e-08 -1.35295877921e-05 1.20447479774e-06 -6.47736731693e-09 -1.5124777866e-05 -5.53146846911e-10 1.87084918676e-09 -1.51254245381e-05 1.2045346817e-06 1.04249186614e-08 -1.51246020715e-05 1.24106494803e-06 -5.57208780848e-09 -1.67722433729e-05 -1.20468681304e-06 1.03322629537e-08 -1.51257041713e-05 -1.20453469564e-06 -6.81077348914e-09 -1.51255430608e-05 1.24106712958e-06 9.67395128862e-09 -1.67720918674e-05 -3.76333497327e-10 1.9368031968e-09 -1.67716591559e-05 -1.1189586524e-06 1.22659906677e-08 -1.19909651781e-05 -1.42673947568e-08 1.14578569045e-09 -3.78744904786e-07 -2.46264114095e-07 2.49953997221e-08 -3.81609735954e-07 2.19124493266e-07 -2.01761425177e-08 -3.79663110026e-07 1.33809893394e-06 1.04449438214e-10 -2.50517205185e-05 2.10397109374e-12 2.10208341296e-09 -2.5052077642e-05 1.27041179041e-06 4.38317057694e-09 -2.50517192702e-05 -1.42019357877e-06 -2.65096475176e-10 -2.50527257102e-05 2.63154996667e-07 2.28491111143e-09 -2.78168814243e-05 -4.61559690575e-07 2.73871373354e-09 -2.78164284741e-05 5.70637634342e-07 2.19210699021e-09 -2.78161730044e-05 -2.20775175724e-08 7.14608476697e-09 -2.99494517794e-08 2.68997587984e-08 -1.0819852068e-08 -2.70062435919e-08 1.42136335029e-08 -3.06876760639e-09 -3.48439406711e-08 -1.72788730511e-08 1.16502548719e-09 -1.65103170676e-07 2.20090881323e-07 2.25020279242e-08 -3.78365604071e-07 -2.45774948475e-07 -2.28814177014e-08 -3.81186329616e-07 1.27726656436e-06 4.28022099878e-09 -2.64508312521e-05 1.27665329592e-06 9.45283000983e-10 -2.64511527156e-05 -1.41951729746e-06 4.793251256e-09 -2.50526500616e-05 -1.74321588613e-06 2.59081728399e-09 -2.78177500855e-05 -1.0181012537e-06 2.09095360729e-09 -2.78174363943e-05 -1.95074763398e-06 1.50468429245e-09 -2.78176924441e-05 -1.02623877631e-07 -1.00724080099e-08 -6.04946896967e-08 -9.10465738963e-08 5.80338948266e-09 -5.58486180968e-08 -5.24045864089e-08 -4.93202294689e-09 -4.48731415379e-08 -4.22203513148e-10 2.31620377558e-09 -2.64512341064e-05 -1.42764362456e-06 3.2219344441e-10 -2.64510195344e-05 -1.42734369736e-06 3.73833367034e-09 -2.64510375882e-05 1.41650392812e-07 -1.85849377738e-08 -1.68033696645e-07 1.43885168017e-07 2.37026524463e-08 -1.66316307431e-07 -1.593698629e-07 -2.32102143633e-08 -1.68648386282e-07 -1.60724374895e-07 2.316225501e-08 -1.71119407185e-07 1.69615694691e-06 3.04190237026e-09 -2.78178486036e-05 2.00459852748e-06 1.8769724907e-09 -2.7817984407e-05 1.0519664623e-07 -8.91350452553e-09 -6.13184333115e-08 8.75001384637e-08 6.13356695583e-09 -5.42828112974e-08 2.63294938293e-07 2.69615867407e-09 -2.78162242456e-05 -6.68260666779e-07 1.82194840529e-09 -2.7816130271e-05 -3.33161369399e-08 -1.40280709937e-08 -2.96230098581e-08 1.31043518131e-08 2.82988410531e-09 -2.93906724042e-08 1.47141691965e-07 -4.18076004709e-08 -8.10394683773e-08 2.00250540114e-06 -1.60220369037e-10 -2.73611794013e-05 -1.42881955882e-07 -4.02185079044e-08 -8.11988557816e-08 -1.94913859511e-06 -3.36029219675e-10 -2.73611687961e-05</DataArray>
        <DataArray type="Float64" Name="DisplacementMagnitude" format="ascii">0 0 0 0 2.93142042394e-05 2.93132005217e-05 2.9313750051e-05 2.93140737667e-05 0 0 0 0 0 0 0 0 0 0 0 0 2.91831221882e-05 2.92162144204e-05 2.92165678962e-05 2.93161998784e-05 2.93157421818e-05 2.93156452825e-05 2.91832246788e-05 2.92164816099e-05 2.92166476528e-05 2.93156895196e-05 2.9315043567e-05 2.93153342894e-05 5.22828714927e-07 1.40827558906e-06 2.76624615874e-06 4.56956316902e-06 6.77630323542e-06 9.33498501533e-06 1.21985019822e-05 1.53172392373e-05 1.86371356955e-05 2.21106782501e-05 2.56858184421e-05 2.33497303453e-07 9.06553152947e-07 2.02882124475e-06 3.61466993947e-06 5.62505087418e-06 8.01441050289e-06 1.07324326326e-05 1.37291844451e-05 1.69546519607e-05 2.03579200351e-05 2.38885558722e-05 2.74953953848e-05 5.20224414704e-07 1.40834205056e-06 2.76628493477e-06 4.56922291657e-06 6.7749210883e-06 9.33628762881e-06 1.21999904926e-05 1.53158305064e-05 1.86367114456e-05 2.21111921524e-05 2.56855946459e-05 2.44579965083e-07 9.06471508394e-07 2.02890909299e-06 3.61462966302e-06 5.62511910684e-06 8.01434058345e-06 1.07326413279e-05 1.37291930781e-05 1.69546410109e-05 2.03580381907e-05 2.38883298404e-05 2.74949773692e-05 5.20240810921e-07 1.40923353759e-06 2.76595006036e-06 4.57068064987e-06 6.77681045605e-06 9.335524463e-06 1.21989299217e-05 1.53176340625e-05 1.86375691305e-05 2.21099294299e-05 2.56859956814e-05 2.44149594837e-07 9.06303301387e-07 2.02964815905e-06 3.61481415539e-06 5.62573437303e-06 8.01497030901e-06 1.07329003746e-05 1.37295937234e-05 1.69550595881e-05 2.03581275385e-05 2.38883278612e-05 2.74951393582e-05 5.22434085478e-07 1.40898467062e-06 2.76585109047e-06 4.56921210425e-06 6.77607761164e-06 9.33665499899e-06 1.22003162279e-05 1.53161772959e-05 1.86369587473e-05 2.21105450438e-05 2.56849116294e-05 2.33183993537e-07 9.06127411989e-07 2.02943652421e-06 3.61459093898e-06 5.62551070708e-06 8.01493751646e-06 1.07329741337e-05 1.37295261373e-05 1.69549758629e-05 2.03580927057e-05 2.38881900802e-05 2.74951980349e-05 0 0 0 0 0 0 0 0 0 0 0 0 0 0 0 0 0 0 0 0 0 2.92157181284e-05 2.91943349233e-05 2.91960491008e-05 2.92105434758e-05 2.91864944503e-05 2.9236588469e-05 2.92371043172e-05 2.92520119069e-05 2.91903303242e-05 2.92530818531e-05 2.92574402718e-05 2.925623933e-05 2.91916119626e-05 2.91867390778e-05 2.92390437962e-05 2.92394938549e-05 2.91870331013e-05 2.92036258912e-05 2.91865512794e-05 2.92027839509e-05 2.91860219444e-05 1.7229906301e-06 6.28640683571e-07 2.36551846178e-05 7.75442995879e-06 2.01806717733e-05 3.31858499705e-06 5.34604815498e-06 1.35101738531e-05 1.6756342874e-05 1.04928508943e-05 2.64481406485e-05 1.27079527588e-07 9.03344638727e-09 7.80490080756e-08 2.62273871749e-07 9.08143072085e-08 2.78057931967e-07 2.78446889326e-05 2.78156091945e-05 2.60247855721e-05 2.78521072344e-05 2.60332784512e-05 9.35183634162e-07 5.07230722812e-07 3.37060412998e-07 2.15774292462e-06 1.47895515246e-06 1.11575145098e-06 3.86179672884e-06 2.95402472251e-06 2.46281982666e-06 5.98397652978e-06 4.87333553842e-06 4.28215687558e-06 8.47396071973e-06 7.18641040806e-06 6.50581769419e-06 1.12814856166e-05 9.84122070089e-06 9.08555771948e-06 1.43561034043e-05 1.27881171168e-05 1.1969834381e-05 1.76462072352e-05 1.59772693561e-05 1.51078351872e-05 2.11014093308e-05 1.93562901559e-05 1.84500869258e-05 2.46332465727e-05 2.28373800745e-05 2.19051904885e-05 2.50469792588e-05 5.05485995514e-07 9.33695389081e-07 1.47898494104e-06 2.15781534465e-06 2.9540854406e-06 3.86136616399e-06 4.87326396125e-06 5.98350013674e-06 7.18559756422e-06 8.47453161444e-06 9.8418280654e-06 1.12821296592e-05 1.27889224009e-05 1.43553792675e-05 1.59766713179e-05 1.76458349226e-05 1.93561325869e-05 2.11017270268e-05 2.28370265901e-05 2.46321935266e-05 6.28894781502e-07 1.7232763141e-06 2.36551406104e-05 7.75509027324e-06 2.01806166541e-05 5.34655775281e-06 3.31894012362e-06 1.67566007266e-05 1.35105426817e-05 1.04932872849e-05 2.6448192426e-05 1.28052010559e-07 8.02005104529e-08 1.01806296136e-08 2.61788743318e-07 8.88089051409e-08 2.78954994301e-07 2.78158989064e-05 2.78447706732e-05 2.60249069447e-05 2.78523658229e-05 2.60331812552e-05 5.07162824003e-07 9.35018669215e-07 3.37016649704e-07 1.4794033306e-06 2.15825465199e-06 1.11455846638e-06 2.95433835329e-06 3.86221716013e-06 2.46475915846e-06 4.87412926122e-06 5.98436349275e-06 4.28202436825e-06 7.18693703325e-06 8.47455662941e-06 6.5057387792e-06 9.8416867884e-06 1.12819167759e-05 9.08605332964e-06 1.27885173768e-05 1.43564825725e-05 1.1970228521e-05 1.59776012982e-05 1.76465395102e-05 1.51081729348e-05 1.93565008403e-05 2.11012969235e-05 1.84502324698e-05 2.28373149345e-05 2.46332832695e-05 2.1906235762e-05 2.50473244526e-05 9.33410452381e-07 5.0574981735e-07 2.15817090489e-06 1.47929946625e-06 3.86152642355e-06 2.95442536633e-06 5.98415575411e-06 4.87345956293e-06 8.47504816092e-06 7.18629724646e-06 1.12825015924e-05 9.84222429576e-06 1.43557312188e-05 1.27892752628e-05 1.76460917383e-05 1.59769993875e-05 2.1101810587e-05 1.935614979e-05 2.46320119352e-05 2.28368333046e-05 2.06255723958e-06 9.54419211918e-07 2.38192992739e-05 2.03690273654e-05 5.65500006764e-06 3.64835797141e-06 8.04169995729e-06 1.0757014177e-05 1.69692507358e-05 1.37484475376e-05 2.65920739859e-05 3.76120063204e-07 1.70765351885e-07 1.70840089311e-07 4.50880955497e-07 1.68413254166e-07 4.51861517375e-07 2.79508752126e-05 2.79513426816e-05 2.61398220157e-05 2.79508730628e-05 2.61402279247e-05 7.26344607662e-07 1.17687171353e-06 6.34634142302e-07 1.72927814149e-06 2.40902341414e-06 1.45255028869e-06 3.20236454749e-06 4.10404626846e-06 2.79953601867e-06 5.10889415539e-06 6.21134922114e-06 4.60152247162e-06 7.40596306142e-06 8.68443978187e-06 6.80508234521e-06 1.0043546575e-05 1.14740335703e-05 9.35998869867e-06 1.29718349522e-05 1.45298464458e-05 1.22195662901e-05 1.61420240259e-05 1.78012013513e-05 1.53344160192e-05 1.95024556446e-05 2.12378599879e-05 1.86501785786e-05 2.29646908226e-05 2.47510414388e-05 2.20810818412e-05 2.52017453784e-05 1.17727402676e-06 7.25521435693e-07 2.40933205877e-06 1.72992334118e-06 4.1042772103e-06 3.20246143161e-06 6.21160692594e-06 5.10935221398e-06 8.68470758048e-06 7.40625340179e-06 1.14742679134e-05 1.00437747667e-05 1.45300519863e-05 1.29720444008e-05 1.78013777824e-05 1.61422204512e-05 2.12377224652e-05 1.95027372296e-05 2.47510491078e-05 2.29646197128e-05 9.54531125546e-07 2.06249059088e-06 2.38188984539e-05 5.65709617349e-06 2.03695818962e-05 3.64859809015e-06 8.04160700164e-06 1.69704527505e-05 1.07548354487e-05 1.37481854068e-05 2.65925860966e-05 3.77539100465e-07 1.68522173691e-07 1.70693178873e-07 4.5142857885e-07 1.70740471196e-07 4.51773030084e-07 2.79514885849e-05 2.79507182203e-05 2.61398891858e-05 2.79511509844e-05 2.61399558258e-05 1.17683027302e-06 7.25565593462e-07 6.35238397686e-07 2.40906809292e-06 1.72925090968e-06 1.45249148034e-06 4.10379902529e-06 3.20254458377e-06 2.79948146805e-06 6.21123477065e-06 5.10931009963e-06 4.60105773837e-06 8.68487432841e-06 7.40541786881e-06 6.80399385134e-06 1.14741528105e-05 1.0043421817e-05 9.36108743858e-06 1.45292883394e-05 1.29723318305e-05 1.22206256912e-05 1.78011625745e-05 1.61419662204e-05 1.53325684997e-05 2.12384003985e-05 1.95023700173e-05 1.86494265747e-05 2.47505824754e-05 2.29649452413e-05 2.20821269355e-05 2.52009313925e-05 7.26326892286e-07 1.17716777774e-06 1.72976072397e-06 2.40925420896e-06 3.20249902424e-06 4.1037502581e-06 5.10935543232e-06 6.21167438463e-06 7.40574960631e-06 8.68505538703e-06 1.00436035125e-05 1.14743212176e-05 1.29724978498e-05 1.45294573772e-05 1.61421387342e-05 1.78013122548e-05 1.95025334282e-05 2.12382029015e-05 2.29649218063e-05 2.47504107353e-05 6.72314248133e-07 1.15738933717e-06 7.41011037474e-07 1.22771048311e-06 7.40999479578e-07 7.42445274421e-07 1.22777130408e-06 7.42437150903e-07 2.36990050394e-05 2.19543053938e-05 2.36997155134e-05 2.19534481422e-05 2.36616313023e-05 2.19144389737e-05 2.36987663104e-05 2.36999196127e-05 2.19542712943e-05 2.19541682713e-05 2.01915426505e-05 2.0233170146e-05 1.83319439589e-06 1.22810940992e-06 1.22660503826e-06 1.83314397915e-06 1.85058757161e-05 1.85064810577e-05 2.02333617273e-05 1.85063547851e-05 1.85057973607e-05 2.02332029161e-05 2.02330847995e-05 1.68171905056e-05 1.84625482043e-05 1.68170448415e-05 4.3809887195e-06 3.42134688111e-06 4.31612120875e-06 4.38001263203e-06 5.44133259776e-06 3.35528737468e-06 4.3799689476e-06 3.42137129711e-06 3.42175246027e-06 3.421794944e-06 1.76374857653e-06 2.5701515695e-06 2.57002473553e-06 2.50248147655e-06 1.83257214625e-06 1.83257326104e-06 5.44067888334e-06 5.37844945208e-06 2.57005097592e-06 4.38052057894e-06 2.57009063131e-06 5.44034197699e-06 5.44113101782e-06 6.535974252e-06 6.5957218628e-06 1.05703475266e-05 9.16819304961e-06 1.05167051279e-05 9.11146613498e-06 1.0571266063e-05 1.20428554462e-05 1.19913541704e-05 6.59705364991e-06 6.59633529272e-06 7.84108510956e-06 1.05705449647e-05 9.16840889791e-06 1.05715078634e-05 7.84070835699e-06 7.78252911061e-06 9.16759958292e-06 9.16734935334e-06 6.59666339804e-06 7.84113995391e-06 7.84087287561e-06 1.20440671647e-05 1.35797752669e-05 1.35798323285e-05 1.35296250389e-05 1.35795845405e-05 1.20438863381e-05 1.35796568602e-05 1.51726631476e-05 1.51254246639e-05 1.51724948607e-05 1.681809802e-05 1.51736054961e-05 1.51734308284e-05 1.68179489479e-05 1.6771659272e-05 1.20430670854e-05 3.79015269191e-07 4.54859071002e-07 4.38824221518e-07 2.50874313095e-05 2.50520777302e-05 2.50839112525e-05 2.50929475228e-05 2.78181262479e-05 2.78202576894e-05 2.78220256762e-05 3.7887372191e-08 3.96232686074e-08 3.77563890417e-08 1.66008956703e-07 4.38299974499e-07 4.54127627941e-07 2.64816521789e-05 2.64819433674e-05 2.50928341852e-05 2.78723165193e-05 2.78360611812e-05 2.78860078088e-05 1.19552169134e-07 1.06968341536e-07 6.91676539902e-08 2.64512342112e-05 2.64895186977e-05 2.64895208242e-05 2.20557377805e-07 2.21191933455e-07 2.33194651412e-07 2.35903934384e-07 2.78695112726e-05 2.7890117878e-05 1.22089046211e-07 1.03152888845e-07 2.78174704596e-05 2.78241563914e-05 4.6736222242e-08 3.23039301767e-08 1.73106754364e-07 2.74343610485e-05 1.6919230442e-07 2.74305067264e-05</DataArray>
        <DataArray type="Float64" Name="NodalVonMises" format="ascii">37719.6659323 37782.0426403 37602.6504434 37909.007486 975.210451916 889.848097045 909.764198737 893.78396319 8758.64091543 18563.0192372 18323.2408546 31901.8869411 31768.9062459 32303.3615173 8692.02351418 18580.5778918 18391.9521129 32043.438124 32401.4966509 31882.0362556 2784.66737824 1903.99081842 1830.32334213 1174.2319287 1114.30193941 896.162845193 2812.83396412 1868.0258318 1895.92909072 1114.95464312 834.462983726 998.064582058 45311.1784311 39816.95654 36200.9237569 31765.3800869 28050.6074668 23990.1771588 19999.2303852 16075.6525025 11814.8091819 8231.99760419 3870.59743727 42900.6032014 41493.1405478 38007.4503314 33987.9845098 29940.2795857 26016.7924238 22010.0196944 18035.2007481 13972.4034182 10006.7696891 6187.98896609 2094.80115401 43137.5852888 39823.4935326 36185.0283629 31889.968109 27974.3209794 24014.6692344 20018.335881 16001.9661729 11900.3233838 8143.78934194 4299.52379087 43545.8384487 41708.5434127 37991.8257092 34058.1109814 29948.8941581 26012.5161554 21990.1913185 18023.6983762 13992.5489105 10009.0781522 6175.38031869 2220.99318411 43115.4991952 40208.9019537 35767.8834285 32026.5632756 28095.4253293 23961.0171297 19994.1894038 16090.5903585 11873.8230495 7941.40049249 4188.99042405 43502.9560949 41802.7237411 37992.2995696 33914.4967233 30062.253232 26003.8853222 21998.6704666 18038.1438843 14007.8817762 9952.69968444 6020.45561619 2136.74133246 45162.9870937 40199.819298 35773.8394633 31979.9791323 28195.8582716 23961.3001752 20012.3262877 16016.6419802 11971.8393767 7882.29301352 3913.89149625 42720.0693381 41630.9325871 38005.3433673 33932.9425573 30069.7114416 26052.2565825 21971.243946 18026.8143227 14029.5024343 9933.53772757 6055.99404413 2145.25424018 14871.663286 8308.06146597 7230.04611746 13390.6989708 20514.5751894 6097.03645071 17950.2488907 8253.411362 25740.9026098 21604.9659541 26304.4776038 22053.5255546 8704.83784401 21288.7235466 6199.77276817 18918.5523285 2339.55437487 10207.5539537 3472.13203341 8630.18057719 1774.52713235 2217.19760088 2483.56713467 2459.38848766 2326.98943488 2529.26521394 1712.66564094 1920.46096907 1490.4522586 2379.90032596 1708.02914409 1584.0530352 1429.53951804 2434.49393938 2502.04399292 1632.24748333 1853.34370765 2383.31424987 2435.94304365 2288.95834633 2646.62649454 2284.03077698 3245.10327635 3100.44505654 3255.88307609 3290.11704706 3446.98980537 3141.07147936 3362.59069715 3232.66860797 3243.83120607 3282.607158 3174.27606155 5325.59255465 3490.01842132 19551.7784216 20765.9890273 21393.9143198 24992.116429 1964.88411 3024.55181764 2767.68329349 2024.56136652 2774.89135983 20336.3237353 21657.3763102 3080.26098714 18253.9643339 19922.8112909 3181.49543456 16138.623186 18052.4859376 3217.09856294 14240.841269 15970.1404874 3266.15180969 12289.5440613 14041.4350422 3364.55666657 10275.8821748 12109.9933245 3318.0069548 8308.08507448 10163.4226024 3276.9196851 6386.28376625 8164.81003803 3312.48743517 4608.68397943 6159.08780724 3378.99141239 2832.69900832 4422.02021024 3340.38112302 3214.83426164 21537.7271292 20124.8883608 19925.165651 18253.4948294 18018.0645159 16163.714923 16014.5071034 14244.2523579 14098.8267541 12225.8146334 12062.6072239 10263.0199694 10081.0802897 8287.80260987 8240.01920051 6393.21627801 6203.61245135 4636.26619301 4396.08855846 2899.53001554 3188.50925006 3000.37143224 3306.35885898 3223.947768 3284.96228162 3383.93466525 3352.75474815 3189.34436004 3223.70471694 3258.86891858 3271.15555767 5597.60640049 19019.7477933 3334.05643819 22643.9837681 21933.6253476 23166.1924651 3161.08538 2210.25237514 2823.94447686 1955.5824525 2833.05339417 21608.0262287 20313.11518 3075.83109173 20114.2099502 18061.5602479 3164.70826857 17941.5614773 16205.8842533 3167.02596817 15994.9573423 14242.4734276 3403.99808242 14052.7916506 12253.741291 3302.33849712 12092.5958522 10267.4989012 3246.7183644 10160.31413 8311.28812184 3262.54317296 8179.46905492 6410.25742555 3289.45245444 6239.33572395 4561.80020644 3240.9278752 4386.63490855 2976.92096542 3280.70390239 3355.97988896 20137.6208004 21377.2020205 18074.4363657 20125.5986297 16263.7130706 17974.6180234 14275.8333388 16058.0891304 12124.4125042 14073.0978102 10250.7805335 12036.0236309 8296.10899126 10078.219385 6432.53753774 8258.5039645 4604.53308225 6262.26120828 2884.3565696 4331.74886421 38012.383301 42116.9712132 6257.5147931 10254.7977083 29641.5279648 33822.0163835 25976.9472958 22662.6984362 13733.2353678 18065.1818988 3158.44506256 48006.7228128 41992.1267856 43255.7493212 46297.0739477 43477.3757109 44531.3493293 1872.43527549 2100.74987418 3429.39001265 1810.94597631 3687.4721463 43084.7117802 40831.6399272 43552.9676874 39023.4624881 36970.218367 39727.706907 35234.626868 32699.6096581 36217.5136168 31155.1761308 28807.0717082 31908.3974926 27039.7400092 24944.6789389 27934.6028651 23224.0346635 20895.7025404 23972.9036533 19334.8180372 16792.3984183 20285.1584827 15103.8617243 12788.1008824 15887.2795342 11175.6255987 8855.46223197 12151.1760016 7309.34704749 4891.90383072 8184.74764293 4401.35843001 40891.670399 42762.6685483 36851.4384427 39112.6475141 32685.212711 35132.471995 28846.1415753 31169.2131168 24921.1758458 27060.2165114 20886.7013442 23202.6254196 16803.3313286 19334.4205231 12802.9503988 15111.9057522 8834.15123536 11262.107778 4914.66454512 7305.32377357 42058.1673044 38006.9479906 6311.14203418 30448.1343128 10285.1487957 34183.9514376 25870.8933106 14573.7756634 21423.3432785 18102.4712627 3528.74185595 48561.1439659 43578.123026 42092.0459516 44395.5102849 43375.4017459 46303.0458787 2076.22613884 1884.37421221 3748.14403677 1860.81692282 3680.25457008 40815.9645108 42869.0921204 43493.5550171 36962.9676374 39019.8688166 39711.6269947 32868.3196621 35173.6304 36190.2222165 28837.2051399 31160.0643922 32044.2550798 24688.5624854 27356.7233754 28176.3205754 20698.6247981 23093.6264955 23747.9910496 16971.2770829 19106.7786665 19816.8847439 12869.5856735 15312.6203135 16390.9515423 8817.37376294 11149.603976 12041.2281872 5034.28461927 7236.08136775 8031.26465879 4746.24743906 42944.5491088 40863.0144462 39119.70979 36858.3942498 35080.9632666 32920.046458 31223.5447776 28841.2405024 27281.5995246 24616.1520569 23080.306803 20692.7736462 19104.648114 16978.0481773 15326.1150339 12893.2476395 11251.2433766 8772.87922125 7294.74816334 5068.98002604 3057.3130334 2609.79856574 20989.9869352 20622.5879247 21151.9769493 21387.2839877 20627.938326 21151.095619 3799.70844222 4204.16893131 3648.30510768 4184.48453399 1877.8198577 1901.75937725 3555.45607431 3798.10614423 4925.27913274 4844.4569463 1881.01163452 5434.72739733 19093.932249 19698.1227805 19490.2006034 19119.84374 6091.38118858 6015.72945251 5552.0144004 5956.93280132 6045.8408825 5485.67652098 5403.9240073 7135.23866389 1888.58346118 7136.65160423 16435.7522576 16995.433867 1848.83048148 15938.5426736 15423.5206958 2862.68052058 15814.3636137 17046.8850692 17299.649351 17149.8377514 1875.97732031 18635.755556 18624.7255908 2472.97295974 19116.3674697 19118.3367091 14977.2468606 1907.94843145 17557.6400279 15658.1175713 17525.4598205 14916.7216678 15318.0336519 1816.42254862 13876.8876244 10834.1336611 12470.6204972 1963.84082469 1876.42675795 11590.4285503 9865.30991981 1916.77648451 14512.0866214 14568.4085576 12958.3012211 10822.3206864 12432.9792289 11577.7206503 13135.3268839 2927.2081371 11914.0419768 11950.6878095 14425.2191181 13118.0759272 13153.7207165 10543.0839939 9277.68761586 9251.82894478 1955.74655944 9277.22413821 10546.0961682 9251.20404268 7918.07359057 1841.60002767 7913.96301721 7576.91474545 8456.80941445 8457.58097634 7556.55794547 2850.81308265 9862.751082 3286.83872727 22659.8590318 20385.2140568 2905.7131131 1902.82459627 3191.2328177 3409.11645274 2502.26053195 2687.5933728 2650.71598996 6649.09554118 8063.46157498 4476.55005536 4016.83647101 20372.0631227 22936.0323762 2553.66209054 2713.35496099 3289.51883707 2074.29873451 2093.849847 2027.22663503 31094.3838329 28370.4257748 17852.8799031 1915.13672767 2538.70551501 2532.20893493 22509.0449956 22701.8750176 24420.8808634 25039.2496647 2070.96985817 1815.35000825 32212.5460436 28024.6050743 2620.00452222 2512.76145393 9748.0601143 4553.70029604 31108.9590583 1995.41085944 30527.7544792 2016.27018981</DataArray>
        <DataArray type="Float64" Name="NodalStressTrace" format="ascii">81412.8822115 -87565.4469369 88317.5895 -81475.0766822 54.881239574 22.7102679827 55.327159654 -13.214625668 425.001766006 -51853.8175705 51559.451815 92797.6508152 94754.4289264 95491.0346606 -853.54356527 -52295.9698782 51554.1837144 -92945.6592929 -95696.5207691 -94538.5617867 -58.4306967174 265.291337417 -454.684731052 -255.504962633 -267.404240207 -145.569711674 -22.3471517603 423.956345067 -293.992073426 334.897627728 273.814889275 478.86659788 -40720.5815596 -39974.0262355 -36077.7777368 -31950.2763605 -27968.6211143 -24012.2222663 -20059.8875806 -16017.5092699 -11980.6751547 -8071.67765059 -3861.96755484 -55033.0336284 -41580.1006407 -37982.4327769 -34110.6615283 -30190.9054671 -25995.0409154 -21799.1584955 -18010.1619163 -14231.4607379 -9968.17299904 -5822.74933897 -1808.7910506 41919.4398122 39895.6212971 35968.7565659 31959.7063641 28094.137491 23951.1909005 19953.1991912 16041.2570301 11935.7444459 8033.60623701 4224.20341823 46217.3252586 42096.6874375 37974.0400948 33772.7412162 29997.0134794 26043.1618149 22172.821544 18031.4524082 13836.7190031 9998.78659752 5928.13152436 1843.9800425 -41954.2257309 -39899.6760662 -36013.6753275 -31931.9691091 -27973.0909163 -23995.1209829 -20054.209804 -16032.5155101 -12017.445635 -8075.24928165 -4130.66536196 -46650.5808738 -41826.151584 -37972.4185634 -34150.5334184 -29999.6008068 -25972.4275343 -21778.775183 -18014.4387629 -14268.4905463 -10099.6545782 -6141.95310728 -2094.79876675 40341.8728143 40000.7585626 35945.4326973 31977.318713 28065.2206178 23893.44148 19947.5795872 16054.863103 12029.6973929 8008.60782085 4074.97941148 55491.5021324 41306.1989578 37991.3422979 33964.9313701 29808.3885985 25850.2342053 22153.7890523 18034.372733 13861.0108344 10300.6013768 6169.35992356 1970.45888324 36664.9281291 19351.3133317 -21560.4736107 -33330.6395916 53778.1547894 12232.9466428 53389.9447862 -20261.3954843 -60992.3258184 -64252.9000524 63310.8519517 65777.5002225 21546.4589165 -55176.4190789 -12737.6345431 -56148.787438 -4921.66171419 28527.7218815 9662.36793869 -27456.0281975 2981.86201601 -1283.54049861 -505.982250915 1163.44832423 1159.7703758 -548.638457891 -743.082346847 -1474.48991636 742.258252193 818.643590435 1134.2694808 -1171.29806023 -712.094273445 -990.457158295 777.36276326 900.223919745 1428.57494868 968.073260761 -1315.79474247 -408.872932847 1695.41530245 414.312012953 1.52229895349 -265.61769819 12.5243242325 -20.8712735523 -3.21597553207 71.7180094565 207.802506077 -25.9376982064 248.741563524 -263.782708337 -271.628120724 -1646.22688066 543.265319289 29897.8549732 18835.4960236 -33586.3979319 -19258.523407 402.846120594 -142.999892122 1966.63554309 -708.75912783 -2019.39982441 -20445.0372223 -21070.4339174 -1632.68629398 -18046.2040119 -19901.58146 -107.845251542 -16180.2446695 -17723.926171 26.4211545593 -14122.5799409 -15761.5547619 -54.1783271579 -12317.4891541 -13708.1026657 -42.5480764567 -10290.2837506 -11878.7433632 170.157819871 -8139.03808141 -9944.48363054 88.3679999427 -6195.45135958 -7720.13234741 20.9142053171 -4123.23831072 -5868.6256096 -35.8016629946 -2277.15815248 -3809.96607556 -18.2379731621 -237.671103972 21621.1383913 20116.7840411 19924.0767922 18044.8532021 17733.2716254 16281.9794605 15918.0023274 14269.8318426 13936.1674722 12055.5471605 11727.9400623 10004.8435493 9755.40799862 8214.24685153 7995.78964855 6223.54295019 5896.40312074 4079.3829824 3857.4611313 2263.97753065 -49.9818748758 -6.7529799138 60.6703865447 -109.74405569 35.4289931054 223.134827324 298.30418677 237.092659815 -24.8192640463 -261.443002251 10.553305728 -3922.44759652 30349.9666488 -3609.28784338 16447.3267665 -32981.0673499 -21121.7513888 -2.9247639775 598.004010811 2067.79928493 -548.518147286 -2086.51165635 -21784.3643434 -19883.1464405 -1120.35317891 -19892.2753623 -18135.2074365 -110.981492344 -17897.4934825 -16042.3821569 -76.9089355937 -15700.3405098 -14078.9257649 -123.232207064 -13737.4150269 -12316.1772182 29.8960530734 -11853.978313 -10283.6928688 287.691197543 -9942.59988789 -8150.07594703 95.8453766251 -7734.45645989 -6227.98001853 14.8228650743 -5883.56676562 -4199.31609903 -172.818334235 -3994.53451953 -2197.72094605 -124.344419942 -315.96352857 19974.7467198 20890.0782344 18153.0207143 19826.4989592 16298.6585093 17995.016882 14227.649764 15889.3902035 12024.3413614 13780.4478476 10001.6740036 11688.5871956 8228.57066693 9750.35129059 6266.60684064 8014.56508662 4298.84458191 5844.59121966 2333.13274412 3912.78747704 -38003.8122219 -42262.6436561 -5982.27345936 -10116.5374461 -29733.7014832 -33802.6825376 -25991.2296537 -22456.1818198 -13760.7655831 -18023.4299442 -3169.24588376 -42851.7992052 -55949.7512273 -55114.0065607 -43313.3110477 -56313.2447438 -43766.3818027 -2142.0018893 -2395.25837488 -3427.82703874 -1913.07569025 -3549.89322374 -42109.5325617 -41032.8112651 -44012.4866853 -38960.0404885 -37046.8829818 -39377.8651902 -35041.5277641 -32781.4670211 -36423.9495045 -31176.0650891 -28841.1240266 -32112.8392716 -26857.1630168 -25146.2549674 -28490.5114871 -23098.302199 -20871.5821121 -23381.5631273 -19414.9315974 -16763.9656195 -19464.5864522 -14950.1639227 -12825.684969 -16293.2462 -11192.8228322 -8861.57223739 -11922.2320467 -7273.42751253 -5006.22017396 -7677.32341648 -4808.87119189 -40993.7605026 -43708.7192428 -37161.7216074 -38834.6865099 -32591.8605115 -35091.3666515 -28950.1733768 -31166.5548416 -25121.2163337 -26867.1311782 -20877.9240498 -23080.818855 -16777.1132121 -19408.4314108 -12880.372515 -14958.0274186 -8824.58239701 -11196.1542283 -4848.60638984 -7299.90154262 42201.554067 38009.5814921 6100.49440793 30267.5121981 10070.3680948 34150.7228721 25892.1813965 14427.6355199 21470.0709411 18043.4922135 3506.19067747 40228.4689114 56822.597948 56562.8529012 43550.3838631 55124.6788084 42644.0610359 2298.0598138 1856.43447584 3614.19948442 2025.03991057 3761.87360773 40922.3048026 43639.6208778 43300.7217001 37049.0700409 38990.3670383 39320.0132403 33039.6386234 34978.0449778 36363.1067232 28824.4124267 31045.2461597 31418.0208376 24585.8050134 27423.8590884 27958.8690228 20726.6916285 23109.5351277 24457.8360223 17105.1894017 18952.319253 20336.2756326 12895.7847279 15302.8069763 15848.2044382 8746.06081365 11139.2004485 11482.9123008 5035.27382238 7194.93315065 8075.07874306 4310.93455981 42152.164295 41011.3664653 38841.7724905 37177.0143556 34981.5506844 32971.6589677 31183.0092959 28773.4199006 27370.9047621 24595.3360712 23097.2497961 20721.5116305 18949.9810791 17113.4230168 15314.6669909 12922.9715676 11205.7957455 8692.49370999 7178.52064726 5060.41851918 -187.834674636 -80.5220142953 21067.4167995 20330.1817962 21316.3652577 -21618.5488414 -20380.8571388 -21137.4203215 3286.93960691 4048.48121917 -2791.37644729 -3742.645873 10.1421192813 58.2368846663 2683.28439758 -3035.83837749 4203.68421163 -4061.92968249 67.9290074302 4968.48665671 -19002.0998588 -20147.1189267 19963.10089 19025.9086892 5932.05348318 -6107.67231381 -5377.4361526 -5946.30873417 5764.51331656 4965.43870158 -4981.88447989 -6896.96071257 -371.176483017 -6879.04198792 -16220.0666347 -16856.178802 -364.852959417 15798.7877569 15272.9988224 595.771187655 15794.5636302 -16932.9770206 17378.3068997 17077.5156022 -10.3083834409 18028.8926317 -18045.4530575 62.3062449473 19008.7635582 -19023.0300481 -14697.6151034 401.486668038 -17653.4517361 -16007.9890265 17524.7196129 -14741.828367 15292.3323236 -288.826280616 13856.5308563 10431.1774882 12273.6088976 -771.705081123 288.249927491 -11521.6019874 -9683.9685744 271.914800143 -14166.3015805 14001.2040084 12709.6844531 10416.8995909 12188.130547 -11510.666248 12980.1507027 23.5816025799 -11718.5776805 -11811.2482005 -14229.4613753 -12970.3533365 -13027.8749039 10351.5417571 -9085.64662184 9006.4932424 -106.445600631 -9082.57686415 10358.7564244 9004.82045063 7739.71142258 -486.574393789 7726.26031634 7494.16073827 -8101.05771919 -8076.37869254 7456.64791813 1065.33121098 -9675.10424607 -1192.64223791 -22808.2758599 21122.0414122 2018.95096531 -184.258071804 2085.59970561 -2416.53075334 -118.38551458 202.2498107 -186.790400695 -10568.4470329 10323.9518062 5385.47517511 -2043.85667048 19994.5680495 -23228.0313376 1479.40642113 1655.86867141 -2655.82043385 -1246.74603717 -580.119542807 -1246.22751008 -35762.9227636 -30543.4603584 -18190.0108293 417.125035854 -1142.83533842 -1315.86099004 23223.615347 20679.6619505 -25848.574004 -24209.9482208 819.626281394 1210.72473613 34185.2453603 27572.0929832 -139.300193489 -116.241941325 -11443.0910742 4952.10225257 34923.1560663 1383.71607388 -33386.7918521 -1348.72227322</DataArray>
        <DataArray type="Float64" Name="NodalPrincipalStress" NumberOfComponents="3" format="ascii">12487.7291018 16861.8335331 52063.3195766 -54043.0763734 -19840.777835 -13681.5927285 14014.6912005 20127.4876074 54175.4106921 -52204.1319081 -16938.182536 -12332.7622382 -509.254671973 -45.7282749375 609.864186484 -514.903864426 37.8169121727 499.797220236 -477.296389952 -30.6270528986 563.250602505 -527.932395359 13.4533572789 501.264412412 -4893.20056527 98.0773306169 5220.12500066 -29620.983077 -11966.2655932 -10266.5689003 10294.2944811 11898.3350342 29366.8222997 19220.1142137 21414.8424958 52162.6941057 20147.2133567 21866.4066753 52740.8088944 20117.2458901 22036.392614 53337.3961565 -5346.05538817 -196.971591985 4689.48341489 -29783.4995098 -12068.3007411 -10444.1696273 10248.0556567 11897.1193187 29409.008739 -52304.407181 -21448.9982984 -19192.2538136 -53470.724841 -22083.8124852 -20141.9834429 -52741.1036931 -21816.5911816 -19980.8669121 -1635.13230818 1.05375518351 1575.64785628 -977.464984175 24.4745855537 1218.28173604 -1238.79946454 -87.661138422 871.775871912 -668.575315686 -240.628399031 653.698752083 -702.39716293 -145.575860251 580.568782975 -517.766132877 -134.153165187 506.349586391 -1631.2394751 -3.0811305131 1611.97345385 -900.024371497 70.4864861547 1253.49423041 -1227.93064373 -23.5614981479 957.500068455 -587.447918697 245.035748628 677.309797797 -404.348274447 120.266195474 557.896968248 -432.184241745 192.147069186 718.903770439 -43765.5592 876.911282482 2168.06635793 -39868.94803 -164.468042224 59.3898367146 -36159.540694 -66.4912003992 148.254157644 -31826.7493438 -141.315030781 17.788013993 -28022.9471943 -59.8864362086 114.212516148 -23997.1700122 -88.5235488358 73.4712947706 -20019.1357883 -91.0854021523 50.3336099267 -16055.897262 -51.1282619101 89.5162540449 -11869.0663377 -155.629297462 44.0204804403 -8177.11559101 -46.6301818332 152.068122255 -3864.05375056 -112.891358225 114.977553951 -46813.5472332 -6443.7123091 -1775.77408611 -41522.0686135 -78.3396645546 20.307637285 -37999.1097646 1.09116511612 15.5858226027 -34028.8739939 -50.7452312187 -31.0423032268 -30023.7466426 -130.935827464 -36.2229970735 -26009.541802 5.49100480973 9.0098817898 -21939.4068874 -14.5485772688 154.796969232 -18026.8536681 4.54111342164 12.1506384433 -14058.5744514 -136.788584255 -36.0977022837 -9993.9021957 8.46984996411 17.2593467023 -6066.21987973 109.924193718 133.546347042 -1997.1454191 30.8565510136 157.497817492 -738.061448063 -69.9176453628 42727.4189056 -70.0282285982 118.358380891 39847.2911448 -183.48978793 39.6778853936 36112.5684684 -58.6451196896 105.386707946 31912.9647758 -26.4694067534 106.583486382 28014.0234114 -98.1629705886 56.1723811324 23993.18149 -106.039971159 63.0830825517 19996.1560798 -65.084500193 91.7850743395 16014.556456 -60.5960199045 84.7254177216 11911.6150481 -114.908050278 42.2973751233 8106.21691217 -81.5225128614 32.4860869626 4273.23984412 293.740271831 1495.54414334 44428.0408435 88.765064838 170.037209578 41837.8851631 -6.78708288115 -5.0699739993 37985.8971517 -137.850601978 -52.3422374689 33962.9340557 -43.51632577 75.7145424935 29964.8152627 -1.97985319502 22.4160127958 26022.7256553 -25.4831716758 147.577150581 22050.7275651 -3.95926230981 9.13099377239 18026.2806767 -108.792012652 5.13731784633 13940.3736979 -9.20306783691 2.34536249302 10005.6443029 -117.061743777 -47.5753128459 6092.76858098 -174.43236135 -75.8146082321 2094.22701208 -42723.5158715 28.5648008393 740.725339773 -40105.5686438 4.64211807642 201.250459522 -35849.5441807 -178.41949856 14.2883517801 -31994.7643695 -46.1444580792 108.939718492 -28054.3450131 -45.8715117625 127.12560861 -23972.0087795 -93.2402934865 70.128090097 -20013.8855288 -90.3245096237 50.0002345009 -16070.8513312 -51.8032465993 90.1390677088 -11920.7777613 -139.44163447 42.7737608037 -7985.1050169 -124.21839524 34.0741304916 -4167.89836597 -45.7279075266 82.9609115426 -44538.6659927 -1822.17019779 -289.744683332 -41810.4941186 -48.1557609236 32.4982955231 -37985.6722041 2.91116407181 10.3424766757 -33993.1613134 -100.714622499 -56.6574825118 -30041.2288146 -44.1243325759 85.7523403661 -25993.399385 10.0333700341 10.9384806522 -21925.0313691 -13.4409058175 159.697091969 -18030.241238 3.78521591079 12.0172590997 -14094.5891279 -134.622464151 -39.2789542371 -10001.57809 -81.6042008542 -16.4722873347 -6060.84159596 -66.6595718016 -14.4519395175 -2121.3700115 -41.2085564478 67.7798011971 -2292.10386778 -906.209689785 43540.1863718 -186.227230838 53.9067753432 40133.0790181 -49.6241164988 164.358010826 35830.698803 -77.8608429038 76.326667559 31978.8528883 -118.006618289 31.1816257161 28152.0456103 -101.30058019 56.4336798974 23938.3083803 -106.489739015 63.8013467682 19990.2679795 -66.6588632347 92.6664209393 16028.8555453 -52.5808193205 91.714286046 11990.5639261 -31.4496721782 116.519981173 7923.53751185 -9.50789283872 118.050180595 3966.43712373 1990.460691 6653.85622903 46847.1852124 -165.136266405 -51.2749664848 41522.6101907 -6.14323140301 -3.1907575577 38000.6762868 -40.903798294 62.3081571915 33943.5270112 -130.130068798 -44.0235169364 29982.5421842 -92.6100586198 -42.0469925346 25984.8912564 -26.2496674087 148.293057226 22031.7456625 -3.85769992521 8.89889688322 18029.331536 -116.647585646 4.58174250505 13973.0766775 109.676522408 135.048778584 10055.8760758 12.7601565524 62.920966187 6093.67880082 -99.7924172779 -15.6103141513 2085.86161467 6436.2223929 8171.64476653 22057.0609697 3025.53504998 4437.81781948 11887.9604622 -11994.0360282 -5024.61646155 -4541.82112094 -19972.7493952 -7427.29535323 -5930.59484312 9870.53350349 12442.3507721 31465.2705138 1356.74808519 2822.98768679 8053.21087079 11319.673166 12320.7564891 29749.5151311 -12205.0340191 -4675.70665023 -3380.65481502 -37301.5878563 -13768.4699386 -9922.26802351 -35804.0936902 -14827.5923198 -13621.2140425 10449.3091603 14423.7841394 38437.7586521 13986.0464118 15179.4231283 36612.0306825 3640.02025786 4972.25974996 12934.1789087 -32446.6720395 -12708.667447 -10021.0795925 -8295.01957589 -2939.45412533 -1503.16084188 -31313.2287872 -12957.4124857 -11878.1461651 -3088.69199138 -1340.70325874 -492.266464066 5682.91574705 6568.2302453 16276.5758892 1904.66951079 2229.77721662 5527.92121128 -14905.0388139 -6336.0065071 -6214.98287645 167.950260038 709.567414317 2104.34434166 -1810.7708902 -180.051483933 707.28187552 -1604.88475364 -140.700770293 1239.60327301 -945.833330349 235.440709801 1873.84094477 -812.688390149 135.69600104 1836.76276491 -1687.48676453 -87.2404299094 1226.08873655 -1293.28372434 -118.791983601 668.993361091 -1663.23358697 -351.222546244 539.966216855 -530.039244337 104.03538545 1168.26211108 -1042.72726924 164.249831586 1697.12102809 -548.174943849 267.654719112 1414.78970554 -1333.4113442 -330.646549332 492.759833305 -1124.57946886 -92.9240308514 505.409226268 -1812.74307655 -159.453132223 981.739050479 -1121.68453208 140.541080115 1758.50621523 -559.96904412 154.424633199 1305.76833067 -535.101207895 368.014008496 1595.66214808 -938.99550251 120.395936706 1786.67282657 -1906.52365895 -300.70037682 891.429293301 -1489.69830093 -69.9745434991 1150.79991158 -836.499600935 339.28238175 2192.63252163 -1142.47098082 68.7065150609 1488.07647871 -1873.21745632 0.971390202397 1873.76836507 -1894.4233312 -43.7250334697 1672.53066648 -1873.1120076 5.19179319475 1880.44453864 -1904.3678617 -5.09826729427 1888.59485545 -1988.10690804 -6.68876530592 1991.57969781 -1787.9628338 27.5430885982 1832.13775466 -1831.1696274 -7.49021855975 2046.46235203 -1871.52158507 -10.3684884821 1855.95237534 -1765.49218783 39.0446074742 1975.18914388 -2036.19163536 25.0171183096 1747.39180871 -1944.78757819 -42.018345245 1715.17780272 -3666.14799102 -343.262640038 2363.1837504 -1644.71558758 -52.0891661297 2240.070073 2663.40726116 4275.61121779 22958.8364943 -1054.41309946 -214.213630185 20104.1227533 -25400.7528456 -5152.28321627 -3033.36187001 -22996.2996713 800.359649548 2937.41661473 -989.422215291 116.46755974 1275.80077614 -1810.38025379 -13.8132907428 1681.19365241 -516.740792646 7.86006771436 2475.51626802 -1473.17202904 -85.5217226226 849.93462383 -2495.79560584 -33.5399747024 509.935756132 -20372.1410762 -116.474050026 43.5779039396 -21460.3224651 22.885800115 367.002747598 -2461.89920437 -187.317751084 1016.53066148 -18184.4593738 1.88491393554 136.370447914 -19915.5308463 -51.2486552466 65.1980415156 -1887.10234264 -2.72389306435 1781.98098416 -16152.4275344 -46.8420220337 19.024886968 -17942.1744142 4.63043781109 213.617805472 -1844.48395862 4.33121749445 1866.57389568 -14201.0340747 -22.8814002037 101.335534003 -15900.2797387 0.363467624853 138.361509183 -1893.90125486 -34.3064895366 1874.02941724 -12298.5398813 -68.5299426771 49.5806699026 -13929.5920294 17.9327666279 203.55659703 -1892.31349224 -136.990884691 1986.75630047 -10280.2397422 -72.2245357174 62.1805273762 -12032.2261553 -8.69988465067 162.18267673 -1917.13171842 179.263338339 1908.02619995 -8250.15935511 -52.0393826694 163.160656375 -10089.4196283 -22.1907195597 167.126717312 -1923.00749652 157.219428362 1854.1560681 -6321.79996091 -8.05714148111 134.405742812 -8014.74499508 32.2724880774 262.340159587 -1835.90813045 -125.324596881 1982.14693265 -4442.0044748 12.7264730737 306.039691002 -6059.50815784 -27.8913476375 218.773895881 -1962.86303639 -9.2687677699 1936.33014117 -2628.79973083 -53.3198401709 404.961418519 -4208.59814583 -3.28500260034 401.917072866 -1943.77538612 14.8002562045 1910.73715675 -1933.81416413 -78.2534444116 1774.39650457 -148.428880984 205.494600628 21564.0726716 -101.305757402 96.4491711087 20121.6406274 -59.1682933164 58.6469952285 19924.5980903 -137.899276244 -0.933584791946 18183.6860631 -203.154214239 14.0744743459 17922.3513653 -61.5578595281 141.116843947 16202.4204761 -90.9608824103 26.8888937961 15982.074316 -41.0089867486 58.2511883556 14252.589641 -137.240777469 29.3600202693 14044.0482294 -134.273618583 21.3515511482 12168.4692279 -207.415894129 -14.7808803615 11950.1368368 -150.394387158 -21.0728289671 10176.3107654 -200.125950398 -15.9694016008 9971.50335061 -89.859688874 41.3847881834 8262.72175222 -186.781378684 25.6967297605 8156.87429747 -188.616207248 78.3072779935 6333.85187944 -210.141098374 7.59777088187 6098.94644823 -347.278865686 -17.933435635 4444.59528372 -360.782294267 10.1089726703 4208.13445289 -431.288087188 26.1854497152 2669.08016813 -1901.42219862 76.5021392048 1774.93818454 -1733.67171115 0.483288565967 1726.43544267 -1864.57054638 -25.2895874091 1950.53052033 -1917.64152069 10.3861689893 1797.51129601 -1877.6370434 4.55115386949 1908.51488264 -1839.93625875 0.445820029897 2062.62526604 -1800.85798873 32.4998417418 2066.66233376 -1732.3440632 24.8574595349 1944.57926348 -1865.86945006 -10.2115185425 1851.26170455 -2021.53090576 25.4104140236 1734.67748949 -1883.39462989 4.10573910451 1889.84219652 -4671.94494986 -853.479936299 1602.97728965 2895.73269602 4708.84303217 22745.3909207 -3099.73482396 -1058.40898372 548.855964296 -3183.55027175 -834.46846204 20465.3455003 -25575.4164894 -4571.94605906 -2833.7048015 -22466.5626759 226.001679256 1118.80960783 -1817.66257546 -16.7953145135 1831.533126 -996.755416726 52.2237918815 1542.53563566 -516.905513707 40.7896299613 2543.91516867 -1352.94942363 -94.5001362711 898.931412611 -2567.52187291 25.312539539 455.697677027 -21665.9295192 -196.784023829 78.349199575 -20169.6621216 92.5905746012 193.925106509 -2292.75608473 -17.2392266673 1189.64213249 -20039.7009528 -13.8557903666 161.281380898 -18085.645079 -104.989260399 55.4269029521 -1882.69285434 2.64578486619 1769.06557713 -17926.4049531 -68.6156111267 97.5270818039 -16151.0506929 -7.23514741119 115.903683438 -1856.44829646 -17.7602994556 1797.29966033 -15896.2941805 18.8493086797 177.104362032 -14187.548738 -7.13378878418 115.756761896 -1950.50985403 -148.361078768 1975.63872573 -13946.6195924 3.47937312403 205.725192358 -12274.2524641 -78.020675487 36.0959214219 -1881.05374232 -17.144151939 1928.09394733 -12012.3741831 -6.28397990388 164.679849943 -10272.4516894 -72.9161562817 61.674976863 -1839.17488973 224.2130134 1902.65307387 -10086.7229933 -22.4842403444 166.607345793 -8255.98806999 -54.2031649741 160.115287938 -1912.17635791 159.669122616 1848.35261192 -8029.33668607 33.7821285039 261.098097674 -6348.73997929 -5.85841081373 126.618371568 -1823.46443907 -129.43853387 1967.72583801 -6118.26831619 6.42808982504 228.273460747 -4436.15972287 -29.0393086319 265.882932467 -1916.84261541 -76.4788602108 1820.50314139 -4249.76121455 -28.7234951741 283.950190189 -2696.20979324 2.00891556858 496.479931622 -1949.16682732 -10.8431542352 1835.66556161 -2018.52168278 -152.982058249 1855.54021246 -99.3416535422 -9.13390714519 20083.2222805 -345.838023404 22.6771028312 21213.239155 -59.2483692087 112.133272271 18100.1358112 -186.540788734 -12.3247124905 20025.3644604 -63.1662598545 86.821184246 16275.0035849 -54.4130763738 68.3073863119 17981.1225721 -95.3821533025 63.7344672501 14259.29745 -133.606531384 21.5614549412 16001.4352799 -107.272633065 41.1483868828 12090.4656076 -192.210825909 -2.22586083427 13974.8845344 -146.658099719 -18.785478582 10167.1175819 -207.513055448 -23.2821504386 11919.3824015 -88.3530885908 43.8993266952 8273.02442883 -200.668320849 -16.8949914162 9967.91460286 -181.094127908 72.9973035046 6374.70366504 -185.311223465 24.4209043246 8175.45540576 -220.161054286 19.5216352241 4499.48400097 -223.534449048 -53.1605321836 6121.28620089 -391.161025707 39.9091754559 2684.38459437 -291.368852857 18.1224128828 4186.03391702 -38009.0287843 -105.451733373 110.668295788 -42164.6213692 -223.28459856 125.262311639 -6157.30380795 -110.204569991 285.234918578 -10205.4508751 -116.967515659 205.880944688 -29670.6222717 -220.854146529 157.774934975 -33814.4846172 -160.761768289 172.563847838 -25981.285224 -83.4759976799 73.5315680618 -22592.0836363 -113.965795362 249.867611819 -13740.2113996 -178.137988094 157.583804568 -18048.4904853 -175.370819258 200.431360347 -3149.56379022 -188.459056218 168.776962683 -46136.9051452 -356.381174987 3641.48711496 -46453.3667989 -7507.8581242 -1988.52630423 -47079.0795724 -6341.00707794 -1693.91991037 -45249.6399739 -213.399299539 2149.72822572 -47650.9277939 -6342.26261843 -2320.05433142 -44268.1465622 -336.7658517 838.530611209 -1960.96257448 -139.958816658 -41.0804981672 -2197.44618471 -152.860307454 -44.9518827144 -3424.13725804 -118.925810364 115.236029661 -1843.74652194 -81.4243819456 12.0952136336 -3640.65310207 -14.0934401346 104.853318467 -42758.2981478 109.513229342 539.252356767 -40898.5794274 -131.286213633 -2.94562413106 -43699.1832288 -677.675959256 364.372502693 -39002.0544015 -77.4866649605 119.500577956 -36995.4789959 -127.044281842 75.6402960086 -39610.8212227 18.170580851 214.785451668 -35170.0733993 -16.3727422693 144.918377422 -32726.5956506 -122.237529114 67.366158555 -36286.1690421 -141.430390896 3.64992847974 -31161.661961 -125.283574564 110.880446449 -28818.1586375 -87.1264336606 64.1610445966 -31975.913414 -189.15004312 52.2241854327 -26978.7654764 6.40020466682 115.20225493 -25011.7407345 -121.909767285 -12.6044655404 -28119.5323193 -273.769318124 -97.2098496333 -23181.8693007 -23.3339385715 106.901040188 -20887.1371768 -96.5975331509 112.152597922 -23775.4838608 125.292548509 268.628184932 -19360.8270887 -136.032450198 81.9279415584 -16782.1222676 -96.7357187322 114.892366807 -20011.3729473 204.782637458 342.00385761 -15051.976183 -48.2484648468 150.06072512 -12800.3374281 -60.2843374052 34.9367964767 -16021.5925689 -227.446584193 -44.2070469485 -11180.5135279 -95.4104221049 83.1011178135 -8856.33282213 -98.9757434855 93.7363282322 -12073.1693761 -59.0227587099 209.960088071 -7296.72336463 -56.7751079589 80.0709600568 -4923.42228938 -211.104181106 128.306296528 -8012.15191994 20.611565934 314.216937527 -4535.80223959 -209.181724313 -63.8872279842 -40925.4479549 -133.158251814 64.8457040982 -43077.7555038 -416.387101721 -214.576637293 -36954.799678 -151.63750622 -55.28442319 -39019.949556 51.0396279119 134.223418197 -32653.5977789 -89.1452967827 150.88256419 -35118.3518302 -103.523548515 130.508727199 -28880.5087494 -109.738008643 40.0733812434 -31168.0233115 -94.1715226651 95.6399925775 -24987.7445347 -116.557135141 -16.9146638793 -26995.7333495 7.88868643965 120.713484894 -20883.2533661 -101.555708203 106.885024576 -23161.7547401 -26.0316373885 106.967522523 -16793.789897 -97.8065414139 114.483226408 -19358.39946 -133.720887247 83.6889365114 -12828.4009448 -77.1953076768 25.2237374956 -15059.9410684 -49.6608963607 151.57454621 -8829.99567614 -88.6324722041 94.0457513278 -11239.3002499 -66.673934743 109.819956354 -4890.23963574 -79.8369587104 121.470204613 -7301.90741672 -101.800561821 103.806435929 -113.114014947 209.490474348 42105.1776076 -107.656926853 109.912132763 38007.3262862 -221.98343183 86.2333250023 6236.24451476 -254.77063168 136.009716589 30386.2731132 -292.359948381 156.073515779 10206.6545274 -146.487399617 124.980610515 34172.2296612 -187.252117295 203.286706618 25876.1468072 -230.626052645 135.861129078 14522.4004434 -142.399907787 175.038266713 21437.4325822 -98.2040678242 59.4703095178 18082.2259718 -177.37212849 173.79008891 3509.77271705 -5011.74118428 -358.397692605 45598.6077883 2534.17373128 6395.94672519 47892.4774915 2089.59145239 7757.04862975 46716.212819 -758.269001526 200.235899349 44108.4169653 1507.36539587 6470.17884775 47147.1345648 -2464.62770969 82.0229539552 45026.6657916 17.8779142606 131.99019236 2148.19170718 -67.933205843 51.2473565629 1873.12032512 -74.9509489515 -14.062210876 3703.21264425 8.25269398347 102.431746036 1914.35547055 -55.4949845181 112.540495607 3704.82809664 -29.2467601338 100.268105899 40851.2834568 112.196684845 402.023500299 43125.4006927 -581.904039139 460.401338839 43422.2244004 -75.0902647391 132.803407082 36991.3568986 -110.509804171 91.1209131382 39009.7559294 -237.00581786 -23.7442857691 39580.763344 -41.0831958871 155.591744234 32925.1300751 -98.9125390548 -31.4246757127 35108.3821925 -10.1401891708 125.534412148 36247.7125002 -103.693647454 95.5302090403 28832.5758651 -107.962123616 31.6701920483 31121.5380912 -312.406360304 -104.622043587 31835.0492415 -148.112902709 80.2258040895 24653.692112 -102.456102424 147.836809571 27378.4783812 -203.272205659 59.1400354942 28103.0011929 -72.4093825496 91.5945095486 20707.5065015 -92.2990960883 103.321176627 23098.5130472 180.018044202 293.371614979 23984.4463631 -9.49284008905 98.9743833876 17015.7078584 -99.9668130113 -2.86742049512 19055.1534866 123.853557124 222.600125868 19989.8219496 -79.6908767257 97.771418628 12877.704186 -95.1808561496 89.3476896135 15308.6401428 -242.578637023 -118.894352091 16209.6774273 -149.179829329 103.624849432 8791.61579355 -82.1557032255 75.9698797382 11145.386272 -310.716562543 -59.7187090894 11853.3475724 -89.3168709519 91.83484154 5032.7558518 -103.935582499 77.642902 7221.22583115 -90.5460214083 121.283436092 8044.34132837 -294.351312747 10.8406686881 4594.44520387 -447.765577797 -79.5460479818 42679.4759208 -60.5470702783 159.748017617 40912.165518 -135.855469383 -49.3881654103 39027.0161253 60.4123291629 152.059320541 36964.5427059 -134.230892274 68.2878724141 35047.4937043 -63.8929674076 98.5016881602 32937.0502469 -84.7678726768 57.9593144976 31209.8178541 -141.768021223 97.0882978101 28818.099624 -74.3914766282 134.360211236 27310.9360275 -130.682784187 117.504361773 24608.5144936 -93.6399726211 105.366871992 23085.5228967 -72.1841513455 91.815844438 20701.8799374 -99.8805967016 -3.09299622656 19052.954672 -8.85294036101 99.3080180526 17022.9679391 -95.8505441747 88.9226214135 15321.5949136 -83.8618333083 104.3656673 12902.4677336 -117.348551888 88.2561829327 11234.8881145 -106.925948231 54.2366256095 8745.18303261 -114.826927729 38.2133572253 7255.13421777 -84.6043884277 80.3155857625 5064.70732185 -1858.84441353 1.3342300385 1669.67550886 -1544.94747461 -0.93446233377 1465.35992265 -67.3336863624 119.421045429 21015.3294404 -151.518439847 -43.2534914926 20524.9537275 -53.0542424928 163.374111488 21206.0453887 -21463.3257937 -210.469444764 55.2463971258 -20545.4075356 26.5905816086 137.959815208 -21146.2041021 -76.2881369179 85.0719175357 -358.276302092 26.5606467133 3618.65526229 -251.015819404 157.538775237 4141.95826334 -3343.26142975 24.3095241305 527.575458328 -4026.97747492 -63.5280834076 347.859685324 -1082.35939108 24.5760025334 1067.92550783 -1014.13415844 -99.6145886205 1171.98563173 -511.397982431 -55.1993247414 3249.88170475 -3530.15861487 22.957586705 471.362650671 -448.545799881 -20.2028651277 4672.43287664 -4579.60488066 131.302718176 386.372479997 -1060.14301376 32.857454532 1095.21456666 -335.157143351 31.3336648041 5272.31013526 -19062.6922966 -60.6270236503 121.219461402 -19847.2247175 -246.46491586 -53.4292933343 66.0584721992 249.72693977 19647.315478 -117.331311132 55.2523462005 19087.9876541 -208.98129415 107.039838126 6033.9949392 -6042.54691547 -174.511771817 109.386373471 -5489.68621455 -87.6489248498 199.898986796 -5949.8615613 -134.263592139 137.81641927 -245.037524681 61.5408240866 5948.01001715 -352.113662675 11.7396147855 5305.81274947 -5257.95018387 -24.9947149803 301.060418962 -7053.09934209 -56.7495818257 212.888211349 -1268.00939872 -5.57469077409 902.407606482 -7048.15001216 -47.5753218292 216.68334607 -16363.0823568 -37.8187181563 180.834440185 -16948.3994344 -50.0993414965 142.319973873 -1286.51252052 116.947664172 804.71189693 -170.959646373 78.811409927 15890.9359933 -167.890595706 68.4895110173 15372.3999071 -1421.93122184 137.231656403 1880.47075309 -132.696125877 120.794735458 15806.4650206 -17008.198738 -59.4831564701 134.704873844 -35.9363624721 88.6455285599 17325.5977337 -108.072666867 60.4047990458 17125.18347 -1088.1715215 -0.140345186367 1078.00348325 -282.212182669 -121.919193366 18433.0240077 -18431.0886452 101.989611317 283.645976456 -1408.91724448 25.8874806777 1445.33600875 -104.581830232 33.1389183469 19080.20647 -19086.271649 -36.3868412752 99.6284421476 -14883.4184624 2.80147998295 183.001878931 -920.513821302 47.3532396399 1274.6472497 -17588.7611898 -149.233398022 84.542851734 -15774.238195 -198.363740533 -35.3870908971 -103.221764355 103.356029467 17524.5853478 -14857.6713761 -42.6747914151 158.517800492 -116.086764515 99.7401626056 15308.6789255 -1240.96776936 138.379666465 813.761822278 -135.774151168 123.456817328 13868.8481901 -241.902752823 -25.5400741503 10698.6203152 -184.937199901 54.7939166692 12403.7521809 -1456.75926628 -111.691986211 796.746171372 -826.708744622 -173.012132999 1287.97080511 -11565.9994611 -107.512414818 151.909888572 -9803.01202378 -74.8650342773 193.908483661 -853.852416384 -181.288744405 1307.05596093 -14394.9687973 -13.0486834908 241.715900326 -240.199290221 -137.663107218 14379.0664059 -177.439208604 12.6041314404 12874.5195303 -242.21954927 -26.8741020045 10685.9932422 -199.213891352 37.1508954961 12350.1935428 -11553.9042592 -106.94047114 150.17848241 -143.474118982 40.8763503497 13082.7484713 -1686.95349622 24.0347674103 1686.50033139 -11847.4368652 -64.0606074519 192.919792096 -11902.7763083 -81.1286792075 172.656787032 -14359.0575972 -33.8618527553 163.458074685 -13068.6384882 1.70648687122 96.5786648913 -13111.4589205 -18.0478611762 101.631877777 -170.527510084 43.9686655748 10478.1006016 -9211.84115349 -60.4710553555 186.665587006 -169.60731493 6.9585074711 9169.14204986 -1173.07549026 -9.72627863055 1076.35616826 -9210.4984726 -60.1555452706 188.07715372 -169.397380795 45.6453120619 10482.5084932 -169.933510913 6.5876293636 9168.16633217 -203.254803178 87.0312392225 7855.93498653 -1339.62535216 126.919471309 726.131487066 -208.987044785 86.6353688268 7848.6119923 -140.176032841 86.8534277181 7547.4833434 -8336.06293863 -0.60015182948 235.605371266 -8328.45627234 11.2345262453 240.843053556 -145.914033278 81.2044357691 7521.35751564 -1235.25136954 249.17111605 2051.41146447 -9798.34965239 -72.8472567002 196.092663019 -2480.21194512 54.7929399811 1232.77676722 -22707.034003 -271.93289556 170.69103863 -112.578941202 610.475541486 20624.1448119 -570.934762093 9.92325014153 2579.96247727 -1234.22252758 111.395789162 938.568666614 -567.241556922 -155.685467338 2808.52672987 -3054.41359842 52.8922417422 584.990603343 -1483.5130234 -38.7801100488 1403.90761887 -1467.14744577 34.7747366079 1634.62251987 -1625.33831592 6.35006229302 1432.19785293 -7745.03941862 -2513.57116321 -309.836451119 -375.045655656 2088.88214181 8610.11532008 -467.968639302 1302.57556427 4550.86825014 -3285.05760004 83.9160158105 1157.28491374 -419.648994807 172.417951684 20241.7990926 -23027.9550504 -446.30880047 246.232513323 -656.668884409 -18.2880896339 2154.36339517 -676.983104917 18.2543907704 2314.59738556 -3065.80219719 9.82149448373 400.160268854 -1774.32245625 47.0837529506 480.492666133 -1531.53446928 136.786734336 814.628192136 -1741.84009577 31.4948352978 464.117750387 -32552.8110706 -3079.4314817 -130.680211323 -28964.986487 -2354.94592078 776.472049337 -17943.697379 -688.213200306 441.899750019 -929.120231129 68.0505809466 1278.19468604 -2032.04084652 127.76912515 761.436382952 -2078.76277184 50.9734001061 711.928381694 -455.238922745 962.665480433 22716.1887893 -1553.00254138 255.902977082 21976.7615148 -24884.2241335 -1015.34195008 50.9920795689 -24717.1083171 -659.22087709 1166.3809734 -618.47683824 -191.710343848 1629.81346348 -331.91944199 -60.937543095 1603.58172122 -1217.22066661 2669.89391101 32732.5721159 -1673.72347362 1506.38215503 27739.4343018 -1563.66077147 -30.2060233351 1454.56660132 -1473.65203463 -68.9203316281 1426.33042494 -10201.7595514 -1537.11810628 295.786583436 -768.519916685 1344.98271744 4375.63945181 789.237512795 1761.62420585 32372.2943477 -370.5973534 -21.5953866239 1775.9088139 -31477.5100946 -1261.66467631 -647.617081187 -1777.63964346 38.0586102416 390.858759997</DataArray>
        <DataArray type="Float64" Name="ShellTopNodalVonMises" format="ascii">0 0 0 0 0 0 0 0 0 0 0 0 0 0 0 0 0 0 0 0 0 0 0 0 0 0 0 0 0 0 0 0 0 0 0 0 0 0 0 0 0 0 0 0 0 0 0 0 0 0 0 0 0 0 0 0 0 0 0 0 0 0 0 0 0 0 0 0 0 0 0 0 0 0 0 0 0 0 0 0 0 0 0 0 0 0 0 0 0 0 0 0 0 0 0 0 0 0 0 0 0 0 0 0 0 0 0 0 0 0 0 0 0 0 0 0 0 0 0 0 0 0 0 0 0 0 0 0 0 0 0 0 0 0 0 0 0 0 0 0 0 0 0 0 0 0 0 0 0 0 0 0 0 0 0 0 0 0 0 0 0 0 0 0 0 0 0 0 0 0 0 0 0 0 0 0 0 0 0 0 0 0 0 0 0 0 0 0 0 0 0 0 0 0 0 0 0 0 0 0 0 0 0 0 0 0 0 0 0 0 0 0 0 0 0 0 0 0 0 0 0 0 0 0 0 0 0 0 0 0 0 0 0 0 0 0 0 0 0 0 0 0 0 0 0 0 0 0 0 0 0 0 0 0 0 0 0 0 0 0 0 0 0 0 0 0 0 0 0 0 0 0 0 0 0 0 0 0 0 0 0 0 0 0 0 0 0 0 0 0 0 0 0 0 0 0 0 0 0 0 0 0 0 0 0 0 0 0 0 0 0 0 0 0 0 0 0 0 0 0 0 0 0 0 0 0 0 0 0 0 0 0 0 0 0 0 0 0 0 0 0 0 0 0 0 0 0 0 0 0 0 0 0 0 0 0 0 0 0 0 0 0 0 0 0 0 0 0 0 0 0 0 0 0 0 0 0 0 0 0 0 0 0 0 0 0 0 0 0 0 0 0 0 0 0 0 0 0 0 0 0 0 0 0 0 0 0 0 0 0 0 0 0 0 0 0 0 0 0 0 0 0 0 0 0 0 0 0 0 0 0 0 0 0 0 0 0 0 0 0 0 0 0 0 0 0 0 0 0 0 0 0 0 0 0 0 0 0 0 0 0 0 0 0 0 0 0 0 0 0 0 0 0 0 0 0 0 0 0 0 0 0 0 0 0 0 0 0 0 0 0 0 0 0 0 0 0 0 0 0 0 0 0 0 0 0 0 0 0 0 0 0 0 0 0 0 0 0 0 0 0 0 0 0 0 0 0 0 0 0 0 0 0 0 0 0 0 0 0 0 0 0 0 0 0 0 0 0 0 0 0 0 0 0 0 0 0 0 0 0 0 0 0 0 0 0 0 0 0 0 0 0 0 0 0 0 0 0 0 0 0 0 0 0 0 0 0 0 0 0 0 0 0 0 0 0 0</DataArray>
        <DataArray type="Float64" Name="ShellBottomNodalVonMises" format="ascii">0 0 0 0 0 0 0 0 0 0 0 0 0 0 0 0 0 0 0 0 0 0 0 0 0 0 0 0 0 0 0 0 0 0 0 0 0 0 0 0 0 0 0 0 0 0 0 0 0 0 0 0 0 0 0 0 0 0 0 0 0 0 0 0 0 0 0 0 0 0 0 0 0 0 0 0 0 0 0 0 0 0 0 0 0 0 0 0 0 0 0 0 0 0 0 0 0 0 0 0 0 0 0 0 0 0 0 0 0 0 0 0 0 0 0 0 0 0 0 0 0 0 0 0 0 0 0 0 0 0 0 0 0 0 0 0 0 0 0 0 0 0 0 0 0 0 0 0 0 0 0 0 0 0 0 0 0 0 0 0 0 0 0 0 0 0 0 0 0 0 0 0 0 0 0 0 0 0 0 0 0 0 0 0 0 0 0 0 0 0 0 0 0 0 0 0 0 0 0 0 0 0 0 0 0 0 0 0 0 0 0 0 0 0 0 0 0 0 0 0 0 0 0 0 0 0 0 0 0 0 0 0 0 0 0 0 0 0 0 0 0 0 0 0 0 0 0 0 0 0 0 0 0 0 0 0 0 0 0 0 0 0 0 0 0 0 0 0 0 0 0 0 0 0 0 0 0 0 0 0 0 0 0 0 0 0 0 0 0 0 0 0 0 0 0 0 0 0 0 0 0 0 0 0 0 0 0 0 0 0 0 0 0 0 0 0 0 0 0 0 0 0 0 0 0 0 0 0 0 0 0 0 0 0 0 0 0 0 0 0 0 0 0 0 0 0 0 0 0 0 0 0 0 0 0 0 0 0 0 0 0 0 0 0 0 0 0 0 0 0 0 0 0 0 0 0 0 0 0 0 0 0 0 0 0 0 0 0 0 0 0 0 0 0 0 0 0 0 0 0 0 0 0 0 0 0 0 0 0 0 0 0 0 0 0 0 0 0 0 0 0 0 0 0 0 0 0 0 0 0 0 0 0 0 0 0 0 0 0 0 0 0 0 0 0 0 0 0 0 0 0 0 0 0 0 0 0 0 0 0 0 0 0 0 0 0 0 0 0 0 0 0 0 0 0 0 0 0 0 0 0 0 0 0 0 0 0 0 0 0 0 0 0 0 0 0 0 0 0 0 0 0 0 0 0 0 0 0 0 0 0 0 0 0 0 0 0 0 0 0 0 0 0 0 0 0 0 0 0 0 0 0 0 0 0 0 0 0 0 0 0 0 0 0 0 0 0 0 0 0 0 0 0 0 0 0 0 0 0 0 0 0 0 0 0 0 0 0 0 0 0 0 0 0 0 0 0 0 0 0 0 0 0 0 0 0 0 0 0 0 0 0 0 0 0 0 0</DataArray>
      </PointData>
      <CellData Scalars="VonMises">
        <DataArray type="Int32" Name="ElementIndex" format="ascii">0 1 2 3 4 5 6 7 8 9 10 11 12 13 14 15 16 17 18 19 20 21 22 23 24 25 26 27 28 29 30 31 32 33 34 35 36 37 38 39 40 41 42 43 44 45 46 47 48 49 50 51 52 53 54 55 56 57 58 59 60 61 62 63 64 65 66 67 68 69 70 71 72 73 74 75 76 77 78 79 80 81 82 83 84 85 86 87 88 89 90 91 92 93 94 95 96 97 98 99 100 101 102 103 104 105 106 107 108 109 110 111 112 113 114 115 116 117 118 119 120 121 122 123 124 125 126 127 128 129 130 131 132 133 134 135 136 137 138 139 140 141 142 143 144 145 146 147 148 149 150 151 152 153 154 155 156 157 158 159 160 161 162 163 164 165 166 167 168 169 170 171 172 173 174 175 176 177 178 179 180 181 182 183 184 185 186 187 188 189 190 191 192 193 194 195 196 197 198 199 200 201 202 203 204 205 206 207 208 209 210 211 212 213 214 215 216 217 218 219 220 221 222 223 224 225 226 227 228 229 230 231 232 233 234 235 236 237 238 239 240 241 242 243 244 245 246 247 248 249 250 251</DataArray>
        <DataArray type="Float64" Name="VonMises" format="ascii">10502.4288649 10667.4532604 2271.16943093 2735.51932347 2641.72693024 2942.50571434 20141.8421325 20044.8969041 2234.41380488 2354.73115398 3716.66924609 3723.62436336 2312.43789182 2226.25074867 16454.669903 2158.66153826 2287.04426252 8146.23364113 18060.5101522 8386.37812336 9051.95560863 8889.13473677 2258.70307356 18049.8922662 7392.63369071 6206.48352089 5497.62397518 7057.58848715 6195.24840166 2185.31253028 2259.36408802 13829.3139339 2246.35845318 2170.80555044 2279.25844869 5388.8225785 5389.87542551 12421.0469825 4475.20725565 2203.28433284 4475.30345686 2212.04096249 2223.87631519 7894.68639576 2227.64344992 2207.20551209 5495.06984054 2199.40496137 6557.67530451 2227.35504458 2332.60878514 2913.66355027 2178.6134862 2286.57267181 11543.5344929 10297.0227211 2381.51440337 2194.89581276 2454.26708706 3517.56706217 9849.20262582 12299.631779 2172.28777299 2282.78581278 2133.26990867 13498.7427319 2279.97050869 2316.8324362 20976.2498934 23404.6649212 2214.78195351 12188.5230695 17786.1492389 24228.3153727 15898.1454842 27184.7379378 18514.2298905 17770.8145563 24197.6907739 15746.2415745 24107.3629749 15799.9332616 18497.7521459 21257.1195639 27176.0380499 17722.6978597 17718.0109868 12355.0953006 12304.0446561 8061.38816483 11886.1865644 8050.73556554 8436.0217933 26954.8871946 11875.0288484 14361.0814526 16343.2063005 26918.0682085 8439.15518158 12287.3773636 12281.3796972 23806.8694983 18172.4006818 13931.1017278 11952.0490412 10360.5584537 20859.2775985 20843.0446768 10354.3791709 18183.7711491 14859.0489291 14434.0193208 14470.7489117 11979.4222761 20935.373469 5993.99959756 6042.10534682 14860.702112 5946.94359363 5932.29992502 9980.78315571 9978.08220935 15267.1905055 15263.9466526 9260.33796521 9259.3089259 9223.42187085 9237.82269999 4174.20609265 20417.3560309 4160.97751573 5937.82262184 20501.9341682 30042.6060228 5994.17677165 30143.9851096 4793.75431879 6288.54511495 6279.36145375 29823.6534053 19608.7934655 29821.3596236 4737.30402196 19716.2392571 2028.71345742 17405.9099839 2160.26652233 13500.5268661 2132.17497056 2096.03980748 10148.1000057 12800.6450191 20785.3240423 3619.4052882 32562.2723004 2814.47609283 21948.5128171 3096.84177308 3124.1567687 22172.9710637 27073.980321 2206.59002472 3329.6126063 33452.1538553 3267.49769378 33780.9745214 2498.35647009 1665.7810676 26389.303578 1897.1024425 1872.28390871 36926.9617772 1866.34546575 25356.2271114 32209.3522586 12778.7107237 1355.30834351 2305.16855854 1755.85426238 25170.7722194 10878.0327922 2337.64236039 37237.8054701 25504.921837 1854.02671684 1944.33308555 30172.8169178 1471.90312715 2252.54056493 27896.4436904 2740.03853531 2411.80306355 1796.78200603 24495.5838074 1797.173815 22912.6473761 1388.61580699 2234.62885779 13721.334596 31871.4717502 1525.91679233 29768.4159533 31306.3980404 4708.56494875 31399.2657772 31494.2500406 4722.37902029 4706.14289655 2346.57692294 12136.7946863 31428.8817371 4708.34423445 7599.08611346 7637.77469762 7591.73124718 7570.24568799 16553.9119035 28527.5367054 28517.5625826 25465.1019501 28520.4135204 10610.1983096 22496.3139203 25539.9919522 28529.8692114 22538.596671 25493.9463434 25492.641871 19560.1872121 16570.5407097 22572.5190426 22534.0025343 19519.6616913 19506.9700798 19544.3197533 10638.4200681 16513.0380127 13570.6726923 10567.7819646 13572.9146005 16498.2896505 13569.2339187 13571.790861 10536.0315818 2168.81035041 33196.6716171 2232.35225313 34397.2552388 32200.5630655 20800.2811208 3039.77720948 3359.52163159</DataArray>
        <DataArray type="Int32" Name="HasVonMises" format="ascii">1 1 1 1 1 1 1 1 1 1 1 1 1 1 1 1 1 1 1 1 1 1 1 1 1 1 1 1 1 1 1 1 1 1 1 1 1 1 1 1 1 1 1 1 1 1 1 1 1 1 1 1 1 1 1 1 1 1 1 1 1 1 1 1 1 1 1 1 1 1 1 1 1 1 1 1 1 1 1 1 1 1 1 1 1 1 1 1 1 1 1 1 1 1 1 1 1 1 1 1 1 1 1 1 1 1 1 1 1 1 1 1 1 1 1 1 1 1 1 1 1 1 1 1 1 1 1 1 1 1 1 1 1 1 1 1 1 1 1 1 1 1 1 1 1 1 1 1 1 1 1 1 1 1 1 1 1 1 1 1 1 1 1 1 1 1 1 1 1 1 1 1 1 1 1 1 1 1 1 1 1 1 1 1 1 1 1 1 1 1 1 1 1 1 1 1 1 1 1 1 1 1 1 1 1 1 1 1 1 1 1 1 1 1 1 1 1 1 1 1 1 1 1 1 1 1 1 1 1 1 1 1 1 1 1 1 1 1 1 1 1 1 1 1 1 1 1 1 1 1 1 1</DataArray>
        <DataArray type="Float64" Name="StressTrace" format="ascii">10093.1314018 -10291.159131 -149.810517052 1697.28001892 -1835.39117148 2159.70426833 -20084.1439125 19966.7298725 128.633045543 29.5246897661 -3196.88579444 -3189.72061756 -366.458954419 140.507600432 16368.3089353 9.57439405977 -5.62991888079 -7721.2751893 -18034.6678278 -8267.11276392 8802.09915395 -8846.51197314 -29.3845440147 17933.8048198 7282.20559919 5836.64086926 -5227.91456359 6757.57124203 5824.06674291 -115.561805527 -284.627528071 -13496.7713963 304.684102037 75.0554587978 -9.05859782075 4684.30729894 4685.50306775 -12453.6077538 4281.54798096 299.75136948 4278.93865501 -285.324815357 -283.762875841 -7755.82809873 316.516376027 288.260508197 -5220.711462 287.058953313 6222.04302581 199.431498195 -108.845152345 -2356.12283239 -39.9180195546 -49.1333468131 -11428.7916655 10143.991343 1400.92419442 60.5491075329 -242.424854239 9131.20773967 9462.80300764 -12093.3441474 892.132050669 -364.829379343 113.339996972 -20726.305988 -915.208967561 -974.472268388 21312.2070722 -23982.9997996 -428.743037974 -15803.974714 17796.2379972 24131.0117135 15836.5897305 27231.7794479 18326.353728 17789.373947 24112.990485 -15794.1093816 -24128.5143544 15776.3878444 -18313.9674743 21213.3046536 -27222.9249481 -17790.5922697 17722.3329272 12113.3266906 12092.3623069 7919.455251 -11854.0471993 7910.44855444 -8081.10554543 -26853.7503757 -11841.2282452 -14142.9341233 -16141.5409639 26776.298641 -8085.24771949 12251.0129999 12245.95011 -23800.1533882 -18093.7066999 13908.4804653 -11839.1314361 10128.8684822 -20857.3968288 -20846.5985996 10125.6184988 -18096.6700907 14813.001366 -14190.4755215 14212.458889 -11865.4704388 20890.0230668 5806.09800323 -5861.23576875 14814.2054307 -5764.75647254 5749.11539597 -9891.49072235 -9889.31830641 -15186.0480841 -15184.0942986 9123.71745426 -9200.06058544 9110.94993777 -9207.87168397 3801.04198248 20174.1253329 -3824.06696854 5785.73974918 -20310.9770539 30118.4427461 -5826.32490325 -30201.7623497 4259.70603015 -6208.35379989 6188.84757813 -29727.9753162 19620.0501822 29711.345264 -4264.90871622 -19706.9621918 507.813997899 21981.1109643 -544.596543955 -16751.6621723 21.1987846498 53.4806950648 -11181.1712035 15722.7932843 20592.3428284 3485.34953333 32264.8612715 2123.64109377 -22263.2912967 -2408.60620774 -2460.89971276 -22183.0755058 29876.7914753 1412.82042496 -3216.89995181 -34014.0176059 -3256.34523927 -33607.4260835 -114.855623817 2918.16296817 -30355.1235377 -917.356540118 -1595.98940194 -43631.4346018 -98.2599691581 -41774.6812468 61464.3712778 28591.3821581 537.798318198 -194.528423395 -52.7948098189 41844.5853132 25276.0674256 -199.69009723 44530.3050838 29889.2231609 1589.3735785 906.235572568 -57673.0692083 -486.527230157 -1320.4033654 -30235.1459585 -3476.11311552 114.440152213 -733.6845338 -30375.9011686 586.492894784 28288.7715188 -571.261631536 133.704587639 -29798.1906995 -60577.6162148 493.068703742 56629.0233401 31329.263212 4573.91829648 31510.7629984 -31604.7589229 4564.15873319 -4500.02314963 190.405369672 -27205.2302519 -31451.0675063 -4573.38082629 7466.24112488 7475.28618219 -7505.80474039 -7491.46471474 16401.8857476 -28515.4314813 -28503.1083961 25501.2103593 28501.9734591 -10451.095554 22496.9032964 -25451.7878528 28505.8370407 22546.7616339 25527.662375 -25416.5759438 19514.2405451 16417.5045473 -22500.097129 -22453.3056087 -19480.1006368 19478.982725 -19505.677398 -10482.2208486 -16553.5226056 13515.4723764 10592.4763467 13517.8655701 -16543.1093765 -13527.7123972 -13530.3757406 10556.2603965 1845.60892957 33993.8878583 -1881.80714297 -35244.2990351 32542.4302237 21155.2432499 2287.41626965 3121.50607788</DataArray>
        <DataArray type="Float64" Name="HydrostaticPressure" format="ascii">-3364.37713392 3430.38637699 49.9368390175 -565.760006308 611.797057161 -719.901422777 6694.7146375 -6655.57662416 -42.8776818477 -9.84156325537 1065.62859815 1063.24020585 122.152984806 -46.8358668108 -5456.10297842 -3.19146468659 1.87663962693 2573.75839643 6011.5559426 2755.70425464 -2934.03305132 2948.83732438 9.79484800491 -5977.93493993 -2427.4018664 -1945.54695642 1742.63818786 -2252.52374734 -1941.35558097 38.5206018422 94.8758426905 4498.92379876 -101.561367346 -25.0184862659 3.01953260692 -1561.43576631 -1561.83435592 4151.20258459 -1427.18266032 -99.91712316 -1426.312885 95.1082717855 94.5876252803 2585.27603291 -105.505458676 -96.0868360657 1740.237154 -95.6863177712 -2074.01434194 -66.4771660649 36.2817174485 785.374277464 13.3060065182 16.377782271 3809.59722182 -3381.33044765 -466.974731474 -20.1830358443 80.8082847462 -3043.73591322 -3154.26766921 4031.11471581 -297.377350223 121.609793114 -37.7799989906 6908.76866266 305.069655854 324.824089463 -7104.06902406 7994.33326654 142.914345991 5267.99157135 -5932.07933239 -8043.67057117 -5278.8632435 -9077.25981597 -6108.78457601 -5929.79131566 -8037.66349501 5264.7031272 8042.83811813 -5258.79594813 6104.65582476 -7071.10155121 9074.30831605 5930.19742324 -5907.44430905 -4037.77556355 -4030.78743564 -2639.818417 3951.34906644 -2636.81618481 2693.70184848 8951.25012524 3947.07608173 4714.31137444 5380.51365465 -8925.43288034 2695.08257316 -4083.67099998 -4081.98337001 7933.38446275 6031.23556662 -4636.16015509 3946.37714538 -3376.28949408 6952.4656096 6948.86619986 -3375.20616625 6032.22336358 -4937.66712202 4730.15850716 -4737.48629632 3955.15681294 -6963.34102227 -1935.36600108 1953.74525625 -4938.06847691 1921.58549085 -1916.37179866 3297.16357412 3296.43943547 5062.01602804 5061.36476619 -3041.23915142 3066.68686181 -3036.98331259 3069.29056132 -1267.01399416 -6724.7084443 1274.68898951 -1928.57991639 6770.32568463 -10039.4809154 1942.10830108 10067.2541166 -1419.90201005 2069.45126663 -2062.94919271 9909.32510539 -6540.01672742 -9903.78175467 1421.63623874 6568.98739728 -169.271332633 -7327.0369881 181.532181318 5583.88739076 -7.06626154993 -17.8268983549 3727.05706782 -5240.93109476 -6864.11427612 -1161.78317778 -10754.9537572 -707.880364588 7421.09709891 802.868735914 820.299904255 7394.35850194 -9958.93049176 -470.940141654 1072.29998394 11338.0058686 1085.44841309 11202.4753612 38.2852079391 -972.72098939 10118.3745126 305.785513373 531.996467314 14543.8115339 32.7533230527 13924.8937489 -20488.1237593 -9530.46071935 -179.266106066 64.8428077983 17.5982699396 -13948.1951044 -8425.35580854 66.5633657434 -14843.4350279 -9963.07438698 -529.791192833 -302.078524189 19224.3564028 162.175743386 440.134455133 10078.3819862 1158.70437184 -38.1467174043 244.561511267 10125.3003895 -195.497631595 -9429.59050627 190.420543845 -44.5681958797 9932.73023317 20192.5387383 -164.356234581 -18876.3411134 -10443.0877373 -1524.63943216 -10503.5876661 10534.919641 -1521.3862444 1500.00771654 -63.4684565574 9068.41008396 10483.6891688 1524.46027543 -2488.74704163 -2491.76206073 2501.93491346 2497.15490491 -5467.2952492 9505.1438271 9501.03613202 -8500.40345311 -9500.65781969 3483.69851801 -7498.96776545 8483.92928428 -9501.94568023 -7515.58721131 -8509.22079165 8472.19198128 -6504.74684837 -5472.50151576 7500.03237632 7484.4352029 6493.36687893 -6492.99424168 6501.89246599 3494.07361619 5517.84086852 -4505.15745881 -3530.82544891 -4505.95519002 5514.36979218 4509.23746574 4510.12524685 -3518.75346551 -615.202976523 -11331.2959528 627.269047657 11748.0996784 -10847.4767412 -7051.74774996 -762.472089882 -1040.50202596</DataArray>
        <DataArray type="Float64" Name="PrincipalStress" NumberOfComponents="3" format="ascii">-236.480745178 -35.4218947651 10365.0340417 -10541.2355769 33.4553086037 216.621137307 -1361.92904768 -48.471758619 1260.59028925 -633.097865927 -24.9413759231 2355.31926078 -2351.37457195 19.9939190137 495.98948145 -506.907775592 7.66742638756 2658.94461754 -20122.4609844 -35.5150072784 73.8320791501 -81.2008531458 29.2416273477 20018.6890983 -1246.46361187 41.4825773581 1333.61408005 -1342.01298295 -5.33166302776 1376.86933575 -3533.84728136 -19.8429861641 356.804473092 -3535.29477074 -23.4333886002 369.007541781 -1508.73362877 -12.3880888764 1154.66276322 -1274.34113921 121.81987781 1293.02886183 -65.1107964514 7.61718085704 16425.8025509 -1240.92244854 -1.17686589584 1251.6737085 -1324.44723623 2.42381690611 1316.39350045 -8004.05240263 75.7804262706 206.996787056 -18051.8577306 -17.7101758307 34.9000786371 -8345.79320141 -44.0775134011 122.757950896 -218.822764394 54.3125549029 8966.60936344 -8873.72083117 -89.9428036848 117.151661716 -1302.66271122 -31.9036408214 1305.18180802 -63.3798717448 -13.9779563631 18011.1626479 -156.235998102 84.578794193 7353.8628031 -238.216295474 -6.17609680848 6081.03326154 -5404.59823794 -42.6526966477 219.336370998 -175.816054726 -23.372173199 6956.75946995 -237.853412627 -7.45843209092 6069.37858763 -1245.7522553 -141.16777109 1271.35822087 -1444.05629305 -0.250655269814 1159.67942025 -13717.4515085 -8.12840153157 228.808513781 -1151.70833288 18.2466460631 1438.14578885 -1273.92885639 121.906631749 1227.07768343 -1302.93996132 -34.4756260723 1328.35698957 -381.7281622 -83.8293012064 5149.86476234 -381.637087286 -83.8283948096 5150.96854984 -12431.8521419 -35.4045736073 13.6489617541 -219.491296267 95.948841251 4405.09043598 -1134.38259799 27.4786288311 1406.65533864 -221.816532263 96.5749692142 4404.18021805 -1417.80276179 1.52559061009 1130.95235582 -1424.68812373 3.30616132377 1137.61908657 -7845.96707949 -93.5127839921 183.651764755 -1214.05267702 175.194258113 1355.37479494 -1133.7517047 11.3336138121 1410.67859908 -5400.45094985 -42.0029623696 221.742450215 -1130.16184879 11.8802291436 1405.34057296 -118.876229249 -104.871145622 6445.79040068 -1230.4201404 88.629938281 1341.22170031 -1391.77791625 -18.579416551 1301.51218045 -2708.93262646 -57.5912993089 410.401093375 -1277.89370051 0.334156610501 1237.64152435 -1345.02356093 0.774219802786 1295.11599431 -11503.48553 -106.84584073 181.53970528 -259.408145628 161.693873444 10241.7056151 -659.282157554 60.9819162451 1999.22443573 -1259.97400509 46.4583800411 1274.06473258 -1521.24833808 -32.6435517705 1311.46703561 1199.60211294 2711.28939882 5220.31622791 -282.469406586 27.3058614373 9717.96655279 -12228.6073692 -99.1505276462 234.413749405 -751.923791257 -42.3620713225 1686.41791325 -1487.78503056 -19.2208378942 1142.17648911 -1233.02988858 120.257726373 1226.11215918 -15904.4516384 -2627.60888554 -2194.24546398 -1761.40048873 46.1600201509 800.031501015 -1810.37742101 51.7750417292 784.13011089 -115.959564664 342.435575012 21085.7310618 -23594.4388253 -459.440706324 70.8797320048 -1491.29684243 10.2348217021 1052.31898275 -13375.4791223 -1684.90239015 -743.593201631 -2.21814591421 8.94573658621 17789.5104065 -53.0167612018 -11.8348452658 24195.86332 -97.9529190447 57.2947606846 15877.2478889 -20.5349830076 51.9443004609 27200.3701305 -130.197203947 5.19395410061 18451.3569779 -2.2006546829 14.5775420388 17776.9970596 -54.4210155829 -2.01747181752 24169.4289724 -15761.8806997 -86.7436502152 54.5149682909 -24114.2842324 -62.924693136 48.6945711487 -68.6159832814 53.1536598821 15791.8501678 -18436.2471899 -5.95922124853 128.238936887 -50.9126139017 21.7647943003 21242.4524732 -27191.6298718 -47.4190689387 16.1239926247 -17745.1052757 -85.7578101445 40.2708161118 -52.9143156434 55.9628730292 17719.2843698 -174.128476144 13.6630188312 12273.792148 -155.178180463 14.6426031418 12232.8978842 -149.12143248 55.8019543066 8012.77472918 -11875.4572251 -3.17895385714 24.5889796718 -151.530713347 59.3876610948 8002.5916067 -8316.46894425 15.1038962756 220.259502542 -26921.1544097 10.1882880838 57.2157459112 -11863.748824 -1.23915289936 23.7597316703 -14288.0177803 1.85894363322 143.224713323 -16275.4738235 -24.3913804056 158.324239955 -69.519197788 -24.9754195589 26870.7932584 -8319.9413876 14.8648951627 219.828772949 -41.1651512397 16.9910557756 12275.1870954 -40.7886155807 17.2374302833 12269.5012953 -23804.6048278 -22.6378295376 27.0892690869 -18146.1511843 8.05097820849 44.3935062755 -103.347984454 88.9306291709 13922.8978205 -11913.8715871 -42.8359178736 117.576068865 -165.232692222 11.5266661506 10282.5745083 -20858.6479142 -6.96360517048 8.2146905213 -20844.2255237 -10.0792208848 7.7061449863 -162.674326431 10.8946277883 10277.3981974 -18154.7171777 9.81773550738 48.229351407 -25.6343934862 -5.05685766758 14843.6926172 -14352.4308806 4.31589540458 157.639463731 -144.92137256 -27.031868981 14384.4121305 -11940.9255081 -40.6505097343 116.105578969 -78.5576258931 48.5168563635 20920.0638363 -171.897565586 48.6592686354 5929.33630018 -5979.62011649 -55.9644498277 174.348797568 -25.8651059907 -5.12544541393 14845.1959821 -5883.78546078 -60.6572605532 179.686248796 -179.72460806 60.0246506397 5868.81535339 -9950.0586494 -68.6163515442 127.184278595 -9947.54033914 -68.4463293429 126.668362072 -15240.0981416 0.845957836288 53.2040996499 -15237.286998 1.21551959257 51.977179847 -87.0101914322 -3.88359729031 9214.61124298 -9239.26874043 -32.2801741807 71.4883291699 -77.8389491866 3.03494502663 9185.75394193 -9227.55543872 -41.3410002588 61.024755015 -275.12765441 32.0070067841 4044.16263011 -145.642801272 -16.3061705287 20336.0743047 -4042.81752349 -46.6469752057 265.397530161 -60.4927175026 -40.8796684159 5887.1121351 -20438.1045188 3.27677215192 123.850692716 -17.6924389157 68.311806528 30067.8233785 -5937.81089492 5.85335626312 105.632635407 -30163.1905337 -59.5028530589 20.9310370133 -335.275515716 -15.4166425888 4610.39818845 -6261.05860832 -42.5978731635 95.3026815944 -106.614862376 47.2144976574 6248.24794285 -29791.7577476 22.4934969783 41.2889344496 -46.9810335836 54.6171135365 19612.4141023 -46.0261331439 -27.3138378848 29784.685235 -4576.76165005 35.2166440413 276.636289792 -19713.0072771 -49.445192281 55.4902775636 -886.065417145 -35.5840276088 1429.46344265 835.263120201 2243.38482966 18902.4630144 -1498.73786521 -27.2216212686 981.36294252 -14564.7241772 -1606.46982576 -580.468169365 -1206.83332642 -26.4727248317 1254.5048359 -1174.85116354 -16.3895707844 1244.72142939 -10491.9991411 -412.754695731 -276.417366611 804.24215581 1146.13996616 13772.4111623 -234.255976491 107.002621739 20719.5961831 -116.105059748 28.1727973154 3573.28179576 -259.847753606 62.3708742802 32462.3381509 -468.972158244 30.7281692028 2561.88508281 -22053.1688199 -182.064438546 -28.0580383335 -2854.08002412 19.7372919763 425.736524401 -2889.73558795 10.6317708241 418.204104357 -22174.4002331 -211.67813649 203.002863778 520.642008666 1354.31764221 28001.8318244 -472.787581223 -34.4608882575 1920.06889444 -3291.77825132 7.82156278083 67.0567367283 -33637.6660215 -431.897601044 55.546016595 -3263.63480132 -18.1520810269 25.441643083 -33722.1199116 -126.917923582 241.611751663 -1491.74931967 -15.9511746116 1392.84487046 -79.2118502226 1190.4340003 1806.94081809 -27700.7886608 -1852.34897882 -801.985898054 -1525.49256102 14.4097102284 593.726310673 -1777.88459469 25.3394758291 156.555716919 -39101.1670362 -3760.36623415 -769.901331501 -1191.63536241 154.480973943 938.894419309 -30697.9623008 -7357.94173961 -3718.77720641 8565.52164686 10983.2425633 41915.6070677 4912.93958574 5639.16565291 18039.2769194 -428.178090142 -96.2747442078 1062.25115255 -1411.2958855 -33.149933884 1249.91739599 -914.012401703 -221.316052889 1082.53364477 3791.47342054 7458.49597429 30594.6159184 4580.63873318 5022.54028642 15672.888406 -1435.87892197 -26.3085016735 1262.49732641 892.602454414 4035.46707672 39602.2355527 963.127431512 1969.67380472 26956.4219247 -137.455223266 -37.6359236884 1764.46472545 -630.762957012 -10.9228250069 1547.92135459 -39284.8116491 -10478.6111918 -7909.64636742 -1113.95443165 106.942547798 520.484653692 -1919.38231452 75.4753527776 523.503596346 -28672.2794552 -1104.06235971 -458.804143616 -2787.1360005 -1061.26017251 372.283057489 -1355.48462796 40.5021003412 1429.42267983 -1386.35361654 12.6867288054 639.982353931 -26428.1718881 -2794.53166466 -1153.19761592 -714.692761597 -24.1488457478 1325.33450213 1003.13560028 2609.11444617 24676.5214724 -1088.68620334 64.8298725635 452.594699243 -1237.24731948 28.0310642727 1342.92084285 -19067.1806847 -5789.41802021 -4941.59199456 -41403.7553048 -10664.020362 -8509.84054801 -549.112273101 -106.892554433 1149.07353128 7738.7838875 10220.0604855 38670.1789671 -37.129891687 52.4374022881 31313.9557014 -85.2736491864 -4.14127210459 4663.33321777 -29.2116979061 103.683797225 31436.2908991 -31531.0384511 -75.6939518944 1.97348008602 -121.219303577 16.7469588979 4668.63107786 -4636.96388015 21.3198090131 115.620921505 -1275.53175335 32.4093228942 1433.52780013 -17155.3474169 -5252.27050759 -4797.61232738 -31436.0614709 -89.804893257 74.7988578466 -4662.14932061 -30.9974604154 119.765954741 -83.3539264509 -5.00745750021 7554.60250884 -85.4712431958 -22.7255653992 7583.48299078 -7563.02561749 6.6610882792 50.5597888218 -7543.83311154 -7.76529235081 60.1336891469 -82.430030113 -18.8597096139 16503.1754873 -28523.4989325 -4.73965591323 12.8071071314 -28512.7404295 -5.98503411459 15.617067537 5.2308912083 18.8432007158 25477.1362674 -15.8800205262 3.58996921898 28514.2635104 -10557.0353415 16.0146212123 89.9251662927 -13.754708653 14.1562832735 22496.5017217 -25510.5876941 20.8061404727 37.9937007897 -19.1084500416 3.09132142432 28521.8541693 -39.0840946787 44.605091115 22541.2406375 -17.7185216133 40.2288043256 25505.1520922 -25467.2697276 4.63094336743 46.0628404325 -27.0690359197 -3.55500861907 19544.8645896 -82.5851632205 -19.3786713223 16519.4683818 -22548.3549312 1.11028175893 47.1475204435 -22507.0408613 -10.719983203 64.4552358208 -19506.4652819 -0.35701535972 26.7216604688 -27.5968174313 8.95570410028 19497.6238384 -19531.4282443 -1.6018467845 27.3526930782 -10586.2204073 14.3487283161 89.6508304052 -16526.4416176 -52.3601279255 25.279139948 -35.5221670251 -1.25641341508 13552.2509569 -16.9216386945 33.4445718795 10575.9534136 -35.5522138675 -1.12530925843 13554.5430932 -16513.1397551 -53.4764694734 23.5068480406 -13555.3612067 -7.08001943477 34.7288288776 -13557.9542367 -6.91469336333 34.4931894783 -16.962465823 30.5017984788 10542.7210639 -222.292422187 13.2333440295 2054.66800772 -156.637855807 693.559605396 33456.9661087 -2111.4140389 19.3182253042 210.288670621 -34672.3765392 -784.496227607 212.57373174 -161.448683356 391.736092482 32312.1428145 2.49493113839 234.795092816 20917.9532259 -445.247487353 -42.9735869112 2775.63734391 -135.358864157 -22.3679125413 3279.23285457</DataArray>
        <DataArray type="Float64" Name="PrincipalStrain" NumberOfComponents="3" format="ascii">-4.76480627037e-08 -4.39141126246e-08 1.4923721191e-07 -1.51660835866e-07 4.47262805782e-08 4.81279316827e-08 -2.46509229553e-08 -2.58144729843e-10 2.40530075877e-08 -1.90315890198e-08 -7.73725420539e-09 3.64675861904e-08 -3.58024227441e-08 8.23727780232e-09 1.70771953904e-08 -1.86698769824e-08 -9.11348037422e-09 4.01245246042e-08 -2.87627944371e-07 8.54153380613e-08 8.74460696664e-08 -8.70797152976e-08 -8.50286406599e-08 2.86203955229e-07 -2.36998944155e-08 2.19106241465e-10 2.42158341486e-08 -2.50496326396e-08 -2.25550983799e-10 2.54438961363e-08 -5.19276532492e-08 1.33324265188e-08 2.0327307905e-08 -5.19852430957e-08 1.32350397155e-08 2.05232284226e-08 -2.64488004439e-08 1.34047386838e-09 2.30142754074e-08 -2.42685108729e-08 1.66019372891e-09 2.34112177179e-08 -7.13590959424e-08 -7.00084335067e-08 2.34900723365e-07 -2.30867357332e-08 -6.28891983218e-11 2.32043357547e-08 -2.45727490206e-08 6.91419663169e-11 2.44714360892e-08 -1.15555508095e-07 3.44985301563e-08 3.69354054281e-08 -2.57957352878e-07 7.69625302823e-08 7.79395778653e-08 -1.19562819038e-07 3.46119008822e-08 3.77102737906e-08 -4.17871334271e-08 -3.67146203544e-08 1.28799463233e-07 -1.26884049837e-07 3.62432563879e-08 4.00892964596e-08 -2.4066373734e-08 -4.6656242662e-10 2.43650244805e-08 -7.80362182743e-08 -7.71187541315e-08 2.5763385709e-07 -3.4110978247e-08 -2.96387035329e-08 1.05362285204e-07 -2.94381920699e-08 -2.51288740947e-08 8.79192997032e-08 -7.79657620035e-08 2.16132266205e-08 2.64787378768e-08 -3.22261749108e-08 -2.93950742538e-08 1.00235941976e-07 -2.93775637041e-08 -2.50987997799e-08 8.77567448721e-08 -2.26401341463e-08 -2.12642229657e-09 2.41062032684e-08 -2.55983560363e-08 1.21517723672e-09 2.27567357821e-08 -1.96909364889e-07 5.76923499557e-08 6.20926069543e-08 -2.26946580479e-08 -9.66922724699e-10 2.54026327843e-08 -2.39803450134e-08 1.94231405191e-09 2.24669192975e-08 -2.41586338624e-08 -6.01439064969e-10 2.47083095113e-08 -2.71648400077e-08 -2.16324325893e-08 7.55647428766e-08 -2.71682733399e-08 -2.16375404797e-08 7.55801170639e-08 -1.77504649405e-07 5.27150911492e-08 5.36260853774e-08 -2.24257582777e-08 -1.65675842952e-08 6.34593310355e-08 -2.23517541176e-08 -7.74331333765e-10 2.48389504198e-08 -2.24577584063e-08 -1.65447733789e-08 6.34536098138e-08 -2.51078020817e-08 1.25115303429e-09 2.22262215311e-08 -2.52423671158e-08 1.27752674962e-09 2.23433382185e-08 -1.1247155391e-07 3.15025972918e-08 3.66499389114e-08 -2.39031913277e-08 1.89710889626e-09 2.38147474373e-08 -2.22907909795e-08 -1.02492077862e-09 2.49629146621e-08 -7.79196113743e-08 2.15944226789e-08 2.64925517697e-08 -2.22189727059e-08 -1.00961983011e-09 2.48689294121e-08 -2.88736000824e-08 -2.86135056722e-08 9.30416373306e-08 -2.3705366171e-08 7.91278147242e-10 2.40536965849e-08 -2.53808249346e-08 1.21432916962e-10 2.46374197185e-08 -4.02110794954e-08 9.02811658023e-09 1.77194038729e-08 -2.35612343543e-08 1.77282992286e-10 2.31558483931e-08 -2.47684375023e-08 2.24949854108e-10 2.42627256664e-08 -1.64655624134e-07 4.69962558098e-08 5.23519873786e-08 -4.829182846e-08 -4.04713623916e-08 1.46728855668e-07 -1.82477723307e-08 -4.87143953155e-09 3.11244929732e-08 -2.36590134125e-08 6.03302311336e-10 2.34017060014e-08 -2.7212791189e-08 4.32726270998e-10 2.53947800366e-08 -1.68554225011e-08 1.12187699509e-08 5.78149824912e-08 -4.58007304408e-08 -4.00477611775e-08 1.39921651662e-07 -1.7527409051e-07 4.99872508326e-08 5.61820159779e-08 -1.77877220548e-08 -4.610147256e-09 2.74957667432e-08 -2.60667389417e-08 1.20659606487e-09 2.27754035663e-08 -2.33848693464e-08 1.74761493133e-09 2.22849115406e-08 -2.06541361908e-07 4.00285749312e-08 4.80767527603e-08 -2.87893992154e-08 4.77958166378e-09 1.87800520227e-08 -2.94449852399e-08 5.13784621092e-09 1.87387260668e-08 -9.34915650817e-08 -8.49785124877e-08 3.00254117982e-07 -3.35398150471e-07 9.42518145952e-08 1.04100622736e-07 -2.58580426252e-08 2.02754542293e-09 2.13805369853e-08 -1.80670434925e-07 3.64402758145e-08 5.39217321728e-08 -7.63107855549e-08 -7.61034563084e-08 2.54107030419e-07 -1.04403218623e-07 -1.03638411613e-07 3.45933125742e-07 -6.96902244845e-08 -6.68070532895e-08 2.26992076234e-07 -1.17088990175e-07 -1.1574294634e-07 3.88442104789e-07 -8.09594640505e-08 -7.84450568297e-08 2.64126542183e-07 -7.62810433598e-08 -7.59694482778e-08 2.53904057049e-07 -1.04352063797e-07 -1.03378855127e-07 3.45519435981e-07 -2.25031601358e-07 6.60780867028e-08 6.87014610465e-08 -3.44428788511e-07 1.02239317218e-07 1.04312246412e-07 -6.8887387594e-08 -6.66259513638e-08 2.2566412664e-07 -2.6389901578e-07 7.83777607808e-08 8.08700122891e-08 -9.18596827737e-08 -9.05099594785e-08 3.03588525987e-07 -3.88317733556e-07 1.15789038497e-07 1.16969123926e-07 -2.53306559678e-07 7.46527503961e-08 7.69932820265e-08 -7.69355498355e-08 -7.4913544903e-08 2.53119568608e-07 -5.51480718026e-08 -5.16605154673e-08 1.76027596931e-07 -5.47062903811e-08 -5.15524758284e-08 1.75357979392e-07 -3.67099205361e-08 -3.29042004957e-08 1.14868151038e-07 -1.69741146184e-07 5.07440217112e-08 5.12597119053e-08 -3.67160641955e-08 -3.27990086701e-08 1.14717636034e-07 -1.19815399484e-07 3.49138104113e-08 3.87238430991e-08 -3.8487679457e-07 1.15276712675e-07 1.16150079749e-07 -1.69578642823e-07 5.07251082113e-08 5.11893732104e-08 -2.0473632682e-07 6.06470980532e-08 6.32724623474e-08 -2.33080766877e-07 6.87250499236e-08 7.21183400161e-08 -1.1604663642e-07 -1.15219394825e-07 3.84273452051e-07 -1.19862135543e-07 3.49271239937e-08 3.87335960097e-08 -5.32688370941e-08 -5.21887932496e-08 1.75463418915e-07 -5.32401461895e-08 -5.21625196235e-08 1.75379523585e-07 -3.40084860852e-07 1.01580240544e-07 1.02503743804e-07 -2.59455493281e-07 7.76939754518e-08 7.83689081159e-08 -6.15270931338e-08 -5.79562045951e-08 1.98960328959e-07 -1.70518480463e-07 4.99436105372e-08 5.2922690291e-08 -4.64780434938e-08 -4.31953696954e-08 1.47552661659e-07 -2.97986046282e-07 8.9259519456e-08 8.95414020903e-08 -2.97764480013e-07 8.91553798961e-08 8.9485679548e-08 -4.64166024855e-08 -4.319317905e-08 1.47470458671e-07 -2.59601875767e-07 7.77394869054e-08 7.84528454864e-08 -6.39603588764e-08 -6.35782046397e-08 2.12184285608e-07 -2.05728821262e-07 6.08964760067e-08 6.37439137042e-08 -6.36019350145e-08 -6.14125585195e-08 2.06228544328e-07 -1.70908028983e-07 5.00970781284e-08 5.30082626329e-08 -9.09875976243e-08 -8.86276429538e-08 2.9898680096e-07 -2.80756605176e-08 -2.39796050249e-08 8.5232968418e-08 -8.59305060116e-08 2.40802420835e-08 2.83574881066e-08 -6.39698038144e-08 -6.35846386894e-08 2.12207044965e-07 -8.45642022464e-08 2.35796071863e-08 2.80431295028e-08 -2.79768087039e-08 -2.35243224709e-08 8.43532191517e-08 -1.42394700393e-07 4.11177994243e-08 4.47540968411e-08 -1.42357242128e-07 4.11116466254e-08 4.47352051803e-08 -2.17947330841e-07 6.50987738632e-08 6.6071139354e-08 -2.17903497255e-07 6.50972637863e-08 6.60399803339e-08 -4.07175497877e-08 -3.91737701822e-08 1.3202684828e-07 -1.32157588385e-07 3.88293421314e-08 4.07564714793e-08 -4.04925087896e-08 -3.89905650399e-08 1.31545644903e-07 -1.31906579502e-07 3.86945457836e-08 4.05956240959e-08 -2.13996935068e-08 -1.56957640847e-08 5.88156974914e-08 -8.91653320218e-08 -8.67633660223e-08 2.91209414232e-07 -5.86920384283e-08 1.55225574685e-08 2.1317669711e-08 -2.59194636787e-08 -2.55552213385e-08 8.45360550125e-08 -2.92517753689e-07 8.71078988567e-08 8.934712881e-08 -1.29407614206e-07 -1.27810392505e-07 4.29323393832e-07 -8.53036670346e-08 2.50786690588e-08 2.69317128144e-08 -4.30737414127e-07 1.28331071371e-07 1.29824843615e-07 -2.44824282782e-08 -1.8542192063e-08 6.73657976563e-08 -8.9669572155e-08 2.58161272122e-08 2.83771375148e-08 -2.8503622779e-08 -2.56467918069e-08 8.95152578895e-08 -4.25869892529e-07 1.2782334487e-07 1.28172402995e-07 -8.49584342619e-08 -8.30716115297e-08 2.80144618262e-07 -1.2818910789e-07 -1.27841593835e-07 4.25809817519e-07 -6.671882186e-08 1.89322036017e-08 2.34157113085e-08 -2.81640297182e-07 8.3540141537e-08 8.54889431198e-08 -1.86318463094e-08 -2.8371919323e-09 2.43708325154e-08 -7.86927319004e-08 -5.25419001533e-08 2.56840980421e-07 -2.54997180226e-08 1.82844079339e-09 2.0559296978e-08 -1.98694896837e-07 4.195839826e-08 6.10127147359e-08 -2.25034708534e-08 -5.82488252516e-10 2.32070950182e-08 -2.20478674446e-08 -5.33580721988e-10 2.28870521384e-08 -1.46932107463e-07 4.02538608085e-08 4.27858397778e-08 -5.2447474039e-08 -4.60979432753e-08 1.88389950367e-07 -9.26033659707e-08 -8.62657062892e-08 2.96539602708e-07 -1.70934491096e-08 -1.44140031927e-08 5.14237353499e-08 -1.43103720874e-07 -1.37119660641e-07 4.64594017352e-07 -1.78108019121e-08 -8.5306529738e-09 3.84765468503e-08 -3.14144743954e-07 9.20329088416e-08 9.48930277027e-08 -4.26817452719e-08 1.06891477413e-08 1.82291334863e-08 -4.31198050071e-08 1.07441602272e-08 1.83133607071e-08 -3.16739966447e-07 9.11391582044e-08 9.88403767808e-08 -1.18374326162e-07 -1.02891778682e-07 3.91990627559e-07 -1.48352854726e-08 -6.69493260319e-09 2.9603477647e-08 -4.73463105882e-08 1.39319716737e-08 1.50320534756e-08 -4.78925150659e-07 1.3775340572e-07 1.46805930048e-07 -4.66545952848e-08 1.36186552349e-08 1.44282529684e-08 -4.82236115143e-07 1.4167477892e-07 1.4851890146e-07 -2.72116775489e-08 1.96002287858e-10 2.63593574106e-08 -1.39774899392e-08 9.60164728484e-09 2.10510596153e-08 -3.84349831396e-07 9.56926198406e-08 1.15199362769e-07 -2.43990481041e-08 4.19913693332e-09 1.49578737987e-08 -2.61779021788e-08 7.31054484515e-09 9.74741789397e-09 -5.39172668093e-07 1.17156489659e-07 1.72693694994e-07 -2.17092568627e-08 3.29004652677e-09 1.78577247978e-08 -3.91070665957e-07 4.23868587506e-08 1.09971342939e-07 -1.04344760606e-07 -5.94442293012e-08 5.15013968638e-07 -3.12941883708e-08 -1.78071328376e-08 2.12480647826e-07 -1.02567287521e-08 -4.09280947042e-09 1.74226714693e-08 -2.53760874876e-08 2.18051613847e-10 2.40464448829e-08 -1.6748252561e-08 -3.88389179729e-09 2.03304597307e-08 -1.08920859247e-07 -4.08190118199e-08 3.88851787142e-07 -2.32569982078e-08 -1.50502550763e-08 1.82741924288e-07 -2.58105081342e-08 3.67228242764e-10 2.43021936215e-08 -1.7426726192e-07 -1.15899776077e-07 5.44625924191e-07 -1.1021001839e-07 -9.15170143163e-08 3.72522593626e-07 -9.36434091137e-09 -7.51055391921e-09 2.59570295649e-08 -1.55980359412e-08 -4.08671920399e-09 2.48632441313e-08 -4.82404776877e-07 5.25675173311e-08 1.00276864069e-07 -1.86026084585e-08 4.07119258835e-09 1.17512602692e-08 -2.99867999894e-08 7.06055668901e-09 1.53810812124e-08 -4.02905992917e-07 1.09075181713e-07 1.21058548584e-07 -3.68634695142e-08 -4.81148985149e-09 2.18114558485e-08 -2.5663743743e-08 2.61724068281e-10 2.60559634017e-08 -2.26022048765e-08 3.37997296553e-09 1.50297488607e-08 -3.60626472913e-07 7.8283988379e-08 1.08765906427e-07 -1.57864065502e-08 -2.96201954154e-09 2.20998140619e-08 -1.02607931075e-07 -7.27826096517e-08 3.37040663692e-07 -1.77701939269e-08 3.65224748276e-09 1.08535942639e-08 -2.35504698803e-08 -5.24427533889e-11 2.43669388488e-08 -2.26398252576e-07 2.01887683368e-08 3.59341088131e-08 -5.09308529026e-07 6.15722627692e-08 1.01578459315e-07 -1.23109509451e-08 -4.09829902695e-09 1.9226785422e-08 -9.89755421182e-08 -5.28946910123e-08 4.75464652217e-07 -1.3495782604e-07 -1.33294433437e-07 4.47276620689e-07 -2.11861604698e-08 -1.9679416324e-08 6.70022527737e-08 -1.35588630097e-07 -1.33120570902e-07 4.48770703847e-07 -4.50127461565e-07 1.34043221992e-07 1.35485617157e-07 -2.18118959229e-08 -1.92496653341e-08 6.71424683038e-08 -6.68292299901e-08 1.96817528087e-08 2.14330591835e-08 -2.45044698609e-08 -2.14135587702e-10 2.58066361324e-08 -2.02005465235e-07 1.90516773671e-08 2.74953292853e-08 -4.49022280861e-07 1.33122484152e-07 1.36179410958e-07 -6.69825695559e-08 1.90245364192e-08 2.1824428415e-08 -3.35461777407e-08 -3.20911718888e-08 1.08301584629e-07 -3.36242638687e-08 -3.24589869954e-08 1.08799171905e-07 -1.08288455437e-07 3.22914405269e-08 3.31067021084e-08 -1.07993480437e-07 3.19620647767e-08 3.32230458616e-08 -7.18246394776e-08 -7.06440478111e-08 2.36193748704e-07 -4.0751313097e-07 1.22120969881e-07 1.22446838338e-07 -4.07366143422e-07 1.22045028207e-07 1.22446210095e-07 -1.09193756418e-07 -1.08940956384e-07 3.63855914855e-07 -1.22446229491e-07 -1.22084643968e-07 4.07399293225e-07 -1.51268818254e-07 4.50878239113e-08 4.64604483199e-08 -9.66707444308e-08 -9.61523974379e-08 3.21376874991e-07 -3.64688966378e-07 1.09465490549e-07 1.09784688098e-07 -1.22522744247e-07 -1.22110462777e-07 4.07523704399e-07 -9.73548259038e-08 -9.58005981676e-08 3.2199406198e-07 -1.0973332558e-07 -1.08657160955e-07 3.64262842963e-07 -3.6403539804e-07 1.0901418585e-07 1.09783635367e-07 -8.41351701461e-08 -8.36984810677e-08 2.79343597186e-07 -7.18944582339e-08 -7.07206233844e-08 2.36429393317e-07 -3.22326175312e-07 9.64496072139e-08 9.73045845038e-08 -3.21759449102e-07 9.60293672064e-08 9.74254784169e-08 -2.78776781077e-07 8.34795153009e-08 8.39824049949e-08 -8.39938668596e-08 -8.33150343169e-08 2.78617373891e-07 -2.79130764259e-07 8.35660116939e-08 8.41037388628e-08 -1.51677432499e-07 4.51902800197e-08 4.65887476299e-08 -2.35975961731e-07 6.99712659338e-08 7.14131380515e-08 -5.85831504294e-08 -5.79467864338e-08 1.93761207586e-07 -4.57105862047e-08 -4.47752137226e-08 1.51014236194e-07 -5.85939649863e-08 -5.79546081864e-08 1.93793519287e-07 -2.35773555267e-07 6.99059057521e-08 7.13355959345e-08 -1.93766512136e-07 5.78444241985e-08 5.86208742386e-08 -1.93803254079e-07 5.78589088685e-08 5.8627912407e-08 -4.55561332075e-08 -4.46746540134e-08 1.50552275201e-07 -1.20380403959e-08 -7.66399045188e-09 3.02483675882e-08 -1.48597079572e-07 -1.3280769815e-07 4.75655565483e-07 -3.11470872525e-08 8.42365479696e-09 1.19702487814e-08 -4.92868568435e-07 1.36477780209e-07 1.5499479374e-07 -1.42465890792e-07 -1.32192459241e-07 4.60615094168e-07 -9.06189937783e-08 -8.63048479186e-08 2.97810945982e-07 -1.80720944922e-08 -1.0601293484e-08 4.17443380884e-08 -1.58916906681e-08 -1.37932872809e-08 4.75221555369e-08</DataArray>
        <DataArray type="Float64" Name="ShellTopVonMises" format="ascii">0 0 0 0 0 0 0 0 0 0 0 0 0 0 0 0 0 0 0 0 0 0 0 0 0 0 0 0 0 0 0 0 0 0 0 0 0 0 0 0 0 0 0 0 0 0 0 0 0 0 0 0 0 0 0 0 0 0 0 0 0 0 0 0 0 0 0 0 0 0 0 0 0 0 0 0 0 0 0 0 0 0 0 0 0 0 0 0 0 0 0 0 0 0 0 0 0 0 0 0 0 0 0 0 0 0 0 0 0 0 0 0 0 0 0 0 0 0 0 0 0 0 0 0 0 0 0 0 0 0 0 0 0 0 0 0 0 0 0 0 0 0 0 0 0 0 0 0 0 0 0 0 0 0 0 0 0 0 0 0 0 0 0 0 0 0 0 0 0 0 0 0 0 0 0 0 0 0 0 0 0 0 0 0 0 0 0 0 0 0 0 0 0 0 0 0 0 0 0 0 0 0 0 0 0 0 0 0 0 0 0 0 0 0 0 0 0 0 0 0 0 0 0 0 0 0 0 0 0 0 0 0 0 0 0 0 0 0 0 0 0 0 0 0 0 0 0 0 0 0 0 0</DataArray>
        <DataArray type="Float64" Name="ShellBottomVonMises" format="ascii">0 0 0 0 0 0 0 0 0 0 0 0 0 0 0 0 0 0 0 0 0 0 0 0 0 0 0 0 0 0 0 0 0 0 0 0 0 0 0 0 0 0 0 0 0 0 0 0 0 0 0 0 0 0 0 0 0 0 0 0 0 0 0 0 0 0 0 0 0 0 0 0 0 0 0 0 0 0 0 0 0 0 0 0 0 0 0 0 0 0 0 0 0 0 0 0 0 0 0 0 0 0 0 0 0 0 0 0 0 0 0 0 0 0 0 0 0 0 0 0 0 0 0 0 0 0 0 0 0 0 0 0 0 0 0 0 0 0 0 0 0 0 0 0 0 0 0 0 0 0 0 0 0 0 0 0 0 0 0 0 0 0 0 0 0 0 0 0 0 0 0 0 0 0 0 0 0 0 0 0 0 0 0 0 0 0 0 0 0 0 0 0 0 0 0 0 0 0 0 0 0 0 0 0 0 0 0 0 0 0 0 0 0 0 0 0 0 0 0 0 0 0 0 0 0 0 0 0 0 0 0 0 0 0 0 0 0 0 0 0 0 0 0 0 0 0 0 0 0 0 0 0</DataArray>
      </CellData>
    </Piece>
  </UnstructuredGrid>
</VTKFile>
