<?xml version="1.0"?>
<VTKFile type="UnstructuredGrid" version="0.1" byte_order="LittleEndian">
  <UnstructuredGrid>
    <Piece NumberOfPoints="429" NumberOfCells="1182">
      <Points>
        <DataArray type="Float64" NumberOfComponents="3" format="ascii">0 0 1 0 0 0 0 1 1 0 1 0 8 0 1 8 0 0 8 1 1 8 1 0 0 0 0.333333333333 0 0 0.666666666667 0 0.333333333333 1 0 0.666666666667 1 0 1 0.333333333333 0 1 0.666666666667 0 0.333333333333 0 0 0.666666666667 0 8 0 0.333333333333 8 0 0.666666666667 8 0.333333333333 1 8 0.666666666667 1 8 1 0.333333333333 8 1 0.666666666667 8 0.333333333333 0 8 0.666666666667 0 0.347826086957 0 0 0.695652173913 0 0 1.04347826087 0 0 1.39130434783 0 0 1.73913043478 0 0 2.08695652174 0 0 2.4347826087 0 0 2.78260869565 0 0 3.13043478261 0 0 3.47826086957 0 0 3.82608695652 0 0 4.17391304348 0 0 4.52173913043 0 0 4.86956521739 0 0 5.21739130435 0 0 5.5652173913 0 0 5.91304347826 0 0 6.26086956522 0 0 6.60869565217 0 0 6.95652173913 0 0 7.30434782609 0 0 7.65217391304 0 0 0.347826086957 0 1 0.695652173913 0 1 1.04347826087 0 1 1.39130434783 0 1 1.73913043478 0 1 2.08695652174 0 1 2.4347826087 0 1 2.78260869565 0 1 3.13043478261 0 1 3.47826086957 0 1 3.82608695652 0 1 4.17391304348 0 1 4.52173913043 0 1 4.86956521739 0 1 5.21739130435 0 1 5.5652173913 0 1 5.91304347826 0 1 6.26086956522 0 1 6.60869565217 0 1 6.95652173913 0 1 7.30434782609 0 1 7.65217391304 0 1 0.347826086957 1 0 0.695652173913 1 0 1.04347826087 1 0 1.39130434783 1 0 1.73913043478 1 0 2.08695652174 1 0 2.4347826087 1 0 2.78260869565 1 0 3.13043478261 1 0 3.47826086957 1 0 3.82608695652 1 0 4.17391304348 1 0 4.52173913043 1 0 4.86956521739 1 0 5.21739130435 1 0 5.5652173913 1 0 5.91304347826 1 0 6.26086956522 1 0 6.60869565217 1 0 6.95652173913 1 0 7.30434782609 1 0 7.65217391304 1 0 0.347826086957 1 1 0.695652173913 1 1 1.04347826087 1 1 1.39130434783 1 1 1.73913043478 1 1 2.08695652174 1 1 2.4347826087 1 1 2.78260869565 1 1 3.13043478261 1 1 3.47826086957 1 1 3.82608695652 1 1 4.17391304348 1 1 4.52173913043 1 1 4.86956521739 1 1 5.21739130435 1 1 5.5652173913 1 1 5.91304347826 1 1 6.26086956522 1 1 6.60869565217 1 1 6.95652173913 1 1 7.30434782609 1 1 7.65217391304 1 1 0 0.5 0.295191706297 0 0.5 0.705050624715 0 0.752560081716 0.500040388502 0 0.247439918284 0.500040388502 0 0.242319754852 0.242319754852 0 0.242319754852 0.757680245148 0 0.757680245148 0.757680245148 0 0.757680245148 0.242319754852 8 0.295191706297 0.5 8 0.705050624715 0.5 8 0.500040388502 0.752560081716 8 0.500040388502 0.247439918284 8 0.242319754852 0.242319754852 8 0.242319754852 0.757680245148 8 0.757680245148 0.242319754852 8 0.757680245148 0.757680245148 7.67543356715 0 0.5 0.324566432851 0 0.5 0.869565217391 0 0.301226227403 1.57529538384 0 0.305014304244 6.08095771666 0 0.280504822511 5.3973031529 0 0.280504822511 7.13454080583 0 0.279546680034 2.61469445725 0 0.280504822511 3.29834902101 0 0.280504822511 4.35810975281 0 0.300332475652 5.73913043478 0 0.698773772597 1.21739130435 0 0.698773772597 4.70740983187 0 0.705562059581 1.92480113621 0 0.705562059581 2.95652173913 0 0.698773772597 3.65217391304 0 0.716174333396 6.4347826087 0 0.716174333396 7.13043478261 0 0.698773772597 5.39130434783 0 0.698773772597 5.04543787053 0 0.717305714561 4.86956521739 0 0.397547545193 5.73913043478 0 0.28027829208 2.60869565217 0 0.698773772597 2.26282917488 0 0.717305714561 2.08695652174 0 0.397547545193 4 0 0.719074426863 3.82608695652 0 0.404141180839 1.21782853504 0 0.292500833784 6.78260869565 0 0.719074426863 6.60869565217 0 0.404141180839 2.95652173913 0 0.28027829208 0.869565217391 0 0.698773772597 1.57841476248 0 0.663946771932 3.30434782609 0 0.708503068567 4.36105284003 0 0.66645673417 6.08695652174 0 0.708503068567 7.46660148267 0 0.733509104386 7.47042859515 0 0.253490607218 0.533398517327 0 0.733509104386 0.533398517327 0 0.266490895614 3.58147151483 0 0.243941417762 5.11418065908 0 0.242999469813 2.33157196343 0 0.242999469813 1.81570225651 0 0.453778708711 4.5983579632 0 0.45334433544 6.85304069646 0 0.243804540265 4.07131452118 0 0.246773939639 6.36408021048 0 0.243941417762 0.24552957773 0 0.758603036723 0.24552957773 0 0.241396963277 7.75447042227 0 0.758603036723 7.75447042227 0 0.241396963277 5.91204367741 0 0.495001810958 1.37443046754 0 0.497929804381 1.04347826087 0 0.5 3.12943498176 0 0.495001810958 2.78260869565 0 0.5 5.5652173913 0 0.5 0.697398995437 0 0.5 7.30367397814 0 0.497216928081 6.25615011647 0 0.492023867602 6.96100814438 0 0.491677104643 4.64346745624 0 0.230244871257 4.14809659992 0 0.48430031889 3.47354142082 0 0.492023867602 2.44147145333 0 0.487106170598 1.86080822372 0 0.23126811163 5.22408014899 0 0.487106170598 0.324566432851 1 0.5 7.67543356715 1 0.5 0.882823083442 1 0.303404624881 1.5652173913 1 0.716174333396 6.08095771666 1 0.280504822511 5.3973031529 1 0.280504822511 7.13454080583 1 0.279546680034 2.60869565217 1 0.301226227403 3.29834902101 1 0.280504822511 4.35810975281 1 0.300332475652 5.73913043478 1 0.698773772597 4.70740983187 1 0.705562059581 1.91904228334 1 0.280504822511 2.95652173913 1 0.698773772597 3.65217391304 1 0.716174333396 6.4347826087 1 0.716174333396 2.26086956522 1 0.698773772597 0.884717064307 1 0.664356741816 7.13043478261 1 0.698773772597 5.39130434783 1 0.698773772597 5.04543787053 1 0.717305714561 4.86956521739 1 0.397547545193 5.73913043478 1 0.28027829208 4 1 0.719074426863 3.82608695652 1 0.404141180839 1.91304347826 1 0.708503068567 6.78260869565 1 0.719074426863 6.60869565217 1 0.404141180839 1.23167427012 1 0.702725981251 1.39130434783 1 0.397547545193 2.60869565217 1 0.698773772597 2.26086956522 1 0.301226227403 2.95652173913 1 0.301226227403 3.30434782609 1 0.708503068567 4.36105284003 1 0.66645673417 6.08695652174 1 0.708503068567 7.46660148267 1 0.733509104386 7.47042859515 1 0.253490607218 0.539049498194 1 0.717100679259 0.532465386393 1 0.25746693136 3.58147151483 1 0.243941417762 1.12158201401 1 0.452971551149 5.11418065908 1 0.242999469813 1.63591978952 1 0.242999469813 4.5983579632 1 0.45334433544 6.85304069646 1 0.243804540265 4.07131452118 1 0.246773939639 6.36408021048 1 0.243941417762 0.24552957773 1 0.758603036723 0.24552957773 1 0.241396963277 7.75447042227 1 0.758603036723 7.75447042227 1 0.241396963277 5.91204367741 1 0.495001810958 2.78260869565 1 0.5 2.4347826087 1 0.5 3.12972063915 1 0.498923666794 5.5652173913 1 0.5 2.0876706652 1 0.498923666794 0.66488951937 1 0.494115201767 7.30367397814 1 0.497216928081 6.25615011647 1 0.492023867602 6.96100814438 1 0.491677104643 4.64346745624 1 0.230244871257 4.14809659992 1 0.48430031889 1.16609841079 1 0.230784744245 1.74571337243 1 0.48774576087 3.47355877124 1 0.492262075561 5.22408014899 1 0.487106170598 0.324566432851 0.5 0 7.67543356715 0.5 0 0.869565217391 0.301226227403 0 1.5652173913 0.301226227403 0 6.08695652174 0.301226227403 0 5.39130434783 0.301226227403 0 7.13043478261 0.301226227403 0 2.95652173913 0.301226227403 0 4.34782608696 0.301226227403 0 2.26086956522 0.301226227403 0 3.65217391304 0.301226227403 0 5.73913043478 0.698773772597 0 1.21739130435 0.698773772597 0 4.69565217391 0.698773772597 0 1.91304347826 0.698773772597 0 6.4347826087 0.698773772597 0 2.60869565217 0.698773772597 0 3.30434782609 0.698773772597 0 4 0.698773772597 0 7.13043478261 0.698773772597 0 5.39130434783 0.698773772597 0 5.73913043478 0.301226227403 0 4.69565217391 0.301226227403 0 3.65217391304 0.698773772597 0 1.91304347826 0.301226227403 0 1.21739130435 0.301226227403 0 2.60869565217 0.301226227403 0 2.26086956522 0.698773772597 0 6.4347826087 0.301226227403 0 6.78260869565 0.301226227403 0 0.869565217391 0.698773772597 0 1.5652173913 0.698773772597 0 5.04347826087 0.301226227403 0 2.95652173913 0.698773772597 0 6.78260869565 0.698773772597 0 3.30434782609 0.301226227403 0 4 0.301226227403 0 4.34782608696 0.698773772597 0 5.04347826087 0.698773772597 0 6.08695652174 0.698773772597 0 7.46660148267 0.733509104386 0 7.46660148267 0.266490895614 0 0.533398517327 0.266490895614 0 0.533398517327 0.733509104386 0 0.24552957773 0.758603036723 0 0.24552957773 0.241396963277 0 7.75447042227 0.241396963277 0 7.75447042227 0.758603036723 0 6.60869565217 0.5 0 5.5652173913 0.5 0 4.52173913043 0.5 0 1.04347826087 0.5 0 4.86956521739 0.5 0 3.82608695652 0.5 0 1.39130434783 0.5 0 3.47826086957 0.5 0 1.73913043478 0.5 0 5.91304347826 0.5 0 2.4347826087 0.5 0 3.13043478261 0.5 0 4.17391304348 0.5 0 5.21739130435 0.5 0 6.95652173913 0.5 0 2.08695652174 0.5 0 2.78260869565 0.5 0 6.26086956522 0.5 0 0.697000608225 0.5 0 7.30299939177 0.5 0 0.324566432851 0.5 1 7.67543356715 0.5 1 0.869565217391 0.301226227403 1 1.5652173913 0.301226227403 1 6.08695652174 0.301226227403 1 5.39130434783 0.301226227403 1 7.13043478261 0.301226227403 1 2.95652173913 0.301226227403 1 4.34782608696 0.301226227403 1 2.26086956522 0.301226227403 1 3.65217391304 0.698773772597 1 5.73913043478 0.698773772597 1 1.21739130435 0.698773772597 1 4.69565217391 0.698773772597 1 1.91304347826 0.698773772597 1 6.4347826087 0.698773772597 1 2.60869565217 0.698773772597 1 7.13043478261 0.698773772597 1 3.65217391304 0.301226227403 1 5.39130434783 0.698773772597 1 5.73913043478 0.301226227403 1 4.69565217391 0.301226227403 1 4 0.698773772597 1 1.91304347826 0.301226227403 1 1.21739130435 0.301226227403 1 2.60869565217 0.301226227403 1 2.95652173913 0.698773772597 1 3.30434782609 0.698773772597 1 2.26086956522 0.698773772597 1 6.4347826087 0.301226227403 1 6.78260869565 0.301226227403 1 0.869565217391 0.698773772597 1 1.5652173913 0.698773772597 1 5.04347826087 0.301226227403 1 6.78260869565 0.698773772597 1 4.34782608696 0.698773772597 1 3.30434782609 0.301226227403 1 4 0.301226227403 1 5.04347826087 0.698773772597 1 6.08695652174 0.698773772597 1 7.46660148267 0.733509104386 1 7.46660148267 0.266490895614 1 0.533398517327 0.266490895614 1 0.533398517327 0.733509104386 1 0.24552957773 0.758603036723 1 7.75447042227 0.758603036723 1 0.24552957773 0.241396963277 1 7.75447042227 0.241396963277 1 6.60869565217 0.5 1 5.5652173913 0.5 1 4.52173913043 0.5 1 1.04347826087 0.5 1 4.17391304348 0.5 1 4.86956521739 0.5 1 1.39130434783 0.5 1 1.73913043478 0.5 1 5.91304347826 0.5 1 2.4347826087 0.5 1 3.82608695652 0.5 1 5.21739130435 0.5 1 3.47826086957 0.5 1 6.95652173913 0.5 1 2.08695652174 0.5 1 3.13043478261 0.5 1 2.78260869565 0.5 1 6.26086956522 0.5 1 0.697000608225 0.5 1 7.30260100456 0.5 1 4.72994851358 0.5 0.5 3.98747449966 0.5 0.5 1.20901325144 0.491621079235 0.508378920765 1.94701987912 0.500201538171 0.5 5.73866421237 0.499837835682 0.499837835682 2.9560578537 0.5 0.5 6.78260869565 0.501649887203 0.5 0.494778855483 0.5 0.5 5.23011025923 0.500040841253 0.5 2.44719666021 0.499977246543 0.500022753457 7.48954279837 0.499682539512 0.500074395864 3.48739114468 0.499827928385 0.5 6.28215931289 0.49971315637 0.5 1.57527444348 0.630368766437 0.400357787064 4.35871150662 0.532830032694 0.361238909209 0.851994349361 0.383927498877 0.383927498877 7.13574529057 0.377543784838 0.384255208249 7.09386325533 0.639119007606 0.639119007606 1.63802915013 0.362520652029 0.644627261703 0.902244401682 0.636429319669 0.642190810983 1.73169406326 0.303804978613 0.320921989776 4.44262261474 0.393753660898 0.673703250912 1.74125433133 0.698165402052 0.697982729058 6.01049558819 0.659942426492 0.34212045052 6.01032799418 0.340397595785 0.65813261366 3.22167180587 0.337204285927 0.338923471092 3.22177715107 0.662495656955 0.661122434525 1.04347826087 0.690264552032 0.290130082002 0.699588269095 0.302184705149 0.697815294851</DataArray>
      </Points>
      <Cells>
        <DataArray type="Int32" Name="connectivity" format="ascii">307 235 407 427 307 294 235 427 290 135 405 409 202 304 233 410 289 402 155 420 280 405 203 409 226 405 348 409 150 357 405 409 364 402 199 422 210 401 342 411 350 401 143 411 202 283 304 410 338 373 164 410 344 224 364 402 144 361 406 412 284 404 201 408 133 404 269 408 254 407 235 427 181 155 402 420 211 406 347 412 204 405 281 426 227 403 291 409 360 403 212 409 241 283 202 406 268 404 132 424 402 413 199 422 202 406 283 417 161 405 368 425 215 404 351 408 337 404 146 408 230 367 401 421 405 368 425 426 405 425 281 426 199 364 224 402 231 371 404 423 135 158 271 405 285 149 132 404 230 401 414 421 371 404 423 424 201 275 218 404 338 164 145 410 268 423 404 424 149 285 133 404 198 254 235 427 281 204 297 405 135 271 290 405 285 132 268 404 354 219 367 401 284 275 201 404 269 133 285 404 362 338 145 406 161 339 368 405 371 343 231 404 142 339 161 405 204 228 297 405 343 206 231 404 297 203 280 405 357 339 150 405 297 228 203 405 358 348 226 405 142 150 339 405 209 358 226 405 351 215 343 404 206 343 215 404 352 138 337 404 138 146 337 404 151 403 341 409 289 155 267 420 145 406 338 416 291 227 208 403 199 402 224 413 365 147 400 408 216 370 400 408 361 362 156 406 278 291 208 403 334 402 159 428 145 156 362 406 347 211 366 406 406 416 283 417 350 369 143 401 210 354 342 401 344 364 386 402 338 416 406 417 184 405 135 409 364 386 402 422 145 338 410 416 241 406 202 417 172 400 190 414 384 354 367 401 384 401 367 421 334 356 139 402 139 159 334 402 294 198 235 427 181 131 155 420 207 400 345 421 156 144 361 406 345 207 370 400 140 353 365 400 355 341 141 403 152 273 403 409 252 201 404 408 185 404 133 408 204 281 411 426 366 211 222 406 219 230 367 401 220 287 401 411 292 406 312 412 361 380 406 412 154 401 274 411 281 425 411 426 180 132 149 404 411 425 368 426 161 368 411 425 312 406 279 412 347 406 380 412 287 317 401 411 342 401 390 411 274 401 317 411 350 390 401 411 143 369 153 401 354 210 219 401 241 298 283 406 150 405 184 409 148 296 400 408 217 400 302 408 268 132 412 424 328 405 280 409 203 405 249 409 290 405 328 409 249 405 226 409 348 405 396 409 357 396 405 409 135 184 158 405 201 218 252 404 157 406 292 412 149 133 185 404 216 370 207 400 140 365 147 400 151 141 341 403 279 406 223 412 131 267 155 420 268 412 423 424 371 423 412 424 231 412 371 423 190 400 286 414 204 251 228 405 202 233 255 410 215 252 404 408 146 404 185 408 351 404 381 408 381 404 337 408 313 404 284 408 318 413 402 420 313 269 404 408 180 132 404 424 361 380 362 406 312 292 293 406 362 393 338 406 253 403 227 409 253 212 403 409 327 403 273 409 341 403 394 409 291 403 327 409 394 403 360 409 339 395 368 405 323 281 297 405 343 371 388 404 142 184 150 405 206 215 252 404 241 202 257 417 138 185 146 404 285 268 321 404 230 401 259 414 251 405 204 426 297 280 328 405 358 396 348 405 249 203 228 405 357 396 339 405 271 328 290 405 381 351 343 404 249 209 226 405 142 161 183 405 206 248 231 404 207 230 400 421 352 337 381 404 284 313 275 404 269 285 313 404 407 254 419 427 298 326 283 406 298 279 312 406 347 366 380 406 240 400 230 414 161 183 405 425 248 231 404 423 126 247 311 410 377 246 127 410 385 365 400 408 296 316 400 408 316 302 400 408 385 400 370 408 274 300 317 401 390 369 350 401 317 282 287 401 390 342 354 401 124 310 179 410 125 178 379 410 281 405 323 425 268 321 404 423 368 405 395 426 371 388 404 424 338 406 393 417 219 259 230 401 241 257 406 417 410 416 338 417 283 331 304 410 356 334 383 402 207 345 230 421 338 399 373 410 230 240 207 400 311 233 304 410 377 372 232 410 164 187 145 410 165 310 305 410 152 170 273 409 202 410 255 417 373 178 164 410 208 227 253 403 283 406 326 416 230 414 400 421 148 169 296 408 238 217 302 408 245 119 308 407 309 116 177 407 244 376 118 407 378 176 117 407 311 247 233 410 179 310 165 410 377 232 246 410 373 379 178 410 177 167 306 407 394 341 355 403 353 385 365 400 286 296 316 400 385 345 370 400 277 316 302 400 367 230 345 421 278 327 291 403 300 401 174 414 386 418 402 422 139 182 159 402 182 159 402 428 407 419 415 427 306 309 177 407 244 375 376 407 174 401 191 414 153 401 369 421 334 383 402 419 145 189 156 406 334 419 402 428 189 406 145 416 123 126 265 410 220 236 287 411 154 274 168 411 127 122 333 410 210 220 401 411 154 143 401 411 234 375 244 407 182 402 415 428 203 227 280 409 280 227 291 409 348 360 226 409 152 403 151 409 226 360 212 409 144 406 157 412 240 258 400 414 292 157 293 406 399 410 338 417 402 418 413 422 371 211 347 412 231 211 371 412 283 331 410 416 181 402 418 420 368 350 143 411 368 143 161 411 211 223 406 412 187 145 410 416 298 223 279 406 114 196 118 407 154 300 274 401 220 287 282 401 137 172 190 414 191 401 153 421 272 190 286 414 277 400 258 414 243 279 223 412 157 292 175 412 148 400 147 408 176 407 378 428 217 216 400 408 286 148 296 400 277 302 217 400 311 265 126 410 333 377 127 410 374 166 378 428 166 176 378 428 151 341 357 409 151 357 150 409 300 174 272 414 132 175 268 412 196 244 118 407 337 147 365 408 337 146 147 408 351 370 216 408 351 216 215 408 281 236 204 411 139 402 356 418 268 175 292 412 287 236 281 411 400 414 172 421 137 190 272 414 191 414 401 421 170 135 290 409 242 401 282 414 384 369 401 421 170 290 273 409 169 133 269 408 201 238 284 408 296 169 269 408 302 284 238 408 174 191 137 414 208 278 403 413 247 126 121 410 127 246 121 410 120 124 179 410 178 125 120 410 210 411 342 426 155 402 289 415 242 259 401 414 197 233 247 410 165 128 179 410 232 197 246 410 304 265 311 410 340 153 369 421 178 128 164 410 377 333 372 410 305 310 265 410 373 333 379 410 144 361 412 424 291 327 322 409 322 327 273 409 394 360 389 409 389 341 394 409 253 250 212 409 253 227 250 409 272 174 137 414 309 112 116 407 119 112 308 407 117 113 378 407 376 113 118 407 156 157 144 406 385 391 365 408 296 325 316 408 316 325 302 408 391 385 370 408 232 410 372 417 168 411 274 425 181 402 139 418 234 375 407 419 397 371 347 412 329 268 292 412 319 287 281 411 368 392 350 411 211 223 222 406 286 190 148 400 217 258 277 400 324 401 300 414 306 264 309 407 264 307 308 407 375 332 376 407 279 412 243 423 177 129 167 407 356 402 386 418 123 121 126 410 127 121 122 410 244 196 234 407 120 123 124 410 125 122 120 410 247 121 197 410 246 197 121 410 128 120 179 410 178 120 128 410 367 345 382 421 306 407 167 415 147 148 140 400 207 217 216 400 141 151 152 403 322 280 291 409 203 250 227 409 290 322 273 409 348 389 360 409 341 389 357 409 250 226 212 409 235 196 245 407 143 153 154 401 220 219 210 401 324 300 272 414 413 418 402 420 287 319 317 411 342 390 392 411 274 317 319 411 350 392 390 411 296 269 325 408 365 391 337 408 370 351 391 408 302 325 284 408 172 414 137 421 224 402 225 413 293 406 173 416 305 165 410 416 137 414 191 421 152 151 193 409 402 413 318 427 309 264 112 407 308 112 264 407 378 113 332 407 332 113 376 407 322 328 280 409 250 203 249 409 290 328 322 409 250 249 226 409 348 396 389 409 357 389 396 409 231 256 211 412 148 147 195 408 193 184 135 409 217 263 216 408 397 347 380 412 312 279 329 412 292 312 329 412 361 397 380 412 161 143 192 411 391 381 337 408 313 325 269 408 313 284 325 408 351 381 391 408 185 133 195 408 252 263 201 408 402 419 415 428 286 400 314 414 188 175 132 412 112 115 116 407 112 119 114 407 114 118 113 407 117 115 113 407 157 173 293 406 174 300 154 401 242 220 282 401 162 191 153 421 152 193 170 409 277 258 301 414 236 262 204 411 241 223 298 406 224 402 344 419 148 195 169 408 238 263 217 408 335 139 356 418 353 400 140 421 150 184 193 409 210 262 220 411 154 192 143 411 141 355 403 418 242 282 301 414 146 185 195 408 215 263 252 408 340 162 153 421 170 193 135 409 158 271 405 425 276 318 413 427 278 320 403 413 195 133 169 408 201 263 238 408 274 411 319 425 218 404 275 423 272 286 314 414 210 342 359 426 342 411 392 426 150 193 151 409 210 359 229 426 358 405 209 426 146 195 147 408 216 263 215 408 190 172 148 400 217 240 258 400 220 262 236 411 144 336 361 424 329 412 279 423 192 154 168 411 138 404 352 424 211 256 223 412 384 340 369 421 188 144 157 412 282 401 324 414 397 412 361 424 163 336 144 424 234 407 254 419 266 155 289 415 266 130 155 415 182 402 155 415 188 412 132 424 240 205 258 414 208 403 261 413 222 366 406 417 398 407 375 419 277 314 400 414 243 223 256 412 318 289 402 427 262 204 411 426 157 175 188 412 210 262 411 426 224 237 402 419 205 301 258 414 225 276 413 427 268 412 329 423 208 239 278 413 371 412 397 424 168 274 299 425 144 412 188 424 199 224 225 413 140 400 172 421 237 225 224 402 232 255 410 417 372 410 399 417 256 412 231 423 281 319 411 425 368 392 411 426 320 403 413 420 303 279 243 423 349 232 372 417 141 403 171 418 161 411 192 425 305 134 165 416 160 139 335 418 173 406 189 416 306 167 130 415 326 406 293 416 168 192 411 425 394 403 387 422 318 315 289 427 316 314 286 400 277 314 316 400 394 355 387 403 327 278 320 403 256 243 412 423 327 403 320 420 330 407 306 415 214 232 349 417 158 184 183 405 167 407 186 415 248 252 218 404 185 180 149 404 194 152 288 420 360 226 96 348 227 280 74 203 74 291 280 227 280 297 75 203 203 297 75 228 150 53 339 357 226 97 348 358 105 343 351 215 138 337 61 352 96 212 226 360 53 142 150 339 337 138 61 146 97 226 209 358 343 105 206 215 242 301 205 414 266 306 130 415 261 208 253 403 242 205 259 414 187 410 165 416 295 225 276 413 300 324 317 401 354 384 390 401 282 317 324 401 390 384 369 401 225 413 402 427 274 319 299 425 234 363 375 419 182 181 155 402 205 240 230 414 276 225 260 427 342 392 359 426 335 356 386 418 270 134 305 416 386 383 344 402 171 141 152 403 161 142 54 339 95 221 212 360 231 343 106 206 360 95 221 346 368 161 54 339 371 343 106 231 140 148 172 400 207 240 217 400 183 184 142 405 248 206 252 404 386 356 383 402 180 185 138 404 249 251 209 405 228 251 249 405 235 254 196 407 396 395 339 405 328 271 323 405 396 358 395 405 328 323 297 405 388 381 343 404 388 352 381 404 331 305 410 416 380 393 362 406 293 326 312 406 321 275 313 404 380 366 393 406 312 326 298 406 321 313 285 404 355 387 403 418 334 356 48 139 48 334 139 159 237 225 402 427 158 405 183 425 242 259 220 401 174 154 191 401 261 403 253 422 248 404 218 423 266 155 26 289 303 329 279 423 26 130 155 266 182 139 181 402 237 402 419 427 336 397 361 424 233 197 255 410 278 239 295 413 187 128 165 410 171 418 403 420 135 158 31 271 83 218 201 275 285 39 149 133 40 285 149 132 261 413 403 422 196 254 234 407 306 330 264 407 307 264 330 407 375 398 332 407 167 129 186 407 383 344 402 419 210 229 262 426 229 210 99 359 231 107 371 211 55 143 161 368 144 163 63 336 342 99 210 359 368 55 143 350 369 143 56 350 210 354 100 342 211 366 108 347 107 347 371 211 361 144 63 336 403 418 387 422 289 155 27 267 197 232 255 410 297 76 228 204 208 291 73 227 31 135 271 290 275 201 83 284 39 285 269 133 285 40 268 132 282 324 301 414 76 297 281 204 278 291 73 208 128 187 164 410 331 265 304 410 265 331 305 410 59 353 365 140 103 370 345 207 399 372 333 410 399 333 373 410 51 141 355 341 220 259 219 401 153 191 154 401 366 393 406 417 361 64 156 362 205 230 259 414 123 120 121 410 121 120 122 410 293 173 270 416 344 224 93 364 137 191 162 421 155 131 27 267 189 173 157 406 323 405 271 425 398 407 419 428 345 367 102 230 251 209 405 426 180 404 138 424 207 345 102 230 372 349 110 232 164 66 373 338 358 395 405 426 321 275 404 423 366 211 108 222 150 151 52 357 146 60 337 147 104 351 216 215 167 130 25 306 144 188 163 424 388 352 404 424 341 52 151 357 365 337 60 147 351 370 104 216 160 181 139 418 156 144 64 361 222 406 257 417 241 257 223 406 143 369 56 153 354 210 100 219 288 327 320 420 147 59 365 140 370 103 216 207 51 151 141 341 49 356 335 139 306 130 25 266 214 110 349 232 66 164 145 338 157 156 189 406 224 199 93 364 295 276 318 413 349 366 109 417 332 407 398 428 186 407 129 428 223 257 222 406 366 222 109 417 224 344 92 419 171 403 152 420 115 112 113 407 114 113 112 407 213 363 234 419 162 172 137 421 233 202 88 304 134 44 305 165 186 415 407 428 168 299 136 425 289 315 266 415 277 301 314 414 307 294 69 235 109 222 214 417 101 367 354 219 57 369 340 153 200 303 243 423 344 363 92 419 305 270 44 134 304 202 88 283 130 182 155 415 109 214 349 417 160 49 335 139 134 270 173 416 363 91 234 375 278 295 320 413 394 387 346 422 198 69 294 235 295 239 225 413 219 101 367 230 153 340 57 162 140 58 353 421 355 141 50 418 71 276 295 225 37 296 286 148 29 152 273 288 302 217 81 277 274 154 34 300 287 78 220 282 298 223 86 279 293 292 42 157 326 293 270 416 213 224 92 419 232 214 255 417 349 372 399 417 208 261 239 413 315 318 276 427 168 136 192 425 332 398 374 428 166 186 129 428 261 253 221 422 262 251 204 426 234 213 91 363 352 62 138 424 335 355 50 418 363 398 375 419 84 218 275 423 276 71 260 225 187 165 134 416 180 188 132 424 217 258 81 277 190 37 286 148 152 29 194 288 256 200 243 423 58 340 353 421 98 358 209 426 32 271 158 425 140 162 58 421 92 363 213 419 331 270 305 416 281 323 319 425 368 395 392 426 161 192 183 425 84 200 218 423 266 330 306 415 268 329 321 423 167 186 130 415 371 397 388 424 213 234 254 419 36 286 272 190 80 258 301 277 141 160 50 418 275 303 84 423 248 256 231 423 62 163 138 424 352 336 62 424 136 32 158 425 86 241 223 298 157 42 293 173 315 294 415 427 168 154 34 274 223 243 86 279 287 78 236 220 157 292 42 175 170 29 152 273 71 295 239 225 81 238 217 302 296 37 169 148 242 220 78 282 300 154 34 174 320 295 318 413 202 255 257 417 58 162 340 421 32 299 271 425 358 98 359 426 98 209 229 426 272 36 190 137 80 258 205 301 140 172 162 421 224 213 237 419 84 303 200 423 50 160 335 418 270 293 43 173 298 87 241 283 274 33 168 299 77 281 287 236 85 243 303 279 292 268 41 175 30 170 290 273 295 278 72 239 38 269 296 169 238 82 284 302 272 300 35 174 282 79 242 301 237 260 225 427 62 336 163 424 134 270 43 173 202 241 87 283 315 294 330 415 283 326 331 416 134 173 189 416 33 136 168 299 85 243 200 303 132 41 268 175 170 135 30 290 169 38 269 133 238 82 201 284 236 77 281 204 32 136 299 425 239 278 72 208 338 393 399 417 229 359 98 426 194 171 152 420 334 398 419 428 261 199 413 422 160 418 171 420 334 398 383 419 205 242 79 301 174 35 272 137 366 349 393 417 131 160 171 420 383 363 344 419 372 111 377 232 378 374 46 166 67 178 164 373 167 24 177 306 319 323 299 425 392 395 359 426 246 377 111 232 176 378 46 166 24 309 177 306 90 376 244 375 178 67 379 373 329 303 321 423 189 145 187 416 244 234 90 375 141 171 160 418 397 336 388 424 222 257 214 417 225 261 199 413 415 419 407 428 386 387 335 418 130 186 182 415 330 266 315 415 89 311 233 304 45 305 165 310 331 326 270 416 382 384 367 421 307 68 308 235 233 247 311 89 179 45 165 310 245 308 68 235 229 251 262 426 163 188 180 424 194 288 28 420 136 183 192 425 131 28 267 420 267 28 288 420 415 419 402 427 349 399 393 417 200 256 248 423 355 335 387 418 403 418 413 420 413 418 403 422 94 221 346 422 159 47 334 428 383 398 363 419 257 255 214 417 187 134 189 416 131 194 28 420 70 198 294 427 272 314 324 414 200 248 218 423 199 94 364 422 94 346 364 422 384 382 340 421 116 309 14 112 15 308 119 112 179 120 16 124 178 125 17 120 321 303 275 423 11 118 376 113 10 378 117 113 247 20 121 126 21 127 246 121 324 314 301 414 158 183 136 425 163 180 138 424 388 336 352 424 74 73 291 227 334 48 47 159 52 53 150 357 75 297 76 228 97 96 226 348 74 280 75 203 337 61 60 146 351 104 105 215 53 54 142 339 98 97 209 358 212 96 95 360 343 105 106 206 62 61 352 138 130 26 25 266 65 66 145 338 349 109 110 214 276 260 70 427 294 276 70 427 18 125 379 122 177 116 8 115 245 12 119 114 124 123 22 310 117 176 9 115 12 245 196 114 70 260 198 427 239 261 225 413 47 374 334 428 159 166 47 428 47 166 374 428 28 27 131 267 299 323 271 425 16 128 120 179 17 128 178 120 197 20 121 247 121 246 21 197 308 15 264 112 264 14 309 112 378 10 332 113 332 11 376 113 358 359 395 426 251 229 209 426 265 22 123 310 129 177 8 115 333 18 379 122 129 9 176 115 294 70 69 198 95 94 221 346 63 163 62 336 99 98 229 359 54 55 161 368 107 371 106 231 94 199 221 422 35 36 272 137 205 79 80 301 382 353 340 421 340 58 57 162 101 102 367 230 49 335 50 160 270 43 44 134 87 88 202 283 92 91 213 363 135 31 30 290 136 33 32 299 40 41 268 132 84 85 200 303 38 39 269 133 82 83 201 284 158 32 31 271 84 218 83 275 285 39 40 149 278 73 72 208 77 76 281 204 224 93 92 344 27 26 155 289 102 103 345 207 353 59 58 140 355 50 141 51 55 56 143 350 210 100 99 342 347 107 108 211 63 64 144 361 94 93 199 364 156 64 65 362 108 109 366 222 51 52 151 341 59 365 60 147 370 103 104 216 356 49 48 139 5 179 124 310 4 125 178 379 126 247 7 311 118 244 2 376 1 309 116 177 119 308 3 245 176 0 378 117 127 377 6 246 13 12 196 114 101 354 100 219 56 369 57 153 123 23 22 265 129 8 9 115 333 19 18 122 17 16 128 120 121 21 20 197 15 14 264 112 332 10 11 113 288 320 267 420 372 110 111 232 66 67 164 373 167 25 24 306 374 47 46 166 82 238 81 302 37 38 296 169 170 30 29 273 71 295 72 239 234 91 90 375 168 34 33 274 78 77 287 236 85 86 243 279 41 42 292 175 29 28 194 288 86 87 241 298 42 43 293 173 276 71 70 260 258 80 81 277 36 37 286 190 88 89 233 304 305 44 45 165 300 34 35 174 79 242 78 282 346 387 364 422 260 237 198 427 307 69 68 235 261 221 199 422 377 111 6 246 4 178 67 379 311 247 7 89 5 45 179 310 308 68 3 245 376 244 2 90 378 46 0 176 1 24 309 177 315 276 294 427 131 171 194 420 334 374 398 428 186 166 159 428 7 20 247 126 125 4 18 379 124 22 5 310 6 19 377 127 16 5 179 124 118 2 11 376 9 0 176 117 309 14 1 116 3 15 308 119 2 13 244 118 378 0 10 117 116 8 1 177 127 6 21 246 119 3 12 245 17 4 125 178 126 7 23 311 420 289 318 267 420 318 289 402 427 307 415 407 427 415 307 294 330 415 307 407 330 307 415 294 362 145 65 156 362 65 145 338 283 417 410 202 410 417 283 416 196 118 13 114 13 118 196 244 245 114 407 196 407 114 245 119 265 126 23 311 265 23 126 123 127 333 19 377 127 19 333 122 115 176 407 117 115 407 176 129 310 123 410 124 310 410 123 265 379 122 410 333 410 122 379 125 177 115 407 116 407 115 177 129 235 308 407 245 235 407 308 307 237 427 213 198 237 213 427 419 254 213 427 198 254 427 213 419 428 182 186 415 428 186 182 159 427 289 415 315 427 415 289 402 428 332 378 374 428 378 332 407 129 428 176 166 176 428 129 407 422 253 212 403 422 212 253 221 360 422 212 403 360 212 422 221 346 360 422 221 353 421 385 400 353 385 421 382 345 385 421 400 345 421 385 382 422 394 360 346 422 360 394 403 152 420 273 288 152 273 420 403 327 273 420 288 327 420 273 403 422 386 387 364 422 387 386 418 420 318 320 267 420 320 318 413 420 181 160 418 420 160 181 131</DataArray>
        <DataArray type="Int32" Name="offsets" format="ascii">4 8 12 16 20 24 28 32 36 40 44 48 52 56 60 64 68 72 76 80 84 88 92 96 100 104 108 112 116 120 124 128 132 136 140 144 148 152 156 160 164 168 172 176 180 184 188 192 196 200 204 208 212 216 220 224 228 232 236 240 244 248 252 256 260 264 268 272 276 280 284 288 292 296 300 304 308 312 316 320 324 328 332 336 340 344 348 352 356 360 364 368 372 376 380 384 388 392 396 400 404 408 412 416 420 424 428 432 436 440 444 448 452 456 460 464 468 472 476 480 484 488 492 496 500 504 508 512 516 520 524 528 532 536 540 544 548 552 556 560 564 568 572 576 580 584 588 592 596 600 604 608 612 616 620 624 628 632 636 640 644 648 652 656 660 664 668 672 676 680 684 688 692 696 700 704 708 712 716 720 724 728 732 736 740 744 748 752 756 760 764 768 772 776 780 784 788 792 796 800 804 808 812 816 820 824 828 832 836 840 844 848 852 856 860 864 868 872 876 880 884 888 892 896 900 904 908 912 916 920 924 928 932 936 940 944 948 952 956 960 964 968 972 976 980 984 988 992 996 1000 1004 1008 1012 1016 1020 1024 1028 1032 1036 1040 1044 1048 1052 1056 1060 1064 1068 1072 1076 1080 1084 1088 1092 1096 1100 1104 1108 1112 1116 1120 1124 1128 1132 1136 1140 1144 1148 1152 1156 1160 1164 1168 1172 1176 1180 1184 1188 1192 1196 1200 1204 1208 1212 1216 1220 1224 1228 1232 1236 1240 1244 1248 1252 1256 1260 1264 1268 1272 1276 1280 1284 1288 1292 1296 1300 1304 1308 1312 1316 1320 1324 1328 1332 1336 1340 1344 1348 1352 1356 1360 1364 1368 1372 1376 1380 1384 1388 1392 1396 1400 1404 1408 1412 1416 1420 1424 1428 1432 1436 1440 1444 1448 1452 1456 1460 1464 1468 1472 1476 1480 1484 1488 1492 1496 1500 1504 1508 1512 1516 1520 1524 1528 1532 1536 1540 1544 1548 1552 1556 1560 1564 1568 1572 1576 1580 1584 1588 1592 1596 1600 1604 1608 1612 1616 1620 1624 1628 1632 1636 1640 1644 1648 1652 1656 1660 1664 1668 1672 1676 1680 1684 1688 1692 1696 1700 1704 1708 1712 1716 1720 1724 1728 1732 1736 1740 1744 1748 1752 1756 1760 1764 1768 1772 1776 1780 1784 1788 1792 1796 1800 1804 1808 1812 1816 1820 1824 1828 1832 1836 1840 1844 1848 1852 1856 1860 1864 1868 1872 1876 1880 1884 1888 1892 1896 1900 1904 1908 1912 1916 1920 1924 1928 1932 1936 1940 1944 1948 1952 1956 1960 1964 1968 1972 1976 1980 1984 1988 1992 1996 2000 2004 2008 2012 2016 2020 2024 2028 2032 2036 2040 2044 2048 2052 2056 2060 2064 2068 2072 2076 2080 2084 2088 2092 2096 2100 2104 2108 2112 2116 2120 2124 2128 2132 2136 2140 2144 2148 2152 2156 2160 2164 2168 2172 2176 2180 2184 2188 2192 2196 2200 2204 2208 2212 2216 2220 2224 2228 2232 2236 2240 2244 2248 2252 2256 2260 2264 2268 2272 2276 2280 2284 2288 2292 2296 2300 2304 2308 2312 2316 2320 2324 2328 2332 2336 2340 2344 2348 2352 2356 2360 2364 2368 2372 2376 2380 2384 2388 2392 2396 2400 2404 2408 2412 2416 2420 2424 2428 2432 2436 2440 2444 2448 2452 2456 2460 2464 2468 2472 2476 2480 2484 2488 2492 2496 2500 2504 2508 2512 2516 2520 2524 2528 2532 2536 2540 2544 2548 2552 2556 2560 2564 2568 2572 2576 2580 2584 2588 2592 2596 2600 2604 2608 2612 2616 2620 2624 2628 2632 2636 2640 2644 2648 2652 2656 2660 2664 2668 2672 2676 2680 2684 2688 2692 2696 2700 2704 2708 2712 2716 2720 2724 2728 2732 2736 2740 2744 2748 2752 2756 2760 2764 2768 2772 2776 2780 2784 2788 2792 2796 2800 2804 2808 2812 2816 2820 2824 2828 2832 2836 2840 2844 2848 2852 2856 2860 2864 2868 2872 2876 2880 2884 2888 2892 2896 2900 2904 2908 2912 2916 2920 2924 2928 2932 2936 2940 2944 2948 2952 2956 2960 2964 2968 2972 2976 2980 2984 2988 2992 2996 3000 3004 3008 3012 3016 3020 3024 3028 3032 3036 3040 3044 3048 3052 3056 3060 3064 3068 3072 3076 3080 3084 3088 3092 3096 3100 3104 3108 3112 3116 3120 3124 3128 3132 3136 3140 3144 3148 3152 3156 3160 3164 3168 3172 3176 3180 3184 3188 3192 3196 3200 3204 3208 3212 3216 3220 3224 3228 3232 3236 3240 3244 3248 3252 3256 3260 3264 3268 3272 3276 3280 3284 3288 3292 3296 3300 3304 3308 3312 3316 3320 3324 3328 3332 3336 3340 3344 3348 3352 3356 3360 3364 3368 3372 3376 3380 3384 3388 3392 3396 3400 3404 3408 3412 3416 3420 3424 3428 3432 3436 3440 3444 3448 3452 3456 3460 3464 3468 3472 3476 3480 3484 3488 3492 3496 3500 3504 3508 3512 3516 3520 3524 3528 3532 3536 3540 3544 3548 3552 3556 3560 3564 3568 3572 3576 3580 3584 3588 3592 3596 3600 3604 3608 3612 3616 3620 3624 3628 3632 3636 3640 3644 3648 3652 3656 3660 3664 3668 3672 3676 3680 3684 3688 3692 3696 3700 3704 3708 3712 3716 3720 3724 3728 3732 3736 3740 3744 3748 3752 3756 3760 3764 3768 3772 3776 3780 3784 3788 3792 3796 3800 3804 3808 3812 3816 3820 3824 3828 3832 3836 3840 3844 3848 3852 3856 3860 3864 3868 3872 3876 3880 3884 3888 3892 3896 3900 3904 3908 3912 3916 3920 3924 3928 3932 3936 3940 3944 3948 3952 3956 3960 3964 3968 3972 3976 3980 3984 3988 3992 3996 4000 4004 4008 4012 4016 4020 4024 4028 4032 4036 4040 4044 4048 4052 4056 4060 4064 4068 4072 4076 4080 4084 4088 4092 4096 4100 4104 4108 4112 4116 4120 4124 4128 4132 4136 4140 4144 4148 4152 4156 4160 4164 4168 4172 4176 4180 4184 4188 4192 4196 4200 4204 4208 4212 4216 4220 4224 4228 4232 4236 4240 4244 4248 4252 4256 4260 4264 4268 4272 4276 4280 4284 4288 4292 4296 4300 4304 4308 4312 4316 4320 4324 4328 4332 4336 4340 4344 4348 4352 4356 4360 4364 4368 4372 4376 4380 4384 4388 4392 4396 4400 4404 4408 4412 4416 4420 4424 4428 4432 4436 4440 4444 4448 4452 4456 4460 4464 4468 4472 4476 4480 4484 4488 4492 4496 4500 4504 4508 4512 4516 4520 4524 4528 4532 4536 4540 4544 4548 4552 4556 4560 4564 4568 4572 4576 4580 4584 4588 4592 4596 4600 4604 4608 4612 4616 4620 4624 4628 4632 4636 4640 4644 4648 4652 4656 4660 4664 4668 4672 4676 4680 4684 4688 4692 4696 4700 4704 4708 4712 4716 4720 4724 4728</DataArray>
        <DataArray type="UInt8" Name="types" format="ascii">10 10 10 10 10 10 10 10 10 10 10 10 10 10 10 10 10 10 10 10 10 10 10 10 10 10 10 10 10 10 10 10 10 10 10 10 10 10 10 10 10 10 10 10 10 10 10 10 10 10 10 10 10 10 10 10 10 10 10 10 10 10 10 10 10 10 10 10 10 10 10 10 10 10 10 10 10 10 10 10 10 10 10 10 10 10 10 10 10 10 10 10 10 10 10 10 10 10 10 10 10 10 10 10 10 10 10 10 10 10 10 10 10 10 10 10 10 10 10 10 10 10 10 10 10 10 10 10 10 10 10 10 10 10 10 10 10 10 10 10 10 10 10 10 10 10 10 10 10 10 10 10 10 10 10 10 10 10 10 10 10 10 10 10 10 10 10 10 10 10 10 10 10 10 10 10 10 10 10 10 10 10 10 10 10 10 10 10 10 10 10 10 10 10 10 10 10 10 10 10 10 10 10 10 10 10 10 10 10 10 10 10 10 10 10 10 10 10 10 10 10 10 10 10 10 10 10 10 10 10 10 10 10 10 10 10 10 10 10 10 10 10 10 10 10 10 10 10 10 10 10 10 10 10 10 10 10 10 10 10 10 10 10 10 10 10 10 10 10 10 10 10 10 10 10 10 10 10 10 10 10 10 10 10 10 10 10 10 10 10 10 10 10 10 10 10 10 10 10 10 10 10 10 10 10 10 10 10 10 10 10 10 10 10 10 10 10 10 10 10 10 10 10 10 10 10 10 10 10 10 10 10 10 10 10 10 10 10 10 10 10 10 10 10 10 10 10 10 10 10 10 10 10 10 10 10 10 10 10 10 10 10 10 10 10 10 10 10 10 10 10 10 10 10 10 10 10 10 10 10 10 10 10 10 10 10 10 10 10 10 10 10 10 10 10 10 10 10 10 10 10 10 10 10 10 10 10 10 10 10 10 10 10 10 10 10 10 10 10 10 10 10 10 10 10 10 10 10 10 10 10 10 10 10 10 10 10 10 10 10 10 10 10 10 10 10 10 10 10 10 10 10 10 10 10 10 10 10 10 10 10 10 10 10 10 10 10 10 10 10 10 10 10 10 10 10 10 10 10 10 10 10 10 10 10 10 10 10 10 10 10 10 10 10 10 10 10 10 10 10 10 10 10 10 10 10 10 10 10 10 10 10 10 10 10 10 10 10 10 10 10 10 10 10 10 10 10 10 10 10 10 10 10 10 10 10 10 10 10 10 10 10 10 10 10 10 10 10 10 10 10 10 10 10 10 10 10 10 10 10 10 10 10 10 10 10 10 10 10 10 10 10 10 10 10 10 10 10 10 10 10 10 10 10 10 10 10 10 10 10 10 10 10 10 10 10 10 10 10 10 10 10 10 10 10 10 10 10 10 10 10 10 10 10 10 10 10 10 10 10 10 10 10 10 10 10 10 10 10 10 10 10 10 10 10 10 10 10 10 10 10 10 10 10 10 10 10 10 10 10 10 10 10 10 10 10 10 10 10 10 10 10 10 10 10 10 10 10 10 10 10 10 10 10 10 10 10 10 10 10 10 10 10 10 10 10 10 10 10 10 10 10 10 10 10 10 10 10 10 10 10 10 10 10 10 10 10 10 10 10 10 10 10 10 10 10 10 10 10 10 10 10 10 10 10 10 10 10 10 10 10 10 10 10 10 10 10 10 10 10 10 10 10 10 10 10 10 10 10 10 10 10 10 10 10 10 10 10 10 10 10 10 10 10 10 10 10 10 10 10 10 10 10 10 10 10 10 10 10 10 10 10 10 10 10 10 10 10 10 10 10 10 10 10 10 10 10 10 10 10 10 10 10 10 10 10 10 10 10 10 10 10 10 10 10 10 10 10 10 10 10 10 10 10 10 10 10 10 10 10 10 10 10 10 10 10 10 10 10 10 10 10 10 10 10 10 10 10 10 10 10 10 10 10 10 10 10 10 10 10 10 10 10 10 10 10 10 10 10 10 10 10 10 10 10 10 10 10 10 10 10 10 10 10 10 10 10 10 10 10 10 10 10 10 10 10 10 10 10 10 10 10 10 10 10 10 10 10 10 10 10 10 10 10 10 10 10 10 10 10 10 10 10 10 10 10 10 10 10 10 10 10 10 10 10 10 10 10 10 10 10 10 10 10 10 10 10 10 10 10 10 10 10 10 10 10 10 10 10 10 10 10 10 10 10 10 10 10 10 10 10 10 10 10 10 10 10 10 10 10 10 10 10 10 10 10 10 10 10 10 10 10 10 10 10 10 10 10 10 10 10 10 10 10 10 10 10 10 10 10 10 10 10 10 10 10 10 10 10 10 10 10 10 10 10 10 10 10 10 10 10 10 10 10 10 10 10 10 10 10 10 10 10 10 10 10 10 10 10 10 10 10 10 10 10 10 10 10 10 10 10 10 10 10 10 10 10 10 10 10 10 10 10 10 10 10 10 10 10 10 10 10 10 10 10 10 10 10 10 10 10 10 10 10 10 10 10 10 10 10 10 10 10 10 10 10 10 10 10 10 10 10 10 10 10 10 10 10 10 10 10 10 10 10 10 10 10 10 10 10 10 10 10 10 10 10 10 10 10 10 10 10 10 10 10 10 10 10 10 10 10 10 10 10 10 10 10 10 10 10 10 10 10 10 10 10 10 10 10 10 10 10 10 10 10 10 10 10 10 10 10 10</DataArray>
      </Cells>
      <PointData Vectors="Displacement">
        <DataArray type="Float64" Name="Displacement" NumberOfComponents="3" format="ascii">0 0 0 0 0 0 0 0 0 0 0 0 1.98387755802e-06 -6.81479408952e-08 -2.15367803704e-05 -1.9925575653e-06 -7.10342205386e-08 -2.15374001785e-05 1.99255617322e-06 -7.27224168848e-08 -2.15359441544e-05 -1.98257449249e-06 -6.69322642195e-08 -2.15358398766e-05 0 0 0 0 0 0 0 0 0 0 0 0 0 0 0 0 0 0 0 0 0 0 0 0 -6.64690352859e-07 -6.9822662976e-08 -2.15357112104e-05 6.56626229189e-07 -6.91352406329e-08 -2.15356803827e-05 1.98595106903e-06 -6.98833159985e-08 -2.15380532012e-05 1.98949733447e-06 -7.1006353016e-08 -2.15377227853e-05 -6.55533538785e-07 -6.91592821301e-08 -2.15342733613e-05 6.65081486679e-07 -7.06127550807e-08 -2.15344330513e-05 -1.98932687508e-06 -6.96630818221e-08 -2.15380016805e-05 -1.98616155188e-06 -6.87795368153e-08 -2.1537635472e-05 -1.76670552074e-07 -4.44006714251e-08 -8.66901737991e-08 -3.21264745226e-07 -6.34512060219e-08 -2.72200504693e-07 -4.75138594167e-07 -5.9384680569e-08 -5.65867459287e-07 -6.5200896637e-07 -5.3651116237e-08 -9.62187774393e-07 -7.83701839505e-07 -7.3393762655e-08 -1.46295914704e-06 -9.18091035921e-07 -5.0256603552e-08 -2.06952243192e-06 -1.0494316892e-06 -4.36063779641e-08 -2.76672186099e-06 -1.16250899392e-06 -4.7367234249e-08 -3.54437323719e-06 -1.25958561845e-06 -6.51041031378e-08 -4.38862488796e-06 -1.35701964783e-06 -5.14595067827e-08 -5.31208647303e-06 -1.46152171237e-06 -4.87070615516e-08 -6.28906770401e-06 -1.55285104875e-06 -6.21315941176e-08 -7.34857844065e-06 -1.61596673489e-06 -6.58252651663e-08 -8.45781528991e-06 -1.69406559513e-06 -5.87366395809e-08 -9.61455105773e-06 -1.76224404268e-06 -6.05359453001e-08 -1.08266564877e-05 -1.81705833319e-06 -6.64185218247e-08 -1.20788952019e-05 -1.85316875146e-06 -6.93479920617e-08 -1.33626982074e-05 -1.89538586493e-06 -6.67511695162e-08 -1.46739625581e-05 -1.93191763255e-06 -6.66506909403e-08 -1.60147649667e-05 -1.95885138086e-06 -6.91008928375e-08 -1.73792493302e-05 -1.97699929864e-06 -6.9351210101e-08 -1.87551240269e-05 -1.98859454847e-06 -6.84673301052e-08 -2.01422178402e-05 1.63086364633e-07 4.42255740617e-08 -8.32655126366e-08 3.24884985436e-07 5.80234286224e-08 -2.58863157499e-07 4.81406571355e-07 4.23296700126e-08 -5.56065079472e-07 6.46210745864e-07 4.43495149769e-08 -9.69462385803e-07 7.75447954602e-07 4.77353344052e-08 -1.46777652855e-06 9.19576562204e-07 2.2591360866e-08 -2.0712265303e-06 1.04804375825e-06 1.60099729487e-08 -2.76950119686e-06 1.16043734773e-06 2.675774754e-08 -3.54626754364e-06 1.23980355383e-06 2.49977611885e-08 -4.39287770484e-06 1.34317715601e-06 7.88117651433e-09 -5.30581719844e-06 1.45125970954e-06 2.60897905557e-09 -6.29516020849e-06 1.53601533576e-06 4.18076789753e-09 -7.35073993344e-06 1.60744466559e-06 -7.09474731783e-10 -8.45264325963e-06 1.68728931029e-06 -2.14560938819e-08 -9.61582979245e-06 1.75059514185e-06 -2.83057917052e-08 -1.08275358517e-05 1.79899615169e-06 -3.19344297705e-08 -1.20762788817e-05 1.84761003982e-06 -3.06861543789e-08 -1.3359035172e-05 1.88760122548e-06 -4.25362288821e-08 -1.46778320145e-05 1.92318567999e-06 -4.8876755856e-08 -1.60158916014e-05 1.94706576419e-06 -5.28968470801e-08 -1.73792148925e-05 1.96736736306e-06 -5.96017150521e-08 -1.87546729032e-05 1.97859464713e-06 -6.44952722981e-08 -2.01434026879e-05 -1.61531341171e-07 4.32536221755e-08 -8.16458840858e-08 -3.29650777168e-07 5.02972176075e-08 -2.68975032983e-07 -4.75941877896e-07 6.05170653788e-08 -5.45820176377e-07 -6.47927213119e-07 4.67382418756e-08 -9.56171268774e-07 -7.92024310355e-07 4.66247740522e-08 -1.46831745141e-06 -9.22764419138e-07 2.68175582838e-08 -2.06992863361e-06 -1.04581311264e-06 2.05304168619e-08 -2.76502809527e-06 -1.15994956365e-06 3.00103709393e-08 -3.54116467374e-06 -1.23936591122e-06 2.88966810066e-08 -4.38779328906e-06 -1.34185018636e-06 1.44398851678e-08 -5.30052319681e-06 -1.44343718783e-06 3.51080391064e-09 -6.28675783309e-06 -1.53560340851e-06 6.12308401229e-09 -7.34605010983e-06 -1.60254265202e-06 -1.85587871976e-09 -8.45663983654e-06 -1.68212485804e-06 -1.94518524094e-08 -9.61379102484e-06 -1.74980226869e-06 -2.65915385064e-08 -1.08261362444e-05 -1.80404141167e-06 -3.06916748346e-08 -1.20768986114e-05 -1.84666875218e-06 -2.9226133465e-08 -1.33591576498e-05 -1.88777194075e-06 -4.14542516375e-08 -1.46751472084e-05 -1.92600751915e-06 -4.7474542409e-08 -1.60129466082e-05 -1.95161408775e-06 -5.22794428733e-08 -1.7375457423e-05 -1.96953593219e-06 -5.7113234433e-08 -1.8754399298e-05 -1.978692664e-06 -6.2693370504e-08 -2.01414509788e-05 1.79672856798e-07 -4.71600719084e-08 -8.54483774845e-08 3.4140484435e-07 -6.74674885913e-08 -2.70461572845e-07 4.79680170649e-07 -7.55214855168e-08 -5.55192664465e-07 6.41708536471e-07 -5.64904338759e-08 -9.49785357415e-07 7.77305418512e-07 -7.38164365654e-08 -1.46269629271e-06 9.17255927035e-07 -5.55645510335e-08 -2.07009585616e-06 1.03351738748e-06 -4.74147210379e-08 -2.76321142937e-06 1.16063033304e-06 -5.1277784091e-08 -3.53768202513e-06 1.26088897039e-06 -6.94558708331e-08 -4.38230604274e-06 1.35866065091e-06 -5.64083285304e-08 -5.30830794245e-06 1.46820211532e-06 -5.66775156276e-08 -6.29401250214e-06 1.54891970767e-06 -6.09108822223e-08 -7.34282010294e-06 1.63224894328e-06 -6.31076304307e-08 -8.45145880946e-06 1.69860334881e-06 -6.01183378127e-08 -9.61813437593e-06 1.76308988908e-06 -5.95548454552e-08 -1.08267974871e-05 1.81753806017e-06 -6.75715983425e-08 -1.20775596765e-05 1.85290602949e-06 -7.08483849975e-08 -1.33612629055e-05 1.89522329054e-06 -6.71910538919e-08 -1.46730467868e-05 1.93379427239e-06 -6.89009397275e-08 -1.60141659529e-05 1.95685154913e-06 -7.27999504913e-08 -1.73765233022e-05 1.97566374915e-06 -7.0762715573e-08 -1.87546965289e-05 1.98857782791e-06 -7.01185086793e-08 -2.01407821588e-05 0 0 0 0 0 0 0 0 0 0 0 0 0 0 0 0 0 0 0 0 0 0 0 0 -1.75867418002e-09 -6.96138184233e-08 -2.15365946448e-05 1.76167613181e-09 -6.99220498722e-08 -2.15359695518e-05 1.002781928e-06 -7.00632537885e-08 -2.1536617947e-05 -1.0027448113e-06 -6.93973908717e-08 -2.15366047863e-05 -1.02452443552e-06 -6.9679347088e-08 -2.15365087314e-05 1.02048242756e-06 -6.93559633411e-08 -2.15364680489e-05 -1.02012034196e-06 -6.90565670509e-08 -2.1535759156e-05 1.02509323647e-06 -7.06091375109e-08 -2.1535853066e-05 -4.23687200727e-09 -6.66439990489e-08 -2.02342475171e-05 -6.99394319257e-09 -1.14899189351e-09 -3.20283955417e-08 -1.60505428229e-07 -3.38787842264e-08 -3.67685867201e-07 -2.91592774974e-07 -3.06653293067e-08 -1.18826407965e-06 -8.26488133428e-07 -5.89270800514e-08 -1.39824007356e-05 -7.84942776814e-07 -5.22309482812e-08 -1.14588635017e-05 -8.6783782639e-07 -6.52101357738e-08 -1.8078086028e-05 -4.82845050092e-07 -2.46691720153e-08 -3.13777080401e-06 -5.70801837886e-07 -3.49032277144e-08 -4.80499364149e-06 -6.37583947433e-07 -4.14379848443e-08 -7.91603051326e-06 7.20371511945e-07 -4.00068185143e-08 -1.27040784429e-05 2.1208248058e-07 1.85445625044e-08 -7.14331463296e-07 6.74173343925e-07 -2.42214567701e-08 -9.05348669312e-06 3.48580912911e-07 1.44697790232e-08 -1.74993281912e-06 4.74775564073e-07 -5.80421801797e-10 -3.94368824619e-06 6.00526932002e-07 -7.32264578572e-09 -5.7717136012e-06 8.22220622579e-07 -5.42041640019e-08 -1.53361737455e-05 7.75807190289e-07 -6.02856651863e-08 -1.80602023162e-05 6.99888357158e-07 -4.31376840682e-08 -1.14384972982e-05 7.40267434531e-07 -3.49901957327e-08 -1.02114769296e-05 -3.51027361577e-07 -4.55773351492e-08 -9.60106144188e-06 -8.07307714326e-07 -5.76335336005e-08 -1.2709601627e-05 4.30104622116e-07 -3.47109253245e-09 -3.12331073764e-06 4.19254593476e-07 -4.37182753658e-10 -2.39124663996e-06 -1.91331034828e-07 -1.93135694071e-08 -2.04439669846e-06 6.43582046077e-07 -1.21427177312e-08 -6.79796825731e-06 -2.83688035703e-07 -2.96997144401e-08 -6.27194682357e-06 -2.44065132479e-07 -2.55742263729e-08 -7.10226984578e-07 8.44460112092e-07 -5.39856911677e-08 -1.6689925768e-05 -3.71272603763e-07 -6.10471920508e-08 -1.60089467655e-05 -5.30543615519e-07 -3.31196737247e-08 -3.9393649764e-06 1.50149645367e-07 1.28233572079e-08 -3.62596070651e-07 2.38508489998e-07 3.92359451511e-09 -1.19587021855e-06 5.41399695369e-07 -6.15491547761e-09 -4.81719580866e-06 5.23292478502e-07 -2.27004290199e-08 -7.91725976639e-06 7.72160709523e-07 -4.75451319277e-08 -1.40064013824e-05 9.18184193695e-07 -6.23000288181e-08 -1.93993569941e-05 -9.78371566395e-07 -6.66707349753e-08 -1.94145923936e-05 1.17573949875e-07 2.82104878466e-08 -1.35554669847e-07 -1.04271011887e-07 -2.42529586265e-08 -1.45519866691e-07 -7.15260560133e-07 -3.40901674298e-08 -5.57685415937e-06 -8.97289670087e-07 -5.50939209204e-08 -1.0452197264e-05 -5.21407598415e-07 -3.63010157843e-08 -2.53023682838e-06 -7.61895021993e-08 -1.34957537115e-08 -1.56214083707e-06 -1.57740546911e-07 -3.91685581341e-08 -8.68985391715e-06 -9.98457182685e-07 -6.38322380348e-08 -1.69672424737e-05 -7.73153539601e-07 -4.00383460924e-08 -7.01547032218e-06 -9.7633400231e-07 -6.43700053642e-08 -1.50633754719e-05 4.96132256527e-08 1.33861765853e-08 -2.49329676853e-08 -4.85322125902e-08 -1.98431345511e-08 -2.38547595517e-08 1.02126416324e-06 -6.65105687173e-08 -2.05513064814e-05 -1.02895976078e-06 -6.79201596667e-08 -2.05514855895e-05 -2.64362120773e-08 -5.20617983676e-08 -1.33464579312e-05 -9.36640142042e-09 -7.59974545335e-09 -9.06263576085e-07 -1.02342923001e-08 -4.08161092503e-09 -5.19332993e-07 -1.0735325739e-08 -1.50452353358e-08 -4.36448760172e-06 -3.04059851826e-09 -1.57684779464e-08 -3.51729741192e-06 -4.79361747036e-09 -4.82520212185e-08 -1.20656650761e-05 3.94409744437e-10 -7.07851131747e-09 -2.33150081622e-07 -1.57930404057e-08 -6.28694862319e-08 -1.8748899532e-05 -3.35267020539e-08 -5.74571728694e-08 -1.46477630758e-05 -3.4691433819e-08 -6.08343209272e-08 -1.73902105004e-05 -8.9022750328e-07 -4.9183101784e-08 -8.8436972976e-06 -5.33009197542e-08 -3.05978625162e-08 -7.24803572588e-06 -2.96856270552e-08 -1.91788594772e-08 -5.26895525008e-06 -2.799928121e-08 -1.6642044535e-08 -2.74984039576e-06 -4.40417305388e-07 -4.07118589685e-08 -1.6431768628e-06 -4.96549110987e-08 -4.63574756312e-08 -1.08353082843e-05 5.24254290613e-09 -5.19232698116e-09 -2.99181691794e-08 4.6879274934e-09 -6.70066617235e-08 -2.02332382778e-05 -1.61408133776e-07 2.2504075564e-08 -3.72486737226e-07 3.04457273635e-07 -3.57693139704e-08 -1.1721874737e-06 -8.13317768725e-07 -4.59054040302e-08 -1.39823493357e-05 -7.73762309095e-07 -3.95677693412e-08 -1.14580997847e-05 -8.59589411005e-07 -5.91664548124e-08 -1.80762432222e-05 -4.30973713188e-07 -2.48206648768e-09 -3.11771366439e-06 -5.69078121646e-07 -2.14404401123e-09 -4.79707856054e-06 -6.21311280939e-07 -2.14801722692e-08 -7.91141396726e-06 7.31441298308e-07 -5.6933359466e-08 -1.27078509281e-05 6.8765470701e-07 -5.23871581551e-08 -9.05742786282e-06 -3.73188632678e-07 1.54313908115e-08 -1.7405688166e-06 4.80751073292e-07 -3.26025817194e-08 -3.93255195125e-06 6.15357287537e-07 -3.32473566089e-08 -5.76846377271e-06 8.29838115464e-07 -6.26303724066e-08 -1.5333281444e-05 3.86962264703e-07 -2.11069345443e-08 -2.38216213612e-06 1.48640216029e-07 -2.13770745869e-08 -3.7694581042e-07 7.81492086992e-07 -6.56665942058e-08 -1.80598995604e-05 7.1111388769e-07 -5.10487114615e-08 -1.1435606237e-05 7.51925838583e-07 -4.98059086286e-08 -1.02108733572e-05 -3.3935085138e-07 -3.37080216214e-08 -9.60091296985e-06 -7.965067716e-07 -4.11828569453e-08 -1.27058817177e-05 6.61249994709e-07 -4.65902391367e-08 -6.79518109487e-06 -2.67244823959e-07 -1.56206423992e-08 -6.2687994762e-06 3.43415822415e-07 -4.03798826294e-08 -1.72967776513e-06 8.5224185116e-07 -6.44287025589e-08 -1.66891245507e-05 -3.647977703e-07 -5.64366759963e-08 -1.60065305829e-05 2.45263140797e-07 -3.28176102018e-08 -7.23155758822e-07 -1.17848016985e-07 -2.03023020372e-10 -9.2720533126e-07 4.36435314363e-07 -2.92157711035e-08 -3.11513167333e-06 -3.82594853324e-07 2.14740827143e-09 -2.38319502041e-06 -4.75943823484e-07 9.54895390142e-10 -3.93844142146e-06 5.41975607424e-07 -3.43836724629e-08 -4.81587309353e-06 5.34181694272e-07 -4.20161234745e-08 -7.91109035612e-06 7.85807149029e-07 -5.90637968833e-08 -1.40036635523e-05 9.27450179625e-07 -6.75347158541e-08 -1.9397663798e-05 -9.6865744954e-07 -6.19592651605e-08 -1.94142562433e-05 1.00110910348e-07 -2.41500343756e-08 -1.36563966797e-07 -1.08995403465e-07 2.77946542938e-08 -1.33798937021e-07 -6.97026755604e-07 2.4913235987e-09 -5.57021511795e-06 -3.74402516541e-08 -5.20208533894e-09 -5.95242604449e-07 -8.85511916592e-07 -2.97638654877e-08 -1.04516727813e-05 -3.81562698108e-07 2.33235926767e-08 -1.28267056057e-06 -1.49453878893e-07 -3.39711633795e-08 -8.68812959832e-06 -9.94201952881e-07 -5.53208548347e-08 -1.69649855637e-05 -7.54718185322e-07 -1.37184999272e-08 -7.01225291327e-06 -9.70132031494e-07 -5.05901948067e-08 -1.50625194965e-05 5.13577043405e-08 -2.66816156013e-08 -2.42748228504e-08 -4.70856630419e-08 1.25418155341e-08 -2.46966078819e-08 1.02945843371e-06 -6.898811827e-08 -2.05502827951e-05 -1.01966095914e-06 -6.61528337921e-08 -2.05503906041e-05 -1.08650240548e-08 -5.22819308836e-08 -1.33461540471e-05 2.65280074124e-09 -1.75979331726e-08 -3.51030943073e-06 3.50901594926e-09 -1.28477705332e-08 -2.73206193624e-06 -5.03034802189e-09 -1.38809155105e-08 -4.36061856387e-06 5.67102317174e-09 -4.71256563118e-08 -1.20642731427e-05 2.47831212257e-09 -1.00454439194e-08 -2.04325257065e-06 1.36706284908e-09 2.10637005804e-09 -2.04935304493e-07 -5.5423719895e-09 -6.31590839064e-08 -1.8747607345e-05 -2.66158022546e-08 -5.56321038315e-08 -1.46454917151e-05 -2.7766866337e-08 -5.98467725426e-08 -1.73896559405e-05 -8.78339346728e-07 -2.34734099424e-08 -8.8421227502e-06 -3.33847077598e-08 -2.82154287682e-08 -7.24423237591e-06 -2.73469735001e-07 2.54317709793e-08 -6.50505067377e-07 -2.26640683834e-08 -1.13719887707e-08 -1.44241767764e-06 -1.28496144357e-08 -1.51518910823e-08 -5.26528159207e-06 -3.79978379855e-08 -4.1820247405e-08 -1.08339489464e-05 -1.46626477055e-07 -3.01079683819e-10 -9.36424929448e-08 -1.98432699571e-06 -6.60072183139e-08 -2.02361663108e-05 -4.12261370309e-07 -3.51208434697e-08 -4.30565217229e-07 -6.88164536619e-07 -3.58662353996e-08 -1.22627993352e-06 -1.87375272907e-06 -5.84149765182e-08 -1.40150724633e-05 -1.78038673243e-06 -5.01953530015e-08 -1.14498671075e-05 -1.96285062547e-06 -6.58833918365e-08 -1.80699877945e-05 -1.1886360338e-06 -3.68086269243e-08 -3.96671383763e-06 -1.5781423236e-06 -5.52202336033e-08 -7.90621392767e-06 -9.74619758842e-07 -2.08467869202e-08 -2.41345817542e-06 -1.41653351248e-06 -2.73063372601e-08 -5.79464916289e-06 -1.81960333134e-06 -3.84576989492e-08 -1.27190852345e-05 -5.87596786244e-07 1.29906806255e-08 -7.53173772966e-07 -1.65683816729e-06 -2.7838402108e-08 -9.03764116479e-06 -8.56836756584e-07 1.51963796743e-08 -1.77382209756e-06 -1.91253645996e-06 -5.30029161085e-08 -1.53428528941e-05 -1.09098341059e-06 -1.38902655881e-09 -3.14729384162e-06 -1.30138269722e-06 -1.41822413349e-09 -4.83998800629e-06 -1.48029679926e-06 -1.40475286433e-08 -6.82195948482e-06 -1.95985773446e-06 -5.87830784102e-08 -1.80644775908e-05 -1.77457205866e-06 -4.13053941307e-08 -1.14495436829e-05 -1.82935876791e-06 -6.30268473382e-08 -1.27209319327e-05 -1.66059908671e-06 -4.5690584747e-08 -9.03833450395e-06 -1.40577985447e-06 -1.3943950518e-08 -5.79659350826e-06 -8.74613304329e-07 -3.44955358528e-08 -1.78130655904e-06 -5.67541977548e-07 -1.78998267365e-08 -7.54457596322e-07 -1.09375417317e-06 -1.89883362386e-08 -3.14933667008e-06 -9.74431931984e-07 -4.09527263067e-09 -2.41491064398e-06 -1.91383443899e-06 -5.80148348122e-08 -1.53445363093e-05 -1.93890912294e-06 -6.35606523096e-08 -1.66978245886e-05 -3.75993914201e-07 2.44329638551e-08 -4.27151965142e-07 -7.11863280009e-07 2.32719714012e-08 -1.23194262185e-06 -1.71793626562e-06 -4.51716441324e-08 -1.02202801858e-05 -1.19671057227e-06 1.87553266951e-08 -3.96763417951e-06 -1.93707606827e-06 -5.32990172719e-08 -1.66997329658e-05 -1.32055377461e-06 -3.72202645374e-08 -4.86093001976e-06 -1.49018945552e-06 -3.66094076072e-08 -6.82282360868e-06 -1.57183255448e-06 -7.85082731487e-09 -7.90693710479e-06 -1.71322872384e-06 -3.71901951394e-08 -1.02200948012e-05 -1.87617185829e-06 -4.43605303731e-08 -1.40220459588e-05 -1.9738136717e-06 -6.07847448782e-08 -1.94032830971e-05 -1.97945788054e-06 -6.67624450498e-08 -1.94025664431e-05 -2.4414125014e-07 -2.77383958312e-08 -1.79016043152e-07 -2.53339571291e-07 1.61352248957e-08 -1.83471492629e-07 -1.18942471483e-07 1.32092324414e-08 -5.4943737516e-08 -1.17835198151e-07 -8.2298814898e-09 -5.86744524274e-08 -1.9864439035e-06 -6.78238722512e-08 -2.05524854724e-05 -1.98080658117e-06 -6.54656325876e-08 -2.05519947215e-05 -1.9220518497e-06 -5.70202238871e-08 -1.60182053192e-05 -1.79327466387e-06 -4.75817204874e-08 -1.20793087682e-05 -1.63264875843e-06 -3.50738749721e-08 -8.46598343093e-06 -4.82186975955e-07 -5.69432394306e-09 -5.757246209e-07 -1.69934288437e-06 -3.89813686282e-08 -9.62287981429e-06 -1.43473724542e-06 -2.27282630968e-08 -6.30138062652e-06 -6.34286826275e-07 -3.95234820527e-09 -9.76299675755e-07 -1.3650044526e-06 -1.97362322801e-08 -5.3254274186e-06 -7.94656926454e-07 -4.93926485906e-10 -1.48980518261e-06 -1.84993795241e-06 -5.21578021819e-08 -1.33665402318e-05 -1.03337349638e-06 -1.08276609454e-08 -2.7943778127e-06 -1.25042356445e-06 -1.15790418755e-08 -4.40276941252e-06 -1.51528859148e-06 -2.96370319765e-08 -7.35858359014e-06 -1.74811816202e-06 -4.33710056257e-08 -1.0841398955e-05 -1.95045529239e-06 -6.03017181711e-08 -1.73814624657e-05 -9.3527034548e-07 -1.44104062755e-08 -2.08459629864e-06 -1.12438212682e-06 -1.15437723085e-08 -3.5455625284e-06 -1.89645659413e-06 -5.3470822255e-08 -1.46817143566e-05 -3.01261354656e-07 1.31080221432e-09 -2.87781506675e-07 -1.97142414871e-06 -6.29284780185e-08 -1.87519398393e-05 1.48626299676e-07 3.91470731785e-09 -9.37273111824e-08 1.98429253658e-06 -6.77786969357e-08 -2.02364109871e-05 4.28906075673e-07 1.79930576159e-08 -4.01495742013e-07 7.02337693092e-07 1.76714924647e-08 -1.23139091168e-06 1.8774619308e-06 -4.53156430541e-08 -1.40217572436e-05 1.77530660719e-06 -4.04823197508e-08 -1.14485422025e-05 1.96023710529e-06 -6.1217283692e-08 -1.80645255282e-05 1.19832687302e-06 1.56382825291e-08 -3.96960902194e-06 1.5654920976e-06 -1.22744706493e-08 -7.90813049409e-06 9.79025151081e-07 -8.93808584173e-09 -2.41688566449e-06 1.41276016115e-06 -3.13896850628e-08 -5.79839672016e-06 1.82905309877e-06 -6.46264965318e-08 -1.27200692743e-05 5.7172224692e-07 -3.54583485431e-08 -7.66222745452e-07 1.65741785933e-06 -5.01918139535e-08 -9.03398883408e-06 8.70182177442e-07 -3.54072380081e-08 -1.78062843191e-06 1.91130812964e-06 -5.83783483376e-08 -1.53448255519e-05 1.09281987611e-06 -1.72922365579e-08 -3.1514755746e-06 1.96570222073e-06 -6.73746193348e-08 -1.80678885053e-05 1.40141086462e-06 -2.12887529411e-08 -5.80181388253e-06 1.77973187665e-06 -5.06021874964e-08 -1.14487527708e-05 1.82027176515e-06 -4.20948855077e-08 -1.27216409362e-05 1.66666022598e-06 -2.97840620741e-08 -9.03860944903e-06 1.49120223858e-06 -4.79772391493e-08 -6.8295410368e-06 8.67898054186e-07 8.62862056134e-09 -1.77547501712e-06 5.66035291861e-07 6.67765214485e-09 -7.70051008692e-07 1.09383399175e-06 -4.22419134463e-09 -3.15073618626e-06 1.18947885907e-06 -3.93966597217e-08 -3.96442568861e-06 1.32257355793e-06 -4.15764884003e-08 -4.85760938013e-06 9.8094183607e-07 -2.78128110282e-08 -2.41205818744e-06 1.91167381301e-06 -5.36885113007e-08 -1.53436123594e-05 1.93855766683e-06 -5.40841702977e-08 -1.66995859387e-05 3.92659591069e-07 -4.51539078038e-08 -4.2671256333e-07 6.8247091823e-07 -3.41013612559e-08 -1.20796409279e-06 1.72018431923e-06 -3.70286103041e-08 -1.02192038504e-05 1.93846407924e-06 -6.62089346959e-08 -1.66967987092e-05 1.57175638339e-06 -4.43246172924e-08 -7.89492599204e-06 1.30229299311e-06 -6.12584295282e-09 -4.84169280357e-06 1.48399263325e-06 -1.26382673184e-08 -6.82243844106e-06 1.72015651386e-06 -4.62439982953e-08 -1.02174857774e-05 1.87343280181e-06 -5.97362125469e-08 -1.40144564407e-05 1.9795280018e-06 -6.80857695043e-08 -1.94024971689e-05 1.97457803991e-06 -6.34828455577e-08 -1.94040629569e-05 2.32008604535e-07 2.09235697376e-08 -1.94064275899e-07 2.44148680007e-07 -2.83004468434e-08 -1.77235722946e-07 1.17279030765e-07 -8.45906212502e-09 -5.87455343214e-08 1.9863179977e-06 -6.95456418675e-08 -2.0551996533e-05 1.09116267359e-07 1.31840077412e-08 -5.75800243656e-08 1.98135945943e-06 -6.7458111294e-08 -2.05530446927e-05 1.92126664551e-06 -5.78183652602e-08 -1.60187136222e-05 1.79384317542e-06 -4.80961284332e-08 -1.20786458793e-05 1.6225859222e-06 -3.87243140152e-08 -8.46895536324e-06 5.00949531937e-07 -9.19532011443e-09 -5.82347481251e-07 1.52622809581e-06 -2.86629669939e-08 -7.35809171474e-06 1.69971291538e-06 -3.90516012698e-08 -9.61797458894e-06 6.48428446571e-07 -1.82377799623e-08 -9.81927424884e-07 8.01966632613e-07 -8.24325018456e-09 -1.48591606209e-06 1.84975828922e-06 -5.44785084629e-08 -1.33670910617e-05 1.03721288117e-06 -1.47477341285e-08 -2.79467712365e-06 1.43321214772e-06 -2.86119270122e-08 -6.30533003393e-06 1.74978426879e-06 -4.31799975272e-08 -1.08398343876e-05 1.36457764715e-06 -2.4392290643e-08 -5.326722193e-06 1.95111414387e-06 -6.1969651018e-08 -1.73807743438e-05 9.40229526588e-07 -1.92479979912e-08 -2.08393030191e-06 1.25114413202e-06 -1.52461213659e-08 -4.40253334841e-06 1.12515013251e-06 -1.23427228984e-08 -3.54807816247e-06 1.89606951486e-06 -5.43542045709e-08 -1.4681586115e-05 3.10022643703e-07 -1.31515815739e-08 -2.77284992923e-07 1.97201025154e-06 -6.5092797982e-08 -1.87503074711e-05 2.40450845842e-10 -3.80436050579e-08 -9.13639981455e-06 1.05825624243e-09 -2.51537875291e-08 -6.76548939156e-06 7.6856788136e-09 -7.72070764655e-09 -7.23167661916e-07 -1.59521214145e-09 -1.12050019684e-08 -1.80297043735e-06 -8.41373320391e-10 -4.87295695491e-08 -1.27035333469e-05 -1.40513812443e-10 -1.84949318574e-08 -3.93388051094e-06 5.16737072958e-10 -6.01259405281e-08 -1.669117657e-05 5.11210060889e-09 -2.90027331258e-09 -1.13843584622e-07 4.34751082615e-10 -4.39016039419e-08 -1.08656912699e-05 -1.26358281845e-09 -1.24645983849e-08 -2.78051178255e-06 -1.21873264656e-10 -6.54665810192e-08 -1.94913860315e-05 -1.09489862932e-09 -1.98737183865e-08 -5.32693011249e-06 -1.85144595875e-10 -5.54790484664e-08 -1.47541469115e-05 -1.32152327488e-07 -1.10552548399e-08 -1.19880697228e-06 -4.35749826896e-07 -3.19522187839e-08 -7.91871842527e-06 -1.0555491554e-07 -5.07290138139e-09 -3.63313006271e-07 -4.55350194199e-07 -6.10640116897e-08 -1.80845514967e-05 5.45977651172e-07 -6.17197401377e-08 -1.79178780093e-05 2.13231219438e-07 -1.22270487122e-08 -1.29470017979e-06 1.14888574711e-07 -4.08544882619e-09 -4.04956078176e-07 -2.78239618989e-07 -2.15430038013e-08 -1.42902560694e-06 5.55529352255e-07 -3.23616620108e-08 -8.18657408832e-06 3.1003762044e-07 -2.71176331567e-08 -1.4404190679e-06 -5.87752436742e-07 -5.26035355275e-08 -1.3721393503e-05 5.88995761531e-07 -5.29905180112e-08 -1.37213498225e-05 -4.17153903819e-07 -1.72249698698e-08 -4.61336316827e-06 4.1640277577e-07 -1.81234991592e-08 -4.61208385016e-06 -2.01579354964e-07 9.4491379331e-09 -5.21733615162e-07 1.32470607263e-07 6.402646003e-09 -2.32005241725e-07</DataArray>
        <DataArray type="Float64" Name="DisplacementMagnitude" format="ascii">0 0 0 0 2.16280679449e-05 2.16294923186e-05 2.16280479765e-05 2.16270081319e-05 0 0 0 0 0 0 0 0 2.15460795925e-05 2.15457992943e-05 2.16295312252e-05 2.16295317638e-05 2.15443597358e-05 2.15448166942e-05 2.16297894292e-05 2.16291310519e-05 2.01740154224e-07 4.25828846869e-07 7.41275391089e-07 1.16352887703e-06 1.66127200769e-06 2.26458384094e-06 2.95938477433e-06 3.7304493644e-06 4.56627012798e-06 5.48292012548e-06 6.45684061125e-06 7.51111255494e-06 8.61105806112e-06 9.76283259485e-06 1.09693053276e-05 1.22149834918e-05 1.34907652469e-05 1.47960170469e-05 1.61310088027e-05 1.74894305496e-05 1.88591625764e-05 2.02402602646e-05 1.88377836607e-07 4.19436653551e-07 7.36717354564e-07 1.16593847395e-06 1.66071253689e-06 2.26629891302e-06 2.96121409524e-06 3.73139977839e-06 4.56454951445e-06 5.47319679243e-06 6.46027891053e-06 7.50950984816e-06 8.60413022512e-06 9.76276539604e-06 1.0968177478e-05 1.22095830637e-05 1.34862309496e-05 1.47987702315e-05 1.61310202989e-05 1.74880237147e-05 1.88576733032e-05 2.02404463455e-05 1.86089495674e-07 4.28423871131e-07 7.26706716136e-07 1.1559661033e-06 1.66896150821e-06 2.26645491967e-06 2.95626908995e-06 3.72642333332e-06 4.55956059589e-06 5.46775242607e-06 6.45033699064e-06 7.50483627647e-06 8.60714259907e-06 9.75986169379e-06 1.09666649932e-05 1.22109372066e-05 1.34862201064e-05 1.47961260789e-05 1.61284288718e-05 1.74847948614e-05 1.88576198588e-05 2.02385079155e-05 2.04469638497e-07 4.40747764769e-07 7.37587591792e-07 1.14763811372e-06 1.65805097167e-06 2.26489353142e-06 2.95054973681e-06 3.72355828369e-06 4.5606218179e-06 5.47971476226e-06 6.46323627676e-06 7.50465651849e-06 8.60786705252e-06 9.76715805261e-06 1.09695750402e-05 1.22137405515e-05 1.34893152783e-05 1.47950899952e-05 1.61306484307e-05 1.74865127996e-05 1.88586027187e-05 2.02388355483e-05 0 0 0 0 0 0 0 0 2.15367072245e-05 2.15360831335e-05 2.15600647738e-05 2.15600477475e-05 2.15609766446e-05 2.1560743277e-05 2.15600170859e-05 2.15603517846e-05 2.02343577105e-05 3.28032550935e-08 4.02619747965e-07 1.22390286862e-06 1.40069299051e-05 1.148583545e-05 1.80990217772e-05 3.17479976203e-06 4.83890451117e-06 7.94177369883e-06 1.27245489014e-05 7.45380653641e-07 9.07858566513e-06 1.78437184992e-06 3.97216429119e-06 5.8028755037e-06 1.53582945015e-05 1.80769582303e-05 1.14599705502e-05 1.02383339109e-05 9.60758441611e-06 1.27353461235e-05 3.15278797231e-06 2.42772220371e-06 2.05342115493e-06 6.82837592133e-06 6.27842957532e-06 7.5142810672e-07 1.67113628851e-05 1.60133677485e-05 3.97506853501e-06 3.92664315855e-07 1.21942907707e-06 4.84752792381e-06 7.93456694067e-06 1.40277500828e-05 1.94211738907e-05 1.94393429343e-05 1.81643975488e-07 1.8065625238e-07 5.62263835964e-06 1.049078604e-05 2.58365672161e-06 1.56405593584e-06 8.69137373247e-06 1.69967146373e-05 7.05805874914e-06 1.50951201449e-05 5.71166767313e-08 5.76036040625e-08 2.05767733681e-05 2.0577340238e-05 1.33465856538e-05 9.0634383925e-07 5.19449860819e-07 4.3645267363e-06 3.517334072e-06 1.20657625107e-05 2.33257843259e-07 1.87490115914e-05 1.46479141345e-05 1.73903515076e-05 8.88852664262e-06 7.24829628953e-06 5.26907377937e-06 2.75003329426e-06 1.70166244031e-06 1.08355212261e-05 3.08146290363e-08 2.02333497739e-05 4.06577653684e-07 1.21160932185e-06 1.40060589048e-05 1.14842642079e-05 1.8096766663e-05 3.14736127498e-06 4.8307160154e-06 7.93580242112e-06 1.27290110767e-05 9.08364535308e-06 1.78019316051e-06 3.96196281811e-06 5.80128815653e-06 1.53558481922e-05 2.4134791774e-06 4.05757362388e-07 1.80769193757e-05 1.14578086448e-05 1.02386428696e-05 9.60696752809e-06 1.27308895717e-05 6.8274379029e-06 6.27451278373e-06 1.76390196246e-06 1.67109947489e-05 1.60107864832e-05 7.64320126184e-07 9.34664604359e-07 3.14569144816e-06 2.41371123759e-06 3.96709519235e-06 4.84639592367e-06 7.92921598015e-06 1.40258181327e-05 1.94199404117e-05 1.94385051299e-05 1.71041327048e-07 1.74799016965e-07 5.61365736085e-06 5.96441608447e-07 1.04891601747e-05 1.33842364351e-06 8.68948136651e-06 1.69941823309e-05 7.05276390192e-06 1.50938136039e-05 6.27597755783e-08 5.46285570179e-08 2.05761674513e-05 2.05757779598e-05 1.33462608733e-05 3.51035454392e-06 2.73209439842e-06 4.36064355844e-06 1.20643665167e-05 2.04327876719e-06 2.04950688419e-07 1.87477145528e-05 1.46456215611e-05 1.73897810902e-05 8.88567193512e-06 7.24436424852e-06 7.06108570702e-07 1.4426405439e-06 5.26531907259e-06 1.08340962956e-05 1.73977960982e-07 2.03333307045e-05 5.97142627337e-07 1.40663402904e-06 1.41398945452e-05 1.15875689111e-05 1.81764017917e-05 4.14113863152e-06 8.06236944935e-06 2.60290196269e-06 5.96533919816e-06 1.28486405694e-05 9.55358295757e-07 9.18829938088e-06 1.96998603832e-06 1.54616861936e-05 3.33102165365e-06 5.01189413665e-06 6.98073113359e-06 1.81705764471e-05 1.15863222238e-05 1.28519506349e-05 9.18973163708e-06 5.96463810578e-06 1.98473963818e-06 9.4426191532e-07 3.33391364762e-06 2.60409826614e-06 1.54635352532e-05 1.68101384449e-05 5.69585107393e-07 1.42301564911e-06 1.0363757647e-05 4.1442235628e-06 1.68117871034e-05 5.03725007089e-06 6.98376165524e-06 8.06166072184e-06 1.03627637972e-05 1.41470760784e-05 1.95035132769e-05 1.95033918923e-05 3.04008408319e-07 3.13214100053e-07 1.31683748566e-07 1.31892214479e-07 2.0648370845e-05 2.06473331811e-05 1.61332091125e-05 1.22117893184e-05 8.62204428183e-06 7.50996367646e-07 9.77185252171e-06 6.46269180277e-06 1.16425789923e-06 5.4976180174e-06 1.68849025963e-06 1.34940501197e-05 2.97934982527e-06 4.57690634212e-06 7.51303735663e-06 1.09815176298e-05 1.74906589238e-05 2.28483697607e-06 3.71959434193e-06 1.48037881366e-05 4.1662731259e-07 1.88553897044e-05 1.75755258101e-07 2.03335766765e-05 5.87778021642e-07 1.4177143909e-06 1.41469640916e-05 1.15854421983e-05 1.81706730647e-05 4.14656817592e-06 8.06160307147e-06 2.60766302482e-06 5.96810531992e-06 1.28510612078e-05 9.56671792075e-07 9.18490650104e-06 1.98219784758e-06 1.546351118e-05 3.33561877323e-06 1.81746284584e-05 5.9687058857e-06 1.158636898e-05 1.28512765664e-05 9.1910339011e-06 6.99060917983e-06 1.97626744698e-06 9.55729615873e-07 3.3352105122e-06 4.13921285916e-06 5.03461004552e-06 2.6040439969e-06 1.54623355111e-05 1.68118143413e-05 5.81639099058e-07 1.38784246459e-06 1.036303684e-05 1.68090783134e-05 8.04998380248e-06 5.01378038709e-06 6.98198110449e-06 1.03613750319e-05 1.41392470876e-05 1.9503334668e-05 1.95043750923e-05 3.03194214208e-07 3.03021442688e-07 1.31441867728e-07 2.06478777912e-05 1.24079156463e-07 2.06484377628e-05 1.61336231082e-05 1.22112191387e-05 8.62307889283e-06 7.68221046561e-07 7.514765961e-06 9.76708678244e-06 1.1768489855e-06 1.68853930206e-06 1.34945802858e-05 2.98098109386e-06 6.46622784469e-06 1.09802376591e-05 5.49878499855e-06 1.74900544147e-05 2.28629996967e-06 4.57688692969e-06 3.7222269961e-06 1.48036145869e-05 4.1614176792e-07 1.88538349353e-05 9.1364790234e-06 6.76553623449e-06 7.2324971222e-07 1.80300596081e-06 1.27036268354e-05 3.93392398968e-06 1.66912848722e-05 1.13995205677e-07 1.08657799679e-05 2.78054000794e-06 1.94914959743e-05 5.32696729733e-06 1.47542512194e-05 1.20611965124e-06 7.93076291126e-06 3.78370076841e-07 1.80903862714e-05 1.79263006021e-05 1.31219876894e-06 4.20957837251e-07 1.45602045723e-06 8.20546497414e-06 1.47365728149e-06 1.37340765879e-05 1.37340877001e-05 4.6322169424e-06 4.6308786611e-06 5.59401007995e-07 2.6723751206e-07</DataArray>
        <DataArray type="Float64" Name="NodalVonMises" format="ascii">22967.383446 24629.9154674 25141.7704433 23489.3540499 1750.70428052 1627.48423096 1689.10789496 1719.87487875 10260.2436072 10535.931359 27553.4338128 28716.8273256 9971.171037 8323.28639049 28592.2131002 28867.5886527 1910.54797933 1869.64034837 1705.84032752 1702.27490014 1909.35576505 1886.89823494 1677.44561501 1752.37638768 27993.1416414 28231.5766694 28715.1740727 25195.4304125 25066.4649826 21349.0443065 20982.3142511 17865.1271986 18293.831653 17968.7179084 15119.8501793 14154.5596177 13157.3570887 11624.8051121 10730.5135001 8300.33392222 7431.49903692 7021.32202188 5216.60782442 4245.35931647 3036.83342866 1962.88248859 28366.7435963 28867.5289871 26279.8876309 25279.5107618 24011.4333694 21991.6727945 20580.3714446 17364.874757 16893.2499978 17994.6551987 15833.9548033 14169.131781 14306.9282615 11355.8291232 9726.262505 8296.64059782 8029.98128598 6742.34506256 5183.89769769 4211.97757158 3184.88683739 2168.95978041 28855.5625181 26800.8986009 29560.5457951 25566.0296868 24456.4538543 21393.1478001 20467.9839918 17584.2418089 16930.6238842 17741.4980116 15181.0754862 14732.1075032 13862.3777014 11638.1794192 10643.8571325 8385.76886557 7920.02662307 7097.20568095 5249.06806796 3981.60474543 2786.81243369 1881.98513644 29005.319615 27479.2253652 26990.6021637 23277.0757914 25725.9743704 21572.3664026 20559.0369179 18665.3479371 18184.7766892 17798.1565273 15708.2467463 14185.1357716 13668.8251957 11137.5184439 10418.7140039 8215.12196872 7337.50669771 7102.86032867 5314.93514437 4033.6341204 3062.28529262 2084.9729957 17833.4979425 17654.9151525 8974.27404703 9701.79317545 16729.9463516 15877.5630917 14972.6993804 16375.616549 1916.87363849 1917.74639712 1717.48016383 1736.41882627 1736.99414764 1775.2420918 1795.24253479 1734.97089661 2101.25200598 10501.0088391 21146.0619292 13505.3130475 4458.71263202 5824.34772099 2939.22129315 11180.6616328 12346.3746424 6729.2417234 5847.77797901 18486.1280515 7883.92645982 14320.8498918 10324.8675414 10793.5878859 4191.75415268 2872.13203009 4994.44332444 6229.27388836 5759.62323116 5107.48797706 11657.9809821 12043.2883511 10810.1430676 10039.4074544 6982.91353635 18160.3292378 3782.27656183 3166.73162632 11030.7928423 14514.2339638 12539.4868911 9423.94296462 8304.2803956 5207.61421942 2489.65198456 2057.44346968 21511.3021832 17080.9658077 12448.3203341 7746.72864051 14903.7256001 7931.79231994 4477.48368597 3443.65059665 10035.0548741 5015.4592013 16663.3823361 18016.545909 1964.281639 1809.63601976 3219.16111336 8804.55266029 8462.97461213 5691.5296529 5681.97140389 3507.37695289 9397.09625386 2230.74800513 3065.28017277 2454.79250731 9189.38593285 4840.45856623 5777.32034962 6261.43579313 16310.839727 3752.15641547 9250.32636234 2165.49277521 16490.1843342 12954.925236 5389.46767302 5717.60285909 2389.42178818 11618.8467247 9345.07474814 8578.94509727 4908.59202613 7157.85935277 14359.8618611 10627.5129784 11079.5148154 4344.42505423 10918.0317926 14858.1830032 3053.7203618 5881.18023018 6379.63412684 5717.64490347 5199.08146141 10093.8068028 7330.10064391 16957.3431622 3232.15525378 3109.97589124 15067.6459033 13931.6311846 12960.5860948 11658.8572917 10400.4919345 11813.0371312 7326.93831486 4430.79899096 2372.78719028 2055.96735563 19793.4169248 21045.7167748 12259.1405063 9446.52112446 7735.18572888 18934.5860796 5059.16975151 3119.10521833 10286.5875548 5000.95167422 19922.7660348 15293.4430853 1817.59060526 1844.997743 3065.03741127 5623.48509864 5626.97567448 5450.99787065 3487.3299793 6821.49571103 10649.7116505 2369.04469537 2944.97211053 2528.04440685 9670.16824796 4600.95692932 19458.6750682 8949.18332544 5814.93180441 3734.11631166 25467.5333631 2067.26552438 30045.4383255 26345.0881352 5937.11411491 8585.03422824 4022.64683671 18082.4704347 14241.667097 17365.0108132 13126.4191948 8239.4531676 25959.1065888 11667.7544908 21706.3631532 5024.73870166 16906.264995 14029.0149732 13745.0444211 3137.98496735 8387.26284845 7871.89985015 11451.1784336 13816.2609314 25019.9647469 24171.32429 16617.0447419 17853.3939806 5282.72949401 4469.67376368 29042.561724 25297.0618037 9413.05952087 17247.0301513 4751.1433705 19705.028805 13414.9369418 14953.4531494 9292.83451842 8114.6894287 2540.69152752 2599.9946758 24987.3537733 25564.4905515 23251.4091081 24232.0368151 1828.97490092 1941.83849764 4757.44597087 8682.12848864 14963.0328323 33244.9401314 9640.71117677 12646.2458457 23406.6841365 17688.995013 27474.8231876 9603.53747942 20191.4138842 22064.9234075 16489.8739224 10335.8615791 4721.09109049 20443.1258128 18166.4120919 7015.40989472 27567.0992603 3309.68769035 25686.0081612 1976.95167371 24927.4948406 26444.7749791 7905.99873773 7404.50835043 3099.78916373 17101.4766522 15768.1488795 17558.0881801 13985.7095845 7787.54262925 25424.7975118 12102.1229437 28040.7866717 5711.11865228 17759.8823283 3835.353578 15146.1365805 8416.70290342 9038.435337 13189.4599277 14719.9397423 23350.4459996 25769.5859841 16633.6754021 18141.5997484 19212.6510773 16513.2137516 4834.7645035 4714.54329938 29932.4492024 22180.4250415 8691.94872654 4559.57554484 13817.0161407 13827.289549 13940.988312 9319.2645522 5899.15798378 2524.39007892 2566.09296813 33020.6129557 25772.6367712 24656.4830272 1880.63244014 22462.6090093 1894.99674015 4957.28286713 8635.61739887 18303.8747849 29011.7018089 16518.9948204 10340.1981823 23672.867514 27399.4059803 9520.08727706 19650.6086686 13579.9039617 10028.2682907 17178.1250071 4854.77787841 20413.6405753 21954.7210528 17829.9242443 6876.14648518 30010.6978654 3192.54307044 6367.01645064 8677.99980477 12874.3017724 11942.6989443 5520.72980602 11351.098051 3369.30056262 14815.141131 5634.10686852 10226.2061553 2138.37155351 8271.09874565 3662.2978067 14102.2863201 9109.31866642 18245.0942215 2764.71623356 2874.97973101 15757.2760115 18243.4028944 16723.9194727 9804.90516695 17144.5450985 5013.70781742 4979.2969798 11438.1810787 11201.9714444 17665.7721834 18381.8800575</DataArray>
        <DataArray type="Float64" Name="NodalStressTrace" format="ascii">50559.2671987 -51524.6125405 51865.0027486 -52904.016206 367.209997008 -525.083855906 551.55383996 -569.327224307 -26277.2604931 23238.0523547 75050.2716001 78692.1776746 -22439.874992 14110.2863847 -79250.7684302 -78246.1499465 -53.8693618207 -0.0661558427314 708.912332624 676.620142995 -103.755427717 22.118505334 -729.363067394 -742.209588764 -32273.46182 -29927.0647256 -29961.3463275 -26136.9317829 -24627.15017 -21117.209373 -22226.1760834 -19773.5679593 -19835.5415492 -18904.1364293 -14944.5272244 -16626.08264 -15070.3233901 -10959.6954959 -11105.6775784 -9355.80794592 -8344.36108164 -6744.38978123 -4715.23204895 -4559.89159423 -2844.80514701 -1366.27877725 31762.1598051 29123.7919882 28095.2254072 26505.5196549 25078.1771602 23477.2090187 22540.5712194 20193.9850303 19704.200503 18324.6350991 16157.1741909 15579.3358529 14419.7983545 12047.2189994 11367.1151026 9075.20912081 8280.52141945 7262.27944889 5321.04254924 4131.42501965 2625.69927494 1283.68350898 -32394.9315208 -26916.5514101 -28573.3379438 -25982.8852496 -26339.6939085 -22827.8919205 -21939.1761257 -20142.2290083 -19332.1287073 -17817.4314732 -14062.9975758 -16681.199468 -15371.5144444 -11061.9092642 -11114.8475788 -9165.86394744 -8598.5097673 -7329.8878361 -5129.61988898 -4067.9812611 -2658.5635132 -1292.74594408 32664.8823093 30636.3341946 29517.3298794 24167.9998778 26865.5863355 23733.0091612 22105.8413752 19867.7102977 20078.3111636 18613.9375895 16500.3353564 15459.1569722 14652.9083803 12556.3298522 11240.4877966 9361.03757011 8384.63233901 6984.11872456 5243.9847217 4353.79921184 2927.92499287 1338.96866045 -33939.3212437 34927.6730867 -4415.50127364 -132.798525107 -35121.2211516 35780.6149462 28807.1482029 -36917.9490208 -32.2368612891 6.28186236307 93.9245543924 -123.462180888 -325.621581227 145.35557704 -264.931437273 224.427907599 32.5375595101 1376.26327199 -19297.1389648 -10386.9768399 -3260.40241661 -5012.12673721 -2018.60649212 -10510.8728753 -10111.3160409 -5125.35670285 5190.26588626 17841.310547 7116.72222352 12405.376041 7787.61231305 11222.6835322 3298.0152972 1305.60811036 3740.48571831 6647.34028094 -3742.52259986 -3845.65061817 10702.3352556 12147.2254187 -7894.89313957 9212.62809252 -5137.43494406 -16338.8218401 2926.21750879 -1338.53350224 -9347.67522934 13777.3914717 8050.68992272 7918.75540289 6134.80628896 3837.79359421 1437.00505962 -1129.50060626 20916.4996026 -12537.98288 -11805.8733665 -8152.55359343 -16256.5447505 -4119.66224122 -1459.42164263 -2519.83263433 -9869.90166028 -4872.4262904 23440.9544685 -26280.760848 348.283989849 -290.35295459 158.246571124 -706.695850711 -178.586720903 -132.909374912 -744.916845649 175.963541231 -326.784193508 62.3995125864 -116.076989026 -362.726644048 -8752.21095487 -922.470045126 -1929.80336398 -1874.18913583 -15001.8456123 -1020.75030588 1144.62940881 90.6973304848 -12912.658278 10305.3258034 -4251.30585537 -5054.71154093 -1266.24725872 -10329.9329705 -7673.68850973 -6400.23443387 3477.4001934 6584.33165557 -11911.8340345 8616.5653964 9896.25210904 4046.62930713 9923.18544133 10777.844691 1882.89991988 5045.15798551 6052.94082685 -3918.85296546 -4127.69520475 9165.4460031 -4035.9493144 16413.523119 2033.55646054 -1687.86872186 12292.1856131 -9650.23942988 13521.3696353 -11528.3665622 -7710.14249944 9582.77642961 4972.74170422 3322.61433894 1513.17336234 -1168.82220291 17848.988524 -21540.0868795 -12836.3057232 -2740.93636322 -8134.22508614 -17641.5103946 -2493.17750336 -2400.75798875 -9837.67944541 -4461.74052364 27024.5186904 -22950.932378 314.023086116 -283.885061273 -76.190454479 1158.82411629 371.125339576 -153.658417506 -389.594573278 912.381119444 -1084.99733256 161.606510117 -735.837711439 -282.748762443 -9242.09195456 -2108.3593174 -17629.2521795 -1162.66856128 170.750404421 -1031.33065838 -44205.3367689 -926.900328496 -34417.1734733 -26006.0662466 -5810.23781076 -9959.34404067 -4111.01711954 -20039.9069839 -16818.3147732 -19917.950138 -15114.2424743 -9061.93669002 -27647.6296655 -13279.0887689 -24992.2895625 -5243.03859816 -20760.348559 -14508.5026359 -15512.3966594 -2371.0193258 -9753.48553695 -9442.26167268 -13137.2339101 -16723.3217424 -25168.3231132 -25618.3312172 -19678.2853275 -21762.0751269 -6004.58474678 -4795.47502968 -31763.2598343 -28585.3692108 -11050.5523058 -20983.6352614 -5467.84591774 -21098.0969416 -15420.5461009 -16894.5176869 -10954.0780963 -8582.03790904 -2520.7883614 -2229.15332178 -28284.9955744 -29559.2715977 -42450.9914492 -46602.4230655 -845.232923745 -929.253085333 -4785.44738065 -7861.35982765 -14568.4819104 -34421.0034586 -11434.7797976 -15121.9491048 -23985.5089665 -21696.8736179 -27586.269033 -8758.5946774 -29925.6679714 -20443.2719226 -15346.7929032 -15197.8996994 -4212.92990034 -21672.2612586 -16645.0386627 -8297.96940746 -25914.0026142 -2723.36050293 41339.3123018 975.080140774 27635.4723355 27687.5935627 8622.05294865 8918.08107125 2390.85298175 20977.043878 16672.6583002 20804.3840838 15963.6362197 9423.05218199 27859.179006 14897.1975996 29356.3277615 6725.96046924 21195.7580695 3778.31951459 19016.1891794 10317.1906849 9813.53098864 13882.1225189 17516.3076795 26675.7524432 28189.378098 20709.8101637 19538.6981946 20958.6124803 19788.9436625 5394.72452308 5522.75252442 34335.6693584 23899.4517809 10867.4958163 4701.20099126 15025.1259099 14405.2759199 16097.0965799 12077.0682046 5867.66723354 2290.34266283 2470.22824757 35380.1628882 30282.8736786 45857.2924494 877.607451337 37692.6518083 789.902781656 5075.57348735 7699.63739381 18530.54606 30812.156911 14911.9170891 10522.7120704 25642.8430175 29045.5354308 9041.05807818 28868.4356881 15583.7057603 14452.314958 21084.3050758 4384.06555567 21224.6152393 20564.0435884 17377.6713866 7914.15796839 30177.9543398 2931.20264161 16.8771097709 1220.49397188 4722.38045909 -133.051013023 21.0253984567 -28.0517599968 112.281177906 -714.602954946 -237.220092363 -315.208433574 15.4717163294 -615.695950487 -220.008476441 -8247.7393777 -7048.83645299 -14632.4709243 -1460.34385706 1511.55426718 9653.36057034 13631.7766764 -14688.6458547 7790.99175938 15115.7119076 -4174.7049572 3934.63533059 -10305.476254 9947.33240569 -14560.63307 16715.1645268</DataArray>
        <DataArray type="Float64" Name="NodalPrincipalStress" NumberOfComponents="3" format="ascii">7804.82731953 10697.6094372 32056.830442 -33490.0721928 -10459.908064 -7574.6322837 7591.93167417 10323.3549315 33949.7161429 -33196.0691945 -11234.0008197 -8473.94619175 -708.429237153 -168.115715024 1243.75494919 -1216.7482 90.9815886877 600.682755409 -614.829758115 -101.090851 1267.47444908 -1294.52067582 108.801976808 616.391474705 -15520.4969171 -6025.73867087 -4731.02490512 3465.0086663 5187.62997296 14585.4137154 14668.4268963 17054.6804904 43327.1642134 15445.2103493 17937.3381806 45309.6291447 -13965.9625984 -5034.49909462 -3439.41329901 701.497269535 3482.19325781 9926.59585738 -45414.7702198 -18145.5241888 -15690.4740216 -45240.3371471 -17854.5352698 -15151.2775295 -1133.68021875 12.3656738389 1067.44518309 -1053.77903753 -46.9539336012 1100.66681529 -579.303003667 -41.1570420496 1329.37237834 -589.216022511 -48.9594775616 1314.79564307 -1154.32222263 5.60950183541 1044.95729308 -1059.21413913 -32.8490652211 1114.18170969 -1308.49528456 -0.782227833631 579.914444998 -1366.87724972 34.8208269545 589.846833998 -29230.0151409 -3541.97287544 498.52619628 -28540.9318345 -2997.30945424 1611.17656318 -28941.8278891 -2657.62862477 1638.11018628 -25349.9655388 -2221.46493 1434.49868589 -24499.1014737 -2501.20119281 2373.1524965 -21147.9125196 -1408.69697244 1439.400119 -21283.3956539 -1846.95649677 904.176067241 -18346.8656549 -2194.21349226 767.511187794 -18572.3891611 -2301.3689373 1038.21654921 -18170.2337717 -1559.37483281 825.47217514 -14936.28149 -1298.20506833 1289.95933384 -14798.0319874 -2289.50231688 461.451664338 -13653.4598045 -1891.94520055 475.081614983 -11341.1409633 -579.395263164 960.840730562 -10797.753475 -846.439048329 538.514944899 -8542.42604321 -1249.62753479 436.245632075 -7637.02427552 -1143.45352878 436.116722664 -6877.58517868 -452.818836571 586.014234021 -5013.49188093 -248.328909599 546.58874158 -4333.40172898 -351.559389241 125.069523989 -2961.84464625 -122.203944611 239.243443854 -1743.74849847 -3.73077223712 381.20049346 -229.422421259 2583.22103559 29408.3611908 -2570.53073769 3244.06262637 28450.2600995 -1219.32550244 2604.26358834 26710.2873213 -952.569943458 1863.71922756 25594.3703708 -1550.60117713 2517.97349773 24110.8048396 -915.356741633 2011.0418124 22381.523948 -854.282307773 2318.84983871 21076.0036885 -893.555771121 3051.79683702 18035.7439644 -875.742717782 3009.38926066 17570.5539602 -1155.36607616 1503.46205369 17976.5391215 -900.647330366 1196.02142319 15861.8000981 -512.692078773 1548.77009878 14543.2578329 -1162.85387574 1402.72128097 14179.9309493 -482.895416411 997.988015323 11532.1264005 -305.160644556 1511.0190244 10161.2567228 -322.347050784 909.736017668 8487.82015393 -474.05655787 712.167234463 8042.41074286 -428.413324547 848.04092054 6842.6518529 -391.324801081 542.9343001 5169.43305023 -448.659661985 443.724046301 4136.36063534 -525.576231065 198.392017647 2952.88348836 -595.369850553 65.7011023137 1813.35225722 -29900.2500287 -2953.52240084 458.840908665 -26728.5844905 -1802.14885837 1614.18193879 -28780.3722007 -2813.97157277 3021.0058297 -25559.1643052 -1996.63188962 1572.91094525 -24976.6923955 -2132.06468626 769.063173275 -21742.4390169 -2055.86542075 970.412517227 -20791.8072449 -2217.67827409 1070.30939324 -18172.4921322 -2941.71306347 971.976187397 -17495.0420089 -2753.64417055 916.5574721 -17653.6964744 -1250.16020142 1086.42520262 -14729.8388056 -690.415017808 1357.25624764 -15235.9826058 -1990.2105859 544.993723659 -14237.4524463 -1730.00745077 595.945452731 -11378.6902957 -647.352642806 964.133674352 -10750.7271986 -835.356271869 471.235891655 -8575.15818618 -972.386074571 381.680313309 -8046.68883222 -978.488294342 426.667359256 -7127.26722516 -611.903156244 409.282545305 -5168.37090683 -407.980948036 446.731965889 -3984.1650695 -339.803218288 255.987026685 -2727.2261693 -164.641987889 233.30464399 -1668.48841121 10.2078641772 365.53460296 -525.356419121 3137.03535158 30053.2033768 -1207.29423301 3567.27619604 28276.3522316 -1430.74982276 3408.76835272 27539.3113495 -1415.22673423 2150.79347175 23432.4331403 -1807.87840082 2995.28189502 25678.1828413 -739.509194575 2331.58318246 22140.9351733 -961.789257212 2146.67069781 20920.9599346 -818.67103639 1720.54109055 18965.8402435 -897.362154902 2409.59428503 18566.0790335 -985.369868209 1650.74273896 17948.5647187 -875.266418435 1511.69423074 15863.9075441 -536.640226921 1473.94296385 14521.8542352 -697.152443452 1483.95250444 13866.1083193 -277.400541698 1295.29380939 11538.4365845 -558.124811978 1201.94066622 10596.6719424 -459.277136983 1348.86369209 8471.451015 -398.660431729 1199.08016643 7584.21260431 -570.880665512 546.094817507 7008.90457257 -369.111434023 348.183300931 5264.9128548 -192.109525779 445.555888278 4100.35284934 -270.856114681 200.24765394 2998.53345361 -476.503410818 9.9950674533 1805.47700381 -22765.3778038 -7604.18923682 -3569.75420307 4078.10087973 7797.98637031 23051.5858366 -6753.07737543 -1009.40212098 3346.97822277 -5406.96091567 -24.3663975924 5298.52878816 -22507.7946343 -7991.33888385 -4622.08763348 5281.2498553 8278.35979058 22221.0053003 3155.70891778 6393.56743145 19257.8718537 -22901.1763842 -8498.01725076 -5518.75538582 -1102.37927755 -37.8561213436 1107.9985376 -1100.01128723 -4.86781858886 1111.16096818 -870.958769492 -124.18374372 1089.0670676 -1090.94107573 69.379312645 898.099582193 -1164.59381278 17.8936297817 821.078601774 -878.125369207 -120.863523789 1144.34447004 -1198.37087297 92.6396062727 840.799829424 -824.873299255 -98.9653931451 1148.2666 -1171.11201076 -42.1097620198 1245.75933229 -5177.87064984 201.296956916 6352.83696492 -20211.2344303 -1567.7711341 2481.86659958 -11921.7825426 -1178.33272242 2713.13842509 -3931.06685899 -298.647922576 969.312364954 -5436.62462535 -472.846395337 897.344283484 -2597.49641645 -3.57224363176 582.462167962 -10764.0523104 -1043.93699373 1297.11642881 -11318.3925777 -760.806213646 1967.88275043 -5879.34527261 -900.459222581 1654.44779234 -819.604048944 493.343805724 5516.52612948 -1684.61567761 1465.67124832 18060.2549763 -1058.43656129 711.97048427 7463.18830054 -2054.14576472 1025.03503209 13434.4867736 -2622.78714766 1375.8365494 9034.56291132 -800.073663441 1244.83248845 10777.9247072 -828.981756406 354.690763218 3772.30629039 -978.962269038 54.1229682152 2230.44741118 -1228.73858607 612.182447463 4357.04185692 -541.561679137 982.538312137 6206.36364794 -4859.8481957 -335.742966443 1453.06856228 -4500.06439219 -583.86743719 1238.28121121 -1773.52002682 1462.38126496 11013.4740175 -1179.30494936 1543.2392584 11783.2911097 -9437.38577958 -721.379297864 2263.87193788 -1236.79020112 846.812723968 9602.60556968 -6047.53602687 -685.666065007 1595.76714781 -17285.9202389 -1323.92428022 2271.02267903 -711.482612932 222.528066248 3415.17205548 -2414.65444893 -34.1908176042 1110.3117643 -10146.6542894 -1293.73552495 2092.71458497 -2322.07514245 2383.18175483 13716.2848593 -3019.64592723 359.885539989 10710.45031 -1678.64574287 949.435831995 8647.96531376 -1760.88199545 521.548884325 7374.13940008 -993.012632057 168.24173538 4662.56449089 -719.891758435 98.5285636089 2058.36825445 -1676.25038947 -63.059807791 609.809591004 -2110.30507092 2301.20950553 20725.595168 -15184.1431879 -1061.52756041 3707.68786828 -12071.4862007 -1010.9423743 1276.55520855 -7796.14731686 -843.840887356 487.434610781 -15191.7732455 -1862.10368801 797.33218297 -5721.90618078 -1671.56009455 3273.80403411 -3122.58741755 -288.872641213 1952.03841614 -3051.77470945 -177.735886803 709.677961927 -9786.06389307 -1212.92790562 1129.09013841 -4916.5853174 -423.685294381 467.844321381 563.087749855 4287.87890706 18589.9878116 -20481.7755235 -4619.96874694 -1179.01657754 -901.310872305 -76.6497559449 1326.2446181 -1191.83631871 30.5992196999 870.884144418 -1672.88968496 -164.257375235 1995.39363132 -5106.26341941 -293.508922404 4693.0764911 -4792.5264438 -123.929360094 4737.86908299 -3354.08523191 84.6953229965 3136.480534 -3610.75180504 4.43154533606 2861.40341406 -1970.91996821 112.503874446 2034.379635 -5756.7403838 540.540733665 4889.41545663 -1281.23417827 79.8870289669 1263.74666189 -1730.99068434 -100.448567503 1715.36226282 -1568.98759374 -18.6066230406 1224.86757273 -8882.54259419 -953.847314616 1084.17895393 -2995.70033241 -381.239000473 2454.46928776 -4029.02455978 -296.679457877 2395.90065368 -4379.19945218 -254.916005019 2759.92632137 -15315.7092811 -1884.43033983 2198.29400859 -2580.22928799 -150.823768522 1710.30275064 -4696.18009038 191.276213183 5649.53328601 -1218.69130595 33.3832520692 1276.00538437 -14655.5300888 -1493.3821633 3236.2539741 -2863.70865769 1687.18269524 11481.8517659 -4909.67005998 -263.604418637 921.968623252 -5384.2045288 -481.635003041 811.127990913 -1922.52769319 -69.8492627912 726.129697266 -10867.1982459 -1323.91235079 1861.17762616 -8568.44964769 -715.616126375 1610.37726434 -7597.05584475 -770.608751273 1967.43016216 -1308.18113252 558.621971568 4226.95935435 -879.154801503 626.631216895 6836.85524018 -13335.7341951 -721.671225181 2145.57138569 -2122.9789251 1112.98856632 9626.55575519 -1435.23557936 846.787103452 10484.7005849 -547.545028425 431.196292294 4162.97804326 -1712.87752058 1361.66224059 10274.4007213 -3206.7243132 853.252197994 13131.3168062 -776.297009245 65.7118051286 2593.48512399 -1030.18157852 652.279591898 5423.05997214 -795.465213044 736.132750744 6112.27328915 -4920.05766364 -358.054187351 1359.25888553 -4677.90964063 -550.775330377 1100.98976626 -1222.0306337 742.782689411 9644.69394739 -5903.67847558 -295.75569578 2163.48485696 -1817.03673902 1901.12940768 16329.4304503 -878.880090225 201.153809328 2711.28274144 -2480.02205215 -178.362661969 970.515992254 -2662.36254258 1190.04814691 13764.5000087 -11853.6074309 -1231.59259712 3434.96059815 -960.978296633 1538.29564607 12944.0522859 -11389.8262867 -1306.55982449 1168.01954895 -9048.40364324 -1321.56733542 2659.82847922 -1993.97987632 803.170148666 10773.5861573 -1713.89320232 380.878208003 6305.75669854 -968.678223612 371.573774609 3919.71878794 -615.552313636 111.11816695 2017.60750903 -1694.00356752 -70.4128591246 595.594223734 -2786.93433866 1875.16145668 18760.761406 -20964.138113 -2125.46769262 1549.51892611 -12337.0702357 -1248.44590948 749.210422036 -5878.9903671 -1631.45167153 4769.50567541 -7780.70218446 -851.48949394 497.96659226 -18228.8835481 -1319.09336568 1906.46651917 -3915.87238718 -423.834227308 1846.52911113 -2770.05637752 -277.503415377 646.80180414 -9939.03302985 -1107.47805256 1208.83163699 -4749.26866376 -350.773056294 638.301196411 791.635003127 4192.61031892 22040.2733684 -17565.1517654 -4370.18257766 -1015.59803497 -859.078421746 -39.6106687331 1212.7121766 -1224.09417394 69.5584431308 870.650669532 -1845.85658608 103.071080735 1666.59505086 -2633.33297241 39.1994646198 3752.95762409 -3043.75786463 40.0879803941 3374.79522381 -3080.57707981 -191.12724617 3118.04590847 -2180.31129433 -28.8821565153 1819.59887757 -3248.08418683 -181.952230022 4342.41753629 -6336.83730048 -309.588816987 5561.42878491 -1242.94302954 -57.6236079729 1462.17314763 -2014.8265686 -19.6099765923 1298.59883376 -1466.61336113 -244.196940594 1428.06153928 -9366.7378651 -984.971536378 1109.61744691 -3351.15852616 -644.544608449 1887.34381721 -18226.39867 -2399.13168544 2996.27817591 -5581.45429498 -206.081672404 4624.8674061 -3188.00845948 25.3994733486 3333.35939055 -2559.40122953 -191.633513493 1719.70408464 -31481.9429614 -8511.43067317 -4211.96313434 -1634.32508722 64.1808783204 643.2438804 -31334.332385 -3517.28104175 434.439953389 -26063.653679 -1889.72573225 1947.31316464 -5809.17153757 -585.524004733 584.457731542 -8921.85080009 -1344.29437907 306.80113849 -4020.63840856 -364.914161453 274.535450466 -18579.2331991 -2210.64816242 749.974377642 -14920.453376 -2284.87664829 387.015251059 -17863.9086853 -2953.06110725 899.019654555 -13544.5583635 -2182.13003168 612.445920837 -8439.35531666 -986.014480329 363.433106968 -26234.6140259 -3242.95825791 1829.94261837 -12095.532686 -1602.90979573 419.353712796 -22651.0364637 -2758.14062361 416.887524875 -5012.24618357 -665.81302936 435.020614765 -17902.9474519 -3189.06757773 331.66647056 -13992.5340563 -1553.53337477 1037.56479513 -14183.2159196 -1907.57437104 578.393631252 -2813.36745462 -161.335636524 603.683765343 -8722.56817487 -1320.57213473 289.654772654 -8307.58297761 -1264.99048104 130.311785972 -11908.3535044 -1586.83641272 357.956007092 -14540.3854672 -2497.8174346 314.881159394 -24927.8489363 -1689.82040323 1449.3462263 -24161.1338246 -3514.70394723 2057.50655467 -17387.6232627 -2737.24632638 446.584261613 -18813.8823813 -3258.81423154 310.621485948 -5444.44830493 -795.01052063 234.874078774 -4510.3777992 -605.644454446 320.547223962 -29764.8501946 -3145.50469702 1147.09505728 -26183.3986956 -3171.54497202 769.574456769 -9808.58213904 -1568.29378798 326.323621169 -18280.7465589 -2971.82690275 268.938200241 -4947.87494428 -631.748978056 111.778004594 -20079.3313218 -1715.19226089 696.426641033 -13943.4617122 -1920.76818564 443.683796956 -15442.4879619 -2030.27220198 578.242476932 -9700.65043359 -1562.17074527 308.743082563 -8228.93439201 -702.501278841 349.397761806 -2508.86742598 -223.289031684 211.368096272 -2443.91189133 -161.993882842 376.752452393 -25892.0725497 -3127.20849093 734.285466266 -26692.1712334 -3396.11183584 529.011471516 -29502.8904895 -8033.37246997 -4914.72848968 -31528.8374131 -9114.03200463 -5959.55364772 -1438.77651449 -17.97240275 611.515993491 -1557.48323676 31.4547374078 596.775414016 -4655.86617936 -671.774777866 542.193576573 -8192.58572585 -1027.76871954 1358.99461774 -14722.7817751 -1135.0111182 1289.31098285 -33277.7645719 -3644.10701593 2500.86812925 -9960.54922682 -2079.70222909 605.47165831 -13076.3731474 -2853.59250139 808.01654393 -23261.0640634 -2859.48053106 2135.035628 -18752.0108909 -3354.55473633 409.692009258 -27151.5706679 -2511.46723335 2076.76886821 -9235.42137106 -559.442867244 1036.2695609 -22947.9865604 -6476.9130322 -500.768378766 -21326.036942 -1405.44863082 2288.21365015 -15956.7551523 -1145.38746684 1755.34971588 -11728.2457019 -3196.5938256 -273.060171971 -4484.99126459 -325.150779317 597.212143564 -20277.4838227 -3406.86638402 2012.08894814 -17160.5750446 -2340.30374751 2855.84012937 -7337.93913641 -1204.7906314 244.760360354 -26823.0336532 -1594.6599733 2503.69101232 -3073.56977214 -146.469243357 496.678512567 3500.08577611 7109.70467859 30729.5218471 -582.154018868 -36.4976025828 1593.73176222 -1309.24132391 3471.99187835 25472.721781 -1561.45441748 2602.26210691 26646.7858733 -345.91917634 878.219822375 8089.75230261 -228.124322969 1369.36314468 7776.84224954 -600.229540721 203.33608998 2787.74643249 -262.051303642 3068.60141457 18170.4937671 -785.54069693 1494.04875946 15964.1502376 -554.254683385 3071.25065739 18287.3881098 -692.919605783 2242.16105696 14414.3947685 -128.80456263 1318.03114566 8233.82559895 -1122.27779686 2949.08302654 26032.3737763 60.6403699717 1896.20943861 12940.3477911 -1271.5469863 2284.94248577 28342.932262 -164.6509075 920.499909322 5970.11146742 -442.152989634 3008.14125308 18629.769806 -323.113412201 318.355120184 3783.07780661 -6.56152552435 2811.92016869 16210.8305362 -131.631359888 1531.13570798 8917.68633676 -360.238538016 944.271696328 9229.49783032 -735.385509768 1294.9625287 13322.5454999 -34.9691960811 1984.89158623 15566.3852893 -596.266610305 2982.22870589 24289.7903476 -1113.26916267 2971.0403533 26331.6069073 -185.208052456 3155.86826578 17739.1499504 -941.720808815 2028.13054023 18452.2884632 -628.307040314 1889.67984194 19697.2396787 -587.504389861 3088.99558141 17287.4524709 -311.028438844 762.713915778 4943.03904615 -80.9026014636 659.316779815 4944.33834606 -1143.67845526 4395.7471818 31083.6006318 -1375.07997715 2745.85664695 22528.6751111 -101.608869777 1702.06200809 9267.04267796 -356.938088467 505.880367404 4552.25871232 -711.197022152 1654.47182515 14081.8511069 -1069.09411441 1671.8644414 13802.5055929 -433.221946362 2007.11965449 14523.1988718 125.507761396 1858.29687288 10093.2635703 -574.93633858 650.863323101 5791.74024902 -351.360756419 234.836514373 2406.86690488 -283.98781103 265.377424018 2488.83863458 -1089.901632 2802.87197736 33667.1925428 -627.5506584 3952.18168879 26958.2426482 5640.26381795 8651.89942202 31565.1292095 -613.763827028 0.37704920834 1490.99422916 3432.51406754 6893.07092355 27367.0668172 -644.996181052 -36.5798530955 1471.4788158 -527.094898705 707.801974536 4894.86641152 -1366.5205622 971.027545324 8095.13041068 -1264.96519409 1557.45240367 18238.0588504 -1611.90792901 3048.78650477 29375.2783352 -2084.03298483 1217.25842698 15778.691647 -1227.28171436 1611.06082966 10138.9329551 -1619.86835613 3241.34237142 24021.3690022 -1813.49670606 3277.16748226 27581.8646546 -873.327008467 637.918149949 9276.4669367 393.866185598 6229.91867749 22244.650825 -952.350988177 2601.35422086 13934.7025276 234.049480189 2910.78717605 11307.4783018 -435.866080786 3309.82584186 18210.3453147 -582.739760055 332.648079621 4634.15723611 -2162.67880685 3249.00103909 20138.2930071 -2225.37902893 1503.40359326 21286.0190241 -2385.40609187 2511.28472415 17251.7927544 -313.350886449 1106.88177277 7120.62708206 -2742.94478678 3363.08814697 29557.8109796 -332.261528263 196.655199676 3066.8089702 -3543.21742078 59.3374348451 3500.75709571 -4169.93341271 2.16259489504 5388.26478969 -4925.76284003 367.201550343 9280.94174878 -6591.40748724 -111.785691775 6570.14216599 -3033.40945271 23.1659328654 3031.2689183 -6215.48222849 -21.954688222 6209.38515672 -1799.29532648 -18.0089743075 1929.5854787 -8545.67472833 65.5115106829 7765.5602627 -3269.56937376 16.5905013275 3015.75878007 -5840.58936662 -25.3739159521 5550.754849 -1188.67827791 -9.95460254752 1214.10459679 -4831.60368177 -105.025627943 4320.93335922 -2136.62056852 -11.9297324343 1928.54182452 -11422.0852622 -986.510655765 4160.85654025 -8178.62947251 -703.239525304 1833.03254483 -16591.7844216 -1322.73773574 3282.05123306 -2219.39206235 -111.345073274 870.393278557 -887.491573627 96.2289148376 2302.81692597 -3915.73127161 254.187784991 13314.904057 -3904.5250116 1438.88466395 16097.417024 -15482.2504709 -1867.10311538 2660.70773157 -1752.03343032 630.114754363 8912.91043533 -2727.05398563 1869.84206606 15972.9238272 -4608.39478594 -420.576270124 854.266098868 -942.330457017 380.801448605 4496.164339 -10796.9490369 -1106.27927303 1597.75205601 -1690.19144726 1149.84519348 10487.6786595 -15969.2802098 -1978.89144985 3387.5385897 -2805.94308712 2384.68195878 17136.4256552</DataArray>
        <DataArray type="Float64" Name="ShellTopNodalVonMises" format="ascii">0 0 0 0 0 0 0 0 0 0 0 0 0 0 0 0 0 0 0 0 0 0 0 0 0 0 0 0 0 0 0 0 0 0 0 0 0 0 0 0 0 0 0 0 0 0 0 0 0 0 0 0 0 0 0 0 0 0 0 0 0 0 0 0 0 0 0 0 0 0 0 0 0 0 0 0 0 0 0 0 0 0 0 0 0 0 0 0 0 0 0 0 0 0 0 0 0 0 0 0 0 0 0 0 0 0 0 0 0 0 0 0 0 0 0 0 0 0 0 0 0 0 0 0 0 0 0 0 0 0 0 0 0 0 0 0 0 0 0 0 0 0 0 0 0 0 0 0 0 0 0 0 0 0 0 0 0 0 0 0 0 0 0 0 0 0 0 0 0 0 0 0 0 0 0 0 0 0 0 0 0 0 0 0 0 0 0 0 0 0 0 0 0 0 0 0 0 0 0 0 0 0 0 0 0 0 0 0 0 0 0 0 0 0 0 0 0 0 0 0 0 0 0 0 0 0 0 0 0 0 0 0 0 0 0 0 0 0 0 0 0 0 0 0 0 0 0 0 0 0 0 0 0 0 0 0 0 0 0 0 0 0 0 0 0 0 0 0 0 0 0 0 0 0 0 0 0 0 0 0 0 0 0 0 0 0 0 0 0 0 0 0 0 0 0 0 0 0 0 0 0 0 0 0 0 0 0 0 0 0 0 0 0 0 0 0 0 0 0 0 0 0 0 0 0 0 0 0 0 0 0 0 0 0 0 0 0 0 0 0 0 0 0 0 0 0 0 0 0 0 0 0 0 0 0 0 0 0 0 0 0 0 0 0 0 0 0 0 0 0 0 0 0 0 0 0 0 0 0 0 0 0 0 0 0 0 0 0 0 0 0 0 0 0 0 0 0 0 0 0 0 0 0 0 0 0 0 0 0 0 0 0 0 0 0 0 0 0 0 0 0 0 0 0 0 0 0 0 0</DataArray>
        <DataArray type="Float64" Name="ShellBottomNodalVonMises" format="ascii">0 0 0 0 0 0 0 0 0 0 0 0 0 0 0 0 0 0 0 0 0 0 0 0 0 0 0 0 0 0 0 0 0 0 0 0 0 0 0 0 0 0 0 0 0 0 0 0 0 0 0 0 0 0 0 0 0 0 0 0 0 0 0 0 0 0 0 0 0 0 0 0 0 0 0 0 0 0 0 0 0 0 0 0 0 0 0 0 0 0 0 0 0 0 0 0 0 0 0 0 0 0 0 0 0 0 0 0 0 0 0 0 0 0 0 0 0 0 0 0 0 0 0 0 0 0 0 0 0 0 0 0 0 0 0 0 0 0 0 0 0 0 0 0 0 0 0 0 0 0 0 0 0 0 0 0 0 0 0 0 0 0 0 0 0 0 0 0 0 0 0 0 0 0 0 0 0 0 0 0 0 0 0 0 0 0 0 0 0 0 0 0 0 0 0 0 0 0 0 0 0 0 0 0 0 0 0 0 0 0 0 0 0 0 0 0 0 0 0 0 0 0 0 0 0 0 0 0 0 0 0 0 0 0 0 0 0 0 0 0 0 0 0 0 0 0 0 0 0 0 0 0 0 0 0 0 0 0 0 0 0 0 0 0 0 0 0 0 0 0 0 0 0 0 0 0 0 0 0 0 0 0 0 0 0 0 0 0 0 0 0 0 0 0 0 0 0 0 0 0 0 0 0 0 0 0 0 0 0 0 0 0 0 0 0 0 0 0 0 0 0 0 0 0 0 0 0 0 0 0 0 0 0 0 0 0 0 0 0 0 0 0 0 0 0 0 0 0 0 0 0 0 0 0 0 0 0 0 0 0 0 0 0 0 0 0 0 0 0 0 0 0 0 0 0 0 0 0 0 0 0 0 0 0 0 0 0 0 0 0 0 0 0 0 0 0 0 0 0 0 0 0 0 0 0 0 0 0 0 0 0 0 0 0 0 0 0 0 0 0 0 0 0 0 0 0 0 0 0</DataArray>
      </PointData>
      <CellData Scalars="VonMises">
        <DataArray type="Int32" Name="ElementIndex" format="ascii">0 1 2 3 4 5 6 7 8 9 10 11 12 13 14 15 16 17 18 19 20 21 22 23 24 25 26 27 28 29 30 31 32 33 34 35 36 37 38 39 40 41 42 43 44 45 46 47 48 49 50 51 52 53 54 55 56 57 58 59 60 61 62 63 64 65 66 67 68 69 70 71 72 73 74 75 76 77 78 79 80 81 82 83 84 85 86 87 88 89 90 91 92 93 94 95 96 97 98 99 100 101 102 103 104 105 106 107 108 109 110 111 112 113 114 115 116 117 118 119 120 121 122 123 124 125 126 127 128 129 130 131 132 133 134 135 136 137 138 139 140 141 142 143 144 145 146 147 148 149 150 151 152 153 154 155 156 157 158 159 160 161 162 163 164 165 166 167 168 169 170 171 172 173 174 175 176 177 178 179 180 181 182 183 184 185 186 187 188 189 190 191 192 193 194 195 196 197 198 199 200 201 202 203 204 205 206 207 208 209 210 211 212 213 214 215 216 217 218 219 220 221 222 223 224 225 226 227 228 229 230 231 232 233 234 235 236 237 238 239 240 241 242 243 244 245 246 247 248 249 250 251 252 253 254 255 256 257 258 259 260 261 262 263 264 265 266 267 268 269 270 271 272 273 274 275 276 277 278 279 280 281 282 283 284 285 286 287 288 289 290 291 292 293 294 295 296 297 298 299 300 301 302 303 304 305 306 307 308 309 310 311 312 313 314 315 316 317 318 319 320 321 322 323 324 325 326 327 328 329 330 331 332 333 334 335 336 337 338 339 340 341 342 343 344 345 346 347 348 349 350 351 352 353 354 355 356 357 358 359 360 361 362 363 364 365 366 367 368 369 370 371 372 373 374 375 376 377 378 379 380 381 382 383 384 385 386 387 388 389 390 391 392 393 394 395 396 397 398 399 400 401 402 403 404 405 406 407 408 409 410 411 412 413 414 415 416 417 418 419 420 421 422 423 424 425 426 427 428 429 430 431 432 433 434 435 436 437 438 439 440 441 442 443 444 445 446 447 448 449 450 451 452 453 454 455 456 457 458 459 460 461 462 463 464 465 466 467 468 469 470 471 472 473 474 475 476 477 478 479 480 481 482 483 484 485 486 487 488 489 490 491 492 493 494 495 496 497 498 499 500 501 502 503 504 505 506 507 508 509 510 511 512 513 514 515 516 517 518 519 520 521 522 523 524 525 526 527 528 529 530 531 532 533 534 535 536 537 538 539 540 541 542 543 544 545 546 547 548 549 550 551 552 553 554 555 556 557 558 559 560 561 562 563 564 565 566 567 568 569 570 571 572 573 574 575 576 577 578 579 580 581 582 583 584 585 586 587 588 589 590 591 592 593 594 595 596 597 598 599 600 601 602 603 604 605 606 607 608 609 610 611 612 613 614 615 616 617 618 619 620 621 622 623 624 625 626 627 628 629 630 631 632 633 634 635 636 637 638 639 640 641 642 643 644 645 646 647 648 649 650 651 652 653 654 655 656 657 658 659 660 661 662 663 664 665 666 667 668 669 670 671 672 673 674 675 676 677 678 679 680 681 682 683 684 685 686 687 688 689 690 691 692 693 694 695 696 697 698 699 700 701 702 703 704 705 706 707 708 709 710 711 712 713 714 715 716 717 718 719 720 721 722 723 724 725 726 727 728 729 730 731 732 733 734 735 736 737 738 739 740 741 742 743 744 745 746 747 748 749 750 751 752 753 754 755 756 757 758 759 760 761 762 763 764 765 766 767 768 769 770 771 772 773 774 775 776 777 778 779 780 781 782 783 784 785 786 787 788 789 790 791 792 793 794 795 796 797 798 799 800 801 802 803 804 805 806 807 808 809 810 811 812 813 814 815 816 817 818 819 820 821 822 823 824 825 826 827 828 829 830 831 832 833 834 835 836 837 838 839 840 841 842 843 844 845 846 847 848 849 850 851 852 853 854 855 856 857 858 859 860 861 862 863 864 865 866 867 868 869 870 871 872 873 874 875 876 877 878 879 880 881 882 883 884 885 886 887 888 889 890 891 892 893 894 895 896 897 898 899 900 901 902 903 904 905 906 907 908 909 910 911 912 913 914 915 916 917 918 919 920 921 922 923 924 925 926 927 928 929 930 931 932 933 934 935 936 937 938 939 940 941 942 943 944 945 946 947 948 949 950 951 952 953 954 955 956 957 958 959 960 961 962 963 964 965 966 967 968 969 970 971 972 973 974 975 976 977 978 979 980 981 982 983 984 985 986 987 988 989 990 991 992 993 994 995 996 997 998 999 1000 1001 1002 1003 1004 1005 1006 1007 1008 1009 1010 1011 1012 1013 1014 1015 1016 1017 1018 1019 1020 1021 1022 1023 1024 1025 1026 1027 1028 1029 1030 1031 1032 1033 1034 1035 1036 1037 1038 1039 1040 1041 1042 1043 1044 1045 1046 1047 1048 1049 1050 1051 1052 1053 1054 1055 1056 1057 1058 1059 1060 1061 1062 1063 1064 1065 1066 1067 1068 1069 1070 1071 1072 1073 1074 1075 1076 1077 1078 1079 1080 1081 1082 1083 1084 1085 1086 1087 1088 1089 1090 1091 1092 1093 1094 1095 1096 1097 1098 1099 1100 1101 1102 1103 1104 1105 1106 1107 1108 1109 1110 1111 1112 1113 1114 1115 1116 1117 1118 1119 1120 1121 1122 1123 1124 1125 1126 1127 1128 1129 1130 1131 1132 1133 1134 1135 1136 1137 1138 1139 1140 1141 1142 1143 1144 1145 1146 1147 1148 1149 1150 1151 1152 1153 1154 1155 1156 1157 1158 1159 1160 1161 1162 1163 1164 1165 1166 1167 1168 1169 1170 1171 1172 1173 1174 1175 1176 1177 1178 1179 1180 1181</DataArray>
        <DataArray type="Float64" Name="VonMises" format="ascii">18202.7853457 29371.3073458 4837.81081643 1936.49925261 15349.7388005 4694.85419884 5946.82758449 4317.18567008 9287.81424513 4162.96921314 5430.11936356 3217.10910582 3136.84363057 22314.5304863 2144.34016157 3113.13652109 2939.40123666 15706.7721061 10793.0242289 2863.27871977 3022.32933291 3685.3751774 2583.84038709 2057.26240976 1671.89343477 9609.08960378 1427.05766343 2810.46946246 2974.19023962 2830.44015941 3551.97044713 3187.30610757 3121.86196609 9629.30852404 1680.39475581 10235.8208641 5536.61032348 3466.09292055 976.187763785 4716.05749334 2682.40159652 925.95953339 4764.0661712 16625.8024641 20183.0560331 18116.5532615 8764.4701886 15920.1367059 8673.34860798 9418.97128133 4469.86710611 20031.3307713 8741.45961984 11062.3455765 11236.7184384 5374.69002858 20260.1008681 20032.7292157 10097.956916 19025.2737218 10143.1011655 9635.83226658 9479.51296765 4487.41665761 8561.70311969 4784.82017138 3842.25521285 27140.9102352 1379.01119424 10636.9121363 13756.3113274 1724.99027366 1985.45161342 5103.08750064 22554.3291557 7367.25313001 3722.08416206 5541.35826757 1121.07435452 16171.5504217 15387.9690177 21913.5112712 984.713536321 3867.93239682 9881.2180683 2290.20906234 2156.09619158 3607.11567903 16935.9378088 10322.6908846 26077.7210407 12659.4513586 17719.7149615 12929.800694 5046.86836799 3314.83556319 12032.1263876 10640.9317189 21525.1152122 2992.82963732 2891.14793801 2739.18193336 2762.27762491 2586.65511569 7293.38406991 4122.25300134 2801.41225424 2351.24122541 3695.65502664 4676.37350297 4876.7356649 4512.87575624 2604.88689997 2323.74020582 3085.74642318 6790.39306465 5405.43788231 5443.69165073 7086.24061101 7519.06075055 8846.74328366 4931.02707311 4008.29364595 2178.95323696 2101.96461103 1980.1329889 7684.81464823 4103.25781927 8257.85655165 3877.69306404 8316.7589834 6918.20738913 10272.5444363 5225.69481226 2373.33897795 5513.11387886 5356.40945458 5547.79557719 10573.8181472 2239.5697056 13026.3322853 2884.5389693 2888.50497477 2032.66510754 6042.64515468 9243.80042131 2513.71164257 3087.84634016 3295.54030497 4128.07743886 4424.59051024 4277.65666334 7590.2601792 3805.67995452 1307.83685421 5358.73971245 4773.16103907 4865.70435499 669.520827934 1704.67552006 10359.1365831 10391.5410428 10780.5671245 10361.8345922 21462.8349206 21587.0223745 9326.82978203 10815.1540829 5438.44900845 2329.33316052 4723.64581817 9436.17623415 1131.18464212 895.62458776 20967.1052181 18518.5913835 11122.9563014 20538.0141527 18390.7839272 9763.86527869 9949.39437377 9375.25929172 4403.47942268 4457.24602312 8744.85625675 8723.14664902 9689.86741134 7604.7302158 5012.67109633 5009.81769124 5167.56813565 4269.87706349 868.557490942 1094.78645096 1909.59798722 1817.55072334 6106.84605297 4893.2917823 4851.9656332 5272.35211386 13894.836468 15285.7970512 13685.731449 15183.8563833 1797.30669869 1909.3420011 12471.9660224 5459.68817251 12325.0632774 5526.77256527 2903.36036317 7568.06518454 2686.50052629 2488.87954441 3213.34654143 26356.8555654 5583.45542348 3204.55425542 5514.03423724 2479.78446447 2360.75991741 2256.57711626 2394.68148897 8157.48752105 2354.97188601 2478.02559295 10536.5209935 3052.6627501 5975.00858629 4699.31252073 4625.86656178 12467.3995368 13607.9716137 14557.8502064 12042.3750052 1838.62557766 1774.77391434 1802.36375197 2270.70929614 17120.2710279 21518.5598203 10044.6983435 10979.4622147 12037.9234634 10809.0518681 16841.5536882 22815.6196344 8240.67644792 7917.95975447 13433.9282728 6604.95675166 10212.2484261 29111.7573519 29583.6351277 3891.3379473 9455.48269147 16195.3782353 3173.3288079 8682.1031467 1595.03889213 1826.96955455 7386.76869977 5917.95012127 1763.01673437 2149.71249228 2038.21375006 17349.2870968 10151.0536051 10195.2813231 21240.2898555 20687.0070142 2299.51436563 11065.6992288 2097.99049487 3643.68656323 4787.00589862 2372.30163682 8994.27691214 7043.86115137 4480.3523442 2345.99216018 7857.08907046 18279.3392468 9463.87508498 1947.85827226 2274.64727081 4926.71642371 9651.40336576 13747.6018696 14000.4185073 6185.78226728 7385.590941 16221.4160051 6068.68726972 2775.90318334 3368.66751792 2201.5279296 20426.6405917 2206.64888237 11077.7506544 10879.9064322 1894.48816749 1831.21574108 30354.6757314 18070.6783894 20935.2149103 10683.8458046 17006.2215297 4233.44200172 10417.4428563 10132.7906867 4843.33877345 11004.7225262 5046.72408937 9084.62757379 14279.2950059 7475.77541689 19263.7571484 5009.56308544 9598.04481209 3848.79581014 10411.997515 8817.86068038 9886.71036341 22405.5341606 5149.38167783 5266.50533967 11888.5824299 11719.4630802 8110.24267854 10406.9487018 1845.22232152 1779.22077531 1875.88427154 1840.54962408 9837.38616892 9655.4309874 3944.59582623 2117.28565934 2095.93225131 2133.68059764 2351.33076572 16630.1054653 2050.47451703 2186.28938631 2302.18255412 2237.41989661 3102.01557795 19607.9672378 19660.8341269 19773.7316938 19425.4715019 3048.65068046 2268.54278634 9023.23909236 10022.2229222 10107.3764288 9133.2898977 10149.686907 3247.5932032 9639.45969352 9848.0158475 9825.30946379 10007.3974723 1444.50717469 10551.589285 11357.7960284 14244.924095 7157.34858468 7473.65689633 19193.4217845 18269.146504 3381.22730849 6602.46545056 6807.86641492 7974.77956438 28136.0882369 29971.9840401 28586.0972584 3595.36163377 18353.7623294 17341.349475 1808.71722954 1725.13822591 16510.2417661 1813.65581059 1768.94025122 2185.22070601 2115.60780697 2139.19071217 2010.51694796 17030.3875717 14684.2672199 5900.01095738 5666.50680329 10162.180641 21635.7637799 11132.7616085 22222.3419323 20977.8608884 21357.5494495 10983.9918046 16980.8538366 7644.24606928 8174.10748055 17242.7017485 10583.6470744 14218.5346749 14005.6945956 14533.38527 13842.4996175 11615.0724789 10381.4908849 11244.4698523 11422.7947034 3222.35165872 8812.48930977 3701.21643213 1353.66786487 1556.98835759 3911.94538571 11792.4824662 11367.0689514 11700.2526779 12376.7650064 12394.7413612 19099.5704552 2858.83305782 18922.0057735 3469.07410922 17876.0110127 18493.0274654 3540.31405494 3256.34729557 2765.1613498 3116.14385122 5409.06811734 5607.32139662 5537.822391 5569.97965508 8029.9226884 9471.87033958 9698.27806431 9605.69891661 9424.92150171 2394.41746915 2405.25409728 12815.5429382 6052.6395105 3210.64185057 10747.4712257 10747.4712257 10747.4712257 10747.4712257 2543.28234473 7088.3482951 6996.97888304 8452.90362191 4748.5158852 16742.5386495 7251.57039053 3033.88679511 13563.619443 2036.79180691 2049.19882792 28967.6002982 6746.76383649 4021.22120524 2271.28714349 2234.32146085 11399.4994498 17714.7457639 2988.66248138 3056.18635222 9157.28426645 10784.3687133 12155.5925885 10286.2967183 13320.3058507 5605.81759713 5787.44079142 11515.1101053 5927.59432554 16453.1559924 19302.6106832 10917.7365698 11337.4022196 12104.7536964 11921.1944484 6230.90184266 5990.47394992 4799.01606067 5451.8835645 5791.38950956 7474.75838764 4226.73133148 4948.87600699 6214.91403146 1709.87980091 16582.9991116 1868.69695168 8457.56136942 4086.39263764 5360.13031826 13195.7169677 32098.9740259 19757.906627 7082.06586341 2363.94508245 7116.53536379 8465.49728943 3477.43294754 14402.8377045 6588.40130068 3014.38823437 21322.7906011 2963.97179099 3286.75252359 8432.94616069 9986.87170006 10597.8999349 9515.96238905 5579.31874312 14315.7873313 5522.55522334 19827.0939226 3363.52770546 10203.7780443 3786.5060664 6083.9152485 1884.0534409 1743.08722355 2230.05716976 13974.003012 13732.3766707 11204.6968535 7746.26247181 3594.2354162 6629.19324639 2923.26300758 2205.44449102 16108.3760204 2676.55818186 17181.2209568 3415.73018816 7670.29718503 28445.3510265 35316.1780507 12932.4198483 12986.1727562 26896.5089167 27382.1855848 2968.37222283 29089.2536775 16097.3528732 3061.68802818 4875.00131574 13247.1189619 2821.48399319 3033.17297422 14085.8773118 21287.0294895 10939.4002649 22089.6894571 20234.6373405 9952.4484673 19921.503532 19042.2515256 9589.90650016 8595.20835996 11077.1103712 9903.64759145 4751.4845158 9479.80909365 4534.56807789 9572.21416373 32948.4196022 6079.07151743 8316.60182112 1798.23261162 24731.1960171 16205.4692173 19164.9127541 16397.9249708 18664.7927988 16396.8781211 19421.7899026 33154.1905713 5258.30620849 6018.85481065 14488.6192747 18377.1951443 29665.3433986 3923.15777993 28767.7383046 6678.27595555 10188.4724123 12882.4732635 4706.44677022 21664.4169136 19367.8304456 8210.80588887 3850.00414212 3399.3166577 4830.46279844 2972.57729279 28472.4170679 3371.28076302 4633.75473829 4972.91732526 6386.75391845 26285.4126303 25606.2458261 25693.3709374 26402.9143356 11883.9010286 11242.8568365 1835.78177824 6350.41563399 5971.17856773 11681.8119315 6365.50403395 6035.11422125 11974.8883184 14046.5429422 26479.5252953 13385.6435583 10931.1891595 7188.28838986 2687.2296914 3086.51045989 8376.66038228 3753.75043613 29304.0066237 7672.69697939 17742.2293893 5898.54827381 8461.2118854 7281.02449938 2200.60445469 28450.5443225 2148.30398671 7057.77248996 10137.6020199 4740.71683453 4764.69631061 4890.87378423 8039.36389242 6445.6150012 30052.6509665 28723.2587579 29802.6451444 6981.48991342 15998.3107371 11377.411829 11261.4338301 4202.57474794 9499.75655906 4742.77905481 17114.399006 18752.4368954 16354.0084744 15352.1322968 5715.7557374 7114.74094804 6249.41273004 11304.115389 24028.6605778 2226.98139868 10260.9287093 11502.8193557 18130.9527712 8777.66806757 9500.99470913 8240.54876036 18372.2640443 19465.2642177 22682.221138 2105.29756063 2886.75555114 2782.19814221 10649.3001258 12211.7776242 2589.74038391 2693.56480212 21712.0864977 4980.05604882 4668.30800649 3528.57658344 5021.07494971 3578.96529104 1667.03570208 1660.84785887 4805.37496804 22059.0345917 2563.44927323 13576.5079697 1570.96715932 14839.0321898 10731.8234911 16641.0916879 6531.96109802 3578.90770536 7619.08667182 2709.03399859 2993.91014396 14588.5873375 6763.27530902 2681.63385284 11357.8371599 5478.50196261 5503.98423305 18524.3383937 5088.67754051 6662.51818465 21695.1395839 10644.923951 11455.1558674 15267.3529129 2995.18674674 3012.90629427 1377.6444361 7703.15201843 8715.24669106 29227.1967329 6025.63051862 5892.5766821 11805.6482407 26756.6713194 33159.7870927 2431.72305035 2337.27385784 2984.83082753 11242.0061807 26249.5457287 5387.64994478 30938.8714904 6438.08340333 2933.24295231 3992.56056179 23891.990567 9733.09914506 10747.4712257 10747.4712257 19922.4256702 4212.21563492 1735.6046046 2054.28464734 7746.41088532 13223.8668973 31842.5550137 17423.1827857 25353.5007495 2259.48548618 15707.9825371 15749.769496 5753.38391283 36410.6924731 3527.57196422 3235.35806687 16258.8726267 3597.56518038 14834.8019607 2863.08063261 29799.2155047 29124.6833903 28766.609123 17694.2736105 14541.3269855 7747.86608227 8818.55502466 13083.8713691 21333.9912255 23920.8290002 11082.7217794 19245.9084392 10879.6912966 14212.3899383 14474.7359185 5067.98475547 5000.33116153 4904.09678766 14310.6491401 3033.82432396 3532.75501202 13542.7566728 30414.0800592 11706.3530345 30618.3187624 8152.1407078 8291.6938427 3885.74933435 18017.142587 7702.04554879 33529.5454397 31462.0438377 7456.04988042 21911.3567601 2754.99242524 2468.63589361 8307.55399503 8316.57247902 16901.3507538 5053.79110455 20864.5220832 16369.228245 16561.4278884 6767.64567005 26818.988777 4036.15223692 25310.63639 25200.9044604 3973.03209261 4137.59629874 35592.2694516 10429.5196567 17071.5281961 10399.809102 17875.7312552 15409.6610091 15860.878061 11191.9645192 11146.41732 2251.49433115 3821.19819624 11302.4620758 9362.30334707 3778.89678349 3445.54977358 28734.8410193 11255.4252731 4242.48793492 12268.2529014 4592.50430758 17058.1145549 18044.8133608 8836.83584654 8873.6276918 9988.1180934 10240.029695 31677.3418555 1953.90405982 14321.8999882 26028.9336726 26204.7902061 8636.78888633 8057.29523914 9115.19785089 5624.7985791 12828.7252105 7471.16809104 23251.3127423 4891.08736927 4674.14542415 18190.1955172 19772.5145695 6796.95068522 7562.4948213 23101.5047443 27828.2546882 12212.0511085 12053.4718265 16797.9369135 17478.2723139 10690.418198 7188.83483018 2855.28594799 2244.19116033 36039.7812915 4793.60774713 3129.68311992 12076.722056 4948.76960794 3762.27112637 11245.4504953 5647.12042643 5770.1963882 8895.03430617 17935.3162763 15217.1010487 4900.42990799 17644.0681274 9999.64097072 30643.5596406 4041.12737096 4709.09793571 40810.6011109 9079.92480594 8572.80894157 5420.32080805 6160.77712426 37064.7343712 2089.76115482 29691.5352101 2040.80319464 17655.4395026 23345.0789646 23079.4464944 1452.67728882 19555.2226188 29568.8685756 29880.2523313 1790.18623369 9596.21176314 2266.2144615 17153.4483659 10304.1276693 9582.99406195 3146.5174692 8633.08828231 7097.01628773 32098.2976245 7564.35679101 36756.2758124 2141.7488154 2056.32937369 4583.66736554 20510.9776819 31589.9679743 1386.43097781 1324.19479291 17615.2167219 4545.12827666 2871.36383425 24212.473716 4732.49732098 22677.8278771 38032.0468677 8470.46940212 4503.91134168 2791.47996573 33008.3125948 8363.42074017 9549.83656406 23224.0971164 24515.745561 38427.5790785 2784.30635631 2241.71860832 11543.0980202 27519.4386126 23598.2828792 4431.24739751 24741.3784346 38237.3569371 20082.9371599 28185.7083039 28206.462428 1911.14352485 1870.04051901 11486.7284498 28081.7399598 26429.1861861 1828.36809138 1805.27009144 23670.0075855 9689.13852291 4245.35521733 11535.0166554 25009.1737145 31955.3002947 23353.8504925 16316.2088971 25921.211679 23833.6725306 10017.0972146 11384.904346 16280.497412 20218.1194502 23950.796132 7351.10895082 9822.77230099 31251.9596161 4593.4507125 4114.65299982 27863.2386004 43602.3727651 1797.47513552 12166.0097411 11588.9867657 1704.09288744 12135.588648 12258.1069993 13082.2556181 10068.6076183 41587.0914379 14135.0562253 28585.778451 26614.0524411 26956.4911568 2177.40614909 2044.15743693 2181.61347267 2138.01034729 31259.0608447 30199.0668824 29254.7733784 30603.2398822 27002.1483647 8899.04718356 1718.48779747 11960.3686154 1662.70010907 13123.9618084 29744.9025501 27791.7793013 8342.57476382 20035.6652201 21736.1997212 9081.66518091 12817.7849123 12919.2410019 13814.3118334 20653.6446977 14819.7715018 17300.2145228 26227.4883921 3836.99331494 3966.90895612 28247.4791528 23361.7449536 20044.7996839 9113.93889411 8528.30500584 11455.0099602 11244.0674178 19830.2090499 8780.6231424 7480.63470896 26378.376992 21680.0937128 32263.8128726 36562.5006616 13114.9079002 15983.8589567 28534.2978974 21990.227619 22781.1280531 8012.46043778 7634.61370158 27543.4495205 5084.71539272 4849.89054945 25914.6585422 12764.5268918 13330.8115691 33299.0813751 1653.98815146 1776.54393987 1775.21677146 24167.8167585 23409.9069122 22355.8191234 21510.7443461 1731.51089012 4448.60361725 15984.4799443 17288.4311014 1587.42875377 4748.58633136 1591.22488685 2139.98849202 2190.43053357 27798.3689104 28100.5895007 39335.8403203 2993.73112174 2814.91263524 29990.2215751 32426.2019528 13507.6928977 13607.8725054 26220.556811 28402.0826883 33853.0642164 21563.1543764 20618.349458 8114.7974248 7646.58324573 27319.2909736 5041.17344112 5398.07063369 35551.0666244 16659.1230601 16243.2311048 2209.37810718 2728.48378814 18328.2516138 18555.9210597 38757.4820105 12623.7704014 34410.9174935 13953.9663859 1803.72241743 2029.93705807 1790.38264535 1742.52199964 31806.1478824 35134.5135465 31794.0146036 34758.0369122 42974.7151284 10114.1463425 42268.6983935 14392.1759514 1437.01096258 1771.96117864 1699.77302138 1807.31630483 1413.65375137 28081.7399598 12135.588648 28185.7083039 28206.462428 13183.0115085 26429.1861861 12166.0097411 1413.88196747 11588.9867657 1424.3749455 1876.88913561 25433.0171573 16411.4892113 16594.93529 24759.5902515 12278.9025263 24996.3024026 3176.02846459 3993.71571652 2323.8968744 2591.44809399 4448.60361725 11212.9268189 2993.03818855 12111.5842393 1915.72816585 1629.45949549 1803.78926537 1606.76914351 12334.6376827 3373.25710743 1763.44921141 1844.8918204 1780.73806164 1817.9512313 12078.5084003 2258.18609352 16461.7338783 30520.4344407 7140.78459048 6271.80372628 6260.71619898 5745.56672725 5684.82919453 6692.82853383 23881.0946756 10051.1934385 28632.6037064 21237.4442824 19749.5565943 20371.7043255 13192.0142369 14047.6063228 14443.208452 12036.3151114 22863.2984518 7964.06694777 15262.9411979 10783.9361376 16282.3604006 23021.2535201 15535.5445156 20995.1738725 15182.2315748 20844.4884813 14664.0089451 30558.0102285 30112.8299473 33585.6856207 30801.0419898 4973.78185194 4905.27467384</DataArray>
        <DataArray type="Int32" Name="HasVonMises" format="ascii">1 1 1 1 1 1 1 1 1 1 1 1 1 1 1 1 1 1 1 1 1 1 1 1 1 1 1 1 1 1 1 1 1 1 1 1 1 1 1 1 1 1 1 1 1 1 1 1 1 1 1 1 1 1 1 1 1 1 1 1 1 1 1 1 1 1 1 1 1 1 1 1 1 1 1 1 1 1 1 1 1 1 1 1 1 1 1 1 1 1 1 1 1 1 1 1 1 1 1 1 1 1 1 1 1 1 1 1 1 1 1 1 1 1 1 1 1 1 1 1 1 1 1 1 1 1 1 1 1 1 1 1 1 1 1 1 1 1 1 1 1 1 1 1 1 1 1 1 1 1 1 1 1 1 1 1 1 1 1 1 1 1 1 1 1 1 1 1 1 1 1 1 1 1 1 1 1 1 1 1 1 1 1 1 1 1 1 1 1 1 1 1 1 1 1 1 1 1 1 1 1 1 1 1 1 1 1 1 1 1 1 1 1 1 1 1 1 1 1 1 1 1 1 1 1 1 1 1 1 1 1 1 1 1 1 1 1 1 1 1 1 1 1 1 1 1 1 1 1 1 1 1 1 1 1 1 1 1 1 1 1 1 1 1 1 1 1 1 1 1 1 1 1 1 1 1 1 1 1 1 1 1 1 1 1 1 1 1 1 1 1 1 1 1 1 1 1 1 1 1 1 1 1 1 1 1 1 1 1 1 1 1 1 1 1 1 1 1 1 1 1 1 1 1 1 1 1 1 1 1 1 1 1 1 1 1 1 1 1 1 1 1 1 1 1 1 1 1 1 1 1 1 1 1 1 1 1 1 1 1 1 1 1 1 1 1 1 1 1 1 1 1 1 1 1 1 1 1 1 1 1 1 1 1 1 1 1 1 1 1 1 1 1 1 1 1 1 1 1 1 1 1 1 1 1 1 1 1 1 1 1 1 1 1 1 1 1 1 1 1 1 1 1 1 1 1 1 1 1 1 1 1 1 1 1 1 1 1 1 1 1 1 1 1 1 1 1 1 1 1 1 1 1 1 1 1 1 1 1 1 1 1 1 1 1 1 1 1 1 1 1 1 1 1 1 1 1 1 1 1 1 1 1 1 1 1 1 1 1 1 1 1 1 1 1 1 1 1 1 1 1 1 1 1 1 1 1 1 1 1 1 1 1 1 1 1 1 1 1 1 1 1 1 1 1 1 1 1 1 1 1 1 1 1 1 1 1 1 1 1 1 1 1 1 1 1 1 1 1 1 1 1 1 1 1 1 1 1 1 1 1 1 1 1 1 1 1 1 1 1 1 1 1 1 1 1 1 1 1 1 1 1 1 1 1 1 1 1 1 1 1 1 1 1 1 1 1 1 1 1 1 1 1 1 1 1 1 1 1 1 1 1 1 1 1 1 1 1 1 1 1 1 1 1 1 1 1 1 1 1 1 1 1 1 1 1 1 1 1 1 1 1 1 1 1 1 1 1 1 1 1 1 1 1 1 1 1 1 1 1 1 1 1 1 1 1 1 1 1 1 1 1 1 1 1 1 1 1 1 1 1 1 1 1 1 1 1 1 1 1 1 1 1 1 1 1 1 1 1 1 1 1 1 1 1 1 1 1 1 1 1 1 1 1 1 1 1 1 1 1 1 1 1 1 1 1 1 1 1 1 1 1 1 1 1 1 1 1 1 1 1 1 1 1 1 1 1 1 1 1 1 1 1 1 1 1 1 1 1 1 1 1 1 1 1 1 1 1 1 1 1 1 1 1 1 1 1 1 1 1 1 1 1 1 1 1 1 1 1 1 1 1 1 1 1 1 1 1 1 1 1 1 1 1 1 1 1 1 1 1 1 1 1 1 1 1 1 1 1 1 1 1 1 1 1 1 1 1 1 1 1 1 1 1 1 1 1 1 1 1 1 1 1 1 1 1 1 1 1 1 1 1 1 1 1 1 1 1 1 1 1 1 1 1 1 1 1 1 1 1 1 1 1 1 1 1 1 1 1 1 1 1 1 1 1 1 1 1 1 1 1 1 1 1 1 1 1 1 1 1 1 1 1 1 1 1 1 1 1 1 1 1 1 1 1 1 1 1 1 1 1 1 1 1 1 1 1 1 1 1 1 1 1 1 1 1 1 1 1 1 1 1 1 1 1 1 1 1 1 1 1 1 1 1 1 1 1 1 1 1 1 1 1 1 1 1 1 1 1 1 1 1 1 1 1 1 1 1 1 1 1 1 1 1 1 1 1 1 1 1 1 1 1 1 1 1 1 1 1 1 1 1 1 1 1 1 1 1 1 1 1 1 1 1 1 1 1 1 1 1 1 1 1 1 1 1 1 1 1 1 1 1 1 1 1 1 1 1 1 1 1 1 1 1 1 1 1 1 1 1 1 1 1 1 1 1 1 1 1 1 1 1 1 1 1 1 1 1 1 1 1 1 1 1 1 1 1 1 1 1 1 1 1 1 1 1 1 1 1 1 1 1 1 1 1 1 1 1 1 1 1 1 1 1 1 1 1 1 1 1 1 1 1 1 1 1 1 1 1 1 1 1 1 1 1 1 1 1 1 1 1 1 1 1 1 1 1 1 1 1 1 1 1 1 1 1 1 1 1 1 1 1 1 1 1 1 1 1 1 1 1 1 1 1 1 1 1 1 1 1 1 1 1 1 1 1 1 1 1 1 1 1</DataArray>
        <DataArray type="Float64" Name="StressTrace" format="ascii">-3309.64760093 -30500.2194197 8828.58263932 -947.903322583 -6287.61977865 8274.07898225 -12520.5213621 -8030.91331054 9059.20169114 -6758.58487078 -10504.0033581 -4571.2847564 4688.17919447 31158.6546524 -1239.65255992 4051.94784285 4289.62581649 -10389.0202045 -7010.84124583 -3835.48077039 4858.88666067 9553.64806897 -4937.18352283 -1342.93712013 2168.60499737 -6186.27408279 217.161686871 -4264.45816154 -4025.50668747 -2114.79055405 -5020.24132925 -7597.9120616 7726.53981538 7757.73179246 -1698.83459864 -8636.63901901 -3217.914172 -2723.61319998 -2740.01786749 -4168.13584171 548.870183695 3172.57263556 -3994.10328944 -16472.5039592 -31229.9482564 -28674.4756328 -13001.1133506 23302.5943514 -13709.9944946 -14282.6697776 6191.82030496 31141.4571026 13182.2707937 7032.25970019 -7377.93119496 2958.83436921 -31258.5258982 30511.6487519 -7693.94939915 25063.3737572 7712.38834434 7243.05712098 14768.3825334 3715.07137371 13085.1934019 4675.33176561 -9321.51007078 -31538.870271 -1297.04847012 -7063.66979458 5155.85620688 -4055.75442407 -4017.09744571 8268.95380067 -37074.7019949 7588.34236173 -157.076267958 7036.28461892 367.983019652 22518.6334307 21465.0484948 31534.6705851 -1137.20038778 1015.11452958 -5894.32450538 -1085.73887932 -364.860629409 -2896.54322168 17591.8774906 3874.13836798 41470.3045479 13445.2682714 -20178.9090892 -13450.0250285 1603.25470008 1395.82385489 21338.0425569 13784.4598206 32037.0773073 6115.70635556 258.710210113 184.658951118 9102.52210835 2200.67809142 4774.98888458 6399.44201907 2641.06571559 -2250.14411609 4728.32227859 4962.55494557 -3661.14017015 -5305.1222683 -9134.4630438 2377.10616657 -1867.08983723 6910.87692559 -4735.15513701 6458.16690838 -5520.77465384 4865.77493913 1315.50461939 -6200.11714279 -6.73691938682 4729.08018135 4624.00500444 3606.9385104 9213.64563751 1397.8319029 10459.7839054 870.539730496 -8332.91152275 -7496.90039212 -12264.5894619 -5557.72881668 2351.24793864 -4188.448377 3320.9009695 5183.33138704 7699.69936893 1709.45214758 -14248.6545764 1759.68307996 -2233.56480001 -3546.30553457 -464.975465489 -8076.67397565 -1355.17852322 -103.237100936 -1002.85280795 -4579.02405347 -6153.28202534 4747.15559017 -1289.97003141 4415.55213252 1340.84956127 8139.23124808 -8021.91616974 4614.02602024 1890.11297197 246.795293707 8249.62612794 -11996.090333 12393.8205683 -9646.35602578 23691.1802771 -23795.2311533 10428.4760885 6752.01451747 3199.90294055 -2763.57493797 4643.39302879 -9824.04957061 -4268.5127044 1701.76623607 -28120.8965447 27687.6911612 -6068.76560025 28792.3167409 -26590.6141535 13264.2459721 10105.3253084 7699.60872849 3404.70360241 8356.02844422 13144.6460084 -12781.9870615 -13325.3395094 532.535140268 -4939.3192997 -7016.96012167 8483.44638422 -2752.24638527 -1540.09725905 -836.503321075 15.8281440857 92.4586748727 -3103.86512953 5039.14963271 4755.4512689 -4071.89797644 -24398.8473414 26603.9209254 -25725.7568993 23320.6553663 115.682202214 -568.313889923 -11746.1109859 -4517.53218286 12113.6237347 4897.50315639 1415.90270167 6579.19177633 2676.11789014 -800.096220155 -3890.84487184 37676.8597221 1140.96726493 4306.19005965 5818.38542541 -2191.43337526 1923.38600042 1237.17267013 -2502.04904868 -5756.19655173 761.615965741 -637.391660279 -10131.6839824 -1028.73649483 171.230887869 -2324.09365138 -2487.07428866 -19549.0967529 -13597.9778223 12180.6097201 18146.3310987 -676.965009466 -868.034938535 701.531228148 2116.80296841 -18660.429473 31087.3784639 19268.9499315 -18952.1571422 21212.8863766 -18531.9977687 27665.7930657 -33291.4456321 818.671118753 4112.58178678 11756.0702065 6572.96636047 8306.80911215 -47873.1603001 45218.8271885 -1603.77385114 3542.20095863 8656.39355455 2277.55948293 10664.7735363 -1340.50414263 125.552640898 -2110.08854136 -7033.13950999 -175.114891489 1426.66291995 703.780169691 16335.4600585 -5222.16714404 -10149.0906582 -41650.7825758 35969.5865023 -1060.36464825 11747.3899248 362.362273293 -2480.82150346 -8103.18950147 1662.10571208 -13995.5005288 12717.6041663 2998.22381299 -1196.52667297 4340.21531742 32425.7914255 8034.91834943 178.983696346 -190.886152407 -7328.09330719 446.179227712 -24331.2455036 -24146.509135 -6308.66054535 4709.03272526 -21324.7566197 -128.158036352 -2659.17479267 -594.316703031 -567.912990977 20490.6549622 -449.183676927 -17970.569348 -17685.4151059 564.501519519 -546.874893586 37255.3376099 25053.256251 40204.4751988 11539.0089682 -24196.1574093 -2816.12566671 15060.7044719 19849.0436229 7716.9896838 21904.4890732 5652.94808206 -7422.07844603 -5176.49224148 -13058.102057 -33936.8556146 783.505263556 -5372.38594476 -3727.98762255 -10888.8473167 1114.85543557 2893.50591579 -38465.2379007 -5182.34521544 -5447.39342419 -19704.2634379 -19327.5631403 -8436.96682661 1522.16019054 127.582755296 -24.72413797 29.5174026343 -234.433329533 6049.98740106 4657.63276217 -1815.86035203 -796.561042736 -919.379839986 952.256746057 -2250.47169115 22201.7265874 1116.60669302 2210.13152486 -2382.96020335 2329.03251316 3651.67792047 -28134.0415208 -28396.6734017 25435.3124534 27862.9433691 3508.00221042 -4018.368122 -6810.93894682 -23156.3434278 -26109.6369553 25252.7393549 25590.8576682 2844.76478699 15005.0989043 -13928.772938 -13938.8249144 14090.114881 297.397903382 -5022.50446238 2559.06976889 -3024.16493895 11810.4999722 -12860.9388817 -33646.6173795 31714.9537588 3280.61559991 -2667.00064169 -3085.30949491 8119.54400423 -50109.4792956 -52851.2199649 47516.9647784 -1902.79211255 -19077.8605956 4735.36784716 138.165654149 -185.712402769 16600.9946493 84.232943912 -159.961151332 321.396177232 -113.911613355 238.713976155 -213.156151838 21804.8172626 -6548.22333543 8450.22207443 6337.49455346 15601.1354747 -37519.8239314 -8340.41847728 -37892.4931814 35221.7509977 36448.2720216 10053.8721755 -20685.0824347 10515.1264 10210.6620669 -22903.0004246 12360.6830705 -20222.1465651 21305.349642 -21301.9080143 21028.1814102 -20388.7322616 17153.9089649 18649.9292433 -20001.0446378 -1332.22295391 -12738.307821 1067.86227467 -241.212721043 2711.98552322 -1232.4295402 -3578.76739787 -10162.7115269 -6847.5818042 12319.9274504 10192.5526905 -22926.8326882 -3681.49058235 -24684.1431047 4705.15483321 26574.0370346 21668.2982519 3405.11085398 -548.95626473 -1877.01515701 -849.547634076 7407.94160068 -7619.6412265 -7162.26028088 7320.86566365 8884.10113093 10822.3067766 -11223.0076975 -11707.0157474 10992.5309779 -724.222891918 -1005.56294244 -8574.44644123 4932.46384348 -3708.19370314 1808.11608386 1808.11608386 1808.11608386 1808.11608386 -742.951943621 -4136.97816648 -3535.05558953 7939.5521818 -9497.33202159 -22172.3679799 -8658.49391344 -1053.69812123 3494.61547723 -5054.2156272 -4862.98562777 30440.0545154 2012.30792712 1953.05617588 1853.81128677 332.15792432 -1422.40334892 -25405.222637 297.988699164 744.057669951 7232.54740263 -11015.7112494 -5733.25086027 -4062.96867907 -7688.99142911 -5230.33839228 -5239.34393857 -16828.611001 -1837.97806941 -20388.76028 20858.9167574 15396.908138 10424.2969773 8237.08718492 5614.86643144 5135.2426417 5025.39852261 -4524.24776129 -3134.0609002 -6913.30276742 8644.73343223 -6292.4054489 -5848.9263129 -380.728197864 9.27384332644 19172.5416095 606.761649995 4924.35261143 5798.71942512 3376.99106668 2605.39708178 -39306.7903016 -2411.58965886 1074.67622146 1094.16397175 -9676.09626903 -718.203507806 -200.266990538 6678.36999386 2532.55172574 -2111.96167929 -35476.8250936 4092.77546521 -2316.33368542 3681.90290649 12196.684239 -6344.80179626 -13536.2424199 -5940.56656332 -8470.33411237 5440.32900934 -23357.0872436 783.857500658 20704.8172919 5311.98857949 -6966.23722551 173.594000107 1086.56329751 -1494.88410791 -14858.0870567 13863.4422205 9121.37371359 -8555.37261509 3001.73417357 6258.26564357 -4362.19792695 -1449.26968218 11772.2919742 -76.6656889686 -13576.6730619 -499.588856721 -5092.77841143 36894.844309 -20001.8899838 -18192.2009104 -17728.8856087 35733.107048 -35995.3701585 -1762.290402 -38264.2249015 1190.06464612 913.792963746 -1169.47377024 -5336.14460815 -449.768952874 107.729736144 -9875.45714677 31510.3741824 -4484.34052576 -36032.5108072 -33088.1236415 -7485.42169108 32488.6050305 25969.1470611 15372.7409889 12105.4311353 7397.28997086 7757.72663352 3349.49653826 6369.53280597 3419.25237762 -6566.44619623 -49340.4738664 -2179.44614497 -9481.34359143 296.514238408 -32864.454931 -22100.0066348 19863.2002672 -20595.9712176 22804.2682621 13167.6059563 -24249.0736901 42535.8417657 -10262.8612723 -721.212396341 -15811.9867447 23391.281948 28275.0549358 -3876.51363467 37254.9400384 -9118.19803821 6763.94799422 11896.1611382 2908.97181776 26978.8038704 33510.0862535 14415.9149015 -3883.90854416 -4506.1904946 -361.704679593 -203.129593902 38861.5187525 2089.46199151 1711.52699756 230.47034038 -2446.40277091 23378.2524421 -27487.220744 26750.5873773 -23024.0316094 10226.8703076 13878.8051867 -465.790098136 6903.0002378 -6940.91317897 -12275.4428002 6467.33671768 -6540.0599496 -10740.7935279 10132.0549181 36456.2163953 8457.64705735 -7716.73660046 -2698.67218431 -5067.34717843 -6383.28966828 2395.83624329 -1087.09931139 -48261.4219559 -8881.48750066 -5208.82784843 7889.20652386 -2810.13792305 8345.79971127 -44.2781943334 -37577.587748 -393.933532427 -7841.26919848 -7507.47994422 -3535.29169126 -3944.513804 -3510.1103325 1853.305973 2603.71604929 -27436.2688786 -37035.5231721 36544.6092229 4430.93448887 8495.64221503 8848.86363346 7514.51372387 1436.35342144 3885.07827391 2961.178601 27486.9891196 28593.4048082 22079.8372317 23442.0158278 6804.32505789 11278.6508957 11571.6250316 -14432.8698009 -35179.9183639 541.252951004 -6594.47783165 -2054.42173186 -28933.656114 -13622.0348769 -14935.577243 -14174.2509587 -21231.1464121 -33520.6952736 -34412.0990588 390.405409873 -2053.94658498 -2815.28637174 12881.9108496 19323.8861708 2982.75690534 2249.07159195 29459.9470911 -1880.02826384 -2350.75836249 453.794117185 8153.32681746 1175.38509203 234.167504931 -221.961133456 -7259.31133025 29038.9167906 -1160.02450536 -7382.98909587 -1802.22924313 -8095.17805452 -9433.7185448 26465.409774 2330.149838 1229.28376032 -1465.82386372 4227.3885217 4432.89637573 8358.76337568 -2962.61661026 1718.7644079 5741.9767071 4163.01177318 2536.32287165 -10319.0580092 3486.90750915 3111.45205055 35065.9828046 16514.8014916 19032.6669625 11534.1083057 1048.97709348 805.655634113 -2600.65123627 3561.02190982 2366.43072416 -23900.5769354 3678.46364543 984.49854563 3335.05960922 35674.0183576 -48309.2115898 1332.7435251 114.475269586 -399.934401776 1480.33044057 -24989.9903208 6818.025472 36638.8132591 510.938027468 -337.766854252 4752.13250487 22809.5221843 -4649.39740287 1808.11608386 1808.11608386 14796.7930565 -3542.64849192 -515.701512861 -951.08439629 22.9922338844 -9022.98413241 -39786.1062865 -18714.9089014 -33535.4999079 2143.75256474 22643.0767283 25155.8363822 -3474.77003257 39212.4522032 -4142.8930095 -4359.03521051 -12537.0301775 3792.16904844 10019.7058273 -1317.18139714 47874.3921684 -36205.850778 24495.0866154 -12578.023694 2483.69564503 2489.36621892 5413.58517906 13292.6583718 19452.1196027 -33151.3683781 -15179.6931117 -26134.2173887 -15113.8509915 -19913.9268556 -19544.4852047 -6270.47429223 -6690.19004319 -5672.85189271 13558.3828442 2200.1893074 2794.93361229 -10773.837966 -41461.5292858 -10575.1410437 30227.2559848 2102.10750981 1266.90382179 -3880.12792215 15007.1399835 7079.80900185 34721.4747062 39322.0709578 -9449.73211559 -16834.3847491 -1272.99474248 -1628.61620091 -7768.02711007 -7470.04620967 -18481.1556505 -4443.20669071 19774.929041 19792.6506948 -20859.7787904 4052.38890793 35464.6041567 -3282.51989356 -18690.0714401 18214.3235501 3614.22399989 -4316.77322058 -40976.0080511 -7777.40592048 -14522.5555307 7697.52434247 16293.3191759 -24709.1637997 -25705.4643419 8062.36960662 -13352.6978712 1584.69675736 3066.08896928 13209.5894337 -9776.1723182 -2022.30304737 -1199.34248406 -24977.101206 -6717.03324655 -2736.49534086 -3815.15741364 -1717.58417228 -3820.60677766 -12675.5768279 -1964.94278431 -1641.45190327 -5345.94528593 -6350.74341954 -37099.5534467 -1135.03368072 18037.8819912 -30417.3305148 31051.9820977 8268.38972729 -5276.5930585 -5920.67245439 3257.94289164 7472.62005686 -7659.92466842 28041.1675587 -6790.30376652 -6082.94887988 -28317.091443 -29513.6873063 -10831.8601814 -11562.7927247 -33122.5652932 -39127.4837168 -17037.7846713 -16562.185976 -25228.3454942 -26377.3513982 -9133.79373435 8182.67055404 -912.074566571 571.120364355 -42593.9676046 -4069.63240591 -1992.95736839 -7562.50570894 -3206.8801642 -802.347819666 -4136.02438084 -1951.15042316 -2101.04277402 -1828.21171185 -18925.0322403 -2599.59653285 3903.34568594 19925.710456 -9876.34783136 43803.3578379 10879.9112403 -8719.6872869 35500.5079486 -5454.23292566 -5814.87851513 6850.4646967 -1195.69307222 38625.3642607 1814.85562878 33085.20911 -65.1319987343 -12998.9460266 -23778.4737968 23759.9999385 540.025062859 15435.0449359 -42261.198151 41833.1397097 2738.66497262 -9849.04943723 859.82975339 11987.1748472 4154.98497484 9491.58402244 942.57283046 -4293.27022273 115.427613688 28872.3780208 -4436.85325026 -38262.18852 -2203.35647213 -2199.2022002 -4012.33712428 17858.1780872 -41353.8966158 -732.938760258 -612.301809645 -11224.213195 2340.57454645 752.837045694 -24865.4146505 -2389.86627195 -22037.8328055 -37115.9266957 -98.604936559 4464.65426816 -1073.44026627 42212.3134441 -7784.26527301 3766.99149811 17593.8179749 28303.1213282 41426.028796 150.690254953 -426.911543797 -8281.24026208 -27359.2875865 -24759.2073197 -1948.9825501 31401.1555619 38467.1372205 15237.6267125 -83986.4584425 -84775.6620688 -214.746842909 -35.0338961159 -12121.8673696 83590.0528712 77772.0833653 -311.515074168 162.055530336 -24228.9078326 -4217.29356253 1035.56684511 12596.2494708 -25858.8731127 33986.1600285 21584.9511912 -18614.3906432 24815.0528832 -21380.9800573 10541.0464146 10236.5622541 18944.6572658 22317.1084403 24700.6484645 8415.59465983 10304.8623951 -32309.1166548 3411.4569957 3587.28886419 -32232.6457327 -40145.0219382 1008.75522246 -34591.0960374 -33560.0749552 -1170.36579215 35361.5827856 -25466.0287149 -9710.11092931 -15387.3506866 39815.4121651 13895.2163224 24657.999932 -27918.8008207 -26929.857597 126.511971137 -99.5911074186 66.967831796 -94.7823963185 -64375.0894418 -69971.9706294 64520.4674345 67452.1527208 28245.6180119 2413.04659929 -216.370801973 -32155.849773 404.231957068 26000.043972 -29385.3867891 31356.4231716 7840.10816271 19114.0255656 19598.1104987 7798.04797694 13189.2434572 -15035.5894662 -14612.6893675 20517.8770526 13982.0310437 16851.5120167 26847.4762873 -3844.18458023 -3535.61151317 29092.0062354 -22039.7333969 -18421.5330493 -7336.37849897 -7886.46925009 -10186.4362002 -10580.6677437 -20613.4023823 -8925.46147792 -8356.70453643 -28986.1737785 -18598.9510808 36967.0116529 -34066.0188511 16760.5355942 17378.9007714 33344.4551998 21221.9468154 20340.2219488 7423.4226042 6676.20600024 29185.7406271 5405.6602858 5029.42681682 27769.3741748 14249.600731 13156.3990982 33480.8781475 -703.388931831 403.736901473 -971.337984603 40997.590436 -42458.065228 -48446.0067766 44659.8596224 765.364590678 2826.67865717 19852.6729248 17765.8908068 -520.224873386 -3771.00012453 362.491430767 46.6606170755 -16.0644849827 -79058.1862064 80136.4522352 -29067.2877646 2564.27906049 2543.96845875 -28770.8726484 34084.8421531 -15215.4938214 -15247.3390189 -29606.3812627 -34645.5216059 30571.7983911 -21315.4155161 -21328.8757939 -7394.3417487 -7276.04008159 -27543.6857857 -7224.48501572 -6693.00346362 -32607.5746869 -15247.2316136 -15259.9472357 -2223.90581625 -2441.05860201 -20425.5170844 -20280.5241807 37872.1970405 -7074.26867934 -32167.2952492 5329.46563686 436.714889669 -82.7673967297 -10.7827276734 -212.55249714 -44834.3210233 46267.4162891 44443.5430213 -45062.8304541 -44073.3881192 -6089.61795936 41072.2479418 10580.6138712 -154.409983512 1060.1707202 -1010.49080207 966.870507192 -173.903192587 83590.0528712 35361.5827856 -83986.4584425 -84775.6620688 36604.951398 77772.0833653 -34591.0960374 37.2653723014 -33560.0749552 87.6997630881 -1140.77820144 -28015.0341768 -15087.3705514 -13507.2282274 -40014.6610003 13619.522324 -35817.6516569 424.119635453 7284.46316166 1613.76156796 510.658516547 2826.67865717 14182.8368266 6640.64887831 -3293.4427383 -624.049380297 -683.785899931 749.218750825 627.899883197 5891.15605426 -5431.38630411 112.868781735 661.138032939 -466.963223563 -254.420146958 -1531.61101057 3210.22988495 -18482.5634906 -48237.9386812 30.61405904 -10667.1714612 6513.95216587 -9005.96867146 191.61641337 3188.50890952 -24211.8566631 -6094.54752583 42842.9982085 26340.2413345 13015.3683305 26305.3705756 9846.8500061 6298.80889652 17743.790928 20575.7998102 29649.8034123 -995.797629716 20905.0290529 8056.85410156 14859.7481921 28437.3527862 23942.573707 -28341.0011901 -12297.5347358 -26358.5079243 -23025.2188076 45732.0094741 42944.2332393 -27555.3478959 -49206.8607342 -9081.19708709 7122.06206148</DataArray>
        <DataArray type="Float64" Name="HydrostaticPressure" format="ascii">1103.21586698 10166.7398066 -2942.86087977 315.967774194 2095.87325955 -2758.02632742 4173.5071207 2676.97110351 -3019.73389705 2252.86162359 3501.33445271 1523.76158547 -1562.72639816 -10386.2182175 413.217519974 -1350.64928095 -1429.87527216 3463.00673484 2336.94708194 1278.49359013 -1619.62888689 -3184.54935632 1645.72784094 447.645706709 -722.868332457 2062.09136093 -72.387228957 1421.48605385 1341.83556249 704.930184683 1673.41377642 2532.63735387 -2575.51327179 -2585.91059749 566.278199548 2878.879673 1072.63805733 907.871066659 913.339289164 1389.3786139 -182.956727898 -1057.52421185 1331.36776315 5490.83465308 10409.9827521 9558.15854427 4333.7044502 -7767.53145048 4569.99816487 4760.88992586 -2063.94010165 -10380.4857009 -4394.09026456 -2344.08656673 2459.31039832 -986.278123071 10419.5086327 -10170.549584 2564.64979972 -8354.45791907 -2570.79611478 -2414.35237366 -4922.79417781 -1238.35712457 -4361.73113395 -1558.44392187 3107.17002359 10512.956757 432.349490041 2354.55659819 -1718.61873563 1351.91814136 1339.0324819 -2756.31793356 12358.2339983 -2529.44745391 52.3587559861 -2345.42820631 -122.661006551 -7506.21114356 -7155.01616494 -10511.5568617 379.066795927 -338.371509861 1964.77483513 361.912959774 121.620209803 965.514407228 -5863.95916352 -1291.37945599 -13823.4348493 -4481.75609046 6726.30302974 4483.34167618 -534.418233359 -465.274618297 -7112.6808523 -4594.81994019 -10679.0257691 -2038.56878519 -86.2367367043 -61.5529837061 -3034.17403612 -733.559363806 -1591.66296153 -2133.14733969 -880.355238532 750.048038696 -1576.1074262 -1654.18498186 1220.38005672 1768.37408943 3044.8210146 -792.368722189 622.363279076 -2303.62564186 1578.38504567 -2152.72230279 1840.25821795 -1621.92497971 -438.501539797 2066.70571426 2.24563979561 -1576.36006045 -1541.33500148 -1202.3128368 -3071.2152125 -465.943967634 -3486.59463514 -290.179910165 2777.63717425 2498.96679737 4088.1964873 1852.57627223 -783.749312881 1396.149459 -1106.96698983 -1727.77712901 -2566.56645631 -569.817382528 4749.55152545 -586.561026655 744.521600002 1182.10184486 154.99182183 2692.22465855 451.726174405 34.4123669786 334.284269318 1526.34135116 2051.09400845 -1582.38519672 429.990010471 -1471.85071084 -446.949853755 -2713.07708269 2673.97205658 -1538.00867341 -630.037657324 -82.2650979024 -2749.87537598 3998.69677768 -4131.27352277 3215.45200859 -7897.06009237 7931.74371778 -3476.15869616 -2250.67150582 -1066.63431352 921.19164599 -1547.79767626 3274.6831902 1422.83756813 -567.255412023 9373.63218156 -9229.23038706 2022.92186675 -9597.43891364 8863.53805116 -4421.41532403 -3368.44176947 -2566.53624283 -1134.9012008 -2785.34281474 -4381.54866945 4260.66235384 4441.77983645 -177.511713423 1646.43976657 2338.98670722 -2827.81546141 917.415461758 513.365753015 278.834440358 -5.27604802857 -30.8195582909 1034.62170984 -1679.71654424 -1585.15042297 1357.29932548 8132.94911381 -8867.97364179 8575.25229978 -7773.55178877 -38.5607340713 189.437963308 3915.37032864 1505.84406095 -4037.87457823 -1632.50105213 -471.967567225 -2193.06392544 -892.039296714 266.698740052 1296.94829061 -12558.9532407 -380.322421644 -1435.39668655 -1939.46180847 730.477791753 -641.128666806 -412.390890043 834.016349561 1918.73218391 -253.87198858 212.46388676 3377.22799413 342.912164943 -57.0769626229 774.697883794 829.024762888 6516.36558431 4532.65927411 -4060.20324004 -6048.77703288 225.655003155 289.344979512 -233.843742716 -705.600989471 6220.14315768 -10362.459488 -6422.98331049 6317.38571408 -7070.96212552 6177.33258956 -9221.93102188 11097.148544 -272.890372918 -1370.86059559 -3918.69006883 -2190.98878682 -2768.93637072 15957.7201 -15072.9423962 534.591283712 -1180.73365288 -2885.46451818 -759.18649431 -3554.92451211 446.834714211 -41.8508802992 703.362847119 2344.37983666 58.3716304964 -475.554306651 -234.593389897 -5445.15335282 1740.72238135 3383.0302194 13883.5941919 -11989.8621674 353.45488275 -3915.7966416 -120.787424431 826.940501155 2701.06316716 -554.03523736 4665.16684292 -4239.20138876 -999.407937663 398.842224322 -1446.73843914 -10808.5971418 -2678.30611648 -59.6612321155 63.6287174691 2442.69776906 -148.726409237 8110.41516787 8048.83637834 2102.88684845 -1569.67757509 7108.25220656 42.7193454508 886.391597556 198.105567677 189.304330326 -6830.21832073 149.727892309 5990.18978265 5895.13836862 -188.167173173 182.291631195 -12418.44587 -8351.08541701 -13401.4917329 -3846.33632273 8065.38580309 938.70855557 -5020.23482397 -6616.34787429 -2572.3298946 -7301.49635775 -1884.31602735 2474.02614868 1725.49741383 4352.70068568 11312.2852049 -261.168421185 1790.79531492 1242.66254085 3629.61577225 -371.618478524 -964.501971929 12821.7459669 1727.44840515 1815.79780806 6568.08781262 6442.52104677 2812.32227554 -507.386730181 -42.5275850986 8.24137932334 -9.83913421142 78.1444431778 -2016.66246702 -1552.54425406 605.28678401 265.520347579 306.459946662 -317.418915352 750.157230382 -7400.57552912 -372.202231007 -736.710508285 794.320067784 -776.344171052 -1217.22597349 9378.01384026 9465.55780055 -8478.43748448 -9287.6477897 -1169.33407014 1339.45604067 2270.31298227 7718.7811426 8703.21231842 -8417.57978497 -8530.28588939 -948.254928998 -5001.69963478 4642.92431265 4646.27497147 -4696.70496032 -99.1326344606 1674.16815413 -853.023256296 1008.05497965 -3936.83332405 4286.97962724 11215.5391265 -10571.6512529 -1093.5385333 889.000213896 1028.4364983 -2706.51466808 16703.1597652 17617.0733216 -15838.9882595 634.264037517 6359.28686519 -1578.45594905 -46.0552180497 61.9041342563 -5533.66488311 -28.0776479707 53.3203837774 -107.132059077 37.9705377851 -79.571325385 71.0520506127 -7268.27242087 2182.74111181 -2816.74069148 -2112.49818449 -5200.37849156 12506.6079771 2780.13949243 12630.8310605 -11740.5836659 -12149.4240072 -3351.29072515 6895.02747825 -3505.04213335 -3403.55402229 7634.33347487 -4120.22769016 6740.71552171 -7101.78321399 7100.63600475 -7009.39380341 6796.2440872 -5717.96965497 -6216.64308109 6667.01487928 444.074317969 4246.10260701 -355.954091557 80.4042403476 -903.995174407 410.809846732 1192.92246596 3387.57050897 2282.52726807 -4106.64248347 -3397.51756352 7642.27756274 1227.16352745 8228.04770158 -1568.3849444 -8858.01234487 -7222.76608398 -1135.03695133 182.985421577 625.671719002 283.182544692 -2469.31386689 2539.88040883 2387.42009363 -2440.28855455 -2961.36704364 -3607.43559219 3741.00256582 3902.33858246 -3664.17699264 241.407630639 335.18764748 2858.14881374 -1644.15461449 1236.06456771 -602.705361288 -602.705361288 -602.705361288 -602.705361288 247.650647874 1378.99272216 1178.35186318 -2646.51739393 3165.77734053 7390.78932665 2886.16463781 351.232707076 -1164.87182574 1684.7385424 1620.99520926 -10146.6848385 -670.769309041 -651.018725293 -617.93709559 -110.719308107 474.134449642 8468.40754567 -99.3295663879 -248.019223317 -2410.84913421 3671.90374979 1911.08362009 1354.32289302 2562.99714304 1743.44613076 1746.44797952 5609.53700034 612.659356468 6796.25342667 -6952.97225246 -5132.30271266 -3474.76565909 -2745.69572831 -1871.62214381 -1711.74754723 -1675.13284087 1508.0825871 1044.68696673 2304.43425581 -2881.57781074 2097.46848297 1949.6421043 126.909399288 -3.09128110881 -6390.84720317 -202.253883332 -1641.45087048 -1932.90647504 -1125.66368889 -868.465693927 13102.2634339 803.86321962 -358.225407154 -364.721323918 3225.36542301 239.401169269 66.7556635128 -2226.12333129 -844.18390858 703.98722643 11825.6083645 -1364.2584884 772.111228473 -1227.30096883 -4065.56141299 2114.93393209 4512.08080665 1980.18885444 2823.44470412 -1813.44300311 7785.69574787 -261.285833553 -6901.60576397 -1770.66285983 2322.07907517 -57.8646667023 -362.187765838 498.294702637 4952.69568555 -4621.14740685 -3040.45790453 2851.7908717 -1000.57805786 -2086.08854786 1454.06597565 483.08989406 -3924.09732472 25.5552296562 4525.55768731 166.529618907 1697.59280381 -12298.2814363 6667.29666128 6064.06697013 5909.62853625 -11911.0356827 11998.4567195 587.430134 12754.7416338 -396.688215374 -304.597654582 389.82459008 1778.71486938 149.922984291 -35.909912048 3291.81904892 -10503.4580608 1494.78017525 12010.8369357 11029.3745472 2495.14056369 -10829.5350102 -8656.38235371 -5124.2469963 -4035.14371177 -2465.76332362 -2585.90887784 -1116.49884609 -2123.17760199 -1139.75079254 2188.81539874 16446.8246221 726.482048323 3160.44786381 -98.8380794692 10954.8183103 7366.66887826 -6621.06675575 6865.32373922 -7601.42275402 -4389.20198544 8083.02456337 -14178.6139219 3420.95375745 240.404132114 5270.66224823 -7797.09398267 -9425.01831194 1292.17121156 -12418.3133461 3039.39934607 -2254.64933141 -3965.38704606 -969.657272585 -8992.93462348 -11170.0287512 -4805.30496718 1294.63618139 1502.0634982 120.568226531 67.709864634 -12953.8395842 -696.487330502 -570.508999186 -76.8234467933 815.467590304 -7792.75081404 9162.40691466 -8916.86245909 7674.67720313 -3408.9567692 -4626.26839558 155.263366045 -2301.00007927 2313.63772632 4091.81426675 -2155.77890589 2180.0199832 3580.2645093 -3377.35163938 -12152.0721318 -2819.21568578 2572.24553349 899.55739477 1689.11572614 2127.76322276 -798.612081096 362.366437129 16087.140652 2960.49583355 1736.27594948 -2629.73550795 936.712641017 -2781.93323709 14.7593981111 12525.8625827 131.311177476 2613.75639949 2502.49331474 1178.43056375 1314.83793467 1170.0367775 -617.768657668 -867.905349763 9145.42295952 12345.1743907 -12181.5364076 -1476.97816296 -2831.88073834 -2949.62121115 -2504.83790796 -478.784473815 -1295.0260913 -987.059533668 -9162.32970653 -9531.13493607 -7359.9457439 -7814.00527594 -2268.10835263 -3759.55029855 -3857.20834386 4810.95660031 11726.6394546 -180.417650335 2198.15927722 684.807243952 9644.55203799 4540.67829231 4978.52574768 4724.75031956 7077.04880404 11173.5650912 11470.6996863 -130.135136624 684.648861661 938.428790581 -4293.9702832 -6441.29539026 -994.252301779 -749.690530649 -9819.98236371 626.676087948 783.586120829 -151.264705728 -2717.77560582 -391.795030676 -78.055834977 73.9870444854 2419.77044342 -9679.63893019 386.674835119 2460.99636529 600.743081045 2698.39268484 3144.57284827 -8821.80325801 -776.716612668 -409.76125344 488.607954575 -1409.12950723 -1477.63212524 -2786.25445856 987.538870086 -572.921469301 -1913.9922357 -1387.67059106 -845.440957216 3439.68600306 -1162.30250305 -1037.15068352 -11688.6609349 -5504.93383053 -6344.22232085 -3844.70276858 -349.659031159 -268.551878038 866.883745423 -1187.00730327 -788.810241388 7966.85897846 -1226.15454848 -328.166181877 -1111.68653641 -11891.3394525 16103.0705299 -444.247841699 -38.1584231955 133.311467259 -493.443480188 8329.9967736 -2272.67515733 -12212.937753 -170.312675823 112.588951417 -1584.04416829 -7603.17406144 1549.79913429 -602.705361288 -602.705361288 -4932.26435218 1180.88283064 171.900504287 317.028132097 -7.66407796145 3007.66137747 13262.0354288 6238.30296712 11178.4999693 -714.584188245 -7547.69224276 -8385.27879405 1158.25667752 -13070.8174011 1380.9643365 1453.01173684 4179.01005918 -1264.05634948 -3339.90194243 439.060465712 -15958.1307228 12068.616926 -8165.02887181 4192.67456467 -827.898548345 -829.788739639 -1804.52839302 -4430.88612394 -6484.03986758 11050.456126 5059.89770389 8711.40579624 5037.95033048 6637.97561853 6514.82840158 2090.15809741 2230.06334773 1890.9506309 -4519.46094806 -733.3964358 -931.64453743 3591.279322 13820.5097619 3525.04701458 -10075.7519949 -700.702503269 -422.30127393 1293.37597405 -5002.37999449 -2359.93633395 -11573.8249021 -13107.3569859 3149.9107052 5611.46158305 424.331580826 542.872066968 2589.34237002 2490.01540322 6160.38521682 1481.0688969 -6591.64301367 -6597.55023159 6953.25959681 -1350.79630264 -11821.5347189 1094.17329785 6230.02381335 -6071.44118337 -1204.7413333 1438.92440686 13658.6693504 2592.46864016 4840.85184358 -2565.84144749 -5431.10639196 8236.38793324 8568.48811398 -2687.45653554 4450.8992904 -528.232252454 -1022.02965643 -4403.1964779 3258.72410607 674.101015791 399.780828021 8325.70040199 2239.01108218 912.165113619 1271.71913788 572.528057427 1273.53559255 4225.19227598 654.980928103 547.150634425 1781.98176198 2116.91447318 12366.5178156 378.34456024 -6012.62733039 10139.1101716 -10350.6606992 -2756.1299091 1758.86435283 1973.5574848 -1085.98096388 -2490.87335229 2553.30822281 -9347.0558529 2263.43458884 2027.64962663 9439.03048099 9837.89576878 3610.62006047 3854.26424157 11040.8550977 13042.4945723 5679.26155711 5520.72865867 8409.44849805 8792.45046605 3044.59791145 -2727.55685135 304.024855524 -190.373454785 14197.9892015 1356.5441353 664.319122798 2520.83523631 1068.96005473 267.449273222 1378.67479361 650.383474387 700.34759134 609.403903952 6308.34408011 866.532177617 -1301.11522865 -6641.90348533 3292.11594379 -14601.1192793 -3626.6370801 2906.56242897 -11833.5026495 1818.07764189 1938.29283838 -2283.48823223 398.564357406 -12875.1214202 -604.951876259 -11028.4030367 21.7106662448 4332.98200887 7926.15793227 -7919.99997949 -180.008354286 -5145.01497863 14087.0660503 -13944.3799032 -912.888324207 3283.01647908 -286.609917797 -3995.72494906 -1384.99499161 -3163.86134081 -314.190943487 1431.09007424 -38.4758712293 -9624.12600693 1478.95108342 12754.06284 734.452157376 733.067400066 1337.44570809 -5952.72602908 13784.6322053 244.312920086 204.100603215 3741.40439833 -780.191515485 -250.945681898 8288.47155018 796.622090652 7345.94426851 12371.9755652 32.8683121863 -1488.21808939 357.813422089 -14070.771148 2594.755091 -1255.6638327 -5864.60599162 -9434.37377606 -13808.6762653 -50.2300849843 142.303847932 2760.41342069 9119.76252883 8253.06910656 649.660850034 -10467.051854 -12822.3790735 -5079.20890418 27995.4861475 28258.5540229 71.5822809695 11.677965372 4040.62245653 -27863.3509571 -25924.0277884 103.838358056 -54.0185101119 8076.30261087 1405.76452084 -345.188948371 -4198.74982359 8619.6243709 -11328.7200095 -7194.98373041 6204.79688107 -8271.6842944 7126.99335244 -3513.6821382 -3412.18741803 -6314.88575526 -7439.03614678 -8233.54948816 -2805.19821994 -3434.9541317 10769.7055516 -1137.1523319 -1195.76295473 10744.2152442 13381.6739794 -336.25174082 11530.3653458 11186.6916517 390.121930716 -11787.1942619 8488.67623829 3236.7036431 5129.11689553 -13271.804055 -4631.73877413 -8219.33331067 9306.26694023 8976.61919898 -42.1706570456 33.1970358062 -22.3226105987 31.5941321062 21458.3631473 23323.9902098 -21506.8224782 -22484.0509069 -9415.20600397 -804.34886643 72.1236006578 10718.616591 -134.743985689 -8666.68132399 9795.12892969 -10452.1410572 -2613.36938757 -6371.34185521 -6532.70349957 -2599.34932565 -4396.41448575 5011.86315542 4870.89645583 -6839.29235087 -4660.67701456 -5617.17067223 -8949.15876242 1281.39486008 1178.53717106 -9697.33541179 7346.57779896 6140.51101642 2445.45949966 2628.82308336 3395.47873341 3526.88924789 6871.13412744 2975.15382597 2785.56817881 9662.05792617 6199.65036026 -12322.3372176 11355.339617 -5586.84519808 -5792.9669238 -11114.8183999 -7073.98227181 -6780.07398294 -2474.4742014 -2225.40200008 -9728.58020905 -1801.88676193 -1676.47560561 -9256.45805826 -4749.86691035 -4385.46636607 -11160.2927158 234.462977277 -134.578967158 323.779328201 -13665.8634787 14152.6884093 16148.6689255 -14886.6198741 -255.121530226 -942.226219056 -6617.55764161 -5921.96360228 173.408291129 1257.00004151 -120.830476922 -15.5535390252 5.35482832755 26352.7287355 -26712.1507451 9689.09592153 -854.759686829 -847.989486251 9590.29088281 -11361.614051 5071.8312738 5082.44633965 9868.79375422 11548.507202 -10190.5994637 7105.13850538 7109.62526465 2464.7805829 2425.34669386 9181.22859523 2408.16167191 2231.00115454 10869.1915623 5082.41053787 5086.64907858 741.30193875 813.686200669 6808.5056948 6760.1747269 -12624.0656802 2358.08955978 10722.4317497 -1776.48854562 -145.57162989 27.5891322432 3.59424255779 70.85083238 14944.7736744 -15422.4720964 -14814.5143404 15020.9434847 14691.1293731 2029.87265312 -13690.7493139 -3526.87129038 51.4699945041 -353.390240067 336.830267356 -322.290169064 57.9677308622 -27863.3509571 -11787.1942619 27995.4861475 28258.5540229 -12201.650466 -25924.0277884 11530.3653458 -12.4217907671 11186.6916517 -29.2332543627 380.25940048 9338.34472562 5029.12351713 4502.40940914 13338.2203334 -4539.84077466 11939.217219 -141.373211818 -2428.15438722 -537.920522655 -170.219505516 -942.226219056 -4727.61227553 -2213.5496261 1097.8142461 208.016460099 227.92863331 -249.739583608 -209.299961066 -1963.71868475 1810.46210137 -37.6229272449 -220.379344313 155.654407854 84.8067156528 510.537003522 -1070.07662832 6160.85449687 16079.3128937 -10.2046863467 3555.72382039 -2171.31738862 3001.98955715 -63.8721377898 -1062.83630317 8070.61888769 2031.51584194 -14280.9994028 -8780.08044483 -4338.45611018 -8768.45685852 -3282.28333537 -2099.60296551 -5914.596976 -6858.59993674 -9883.26780408 331.932543239 -6968.34301762 -2685.61803385 -4953.24939737 -9479.1175954 -7980.85790232 9447.00039671 4099.17824528 8786.16930809 7675.07293587 -15244.003158 -14314.7444131 9185.1159653 16402.2869114 3027.0656957 -2374.02068716</DataArray>
        <DataArray type="Float64" Name="PrincipalStress" NumberOfComponents="3" format="ascii">-12832.1845723 2064.86323428 7457.6737371 -29730.4208557 -1095.31201915 325.513455125 128.386000341 2986.08969417 5714.10694481 -1539.23063678 -61.7307495073 653.058063708 -11722.7655598 -287.484329108 5722.63011027 184.022322058 2502.92062155 5587.13603865 -7733.43272731 -3904.65319165 -882.43544316 -5275.26147536 -2449.90927613 -305.742559051 -1288.70139664 1322.64828298 9025.25480479 -4818.44771429 -1886.63657805 -53.5005784395 -6789.39272488 -3168.88325939 -545.727373859 -3641.45166733 -758.977542981 -170.855546087 243.234186376 817.43351947 3627.51148862 364.848492807 5875.42550332 24918.3806563 -1632.79040057 -449.351405921 842.489246568 -487.770059085 1435.77237636 3103.94552558 -310.441457454 1519.96966279 3080.09761116 -13289.1474157 -1683.53647849 4583.66368971 -8902.67692201 -1603.23582904 3495.07150522 -2875.67432332 -1385.19247095 425.386023891 48.0993092195 1313.356151 3497.43120045 1606.24005443 2343.04926861 5604.35874594 -3344.71922483 -1042.16220021 -550.302097792 -1807.78543319 79.8097703558 385.038542712 -313.688004962 886.314467772 1595.97853456 -7439.87071401 -2387.80247499 3641.39910621 -839.264077152 292.628261043 763.79750298 -3197.7304817 -1049.72579228 -17.0018875553 -3051.87143647 -1355.97555672 382.340305727 -2392.62772733 -591.986048312 869.823221597 -3535.2165993 -2009.70047478 524.675744832 -4553.66330736 -2090.36491825 -953.883835986 972.600212555 2227.32797088 4526.61163194 -1602.72291873 467.226900593 8893.22781059 -1459.41618702 -705.346106922 465.927695302 -9461.81109035 -1143.93895705 1969.11102838 -4522.11555813 -485.373124951 1789.57451108 -2868.96279941 -985.715230674 1131.06483011 -1546.92111968 -725.304207751 -467.79254006 -4426.42910272 -575.109009495 833.402270497 -1189.30599528 -123.936266835 1862.11244581 627.028214036 889.62047921 1655.92394231 -4327.49708782 -745.90869116 1079.30248954 -16465.6592759 -1346.56079286 1339.71610953 -23791.8091426 -4935.74211735 -2502.39699642 -21603.1216832 -4305.29674802 -2766.05720162 -10124.8759898 -2110.47402672 -765.763334118 1118.3026356 3928.0407938 18256.2509221 -10334.7534144 -2076.66600918 -1298.57507108 -11028.3723405 -1960.8224162 -1293.47502091 188.63427198 996.019528434 5007.16650455 2407.81662247 5088.95329871 23644.6871814 812.238820909 2203.96161117 10166.0703616 -3489.47735757 1353.31445494 9168.42260282 -9432.09902338 -1344.22609935 3398.39392778 -1863.02919645 529.394251015 4292.46931465 -23885.2712512 -4597.02479511 -2776.22985191 2521.31115581 4514.29628833 23476.0413077 -8828.00915103 -1570.10025258 2704.16000446 1211.27226189 2849.44047384 21002.6610215 -2779.26013926 1664.36634826 8827.28213534 -2252.6561784 925.026824654 8570.68647472 1431.64872224 2106.27861287 11230.4551983 -1116.66557213 818.150154038 4013.58679181 786.693661947 2295.86385998 10002.6358799 -557.329014085 548.933470992 4683.7273087 -5654.23158416 -2068.86912079 -1598.40936584 -28502.696882 -3197.35453296 161.181144048 -1184.01119115 -514.933451559 401.896172586 -9387.30985828 374.470394028 1949.16966967 -5275.85140869 79.0512034571 10352.6564121 -2433.20536542 -1150.35751186 -472.191546789 -2540.44440625 -1219.43261763 -257.220421828 699.884162586 1437.44922433 6131.62041376 -27234.3888174 -6815.13272844 -3025.18044906 -1299.35663173 1779.76728781 7107.93170565 -1954.76407174 -480.870083246 2278.55788702 23.8339362708 1017.61116528 5994.83951736 -534.832744758 143.654120202 759.161644208 1025.57899144 3285.02137104 18208.0330682 1208.4125916 2888.960732 17367.6751712 1526.23315462 5028.48346314 24979.9539673 -942.715618539 -388.696074107 194.211304864 -1795.89463735 152.24961402 2658.75955292 -7297.59034378 -2647.540994 4050.80683239 -1697.89300102 -334.01708336 946.17120506 -1448.88356374 64.1384842998 1019.88445003 -3278.48875496 -378.85769704 760.80323032 -951.061769667 1475.6194254 17067.3198348 -3616.81576071 -432.02583637 7922.97996506 2810.93251469 7679.53126205 30979.8407712 -721.162847872 1328.40926771 12838.0218515 -18216.7694397 -3355.86505098 1393.72540148 -13030.5368001 -1177.04635817 757.558129701 -1432.69510434 -845.950282468 3881.90008689 -1100.85582095 -101.896507732 2598.57618357 2492.7220173 3743.80999818 15101.5105414 35.6395412361 2167.65454981 11581.1657295 1599.37137813 5595.26551467 24842.4404145 547.796150648 1635.53265111 3932.3775538 -1565.45773805 51.7500342485 1772.41791392 -1570.6101808 168.359037925 1586.91009399 1491.84385148 2933.95760454 4676.72065233 -490.562656422 293.762245557 2397.47850228 -1154.80924355 -509.840957456 6439.63908558 -74.2818818242 1819.19998685 4654.52391404 -734.99693063 876.27505843 2499.78758779 -1972.76680851 -988.098767221 710.721459648 -259.870392322 1071.24317622 3916.94949469 -1367.61168099 2500.9685571 3829.19806947 -4223.59642045 -797.213120156 1359.66937045 -3913.42831813 -2522.79505792 1131.10110775 -4614.0611999 -2904.34830508 -1616.05353883 -612.088107919 928.427015001 2060.76725948 -2361.41648364 -704.526818853 1198.85346527 -1262.6783317 1672.04790597 6501.50735132 -4675.45430586 -1625.37783038 1565.67699923 -698.535309922 1633.95562927 5522.74658903 -5952.05268672 -1798.84065599 2230.11868887 -1831.74489593 202.405177602 6495.11465745 -3689.80645676 -1145.0963344 6150.40741055 -5263.76875607 -1130.82060132 194.472214593 -2269.78965451 -92.8737944401 2355.92652956 308.238135193 1596.81488722 2824.02715893 306.325174707 1585.41617291 2732.26365682 24.4911451551 1274.96057308 2307.48679216 -1185.61031362 2730.81529413 7668.440657 -1768.91336793 217.2463256 2949.49894524 -1055.84053282 3064.21914148 8451.40529675 -1852.31432083 108.647441866 2614.20660946 -7568.60964866 -2798.98710403 2034.68522995 -6458.65330375 -2567.17788219 1528.93079382 -10555.0353442 -2806.71271284 1097.15859515 -5140.12987149 -1207.109172 789.510226812 -580.46154085 771.753982406 2159.95549709 -4845.56601821 -770.358342409 1427.47598362 -864.362429023 -485.95369913 4671.21709765 -368.399281735 136.949155973 5414.7815128 -1786.06195605 -59.1514939158 9544.91281889 -650.388840601 434.794060618 1925.04692757 -13254.3879208 -2017.85553054 1023.58887502 -1205.6100642 878.814000675 2086.47914349 -2275.93251973 -989.874550565 1032.24227029 -2364.65887571 -1163.89542909 -17.75122978 -3967.22811167 623.594649651 2878.65799653 -8490.64324206 -1600.32603669 2014.2953031 -1998.14288884 -237.709420901 880.673786523 -1817.85412667 -33.0659163233 1747.68294206 -2340.64522208 -106.398637491 1444.19105161 -3961.13902154 -1419.87066033 801.985628411 -4688.00415544 -1877.49513492 412.217265025 -880.002891398 1567.81340374 4059.34507783 -5460.70147663 1613.16540762 2557.5660376 -717.990360539 1457.18557296 3676.3569201 -241.353629377 327.609975037 1254.59321561 493.843797256 1398.17662836 6247.21082246 -5811.83292929 -1563.0015449 -647.081695553 -260.148606539 98.9971196287 4775.17750715 188.220654037 796.012732134 905.879585802 -1019.58390808 392.178980985 874.2002208 -2766.41822691 1909.62685252 9106.41750233 -10453.1649581 -2950.81782047 1407.8924455 -1448.80376168 2998.65205992 10843.9722701 -9546.04628079 -2444.29093644 2343.98119144 -498.241327237 2060.25616666 22129.1654377 -22255.4866582 -1976.50784444 436.763349338 19.4714189162 728.447219524 9680.55745004 -3495.27237383 1351.73641542 8895.55047587 -1831.57831999 629.161224561 4402.32003598 -2303.03602592 -843.846867443 383.307955397 -861.853713178 996.834353329 4508.41238864 -9543.88755748 -590.948420537 310.786407405 -2095.13966216 -1382.54738757 -790.825654668 41.4783917296 585.092850421 1075.19499392 -22913.1072043 -5612.51492247 404.725582128 1205.25498723 5115.66540645 21366.7707675 -8750.28619764 -1360.53182989 4042.05242728 142.292441994 5748.67868588 22901.345613 -20871.1291508 -5005.34920807 -714.135794607 -96.1971634035 2621.76478548 10738.67835 -1708.55135254 2210.32883469 9603.54782624 -2261.02497294 1542.36904327 8418.26465815 -1167.85848594 709.411663362 3863.15042499 698.268303046 1997.09477826 5660.66536292 626.024475539 2397.59281898 10121.0287138 -9967.10707733 -2377.90154042 -436.978443766 -10729.4289905 -2581.2886417 -14.6218771801 -4185.80048803 123.449318273 4594.88631003 -4981.64373116 -160.317055609 202.641487069 -5623.46380607 -1221.38969271 -172.106622882 587.841918234 1681.05514228 6214.54932371 -3602.43427204 -393.617770476 1243.80565724 -1050.89765914 -431.036453498 -58.163146413 -936.415702759 -224.286925579 324.199307263 -1141.74301425 100.474023782 1057.09713455 -976.748454522 -48.2931402517 1117.50026965 -4642.74371418 -863.74204265 2402.6206273 -921.053877773 1274.68986034 4685.51365014 -1020.02375684 1227.31865359 4548.15637214 -4560.60068102 -1008.66271656 1497.36542113 -17287.743692 -4779.39644892 -2331.70720053 2536.26939388 5118.81758417 18948.8339473 -17570.6939324 -5398.36612104 -2756.69684589 1033.79116334 4602.67132077 17684.1928822 -1019.842662 81.3396275682 1054.18523665 -1235.40158351 -294.680400301 961.768093886 -12192.0250998 -464.587974749 910.502088621 -5094.44736812 -238.334309559 815.249494814 -742.63100821 640.571495502 12215.6832474 -747.960382402 387.204958119 5258.25858067 -1004.40565002 126.145231227 2294.16312047 -1748.18732929 1435.72802031 6891.65108531 -418.905724988 490.710475644 2604.31313949 -1644.12903808 -379.141997811 1223.17481574 -3429.13194166 -410.327884656 -51.3850455274 2841.11235301 4739.78412845 30095.9632406 -2063.16998338 -829.734576203 4033.87182451 275.307053655 461.832792703 3569.05021329 -1084.04318824 1640.50422299 5261.92439065 -2314.20113034 -349.276915406 472.044670486 -548.406669755 343.437153094 2128.35551708 -725.011494712 128.380551342 1833.8036135 -2351.39402026 -505.064136519 354.409108097 -7146.50129064 -602.675370946 1992.98010985 -1062.40869011 170.942329563 1653.08232629 -1540.83198787 -398.837841724 1302.27816931 -10005.5983806 -2076.65176584 1950.56616402 -2238.95534509 -35.2148283054 1245.43367857 -2784.53724592 -939.586522951 3895.35465674 -3781.86303924 -31.9685672726 1489.73795513 -3793.91816803 -81.3813024073 1388.22518177 -14565.1068748 -4287.91804393 -696.071834164 -13063.0877416 -2941.29490536 2406.40482463 -3409.53808749 2428.89361252 13161.2541951 339.517293702 4015.37421929 13791.4395857 -1384.72574937 8.53379200787 699.226947894 -1396.06107117 -98.3754475927 626.401580232 -697.078487211 41.37156609 1357.23814927 -303.774826103 233.264204773 2187.31358974 -17333.7544666 -2914.32827296 1587.65326652 1171.15364554 5419.27626786 24496.9485505 1577.96064156 4842.20789861 12848.7813913 -13526.8016662 -3808.62697484 -1616.72850118 1590.08540615 4734.60426179 14888.1967086 -13266.8883101 -3750.07453944 -1515.03491913 2005.266021 5381.38531306 20279.1417316 -26103.0185719 -5747.21104487 -1441.21601535 -4807.2459855 1001.76823228 4624.14887197 -1907.64725116 -572.701219417 6592.93025735 -2681.82543202 1976.64813733 12461.2475012 -720.456055729 785.866124269 6507.55629193 -3086.24971334 2688.05201611 8705.00680938 -35298.3785549 -7684.65126569 -4890.13047958 4196.77252151 6262.79285456 34759.2618124 -3003.90481118 11.3190094903 1388.81195055 -3513.60846063 -115.502358933 7171.31177819 -3201.73886536 -1793.59902214 13651.731442 -795.490480179 293.984625499 2779.06533761 -2088.92231805 5264.84534856 7488.85050583 -1429.76376285 -306.706998594 395.966618808 -1041.49080515 101.459473749 1065.5839723 -5336.08162773 166.775675044 3059.21741133 -6152.30037239 -1334.20390583 453.364768229 -1025.31050857 -153.562632861 1003.75824994 -786.643755252 518.807009137 1694.49966607 -963.006944156 277.437764115 1389.34934973 -2635.57281722 2318.9980354 16652.0348403 -7925.54683194 -1027.15924424 3730.53893214 -9986.93015198 -1473.66765764 1311.50715143 -27951.8700497 -8244.45274145 -5454.45978472 3711.77698651 6576.11812928 25681.6913865 -1784.75399002 -113.332322809 837.721664578 -1331.32020691 2048.54332879 11030.1668029 -1120.45305182 183.124939421 1299.69038569 -3110.58647343 -402.198213872 1031.96318384 -5842.15924529 -1618.99412326 -642.036132911 -304.643029108 -166.817821189 2133.56656238 -9991.03703776 -4388.02352006 383.560029052 1429.11078588 2385.99515357 8902.49822683 -1208.67908837 361.484323117 3845.41857824 -1950.32382941 205.906296721 547.890859727 -2385.51563305 270.403495145 6455.32745533 3375.76772625 6161.82667531 22888.1970239 -1740.00800895 986.969309848 8787.95704854 -1044.74804091 20.3192507087 1203.41248655 -1385.58121703 -46.0843552042 1240.77941983 -5653.7754877 -1435.13869219 -239.179127306 -5270.63858782 -145.376134644 5862.19395018 -17142.366916 -4942.30356853 -2246.57501909 -17212.4683723 -5002.63946485 -1931.40129788 -6026.07965072 -1241.76887202 959.187977389 -2393.30969991 1020.68376095 6081.65866422 -17828.8346426 -2978.11541433 -517.806562793 -3852.48484984 682.931950647 3041.39486284 -2709.79294391 -248.464204082 299.082355322 -2378.69855789 427.001782704 1357.38007216 -1542.90800493 -3.82000137421 978.815015326 -2833.01677648 3352.26522979 19971.4065089 -1472.3214881 -46.2477297164 1069.38554089 -13266.2559799 -3447.4490531 -1256.86431497 -13046.6703824 -3367.77450298 -1270.97022047 -1006.42097922 430.382152255 1140.54034649 -1124.77334677 -383.047692038 960.946145223 787.907715196 3892.04897282 32575.3809219 666.185293591 4158.82712137 20228.2438361 4998.40954839 7952.35589917 27253.7097512 -1038.74515313 1799.98284389 10777.7712774 -19317.6621971 -3640.73163427 -1237.76357789 -3683.29756239 -136.004941948 1003.17683762 1306.38477736 1794.85129098 11959.4684036 2526.80403924 4004.81162086 13317.4279628 411.728783877 1574.61161261 5730.64928731 2969.54020091 4339.74691633 14595.201956 -312.111402637 775.362344982 5189.69713972 -8431.93429501 -437.224190622 1447.08003961 -9067.71405732 -3301.76745581 7192.98927165 -9296.61536411 -2426.04457875 -1335.44211419 -24037.4712426 -6449.58442226 -3449.79994977 -2712.56778896 431.635947651 3064.43710487 -7684.02760484 -1002.84726728 3314.48892736 -3705.88206482 -633.270783497 611.165225761 -10514.0114595 -955.7837923 580.947935019 -4976.27180033 931.734272861 5159.39296304 -3791.96136692 -608.771090968 7294.23837368 -27623.9698692 -7154.59268504 -3686.67534643 -5132.75982864 -401.09195783 351.506571033 -5296.22030845 -476.028703103 324.85558736 -14411.0236733 -3636.0971238 -1657.14264078 -14169.9487378 -3577.34826481 -1580.26613764 -8005.44692556 -1519.19299904 1087.67309799 -6139.2083763 2107.71962574 5553.6489411 -1079.55959271 166.949202503 1040.1931455 -985.428467418 -101.917448008 1062.62177746 -1097.90904803 61.0691428864 1066.35730778 -1078.8591682 -192.714042927 1037.13988159 -2925.23869731 753.812678648 8221.41341972 -4261.33423882 2066.80818403 6852.15881696 -3044.7139184 -236.166256657 1465.01982303 -1580.85621336 -51.3816597651 835.676830386 -1578.55573633 -171.051536674 830.227433022 -816.402926802 140.443429144 1628.21624372 -2287.53030015 -246.577887405 283.636496409 1210.90502741 2529.68501857 18461.1365414 -635.783696263 76.5357716301 1675.85461765 -206.412370213 245.891294882 2170.65260019 -2310.79161431 -240.820809564 168.652220522 -215.045823185 306.874929603 2237.20340674 -239.153141168 673.91243563 3216.91862601 -21842.1774767 -6557.81249562 265.948451541 -21821.2810132 -7076.03938201 500.646993525 -1435.95305328 5911.52924766 20959.7362591 -267.022266988 6494.36916362 21635.5964725 -348.257412742 757.327782141 3098.93184102 -2771.20722075 -1045.47523596 -201.685665293 -7836.38798408 -1463.05921913 2488.50825638 -14361.4646657 -5020.10901828 -3774.76974386 -15417.9594682 -5832.81662892 -4858.86085816 4761.40571618 6029.03844638 14462.2951923 4726.27709907 5586.06983839 15278.5107307 -708.942529438 570.249756497 2983.45755993 531.945272856 3237.94792336 11235.2057081 -10917.1010003 -3180.30171838 168.62978075 -10908.575865 -3178.43227099 148.18322159 -78.797381307 3049.78128737 11119.1309749 -636.246306657 -71.6451817945 1005.28939183 -8331.45116768 -313.380631896 3622.3273372 -5057.21381327 -290.841848433 7907.12543059 -8603.05085594 -2147.79470243 7726.68061942 1244.811105 1871.00594581 8694.68292135 -9251.72900745 -2167.87273794 -1441.33713633 -23955.8063794 -5874.97143227 -3815.83956779 3583.19364432 5427.30379434 22704.4563202 -668.210384874 756.595299735 3192.23068505 -5109.74337508 139.777457652 2302.96527574 -5394.54195221 81.3700243117 2227.86243299 -2282.01559246 3608.62379261 6792.93580408 -35397.7566006 -8683.96424188 -6027.75845317 -37526.9036589 -9124.66777337 -6199.64853262 5584.3370305 7055.17032097 34877.457427 -2922.05918019 -109.535369967 1128.8024376 -17962.2347486 -3921.6744236 2806.04857663 -7118.62960973 -669.312939823 12523.3103967 -1024.17935469 100.096133181 1062.24887566 -1008.28132953 -154.67632975 977.245256516 -2705.60737746 3332.8193186 15973.7827082 -1043.59623471 79.0584766556 1048.77070196 -1002.81218733 -184.296247365 1027.14728336 -1143.3992287 85.2049431258 1379.5904628 -1271.35770795 -13.7288050385 1171.17489963 -1121.75727815 14.6635743902 1345.80767992 -1222.13676922 -90.1909313816 1099.17154876 582.892763586 2663.80503814 18558.1194609 -11497.6500104 -133.016598646 5082.44327364 -118.623138032 2017.02193063 6551.82328183 -908.921481678 1659.44449194 5586.9715432 423.250126298 3428.70367108 11749.1816773 -26743.7792124 -7391.18016495 -3384.86455408 -9552.41096059 -2023.65165267 3235.64413598 -27247.3556527 -7415.11114593 -3230.02638281 2814.10961802 6880.26119672 25527.380183 3214.98701412 7015.59136985 26217.6936376 -2395.66712523 2294.70833779 10154.8309629 -17762.9028338 -4205.7991867 1283.61958578 -359.652338371 2560.53892654 8314.23981187 -694.683336428 2342.15040656 8563.19499674 -18973.0827884 -3601.46756102 -328.450075155 -985.077825197 2455.09032806 10890.6705676 -15792.6509387 -4651.08899203 221.59336557 180.019794406 5135.56744225 15989.7624053 -16219.7960749 -5376.03724771 293.925308372 211.59655882 5003.28890862 15813.2959428 -14449.4609292 -3990.01478184 -1949.25655052 1396.43206945 3197.03444845 12560.442447 1534.99217076 3487.19806499 13627.7390075 -14188.7991553 -3935.92074274 -1876.32473975 -2583.04026675 452.776369085 798.040943757 -9943.81665566 -2637.68780616 -156.803359203 -1833.4311718 465.112104065 2436.18134241 -932.295210738 87.6325522545 603.449937441 297.946925643 477.224769249 1936.81382833 -2789.02093275 -148.629106312 1705.22049887 -8750.94522576 712.207057902 4459.97076999 -10525.9430271 -2021.29456585 2384.52606604 -9642.97468382 -838.333812406 3633.72669203 -1771.37431621 2030.8601381 12060.4416285 -2839.01029032 1821.19296921 11210.3700117 -19787.8876804 -4880.20958356 1741.26457569 -3036.0225559 -842.66725788 197.199231432 -20245.4383271 -5541.12542115 1102.42064354 -158.981912542 1100.28590894 3763.85083681 -70.4749181074 6486.40614101 20158.1058117 -1892.44928019 4591.35494608 18969.3925861 -679.521395887 735.229782738 3349.40246713 -2146.59306641 -2.91908695277 1600.55588863 -2427.65331043 -61.3595855057 611.997738931 -2152.08448161 -134.344922484 1436.88177002 -112.323182574 1579.75736854 5940.50741471 -6073.50737382 -1829.37879754 283.244944859 -5919.58363782 -1551.58441849 308.907775424 -341.998337306 1701.70959496 5961.15440599 -1122.42862491 2005.73603507 8000.79372077 -1021.08538991 2201.74477774 9641.64738875 -9907.30478362 -2341.51913693 1025.81622307 -9998.23247769 -2553.37430273 844.591033031 -959.189860723 2291.0165544 9660.70428425 -1755.27657015 77.0876023546 953.96607588 -1843.48727355 -52.408109266 890.332440378 -10780.0131616 -1668.33480308 3873.90152342 -2265.86557056 2735.86389289 4462.46552115 -3309.77072266 -658.429069098 260.006088621 -5507.54739473 417.257557815 6898.40592078 -5507.54739473 417.257557815 6898.40592078 -5507.54739473 417.257557815 6898.40592078 -5507.54739473 417.257557815 6898.40592078 -1829.47858845 14.6232717577 1071.90337307 -5951.82505372 -124.628170774 1939.47505801 -5641.55277429 -121.109125762 2227.60631053 -1069.31370181 835.421812807 8173.4440708 -6100.32486717 -2726.83109366 -670.176060765 -18465.3029083 -3059.30829141 -647.756780189 -7559.09883558 -1622.63223581 523.237157949 -2238.35154107 -37.9456451983 1222.59906504 -5672.54604313 -540.988665297 9708.15018566 -2833.72976954 -1736.90444686 -483.581410792 -2796.13382943 -1636.77118145 -430.080616889 -137.298240239 1132.86280035 29444.4899553 -2519.98558 -479.259078682 5011.5525858 -1695.62114688 701.82616261 2946.85116015 -667.134760178 566.913720418 1954.03232653 -904.524505966 -325.599529091 1562.28195938 -6055.9493347 -2149.62408345 6783.17006922 -20212.3485848 -3675.30640919 -1517.56764304 -1723.6786533 314.522982345 1707.14437012 -1553.13153139 323.781303248 1973.4078981 -1689.00932233 543.467781292 8378.08894367 -10511.7312965 -2170.35009119 1666.37013833 -9604.15458732 -270.291710137 4141.19543719 -8012.79407598 554.394768862 3395.43062805 -11359.5348998 782.08200608 2888.4614646 -5298.7261272 -963.328941443 1031.71667636 -5391.98144902 -1017.93346897 1170.57097942 -13269.468649 -2219.27440814 -1339.86794385 -4314.67165062 41.0775811924 2435.61600003 -17611.0641261 -2974.83342413 197.137270218 -790.989121945 1924.37862844 19725.5272509 853.766974983 2172.26446279 12370.8767002 -2750.84515936 2875.84768394 10299.2944527 -2183.2045096 -323.491670989 10743.7833655 -4151.40182006 392.69846316 9373.56978833 -1723.37154134 1406.59927943 5452.01490362 -1619.58881215 1367.87529797 5277.1120368 -4472.41861708 -1068.21282256 1016.38367834 -4375.62486962 -638.709043027 1880.27301245 -6007.86300944 -1397.98478927 492.545031279 -475.665013862 1371.0465487 7749.3518974 -4901.59864386 -935.666688757 -455.140116274 -5002.74433385 -1506.01126643 659.829287373 -3324.81688152 -809.422936218 3753.51161987 -948.608990723 -64.4395932223 1022.32242727 -1210.05598827 3238.96181645 17143.6357813 -939.645968307 341.859423499 1204.5481948 -3818.41181522 3152.41843377 5590.34599288 377.869747437 773.262693287 4647.58698439 -1134.44672462 -141.346956306 4652.78474761 -6639.87815213 652.638253269 8592.63698064 -34387.2303288 -4373.07105592 -546.488916928 -13573.702783 2784.03024149 8378.08288266 -3757.03870676 411.611158779 4420.10376944 -1046.85068001 463.593980147 1677.42067162 -7810.45109351 -1988.49010501 122.844929486 -5315.62243951 162.779224138 4434.63970756 -1967.81945842 -265.272925432 2032.82539331 -5356.98967934 916.744388267 11118.6152849 -3445.68416945 2172.54922965 3805.68666554 -2516.88718336 -548.463865871 953.389369936 -26020.1829473 -5391.14758441 -4065.49456195 -326.467368367 1323.92349018 3095.3193434 -2849.13192394 -338.086466487 870.884705012 -3648.49235609 1241.3907277 6089.00453488 -492.827920284 2142.17546778 10547.3366915 -8754.03662068 -888.282719452 3297.51754387 -10374.408366 -3680.76227996 518.928226044 -5678.80038493 -472.160745963 210.394567569 -12362.3141954 1678.78426455 2213.19581844 -407.924194212 381.421107761 5466.83209579 -20939.3898915 -2337.18029968 -80.5170523922 -1740.05176736 386.116713005 2137.79255501 2228.73528938 4956.81377006 13519.2682325 -288.871298619 1536.32998865 4064.52988946 -5445.96770274 -3000.44682274 1480.17729996 -1012.4315786 23.7425695156 1162.28300919 -402.914961281 -12.7222353071 1502.2004941 -1849.01679585 -360.874821014 715.007508954 -14159.5312191 -1580.76265404 882.206816473 -1167.78769883 1373.50111899 13657.7288004 -2440.84086851 1386.23148542 10175.9830967 -7971.77801841 -875.600467639 292.005870964 -596.692893122 252.371522165 3346.05554453 -1171.26582061 1128.07551974 6301.45594444 -3327.00805439 -984.022688167 -51.167184385 -1938.06986016 61.0876744079 427.712503571 -3335.37607807 700.492230068 14407.1758222 -1622.72750468 83.9964796846 1462.06533603 -15848.6617284 -360.202182059 2632.19084849 -2340.52959029 333.645009951 1507.29572362 -6362.78971824 -1178.30796566 2448.31927247 -69.3230910436 6032.40765212 30931.7597479 -29073.4141726 -1726.71086667 10798.2350554 -14622.947862 -2683.69796411 -885.555084311 -14501.0014763 -2538.49287893 -689.391253514 1330.88606107 4663.72415798 29738.4968289 -30128.3630097 -4779.55410569 -1087.4530431 -2377.11464492 -423.922205617 1038.74644854 -31864.1291307 -6060.99911896 -339.096651919 -10277.8398251 4776.99794753 6690.90652372 -1137.65406638 -225.107011968 2276.55404209 -3505.95898909 368.768356173 1967.71686268 -10002.3599209 -455.105656982 5121.3209697 -1859.21660914 24.7774189861 1384.67023728 -1679.7870101 -33.0645966712 1820.58134292 -12653.8035001 754.942488404 2023.40386495 2651.67365357 4191.77310743 24666.9274214 -8740.09029784 1407.27076021 2848.47901186 -26724.0177251 -5195.71990133 -4112.77318082 -24492.5277885 -5031.15416128 -3564.4416917 -8941.63948005 -631.694628973 2087.91241795 3439.45977012 4967.95928558 24081.1859748 1398.43990322 3265.33041227 21305.3767456 1658.56210998 2204.43355683 11509.7453221 1019.05764375 1323.79253098 9762.58096056 -1663.6238794 -771.609878279 9832.52372854 -2031.32877928 807.36293704 8981.69247575 -801.164929926 -108.12049418 4258.78196236 -1288.77124219 -777.858644189 8436.16269235 -1017.18660737 383.875375198 4052.56360979 -8197.99903544 -1044.25369147 2675.80653068 -38227.5717263 -8019.25633712 -3093.645803 -4511.99850934 -87.027058803 2419.57942318 -8510.75564723 -1744.63649264 774.048548433 -929.148318261 78.6841546647 1146.978402 -27225.9405724 -5124.74788539 -513.766473223 -18086.7563119 -3168.03446877 -845.21585411 -810.143115203 1335.88653025 19337.4568522 -17692.1305874 -2761.82026789 -142.020362331 -142.83470808 3038.82046716 19908.282503 -4689.48165119 3655.75217044 14201.3354371 -20865.5513777 -3477.97610805 94.4537956527 940.275744446 5469.38064098 36126.1853802 -6907.29947424 -1995.01879822 -1360.54299988 -3951.95651694 294.833565999 2935.9105546 -14833.3580098 -1668.08498048 689.45624559 -100.759420815 3634.81233816 19857.2290307 -4413.91388194 4108.99641488 28579.9724029 -3854.5174277 -465.063506488 443.067299515 992.958240374 4790.94337597 31471.0384221 -6506.64512585 -3724.47685236 1112.92393999 -2172.10667599 6.57800367205 8929.47666655 -1303.77960657 726.616598658 12473.3241461 -897.654355283 -280.355278935 4086.98145197 1172.76875894 2387.18467748 23418.850434 3711.73587115 5771.30472698 24027.0456553 1595.18394763 2570.60158731 10250.1293666 -3377.08864135 -1552.78971837 1045.96981556 -3476.01029649 -1479.16224777 448.982049653 -3140.78898404 421.817907247 2357.2663972 -1831.63488436 32.0559644262 1596.44932603 1620.31121593 5433.88586955 31807.321667 -989.942377856 253.048596188 2826.35577317 -1444.10351221 -450.294697739 3605.9252075 -2347.4905597 -669.419008637 3247.37990872 -4390.37091729 -1030.99492244 2974.96306883 -2783.77932749 980.999493412 25181.0322762 -26101.8475428 -2523.38460225 1138.01140106 -1656.82968599 2533.33810657 25874.0789567 -25123.7396045 -954.880678232 3054.58867339 -1332.18523797 282.539454599 11276.516091 499.611855868 1270.92776665 12108.2655642 -1350.09225827 212.688989154 671.613170979 -80.7410712371 460.686937365 6523.05437167 -6271.09961563 -707.549651656 37.7360883181 -11830.1588364 -982.089692964 536.805729098 -429.199021857 533.655710865 6362.88002867 -6200.35703366 -305.996191072 -33.7067248643 -11510.4603894 -410.975418263 1180.64227973 -1884.12432597 -700.569648509 12716.7488926 2237.0744629 4460.80149212 29758.3404403 -2232.13058874 -1025.98841384 11715.7660599 -9076.42494202 -2166.5634739 3526.25181546 -5244.54345547 -477.679139631 3023.55041079 -3178.69896694 -1806.25457355 -82.3936379366 -3916.47852 -2114.25107444 -352.560073843 -3882.62650542 502.190667023 5776.27208168 -2640.74727766 -119.622522824 1673.2704891 -35583.2936318 -7419.16399094 -5258.96433312 -7995.1039582 -1226.11391674 339.73037428 -13528.3186272 3359.93394362 4959.55683516 -564.393888739 2240.40221982 6213.19819278 -5727.11771044 -1120.86079521 4037.8405826 -342.924524898 1127.60071946 7561.12351671 -1299.7846336 14.7665992243 1240.73984004 -31341.9425852 -5186.03616295 -1049.60899983 -1344.7847622 -183.372331488 1134.22356126 -6879.37995175 -2200.65175624 1238.76250951 -9235.28048295 354.808645204 1372.99189352 -4320.14813556 94.6474426599 690.209001642 -4402.14157261 -418.380699632 876.008468239 -4407.37533382 112.06438733 785.200613993 -4090.90933318 755.115483022 5189.09982316 -2366.80408812 35.537216244 4934.98292117 -28877.00738 -2288.34734725 3729.08584864 -31205.9480045 -5780.43676673 -49.1384008418 25.9492715112 4648.77664749 31869.8833039 -2633.53083862 1641.50424643 5422.96108105 -3159.25031233 -1814.22089934 13469.1134267 -1653.08817342 29.8840907362 10472.0677161 -1478.11745042 -1015.06783837 10007.6990127 -1174.71658383 -653.204947759 3264.27495303 -2240.01284578 -1488.21441465 7613.30553433 -734.165758875 -449.287115916 4144.63147579 2779.70281032 4163.35786001 20543.9284492 2411.47361188 4191.48358273 21990.4476136 895.313132632 2989.1316661 18195.392433 2205.22543115 3204.29735418 18032.4930425 -26.2164332551 780.501328237 6050.04016291 1047.47664134 1745.62096349 8485.55329083 1332.13336372 2249.83577461 7989.65589326 -11831.3159649 -3673.59325517 1072.03941916 -27705.0963565 -4725.09988619 -2749.72212112 -1090.58001712 151.407331608 1480.42563651 -8949.56030147 223.868955511 2131.21351431 -8258.12061705 2058.46818044 4145.23070475 -21721.7074783 -4034.79458089 -3177.15405484 -10390.4082951 -1749.90184109 -1481.72474076 -11308.0383384 -2020.13383919 -1607.40506541 -10194.3664366 -2434.93957156 -1544.94495051 -19121.2699399 -2982.6091004 872.732628153 -24108.207911 -5611.836506 -3800.65085657 -26584.5216531 -4330.53133041 -3497.0460753 -1013.07884985 -3.39776791681 1406.88202764 -2607.49554073 207.627118769 345.92183698 -2775.23725748 -243.205708034 203.156593773 151.66395325 1371.77739985 11358.4694965 2214.48694145 2528.9433412 14580.4558881 -49.1310381648 324.684768304 2707.2031752 -164.628904138 -131.59864008 2545.29913617 1757.59208073 3440.28750702 24262.0675034 -3285.35154857 -1019.42130553 2424.74459026 -3336.21115862 -1049.17035923 2034.62315536 -1517.86533086 -449.714746135 2421.37419418 974.646125615 1114.49571882 6064.18497302 -1595.2626105 241.485736481 2529.16196604 -850.538243695 13.5610547246 1071.1446939 -1023.93940179 -91.6210151826 893.599283515 -5600.87734307 -1157.28512301 -501.148864164 1007.74725991 3729.71791564 24301.451615 -1828.70303547 -459.915140563 1128.59367068 -11501.6496541 1684.54505167 2434.11550658 -1544.40331419 -522.327455607 264.501526666 -12534.9242469 1308.31185379 3131.43433855 -9905.28145646 -1791.60425431 2263.16716596 3123.0800487 3427.86094213 19914.4687832 -2822.09670646 452.781813767 4699.4647307 -1424.77118321 5.89354896424 2648.16139457 -4240.73189857 -1577.56453269 4352.47256754 375.974380964 642.846491179 3208.56764955 323.320826947 644.643554811 3464.93199397 -2875.28355654 -1231.51900504 12465.5659373 -5446.9938279 665.782723484 1818.59449415 -445.160824915 -190.705724213 2354.63095703 -2537.5711893 -1164.7375551 9444.28545151 -1108.76898131 327.102091686 4944.67866281 -1393.75955376 -552.384711321 4482.46713673 -15533.6827785 442.794931847 4771.82983753 -985.086483281 -38.4450840494 4510.43907648 -1722.19159542 -597.461755966 5431.10540194 4033.04001873 4889.30674382 26143.6360421 1798.17386467 2117.47260641 12599.1550205 2338.59132788 2716.1951708 13977.8804639 -3084.83290517 853.194085805 13765.7471251 -744.807760669 -549.478219456 2343.2630736 -1389.62706781 115.959095685 2079.32360624 -1667.6084317 -856.091310468 -76.951494103 -1595.03095857 -1160.25048687 6316.30335526 -2556.19899615 -1652.89140545 6575.52112576 -27447.022232 1405.20181531 2141.24348129 -1073.20485872 -476.787487024 5228.45599118 -2151.43141997 -1070.75632075 4206.68628635 -3721.8472374 -1850.7184681 8907.62531472 1872.76992218 4119.34812901 29681.9003064 -38204.7669439 -5452.33280154 -4652.11184438 -582.868824388 -128.410123649 2044.02247313 -1069.53484572 -357.053113385 1541.06322869 -1823.06226085 -198.543233378 1621.67109245 -4164.12663557 -2262.83273182 7907.28980795 -25176.2658423 -4009.53992222 4195.81544368 255.348631761 707.744452645 5854.93238759 963.313844216 2865.91856365 32809.5808513 -3724.38267787 555.668980775 3679.65172456 -1808.75856787 -107.254331514 1578.24604514 183.692361415 323.920504672 4244.51963878 -969.72936287 264.018997661 23515.2325495 -7367.14206448 -1130.43090109 3848.1755627 -5507.54739473 417.257557815 6898.40592078 -5507.54739473 417.257557815 6898.40592078 -4532.22629115 1594.9014115 17734.1179362 -3216.9527548 -1837.6815816 1511.98584448 -1324.67684025 318.244863421 490.73046397 -1676.54096477 219.589258232 505.867310251 -4795.71529822 766.808852075 4051.89868003 -11750.9632574 386.123135329 2341.8559897 -34107.3672849 -6315.98779923 637.248797637 -17655.3168136 -2381.26723794 1321.67515024 -27982.6382469 -4351.98448259 -1200.87717839 -509.280588865 566.007223631 2087.02592997 1976.81388906 2653.88074622 18012.382093 2758.01506937 3521.96419603 18875.8571167 -4950.49117096 239.837501204 1235.88363718 -1162.540975 3158.94779224 37216.045386 -3724.60142005 -377.802951127 -40.4886383326 -3606.43370419 -482.418517194 -270.182989129 -14671.509432 -1288.08888094 3422.56813536 -171.84250024 318.333847831 3645.67770085 -1846.11222872 -1359.96826202 13225.786318 -2299.3381818 121.030624413 861.126160249 4986.68448271 7100.9715041 35786.7361816 -31013.8770936 -6277.95625365 1085.98256924 -2575.25570237 -224.334001615 27294.6763194 -15935.7246631 710.335990856 2647.36497822 -8526.89106071 3303.17383732 7707.41286843 -2301.35861717 -1162.26976952 5952.99460561 -1483.01338142 -772.643274683 7669.24183516 -308.947570654 459.427273062 13142.1786694 -1307.12280876 74.9427221722 20684.2996893 -26983.3343389 -3669.59130531 -2498.44273394 -12423.4180808 -1903.65290389 -852.622126934 -21528.8708389 -2805.4385888 -1799.90796103 -12268.203202 -1921.2983636 -924.349425818 -16089.1154578 -2493.47602507 -1331.33537274 -16119.1681428 -2523.10300024 -902.214061682 -5462.79674386 -578.398928712 -229.27861965 -5553.88236009 -788.625203509 -347.682479591 -5088.18668246 -883.926207667 299.260997413 -3025.31119105 3234.95044328 13348.7435919 -627.18363284 117.674735156 2709.69820509 -698.557691711 274.689320179 3218.80198382 -12272.6251804 -1397.95242874 2896.73964311 -33753.3636697 -7071.18656795 -636.979048168 -11314.4004122 -47.5601511204 786.81951956 -1071.82304 841.01180903 30458.0672158 -4598.7391312 2306.67775188 4394.16888913 -3348.54921693 -1192.68924529 5808.142284 -3637.13951397 -1077.05441406 834.06600587 -1916.10295093 -41.7163657351 16964.9593001 -432.053964214 23.9845590891 7487.87840697 -1628.48208569 2553.90960681 33796.0471851 -2252.82616758 8418.05161159 33156.8455138 -8098.85376377 -1077.76395184 -273.114399976 -20020.1167587 -487.72134306 3673.45335259 -2201.47110983 62.5844249812 865.891942376 -1869.88399763 -722.376912359 963.64470908 -8120.78194615 -63.4835593993 416.23839548 -8030.32532766 96.1548072697 464.124310718 -17410.8247243 -1072.99499106 2.66406486729 -4838.7704677 -43.0118626573 438.575639647 -1965.34074466 1373.13805316 20367.1317325 89.0471691031 2265.84420783 17437.7593178 -17915.0635954 -2615.20683931 -329.508355714 -2395.97471549 1047.42056886 5400.94305456 -162.372598057 6322.52698428 29304.4497704 -3717.11923115 -302.595448625 737.194786216 -22292.761621 -2674.60308639 6277.29326728 -6498.3669426 2702.58235486 22010.1081379 -976.274844582 993.697402461 3596.80144201 -3853.19135402 -1387.23631986 923.654453289 -37140.0275541 -4874.21152792 1038.23103089 -9208.28522604 -1136.99701272 2567.87631827 -15953.027076 -1414.40336421 2844.87490946 -2608.73550539 1156.90360337 9149.3562445 -2742.55321534 2007.4509181 17028.4214731 -18502.7185432 -3426.32115888 -2780.12409766 -19132.2457076 -3687.96545519 -2885.25317914 -3587.05605568 2328.11085111 9321.3148112 -11865.0848092 -1175.77432679 -311.838735191 -815.621551388 621.121196646 1779.19711211 -1085.18284456 835.907378133 3315.36443571 41.9399005021 1262.50314585 11905.1463874 -8706.78899996 -3172.21252882 2102.82921058 -3167.57693569 261.263088839 884.010799474 -2644.85628882 302.045347708 1143.46845705 -27345.6549182 -793.439112492 3161.99282475 -9621.23219281 287.922525886 2616.27642037 -3702.78258563 84.5102657578 881.776979011 -9321.29584594 1498.7782343 4007.36019799 -3575.33220617 411.437349392 1446.3106845 -12319.573086 1908.14112593 6590.82518239 -16211.8119576 885.427812304 2650.80731733 -6461.86270422 1388.2377281 3108.68219181 -6383.29763928 1533.28895386 3208.55678215 -8422.59616091 1113.06318176 1963.58769322 -8918.64016332 778.842661537 1789.05408224 -33404.2562363 -3442.9021741 -252.395036252 -1472.88422924 -442.685339662 780.535888183 -230.930652641 2878.54819728 15390.2644465 -27448.0292532 -2550.53971895 -418.761542676 562.400076675 2713.2517833 27776.3302378 -2368.60497736 3045.27789966 7591.71680499 -7063.06514083 159.006723633 1627.46535869 -8020.78958078 531.552436721 1568.56468968 -2147.77898475 1058.71461529 4347.0072611 -3722.49936119 507.939898249 10687.1795198 -7502.79128892 -561.350887767 404.217508267 -567.455025275 3985.16871061 24623.4538734 -5522.49094618 -724.233386753 -543.579433585 -5132.42912795 -705.049638206 -245.470113729 -21560.0736733 -3701.98727077 -3055.03049893 -22987.6860378 -4056.5408307 -2469.46043782 -8138.1988903 -1505.84425241 -1187.81703869 -8880.40815899 -1683.51371813 -998.870847576 -26426.5240572 -3943.05576045 -2752.98547559 -31588.1660488 -4194.87067485 -3344.44699308 -13807.3229165 -2018.17172789 -1212.29002697 -13543.9069837 -1896.67641618 -1121.60257614 -19599.5886741 -3191.82639308 -2436.93042695 -20439.8879202 -3256.65810059 -2680.80537736 -9923.18273495 -1220.48873048 2009.87773108 -121.629013498 814.777513674 7489.52205386 -2200.55388307 503.045286271 785.434030228 -1267.68833282 628.991098727 1209.81759844 -38174.0692896 -3557.52706725 -862.3712478 -4385.31240598 -725.041919038 1040.72191911 -2685.65575289 -101.557957286 794.256341777 -10564.0812669 1191.94557314 1809.62998479 -4359.96822652 375.573583726 777.514478591 -2768.33363987 817.430088398 1148.55573181 -8847.0316672 1788.82929188 2922.17799448 -4392.977857 867.742131233 1574.08530261 -4527.01436712 872.611258018 1553.36033508 -6537.85835424 2236.71612794 2472.93051445 -18187.8555102 -1544.63943233 807.462702232 -10924.8094028 3018.04717984 5307.16569011 -1204.17686079 737.894697589 4369.62784914 -346.202346176 1941.70052516 18330.212277 -9752.26526 -1487.10021673 1363.01764537 2308.80298025 6616.33729193 34878.2175657 1087.8016097 4115.47427274 5676.63535787 -4876.8857571 -4038.05786428 195.256334478 -7356.51763787 4725.94626275 38131.0793237 -7732.74751466 23.8253680421 2254.68922096 -7424.02479487 -583.858730626 2193.00501037 -56.0347445718 1068.24097122 5838.25847005 -3694.76015379 -872.504366235 3371.57144781 -3591.49098465 5153.19279936 37063.662446 -384.149618709 249.820779822 1949.18446766 695.020247804 1573.93438312 30816.2544791 -1160.09284787 -97.7769397178 1192.73778885 -16021.7654875 313.869082747 2708.95037812 -23460.5208672 -981.723962025 663.771032355 -548.591556564 1029.28631488 23279.3051801 -496.941354757 -81.2901542647 1118.25657188 -2649.06796928 -8.25369723923 18092.3666024 -33775.3878163 -5089.55689339 -3396.25344134 2812.18911144 5204.3377144 33816.6128838 134.467091993 518.644491932 2085.5533887 -9674.90485916 -318.55073309 144.406155027 -1081.43536767 415.431334674 1525.83378638 -2034.15545021 -1404.24247954 15425.5727769 -4140.12449654 612.5196124 7682.58985898 -315.582199638 263.39314901 9543.77307307 -1291.95827549 -51.2395787086 2285.77068466 -6308.22172047 -1638.95479226 3653.90629 -4443.78408722 967.652099468 3591.55960144 -2706.97460885 643.999098798 30935.3535308 -5200.59041533 -2565.20031151 3328.93747659 -37220.5321777 -1697.76450935 656.108167024 -2142.68490337 -234.516413386 173.844844627 -2074.90048856 -305.275932658 180.974221024 -4373.84571242 -116.805391144 478.313979283 -3844.46878758 2590.29250201 19112.3543728 -34844.1153251 -3380.00492383 -3129.77636688 -1159.89508424 103.877701557 323.07862242 -1070.40018879 81.9402020424 376.158177107 -15353.3546274 546.706329868 3582.43510253 -2004.78365878 1138.75519689 3206.60300834 -1107.50393153 -237.821124679 2098.1621019 -24322.3936755 -1883.84847205 1340.827497 -3222.02598417 -1331.36750008 2163.5272123 -22341.8279886 -1512.50313391 1816.49831696 -37460.4667282 -3001.25137538 3345.79140788 -5086.27315504 311.264846929 4676.40337155 -109.346794571 85.2787152119 4488.72234752 -2093.07151899 -72.5184437411 1092.14969647 -792.100787135 7448.5891296 35555.8251017 -7525.57575418 -2383.42058994 2124.73107111 -3432.90391369 -130.037839069 7329.93325087 -3342.42724571 -311.911396253 21248.1566168 -968.455153754 3718.99126733 25552.5852146 -1040.64744121 3154.3595236 39312.3167136 -1380.128566 -259.127668287 1789.94648924 -1569.36230662 186.870220683 955.58054214 -8717.98847773 -4000.01956922 4436.76778487 -27316.2362711 -2047.87492741 2004.82361198 -23901.9672492 -1828.73020032 971.490129812 -3422.28665838 -146.369705399 1619.67381368 593.594324517 3961.25483728 26846.3064001 -2571.83939373 2923.21928449 38115.7573297 -2304.92238221 -900.716398058 18443.2654928 -46764.8729017 -19381.4904098 -17840.095131 -47045.5538264 -19563.6143236 -18166.4939189 -1206.06918216 -6.52849652452 997.85083578 -1059.40208994 -72.9564560037 1097.32464983 -11574.232904 -1463.43007431 915.79560873 17737.0133626 19290.012201 46563.0273075 16306.6768257 17947.4038535 43518.0026861 -1198.96446267 -19.7772695332 907.226658038 -948.657918793 -21.109538002 1131.82298713 -23778.4069336 -1581.48036269 1130.97946368 -7431.16696585 -409.007031965 3622.88043529 -1846.27892956 -110.135368206 2991.98114288 -779.044421695 1611.39080428 11763.9030882 -25094.820887 -2598.37027438 1834.31804873 -3104.90957774 4975.96744281 32115.1021634 -3369.31617692 2572.71784013 22381.549528 -16647.5011906 -3620.10978276 1653.22033013 -2041.54001271 1420.05795946 25436.5349364 -22608.3000697 -2483.89368085 3711.21369321 -1189.67486204 1759.72586422 9970.9954124 -1738.6424119 1159.86341745 10815.3412485 -1613.03789841 3859.14728532 16698.5478789 -1342.81279388 2974.63463467 20685.2865995 -2793.66679031 3746.46160261 23747.8536522 -739.841638642 1647.28241888 7508.15387959 -317.60605492 663.546169642 9958.92228038 -31370.5127921 -3164.98658062 2226.38271795 -924.258025378 206.683460748 4129.03156033 -509.459619758 187.563017022 3909.18546692 -29219.623091 -3174.19447642 161.171834641 -42039.7605977 -3266.63792144 5161.37658101 -550.847172816 82.1165083432 1477.48588693 -19620.6808963 -7982.56062402 -6987.85451706 -18897.9112245 -7744.63268197 -6917.53104877 -1451.72676156 -209.639241189 491.000210601 7337.5886606 8160.36525822 19863.6288668 -16599.110907 -5301.04147389 -3565.87633396 -10362.6022264 -4028.59622233 4681.08751946 -10469.8902821 -5980.00712718 1062.54672266 -3810.67868312 2901.75305566 40724.3377926 -4021.42385931 5726.90855811 12189.7316236 -2847.85052845 317.14000495 27188.7104555 -26907.9296393 -2439.00701434 1428.13583295 -26646.9898953 -2976.21275228 2693.34505059 -1192.0009547 -2.54499567094 1321.05792151 -1226.25751538 -7.03062263064 1133.6970306 -1206.1746857 -37.6504477077 1310.7929652 -1284.73296353 6.81851572693 1183.13205148 -42031.6182216 -14046.7156154 -8296.75560481 -43290.7123617 -15574.9191188 -11106.3391489 9817.69794628 13830.8868157 40871.8826725 10064.1586845 14676.3008814 42711.6931549 -2199.30882684 3311.71381922 27133.2130195 -3939.83783703 91.446326683 6261.43810964 -1170.8955361 196.325935181 758.198798946 -18669.1817596 -7267.60263746 -6219.06537601 -654.495933031 -144.690316309 1203.41820641 3356.30146022 5300.02017337 17343.7223384 -29524.9537669 -1653.65826834 1793.22524617 -33.3591403667 2466.0698511 28923.7124609 -929.807370535 672.284640392 8097.63089286 -1978.00005777 1516.85665956 19575.1689638 -3429.56216787 2400.52702665 20627.1456399 -1552.32968062 858.791938464 8491.5857191 -3547.7188267 5642.08007306 11094.8822109 -13303.0167665 -2885.7355001 1153.16280031 -13799.503983 -2361.51286014 1548.32747566 -1154.79318419 1127.47522429 20545.1950125 -1786.26141037 1400.60698024 14367.6854738 -1936.9888458 1846.61417913 16941.8866833 -2059.6011611 2689.22321096 26217.8542374 -3824.85325766 -245.505510406 226.174187841 -3781.95653772 -279.45790929 525.802933834 -2705.53737122 3626.85591613 28170.6876904 -22623.7352753 -2330.98470225 2914.98658063 -19369.8582249 -1159.73177332 2108.056949 -8353.91919532 -718.233621041 1735.77431738 -8256.78979438 -513.759214608 884.0797589 -10867.0881254 -1027.29029047 1707.94221568 -10886.6543311 -1079.24483466 1385.23142211 -19806.7393831 -2765.88333109 1959.22033186 -8703.42198298 -1155.04506519 933.005570249 -7592.43613634 -1532.70530987 768.43690979 -27032.2929106 -3353.02825867 1399.14739073 -20274.8986324 -2006.49934896 3682.44690053 -559.007438341 3845.30998273 33680.7091085 -35285.1865051 -3406.29787116 4625.46552515 266.030921859 2238.89942919 14255.6052432 -289.668160633 1257.1866132 16411.3823188 -153.889926258 3476.4858847 30021.8592413 -1363.36290285 910.052020008 21675.2576983 -3265.06477497 1937.82427466 21667.4624491 -603.953038936 233.171315833 7794.2043273 -1381.8135325 919.330383076 7138.68914967 -1945.52012293 3290.97872042 27840.2820297 -413.324036768 687.389317959 5131.59500461 -401.115438988 569.766283868 4860.77597194 -1543.28188361 2978.11232597 26334.5437324 -720.372599541 1839.77553527 13130.1977953 -1438.68861013 1484.08878794 13110.9989204 -1777.33630619 2006.27383228 33251.9406214 -1288.29480707 11.4349234743 573.470951767 -741.143171343 -118.117112227 1262.99718504 -1456.96545478 -52.7903308379 538.417801011 3118.92744813 8391.0586069 29487.604381 -29506.5925369 -8898.09089761 -4053.38179342 -30908.3028502 -10560.2539372 -6977.44998918 5868.81913167 9739.08060985 29051.9598809 -586.129786574 -8.79559359318 1360.28997085 -1468.91703765 652.310459346 3643.28523547 114.972666229 2557.54669957 17180.153559 -1539.50859268 2045.15249353 17260.246906 -1171.969425 22.3373861959 629.407165415 -4171.4441162 -870.230797968 1270.67478964 -667.119907805 -100.295561069 1129.90689964 -1205.65253477 -12.5990184372 1264.91217028 -1274.93337681 4.56936230536 1254.29952952 -44838.622714 -18244.1968169 -15975.3666755 16242.6559876 18493.0274389 45400.7688087 -35668.5099029 206.74916917 6394.47296916 -367.07039554 98.9912312072 2832.35822482 -431.832880112 299.294168414 2676.50717045 -29054.7648234 -3814.71336665 4098.60554163 -669.866623753 1823.61542938 32931.0933475 -14045.3331123 -1238.11509466 67.9543855618 -14123.625001 -1208.03630619 84.3222882811 -27236.2916158 -2902.61481627 532.525169435 -30361.5012199 -3998.40699139 -285.613394658 -5194.22109262 3582.99372965 32183.0257541 -21186.9219216 -2567.72586027 2439.2322657 -20814.3428733 -1174.31675395 659.783833313 -7754.11198944 -803.582741684 1163.35298242 -7507.67972055 -226.958095511 458.597734471 -27244.0023331 -2170.57759198 1870.89413933 -5754.58627953 -1003.69642438 -466.202311808 -5785.70882902 -939.543946076 32.249311471 -34219.0572512 -2712.86762066 4324.35018494 -15997.2705139 -1402.10392448 2152.14282472 -15745.0387675 -1414.73086687 1899.82239859 -2195.83759504 -214.936388491 186.868167284 -2621.38294252 -85.0965751434 265.420915657 -18865.4977143 -2496.58864372 936.56927362 -18971.7910052 -2366.49675091 1057.76357538 -2713.3281646 2284.78104429 38300.7441608 -9006.85061778 -3501.96842462 5434.55036306 -33471.021285 -1913.28867339 3217.01470919 -6701.90137219 2700.25428131 9331.11272774 -657.852274267 -227.541586952 1322.10875089 -924.020766223 -457.357311374 1298.61068087 -1175.53606221 386.406557029 778.346777508 -1208.310374 293.509216811 702.248660053 -35932.5088771 -7067.50233602 -1834.30981018 2314.7617549 5165.05244179 38787.6020924 1706.2246602 6943.58802711 35793.730334 -38068.1424363 -5577.49032446 -1417.19769329 -42957.3457376 -4604.55956089 3488.51717926 -7108.68699693 -3331.41402618 4350.48306375 -3743.42854136 3235.33962571 41580.3368574 -5162.45427865 4347.81084441 11395.2573054 -937.216365339 75.2963622773 707.510019549 -444.749001017 -1.75879916415 1506.67852038 -1439.38941557 -12.1529915226 441.05160503 -486.80467423 -46.351622539 1500.02680396 -930.998203359 71.1352059884 685.959804784 17737.0133626 19290.012201 46563.0273075 7337.5886606 8160.36525822 19863.6288668 -46764.8729017 -19381.4904098 -17840.095131 -47045.5538264 -19563.6143236 -18166.4939189 7197.02413104 8447.29647646 20960.6307905 16306.6768257 17947.4038535 43518.0026861 -19620.6808963 -7982.56062402 -6987.85451706 -728.53229739 -121.674600915 887.472270606 -18897.9112245 -7744.63268197 -6917.53104877 -723.804010029 -95.2296373331 906.73341045 -1608.36482096 26.2953187655 441.291300752 -25753.0883859 -4809.27823462 2547.33244362 -15538.5834229 -2409.24310009 2860.45597164 -15313.0142245 -1133.13501448 2938.92101161 -29484.262734 -8235.84820509 -2294.55006127 -3218.47918028 6157.6952241 10680.3062802 -28470.3658142 -5493.6857395 -1853.60010321 -1248.10945693 -547.49993681 2219.72902919 791.052871136 1428.32334331 5065.08694721 -821.545077397 574.181860492 1861.12478487 -1331.35656198 181.084304677 1660.93077385 -1468.91703765 652.310459346 3643.28523547 -1453.2009776 4176.8556361 11459.1821681 522.103992857 2142.56568207 3975.97920339 -7824.74076843 -1601.93019348 6133.22822361 -1454.24810546 173.194113125 657.004612038 -1232.92664745 -82.5435102679 631.684257788 -586.1050603 -81.0534629583 1416.37727408 -616.834447708 31.8627363195 1212.87159459 -5219.47702163 2088.94905835 9021.68401754 -4050.80066584 -859.457950627 -521.127687646 -1003.51800058 85.3260206987 1031.06076162 -918.569748327 387.811397521 1191.89638375 -1093.83686766 -316.539052205 943.412696303 -1066.10993867 -210.135527123 1021.82531884 -7360.35177372 -751.710623541 6580.4513867 37.1573086203 638.058699131 2535.0138772 -16996.9232247 -2247.569831 761.929565105 -36226.7008991 -8467.53689027 -3543.70089176 -3233.55375709 -1385.44127432 4649.60909045 -6282.48855739 -4937.41088856 552.727984779 -1837.420781 3169.18950031 5182.18344657 -5113.90137078 -4713.47236529 821.405064613 -3188.02720236 4.20896140121 3375.43465433 -2308.57699892 217.437032378 5279.64887606 -23590.3693254 -3385.68064357 2764.19330586 -6725.26450332 -3826.14355042 4456.86052791 1941.5063977 7838.13253819 33063.3592726 -456.467978624 4105.47334174 22691.2359714 -3302.76157514 -1126.61431352 17444.7442192 -1236.96040409 5817.91679766 21724.414182 -3799.64622371 2307.22643291 11339.2697969 -2981.59514477 -2172.61558952 11453.0196308 -465.422194227 2859.05294249 15350.1601797 892.751469817 5194.21854873 14488.8297917 1023.44293424 3572.08627754 25054.2742005 -3825.12799934 -2048.03750413 4877.36787375 944.744005742 2878.05485783 17082.2301893 -1997.03911419 302.651133192 9751.24208256 -1813.2435799 985.803197806 15687.1885742 -1132.37793678 5182.44414911 24387.2865739 1350.3155142 4405.70251105 18186.5556817 -23439.0562456 -2765.96742629 -2135.97751827 -13733.051045 -1970.13253442 3405.64884357 -22103.5391825 -5565.01905959 1310.05031785 -17250.0856215 -4595.50936125 -1179.62382486 1590.44601834 8976.917537 35164.6459188 1516.12350488 7319.75310806 34108.3566263 -31540.8833318 913.798164565 3071.73727129 -36648.2899737 -9247.32332168 -3311.24743889 -5285.62608633 -4000.24771366 204.676712903 -738.275251788 3060.81044513 4799.52686814</DataArray>
        <DataArray type="Float64" Name="PrincipalStrain" NumberOfComponents="3" format="ascii">-2.24127795196e-07 5.25316640692e-08 1.52683859121e-07 -4.21421161236e-07 1.10373717157e-07 1.36760475965e-07 -3.54524713051e-08 1.76191687232e-08 6.82823462352e-08 -2.45232690149e-08 2.91601460593e-09 1.61906639942e-08 -1.90761561345e-07 2.1607947225e-08 1.33224358242e-07 -3.20427810857e-08 1.10224730477e-08 6.83007593652e-08 -8.99615162409e-08 -1.88556105787e-08 3.72712904647e-08 -6.3550941783e-08 -1.10801152258e-08 2.87401238057e-08 -6.27581760424e-08 -1.42616819924e-08 1.28786724841e-07 -6.05200938192e-08 -6.07217271752e-09 2.79717815609e-08 -8.10715647844e-08 -1.38335318538e-08 3.4882220306e-08 -4.80357391515e-08 5.49592315777e-09 1.64181888144e-08 -1.55749902293e-08 -4.91128832899e-09 4.72758739553e-08 -1.26761333644e-07 -2.44220463056e-08 3.29232835106e-07 -2.50104536109e-08 -3.03230085316e-09 2.09590255502e-08 -2.64240775667e-08 9.2988533773e-09 4.02792118628e-08 -2.41494519948e-08 9.84389738109e-09 3.88177021366e-08 -2.02274079701e-07 1.32586948474e-08 1.29649555114e-07 -1.35288966069e-07 2.7208279995e-10 9.49549332934e-08 -3.69676055601e-08 -9.28722830177e-09 2.43378008882e-08 -1.99305270888e-08 3.56709997289e-09 4.41284937483e-08 -1.11140335704e-08 2.56956612135e-09 6.31367421289e-08 -4.09568562205e-08 1.80491709401e-09 1.09394618531e-08 -2.78177132445e-08 7.23762625001e-09 1.29061605938e-08 -1.51196557952e-08 7.16610441275e-09 2.03455799388e-08 -1.11656424334e-07 -1.7832299895e-08 9.4138586613e-08 -1.65170258051e-08 4.5038319042e-09 1.32541178259e-08 -4.11101739679e-08 -1.21865830718e-09 1.79604999234e-08 -3.94254408739e-08 -7.9302316786e-09 2.43527771955e-08 -3.53711268474e-08 -1.93063852272e-09 2.52172479184e-08 -4.41387025759e-08 -1.58076888349e-08 3.12592981008e-08 -5.2005552587e-08 -6.25858250346e-09 1.48474947385e-08 -1.50511666899e-08 8.25092025051e-09 5.09519025272e-08 -6.30122761727e-08 -2.45703509567e-08 1.31912523086e-07 -1.98227237648e-08 -5.81856513436e-09 1.59336626212e-08 -1.38705181596e-07 1.57695865934e-08 7.35833720371e-08 -7.01910853424e-08 4.77698841663e-09 4.70260159429e-08 -4.16081097034e-08 -6.63351199834e-09 3.26781177019e-08 -1.6985601362e-08 -1.72700156897e-09 3.05535797386e-09 -6.4341672586e-08 7.18284343101e-09 3.33409100594e-08 -2.44394121282e-08 -4.6539743142e-09 3.22297874921e-08 -1.95193017743e-09 2.92478331866e-09 1.71561333477e-08 -6.32502175334e-08 3.26499554748e-09 3.71617746177e-08 -2.35194369584e-07 4.55888879579e-08 9.54768875737e-08 -3.08005248693e-07 4.21788532053e-08 8.73695483082e-08 -2.78310221404e-07 4.29350988203e-08 7.15209761106e-08 -1.32314354022e-07 1.65245395778e-08 4.14977381547e-08 -7.9099783988e-08 -2.69189324786e-08 2.39176398475e-07 -1.33174015575e-07 2.01904648064e-08 3.46407250854e-08 -1.43601187276e-07 2.47961684601e-08 3.71897629442e-08 -2.30331648274e-08 -8.03886720748e-09 6.64538623489e-08 -8.87467931652e-08 -3.89542548921e-08 3.056522315e-07 -4.14110110132e-08 -1.55647306226e-08 1.32303003314e-07 -9.49428353557e-08 -5.00527312333e-09 1.40132449623e-07 -1.4354784817e-07 6.65550613323e-09 9.47327352086e-08 -4.72798323735e-08 -2.84911120635e-09 6.70365685468e-08 -3.09618497959e-07 4.85917933689e-08 8.24065565998e-08 -8.39398589001e-08 -4.69272778676e-08 3.0521941535e-07 -1.30974672523e-07 3.81506416278e-09 8.31941832221e-08 -8.49194026673e-08 -5.4496278731e-08 2.82634960011e-07 -8.46679240621e-08 -2.14343215092e-09 1.30882146752e-07 -7.28767166887e-08 -1.38626037749e-08 1.28128218298e-07 -3.67053060159e-08 -2.417646519e-08 1.4527252854e-07 -3.66598093698e-08 -7.27517312339e-10 5.86163059605e-08 -4.14693751432e-08 -1.34419286084e-08 1.29683837477e-07 -3.03875321142e-08 -9.84265739134e-09 6.69463710233e-08 -6.50578291167e-08 1.5274737744e-09 1.02645835092e-08 -3.94169212362e-07 7.57871455492e-08 1.38159950979e-07 -1.64300001065e-08 -4.004270657e-09 1.302256522e-08 -1.44062883963e-07 3.7227320723e-08 6.64717358421e-08 -1.20076624191e-07 -2.06284328224e-08 1.70167092481e-07 -2.7806294969e-08 -3.98197768854e-09 8.61253309137e-09 -2.99635499201e-08 -5.43047384585e-09 1.24391812191e-08 -2.24405246977e-08 -8.74288783684e-09 7.84345771098e-08 -3.4688992663e-07 3.23248293069e-08 1.02709657353e-07 -5.66523761396e-08 5.31353794864e-10 9.94829786975e-08 -3.56295773267e-08 -8.2572603976e-09 4.29892590502e-08 -2.97128752646e-08 -1.12570124401e-08 8.11772283843e-08 -1.15096782012e-08 1.0907921481e-09 1.25216461654e-08 -7.74619620049e-08 -3.55008892408e-08 2.41640756564e-07 -6.95511168482e-08 -3.83409370978e-08 2.30549473916e-07 -1.06804258207e-07 -4.17624667634e-08 3.287648426e-07 -1.26338598252e-08 -2.34492542864e-09 8.48049732368e-09 -3.77028198205e-08 -1.52299800927e-09 4.50264722845e-08 -1.10265287076e-07 -2.39072277226e-08 1.00490660482e-07 -2.68791319647e-08 -1.5500077796e-09 2.22249175768e-08 -2.53441492006e-08 2.75483169161e-09 2.05043996267e-08 -4.84724630707e-08 5.37782800503e-09 2.65429595131e-08 -9.30563363962e-08 -4.79893999165e-08 2.41570750544e-07 -8.37728857045e-08 -2.46267871096e-08 1.30537606345e-07 -1.25526844218e-07 -3.51100103389e-08 3.97610023403e-07 -7.10156026235e-08 -3.2952120477e-08 1.80797827508e-07 -2.51830393498e-07 2.41578308641e-08 1.12364510695e-07 -1.84352719022e-07 3.57835320419e-08 7.17119011025e-08 -3.34782863667e-08 -2.25815968176e-08 6.52213386133e-08 -2.64265674815e-08 -7.87446595027e-09 4.22771697454e-08 -4.51553449226e-08 -2.19208538491e-08 1.89007870525e-07 -5.84143791794e-08 -1.88198147345e-08 1.56002535746e-07 -1.0759914858e-07 -3.33896860444e-08 3.24057847809e-07 -1.60368130118e-08 4.16400771108e-09 4.6819698761e-08 -3.01815446072e-08 -1.47685978726e-10 3.18075746437e-08 -2.99598702911e-08 2.33527234239e-09 2.86797919551e-08 -1.13051375084e-08 1.54769750486e-08 4.78425745075e-08 -1.85419268682e-08 -3.9758929743e-09 3.5093123222e-08 -4.19106954569e-08 -2.9932713001e-08 9.91290592269e-08 -2.88057007442e-08 6.35896253127e-09 5.90149783218e-08 -2.49687960643e-08 4.95482658972e-09 3.51057735636e-08 -2.69936230892e-08 -8.70693089373e-09 2.28425876053e-08 -2.50904027656e-08 -3.69722206927e-10 5.24791094216e-08 -4.66665952709e-08 2.51784662937e-08 4.98455858091e-08 -6.27476185077e-08 8.85214212029e-10 4.09416033233e-08 -4.99417161869e-08 -2.41156699258e-08 4.37424017224e-08 -4.65420092389e-08 -1.47901983352e-08 9.13527589521e-09 -2.15549484324e-08 7.05461813617e-09 2.80837941051e-08 -3.58530639652e-08 -5.08225590486e-09 3.02662350859e-08 -5.30677844126e-08 1.43427428687e-09 9.11242354149e-08 -6.65363436644e-08 -9.89206626271e-09 4.93703805728e-08 -4.06506567916e-08 2.66703207911e-09 7.48874356175e-08 -8.68776585226e-08 -9.7465779519e-09 6.50769527383e-08 -5.48714406634e-08 -1.70943678694e-08 9.97702367564e-08 -7.41628539943e-08 -2.6903951722e-08 1.0858397497e-07 -7.11837748579e-08 5.57097658748e-09 3.01835574544e-08 -4.21243639293e-08 -1.69592652794e-09 4.3781793775e-08 -1.45430639808e-08 9.3876471283e-09 3.21787321744e-08 -1.41282682031e-08 9.6262789065e-09 3.09248750363e-08 -1.50034723488e-08 8.21953131271e-09 2.73950182384e-08 -6.15055299852e-08 1.12280884446e-08 1.02926845183e-07 -3.88419564169e-08 -1.95613353702e-09 4.87857008277e-08 -6.4436112347e-08 1.20792816042e-08 1.12127024488e-07 -3.81310076604e-08 -1.71314635318e-09 4.48186667593e-08 -1.04847415521e-07 -1.62687111202e-08 7.34994893679e-08 -8.78168453891e-08 -1.55465875601e-08 6.05240021371e-08 -1.43459558699e-07 4.37861598266e-10 7.29383287467e-08 -7.16407169705e-08 1.40109602003e-09 3.84811705694e-08 -2.08567769242e-08 4.25579707908e-09 3.00366823517e-08 -7.20385901511e-08 3.64383811383e-09 4.44607613116e-08 -3.02848778369e-08 -2.32572871388e-08 7.25187419443e-08 -2.90559783195e-08 -1.9670935905e-08 7.83459507219e-08 -6.61684336221e-08 -3.40972393253e-08 1.44263955055e-07 -1.94048733865e-08 7.48523350406e-10 2.84246480223e-08 -1.8508725606e-07 2.35912026172e-08 8.0075170149e-08 -2.99314001065e-08 8.77933252698e-09 3.1207399465e-08 -3.2694897652e-08 -8.81096393905e-09 2.87426341625e-08 -2.87166411149e-08 -6.41674853488e-09 1.48687865951e-08 -7.16843415075e-08 1.35737954885e-08 5.54535433591e-08 -1.23069057457e-07 4.89397635714e-09 7.20226583817e-08 -3.13004599789e-08 1.39330442563e-09 2.21632782778e-08 -3.33177033484e-08 -1.71636584851e-10 3.28994136422e-08 -3.91711849474e-08 2.32196590926e-09 3.11186315641e-08 -5.39396215995e-08 -6.7446377485e-09 3.45184076139e-08 -6.06917256353e-08 -8.49655811137e-09 3.40266721733e-08 -3.66878633696e-08 8.77158211164e-09 5.50428846304e-08 -9.58845844314e-08 3.54872291334e-08 5.30260979757e-08 -3.22579015494e-08 8.13822292991e-09 4.9351405091e-08 -1.02287798081e-08 3.37687130977e-10 1.75530901701e-08 -2.57110348284e-08 -8.91628225072e-09 8.11372099253e-08 -7.35543993879e-08 5.35246917935e-09 2.23624092386e-08 -2.46057284939e-08 -1.79358792936e-08 6.89074707603e-08 -4.60495773349e-09 6.68260943118e-09 8.72299385644e-09 -1.99928238373e-08 6.22562981669e-09 1.51774528418e-08 -8.67318790481e-08 1.08958141388e-10 1.33763641638e-07 -1.42718390651e-07 -3.38908666712e-09 7.75583897009e-08 -8.00227294382e-08 2.57287867716e-09 1.4827168258e-07 -1.35942190818e-07 -4.05244870907e-09 8.48726050944e-08 -1.10786682979e-07 -6.3271729521e-08 3.09436585512e-07 -3.1133661871e-07 6.52729878318e-08 1.10090881431e-07 -4.4331856885e-08 -3.11651634452e-08 1.35088312264e-07 -9.38494063031e-08 -3.83352878843e-09 1.36265875191e-07 -4.7728895688e-08 -2.02944700336e-09 6.80435023516e-08 -3.09267764616e-08 -3.82754923264e-09 1.89624689058e-08 -3.5906110511e-08 -1.38761784728e-09 6.38274028085e-08 -1.35140556479e-07 3.11283132069e-08 4.78748171544e-08 -2.0616110707e-08 -7.38225417882e-09 3.60686371786e-09 -6.5229708796e-09 3.57272621038e-09 1.2674623161e-08 -3.05011005746e-07 1.62857080599e-08 1.28034460288e-07 -9.62782266421e-08 -2.36563188567e-08 2.78149923563e-07 -1.36496319669e-07 7.41975731667e-10 1.01075683365e-07 -1.20753069253e-07 -1.66344675804e-08 3.01915061067e-07 -2.73646909286e-07 2.10032896508e-08 1.00697253044e-07 -5.86332872007e-08 -8.15685100722e-09 1.42585829477e-07 -7.50387764403e-08 -2.25957296311e-09 1.35043065451e-07 -7.49887869052e-08 -4.35432660423e-09 1.23340877672e-07 -3.62803873207e-08 -1.41679883362e-09 5.71526353109e-08 -2.28437105615e-08 1.27735254962e-09 6.93150919789e-08 -4.47080283472e-08 -1.18074733975e-08 1.3162776465e-07 -1.30323472601e-07 1.06189159415e-08 4.66646305937e-08 -1.42152226212e-07 9.17038026568e-09 5.68370487496e-08 -8.00185882361e-08 1.0336738212e-11 8.30513094422e-08 -7.13477294371e-08 1.81911945374e-08 2.49318531871e-08 -7.43630701628e-08 7.38973479964e-09 2.68764203822e-08 -2.54405631652e-08 -5.13803186151e-09 7.90554315079e-08 -5.51070091153e-08 4.48529734233e-09 3.48945895714e-08 -1.2916253988e-08 -1.40454588333e-09 5.52024410539e-09 -1.38055631038e-08 -5.80314384722e-10 9.60585851092e-09 -2.12716337392e-08 1.79811125273e-09 1.95639690241e-08 -1.85358656192e-08 -1.29312406841e-09 2.03573249726e-08 -7.29201041368e-08 -2.73864452265e-09 5.79223764907e-08 -3.87016418702e-08 2.07645612334e-09 6.54203265052e-08 -3.93238037794e-08 2.41255527147e-09 6.40852557588e-08 -6.72458784627e-08 -1.28131626559e-09 4.52592062915e-08 -2.16491608531e-07 1.58062688405e-08 6.1263354882e-08 -6.69146580797e-08 -1.89530488313e-08 2.37890112199e-07 -2.16059643462e-07 9.99787303502e-09 5.90574452878e-08 -8.07466871078e-08 -1.44674841841e-08 2.28475059099e-07 -1.94357160181e-08 1.01481221678e-09 1.90819449568e-08 -2.05075413083e-08 -3.03700504878e-09 2.02970384147e-08 -1.76082847628e-07 4.17124132657e-08 6.72498001569e-08 -7.52503131956e-08 1.49346436062e-08 3.45011999731e-08 -6.57072490154e-08 -4.00192025179e-08 1.74947158589e-07 -3.48799920577e-08 -1.37983500195e-08 7.66640743994e-08 -2.47214022219e-08 -3.7254572844e-09 3.65377320873e-08 -6.06628722996e-08 -1.53301580701e-09 9.97912696857e-08 -1.92487544218e-08 -2.35588212435e-09 3.68967387756e-08 -2.71048411923e-08 -3.61222473012e-09 2.61450875215e-08 -4.70088294658e-08 9.05467444999e-09 1.57207557481e-08 -1.08708740824e-07 -7.34476935662e-08 3.9745277566e-07 -4.32058736839e-08 -2.02992161221e-08 7.00249027484e-08 -1.33422549735e-08 -9.87820553402e-09 4.78272608484e-08 -4.50681681761e-08 5.53056946102e-09 7.27855154317e-08 -3.35861636694e-08 2.90528603642e-09 1.8158401203e-08 -1.84277781544e-08 -1.86496430147e-09 3.12835196011e-08 -1.87666677738e-08 -2.91795834707e-09 2.87541842359e-08 -3.29456787391e-08 1.34330481615e-09 1.73049507876e-08 -1.08051324462e-07 1.34768711899e-08 6.16819015475e-08 -2.29945155266e-08 -8.9425161302e-11 2.74360319207e-08 -2.58837726592e-08 -4.6753099451e-09 2.69168445455e-08 -1.42396752858e-07 4.85511284458e-09 7.96463029707e-08 -3.71717285738e-08 3.75488102359e-09 2.75383532941e-08 -5.24466812294e-08 -1.818331066e-08 7.16084541057e-08 -6.02741979371e-08 9.36669939943e-09 3.76269633869e-08 -5.97995904549e-08 9.14752276385e-09 3.64402146129e-08 -1.86712998734e-07 4.14907955376e-09 7.08547948781e-08 -1.84323153105e-07 3.65299956758e-09 1.02967423125e-07 -1.1552260614e-07 -7.09458885374e-09 1.92220679108e-07 -7.1464669254e-08 -3.19875492169e-09 1.78356744739e-07 -2.28150567334e-08 3.05976332071e-09 1.588692193e-08 -2.22066987281e-08 1.89317713843e-09 1.53533219409e-08 -1.59523057403e-08 -2.23823332182e-09 2.21992889372e-08 -1.47135452065e-08 -4.73996320456e-09 3.15495253734e-08 -2.41939313781e-07 2.58500298152e-08 1.09458258406e-07 -1.11481625714e-07 -3.25879198705e-08 3.21711708235e-07 -5.32762306487e-08 7.34550412494e-09 1.56039011847e-07 -1.69988500335e-07 1.04918867913e-08 5.11985727306e-08 -6.13822126425e-08 -2.98400532345e-09 1.85582711546e-07 -1.66962221036e-07 9.77860613332e-09 5.12864847962e-08 -8.13270298914e-08 -1.86276716103e-08 2.58044947591e-07 -3.42092720769e-07 3.59437047329e-08 1.15912183852e-07 -9.27860159539e-08 1.5095676662e-08 8.23684599705e-08 -5.30530851792e-08 -2.82612303039e-08 1.04814782836e-07 -1.0018848748e-07 -1.36739783345e-08 1.81040009851e-07 -4.15497540084e-08 -1.3575199237e-08 9.26847610195e-08 -9.29166765855e-08 1.43203555328e-08 1.26063801694e-07 -4.50370629018e-07 6.24557349235e-08 1.14353978094e-07 -1.15854912551e-07 -7.74859635088e-08 4.5173417428e-07 -4.89134871313e-08 7.08352668112e-09 3.26655384437e-08 -8.04335898058e-08 -1.732590506e-08 1.18000643201e-07 -9.65596941619e-08 -7.04085256449e-08 2.16433325833e-07 -2.45343638445e-08 -4.301254739e-09 4.18502442002e-08 -8.45004439195e-08 5.20695270318e-08 9.33724799525e-08 -2.08077378416e-08 4.90306373999e-11 1.3098683532e-08 -1.98800548423e-08 1.34616462293e-09 1.92513338817e-08 -9.00554221949e-08 1.21404991423e-08 6.58572742448e-08 -8.41149804444e-08 5.36395393456e-09 3.85616578814e-08 -1.82909884813e-08 -2.10138507532e-09 1.93917170338e-08 -2.07233679688e-08 3.5207176556e-09 2.53550098557e-08 -2.09006154044e-08 2.13621489203e-09 2.27860014821e-08 -1.18955466856e-07 -2.69420081646e-08 2.39242961069e-07 -1.24808010547e-07 3.30490179567e-09 9.16621536427e-08 -1.41975457145e-07 1.6127989179e-08 6.78526642045e-08 -3.40602804169e-07 2.53920886982e-08 7.72062436088e-08 -8.52223695462e-08 -3.2027462609e-08 3.22790326454e-07 -2.86010113221e-08 2.43967678318e-09 2.01021079775e-08 -7.50704749489e-08 -1.23015807144e-08 1.54499998091e-07 -2.23613949907e-08 1.84791056085e-09 2.25841259916e-08 -4.71359423488e-08 3.16269675722e-09 2.97971227147e-08 -7.37692881206e-08 4.66092128861e-09 2.28044268236e-08 -1.27809664495e-08 -1.02213554453e-08 3.25000688209e-08 -1.25567114149e-07 -2.15111488206e-08 6.71039742343e-08 -2.79633889748e-08 -1.01926792892e-08 1.10828092071e-07 -3.52964279825e-08 -6.13625034063e-09 5.85653858259e-08 -3.10923282335e-08 8.95194553752e-09 1.53030874219e-08 -6.29033559742e-08 -1.35791435934e-08 1.01283729953e-07 -7.62748483359e-08 -2.45337535676e-08 2.8609883862e-07 -6.67497988067e-08 -1.61059343147e-08 1.28769552261e-07 -2.01695366013e-08 -3.89715471181e-10 2.15820160516e-08 -2.49141390917e-08 -3.77688006178e-11 2.38611298786e-08 -7.3592573455e-08 4.75353846162e-09 2.69642160952e-08 -9.97954847498e-08 -4.61203919072e-09 1.06957119527e-07 -2.14081476282e-07 1.24911287428e-08 6.25546589466e-08 -2.16175087764e-07 1.05788776599e-08 6.76161579037e-08 -8.48757911762e-08 3.97569471399e-09 4.48506076316e-08 -6.46287489638e-08 -1.22601326204e-09 9.27635206559e-08 -2.39715114992e-07 3.60839563897e-08 8.17754064896e-08 -7.09968984841e-08 1.32322706678e-08 5.703229618e-08 -3.8928262704e-08 6.78212817848e-09 1.6950849996e-08 -4.16287587765e-08 1.04771046918e-08 2.77555586388e-08 -2.62200929873e-08 2.36296993581e-09 2.06119059602e-08 -1.40430261401e-07 -2.55607384276e-08 2.83080456755e-07 -2.54180404494e-08 1.0661864921e-09 2.17850900891e-08 -1.69356599564e-07 1.29926719337e-08 5.36749599275e-08 -1.66500670934e-07 1.32502525413e-08 5.21909035021e-08 -2.11099675549e-08 5.57351917252e-09 1.87621713511e-08 -1.85448983247e-08 -4.76999330819e-09 2.01898922409e-08 -1.4503316076e-07 -8.73848231188e-08 4.45305627364e-07 -9.49990856235e-08 -3.01357373934e-08 2.68296287309e-07 -7.94772878104e-08 -2.4618284153e-08 3.33835430242e-07 -6.87438769931e-08 -1.60246427628e-08 1.5070571386e-07 -2.55058766192e-07 3.60842299746e-08 8.07107795932e-08 -5.6334987587e-08 9.54330393545e-09 3.06995369846e-08 -4.02844447286e-08 -3.12129237614e-08 1.57558536901e-07 -3.81409690835e-08 -1.06922568536e-08 1.62256332354e-07 -2.542642123e-08 -3.83002583927e-09 7.33535309767e-08 -3.87277780112e-08 -1.32810818678e-08 1.77177368869e-07 -3.00232749721e-08 -9.82733394489e-09 7.21531693859e-08 -1.24784157853e-07 2.36890298e-08 5.86832512185e-08 -1.46215437172e-07 -3.91335717158e-08 1.55769053223e-07 -1.1668813366e-07 1.09081809249e-08 3.11622266953e-08 -3.00966513299e-07 2.56656705064e-08 8.13759535668e-08 -5.37341386388e-08 4.6582164697e-09 5.35530951037e-08 -1.19678858612e-07 4.40020479941e-09 8.45793055572e-08 -5.284643425e-08 4.21634668886e-09 2.73273011465e-08 -1.48593724318e-07 2.89162180719e-08 5.74555215793e-08 -9.71944281586e-08 1.25256846293e-08 9.10393460183e-08 -8.28228793105e-08 -2.37064884713e-08 1.23063687301e-07 -3.48165563711e-07 3.19800125664e-08 9.63841917121e-08 -7.31126316086e-08 1.47612002779e-08 2.87380300996e-08 -7.5012405339e-08 1.45054387603e-08 2.93790041547e-08 -1.83186453484e-07 1.69193252916e-08 5.36713371193e-08 -1.80323777387e-07 1.63959456833e-08 5.34846137593e-08 -1.12514156503e-07 7.94484498907e-09 5.63580725052e-08 -1.20537413519e-07 3.26198208043e-08 9.66156509467e-08 -2.05957471015e-08 2.55370195236e-09 1.87710894651e-08 -1.81948538036e-08 -1.78679201457e-09 1.98403650298e-08 -2.05162426176e-08 1.00763807089e-09 1.96772754189e-08 -1.90312417114e-08 -2.5742608135e-09 2.0265883499e-08 -8.02543789546e-08 -1.19291391154e-08 1.26754874647e-07 -9.91003477017e-08 1.84222972942e-08 1.07293094763e-07 -4.87624284044e-08 3.39631388507e-09 3.49897696506e-08 -2.59449252078e-08 2.45960221609e-09 1.89335456046e-08 -2.53758357891e-08 7.6352791886e-10 1.93587087846e-08 -1.92428689809e-08 -1.47286522758e-09 2.61572013288e-08 -3.28378268979e-08 5.0655750531e-09 1.49124136096e-08 -7.26620205797e-08 -4.81703921725e-08 2.47699421823e-07 -1.65928687578e-08 -3.36407863982e-09 2.63375570721e-08 -1.33053648391e-08 -4.90543963015e-09 3.08401274684e-08 -3.27020148228e-08 5.74030012246e-09 1.33447992526e-08 -1.39752760584e-08 -4.28246207804e-09 3.15664953545e-08 -2.00914637094e-08 -3.13453156889e-09 4.40927262525e-08 -2.85065975193e-07 -1.21348268667e-09 1.25513506332e-07 -2.83552332809e-07 -9.71213108741e-09 1.30997758744e-07 -1.35676181504e-07 7.77061227467e-10 2.80243762868e-07 -1.24371599397e-07 1.19709859967e-09 2.8239132005e-07 -2.15019328527e-08 -9.69636376324e-10 4.25172961457e-08 -3.42436992911e-08 -2.19439100204e-09 1.34759867389e-08 -1.16343181361e-07 2.01863855966e-09 7.54048916764e-08 -1.67471443386e-07 6.01087577961e-09 2.91386051617e-08 -1.74435088886e-07 3.57470669969e-09 2.16624567281e-08 -1.97999196491e-08 3.74183105465e-09 1.60359456337e-07 -2.1901386738e-08 -5.93380729348e-09 1.74068666421e-07 -2.53579246338e-08 -1.60149646645e-09 4.32152198831e-08 -5.44285830941e-08 -4.17424815627e-09 1.44346253561e-07 -1.43051420272e-07 6.31994964134e-10 6.28264370909e-08 -1.42850016431e-07 7.09793171944e-10 6.24897951769e-08 -6.18495865713e-08 -3.74741129592e-09 1.46111940044e-07 -1.3090565281e-08 -2.60511581925e-09 1.7395097691e-08 -1.33201931132e-07 1.57050931035e-08 8.87968125296e-08 -1.0488712697e-07 -1.63687904804e-08 1.35879173273e-07 -1.46810237586e-07 -2.6926909021e-08 1.56456204099e-07 -2.74985079307e-08 -1.58691751728e-08 1.10856254373e-07 -1.16699514931e-07 1.48578157884e-08 2.83506198185e-08 -3.00693758277e-07 3.50931764556e-08 7.33341967958e-08 -6.9376205572e-08 -3.5128445643e-08 2.85732958408e-07 -2.64694025758e-08 -8.72557595228e-12 4.52245030084e-08 -8.34652313585e-08 1.40258698208e-08 5.4199357871e-08 -8.69615955629e-08 1.47339125725e-08 5.45973430194e-08 -7.71783353066e-08 3.22192532732e-08 9.13564763434e-08 -4.42631997029e-07 5.3481289632e-08 1.02810825708e-07 -4.70422982387e-07 5.70471126297e-08 1.11368898529e-07 -9.9935018484e-08 -7.26195430895e-08 4.44080074593e-07 -4.61119900069e-08 6.12059504013e-09 2.91182971807e-08 -2.51822099922e-07 8.93116325706e-09 1.33874590404e-07 -1.52497554954e-07 -3.27245310845e-08 2.1228133088e-07 -1.96126122477e-08 1.26678966986e-09 1.91353406016e-08 -1.79293143938e-08 -2.07665011205e-09 1.89447507757e-08 -1.21394114079e-07 -9.25190400877e-09 2.25508844655e-07 -1.97420712614e-08 1.10723052112e-09 1.91161718483e-08 -1.79381071161e-08 -2.73709680249e-09 1.97611401967e-08 -2.26119692925e-08 2.04965327059e-10 2.42435535496e-08 -2.31227362332e-08 2.33229106522e-10 2.22385836218e-08 -2.18556950635e-08 -7.50736373417e-10 2.39705113006e-08 -2.1783299349e-08 -7.61448074925e-10 2.13267122706e-08 -8.2624065516e-08 -4.39785518456e-08 2.51201573148e-07 -1.85463971613e-07 2.55935060341e-08 1.22452046519e-07 -3.84182385967e-08 1.24374124978e-09 8.54614806294e-08 -4.40406613174e-08 3.65756390686e-09 7.65973520018e-08 -5.90016496888e-08 -3.18608385711e-09 1.51337079115e-07 -3.35870939952e-07 2.35344709283e-08 9.79374751301e-08 -1.41657267223e-07 -1.83745150409e-09 9.58351845709e-08 -3.43625919915e-07 2.46871923531e-08 1.02410195097e-07 -9.86883256556e-08 -2.31740820512e-08 3.23129556265e-07 -9.64999784016e-08 -2.59173260808e-08 3.30693144606e-07 -8.75789845063e-08 -4.72011621648e-10 1.45501694273e-07 -2.41232127908e-07 1.05426541101e-08 1.12489002742e-07 -5.17440851413e-08 2.48803834983e-09 1.09342483363e-07 -5.66612422488e-08 -2.62901307645e-10 1.15270783939e-07 -2.5420153568e-07 3.12713185436e-08 9.20559289954e-08 -7.12686584843e-08 -7.37982135244e-09 1.49280954525e-07 -2.06625746439e-07 2.88975427069e-10 9.07816477826e-08 -8.79654165695e-08 4.06618260475e-09 2.05644089062e-07 -2.09930892759e-07 -8.54680025356e-09 9.67525043595e-08 -8.61911270944e-08 2.79744511625e-09 2.03554718608e-07 -1.80966850422e-07 1.32800066012e-08 5.11798023257e-08 -4.7583014274e-08 -1.4143255807e-08 1.59748607023e-07 -5.14212707284e-08 -1.51660184069e-08 1.73158313382e-07 -1.77787507294e-07 1.26230917969e-08 5.08727318526e-08 -4.22612208657e-08 1.41182309426e-08 2.05302873294e-08 -1.30078132944e-07 5.60711711855e-09 5.16806854192e-08 -3.86259886535e-08 4.06124361261e-09 4.06668151819e-08 -1.62802851092e-08 2.6612304892e-09 1.22406962141e-08 -6.08949505187e-09 -2.7600493849e-09 2.43466045695e-08 -4.65142621503e-08 2.52158605504e-09 3.69502215798e-08 -1.4717997963e-07 2.85642770662e-08 9.81656031478e-08 -1.51927321102e-07 6.01615032093e-09 8.78385334845e-08 -1.49737036396e-07 1.37777226447e-08 9.683027487e-08 -8.56966406601e-08 -1.50837150799e-08 1.71179941171e-07 -9.6406845494e-08 -9.86021353138e-09 1.64510217257e-07 -2.69231488257e-07 7.62539068347e-09 1.3059562507e-07 -4.06054592566e-08 1.28281992285e-10 1.94400882224e-08 -2.70197527055e-07 2.8825697704e-09 1.26262710972e-07 -2.31174705181e-08 2.68931880925e-10 4.97351376841e-08 -1.15197550056e-07 6.57309818475e-09 2.60476092069e-07 -1.28009621998e-07 -7.59611493824e-09 2.5942458409e-07 -2.72130152978e-08 -9.3906483762e-10 4.76098564439e-08 -3.75126300987e-08 2.29845809115e-09 3.20772790663e-08 -3.7040639378e-08 6.90481551349e-09 1.94100229673e-08 -3.63263647982e-08 1.14594129992e-09 3.03258655892e-08 -3.38343231078e-08 -2.40997001581e-09 7.85753879847e-08 -8.01381031146e-08 -1.31857241211e-09 3.79158685181e-08 -7.92397234985e-08 1.88026200331e-09 3.64322598902e-08 -3.77265362513e-08 2.28039633608e-10 7.93320146957e-08 -5.89198221666e-08 -8.25335624053e-10 1.10511449967e-07 -6.53443291408e-08 -5.49176888448e-09 1.32677851034e-07 -1.35894198707e-07 4.61324901766e-09 6.71494771319e-08 -1.35508535668e-07 2.7531161524e-09 6.58581866737e-08 -6.49243730331e-08 -4.56339675225e-09 1.32302232516e-07 -2.94941810518e-08 4.53543929481e-09 2.08203252317e-08 -2.99266367555e-08 3.3362620098e-09 2.08443007889e-08 -1.63452616824e-07 5.76426697673e-09 1.0869151304e-07 -6.32194913539e-08 2.96697701102e-08 6.17352289208e-08 -4.5574911836e-08 3.66429030163e-09 2.07209432307e-08 -1.10032091976e-07 0 1.20364183884e-07 -1.10032091976e-07 0 1.20364183884e-07 -1.10032091976e-07 0 1.20364183884e-07 -1.10032091976e-07 0 1.20364183884e-07 -3.07919511699e-08 3.4556548053e-09 2.30908566868e-08 -9.28039874271e-08 1.54153832563e-08 5.37487289337e-08 -8.96214561389e-08 1.29010687624e-08 5.65200697221e-08 -5.38853352413e-08 -1.85116756842e-08 1.17765880536e-07 -7.2588896012e-08 -9.93829736109e-09 2.82567246783e-08 -2.47902619812e-07 3.82087087878e-08 8.29946654248e-08 -1.03275433032e-07 6.9732323926e-09 4.68250925624e-08 -3.70535366718e-08 3.81114425158e-09 2.7221260299e-08 -1.20324207132e-07 -2.50238558294e-08 1.6531729426e-07 -3.09654858893e-08 -1.05958727537e-08 1.26801264876e-08 -3.10868327133e-08 -9.55581210791e-09 1.28541555197e-08 -1.33007200956e-07 -1.09418495917e-07 4.16368865532e-07 -5.54239090304e-08 -1.75247025775e-08 8.44475140486e-08 -3.98603477672e-08 4.6636736947e-09 4.63569950776e-08 -2.03345510609e-08 2.58349215017e-09 2.83442662637e-08 -1.8221846215e-08 -7.47038235878e-09 2.75902738556e-08 -1.06371616149e-07 -3.38255757686e-08 1.32069172781e-07 -2.66492662416e-07 4.06238351307e-08 8.06961265021e-08 -3.32882694148e-08 4.56404667571e-09 3.04270153057e-08 -3.20326898828e-08 2.82426276052e-09 3.34601852363e-08 -6.23639477116e-08 -2.09036586444e-08 1.24596448657e-07 -1.48007675866e-07 6.90368937514e-09 7.81570650662e-08 -1.53791795792e-07 1.95513719272e-08 1.01478990377e-07 -1.31396309929e-07 2.77086257606e-08 8.04707202883e-08 -1.78009970586e-07 4.74772005234e-08 8.65956761817e-08 -7.59891778239e-08 4.52534134011e-09 4.1576188528e-08 -7.76824671736e-08 3.54985245579e-09 4.41935064974e-08 -1.74310370621e-07 3.09075224247e-08 4.72393567615e-08 -7.22525674998e-08 8.63991823388e-09 5.31099174408e-08 -2.39682218285e-07 3.2133494752e-08 9.10415219327e-08 -1.04085155511e-07 -5.36568972891e-08 2.76935862842e-07 -5.01310767702e-08 -2.56446948537e-08 1.63758103841e-07 -9.57626828622e-08 8.73304137053e-09 1.4659705279e-07 -7.5847028828e-08 -4.13095046823e-08 1.64225603138e-07 -1.0116117565e-07 -1.67707418189e-08 1.50016868506e-07 -5.40136542322e-08 4.11437529634e-09 7.92435226027e-08 -5.16155001797e-08 3.86597615107e-09 7.6466087015e-08 -6.36695696259e-08 -4.48604870548e-10 3.82653301462e-08 -6.78299151492e-08 1.56995020177e-09 4.83510455177e-08 -8.19461583148e-08 3.66586577399e-09 3.87757052984e-08 -4.58826363956e-08 -1.15865645195e-08 1.06867677671e-07 -6.40622371765e-08 9.59078484693e-09 1.85148497645e-08 -6.78412820019e-08 -2.90195360691e-09 3.73207995351e-08 -6.01149069516e-08 -1.34004479675e-08 7.1339765217e-08 -1.76567691563e-08 -1.23648034553e-09 1.89462428922e-08 -1.04640503823e-07 -2.20158874496e-08 2.36213771898e-07 -2.00509750542e-08 3.74841079358e-09 1.97697736892e-08 -9.20177306173e-08 3.74405454353e-08 8.27163429616e-08 -1.78340736552e-08 -1.04910618038e-08 6.14606750311e-08 -3.55411151716e-08 -1.709783376e-08 7.19360407412e-08 -1.34478010319e-07 9.54437210227e-10 1.48411556433e-07 -4.70162319099e-07 8.72434959684e-08 1.58308592835e-07 -2.41747667432e-07 6.20388030228e-08 1.65928352073e-07 -7.43793312176e-08 3.03845199963e-09 7.74818861977e-08 -2.41307867935e-08 3.92032832378e-09 2.64628240226e-08 -1.03582250584e-07 4.53988206002e-09 4.37503898435e-08 -9.56406874145e-08 6.10105776744e-09 8.54356096025e-08 -3.56869314112e-08 -4.06821008429e-09 3.86107586924e-08 -1.28108536876e-07 -1.1596332763e-08 1.77866983889e-07 -7.48450705429e-08 2.9493549726e-08 5.9823244964e-08 -3.76909262082e-08 -1.13449316922e-09 2.67570669243e-08 -3.31188432905e-07 5.19222238336e-08 7.65414942507e-08 -2.3603431692e-08 7.04668425239e-09 3.99440358123e-08 -4.298530565e-08 3.64839570275e-09 2.61007174592e-08 -8.35372990695e-08 7.27481534373e-09 9.73019289057e-08 -6.14240224009e-08 -1.24882451941e-08 1.43607606103e-07 -1.35382958114e-07 1.06953286227e-08 8.84316192273e-08 -1.34655116426e-07 -1.03445462567e-08 6.76497059977e-08 -8.00038647344e-08 1.66908714178e-08 2.93668986691e-08 -1.93284403146e-07 6.7478853966e-08 7.74036399669e-08 -3.08914307897e-08 -1.62321608959e-08 7.82111860246e-08 -2.88772581227e-07 5.66970254784e-08 9.86064857853e-08 -3.56746363966e-08 3.81134966727e-09 3.63424724473e-08 -4.73441330197e-08 3.32018162148e-09 1.62337193066e-07 -2.81304180293e-08 5.76617730567e-09 5.27184611778e-08 -7.12840977987e-08 -2.58672814558e-08 5.73443093944e-08 -1.95462750315e-08 -3.03040852313e-10 2.08412815987e-08 -1.21394062703e-08 -4.89296993076e-09 2.32413093297e-08 -2.79322371747e-08 -2.95314784931e-10 1.96853570573e-08 -1.99285206683e-07 3.43204952392e-08 8.00613568345e-08 -8.11022382092e-08 -3.39068744498e-08 1.94228782491e-07 -8.44215034735e-08 -1.33473026148e-08 1.49890941594e-07 -1.1138142342e-07 2.04047310942e-08 4.20888488111e-08 -2.39460144733e-08 -8.17767533225e-09 4.92764565116e-08 -4.8573217998e-08 -5.87116453445e-09 9.02059004957e-08 -4.30921584661e-08 4.20426906667e-10 1.77448862626e-08 -2.97815701936e-08 7.34564116263e-09 1.41543879899e-08 -1.12395378482e-07 -3.74435384738e-08 2.17109156808e-07 -2.98078007057e-08 1.88850186115e-09 2.74812091933e-08 -2.36146547547e-07 5.14962725986e-08 1.07069286023e-07 -4.13258830052e-08 8.33735957074e-09 3.01337299675e-08 -9.63399015755e-08 -5.66690275235e-11 6.72949796806e-08 -1.59408190158e-07 -4.60903334992e-08 4.16326205423e-07 -4.54212448989e-07 5.36548981212e-08 2.86261036674e-07 -1.93602456392e-07 2.81264702824e-08 6.15205523359e-08 -1.93323374808e-07 2.88374991431e-08 6.31779579008e-08 -1.28425431929e-07 -6.65298672716e-08 3.99144482331e-07 -4.05260869501e-07 6.55027244308e-08 1.34070315593e-07 -3.65937416828e-08 -3.20167810025e-10 2.68436786242e-08 -4.27772862848e-07 5.1428123083e-08 1.57692026042e-07 -1.95974445236e-07 8.36153991136e-08 1.19159415529e-07 -2.50441167917e-08 -8.0968143526e-09 3.83626052228e-08 -6.00986364964e-08 1.186058563e-08 4.1555343608e-08 -1.62888921638e-07 1.44172289767e-08 1.17979437758e-07 -3.26007272289e-08 2.38773329349e-09 2.76428856333e-08 -3.16577433425e-08 -1.07575566451e-09 3.33490974993e-08 -1.92675820088e-07 5.63437482708e-08 7.9900888121e-08 -8.57990929298e-08 -5.71972459295e-08 3.23055619902e-07 -1.43097360421e-07 4.53536306572e-08 7.21189267593e-08 -3.41878140006e-07 5.7933105292e-08 7.80449729585e-08 -3.1305498618e-07 4.83705240396e-08 7.56094699032e-08 -1.33978640239e-07 2.03489069951e-08 7.08558950094e-08 -7.53611972572e-08 -4.69747776843e-08 3.07985146544e-07 -8.53253177736e-08 -5.0654494034e-08 2.84374937871e-07 -3.50813079099e-08 -2.49436953256e-08 1.47869237458e-07 -3.29550629102e-08 -2.72957007187e-08 1.29424655831e-07 -6.25985433498e-08 -4.60325690431e-08 1.50901340798e-07 -7.09720771873e-08 -1.82535167415e-08 1.33555460406e-07 -2.9233762434e-08 -1.63629371987e-08 6.47366798514e-08 -5.12323208091e-08 -4.17439439891e-08 1.29373595118e-07 -3.35445471838e-08 -7.52482465041e-09 6.06079568492e-08 -1.24106641246e-07 8.74862942803e-09 7.7835462125e-08 -4.98481444061e-07 6.25301274524e-08 1.54005751658e-07 -7.44537745522e-08 7.72426667209e-09 5.42755299088e-08 -1.17422560914e-07 8.23393767147e-09 5.50095170056e-08 -1.85263869323e-08 1.90501850597e-10 2.00302521583e-08 -3.6477694664e-07 4.56737746898e-08 1.3130628663e-07 -2.41182588786e-07 3.58793883005e-08 7.9017448287e-08 -1.00173516142e-07 -6.03186798692e-08 2.73996197538e-07 -2.40299691405e-07 3.69775002434e-08 8.56309270609e-08 -1.00385222845e-07 -4.12973410188e-08 2.71992668218e-07 -1.43522970478e-07 1.14599433525e-08 2.07306489733e-07 -2.83578495485e-07 3.93336166651e-08 1.05678743448e-07 -1.64834200885e-07 -8.07222528059e-08 4.88618406637e-07 -8.42947276401e-08 6.93334205731e-09 1.87164640265e-08 -7.03025679017e-08 8.56639078144e-09 5.76149634269e-08 -2.07710991276e-07 3.67869364111e-08 8.05698448953e-08 -1.02119597592e-07 -3.2744693497e-08 2.68528759364e-07 -2.03151493247e-07 -4.48688734486e-08 4.09592109186e-07 -5.4970265223e-08 7.97673617096e-09 2.48420225682e-08 -1.41223375701e-07 -7.06893660396e-08 4.24798113388e-07 -8.1759703602e-08 -3.00908642371e-08 5.97465790493e-08 -6.93274725294e-08 -2.88661856213e-08 1.36844789546e-07 -7.51965975714e-08 -3.74892394743e-08 1.80663900692e-07 -2.91377458171e-08 -1.76736201135e-08 6.3434062032e-08 -9.38434539215e-08 -7.12900154343e-08 3.19298062901e-07 -7.46824177649e-08 -3.64332818709e-08 3.02601906798e-07 -3.21576476934e-08 -1.40427486708e-08 1.28577052944e-07 -4.607203815e-08 -1.21922010091e-08 3.60704760496e-08 -4.52422319579e-08 -8.15791105308e-09 2.76504830418e-08 -5.67787753624e-08 9.38392404713e-09 4.53279674319e-08 -3.31455210214e-08 1.46588045607e-09 3.05189000287e-08 -1.36457872072e-07 -6.56343427905e-08 4.24158036305e-07 -2.73394812666e-08 -4.25536317725e-09 4.35346272525e-08 -3.41541809305e-08 -1.5697731519e-08 5.96320667213e-08 -4.45839832818e-08 -1.34197973335e-08 5.93207539888e-08 -7.10508765887e-08 -8.66246525577e-09 6.57338974393e-08 -1.51891269405e-07 -8.19739484457e-08 3.67455231806e-07 -3.66946222606e-07 7.09395177183e-08 1.38936872065e-07 -1.45415068642e-07 -6.75976667806e-08 3.65873234722e-07 -3.6790931433e-07 8.09409228731e-08 1.55402496546e-07 -6.85700271663e-08 -3.85822828758e-08 1.65591568943e-07 -5.02020877627e-08 -3.58776494196e-08 1.65387195392e-07 -2.30768986616e-08 5.94618164773e-09 1.44690593102e-08 -3.10837637707e-08 -2.10286721823e-08 9.15581515976e-08 -8.6716507809e-08 1.66065629506e-08 3.04475838358e-08 -1.67093909246e-07 3.43702319888e-08 6.25782898271e-08 -3.56879963388e-08 -1.78064084454e-08 9.04506145996e-08 -8.71206594126e-08 2.23460419498e-08 2.74028463222e-08 -1.67733720683e-07 3.83995716376e-08 6.7958186029e-08 -7.84139728457e-08 -5.64336716929e-08 1.92745101214e-07 -1.14695258812e-07 -7.33974711262e-08 3.96413966482e-07 -7.7700912608e-08 -5.53011293601e-08 1.81331453724e-07 -1.35490449207e-07 -7.16445051334e-09 9.85592620034e-08 -8.58329262402e-08 2.69455391104e-09 6.77173884188e-08 -3.73157786213e-08 -1.18275256013e-08 2.01870346316e-08 -4.53776453645e-08 -1.19077070897e-08 2.08094114927e-08 -8.2373790429e-08 -9.41471512246e-10 9.700575476e-08 -4.43834523934e-08 2.43743591063e-09 3.57340204177e-08 -4.53997930494e-07 6.90501914078e-08 1.09168185053e-07 -1.10416984221e-07 1.52928308348e-08 4.43727962394e-08 -2.28916655155e-07 8.47223211604e-08 1.14429603432e-07 -4.42924858932e-08 7.7965846944e-09 8.15770813351e-08 -9.43173092379e-08 -8.77253795515e-09 8.70319162042e-08 -4.21363113678e-08 -1.48265568298e-08 1.04653152262e-07 -2.39490937911e-08 4.64000532737e-10 2.3232075005e-08 -4.21017843377e-07 6.47347044653e-08 1.41554066066e-07 -2.32862875876e-08 -1.71719958866e-09 2.27524384195e-08 -9.41544739675e-08 -7.26380747955e-09 5.66110288843e-08 -1.3933743778e-07 3.87642174576e-08 5.76733349264e-08 -6.50800724122e-08 1.69089883262e-08 2.79694172788e-08 -6.4848998617e-08 9.13513188112e-09 3.31737878559e-08 -6.68079262031e-08 1.71245257611e-08 2.96256271134e-08 -8.39167703576e-08 6.08083337182e-09 8.84262568315e-08 -5.51137161336e-08 -1.04988061953e-08 8.04908997533e-08 -4.18703270434e-07 7.50861301734e-08 1.86838460954e-07 -4.20815363632e-07 5.13727022126e-08 1.57811100436e-07 -1.5613783877e-07 -7.02853303589e-08 4.35249507545e-07 -6.7898149098e-08 1.14953596243e-08 8.17224151244e-08 -9.5081686722e-08 -7.01025690522e-08 2.13730782717e-07 -6.86239102211e-08 -3.73687110297e-08 1.56557556299e-07 -5.96558114673e-08 -5.1056318672e-08 1.53652208561e-07 -2.79719655059e-08 -1.82867494074e-08 5.44664487501e-08 -5.82505740241e-08 -4.42886031602e-08 1.24739624464e-07 -2.63252723834e-08 -2.10346690142e-08 6.42809619747e-08 -6.61783297494e-08 -4.04818788266e-08 2.63728717831e-07 -7.7758653529e-08 -4.47013254989e-08 2.85850863646e-07 -7.80006299584e-08 -3.91154286226e-08 2.43286557048e-07 -5.95115955408e-08 -4.09574026845e-08 2.34423374384e-07 -2.96482697228e-08 -1.4666368438e-08 8.31964956344e-08 -2.88839376422e-08 -1.59184002309e-08 1.09251771563e-07 -2.48530590948e-08 -7.81001432123e-09 9.87866450251e-08 -1.57869283059e-07 -6.36871844905e-09 8.17644597884e-08 -3.63752139348e-07 6.30192236731e-08 9.97048107385e-08 -2.25732843936e-08 4.92194939842e-10 2.51739634595e-08 -1.37944072035e-07 3.24196141666e-08 6.78417274014e-08 -1.44560432609e-07 4.70333593446e-08 8.57875205105e-08 -2.79401755536e-07 4.90694839863e-08 6.49970937558e-08 -1.34584576007e-07 2.58819724237e-08 3.08624042869e-08 -1.45996809529e-07 2.64928454566e-08 3.41578083984e-08 -1.28577158286e-07 1.5526483494e-08 3.20549550277e-08 -2.64118671403e-07 3.55993156159e-08 1.07198519146e-07 -3.04063738604e-07 3.94403017754e-08 7.30766066934e-08 -3.46232120448e-07 6.70562712588e-08 8.25352831393e-08 -2.04874875395e-08 -1.73626744648e-09 2.44546430424e-08 -3.96222889637e-08 1.26585604271e-08 1.52268909081e-08 -3.94746074743e-08 7.54883558684e-09 1.58384211918e-08 -5.23915730807e-08 -2.97323233581e-08 1.55734815579e-07 -4.1690468962e-08 -3.58505643954e-08 1.87963240048e-07 -1.36956774459e-08 -6.75338389723e-09 3.74933865165e-08 -1.26962721852e-08 -1.20828529956e-08 3.7630962849e-08 -9.36159203199e-08 -6.2365862403e-08 3.24324337529e-07 -5.29564076285e-08 -1.08748459719e-08 5.30882349499e-08 -5.18835285352e-08 -9.40991368926e-09 4.78605372959e-08 -3.01337595038e-08 -1.02966772162e-08 4.30235459611e-08 -1.68422583134e-08 -1.42450515825e-08 7.76777488528e-08 -3.46636703036e-08 -5.52629574045e-10 4.19327861178e-08 -1.67992852612e-08 -7.51726861962e-10 1.88891121513e-08 -1.80647554613e-08 -7.50271138579e-10 1.75466772658e-08 -7.29049592417e-08 9.61889627372e-09 2.1804283938e-08 -1.05737194276e-07 -5.51863106691e-08 3.26860172319e-07 -2.89900942073e-08 -3.5697475875e-09 2.59311303356e-08 -1.81960683166e-07 6.29257899418e-08 7.68463841045e-08 -2.09579362216e-08 -1.97652741927e-09 1.26360108229e-08 -1.98097830065e-07 5.89908403754e-08 9.28488293782e-08 -1.43525004714e-07 7.15757189769e-09 8.24604697028e-08 -5.54231266985e-08 -4.97629101063e-08 2.56416949799e-07 -6.23967238543e-08 -1.57755133577e-09 7.72894171215e-08 -3.17283952325e-08 -5.15890734917e-09 4.39117812121e-08 -7.24743472718e-08 -2.30155247626e-08 8.71137356703e-08 -1.11349980179e-08 -6.17880168538e-09 4.14703055416e-08 -1.29935976813e-08 -7.02617559234e-09 4.53506097063e-08 -8.92213948029e-08 -5.86943388464e-08 1.95680095796e-07 -8.84615284741e-08 2.50614646229e-08 4.64708260783e-08 -1.56334056394e-08 -1.09078109121e-08 3.63627274538e-08 -7.17347936888e-08 -4.6239311911e-08 1.50785401069e-07 -3.84329029666e-08 -1.17667258966e-08 7.39882675671e-08 -3.67540611627e-08 -2.11285283745e-08 7.23758630894e-08 -2.44258145848e-07 5.24478687736e-08 1.32844231308e-07 -3.32383525859e-08 -1.56578694573e-08 6.88214078097e-08 -4.53183527031e-08 -2.44305128275e-08 8.75285915337e-08 -7.53834688149e-08 -5.94813724918e-08 3.35241885905e-07 -3.73830631915e-08 -3.14532294163e-08 1.63206586845e-07 -3.81375908931e-08 -3.1124948096e-08 1.78020635918e-07 -1.06721646692e-07 -3.35868597168e-08 2.06217696727e-07 -1.83277602416e-08 -1.47002116191e-08 3.90221266806e-08 -2.92601696913e-08 -1.29928379776e-09 3.51631999697e-08 -1.9824222719e-08 -4.75319046754e-09 9.71654897924e-09 -4.48835259869e-08 -3.68090315126e-08 1.02041254127e-07 -5.7614113032e-08 -4.08384006333e-08 1.11974974946e-07 -4.07299368871e-07 1.2852764915e-07 1.42196994376e-07 -3.56957915709e-08 -2.46194689537e-08 8.13350527843e-08 -4.41744344236e-08 -2.41047540095e-08 7.39048944082e-08 -8.3413132734e-08 -4.86635984471e-08 1.51134214662e-07 -1.18108637264e-07 -7.63864705653e-08 3.98346641301e-07 -5.02477622145e-07 1.05781869071e-07 1.20643115418e-07 -1.65364647033e-08 -8.09651740389e-09 3.22486593935e-08 -2.03533982901e-08 -7.12159468966e-09 2.81291373774e-08 -3.21428659796e-08 -1.97322689798e-09 3.18307534389e-08 -8.36780536916e-08 -4.83683097647e-08 1.40505394545e-07 -3.60459264267e-07 3.2637074248e-08 1.85022245329e-07 -2.44779202901e-08 -1.60762836166e-08 7.9514349461e-08 -1.39133371147e-07 -1.037992835e-07 4.52297301842e-07 -7.13568412781e-08 8.12983238239e-09 6.61466547669e-08 -3.21436583137e-08 -5.44293924174e-10 3.07578559279e-08 -1.69548525946e-08 -1.43506156484e-08 5.84605111279e-08 -1.15764354672e-07 -9.28518851191e-08 3.38956366559e-07 -1.16892363757e-07 -1.06772786511e-09 9.13921064624e-08 -1.10032091976e-07 0 1.20364183884e-07 -1.10032091976e-07 0 1.20364183884e-07 -1.47584744221e-07 -3.37952297431e-08 2.65933077144e-07 -4.45606290523e-08 -1.89455929786e-08 4.32625163628e-08 -2.23909919781e-08 8.12041109009e-09 1.13237151003e-08 -2.70596847903e-08 8.15416220842e-09 1.34707546031e-08 -8.9161822255e-08 1.4142197679e-08 7.51510087696e-08 -1.79562242785e-07 4.58407902236e-08 8.21615432334e-08 -4.62910651205e-07 5.32149678133e-08 1.82346504612e-07 -2.47677702676e-07 3.59832180155e-08 1.04752148082e-07 -3.75953996409e-07 6.29010020716e-08 1.21421566292e-07 -1.86455790706e-08 1.32405173285e-09 2.95715419934e-08 -6.03294994673e-08 -4.77554006913e-08 2.37473910035e-07 -5.65904474923e-08 -4.24028208543e-08 2.42740904816e-07 -7.70458216067e-08 1.93459965905e-08 3.78439962586e-08 -1.89643413264e-07 -1.09387193301e-07 5.23101762012e-07 -5.14159134744e-08 1.07389152341e-08 1.70033239003e-08 -4.82950464613e-08 9.72237844002e-09 1.36638953898e-08 -2.18740760119e-07 2.98084786863e-08 1.17292108989e-07 -1.94435137835e-08 -1.03402387479e-08 5.1453289951e-08 -7.72265377931e-08 -6.81981498401e-08 2.02680149504e-07 -3.70569316742e-08 7.89277472682e-09 2.16374061066e-08 -1.12566111757e-07 -7.33007813598e-08 4.59434848365e-07 -4.20804071262e-07 3.85773157667e-08 1.7533617962e-07 -1.52805119967e-07 -1.09145145525e-07 4.01922189009e-07 -2.42043356483e-07 6.70977699474e-08 1.03071165427e-07 -1.69000958178e-07 5.07002470715e-08 1.32493257649e-07 -5.34082295429e-08 -3.22537223722e-08 9.98869017375e-08 -5.07427564224e-08 -3.75501687258e-08 1.192276976e-07 -6.270613362e-08 -4.84363150938e-08 1.87100496553e-07 -1.07641364746e-07 -8.19744334571e-08 3.00770767362e-07 -3.59041773244e-07 7.39277402362e-08 9.56776422759e-08 -1.6566479388e-07 2.97022736921e-08 4.92214166927e-08 -2.87818098199e-07 5.99027864454e-08 7.85769266753e-08 -1.6306441236e-07 2.90923917823e-08 4.76071577696e-08 -2.13452457692e-07 3.90379889154e-08 6.06206010302e-08 -2.15593900346e-07 3.69044523015e-08 6.70066754462e-08 -7.45784782765e-08 1.6131766862e-08 2.26154297446e-08 -7.44712865023e-08 1.40263464056e-08 2.2215282707e-08 -7.01826731341e-08 7.89644996925e-09 2.9869926635e-08 -1.14291705737e-07 1.97029604298e-09 1.8979788309e-07 -2.10770787845e-08 -7.2439948074e-09 4.08935839199e-08 -2.49515011844e-08 -6.87691382078e-09 4.77994642183e-08 -1.81746590638e-07 2.02116176062e-08 9.99701846549e-08 -4.4915591407e-07 4.63702321059e-08 1.65862657473e-07 -1.64802546039e-07 4.44387730952e-08 5.99343955507e-08 -1.49450667821e-07 -1.13926592053e-07 4.3610443693e-07 -9.44141874787e-08 3.38292689214e-08 7.25969614704e-08 -6.76169304078e-08 -2.75795309344e-08 1.02435911752e-07 -5.09177570216e-08 -3.37331945181e-09 3.21189169182e-08 -9.99010833036e-08 -6.50910467214e-08 2.50747215645e-07 -3.83658979147e-08 -2.98966110534e-08 1.08718560407e-07 -1.79049558904e-07 -1.01376570329e-07 4.78834556125e-07 -2.10361361503e-07 -1.21879170325e-08 4.47246826865e-07 -1.0990843226e-07 2.04832356755e-08 3.5426727353e-08 -2.99654805165e-07 6.30896811252e-08 1.40368639759e-07 -3.54287717149e-08 6.6179739317e-09 2.15365421119e-08 -2.77466333806e-08 -6.43578751135e-09 2.48760426011e-08 -1.175229771e-07 3.21125643686e-08 4.10216863878e-08 -1.17120129472e-07 3.38002158907e-08 4.06339352405e-08 -2.44138934949e-07 5.92779029537e-08 7.9254428278e-08 -7.08205657256e-08 1.82435226537e-08 2.71872905536e-08 -1.21248881148e-07 -5.9248560617e-08 2.93497036285e-07 -8.31719126942e-08 -4.2745681975e-08 2.39018455782e-07 -2.43309271956e-07 4.08309249433e-08 8.32796110672e-08 -6.18640543217e-08 2.0847152449e-09 8.29358471221e-08 -1.55006651778e-07 -3.4572802392e-08 3.92234335065e-07 -5.49642718918e-08 8.44831264079e-09 2.77587027164e-08 -3.33908123932e-07 3.04291059959e-08 1.96678609707e-07 -1.98745344149e-07 -2.78705714817e-08 3.30697764488e-07 -3.36203499703e-08 2.9648489033e-09 5.13082096379e-08 -5.30588113435e-08 -7.26250356624e-09 3.56540393636e-08 -5.14131905785e-07 8.50903918434e-08 1.94892896507e-07 -1.37679271682e-07 1.22160808516e-08 8.10208712843e-08 -2.34030979137e-07 3.59720326536e-08 1.15072914879e-07 -8.14373351393e-08 -1.15040374052e-08 1.3692722593e-07 -1.20761641896e-07 -3.25472794176e-08 2.46413602318e-07 -2.37725499517e-07 4.22647376195e-08 5.42655401851e-08 -2.45146858819e-07 4.16754887261e-08 5.65830024244e-08 -1.0116976792e-07 8.68333177787e-09 1.38557119608e-07 -1.63125727009e-07 3.53900390934e-08 5.1434557223e-08 -2.19388149145e-08 4.74355040616e-09 2.62506745504e-08 -3.32937769815e-08 2.3836128684e-09 4.8430672509e-08 -5.5833642278e-08 -3.31660391501e-08 1.64483049621e-07 -1.19799628636e-07 -1.70146370287e-08 8.0950423846e-08 -5.01594157454e-08 1.35190418529e-08 2.5084356479e-08 -4.39787204321e-08 1.07494528177e-08 2.63758819911e-08 -4.00803157599e-07 9.23094216507e-08 1.65767443342e-07 -1.49892741096e-07 3.4134417966e-08 7.73752760064e-08 -5.70381251294e-08 1.32973135392e-08 2.81036953567e-08 -1.56759105366e-07 4.41851275526e-08 9.07730783069e-08 -5.9037951662e-08 1.50020543699e-08 3.42211305933e-08 -2.1241804255e-07 5.18109356714e-08 1.38775068149e-07 -2.46752607092e-07 7.07675600625e-08 1.03553179442e-07 -1.11584838289e-07 3.42027411689e-08 6.61538526379e-08 -1.11512162287e-07 3.55101601571e-08 6.66222769683e-08 -1.33508448906e-07 4.3582367458e-08 5.93778226709e-08 -1.38414416949e-07 4.16816926551e-08 6.04427618968e-08 -4.61366672474e-07 9.50584743953e-08 1.54310749812e-07 -2.24891341971e-08 -3.35686910492e-09 1.93600965551e-08 -8.1593920654e-08 -2.38464562983e-08 2.0851398833e-07 -3.79389126782e-07 8.29928217117e-08 1.22582987842e-07 -1.22635350423e-07 -8.26909615862e-08 3.82766209711e-07 -7.94243341251e-08 2.11192050195e-08 1.05553070404e-07 -1.08557239508e-07 2.5566952261e-08 5.28383269122e-08 -1.23583210267e-07 3.52459986293e-08 5.45047976128e-08 -5.38499363952e-08 5.69923046265e-09 6.67675224562e-08 -1.01157645523e-07 -2.25923449905e-08 1.66450676553e-07 -1.0650930393e-07 2.24031606633e-08 4.03351451611e-08 -1.30714882864e-07 -4.61661563402e-08 3.37116282396e-07 -7.34592442868e-08 1.56512532454e-08 1.90062552328e-08 -6.92467600338e-08 1.29760019185e-08 2.15110502302e-08 -2.79042404891e-07 5.26077711555e-08 6.46226826325e-08 -3.00426937961e-07 5.11514730284e-08 8.06258231819e-08 -1.04715721471e-07 1.8456578947e-08 2.43627986303e-08 -1.15367039847e-07 1.82895711977e-08 3.10043673652e-08 -3.48824452662e-07 6.87256728482e-08 9.08269781385e-08 -4.18948153549e-07 8.97844748247e-08 1.05578057486e-07 -1.83402634143e-07 3.55387450736e-08 5.05051195192e-08 -1.80548904086e-07 3.57568064539e-08 5.01510349117e-08 -2.55870880402e-07 4.88447048178e-08 6.28642013317e-08 -2.66552126812e-07 5.25649984097e-08 6.32594061268e-08 -1.45142849073e-07 1.64786110096e-08 7.64711310102e-08 -3.73274126251e-08 -1.99370056919e-08 1.04022535769e-07 -3.69585382574e-08 1.32511606018e-08 1.84955229895e-08 -2.59904420281e-08 9.23360455769e-09 2.00203824096e-08 -5.26401425644e-07 1.16477215628e-07 1.66530109418e-07 -6.40002343715e-08 3.97621752892e-09 3.6768974523e-08 -4.13352181176e-08 6.65516951495e-09 2.32917207833e-08 -1.63779341918e-07 5.45468708253e-08 6.60181527559e-08 -6.72270663602e-08 2.07187101158e-08 2.81833267347e-08 -4.79732769419e-08 1.86194780117e-08 2.47689542464e-08 -1.46576197902e-07 5.09469341956e-08 7.19948386725e-08 -7.32218012451e-08 2.44772842507e-08 3.75950860049e-08 -7.50686549293e-08 2.52101066804e-08 3.78525895402e-08 -1.13582176385e-07 4.93742068554e-08 5.3761045462e-08 -2.56667178446e-07 5.24211201439e-08 9.61030169285e-08 -1.91748189483e-07 6.71905756236e-08 1.09702776529e-07 -3.90919089258e-08 -3.02486569881e-09 6.44216071157e-08 -9.18253740975e-08 -4.93357493441e-08 2.55022326047e-07 -1.38786292694e-07 1.4709629538e-08 6.7640389834e-08 -1.44850906815e-07 -6.48538410266e-08 4.60009649772e-07 -2.64261611355e-08 2.98020454638e-08 5.87950370449e-08 -5.32006471165e-08 -3.76224148213e-08 4.09962774413e-08 -2.88766075912e-07 -6.43774606144e-08 5.56003581947e-07 -1.20232884162e-07 2.38177550879e-08 6.52480837849e-08 -1.12953838268e-07 1.40778172103e-08 6.56481438288e-08 -3.03997796708e-08 -9.52037352034e-09 7.90656657437e-08 -6.34925754038e-08 -1.10792536349e-08 6.77392971974e-08 -2.32236393689e-07 -6.9835123415e-08 5.22787884308e-07 -1.49121598993e-08 -3.13842392663e-09 2.8421187419e-08 -1.28886234441e-07 -1.12563543356e-07 4.30508115569e-07 -2.1265444323e-08 -1.53672031447e-09 2.24299817876e-08 -2.41837304653e-07 6.15387659364e-08 1.06018847136e-07 -3.33787642689e-07 8.36757284059e-08 1.14234921159e-07 -1.12016700072e-07 -8.27132538884e-08 3.30501382181e-07 -1.15433040006e-08 -3.82406742003e-09 1.84532289227e-08 -1.15347169155e-07 -6.63034755311e-08 2.69850901462e-07 -4.46137781655e-07 8.65990783413e-08 1.18046142451e-07 -1.27058515258e-07 -8.26328983455e-08 4.4873792623e-07 -9.23988960279e-09 -2.10516646106e-09 2.69945701931e-08 -1.37466592654e-07 3.62942696879e-08 4.48920404672e-08 -2.37687843426e-08 4.03016870084e-09 2.46519285183e-08 -8.91507791347e-08 -7.74523953936e-08 2.35101316512e-07 -9.46951048279e-08 -6.43171423334e-09 1.24869590346e-07 -4.6539029518e-08 -3.5786630186e-08 1.36563282689e-07 -2.80331086754e-08 -4.99119002085e-09 3.84104291561e-08 -9.87529595685e-08 -1.20380023302e-08 8.62579891974e-08 -8.30221085357e-08 1.74759920743e-08 6.62057028253e-08 -1.74011148539e-07 -1.11778779683e-07 4.50774945484e-07 -7.75673080694e-08 -2.86243489984e-08 8.08382099234e-08 -5.27257646785e-07 1.32450895626e-07 1.76165673902e-07 -3.03497633249e-08 5.08765148909e-09 1.26715034236e-08 -2.91087139296e-08 3.75574210862e-09 1.27861021056e-08 -6.4032832698e-08 1.50264875543e-08 2.60787044336e-08 -1.47932326429e-07 -2.84296167651e-08 2.78408675121e-07 -4.69874013399e-07 1.14459465482e-07 1.19106567254e-07 -1.83997425918e-08 5.07032343002e-09 9.14119767462e-09 -1.72547100363e-08 4.14589722212e-09 9.60994533047e-09 -2.37029957959e-07 5.82568883904e-08 1.14634708454e-07 -4.72627302906e-08 1.11172770289e-08 4.95201649558e-08 -2.37943746385e-08 -7.6431225113e-09 3.57394231252e-08 -3.45135534043e-07 7.158030545e-08 1.31467144875e-07 -4.95953413976e-08 -1.44831124075e-08 5.04220751082e-08 -3.20471807764e-07 6.63585109654e-08 1.28182823624e-07 -5.36626124828e-07 1.03330731724e-07 2.21204383414e-07 -9.40367660083e-08 6.20322545678e-09 8.72700837712e-08 -2.11649587627e-08 -1.75504850096e-08 6.42277538761e-08 -3.42708699259e-08 3.25368718595e-09 2.48832383613e-08 -1.9562035795e-07 -4.25789737822e-08 4.79412551413e-07 -1.06399555693e-07 -1.09023883574e-08 7.28204282049e-08 -7.98981791033e-08 -1.85592377175e-08 1.19983082524e-07 -1.37475725884e-07 -8.11947172512e-08 3.19206545849e-07 -1.39284687119e-07 -5.22321107275e-08 3.53248919722e-07 -1.96866433034e-07 -1.1895916083e-07 5.52545758412e-07 -2.62767744612e-08 -5.45818636084e-09 3.25960479932e-08 -2.73156790781e-08 5.30006785752e-09 1.95761166846e-08 -1.26414470606e-07 -3.87950480195e-08 1.17888145699e-07 -3.90047441092e-07 7.92221267187e-08 1.54486528165e-07 -3.37782788972e-07 7.21487562213e-08 1.24152848067e-07 -5.52039698695e-08 5.63448782875e-09 3.84324388973e-08 -1.23552486381e-07 -6.10102197159e-08 3.63997880737e-07 -2.12621891114e-07 -1.10570801376e-07 5.43004905178e-07 -1.08109815866e-07 -8.2031704732e-08 2.77213673241e-07 -5.08548531992e-07 0 2.86259123205e-08 -5.1037887648e-07 0 2.59465218016e-08 -2.14780840563e-08 7.99100105581e-10 1.94518591341e-08 -1.95244649728e-08 -1.20476034243e-09 2.05290316231e-08 -1.6299917949e-07 2.47728730611e-08 6.89584928889e-08 -2.88414069993e-08 0 5.06498851977e-07 -3.04706448032e-08 0 4.74882549748e-07 -2.09314182746e-08 9.67772455101e-10 1.81835596814e-08 -1.8312456479e-08 -1.08655797862e-09 2.03250460596e-08 -3.37760809484e-07 7.44678268327e-08 1.24842080751e-07 -1.19933271241e-07 1.04782703886e-08 8.53561804947e-08 -3.87261808852e-08 -6.48351474575e-09 5.11272204602e-08 -6.84518941348e-08 -2.40580970809e-08 1.6448855962e-07 -3.55222931705e-07 6.25682939588e-08 1.44889648531e-07 -2.03317577994e-07 -5.32441476127e-08 4.50768354341e-07 -1.55079948391e-07 -4.47278880742e-08 3.23150414701e-07 -2.29391919354e-07 1.25453496482e-08 1.10478623173e-07 -1.44264541164e-07 -7.99777216808e-08 3.66042565034e-07 -3.28235658191e-07 4.55033176013e-08 1.60555311691e-07 -6.7269874929e-08 -1.24952900126e-08 1.39999715882e-07 -7.61600544528e-08 -2.23306604791e-08 1.56985356384e-07 -1.11147806395e-07 -9.52151012601e-09 2.28924500897e-07 -1.20582702345e-07 -4.04015358147e-08 2.88510572104e-07 -1.57742305239e-07 -3.62827779423e-08 3.35171645836e-07 -4.98067504026e-08 -5.47444647724e-09 1.03370309222e-07 -5.00620941418e-08 -3.18406956857e-08 1.40787717799e-07 -4.44127594762e-07 7.96893205948e-08 1.79814750425e-07 -3.17853218814e-08 -1.07821228534e-08 6.20614847103e-08 -2.48354880706e-08 -1.1890781959e-08 5.72250635392e-08 -4.04510232835e-07 7.91905842925e-08 1.41133101498e-07 -6.0868831708e-07 1.11383961194e-07 2.67904230525e-07 -1.45532555914e-08 -2.79821579845e-09 2.31157869468e-08 -2.16136519343e-07 1.46936793853e-39 1.84731134149e-08 -2.07132315789e-07 2.20405190779e-39 1.53604589022e-08 -2.19447864626e-08 1.12255320141e-09 1.41344287346e-08 -1.5280136813e-08 0 2.17346324159e-07 -1.99129079495e-07 1.06922099773e-08 4.29167054329e-08 -1.50833565937e-07 -3.32020258605e-08 1.2854924363e-07 -1.28495030867e-07 -4.51114865623e-08 8.56787992206e-08 -2.4140722768e-07 -1.16747781103e-07 5.85671649726e-07 -1.34234513055e-07 4.68059461261e-08 1.66829803056e-07 -1.58565795237e-07 -9.97873996167e-08 3.99256051608e-07 -3.80066689784e-07 7.43561589652e-08 1.46174526129e-07 -3.79458994068e-07 6.01411528732e-08 1.65432940641e-07 -2.26793547494e-08 -5.89458367333e-10 2.3991738666e-08 -2.23465348253e-08 2.96250325796e-10 2.14811924572e-08 -2.26873920135e-08 -9.86227593698e-10 2.40562929317e-08 -2.34531161956e-08 5.32839847722e-10 2.23786626546e-08 -5.0469395508e-07 1.50256647506e-08 1.21810636376e-07 -5.04090498306e-07 1.06313762057e-08 9.36192899329e-08 -9.41876128599e-08 -1.96569624274e-08 4.82532960628e-07 -1.02174850378e-07 -1.65207810056e-08 5.04136504074e-07 -1.61896955407e-07 -5.95493919798e-08 3.82849878883e-07 -8.35100452561e-08 -8.64333935856e-09 1.05942222325e-07 -2.08178993763e-08 4.57335651897e-09 1.50081382746e-08 -2.08902590793e-07 2.84102147448e-09 2.231385633e-08 -1.38873471437e-08 -4.41952854745e-09 2.06167725887e-08 -4.90974470473e-08 -1.2999813803e-08 2.1066894069e-07 -4.22383198003e-07 9.52265755411e-08 1.59240126525e-07 -1.35004197628e-07 -8.85862306436e-08 4.02769989252e-07 -5.08683147216e-08 -2.11151773758e-08 1.1678411017e-07 -1.18651539211e-07 -5.3747057318e-08 2.81621599761e-07 -1.47683770969e-07 -3.94106859281e-08 2.99083659747e-07 -6.22491853984e-08 -1.74712124725e-08 1.24280672025e-07 -1.22411535884e-07 4.82561579686e-08 1.49522483385e-07 -1.82617785093e-07 1.08460098535e-08 8.58541211468e-08 -1.93650690967e-07 1.87691441724e-08 9.13804646943e-08 -1.09379917932e-07 -6.6994933203e-08 2.93619862864e-07 -9.30964163797e-08 -3.39117176971e-08 2.06905454326e-07 -1.08193415779e-07 -3.7926502459e-08 2.42414272619e-07 -1.53310348509e-07 -6.51178958848e-08 3.71842394607e-07 -5.45579122985e-08 1.1915688722e-08 2.06754545466e-08 -5.50837149297e-08 9.96268816964e-09 2.49175323991e-08 -1.7492572076e-07 -5.73241311377e-08 3.98489887528e-07 -3.25699083411e-07 5.11662843735e-08 1.48591465341e-07 -2.80776511109e-07 5.74115515637e-08 1.18099056407e-07 -1.23702591489e-07 1.81029977477e-08 6.36774308899e-08 -1.19541227967e-07 2.42579113719e-08 5.02177780228e-08 -1.58161195757e-07 2.45779068923e-08 7.53750820064e-08 -1.56835004391e-07 2.53026005434e-08 7.1071445312e-08 -2.79496292619e-07 3.69767483468e-08 1.24728673516e-07 -1.23383001921e-07 1.68011408375e-08 5.55792240671e-08 -1.05187937376e-07 7.34992082991e-09 5.00854191951e-08 -3.7780183786e-07 6.1955934247e-08 1.50210624879e-07 -2.96824041398e-07 4.24462310085e-08 1.48098089927e-07 -1.68811616653e-07 -8.70171502619e-08 4.67068833503e-07 -5.09299097161e-07 8.27374060403e-08 2.31898726257e-07 -6.68902925693e-08 -3.02513060047e-08 1.92916087684e-07 -7.98605548606e-08 -5.11332519181e-08 2.30301811187e-07 -1.45762763772e-07 -7.83414987118e-08 4.14644006483e-07 -1.16270797405e-07 -7.40502345517e-08 3.11589299473e-07 -1.4780929703e-07 -5.11842146799e-08 3.15223351418e-07 -4.30309390268e-08 -2.74843438668e-08 1.12934840632e-07 -5.42745627475e-08 -1.15390328868e-08 1.03963344207e-07 -1.61212833542e-07 -6.39635693085e-08 3.91952063577e-07 -3.08431333363e-08 -1.04013138913e-08 7.2133934575e-08 -2.90039730819e-08 -1.09733125145e-08 6.87168674068e-08 -1.47672552873e-07 -6.37038032667e-08 3.70058494281e-07 -7.44480656959e-08 -2.69024574781e-08 1.82776813066e-07 -8.31030703234e-08 -2.88229186449e-08 1.87105412387e-07 -1.76497152033e-07 -1.06230106604e-07 4.74046562337e-07 -2.09109509949e-08 3.22688685808e-09 1.36646988121e-08 -1.54943884741e-08 -3.92390451909e-09 2.17253610016e-08 -2.28950527976e-08 3.18248521845e-09 1.41620648099e-08 -1.17781020689e-07 -1.9870013455e-08 3.71922979493e-07 -3.66016438995e-07 1.67128771642e-08 1.06686046242e-07 -3.66385595319e-07 1.15067416372e-08 7.80445292437e-08 -8.24070430793e-08 -1.05307584845e-08 3.48136999406e-07 -1.4165401425e-08 -3.44348069821e-09 2.19823940699e-08 -3.93942249443e-08 0 5.55466744138e-08 -8.2947677305e-08 -3.75855881144e-08 2.33977110704e-07 -1.04730405893e-07 -3.8158128578e-08 2.4440791051e-07 -1.95356112926e-08 2.64437234387e-09 1.39185253865e-08 -6.13082473386e-08 0 3.97596751984e-08 -1.39429044197e-08 -3.41616655171e-09 1.94304505757e-08 -2.25906640046e-08 -4.33955844156e-10 2.32912519463e-08 -2.3608486348e-08 1.53707378454e-10 2.33629819125e-08 -4.93896480947e-07 0 4.21354169109e-08 -4.17926126663e-08 0 4.99715196868e-07 -5.37841093492e-07 1.28413717847e-07 2.43328588418e-07 -1.78067890336e-08 -9.15135882253e-09 4.16111710589e-08 -1.89224754539e-08 -5.34440169554e-09 3.88038397709e-08 -4.16284749656e-07 5.24590631127e-08 1.99420699981e-07 -1.58518275097e-07 -1.12210751254e-07 4.6549955294e-07 -1.95632641422e-07 4.22156931909e-08 6.64712692521e-08 -1.96950154224e-07 4.29107786805e-08 6.69117240064e-08 -3.78932353168e-07 7.29787873949e-08 1.36774244272e-07 -4.15375644344e-07 7.42246770425e-08 1.43176558125e-07 -2.27486099111e-07 -6.44806809828e-08 4.666627709e-07 -3.02119626331e-07 4.36654433784e-08 1.36651808575e-07 -2.95142614244e-07 6.96007279721e-08 1.03662596021e-07 -1.12314900881e-07 1.67663565774e-08 5.32951628822e-08 -1.08245308746e-07 2.69680928616e-08 3.96998439899e-08 -3.87915675675e-07 7.77336409449e-08 1.52789544526e-07 -7.59088094096e-08 1.2322002186e-08 2.23040357052e-08 -7.87645776948e-08 1.12356272741e-08 2.92832163428e-08 -4.95750028864e-07 8.93649214175e-08 2.20056109236e-07 -2.31746888342e-07 3.9306205461e-08 1.05313645089e-07 -2.27008088957e-07 3.91262006257e-08 1.00682189841e-07 -3.1248816124e-08 5.53934914052e-09 1.30014337478e-08 -3.82211463525e-08 8.88131475594e-09 1.53909252994e-08 -2.62821312904e-07 4.11727126926e-08 1.04931359729e-07 -2.65416729322e-07 4.2967306829e-08 1.06560712889e-07 -2.12699796088e-07 -1.19877767923e-07 5.48990118527e-07 -1.36951788562e-07 -3.47182621171e-08 1.31245658225e-07 -4.83744844225e-07 1.02327332848e-07 1.97604395667e-07 -1.47304449641e-07 2.73070124948e-08 1.504515265e-07 -1.40888917635e-08 -6.09740757054e-09 2.26818129893e-08 -1.68056682439e-08 -8.13906122524e-09 2.44717729164e-08 -2.17851723225e-08 7.22233346342e-09 1.45012232723e-08 -2.15291105295e-08 6.36182472852e-09 1.3952700103e-08 -4.75170931904e-07 6.08934752881e-08 1.58081336482e-07 -1.55300494362e-07 -1.02366524463e-07 5.22052254763e-07 -1.58785297831e-07 -6.15199781593e-08 4.74268378969e-07 -5.13853371871e-07 8.95444530632e-08 1.66807030499e-07 -6.08893328902e-07 1.03372700094e-07 2.53672696697e-07 -1.05920110117e-07 -3.5770754946e-08 1.06893048153e-07 -2.45544735519e-07 -1.15939040987e-07 5.96182336173e-07 -1.41219638909e-07 3.53995705199e-08 1.66280719081e-07 -1.67436897127e-08 2.06011808592e-09 1.38012288638e-08 -1.28032131055e-08 -4.57625221392e-09 2.34375837205e-08 -2.24008428518e-08 4.10497645201e-09 1.25216332451e-08 -1.31843889808e-08 -5.00454659226e-09 2.37139098999e-08 -1.6544667237e-08 2.06638179373e-09 1.34845529142e-08 -2.88414069993e-08 0 5.06498851977e-07 -1.5280136813e-08 0 2.17346324159e-07 -5.08548531992e-07 -1.46936793853e-39 2.86259123205e-08 -5.1037887648e-07 0 2.59465218016e-08 -2.32193435577e-08 0 2.32390494403e-07 -3.04706448032e-08 -7.34683969264e-40 4.74882549748e-07 -2.16136519343e-07 0 1.84731134149e-08 -1.36895942614e-08 -2.41937989828e-09 1.63219191443e-08 -2.07132315789e-07 0 1.53604589022e-08 -1.38179305995e-08 -2.14440653514e-09 1.6463478638e-08 -2.49805829545e-08 5.37739106896e-09 1.30844593059e-08 -3.58207209265e-07 3.07492649722e-08 1.67372034711e-07 -2.23913532634e-07 1.99170733615e-08 1.17782913265e-07 -2.2649642891e-07 3.68441849914e-08 1.12468082619e-07 -3.76073475058e-07 1.85399376211e-08 1.28878331721e-07 -1.18141137594e-07 5.59878156305e-08 1.39979163814e-07 -3.75231143734e-07 5.14786290816e-08 1.1908021947e-07 -2.49968312092e-08 -1.19855115498e-08 3.94058835331e-08 -1.65281459431e-08 -4.6931228885e-09 6.28467726125e-08 -2.21733867287e-08 3.74725640358e-09 2.76476249992e-08 -2.69137297935e-08 1.17445773022e-09 2.86573207292e-08 -3.93942249443e-08 0 5.55466744138e-08 -8.77716045551e-08 1.67865896994e-08 1.52029796722e-07 -1.8763706754e-08 1.13305817599e-08 4.5379690013e-08 -1.31201859678e-07 -1.56353775719e-08 1.2801756446e-07 -2.43329674716e-08 5.89095944502e-09 1.48760115677e-08 -1.99666981672e-08 1.39756009473e-09 1.46617900729e-08 -1.40957457662e-08 -4.71621610133e-09 2.30932118723e-08 -1.41464963854e-08 -2.09926296777e-09 1.98337586857e-08 -1.22180956349e-07 1.35469565653e-08 1.42297748665e-07 -5.19517853479e-08 7.31600793453e-09 1.3599284247e-08 -1.91204862182e-08 1.1009027484e-09 1.86645479369e-08 -1.98926011815e-08 4.36876295565e-09 1.93017698427e-08 -1.83128422985e-08 -3.87731143995e-09 1.95217924609e-08 -1.8708812517e-08 -2.81214487389e-09 2.00671279797e-08 -1.30128200038e-07 -7.39629296334e-09 1.28772430084e-07 -1.30680637754e-08 -1.90846652308e-09 3.33207010697e-08 -2.36446159213e-07 3.74704038126e-08 9.33611068831e-08 -4.66047565208e-07 4.94797663858e-08 1.40922434929e-07 -6.01829157418e-08 -2.58608267762e-08 8.62186799982e-08 -7.09583383751e-08 -4.59783245253e-08 5.5981397408e-08 -6.20404666438e-08 3.09394385806e-08 6.83236118682e-08 -5.63754454368e-08 -4.89389067634e-08 5.38516740776e-08 -6.00274326726e-08 -7.43046774133e-10 6.18654303802e-08 -5.65386110208e-08 -9.62692186805e-09 8.43855838004e-08 -3.34341758915e-07 4.08881737469e-08 1.55100118522e-07 -9.87782799509e-08 -4.49374622543e-08 1.08889756343e-07 -1.47556302079e-07 -3.80475308986e-08 4.30420965598e-07 -1.21364011037e-07 -3.66422436584e-08 3.08521919463e-07 -1.17117150669e-07 -7.67029872391e-08 2.68193671226e-07 -1.35709424257e-07 -4.69027622446e-09 2.9071610377e-07 -1.12765644181e-07 6.47705156456e-10 1.68385653345e-07 -8.23673765309e-08 -6.73434705048e-08 1.8570404073e-07 -8.46883732985e-08 -2.29481207596e-08 2.09029585075e-07 -7.16023290329e-08 8.28205957548e-09 1.80896268373e-07 -1.08063788702e-07 -6.07318408982e-08 3.38223077671e-07 -6.67703872889e-08 -3.37672780922e-08 9.48473932113e-08 -7.20477358342e-08 -3.61433914382e-08 2.27648436146e-07 -7.16172439844e-08 -2.89087108188e-08 1.46565121098e-07 -9.73591587358e-08 -4.53768614355e-08 2.27648866983e-07 -1.42904245052e-07 -2.56289777432e-08 3.31032381574e-07 -7.75337420518e-08 -2.07908406819e-08 2.35139289631e-07 -3.13835325174e-07 7.00934671836e-08 8.17932797612e-08 -2.02338656253e-07 1.61155446572e-08 1.15951484534e-07 -2.97529265143e-07 9.61467999737e-09 1.37294539864e-07 -2.21679223795e-07 1.33343353238e-08 7.6772209571e-08 -1.66457471691e-07 -2.92801434876e-08 4.57063383602e-07 -1.55890134506e-07 -4.81084418758e-08 4.49394194892e-07 -4.6766491375e-07 1.35064885467e-07 1.75140897449e-07 -4.69724553507e-07 3.91505414584e-08 1.4939195071e-07 -5.924221123e-08 -3.53708985948e-08 4.27205550414e-08 -4.42339492253e-08 2.63204994317e-08 5.86109472878e-08</DataArray>
        <DataArray type="Float64" Name="ShellTopVonMises" format="ascii">0 0 0 0 0 0 0 0 0 0 0 0 0 0 0 0 0 0 0 0 0 0 0 0 0 0 0 0 0 0 0 0 0 0 0 0 0 0 0 0 0 0 0 0 0 0 0 0 0 0 0 0 0 0 0 0 0 0 0 0 0 0 0 0 0 0 0 0 0 0 0 0 0 0 0 0 0 0 0 0 0 0 0 0 0 0 0 0 0 0 0 0 0 0 0 0 0 0 0 0 0 0 0 0 0 0 0 0 0 0 0 0 0 0 0 0 0 0 0 0 0 0 0 0 0 0 0 0 0 0 0 0 0 0 0 0 0 0 0 0 0 0 0 0 0 0 0 0 0 0 0 0 0 0 0 0 0 0 0 0 0 0 0 0 0 0 0 0 0 0 0 0 0 0 0 0 0 0 0 0 0 0 0 0 0 0 0 0 0 0 0 0 0 0 0 0 0 0 0 0 0 0 0 0 0 0 0 0 0 0 0 0 0 0 0 0 0 0 0 0 0 0 0 0 0 0 0 0 0 0 0 0 0 0 0 0 0 0 0 0 0 0 0 0 0 0 0 0 0 0 0 0 0 0 0 0 0 0 0 0 0 0 0 0 0 0 0 0 0 0 0 0 0 0 0 0 0 0 0 0 0 0 0 0 0 0 0 0 0 0 0 0 0 0 0 0 0 0 0 0 0 0 0 0 0 0 0 0 0 0 0 0 0 0 0 0 0 0 0 0 0 0 0 0 0 0 0 0 0 0 0 0 0 0 0 0 0 0 0 0 0 0 0 0 0 0 0 0 0 0 0 0 0 0 0 0 0 0 0 0 0 0 0 0 0 0 0 0 0 0 0 0 0 0 0 0 0 0 0 0 0 0 0 0 0 0 0 0 0 0 0 0 0 0 0 0 0 0 0 0 0 0 0 0 0 0 0 0 0 0 0 0 0 0 0 0 0 0 0 0 0 0 0 0 0 0 0 0 0 0 0 0 0 0 0 0 0 0 0 0 0 0 0 0 0 0 0 0 0 0 0 0 0 0 0 0 0 0 0 0 0 0 0 0 0 0 0 0 0 0 0 0 0 0 0 0 0 0 0 0 0 0 0 0 0 0 0 0 0 0 0 0 0 0 0 0 0 0 0 0 0 0 0 0 0 0 0 0 0 0 0 0 0 0 0 0 0 0 0 0 0 0 0 0 0 0 0 0 0 0 0 0 0 0 0 0 0 0 0 0 0 0 0 0 0 0 0 0 0 0 0 0 0 0 0 0 0 0 0 0 0 0 0 0 0 0 0 0 0 0 0 0 0 0 0 0 0 0 0 0 0 0 0 0 0 0 0 0 0 0 0 0 0 0 0 0 0 0 0 0 0 0 0 0 0 0 0 0 0 0 0 0 0 0 0 0 0 0 0 0 0 0 0 0 0 0 0 0 0 0 0 0 0 0 0 0 0 0 0 0 0 0 0 0 0 0 0 0 0 0 0 0 0 0 0 0 0 0 0 0 0 0 0 0 0 0 0 0 0 0 0 0 0 0 0 0 0 0 0 0 0 0 0 0 0 0 0 0 0 0 0 0 0 0 0 0 0 0 0 0 0 0 0 0 0 0 0 0 0 0 0 0 0 0 0 0 0 0 0 0 0 0 0 0 0 0 0 0 0 0 0 0 0 0 0 0 0 0 0 0 0 0 0 0 0 0 0 0 0 0 0 0 0 0 0 0 0 0 0 0 0 0 0 0 0 0 0 0 0 0 0 0 0 0 0 0 0 0 0 0 0 0 0 0 0 0 0 0 0 0 0 0 0 0 0 0 0 0 0 0 0 0 0 0 0 0 0 0 0 0 0 0 0 0 0 0 0 0 0 0 0 0 0 0 0 0 0 0 0 0 0 0 0 0 0 0 0 0 0 0 0 0 0 0 0 0 0 0 0 0 0 0 0 0 0 0 0 0 0 0 0 0 0 0 0 0 0 0 0 0 0 0 0 0 0 0 0 0 0 0 0 0 0 0 0 0 0 0 0 0 0 0 0 0 0 0 0 0 0 0 0 0 0 0 0 0 0 0 0 0 0 0 0 0 0 0 0 0 0 0 0 0 0 0 0 0 0 0 0 0 0 0 0 0 0 0 0 0 0 0 0 0 0 0 0 0 0 0 0 0 0 0 0 0 0 0 0 0 0 0 0 0 0 0 0 0 0 0 0 0 0 0 0 0 0 0 0 0 0 0 0 0 0 0 0 0 0 0 0 0 0 0 0 0 0 0 0 0 0 0 0 0 0 0 0 0 0 0 0 0 0 0 0 0 0 0 0 0 0 0 0 0 0 0 0 0 0 0 0 0 0 0 0 0 0 0 0 0 0 0 0 0 0 0 0 0 0 0 0 0 0 0 0 0 0 0 0 0 0 0 0 0 0 0 0 0 0 0 0 0 0 0 0 0 0 0 0 0 0 0 0 0 0 0 0 0 0 0 0 0 0 0 0 0 0 0 0 0 0 0 0 0 0 0 0 0 0 0 0 0 0 0 0 0 0 0 0 0 0 0 0 0 0 0 0 0 0 0 0 0 0 0 0 0 0 0 0 0 0 0 0 0 0 0 0 0 0 0 0 0 0 0 0 0 0 0 0 0 0 0 0 0 0 0 0 0 0 0 0 0 0 0 0 0 0 0 0 0 0 0 0 0</DataArray>
        <DataArray type="Float64" Name="ShellBottomVonMises" format="ascii">0 0 0 0 0 0 0 0 0 0 0 0 0 0 0 0 0 0 0 0 0 0 0 0 0 0 0 0 0 0 0 0 0 0 0 0 0 0 0 0 0 0 0 0 0 0 0 0 0 0 0 0 0 0 0 0 0 0 0 0 0 0 0 0 0 0 0 0 0 0 0 0 0 0 0 0 0 0 0 0 0 0 0 0 0 0 0 0 0 0 0 0 0 0 0 0 0 0 0 0 0 0 0 0 0 0 0 0 0 0 0 0 0 0 0 0 0 0 0 0 0 0 0 0 0 0 0 0 0 0 0 0 0 0 0 0 0 0 0 0 0 0 0 0 0 0 0 0 0 0 0 0 0 0 0 0 0 0 0 0 0 0 0 0 0 0 0 0 0 0 0 0 0 0 0 0 0 0 0 0 0 0 0 0 0 0 0 0 0 0 0 0 0 0 0 0 0 0 0 0 0 0 0 0 0 0 0 0 0 0 0 0 0 0 0 0 0 0 0 0 0 0 0 0 0 0 0 0 0 0 0 0 0 0 0 0 0 0 0 0 0 0 0 0 0 0 0 0 0 0 0 0 0 0 0 0 0 0 0 0 0 0 0 0 0 0 0 0 0 0 0 0 0 0 0 0 0 0 0 0 0 0 0 0 0 0 0 0 0 0 0 0 0 0 0 0 0 0 0 0 0 0 0 0 0 0 0 0 0 0 0 0 0 0 0 0 0 0 0 0 0 0 0 0 0 0 0 0 0 0 0 0 0 0 0 0 0 0 0 0 0 0 0 0 0 0 0 0 0 0 0 0 0 0 0 0 0 0 0 0 0 0 0 0 0 0 0 0 0 0 0 0 0 0 0 0 0 0 0 0 0 0 0 0 0 0 0 0 0 0 0 0 0 0 0 0 0 0 0 0 0 0 0 0 0 0 0 0 0 0 0 0 0 0 0 0 0 0 0 0 0 0 0 0 0 0 0 0 0 0 0 0 0 0 0 0 0 0 0 0 0 0 0 0 0 0 0 0 0 0 0 0 0 0 0 0 0 0 0 0 0 0 0 0 0 0 0 0 0 0 0 0 0 0 0 0 0 0 0 0 0 0 0 0 0 0 0 0 0 0 0 0 0 0 0 0 0 0 0 0 0 0 0 0 0 0 0 0 0 0 0 0 0 0 0 0 0 0 0 0 0 0 0 0 0 0 0 0 0 0 0 0 0 0 0 0 0 0 0 0 0 0 0 0 0 0 0 0 0 0 0 0 0 0 0 0 0 0 0 0 0 0 0 0 0 0 0 0 0 0 0 0 0 0 0 0 0 0 0 0 0 0 0 0 0 0 0 0 0 0 0 0 0 0 0 0 0 0 0 0 0 0 0 0 0 0 0 0 0 0 0 0 0 0 0 0 0 0 0 0 0 0 0 0 0 0 0 0 0 0 0 0 0 0 0 0 0 0 0 0 0 0 0 0 0 0 0 0 0 0 0 0 0 0 0 0 0 0 0 0 0 0 0 0 0 0 0 0 0 0 0 0 0 0 0 0 0 0 0 0 0 0 0 0 0 0 0 0 0 0 0 0 0 0 0 0 0 0 0 0 0 0 0 0 0 0 0 0 0 0 0 0 0 0 0 0 0 0 0 0 0 0 0 0 0 0 0 0 0 0 0 0 0 0 0 0 0 0 0 0 0 0 0 0 0 0 0 0 0 0 0 0 0 0 0 0 0 0 0 0 0 0 0 0 0 0 0 0 0 0 0 0 0 0 0 0 0 0 0 0 0 0 0 0 0 0 0 0 0 0 0 0 0 0 0 0 0 0 0 0 0 0 0 0 0 0 0 0 0 0 0 0 0 0 0 0 0 0 0 0 0 0 0 0 0 0 0 0 0 0 0 0 0 0 0 0 0 0 0 0 0 0 0 0 0 0 0 0 0 0 0 0 0 0 0 0 0 0 0 0 0 0 0 0 0 0 0 0 0 0 0 0 0 0 0 0 0 0 0 0 0 0 0 0 0 0 0 0 0 0 0 0 0 0 0 0 0 0 0 0 0 0 0 0 0 0 0 0 0 0 0 0 0 0 0 0 0 0 0 0 0 0 0 0 0 0 0 0 0 0 0 0 0 0 0 0 0 0 0 0 0 0 0 0 0 0 0 0 0 0 0 0 0 0 0 0 0 0 0 0 0 0 0 0 0 0 0 0 0 0 0 0 0 0 0 0 0 0 0 0 0 0 0 0 0 0 0 0 0 0 0 0 0 0 0 0 0 0 0 0 0 0 0 0 0 0 0 0 0 0 0 0 0 0 0 0 0 0 0 0 0 0 0 0 0 0 0 0 0 0 0 0 0 0 0 0 0 0 0 0 0 0 0 0 0 0 0 0 0 0 0 0 0 0 0 0 0 0 0 0 0 0 0 0 0 0 0 0 0 0 0 0 0 0 0 0 0 0 0 0 0 0 0 0 0 0 0 0 0 0 0 0 0 0 0 0 0 0 0 0 0 0 0 0 0 0 0 0 0 0 0 0 0 0 0 0 0 0 0 0 0 0 0 0 0 0 0 0 0 0 0 0 0 0 0 0 0 0 0 0 0 0 0 0 0 0 0 0 0 0 0 0 0 0 0 0 0 0 0 0 0 0 0 0 0 0 0 0 0 0 0 0 0 0 0 0 0 0 0 0 0 0</DataArray>
      </CellData>
    </Piece>
  </UnstructuredGrid>
</VTKFile>
