$MeshFormat
4.1 0 8
$EndMeshFormat
$PhysicalNames
5
2 2 "x_min"
2 3 "x_max"
2 4 "y_min"
2 5 "z_min"
3 1 "domain"
$EndPhysicalNames
$Entities
8 12 6 1
1 0 0 1 0 
2 0 0 0 0 
3 0 1 1 0 
4 0 1 0 0 
5 8 0 1 0 
6 8 0 0 0 
7 8 1 1 0 
8 8 1 0 0 
1 -1e-07 -1e-07 -9.999999994736442e-08 1e-07 1e-07 1.0000001 0 2 2 -1 
2 -1e-07 -9.999999994736442e-08 0.9999999000000001 1e-07 1.0000001 1.0000001 0 2 1 -3 
3 -1e-07 0.9999999000000001 -9.999999994736442e-08 1e-07 1.0000001 1.0000001 0 2 4 -3 
4 -1e-07 -9.999999994736442e-08 -1e-07 1e-07 1.0000001 1e-07 0 2 2 -4 
5 7.9999999 -1e-07 -9.999999994736442e-08 8.000000099999999 1e-07 1.0000001 0 2 6 -5 
6 7.9999999 -9.999999994736442e-08 0.9999999000000001 8.000000099999999 1.0000001 1.0000001 0 2 5 -7 
7 7.9999999 0.9999999000000001 -9.999999994736442e-08 8.000000099999999 1.0000001 1.0000001 0 2 8 -7 
8 7.9999999 -9.999999994736442e-08 -1e-07 8.000000099999999 1.0000001 1e-07 0 2 6 -8 
9 -9.999999983634211e-08 -1e-07 -1e-07 8.000000099999999 1e-07 1e-07 0 2 2 -6 
10 -9.999999983634211e-08 -1e-07 0.9999999000000001 8.000000099999999 1e-07 1.0000001 0 2 1 -5 
11 -9.999999983634211e-08 0.9999999000000001 -1e-07 8.000000099999999 1.0000001 1e-07 0 2 4 -8 
12 -9.999999983634211e-08 0.9999999000000001 0.9999999000000001 8.000000099999999 1.0000001 1.0000001 0 2 3 -7 
1 -1e-07 -9.999999994736442e-08 -9.999999994736442e-08 1e-07 1.0000001 1.0000001 1 2 4 -1 4 3 -2 
2 7.9999999 -9.999999994736442e-08 -9.999999994736442e-08 8.000000099999999 1.0000001 1.0000001 1 3 4 -5 8 7 -6 
3 -9.999999983634211e-08 -1e-07 -9.999999994736442e-08 8.000000099999999 1e-07 1.0000001 1 4 4 -9 1 10 -5 
4 -9.999999983634211e-08 0.9999999000000001 -9.999999994736442e-08 8.000000099999999 1.0000001 1.0000001 0 4 -11 3 12 -7 
5 -9.999999983634211e-08 -9.999999994736442e-08 -1e-07 8.000000099999999 1.0000001 1e-07 1 5 4 -4 9 8 -11 
6 -9.999999983634211e-08 -9.999999994736442e-08 0.9999999000000001 8.000000099999999 1.0000001 1.0000001 0 4 -2 10 6 -12 
1 -9.999999983634211e-08 -9.999999994736442e-08 -9.999999994736442e-08 8.000000099999999 1.0000001 1.0000001 1 1 6 -1 2 -3 4 -5 6 
$EndEntities
$Nodes
27 773 1 773
0 1 0 1
1
0 0 1
0 2 0 1
2
0 0 0
0 3 0 1
3
0 1 1
0 4 0 1
4
0 1 0
0 5 0 1
5
8 0 1
0 6 0 1
6
8 0 0
0 7 0 1
7
8 1 1
0 8 0 1
8
8 1 0
1 1 0 3
9
10
11
0 0 0.2500000000000007
0 0 0.5000000000000017
0 0 0.7500000000000009
1 2 0 3
12
13
14
0 0.2500000000000007 1
0 0.5000000000000017 1
0 0.7500000000000009 1
1 3 0 3
15
16
17
0 1 0.2500000000000007
0 1 0.5000000000000017
0 1 0.7500000000000009
1 4 0 3
18
19
20
0 0.2500000000000007 0
0 0.5000000000000017 0
0 0.7500000000000009 0
1 5 0 3
21
22
23
8 0 0.2500000000000007
8 0 0.5000000000000017
8 0 0.7500000000000009
1 6 0 3
24
25
26
8 0.2500000000000007 1
8 0.5000000000000017 1
8 0.7500000000000009 1
1 7 0 3
27
28
29
8 1 0.2500000000000007
8 1 0.5000000000000017
8 1 0.7500000000000009
1 8 0 3
30
31
32
8 0.2500000000000007 0
8 0.5000000000000017 0
8 0.7500000000000009 0
1 9 0 30
33
34
35
36
37
38
39
40
41
42
43
44
45
46
47
48
49
50
51
52
53
54
55
56
57
58
59
60
61
62
0.2580645161290328 0 0
0.5161290322580656 0 0
0.7741935483870983 0 0
1.032258064516131 0 0
1.290322580645164 0 0
1.548387096774198 0 0
1.806451612903231 0 0
2.064516129032264 0 0
2.322580645161297 0 0
2.580645161290331 0 0
2.838709677419364 0 0
3.096774193548397 0 0
3.35483870967743 0 0
3.612903225806463 0 0
3.870967741935496 0 0
4.129032258064529 0 0
4.38709677419356 0 0
4.645161290322593 0 0
4.903225806451624 0 0
5.161290322580656 0 0
5.419354838709686 0 0
5.677419354838718 0 0
5.935483870967749 0 0
6.19354838709678 0 0
6.451612903225811 0 0
6.709677419354843 0 0
6.967741935483875 0 0
7.225806451612906 0 0
7.483870967741937 0 0
7.741935483870968 0 0
1 10 0 30
63
64
65
66
67
68
69
70
71
72
73
74
75
76
77
78
79
80
81
82
83
84
85
86
87
88
89
90
91
92
0.2580645161290328 0 1
0.5161290322580656 0 1
0.7741935483870983 0 1
1.032258064516131 0 1
1.290322580645164 0 1
1.548387096774198 0 1
1.806451612903231 0 1
2.064516129032264 0 1
2.322580645161297 0 1
2.580645161290331 0 1
2.838709677419364 0 1
3.096774193548397 0 1
3.35483870967743 0 1
3.612903225806463 0 1
3.870967741935496 0 1
4.129032258064529 0 1
4.38709677419356 0 1
4.645161290322593 0 1
4.903225806451624 0 1
5.161290322580656 0 1
5.419354838709686 0 1
5.677419354838718 0 1
5.935483870967749 0 1
6.19354838709678 0 1
6.451612903225811 0 1
6.709677419354843 0 1
6.967741935483875 0 1
7.225806451612906 0 1
7.483870967741937 0 1
7.741935483870968 0 1
1 11 0 30
93
94
95
96
97
98
99
100
101
102
103
104
105
106
107
108
109
110
111
112
113
114
115
116
117
118
119
120
121
122
0.2580645161290328 1 0
0.5161290322580656 1 0
0.7741935483870983 1 0
1.032258064516131 1 0
1.290322580645164 1 0
1.548387096774198 1 0
1.806451612903231 1 0
2.064516129032264 1 0
2.322580645161297 1 0
2.580645161290331 1 0
2.838709677419364 1 0
3.096774193548397 1 0
3.35483870967743 1 0
3.612903225806463 1 0
3.870967741935496 1 0
4.129032258064529 1 0
4.38709677419356 1 0
4.645161290322593 1 0
4.903225806451624 1 0
5.161290322580656 1 0
5.419354838709686 1 0
5.677419354838718 1 0
5.935483870967749 1 0
6.19354838709678 1 0
6.451612903225811 1 0
6.709677419354843 1 0
6.967741935483875 1 0
7.225806451612906 1 0
7.483870967741937 1 0
7.741935483870968 1 0
1 12 0 30
123
124
125
126
127
128
129
130
131
132
133
134
135
136
137
138
139
140
141
142
143
144
145
146
147
148
149
150
151
152
0.2580645161290328 1 1
0.5161290322580656 1 1
0.7741935483870983 1 1
1.032258064516131 1 1
1.290322580645164 1 1
1.548387096774198 1 1
1.806451612903231 1 1
2.064516129032264 1 1
2.322580645161297 1 1
2.580645161290331 1 1
2.838709677419364 1 1
3.096774193548397 1 1
3.35483870967743 1 1
3.612903225806463 1 1
3.870967741935496 1 1
4.129032258064529 1 1
4.38709677419356 1 1
4.645161290322593 1 1
4.903225806451624 1 1
5.161290322580656 1 1
5.419354838709686 1 1
5.677419354838718 1 1
5.935483870967749 1 1
6.19354838709678 1 1
6.451612903225811 1 1
6.709677419354843 1 1
6.967741935483875 1 1
7.225806451612906 1 1
7.483870967741937 1 1
7.741935483870968 1 1
2 1 0 15
153
154
155
156
157
158
159
160
161
162
163
164
165
166
167
0 0.3829082621114852 0.2257047743274073
0 0.3846687836487042 0.7890759238962055
0 0.8023234408041674 0.3591901734167976
0 0.6245279258800186 0.7886460481895354
0 0.5030682637775188 0.5952411535454153
0 0.2304597135125565 0.605763142583954
0 0.6409766973712818 0.1946445340993807
0 0.7764715647316086 0.6069708608369249
0 0.1815045068964229 0.3687936625999569
0 0.3773688470717486 0.4319339332990202
0 0.1830127018922202 0.8169872981077801
0 0.8169872981077803 0.1830127018922201
0 0.8169872981077808 0.8169872981077808
0 0.1815079327258492 0.1815079327258492
0 0.5936411832042555 0.3999595549598594
2 2 0 15
168
169
170
171
172
173
174
175
176
177
178
179
180
181
182
8 0.2257047743274073 0.3829082621114854
8 0.7890759238962055 0.3846687836487047
8 0.3591901734167976 0.8023234408041673
8 0.7886460481895359 0.6245279258800192
8 0.5952411535454152 0.5030682637775195
8 0.6057631425839539 0.2304597135125569
8 0.1946445340993807 0.6409766973712818
8 0.6069708608369249 0.7764715647316087
8 0.3687936625999569 0.181504506896423
8 0.4319339332990201 0.3773688470717493
8 0.1830127018922201 0.8169872981077801
8 0.8169872981077799 0.1830127018922201
8 0.8169872981077814 0.8169872981077814
8 0.1815079327258491 0.1815079327258491
8 0.3999595549598594 0.5936411832042555
2 3 0 116
183
184
185
186
187
188
189
190
191
192
193
194
195
196
197
198
199
200
201
202
203
204
205
206
207
208
209
210
211
212
213
214
215
216
217
218
219
220
221
222
223
224
225
226
227
228
229
230
231
232
233
234
235
236
237
238
239
240
241
242
243
244
245
246
247
248
249
250
251
252
253
254
255
256
257
258
259
260
261
262
263
264
265
266
267
268
269
270
271
272
273
274
275
276
277
278
279
280
281
282
283
284
285
286
287
288
289
290
291
292
293
294
295
296
297
298
5.284073706305383 0 0.238513806878961
4.516129032258079 0 0.7765095732169189
6.839179032119775 0 0.2239787943819833
5.806486005722286 0 0.2237160361546265
6.322580645161294 0 0.77650957321692
7.354838709677419 0 0.77650957321692
3.993721055679581 0 0.7616173653800344
0.645161290322582 0 0.2234904267830813
3.225806451612913 0 0.2234904267830821
1.127313398705481 0 0.2467083055922109
1.936076800939256 0 0.2092383960287932
2.744464211258327 0 0.7528866066430581
5.583122041435991 0 0.7531952917550735
5.030765712161076 0 0.7884917651696243
4.737474348217524 0 0.2295408775482078
4.292851308032528 0 0.2471133933569443
3.740437515946257 0 0.2115224440789105
0.9031954802300125 0 0.7766006681206588
3.44715667167972 0 0.7704692565631094
1.419354838709681 0 0.7765095732169183
2.449131213406275 0 0.237337928980365
2.19354838709678 0 0.7765095732169183
7.61079764711419 0 0.2069760553055638
0.3892023528858096 0 0.7930622625421565
6.838709677419358 0 0.77650957321692
6.322709398054425 0 0.2239669910961621
7.800296685248044 0 0.6391226470142477
0.1997146901518954 0 0.3608905122352352
7.354730292497274 0 0.2204962698787108
7.489123855692617 0 0.406980215861371
7.227408776670499 0 0.4258598457049184
0.6455071657343583 0 0.7796063326734768
0.5111336737948488 0 0.5930846505692748
0.7732317549909143 0 0.5743636624514892
1.028763872897758 0 0.5289776765116139
0.8537219732328528 0 0.3545268178916979
1.32497054924546 0 0.5226058767361039
1.422576284855946 0 0.2408880403481133
1.598302348558305 0 0.4237185000056418
7.097309261889149 0 0.2196113337984147
6.968893105888473 0 0.4290372960267617
6.710701913219596 0 0.4309264418195185
7.098629580095026 0 0.6702603877680656
6.581089307866618 0 0.2213146816034042
6.452332124514863 0 0.4305037653276239
6.193705211677997 0 0.4311954343786569
6.582724924035142 0 0.6719043664035949
6.064648078439955 0 0.2212222943090839
5.935368237657696 0 0.444602764805922
5.680692568747746 0 0.47455837296953
5.813921104259554 0 0.6411954419546601
5.393569098910375 0 0.5182087544599019
6.065612843069271 0 0.657609347858776
5.290342175771178 0 0.7830591222169894
5.543599262205698 0 0.2424994950771699
5.111619801004558 0 0.4223115326878283
1.166477564374034 0 0.7674489657642157
4.257160556098284 0 0.7722505155948597
4.389397471701666 0 0.5327867951666547
4.677027189755518 0 0.5088519519280505
4.516129032258088 0 0.3295287196507601
4.103051365325173 0 0.4821448037308913
3.821259789094878 0 0.5777898382613801
3.999991594048237 0 0.2170637849624988
3.483349732988112 0 0.2213389700043798
3.386304993735735 0 0.487951782247742
3.102018574224781 0 0.4538093416797589
3.182795093703485 0 0.6839495987317652
2.967316194722514 0 0.6484381324420856
2.838709677419364 0 0.4469808535661609
2.566088188485661 0 0.5302582202946385
2.45371623509276 0 0.7822634223158436
2.193283872101472 0 0.2234193693900131
2.064516129032264 0 0.4469808535661638
1.677419354838714 0 0.7911461889266593
1.935483870967746 0 0.7929470745949501
1.811600841276076 0 0.5759489109556092
2.968615998929944 0 0.2246285081353469
2.70775306230983 0 0.235188397054274
4.778986667503583 0 0.7713007934428582
2.317598044057967 0 0.4143845011943253
4.942767722107929 0 0.5820919365833392
3.651488179375054 0 0.4161794493451252
5.016989984325549 0 0.2089171452448891
3.726662692282674 0 0.7911246755124359
1.686465490533992 0 0.2061752761591318
7.632397003461227 0 0.8050469741745097
0.3676162678387032 0 0.194968378283219
0.2327985243945663 0 0.6055594924180063
7.767235879410233 0 0.394460436053907
7.810746398845414 0 0.1871639670607094
0.1892536011545793 0 0.8128360329392902
7.816158536369882 0 0.8184227555451914
0.1838414636301166 0 0.1815772444548135
3.610195626506899 0 0.6224998620108404
4.900643619193889 0 0.3770172841727689
0.637207061376345 0 0.4298635287843455
0.4238475455685957 0 0.4020359519066671
7.56659488307263 0 0.6014019801528967
7.349707162157239 0 0.579085153128146
0.8947073618501935 0 0.1525768260498586
7.096774193548399 0 0.8603711424150851
4.516028427912698 0 0.1451597195345464
2.988950626756135 0 0.8420272607532648
3.225806451612914 0 0.8604979657753693
2.064024009127407 0 0.6452625092148175
6.840114074758612 0 0.5866965730611186
1.81585131552656 0 0.3697821968371178
5.824756135873608 0 0.8457162719927325
6.322746960792852 0 0.5869971572206751
6.580645161290323 0 0.861318260198462
6.064516129032261 0 0.8617012894399624
2.295384600368574 0 0.6162477559649384
1.557541428280039 0 0.6291791311391732
3.863423820787726 0 0.3714683928263662
5.153880561830173 0 0.6284455037062141
2 4 0 116
299
300
301
302
303
304
305
306
307
308
309
310
311
312
313
314
315
316
317
318
319
320
321
322
323
324
325
326
327
328
329
330
331
332
333
334
335
336
337
338
339
340
341
342
343
344
345
346
347
348
349
350
351
352
353
354
355
356
357
358
359
360
361
362
363
364
365
366
367
368
369
370
371
372
373
374
375
376
377
378
379
380
381
382
383
384
385
386
387
388
389
390
391
392
393
394
395
396
397
398
399
400
401
402
403
404
405
406
407
408
409
410
411
412
413
414
5.284073706305384 1 0.2385138068789638
4.516129032258079 1 0.7765095732169189
6.839179032119777 1 0.2239787943819824
5.806486005722286 1 0.2237160361546287
6.322580645161294 1 0.77650957321692
7.354838709677419 1 0.77650957321692
3.993721055679581 1 0.7616173653800344
0.645161290322582 1 0.2234904267830813
3.225806451612913 1 0.2234904267830824
1.138177748017381 1 0.2314186752898383
1.941003280514403 1 0.2203037941955522
2.709677419354847 1 0.2234904267830817
5.583122041435992 1 0.7531952917550762
5.030765712161077 1 0.7884917651696228
4.737474348217524 1 0.2295408775482085
4.292851308032528 1 0.2471133933569443
3.740437515946257 1 0.2115224440789105
0.9030860319353369 1 0.7765902720715174
3.44715667167972 1 0.7704692565631094
1.425633783030114 1 0.7616173653800349
3.001633281554844 1 0.7534087413515602
2.19354838709678 1 0.7765095732169183
7.61079764711419 1 0.2069760553055637
0.3890623503889981 1 0.7931833763861106
6.838709677419358 1 0.77650957321692
6.322709398054426 1 0.2239669910961634
7.800296685248044 1 0.6391226470142474
0.1997266431377646 1 0.3609043396456043
7.354730292497274 1 0.2204962698787117
7.489123855692619 1 0.4069802158613716
7.227408776670498 1 0.4258598457049182
0.64546536262191 1 0.7795845017740355
0.5110495576274878 1 0.5930259572379721
7.097309261889149 1 0.2196113337984138
6.968893105888469 1 0.4290372960267602
6.710701913219599 1 0.4309264418195197
7.098629580095016 1 0.670260387768065
6.581089307866618 1 0.2213146816034059
6.452332124514864 1 0.4305037653276251
6.193705211677996 1 0.4311954343786619
6.582724924035164 1 0.6719043664035975
6.064648078439956 1 0.2212222943090874
5.935368237657696 1 0.4446027648059275
5.680692568747746 1 0.4745583729695347
5.813921104259553 1 0.6411954419546666
5.393569098910377 1 0.5182087544599014
6.065612843069268 1 0.657609347858781
5.290342175771179 1 0.7830591222169888
5.543599262205699 1 0.2424994950771714
5.111619801004558 1 0.4223115326878287
4.257160556098284 1 0.7722505155948597
4.389397471701666 1 0.5327867951666547
4.67702718975552 1 0.5088519519280503
4.516129032258088 1 0.3295287196507601
4.103051365325173 1 0.4821448037308913
3.821259789094878 1 0.5777898382613801
3.999991594048237 1 0.2170637849624988
3.483349732988112 1 0.2213389700043799
3.386304993735735 1 0.4879517822477421
3.101093977334502 1 0.4645986899957869
3.232399075183543 1 0.6673852871867135
2.804160866414429 1 0.4765550242507779
2.70645084450564 1 0.7590248616557963
2.530751180790656 1 0.5761461407198677
2.451612903225814 1 0.208875240438245
1.162188218535841 1 0.7722540166905251
1.031919773165319 1 0.5449800767598814
0.7731646064200525 1 0.5729753134606459
0.855981721849266 1 0.3543994515345911
1.304879553449833 1 0.4697417797053617
1.582369641505698 1 0.5586888717505369
1.51212782033681 1 0.2969245022621563
2.19446828868789 1 0.2205234569610207
2.108781312545016 1 0.4346084973665525
2.36471622081874 1 0.4060397193115007
2.962703764280742 1 0.2313557613021215
1.935437690396568 1 0.7838760511236363
4.778986667503584 1 0.7713007934428578
4.942767722107929 1 0.5820919365833384
3.651488179375054 1 0.4161794493451252
1.814869252496793 1 0.4325131075854953
5.016989984325549 1 0.2089171452448896
3.726662692282674 1 0.7911246755124359
1.677419354838714 1 0.778463103380895
2.442669116202906 1 0.7914126367464596
7.632397003461227 1 0.8050469741745092
0.3676302129888838 1 0.1949845102619829
0.2327841929901695 1 0.605575738579765
7.767235879410234 1 0.3944604360539067
1.724567812605087 1 0.1899482808086408
7.810746398845415 1 0.1871639670607091
0.1892536011545793 1 0.8128360329392902
7.816158536369882 1 0.8184227555451914
0.1838414636301166 1 0.1815772444548135
1.814922413654007 1 0.6381097345665699
3.610195626506899 1 0.6224998620108404
0.6376431017350259 1 0.4295652399409378
4.90064361919389 1 0.3770172841727687
0.4239113091304396 1 0.4020226588216071
7.566594883072632 1 0.6014019801528969
7.349707162157241 1 0.5790851531281462
0.8995629233213764 1 0.145435435185148
7.096774193548399 1 0.8603711424150792
4.516028427912698 1 0.1451597195345464
3.226002707005425 1 0.8547073293855596
2.041004314790396 1 0.6227655121817659
6.840114074758606 1 0.5866965730611157
2.292186057183221 1 0.6114036508654623
5.824756135873608 1 0.8457162719927412
6.322746960792836 1 0.5869971572206758
6.580645161290323 1 0.8613182601984578
1.345757859026027 1 0.1809991907511808
6.064516129032261 1 0.8617012894399669
2.574601273312164 1 0.3728122889282513
3.863423820787726 1 0.3714683928263662
5.153880561830174 1 0.6284455037062124
2 5 0 117
415
416
417
418
419
420
421
422
423
424
425
426
427
428
429
430
431
432
433
434
435
436
437
438
439
440
441
442
443
444
445
446
447
448
449
450
451
452
453
454
455
456
457
458
459
460
461
462
463
464
465
466
467
468
469
470
471
472
473
474
475
476
477
478
479
480
481
482
483
484
485
486
487
488
489
490
491
492
493
494
495
496
497
498
499
500
501
502
503
504
505
506
507
508
509
510
511
512
513
514
515
516
517
518
519
520
521
522
523
524
525
526
527
528
529
530
531
5.291593157486274 0.7875350563238409 0
4.516129032258076 0.2234904267830804 0
6.795629976396982 0.1843035200491157 0
6.064516129032263 0.77650957321692 0
7.392951696869385 0.7905496668002542 0
4.014837627426033 0.7826182471239562 0
0.6064761852371907 0.2092504115440108 0
2.932955143580401 0.2471133933569413 0
3.485141544583051 0.2114661868481769 0
1.161290322580648 0.2234904267830816 0
1.65739041711854 0.7724209044739985 0
2.208386014522805 0.2173817528760443 0
5.547790510241974 0.1717551537600987 0
5.03468422665025 0.2372704959794492 0
6.356475343373338 0.2465958415226133 0
6.580646110145041 0.7765132882040735 0
4.739406756483628 0.7528866066430565 0
3.228232613747025 0.7627295040205501 0
0.9411124006361906 0.7562895590477673 0
2.709677419354847 0.7765095732169185 0
7.61093757828083 0.2068545175125774 0
0.3890623500598963 0.793183551220273 0
4.015125824221825 0.2531603923697115 0
1.65923579995997 0.2445303264330786 0
2.208674211318599 0.7468396076302899 0
7.800284596223356 0.6391086622319391 0
0.199726695006108 0.3609043996477557 0
7.354605633198028 0.2201773909241138 0
7.489059612747633 0.4066838177476195 0
7.226788413263688 0.4454462655665025 0
0.6531331387315445 0.7738785703874744 0
0.5131618799016511 0.5895593258696052 0
4.272436939543052 0.221592981634898 0
4.401343630806267 0.439822173295509 0
4.644164129908241 0.4734031890247679 0
4.469528763619049 0.676263196810549 0
4.917782779256293 0.5302582202946393 0
4.238971645174871 0.6298844765151097 0
4.028363253524931 0.5147048896199145 0
3.80686723592183 0.6041013109168154 0
5.030368767647627 0.7840605958396385 0
6.838696025330819 0.7765096496418349 0
6.709672896435091 0.5670230831061929 0
6.454838636698398 0.5276548848746656 0
6.622659542721991 0.3464343912387254 0
6.158843815107908 0.5223415364461733 0
6.967719785172425 0.553031935201626 0
6.061264441123243 0.2407932958327637 0
5.927296032455942 0.4357275003362395 0
7.139285414422556 0.7359393617708574 0
5.548598859581048 0.7783471537347393 0
5.383789307933334 0.5479966413252694 0
5.707639351551083 0.5449402148272554 0
6.317334330217699 0.7671698804569722 0
5.322369517924391 0.2595604721842725 0
2.465985326639823 0.7784070183651012 0
2.59489201790304 0.5601778267044881 0
2.837712517005014 0.5265968109752306 0
2.705370000213824 0.3605837569824089 0
3.111331166353068 0.4697417797053601 0
2.471609653170387 0.3563500654469755 0
2.222135291467311 0.4838272034429814 0
2.005185176960511 0.4029543812820802 0
3.223917154744401 0.21577294468903 0
5.8115235728231 0.7900853724898547 0
1.938600309936987 0.7832520580248962 0
0.8614166695710471 0.2616462673602455 0
1.032741129702402 0.472704224162426 0
1.27855163879917 0.4444256425862525 0
1.166610066085618 0.6408777343842118 0
1.399114792884611 0.6430595942683678 0
1.63449023892206 0.5139457379900639 0
0.7821738386477648 0.5390830472990841 0
1.402510969878519 0.2197287688154748 0
4.776857877474512 0.2440703886803228 0
3.483997475531261 0.7951025434337284 0
3.741935483870979 0.2234904267830819 0
2.970406264571285 0.7559296113196764 0
7.053855348180818 0.259496945272543 0
5.165507923078311 0.441753904311985 0
3.401693793761686 0.5779662324492918 0
5.772182951136128 0.2581047538522225 0
3.610140666577679 0.4312434797248064 0
7.638735064131085 0.8073706741923719 0
0.3611827559877192 0.1926112443913145 0
0.2329997730946047 0.605222061383934 0
7.767234967680523 0.394407800402591 0
1.926583682996153 0.2000595684903914 0
3.741935483870981 0.8213507118835855 0
3.861648326773907 0.4024449461384425 0
2.048868570575648 0.5987586011325822 0
1.839372775378591 0.5826967821835182 0
7.810746398845413 0.1871639670607095 0
0.1892536011545791 0.8128360329392902 0
1.812973534843457 0.3888373592758264 0
0.1838414636301167 0.1815772444548134 0
7.816158536369881 0.8184227555451908 0
3.610394572771377 0.6376689135390294 0
4.197826127473217 0.4074637966397365 0
1.477278380511967 0.4059262170904361 0
2.393689361423532 0.5940737829095637 0
0.4088310722695445 0.4016210152652979 0
7.369058848202851 0.5949524144924161 0
7.586500784288277 0.6009231708154616 0
6.829907509781461 0.3820579749736405 0
6.583037973143191 0.1453248326290544 0
4.282732254695931 0.8350546433435528 0
4.51612903225808 0.8604979657753629 0
5.547220833190755 0.3727702086239312 0
2.697652829894338 0.1510656641645515 0
1.173482760106397 0.8491197665364875 0
1.417893127650774 0.8585253729183299 0
2.452800418214886 0.1409226564322744 0
0.6344119291254396 0.4002320134676487 0
5.168913783627286 0.6336836917762946 0
3.362462170724062 0.366316308223702 0
5.934708314450559 0.6270446535189256 0
2 6 0 114
532
533
534
535
536
537
538
539
540
541
542
543
544
545
546
547
548
549
550
551
552
553
554
555
556
557
558
559
560
561
562
563
564
565
566
567
568
569
570
571
572
573
574
575
576
577
578
579
580
581
582
583
584
585
586
587
588
589
590
591
592
593
594
595
596
597
598
599
600
601
602
603
604
605
606
607
608
609
610
611
612
613
614
615
616
617
618
619
620
621
622
623
624
625
626
627
628
629
630
631
632
633
634
635
636
637
638
639
640
641
642
643
644
645
5.303896833698749 0.7843466718714535 1
4.547554598984755 0.7940202577838269 1
6.795629976396982 0.1843035200491157 1
6.064516129032263 0.77650957321692 1
7.392951696869385 0.7905496668002542 1
4.000000000000012 0.7765095732169189 1
0.607048303130615 0.209450333199749 1
2.968134875061359 0.2143270708378664 1
3.518657759645427 0.2471133933569438 1
1.161342121601245 0.783873456084597 1
1.673091242100213 0.7622351383396597 1
2.19354838709678 0.7765095732169182 1
5.504879188642506 0.1840526826488008 1
5.066149410587101 0.2465912586484399 1
6.356475343373338 0.2465958415226133 1
6.580646110145041 0.7765132882040735 1
4.218345573314184 0.2430298989882615 1
3.225806451612914 0.7765095732169185 1
2.715956363675281 0.7616173653800351 1
1.418108052969539 0.2120386928754814 1
1.970270662871228 0.2471133933569412 1
2.416826111322333 0.2471133933569413 1
7.61093757828083 0.2068545175125774 1
0.3890624217191695 0.7931454824874236 1
7.800284596223356 0.6391086622319391 1
0.1997154037766428 0.3608913377680634 1
7.354605633198028 0.2201773909241138 1
7.489059612747633 0.4066838177476195 1
7.226788413263688 0.4454462655665025 1
0.6453943668019739 0.779822609075885 1
0.5109403872523668 0.5933161822523798 1
0.8103693191133472 0.5530448035177714 1
6.838696025330819 0.7765096496418349 1
6.709672896435091 0.5670230831061929 1
6.454838636698398 0.5276548848746656 1
6.622659542721991 0.3464343912387254 1
6.158843815107908 0.5223415364461733 1
6.967719785172425 0.553031935201626 1
6.061264441123243 0.2407932958327637 1
5.927296032455942 0.4357275003362395 1
7.139285414422556 0.7359393617708574 1
5.550649472283126 0.777815756326008 1
5.421994276803432 0.5685410921541836 1
5.149203429366995 0.5639146786872092 1
5.330155997136565 0.3526864764287447 1
4.888668833646952 0.4697417797053556 1
4.934708129192893 0.713673681359838 1
4.77024813856962 0.2335007293385306 1
4.629441120387627 0.4540457201306909 1
5.713390148918537 0.5477992224587102 1
4.294905306305481 0.7387388172618833 1
4.126667445923205 0.526840788579121 1
3.870573606578609 0.5486560867913866 1
3.949909598926328 0.3211765937431325 1
3.74033367320495 0.3460413376401611 1
3.613694296934636 0.5463577234731245 1
3.322189878503289 0.5244346028143009 1
4.370110504844877 0.4573905170717507 1
3.22539481341652 0.2390385460766748 1
6.317334330217699 0.7671698804569722 1
2.452516863256578 0.7722505155948614 1
2.320279947653197 0.5327867951666523 1
2.066650548269254 0.5308852125898511 1
2.193515131442558 0.3394801657390037 1
2.60662605402969 0.4821448037308899 1
2.887314269922243 0.5783962040087098 1
1.786596809352387 0.4764238310499238 1
2.709501653915416 0.2175312227556574 1
1.678453436200655 0.2165589540373773 1
1.161096335188284 0.2215823472047637 1
1.290322580645164 0.4469618500438842 1
1.039482114745558 0.4164168398552376 1
0.8670220131223191 0.2592080440845333 1
5.806451612903218 0.7765095732169175 1
1.931809121459021 0.7576756258660589 1
1.500215818474781 0.5774118853418391 1
3.478561341067619 0.7706352454535443 1
3.741116702053806 0.7736931048224958 1
0.9093155402791125 0.7922850986128651 1
7.053855348180818 0.259496945272543 1
1.410730319550582 0.7934652212418662 1
2.976713452348362 0.792452802684486 1
4.503400566938743 0.2313278109215389 1
5.766874304817269 0.260269973355102 1
3.057470273197467 0.425998694307842 1
7.638735064131085 0.8073706741923719 1
0.3612649358689138 0.1926293258076299 1
0.2327650323194754 0.6055921995974114 1
7.767234967680523 0.394407800402591 1
4.756234054684729 0.8221078782997092 1
7.810746398845413 0.1871639670607095 1
0.1892536011545791 0.8128360329392902 1
0.1838414636301167 0.1815772444548134 1
7.816158536369881 0.8184227555451908 1
4.739890970999387 0.6126828824828214 1
7.369058848202851 0.5949524144924161 1
0.6433860655127925 0.4113103020990165 1
7.586500784288277 0.6009231708154616 1
0.4087942434241774 0.4016898627339844 1
1.27898933230533 0.6477364271422248 1
6.829907509781461 0.3820579749736405 1
1.067550830916841 0.6153625964826226 1
6.583037973143191 0.1453248326290544 1
5.293405933138093 0.1482592022453298 1
5.547724015695241 0.3914833816377059 1
3.756583145210436 0.1526714434579347 1
4.000000000000011 0.1395020342246338 1
2.193545963215277 0.1494289133302976 1
3.094790730975688 0.6286858683508443 1
5.93477758357786 0.6259511033514273 1
4.512132000213475 0.6053346639120961 1
1.539301050491189 0.3695309399406116 1
2.845973795410166 0.3696478158822799 1
5.105234676649783 0.8194705183655431 1
3 1 0 128
646
647
648
649
650
651
652
653
654
655
656
657
658
659
660
661
662
663
664
665
666
667
668
669
670
671
672
673
674
675
676
677
678
679
680
681
682
683
684
685
686
687
688
689
690
691
692
693
694
695
696
697
698
699
700
701
702
703
704
705
706
707
708
709
710
711
712
713
714
715
716
717
718
719
720
721
722
723
724
725
726
727
728
729
730
731
732
733
734
735
736
737
738
739
740
741
742
743
744
745
746
747
748
749
750
751
752
753
754
755
756
757
758
759
760
761
762
763
764
765
766
767
768
769
770
771
772
773
0.5818251683694564 0.5000435792641205 0.4945356422118986
5.865544625984971 0.4999999999999997 0.5
1.754654259904971 0.4955063162563168 0.4911088081227904
6.808956244134776 0.4999999999999995 0.4950040865423799
4.286477719729473 0.506080258856338 0.48877585596767
7.427775692203846 0.4999999999999999 0.499901161376856
3.724032163515679 0.5 0.4935001382017261
2.436486666865019 0.501991022812847 0.5020707685623806
1.161302966221265 0.5077345598694167 0.4938834564642708
5.241425445906831 0.4874228764876334 0.5030983508982499
4.76315622787912 0.4880011072635507 0.5375682373715636
2.968931745860734 0.4851190553720673 0.5056281713505356
6.337088773641173 0.4588334306758133 0.4669744406810373
2.094509216973895 0.3829395177165591 0.6311077488009215
3.346900891586327 0.3916615776638998 0.4018469597397806
2.120668774415079 0.6365713931818547 0.3618442061977076
1.455584514877913 0.3509888671269663 0.6443778261035127
0.8697059123755299 0.6574955913430149 0.6546320351062662
5.557075776841719 0.3480920556663501 0.6337412081626553
2.709398042454732 0.6740986803403834 0.358993389487169
5.549798193140774 0.6392689075747244 0.3497474415149595
7.097367785287649 0.3296431299850958 0.363731415269458
3.426681827354447 0.6495059365541858 0.6545432778384086
7.681882760085719 0.6844549653769074 0.6844527558301046
4.00232693954104 0.6476885442208267 0.3287129097952684
7.118614997303244 0.6667153291695639 0.4659840276193364
7.673464653738526 0.3273877096072118 0.3268392841032222
7.680247480220325 0.6707555443322588 0.3410029937783402
0.3288124300739316 0.3268460274692101 0.3301926386398011
0.3399135282005779 0.6752018782044572 0.6751802815112574
6.108746064154344 0.6806179482261416 0.338766242878415
0.8739610363798792 0.3283888358228519 0.5543480494646769
4.538586302052173 0.3429056679229073 0.3215402204949394
4.988675756083716 0.6615177330800429 0.3285086449373168
1.45674577620465 0.4785801220527928 0.3303989248545186
4.008311620443177 0.340220176026595 0.6454954041219267
0.3513540052715419 0.3186999974089594 0.6722716796115861
3.501007658233166 0.6776942604735446 0.3153900242376524
0.3316933478675057 0.6737628080145516 0.3283470126936722
6.546641196119833 0.6505289143186007 0.6737987321788622
6.564604627775669 0.6767374810787211 0.3328998180609118
4.989670751126964 0.324417438138271 0.3479690300738027
4.546502699679499 0.6716152159554145 0.3659982501206522
5.65155389245846 0.3226296938876595 0.3138528010514229
7.670962082093535 0.3236689672523039 0.6740057909225996
2.218275041472498 0.3179090004158675 0.3265202613389467
5.013100851031735 0.6784929808131532 0.6671217546558362
1.432625632480936 0.6921634186123986 0.6000194769293549
2.209796871904973 0.6878908246091315 0.6741997053859466
5.466651005391085 0.6738545952735477 0.6786995670830467
0.8755247588826129 0.5783716743768046 0.3242887158759756
7.074266409162589 0.41542793756306 0.6946522535616892
4.050508882650283 0.6780092559254871 0.6648936943446233
3.113215815120819 0.7037983448547361 0.6894436094390316
2.691737438082035 0.32834118728397 0.3447291396500236
2.706472885065906 0.3575251168311423 0.6865103451061159
6.076512220419044 0.2954999727322813 0.3585783362935137
5.004042523175905 0.3103813167708105 0.6779263592546904
6.107827783828748 0.6609931817992748 0.6806000029667574
3.943586503710702 0.3195060043965786 0.3189512405054162
6.596792995340751 0.3119203342635724 0.3268214959130505
4.500684206825595 0.3798884531600331 0.7055290943702722
6.123331843182722 0.3291470541721829 0.6857861001320249
6.581645852855336 0.3262632527634213 0.6529691056854894
4.574902825523552 0.6912182802878893 0.698048935545773
2.645820982134438 0.683143157642764 0.6839372881598663
3.214832992250253 0.3892378971535119 0.7052899149762963
3.523630127481397 0.3086151588773681 0.6585729613732871
1.909508584173334 0.3183587361448852 0.2873729116273626
3.17828182139867 0.6964882940752126 0.368454513830013
3.620012623614396 0.2918254098005399 0.2818279426907313
0.7175442214839475 0.313674888300536 0.2864458227424774
5.769404840887746 0.7046720161115384 0.7053996054699323
1.036030401396919 0.306591168582438 0.2809134049246172
1.820036494431951 0.7170884231611185 0.2811254029813298
1.261959522714146 0.7185771167995305 0.2868880078192608
1.893659765427841 0.6978322835691303 0.6912974926495765
7.309915777538506 0.6978513247064799 0.7110082610567563
3.073795309161487 0.2925540625372554 0.2786995467713349
2.403516798001362 0.7125366169849003 0.288057289316962
1.173661105659397 0.6756164710512095 0.7306749930838926
6.927504259008901 0.6911232069232345 0.7124483288325373
7.360315382123336 0.7053241307410948 0.2883385401785211
1.807654004901468 0.2822892770456156 0.7187734173797986
4.232841830069152 0.3136092742511143 0.2749613671263076
7.382863229895142 0.2801862551826109 0.3083732305345765
3.753832669107391 0.7124181178799556 0.7051970399007952
5.827024312273339 0.6697816792548261 0.2668873354853767
5.835158373728158 0.2857156218234368 0.6954010383642381
0.629453378980446 0.7301521216212822 0.3260919069205819
7.338131267117572 0.2798632922082838 0.6781649400175249
6.878165069787336 0.7093107708336964 0.290458623537907
0.6374065661770881 0.2855784607308694 0.7198718749375315
5.272954351498892 0.6765601645899434 0.2683273262187067
2.372346516367497 0.2815158944714202 0.7012679961227946
1.115970027151908 0.3287874319548167 0.7266422178301011
2.966158951872552 0.2667390748426703 0.7269386767154574
5.38992806459169 0.4198943509320613 0.2729496472581885
4.277922019832093 0.6932135719784586 0.2746312087245752
5.287266210930773 0.3067042485675446 0.7205503860195354
1.644187626764356 0.5636342835350325 0.7495566416671768
6.339137244811972 0.7383868187019575 0.4876424345269886
4.775880928887681 0.4873951317141159 0.2526161206875355
6.838741732849004 0.2786787502040331 0.74349875860079
3.783632155215807 0.4473247630738276 0.7524818092789585
6.35849444730798 0.4611768863039487 0.7415214527448798
5.25175959949375 0.7617490291835166 0.5298006209249975
0.6093018541126716 0.7277621625609028 0.7278066362356348
2.937976019797552 0.7566174404955838 0.4855464193262616
1.633608185905221 0.2578632585936602 0.3113903707280617
4.318735176515035 0.5890818943806274 0.7561755443759968
6.3335523606445 0.2675677836314564 0.2732197730080698
4.272351597899487 0.2477472817576161 0.6032921645308841
0.5382320167019604 0.2416678696882608 0.4657478804188513
6.855724683813397 0.2757350305853215 0.2496717516302044
2.454518680491213 0.2350658261279224 0.4443771812857098
2.950768838571836 0.5893636088101289 0.24735099545699
3.755146434702328 0.7490879782676126 0.3857188513938957
1.308638532999003 0.2534307352357483 0.2600547119644287
4.737918991896811 0.2497130830521131 0.6686068613051788
7.495375327768111 0.755860973237971 0.5104905657666533
6.744539735183682 0.7556447188774795 0.5304553174207464
3.693846850836531 0.5343533929993207 0.2212594496599984
1.695487206228064 0.7579502979275528 0.5175450289099837
4.804559915880947 0.7573343160043458 0.5075989580168967
7.493649277941409 0.5120184903156486 0.7565819546808914
1.182775041901919 0.2481678328151103 0.4880901942511887
5.239240210639783 0.2370263921510313 0.4022662147419306
$EndNodes
$Elements
5 3199 1 3199
2 1 2 44
1 11 1 163 
2 1 12 163 
3 2 9 166 
4 18 2 166 
5 14 3 165 
6 3 17 165 
7 15 4 164 
8 4 20 164 
9 9 10 161 
10 9 161 166 
11 10 11 158 
12 10 158 161 
13 158 11 163 
14 12 13 154 
15 12 154 163 
16 13 14 156 
17 154 13 156 
18 156 14 165 
19 16 15 155 
20 155 15 164 
21 17 16 160 
22 16 155 160 
23 17 160 165 
24 19 18 153 
25 153 18 166 
26 20 19 159 
27 19 153 159 
28 20 159 164 
29 159 153 167 
30 153 161 162 
31 161 153 166 
32 153 162 167 
33 154 156 157 
34 154 157 158 
35 154 158 163 
36 159 155 164 
37 155 159 167 
38 160 155 167 
39 157 156 160 
40 160 156 165 
41 158 157 162 
42 157 160 167 
43 162 157 167 
44 161 158 162 
2 2 2 44
45 23 178 5 
46 5 178 24 
47 6 181 21 
48 30 181 6 
49 26 180 7 
50 7 180 29 
51 27 179 8 
52 8 179 32 
53 21 168 22 
54 21 181 168 
55 22 174 23 
56 168 174 22 
57 174 178 23 
58 24 170 25 
59 24 178 170 
60 25 175 26 
61 170 175 25 
62 175 180 26 
63 28 169 27 
64 169 179 27 
65 29 171 28 
66 28 171 169 
67 29 180 171 
68 31 176 30 
69 176 181 30 
70 32 173 31 
71 173 176 31 
72 32 179 173 
73 168 182 174 
74 176 177 168 
75 168 181 176 
76 177 182 168 
77 171 172 169 
78 172 173 169 
79 173 179 169 
80 170 178 174 
81 174 182 170 
82 170 182 175 
83 171 175 172 
84 171 180 175 
85 172 177 173 
86 175 182 172 
87 172 182 177 
88 173 177 176 
2 3 2 300
89 1 11 274 
90 63 1 274 
91 9 2 276 
92 2 33 276 
93 23 5 275 
94 5 92 275 
95 6 21 273 
96 62 6 273 
97 10 9 210 
98 210 9 276 
99 11 10 271 
100 10 210 271 
101 11 271 274 
102 21 22 272 
103 21 272 273 
104 22 23 209 
105 22 209 272 
106 209 23 275 
107 33 34 270 
108 33 270 276 
109 34 35 190 
110 34 190 270 
111 35 36 283 
112 190 35 283 
113 36 37 192 
114 36 192 283 
115 37 38 220 
116 192 37 220 
117 38 39 268 
118 220 38 268 
119 39 40 193 
120 39 193 268 
121 40 41 255 
122 193 40 255 
123 41 42 203 
124 41 203 255 
125 42 43 261 
126 203 42 261 
127 43 44 260 
128 43 260 261 
129 44 45 191 
130 44 191 260 
131 45 46 247 
132 191 45 247 
133 46 47 199 
134 46 199 247 
135 47 48 246 
136 199 47 246 
137 48 49 198 
138 48 198 246 
139 49 50 285 
140 198 49 285 
141 50 51 197 
142 50 197 285 
143 51 52 266 
144 197 51 266 
145 52 53 183 
146 52 183 266 
147 53 54 237 
148 183 53 237 
149 54 55 186 
150 54 186 237 
151 55 56 230 
152 186 55 230 
153 56 57 208 
154 56 208 230 
155 57 58 226 
156 208 57 226 
157 58 59 185 
158 58 185 226 
159 59 60 222 
160 185 59 222 
161 60 61 211 
162 60 211 222 
163 61 62 205 
164 61 205 211 
165 205 62 273 
166 64 63 206 
167 206 63 274 
168 65 64 214 
169 64 206 214 
170 66 65 200 
171 200 65 214 
172 67 66 239 
173 66 200 239 
174 68 67 202 
175 202 67 239 
176 69 68 257 
177 68 202 257 
178 70 69 258 
179 69 257 258 
180 71 70 204 
181 204 70 258 
182 72 71 254 
183 71 204 254 
184 73 72 194 
185 194 72 254 
186 74 73 286 
187 73 194 286 
188 75 74 287 
189 74 286 287 
190 76 75 201 
191 201 75 287 
192 77 76 267 
193 76 201 267 
194 78 77 189 
195 189 77 267 
196 79 78 240 
197 78 189 240 
198 80 79 184 
199 184 79 240 
200 81 80 262 
201 80 184 262 
202 82 81 196 
203 196 81 262 
204 83 82 236 
205 82 196 236 
206 84 83 195 
207 195 83 236 
208 85 84 291 
209 84 195 291 
210 86 85 294 
211 85 291 294 
212 87 86 187 
213 187 86 294 
214 88 87 293 
215 87 187 293 
216 89 88 207 
217 207 88 293 
218 90 89 284 
219 89 207 284 
220 91 90 188 
221 188 90 284 
222 92 91 269 
223 91 188 269 
224 92 269 275 
225 234 183 237 
226 183 234 238 
227 183 238 266 
228 184 240 241 
229 184 241 242 
230 184 242 262 
231 185 222 223 
232 185 223 224 
233 185 224 226 
234 186 230 231 
235 186 231 232 
236 186 232 237 
237 229 187 292 
238 187 229 293 
239 187 235 292 
240 235 187 294 
241 188 225 282 
242 225 188 284 
243 269 188 281 
244 281 188 282 
245 240 189 244 
246 244 189 245 
247 245 189 267 
248 190 218 279 
249 218 190 283 
250 270 190 280 
251 190 279 280 
252 191 247 248 
253 191 248 249 
254 191 249 260 
255 192 217 218 
256 217 192 219 
257 192 218 283 
258 219 192 220 
259 193 255 256 
260 193 256 290 
261 268 193 290 
262 251 194 252 
263 194 251 286 
264 252 194 253 
265 253 194 254 
266 195 232 233 
267 232 195 234 
268 195 233 291 
269 234 195 236 
270 236 196 298 
271 196 262 264 
272 196 264 298 
273 197 242 243 
274 242 197 278 
275 197 243 285 
276 197 266 278 
277 241 198 243 
278 198 241 244 
279 243 198 285 
280 198 244 246 
281 199 246 297 
282 247 199 265 
283 265 199 297 
284 200 214 216 
285 200 216 217 
286 200 217 239 
287 248 201 250 
288 201 248 277 
289 250 201 287 
290 267 201 277 
291 219 202 239 
292 202 219 296 
293 257 202 296 
294 253 203 261 
295 203 253 263 
296 255 203 263 
297 254 204 295 
298 204 258 288 
299 204 288 295 
300 211 205 212 
301 212 205 272 
302 272 205 273 
303 214 206 215 
304 215 206 271 
305 271 206 274 
306 207 225 284 
307 225 207 289 
308 207 229 289 
309 229 207 293 
310 208 226 227 
311 208 227 228 
312 208 228 230 
313 269 209 275 
314 209 269 281 
315 272 209 281 
316 270 210 276 
317 210 270 280 
318 271 210 280 
319 211 212 213 
320 211 213 222 
321 213 212 282 
322 212 272 281 
323 212 281 282 
324 222 213 223 
325 223 213 225 
326 225 213 282 
327 214 215 216 
328 216 215 279 
329 215 271 280 
330 279 215 280 
331 217 216 218 
332 218 216 279 
333 217 219 239 
334 219 220 221 
335 219 221 296 
336 221 220 268 
337 259 221 290 
338 221 259 296 
339 221 268 290 
340 224 223 289 
341 223 225 289 
342 226 224 227 
343 227 224 229 
344 229 224 289 
345 228 227 292 
346 227 229 292 
347 230 228 231 
348 231 228 235 
349 235 228 292 
350 232 231 233 
351 233 231 235 
352 232 234 237 
353 233 235 291 
354 234 236 298 
355 238 234 298 
356 291 235 294 
357 238 264 278 
358 264 238 298 
359 266 238 278 
360 241 240 244 
361 242 241 243 
362 262 242 264 
363 264 242 278 
364 244 245 297 
365 246 244 297 
366 265 245 277 
367 245 265 297 
368 245 267 277 
369 248 247 265 
370 249 248 250 
371 248 265 277 
372 249 250 251 
373 249 251 252 
374 249 252 260 
375 251 250 286 
376 286 250 287 
377 252 253 261 
378 260 252 261 
379 253 254 295 
380 263 253 295 
381 256 255 263 
382 259 256 288 
383 256 259 290 
384 256 263 295 
385 288 256 295 
386 258 257 259 
387 259 257 296 
388 258 259 288 
2 5 2 302
389 2 18 510 
390 33 2 510 
391 20 4 508 
392 4 93 508 
393 30 6 507 
394 6 62 507 
395 8 32 511 
396 122 8 511 
397 18 19 441 
398 18 441 510 
399 19 20 500 
400 441 19 500 
401 500 20 508 
402 31 30 501 
403 501 30 507 
404 32 31 440 
405 440 31 501 
406 32 440 511 
407 34 33 499 
408 499 33 510 
409 35 34 421 
410 421 34 499 
411 36 35 481 
412 35 421 481 
413 37 36 424 
414 424 36 481 
415 38 37 488 
416 37 424 488 
417 39 38 438 
418 438 38 488 
419 40 39 502 
420 39 438 502 
421 41 40 426 
422 426 40 502 
423 42 41 527 
424 41 426 527 
425 43 42 524 
426 524 42 527 
427 44 43 422 
428 422 43 524 
429 45 44 478 
430 44 422 478 
431 46 45 423 
432 423 45 478 
433 47 46 491 
434 46 423 491 
435 48 47 437 
436 437 47 491 
437 49 48 447 
438 48 437 447 
439 50 49 416 
440 416 49 447 
441 51 50 489 
442 50 416 489 
443 52 51 428 
444 428 51 489 
445 53 52 469 
446 52 428 469 
447 54 53 427 
448 427 53 469 
449 55 54 496 
450 54 427 496 
451 56 55 462 
452 462 55 496 
453 57 56 429 
454 429 56 462 
455 58 57 520 
456 57 429 520 
457 59 58 417 
458 417 58 520 
459 60 59 493 
460 59 417 493 
461 61 60 442 
462 442 60 493 
463 62 61 435 
464 435 61 442 
465 62 435 507 
466 93 94 436 
467 93 436 508 
468 94 95 445 
469 436 94 445 
470 95 96 433 
471 95 433 445 
472 96 97 525 
473 433 96 525 
474 97 98 526 
475 525 97 526 
476 98 99 425 
477 98 425 526 
478 99 100 480 
479 425 99 480 
480 100 101 439 
481 100 439 480 
482 101 102 470 
483 439 101 470 
484 102 103 434 
485 102 434 470 
486 103 104 492 
487 434 103 492 
488 104 105 432 
489 104 432 492 
490 105 106 490 
491 432 105 490 
492 106 107 503 
493 490 106 503 
494 107 108 420 
495 107 420 503 
496 108 109 521 
497 420 108 521 
498 109 110 522 
499 521 109 522 
500 110 111 431 
501 110 431 522 
502 111 112 455 
503 431 111 455 
504 112 113 415 
505 112 415 455 
506 113 114 465 
507 415 113 465 
508 114 115 479 
509 465 114 479 
510 115 116 418 
511 115 418 479 
512 116 117 468 
513 418 116 468 
514 117 118 430 
515 117 430 468 
516 118 119 456 
517 430 118 456 
518 119 120 464 
519 456 119 464 
520 120 121 419 
521 120 419 464 
522 121 122 498 
523 419 121 498 
524 498 122 511 
525 455 415 529 
526 415 465 466 
527 415 466 529 
528 416 447 448 
529 416 448 449 
530 416 449 489 
531 417 459 519 
532 459 417 520 
533 493 417 519 
534 460 418 468 
535 418 460 531 
536 479 418 531 
537 464 419 517 
538 419 498 518 
539 517 419 518 
540 420 452 453 
541 452 420 521 
542 420 453 454 
543 420 454 503 
544 481 421 528 
545 421 499 516 
546 421 516 528 
547 472 422 473 
548 422 472 474 
549 473 422 524 
550 422 474 478 
551 423 478 530 
552 491 423 497 
553 497 423 530 
554 424 481 482 
555 424 482 483 
556 424 483 488 
557 425 480 506 
558 485 425 486 
559 425 485 526 
560 486 425 506 
561 475 426 476 
562 426 475 527 
563 476 426 477 
564 477 426 502 
565 427 469 523 
566 496 427 523 
567 451 428 489 
568 428 451 494 
569 469 428 494 
570 429 458 459 
571 458 429 460 
572 429 459 520 
573 460 429 462 
574 430 456 457 
575 430 457 458 
576 430 458 468 
577 431 449 450 
578 449 431 451 
579 431 450 522 
580 451 431 455 
581 432 474 492 
582 474 432 495 
583 432 490 495 
584 445 433 487 
585 482 433 484 
586 433 482 487 
587 484 433 525 
588 470 434 471 
589 471 434 472 
590 472 434 492 
591 435 442 443 
592 435 443 501 
593 435 501 507 
594 436 445 446 
595 436 446 500 
596 436 500 508 
597 447 437 513 
598 453 437 504 
599 437 453 513 
600 437 491 504 
601 438 486 509 
602 486 438 514 
603 438 488 514 
604 502 438 509 
605 439 470 515 
606 439 476 505 
607 476 439 515 
608 480 439 505 
609 440 498 511 
610 498 440 518 
611 440 501 518 
612 441 499 510 
613 499 441 516 
614 441 500 516 
615 443 442 444 
616 444 442 493 
617 443 444 517 
618 501 443 518 
619 443 517 518 
620 444 461 464 
621 461 444 493 
622 444 464 517 
623 446 445 487 
624 446 487 528 
625 500 446 516 
626 516 446 528 
627 448 447 513 
628 449 448 450 
629 450 448 452 
630 452 448 513 
631 449 451 489 
632 450 452 521 
633 450 521 522 
634 451 455 529 
635 494 451 529 
636 453 452 513 
637 454 453 504 
638 497 454 504 
639 454 497 512 
640 503 454 512 
641 457 456 461 
642 461 456 464 
643 458 457 459 
644 459 457 519 
645 457 461 519 
646 458 460 468 
647 460 462 463 
648 460 463 531 
649 461 493 519 
650 463 462 496 
651 467 463 496 
652 463 467 531 
653 466 465 467 
654 467 465 479 
655 466 467 523 
656 466 469 494 
657 469 466 523 
658 466 494 529 
659 467 479 531 
660 467 496 523 
661 470 471 515 
662 471 472 473 
663 471 473 475 
664 471 475 515 
665 474 472 492 
666 475 473 524 
667 478 474 530 
668 474 495 530 
669 475 476 515 
670 475 524 527 
671 476 477 505 
672 477 502 509 
673 505 477 506 
674 506 477 509 
675 480 505 506 
676 482 481 487 
677 487 481 528 
678 483 482 484 
679 483 484 485 
680 483 485 514 
681 488 483 514 
682 485 484 525 
683 485 486 514 
684 485 525 526 
685 486 506 509 
686 495 490 512 
687 490 503 512 
688 491 497 504 
689 497 495 512 
690 495 497 530 
3 1 4 2509
691 689 702 463 733 
692 649 749 706 760 
693 458 676 658 686 
694 647 676 341 718 
695 646 674 446 717 
696 157 675 674 684 
697 676 704 341 718 
698 157 674 675 682 
699 446 674 646 684 
700 647 704 676 718 
701 341 676 647 733 
702 650 698 350 744 
703 593 653 711 740 
704 706 749 224 760 
705 647 718 341 733 
706 653 700 475 725 
707 362 653 694 725 
708 648 720 714 755 
709 597 699 657 711 
710 565 685 727 749 
711 350 698 650 756 
712 571 718 704 734 
713 362 694 653 711 
714 647 702 689 733 
715 370 680 720 769 
716 471 700 665 725 
717 597 657 701 711 
718 471 475 700 725 
719 653 694 593 711 
720 444 671 667 728 
721 172 673 672 690 
722 457 737 706 760 
723 245 713 652 716 
724 649 709 706 749 
725 475 691 653 725 
726 654 696 365 721 
727 231 702 689 734 
728 686 706 457 737 
729 425 370 680 720 
730 652 705 245 716 
731 223 749 667 760 
732 714 720 486 755 
733 446 684 646 735 
734 649 727 685 749 
735 446 646 717 735 
736 172 669 673 690 
737 509 486 714 720 
738 245 652 713 750 
739 443 672 673 728 
740 651 728 672 731 
741 425 680 370 721 
742 197 678 278 687 
743 706 709 224 749 
744 245 681 652 750 
745 443 672 728 731 
746 667 749 649 760 
747 365 654 663 696 
748 653 362 711 725 
749 653 475 700 761 
750 653 691 475 761 
751 680 721 693 769 
752 706 737 649 760 
753 289 224 749 760 
754 485 680 425 721 
755 245 652 681 705 
756 621 692 626 710 
757 651 673 672 728 
758 678 687 656 765 
759 362 406 373 694 
760 463 702 676 733 
761 483 721 719 764 
762 641 704 571 718 
763 565 709 685 749 
764 649 706 686 737 
765 362 694 373 725 
766 461 667 671 737 
767 223 289 749 760 
768 370 721 680 769 
769 350 650 710 756 
770 682 738 646 753 
771 177 182 172 672 
772 597 701 657 742 
773 350 650 688 710 
774 516 446 674 717 
775 509 506 486 720 
776 242 687 678 765 
777 505 714 661 720 
778 475 515 691 725 
779 162 167 157 674 
780 689 702 647 734 
781 242 278 678 687 
782 701 711 653 740 
783 659 714 256 729 
784 704 708 571 734 
785 621 376 692 710 
786 675 682 646 753 
787 225 697 667 749 
788 461 667 444 671 
789 249 712 660 724 
790 458 468 676 686 
791 626 692 656 710 
792 177 672 172 673 
793 653 593 694 740 
794 532 695 692 752 
795 657 699 597 742 
796 313 688 679 770 
797 249 712 724 742 
798 509 714 486 755 
799 719 721 654 764 
800 685 709 649 749 
801 245 265 713 716 
802 655 692 575 695 
803 563 677 663 741 
804 704 718 647 734 
805 157 162 674 682 
806 655 695 575 745 
807 182 172 672 690 
808 443 673 518 728 
809 646 675 674 682 
810 674 675 646 684 
811 296 662 729 755 
812 167 157 674 684 
813 485 425 526 721 
814 225 667 223 749 
815 292 658 702 708 
816 657 724 712 742 
817 292 702 658 757 
818 665 700 653 725 
819 562 738 682 753 
820 516 528 446 717 
821 464 671 444 728 
822 626 656 580 710 
823 431 679 688 748 
824 658 686 676 747 
825 613 699 597 711 
826 688 748 679 770 
827 350 688 650 744 
828 292 228 702 757 
829 577 656 626 692 
830 483 680 721 764 
831 562 682 675 753 
832 580 656 577 765 
833 372 720 661 722 
834 602 693 662 726 
835 292 702 228 708 
836 657 711 699 754 
837 575 692 655 745 
838 686 706 658 757 
839 197 678 687 748 
840 580 626 577 656 
841 154 619 557 682 
842 685 704 303 747 
843 154 675 619 682 
844 656 707 580 710 
845 680 654 721 764 
846 663 677 563 738 
847 443 672 518 673 
848 619 154 156 675 
849 259 256 714 729 
850 580 707 656 765 
851 494 739 687 743 
852 365 663 654 726 
853 658 702 676 757 
854 654 719 696 721 
855 468 676 686 747 
856 637 681 267 750 
857 654 721 365 726 
858 669 651 673 690 
859 515 475 471 725 
860 227 658 292 709 
861 281 690 731 736 
862 563 663 603 741 
863 692 695 655 752 
864 679 687 494 739 
865 672 673 651 690 
866 425 370 526 721 
867 486 425 680 720 
868 657 701 700 742 
869 227 658 709 757 
870 482 483 484 721 
871 647 666 664 695 
872 252 724 657 742 
873 313 431 679 688 
874 657 700 252 742 
875 319 699 613 711 
876 496 463 689 702 
877 252 700 657 724 
878 444 728 667 731 
879 621 578 626 692 
880 666 695 647 718 
881 197 242 278 678 
882 423 660 247 716 
883 656 692 577 703 
884 647 695 664 718 
885 655 692 687 703 
886 647 658 704 708 
887 656 687 692 703 
888 482 719 483 721 
889 278 687 242 765 
890 658 676 647 704 
891 326 160 155 684 
892 482 696 719 721 
893 365 696 367 721 
894 593 711 596 740 
895 476 691 515 725 
896 596 711 701 740 
897 656 687 679 692 
898 679 687 655 692 
899 468 686 324 747 
900 394 668 683 763 
901 256 288 659 729 
902 531 463 676 733 
903 227 292 658 757 
904 647 702 658 708 
905 594 722 659 729 
906 249 248 660 712 
907 675 684 331 735 
908 423 530 478 660 
909 245 705 297 716 
910 303 685 591 704 
911 342 341 718 733 
912 353 350 698 744 
913 647 676 658 702 
914 468 324 676 747 
915 667 728 651 731 
916 699 712 616 742 
917 359 668 699 715 
918 658 686 685 709 
919 685 686 649 709 
920 232 231 689 734 
921 448 678 688 744 
922 458 686 658 757 
923 271 210 161 674 
924 190 717 674 759 
925 259 729 714 755 
926 292 187 709 751 
927 665 711 362 725 
928 706 709 658 757 
929 651 731 690 736 
930 692 710 376 770 
931 548 681 756 758 
932 342 718 666 733 
933 519 737 457 760 
934 616 597 699 742 
935 656 687 678 748 
936 458 706 686 757 
937 191 247 423 660 
938 227 709 706 757 
939 258 204 288 659 
940 292 708 187 751 
941 663 738 563 753 
942 585 681 637 750 
943 362 383 694 711 
944 532 575 692 695 
945 461 444 464 671 
946 281 731 212 736 
947 461 671 464 737 
948 632 565 727 749 
949 656 703 577 765 
950 323 727 685 767 
951 657 712 699 742 
952 675 735 331 753 
953 319 699 711 754 
954 714 729 648 755 
955 448 730 678 744 
956 156 154 157 675 
957 505 477 661 714 
958 667 697 225 736 
959 186 689 231 702 
960 647 708 704 734 
961 513 453 730 744 
962 532 692 346 752 
963 639 659 595 740 
964 157 675 154 682 
965 530 716 497 768 
966 421 674 190 717 
967 171 387 169 673 
968 423 478 191 660 
969 672 690 651 731 
970 655 687 739 743 
971 265 245 297 716 
972 296 729 221 755 
973 202 741 662 772 
974 591 704 685 751 
975 667 671 651 728 
976 186 496 689 702 
977 581 664 718 734 
978 308 367 696 721 
979 482 484 696 721 
980 668 660 712 715 
981 551 662 202 741 
982 604 563 677 738 
983 174 272 209 690 
984 182 669 172 690 
985 370 693 721 769 
986 474 660 715 724 
987 241 707 678 758 
988 607 662 602 693 
989 631 607 602 726 
990 382 542 693 746 
991 403 359 668 699 
992 667 697 649 749 
993 325 387 171 669 
994 516 674 446 684 
995 202 551 257 662 
996 692 703 655 745 
997 639 204 659 740 
998 653 711 665 725 
999 646 738 663 753 
1000 394 732 668 763 
1001 245 713 267 750 
1002 171 669 387 673 
1003 668 712 699 715 
1004 648 729 662 755 
1005 406 362 383 694 
1006 637 713 586 750 
1007 659 661 648 722 
1008 607 693 602 726 
1009 461 667 737 760 
1010 249 250 248 712 
1011 153 674 500 684 
1012 653 700 665 701 
1013 700 701 252 742 
1014 167 675 157 684 
1015 648 661 659 714 
1016 326 386 160 684 
1017 331 684 397 735 
1018 271 161 158 674 
1019 290 259 714 755 
1020 256 259 288 729 
1021 581 664 695 718 
1022 270 190 674 759 
1023 602 726 662 741 
1024 527 700 475 761 
1025 665 700 657 701 
1026 665 701 657 711 
1027 676 702 647 733 
1028 361 613 550 711 
1029 660 683 495 715 
1030 412 665 362 725 
1031 637 189 267 681 
1032 628 563 738 753 
1033 650 681 670 705 
1034 649 737 667 760 
1035 652 681 670 698 
1036 653 701 665 711 
1037 476 661 691 725 
1038 464 671 332 737 
1039 562 630 682 738 
1040 564 685 323 727 
1041 394 683 378 763 
1042 308 696 433 721 
1043 332 671 464 728 
1044 403 668 549 699 
1045 248 660 712 713 
1046 382 746 693 769 
1047 231 708 702 734 
1048 656 688 678 707 
1049 678 688 650 707 
1050 664 689 234 773 
1051 501 672 173 673 
1052 423 530 660 716 
1053 245 267 681 750 
1054 670 730 453 744 
1055 367 696 663 735 
1056 441 500 153 674 
1057 421 499 270 674 
1058 646 735 675 753 
1059 158 674 162 682 
1060 666 718 647 733 
1061 581 664 636 695 
1062 386 675 160 684 
1063 225 223 289 749 
1064 480 371 309 661 
1065 270 190 421 674 
1066 271 674 158 682 
1067 342 695 666 718 
1068 494 743 687 773 
1069 620 669 175 690 
1070 660 657 712 715 
1071 440 501 173 673 
1072 633 663 726 741 
1073 474 660 495 715 
1074 581 718 571 734 
1075 475 691 527 761 
1076 476 505 477 661 
1077 655 687 679 739 
1078 460 676 702 757 
1079 422 700 724 762 
1080 295 691 659 740 
1081 542 612 693 746 
1082 522 313 402 688 
1083 153 500 159 684 
1084 495 683 660 768 
1085 660 712 657 724 
1086 272 168 672 690 
1087 664 743 689 773 
1088 384 669 536 723 
1089 375 694 543 722 
1090 272 174 168 690 
1091 659 694 593 740 
1092 443 728 517 731 
1093 637 267 713 750 
1094 366 735 663 753 
1095 693 721 654 726 
1096 308 400 433 696 
1097 173 501 176 672 
1098 477 691 661 714 
1099 245 265 277 713 
1100 536 384 617 669 
1101 320 543 375 694 
1102 433 696 484 721 
1103 173 176 177 672 
1104 162 158 161 674 
1105 662 693 607 746 
1106 633 603 663 741 
1107 250 712 249 742 
1108 463 460 676 702 
1109 213 667 225 736 
1110 620 175 170 690 
1111 575 703 692 745 
1112 699 712 657 715 
1113 600 257 551 662 
1114 648 714 659 729 
1115 532 645 346 692 
1116 249 724 252 742 
1117 373 406 372 694 
1118 670 681 650 698 
1119 487 717 696 735 
1120 260 422 700 724 
1121 646 684 675 735 
1122 341 704 345 718 
1123 527 203 700 761 
1124 659 691 256 714 
1125 400 433 696 735 
1126 349 698 350 756 
1127 379 720 372 722 
1128 173 672 177 673 
1129 367 663 366 735 
1130 583 548 681 756 
1131 374 665 434 762 
1132 366 395 735 753 
1133 670 681 652 705 
1134 592 593 694 711 
1135 411 704 535 718 
1136 532 346 695 752 
1137 639 552 595 659 
1138 202 239 741 772 
1139 600 257 662 729 
1140 475 515 476 691 
1141 343 341 345 718 
1142 450 448 688 744 
1143 361 319 613 711 
1144 197 687 489 748 
1145 471 472 665 700 
1146 221 729 259 755 
1147 575 695 574 745 
1148 620 556 175 669 
1149 383 592 694 711 
1150 651 671 667 697 
1151 595 659 593 740 
1152 661 720 648 722 
1153 448 678 449 688 
1154 359 357 668 715 
1155 339 323 685 767 
1156 402 522 688 744 
1157 256 659 295 691 
1158 485 486 425 680 
1159 650 707 688 710 
1160 241 678 243 730 
1161 285 678 416 730 
1162 670 698 650 744 
1163 324 430 336 686 
1164 197 489 678 748 
1165 308 367 400 696 
1166 296 259 221 729 
1167 321 498 673 728 
1168 409 339 323 685 
1169 371 480 439 661 
1170 562 630 675 682 
1171 219 662 755 764 
1172 688 707 656 710 
1173 594 598 722 729 
1174 171 169 172 673 
1175 394 668 357 683 
1176 474 724 715 762 
1177 317 403 359 668 
1178 574 695 664 745 
1179 365 663 367 696 
1180 613 597 550 711 
1181 368 721 693 726 
1182 222 493 667 731 
1183 621 376 578 692 
1184 353 698 670 744 
1185 248 712 250 713 
1186 647 718 664 734 
1187 295 691 740 761 
1188 554 690 269 736 
1189 310 434 374 665 
1190 343 342 341 718 
1191 589 756 707 758 
1192 628 738 562 753 
1193 203 527 691 761 
1194 662 726 654 741 
1195 664 666 655 695 
1196 317 549 403 668 
1197 680 648 720 769 
1198 650 678 730 744 
1199 523 689 666 743 
1200 516 674 421 717 
1201 636 664 581 734 
1202 656 710 692 770 
1203 457 686 458 706 
1204 186 230 462 702 
1205 171 172 669 673 
1206 646 677 663 738 
1207 287 590 201 712 
1208 552 659 258 729 
1209 420 670 355 763 
1210 470 310 363 725 
1211 257 296 662 729 
1212 649 671 667 737 
1213 264 687 278 765 
1214 477 476 661 691 
1215 460 458 468 676 
1216 670 705 453 730 
1217 651 697 667 736 
1218 530 497 495 768 
1219 517 728 444 731 
1220 471 473 472 700 
1221 191 660 478 724 
1222 336 686 430 737 
1223 287 201 250 712 
1224 664 666 647 689 
1225 590 201 712 713 
1226 434 665 310 725 
1227 644 701 597 742 
1228 655 666 664 743 
1229 309 480 661 720 
1230 453 513 452 744 
1231 513 730 448 744 
1232 258 659 288 729 
1233 610 663 316 726 
1234 551 202 239 741 
1235 160 675 167 684 
1236 284 225 697 736 
1237 255 502 193 714 
1238 722 746 382 769 
1239 428 494 687 773 
1240 660 668 652 683 
1241 250 712 201 713 
1242 599 701 254 740 
1243 680 755 662 764 
1244 565 567 685 709 
1245 153 167 674 684 
1246 574 664 636 745 
1247 661 691 659 714 
1248 661 714 648 720 
1249 257 296 202 662 
1250 400 696 367 735 
1251 678 730 241 758 
1252 659 694 661 722 
1253 353 670 698 763 
1254 504 705 670 768 
1255 583 698 681 750 
1256 248 660 713 716 
1257 255 691 426 714 
1258 249 660 191 724 
1259 422 472 700 762 
1260 567 709 565 749 
1261 402 688 352 744 
1262 630 619 675 682 
1263 290 259 256 714 
1264 175 669 182 690 
1265 232 689 664 734 
1266 182 672 168 690 
1267 659 722 648 729 
1268 652 668 660 713 
1269 473 422 472 700 
1270 536 723 669 771 
1271 518 672 501 673 
1272 665 700 472 762 
1273 448 449 450 688 
1274 565 685 564 727 
1275 530 495 474 660 
1276 186 462 496 702 
1277 630 557 619 682 
1278 503 355 315 763 
1279 470 434 310 725 
1280 461 737 519 760 
1281 704 747 685 751 
1282 503 420 355 763 
1283 379 720 722 769 
1284 530 660 474 724 
1285 304 384 536 723 
1286 200 677 604 741 
1287 345 341 676 704 
1288 245 277 267 713 
1289 517 443 518 728 
1290 662 693 654 726 
1291 689 743 237 773 
1292 213 731 667 736 
1293 237 689 427 743 
1294 496 462 463 702 
1295 669 690 620 771 
1296 583 584 698 750 
1297 587 713 668 750 
1298 200 604 677 738 
1299 264 703 687 765 
1300 308 365 367 721 
1301 657 715 660 724 
1302 551 602 662 741 
1303 463 467 689 733 
1304 505 661 480 720 
1305 153 159 167 684 
1306 653 694 659 740 
1307 574 636 664 695 
1308 368 365 721 726 
1309 331 735 395 753 
1310 652 668 732 763 
1311 421 516 499 674 
1312 324 468 430 686 
1313 453 670 504 705 
1314 225 284 697 749 
1315 235 708 231 734 
1316 338 704 676 747 
1317 518 501 440 673 
1318 589 548 756 758 
1319 469 743 494 773 
1320 288 295 256 659 
1321 249 252 251 742 
1322 653 691 661 725 
1323 610 316 663 753 
1324 340 468 324 676 
1325 696 717 487 719 
1326 303 409 547 685 
1327 594 694 659 722 
1328 659 661 653 691 
1329 650 688 678 744 
1330 650 705 670 730 
1331 394 357 378 683 
1332 516 500 674 684 
1333 319 711 361 754 
1334 652 698 670 763 
1335 313 431 380 679 
1336 522 431 313 688 
1337 652 683 668 763 
1338 503 683 512 768 
1339 531 463 460 676 
1340 653 661 659 694 
1341 188 554 269 736 
1342 671 697 651 723 
1343 494 529 679 739 
1344 182 168 174 690 
1345 353 413 670 763 
1346 284 697 611 736 
1347 170 175 182 690 
1348 504 670 453 768 
1349 536 617 629 669 
1350 548 189 638 681 
1351 434 471 665 725 
1352 503 315 683 763 
1353 345 676 338 704 
1354 345 341 338 676 
1355 645 312 346 692 
1356 235 702 231 708 
1357 530 478 660 724 
1358 439 480 505 661 
1359 583 681 698 756 
1360 535 704 641 718 
1361 411 345 704 718 
1362 572 723 697 727 
1363 614 548 707 758 
1364 648 680 662 693 
1365 502 255 426 714 
1366 640 616 597 699 
1367 155 160 167 684 
1368 663 735 646 753 
1369 456 301 336 737 
1370 513 448 452 744 
1371 153 167 162 674 
1372 337 685 747 767 
1373 288 659 204 740 
1374 320 383 543 694 
1375 661 694 653 725 
1376 641 571 581 718 
1377 608 668 317 732 
1378 234 664 232 689 
1379 554 559 690 736 
1380 569 632 727 749 
1381 248 713 265 716 
1382 652 732 698 763 
1383 494 679 451 687 
1384 157 158 162 682 
1385 357 683 668 715 
1386 206 682 618 738 
1387 224 289 223 760 
1388 163 154 557 682 
1389 310 665 412 725 
1390 184 614 707 758 
1391 469 237 427 743 
1392 321 419 498 728 
1393 606 375 543 722 
1394 344 739 666 752 
1395 177 168 182 672 
1396 335 723 401 727 
1397 551 239 601 741 
1398 546 709 187 751 
1399 400 445 433 735 
1400 414 346 692 752 
1401 536 669 629 771 
1402 668 683 660 715 
1403 431 455 380 679 
1404 374 754 665 762 
1405 666 689 664 743 
1406 528 516 421 717 
1407 518 673 498 728 
1408 387 669 325 766 
1409 307 490 356 683 
1410 418 468 340 676 
1411 211 442 222 731 
1412 697 723 560 771 
1413 250 287 712 742 
1414 643 729 662 746 
1415 668 713 652 750 
1416 387 673 669 766 
1417 593 595 594 659 
1418 234 689 237 773 
1419 457 519 461 737 
1420 398 325 669 766 
1421 252 260 700 724 
1422 399 723 671 766 
1423 219 662 764 772 
1424 516 500 441 674 
1425 329 671 332 728 
1426 547 591 303 685 
1427 227 224 706 709 
1428 272 672 281 690 
1429 589 707 548 758 
1430 222 442 493 731 
1431 344 666 342 695 
1432 588 712 668 713 
1433 671 727 333 767 
1434 657 665 711 754 
1435 655 743 664 773 
1436 503 490 512 683 
1437 552 594 659 729 
1438 450 688 522 744 
1439 564 565 547 685 
1440 434 470 471 725 
1441 459 457 458 706 
1442 624 163 557 682 
1443 465 479 302 733 
1444 663 677 654 741 
1445 340 676 341 733 
1446 312 414 346 692 
1447 681 698 652 750 
1448 594 593 659 694 
1449 569 632 565 727 
1450 198 285 416 730 
1451 663 654 726 741 
1452 310 412 363 725 
1453 697 560 736 771 
1454 313 679 396 770 
1455 411 535 407 718 
1456 295 263 691 761 
1457 492 374 434 762 
1458 651 667 731 736 
1459 248 247 660 716 
1460 279 216 218 717 
1461 373 372 371 725 
1462 600 551 643 662 
1463 562 628 630 738 
1464 353 698 354 763 
1465 598 722 729 746 
1466 620 629 556 669 
1467 317 668 394 732 
1468 372 661 371 725 
1469 416 285 197 678 
1470 202 662 219 772 
1471 256 691 255 714 
1472 232 233 231 734 
1473 715 724 657 762 
1474 687 743 655 773 
1475 566 685 709 751 
1476 605 535 641 718 
1477 599 553 701 740 
1478 600 662 643 729 
1479 411 591 535 704 
1480 648 722 720 769 
1481 352 402 313 688 
1482 242 243 241 678 
1483 566 685 567 709 
1484 354 698 732 763 
1485 256 295 263 691 
1486 335 671 723 727 
1487 418 676 340 733 
1488 336 430 456 737 
1489 664 689 647 734 
1490 634 293 546 709 
1491 205 435 211 731 
1492 225 213 223 667 
1493 428 469 494 773 
1494 566 565 567 685 
1495 382 722 542 746 
1496 372 404 379 722 
1497 471 475 473 700 
1498 371 661 439 725 
1499 567 565 632 749 
1500 656 707 678 765 
1501 479 418 340 733 
1502 524 527 203 700 
1503 244 730 705 758 
1504 449 688 678 748 
1505 657 724 700 762 
1506 503 763 683 768 
1507 569 727 697 749 
1508 465 347 666 733 
1509 629 669 620 771 
1510 337 339 685 767 
1511 663 696 646 735 
1512 616 699 640 712 
1513 385 684 436 735 
1514 523 427 689 743 
1515 244 705 681 758 
1516 590 712 287 742 
1517 205 672 435 731 
1518 397 386 326 684 
1519 667 671 649 697 
1520 696 717 646 735 
1521 697 727 649 749 
1522 337 685 339 747 
1523 544 664 195 745 
1524 212 731 282 736 
1525 668 652 732 750 
1526 611 697 284 749 
1527 648 729 722 746 
1528 577 692 575 703 
1529 407 535 605 718 
1530 679 692 348 770 
1531 648 693 662 746 
1532 293 709 634 749 
1533 412 362 373 725 
1534 650 730 670 744 
1535 399 671 329 766 
1536 352 688 350 744 
1537 578 376 312 692 
1538 336 334 686 737 
1539 574 581 636 695 
1540 219 755 221 764 
1541 232 231 186 689 
1542 587 668 732 750 
1543 353 354 413 763 
1544 681 650 756 758 
1545 210 271 280 674 
1546 513 453 705 730 
1547 198 241 243 730 
1548 608 549 317 668 
1549 191 249 248 660 
1550 445 696 433 735 
1551 645 532 575 692 
1552 309 661 372 720 
1553 430 686 457 737 
1554 586 585 637 750 
1555 428 687 266 773 
1556 678 707 650 758 
1557 659 691 653 740 
1558 670 763 454 768 
1559 167 160 157 675 
1560 633 603 563 663 
1561 245 267 189 681 
1562 520 706 226 760 
1563 650 698 681 756 
1564 335 671 399 723 
1565 295 659 288 740 
1566 326 155 164 684 
1567 241 707 184 765 
1568 408 685 303 747 
1569 333 671 335 727 
1570 646 663 677 696 
1571 274 163 624 682 
1572 411 303 591 704 
1573 467 666 523 689 
1574 425 388 370 720 
1575 229 187 293 709 
1576 587 588 668 713 
1577 193 256 255 714 
1578 599 254 553 740 
1579 337 747 686 767 
1580 532 574 575 695 
1581 333 332 671 737 
1582 680 693 648 769 
1583 295 288 204 740 
1584 546 187 708 751 
1585 662 680 654 693 
1586 369 382 693 769 
1587 652 713 660 716 
1588 680 764 662 772 
1589 583 681 585 750 
1590 336 301 334 737 
1591 196 262 579 703 
1592 179 511 440 673 
1593 623 156 165 675 
1594 554 188 558 736 
1595 524 475 527 700 
1596 510 441 166 674 
1597 307 432 683 715 
1598 402 521 522 744 
1599 347 666 344 739 
1600 183 237 743 773 
1601 538 206 618 738 
1602 348 692 679 752 
1603 431 688 449 748 
1604 340 302 479 733 
1605 654 677 663 696 
1606 583 585 584 750 
1607 690 736 559 771 
1608 344 666 695 752 
1609 671 728 329 766 
1610 510 166 276 674 
1611 491 199 705 716 
1612 313 380 396 679 
1613 248 250 201 713 
1614 572 401 723 727 
1615 662 680 648 755 
1616 664 695 655 745 
1617 307 432 490 683 
1618 578 577 626 692 
1619 408 303 704 747 
1620 453 670 454 768 
1621 274 158 163 682 
1622 209 272 281 690 
1623 347 465 666 739 
1624 233 232 664 734 
1625 398 387 325 766 
1626 544 636 664 745 
1627 197 278 266 687 
1628 504 453 454 768 
1629 571 704 568 708 
1630 511 389 498 673 
1631 420 355 670 744 
1632 191 248 247 660 
1633 392 326 164 684 
1634 197 266 489 687 
1635 253 701 700 761 
1636 482 696 487 719 
1637 187 546 293 709 
1638 337 324 686 747 
1639 466 523 666 743 
1640 276 499 510 674 
1641 607 693 612 746 
1642 389 321 498 673 
1643 702 708 647 734 
1644 476 439 661 725 
1645 285 243 197 678 
1646 651 690 669 771 
1647 342 666 347 733 
1648 246 491 199 705 
1649 320 375 404 694 
1650 179 389 511 673 
1651 671 333 737 767 
1652 445 400 306 735 
1653 359 699 358 715 
1654 375 404 694 722 
1655 381 608 317 732 
1656 587 586 713 750 
1657 612 318 693 726 
1658 514 486 680 755 
1659 447 198 416 730 
1660 226 706 520 757 
1661 371 372 309 661 
1662 377 348 692 770 
1663 252 700 253 701 
1664 328 321 673 728 
1665 311 695 342 718 
1666 697 723 671 727 
1667 254 701 253 740 
1668 294 570 187 708 
1669 417 520 226 760 
1670 540 586 637 713 
1671 233 664 195 734 
1672 654 680 662 772 
1673 674 717 646 759 
1674 268 714 438 755 
1675 522 450 431 688 
1676 664 234 745 773 
1677 715 754 374 762 
1678 216 677 218 717 
1679 227 229 224 709 
1680 481 487 717 719 
1681 303 339 409 685 
1682 242 197 243 678 
1683 245 681 244 705 
1684 436 684 446 735 
1685 584 732 698 750 
1686 179 169 389 673 
1687 392 164 508 684 
1688 282 731 213 736 
1689 668 712 660 713 
1690 572 560 697 723 
1691 347 415 465 739 
1692 281 269 690 736 
1693 655 664 745 773 
1694 653 740 691 761 
1695 548 638 585 681 
1696 262 579 703 765 
1697 202 219 239 772 
1698 365 316 663 726 
1699 439 505 476 661 
1700 465 302 347 733 
1701 521 355 420 744 
1702 374 310 665 754 
1703 209 275 174 690 
1704 335 329 399 671 
1705 200 677 216 738 
1706 182 175 172 669 
1707 187 229 292 709 
1708 687 703 656 765 
1709 428 266 183 773 
1710 405 333 727 767 
1711 698 732 652 750 
1712 306 385 436 735 
1713 245 244 297 705 
1714 443 517 444 731 
1715 493 444 667 731 
1716 181 176 507 672 
1717 618 274 624 682 
1718 205 273 435 672 
1719 623 165 390 675 
1720 618 682 630 738 
1721 338 676 324 747 
1722 636 581 615 734 
1723 165 160 390 675 
1724 445 487 696 735 
1725 687 703 238 773 
1726 281 212 282 736 
1727 302 340 341 733 
1728 153 166 441 674 
1729 381 609 608 732 
1730 228 702 235 708 
1731 322 555 623 675 
1732 226 520 208 757 
1733 647 689 666 733 
1734 179 440 173 673 
1735 254 599 194 701 
1736 492 715 374 762 
1737 183 237 469 743 
1738 222 667 213 731 
1739 576 574 636 745 
1740 375 606 382 722 
1741 217 677 200 741 
1742 450 449 431 688 
1743 316 330 610 125 
1744 614 240 548 758 
1745 366 663 316 753 
1746 253 740 701 761 
1747 435 211 61 205 
1748 186 231 230 702 
1749 380 679 455 739 
1750 623 619 156 675 
1751 597 701 596 711 
1752 419 518 498 728 
1753 349 353 350 698 
1754 178 275 622 690 
1755 327 419 321 728 
1756 610 364 541 726 
1757 443 501 518 672 
1758 337 324 336 686 
1759 685 727 649 767 
1760 271 158 274 682 
1761 580 577 579 765 
1762 426 203 527 691 
1763 650 730 678 758 
1764 666 689 467 733 
1765 657 700 665 762 
1766 532 346 573 695 
1767 707 710 650 756 
1768 411 407 345 718 
1769 303 408 339 685 
1770 604 628 563 738 
1771 448 416 678 730 
1772 655 695 666 752 
1773 514 755 680 764 
1774 461 493 667 760 
1775 298 703 745 773 
1776 622 170 178 690 
1777 206 274 618 682 
1778 513 705 437 730 
1779 433 482 484 696 
1780 462 702 230 757 
1781 181 507 273 672 
1782 327 332 464 728 
1783 504 716 705 768 
1784 610 633 663 726 
1785 174 275 178 690 
1786 426 527 475 691 
1787 507 435 273 672 
1788 503 454 763 768 
1789 509 486 438 755 
1790 357 307 683 715 
1791 164 159 508 684 
1792 229 227 292 709 
1793 623 390 322 675 
1794 408 339 685 747 
1795 365 366 367 663 
1796 270 499 276 674 
1797 314 402 352 744 
1798 194 252 701 742 
1799 590 540 201 713 
1800 686 747 685 767 
1801 569 572 697 727 
1802 514 488 755 764 
1803 366 331 395 753 
1804 594 595 552 659 
1805 641 568 571 704 
1806 654 693 680 721 
1807 432 495 683 715 
1808 502 438 268 714 
1809 345 704 338 747 
1810 592 543 383 694 
1811 610 663 563 753 
1812 428 183 469 773 
1813 583 548 585 681 
1814 451 687 679 748 
1815 476 515 439 725 
1816 610 316 364 726 
1817 324 336 430 117 
1818 437 513 453 705 
1819 297 705 199 716 
1820 212 281 272 672 
1821 644 597 616 742 
1822 516 446 500 684 
1823 181 273 168 672 
1824 238 687 264 703 
1825 669 673 651 766 
1826 350 688 351 710 
1827 427 186 496 689 
1828 426 691 477 714 
1829 634 709 567 749 
1830 588 699 668 712 
1831 203 426 255 691 
1832 416 197 489 678 
1833 325 171 180 669 
1834 363 371 439 725 
1835 590 712 540 713 
1836 184 240 614 758 
1837 270 674 280 759 
1838 584 537 698 732 
1839 581 695 573 718 
1840 195 664 234 745 
1841 328 728 673 766 
1842 381 317 394 732 
1843 435 442 211 731 
1844 302 342 347 733 
1845 445 306 436 735 
1846 583 589 548 756 
1847 579 707 580 765 
1848 587 668 608 732 
1849 270 280 190 759 
1850 157 154 158 682 
1851 558 284 611 736 
1852 330 561 610 125 
1853 405 333 335 727 
1854 435 672 443 731 
1855 549 613 403 699 
1856 347 299 415 739 
1857 294 570 708 734 
1858 366 316 330 753 
1859 579 577 703 765 
1860 218 717 677 719 
1861 555 322 124 753 
1862 380 348 679 739 
1863 251 250 249 742 
1864 183 743 469 773 
1865 458 459 706 757 
1866 491 705 504 716 
1867 473 475 524 700 
1868 555 675 322 753 
1869 700 701 653 761 
1870 662 729 648 746 
1871 395 331 397 735 
1872 227 228 292 757 
1873 549 668 588 699 
1874 367 366 395 735 
1875 390 160 386 675 
1876 248 277 265 713 
1877 511 498 440 673 
1878 301 456 332 737 
1879 216 738 677 759 
1880 676 704 658 747 
1881 554 558 559 736 
1882 670 705 652 768 
1883 353 670 355 744 
1884 305 609 381 732 
1885 298 703 196 745 
1886 268 193 502 714 
1887 330 124 322 753 
1888 593 592 596 711 
1889 474 495 432 715 
1890 194 251 252 742 
1891 282 213 225 736 
1892 340 324 468 116 
1893 211 222 213 731 
1894 163 158 154 682 
1895 492 307 374 715 
1896 533 300 621 710 
1897 246 437 491 705 
1898 233 232 195 664 
1899 525 433 484 721 
1900 487 433 445 696 
1901 540 637 267 713 
1902 447 437 246 730 
1903 483 680 485 721 
1904 193 40 502 255 
1905 320 406 383 694 
1906 332 329 333 671 
1907 299 455 415 739 
1908 393 722 382 769 
1909 591 685 566 751 
1910 349 582 698 756 
1911 237 186 427 689 
1912 643 602 607 662 
1913 566 709 567 751 
1914 229 709 293 749 
1915 298 238 703 773 
1916 286 590 287 742 
1917 642 580 707 710 
1918 471 472 434 665 
1919 320 130 375 543 
1920 551 601 602 741 
1921 649 697 671 727 
1922 340 324 338 676 
1923 470 363 439 725 
1924 501 507 176 672 
1925 553 596 701 740 
1926 391 325 180 669 
1927 180 556 625 669 
1928 462 460 702 757 
1929 169 387 389 673 
1930 544 195 236 745 
1931 422 473 524 700 
1932 155 326 16 160 
1933 173 177 172 673 
1934 315 356 683 763 
1935 451 494 529 679 
1936 341 342 302 733 
1937 521 314 355 744 
1938 362 665 360 711 
1939 602 643 551 662 
1940 538 618 630 738 
1941 284 558 188 736 
1942 677 696 654 719 
1943 237 234 232 689 
1944 200 214 604 738 
1945 215 271 682 759 
1946 299 347 344 739 
1947 579 545 196 703 
1948 170 622 620 690 
1949 363 310 470 102 
1950 625 617 391 669 
1951 396 679 348 770 
1952 551 68 202 257 
1953 214 206 538 738 
1954 430 457 456 737 
1955 115 418 340 479 
1956 456 336 301 118 
1957 391 180 625 669 
1958 557 618 624 682 
1959 508 385 392 684 
1960 552 598 594 729 
1961 220 221 755 764 
1962 448 447 416 730 
1963 217 719 677 772 
1964 346 311 573 695 
1965 534 293 634 749 
1966 370 369 693 769 
1967 646 696 677 717 
1968 184 707 241 758 
1969 432 474 715 762 
1970 359 358 357 715 
1971 185 417 226 760 
1972 612 541 364 726 
1973 643 662 607 746 
1974 377 692 376 770 
1975 468 418 340 116 
1976 686 737 334 767 
1977 235 228 231 702 
1978 447 246 198 730 
1979 345 407 343 718 
1980 305 537 609 732 
1981 671 723 651 766 
1982 463 462 460 702 
1983 508 159 500 684 
1984 377 414 692 752 
1985 679 692 655 752 
1986 363 439 371 101 
1987 222 59 185 760 
1988 292 228 235 708 
1989 482 487 481 719 
1990 208 226 57 520 
1991 704 708 658 751 
1992 283 717 218 719 
1993 649 727 671 767 
1994 701 740 653 761 
1995 517 464 444 728 
1996 266 428 489 687 
1997 299 380 455 739 
1998 588 540 712 713 
1999 376 621 300 710 
2000 351 710 688 770 
2001 370 693 368 721 
2002 655 666 739 752 
2003 579 614 707 765 
2004 196 703 545 745 
2005 174 22 209 272 
2006 588 640 699 712 
2007 601 200 604 741 
2008 281 188 269 736 
2009 610 563 561 753 
2010 606 375 382 129 
2011 222 667 493 760 
2012 313 351 352 688 
2013 410 526 370 721 
2014 649 671 737 767 
2015 499 441 510 674 
2016 356 357 307 683 
2017 226 706 224 760 
2018 305 698 537 732 
2019 275 269 622 690 
2020 537 349 582 698 
2021 562 630 619 675 
2022 302 115 340 479 
2023 658 747 704 751 
2024 203 261 524 700 
2025 639 254 204 740 
2026 434 665 472 762 
2027 199 491 46 716 
2028 579 614 580 707 
2029 360 362 412 665 
2030 348 679 739 752 
2031 456 464 332 737 
2032 205 212 672 731 
2033 218 677 217 719 
2034 642 533 710 756 
2035 493 444 461 667 
2036 671 651 728 766 
2037 496 463 467 689 
2038 327 329 332 728 
2039 649 686 685 767 
2040 571 708 570 734 
2041 345 408 704 747 
2042 402 314 521 744 
2043 438 488 220 755 
2044 554 622 269 690 
2045 423 46 491 716 
2046 436 385 508 684 
2047 493 442 444 731 
2048 185 226 224 760 
2049 525 308 433 721 
2050 171 325 28 387 
2051 300 582 349 756 
2052 215 682 206 738 
2053 314 352 350 744 
2054 369 382 318 693 
2055 437 705 246 730 
2056 576 575 574 745 
2057 91 269 188 554 
2058 294 708 235 734 
2059 241 184 242 765 
2060 355 413 315 763 
2061 180 175 556 669 
2062 466 523 467 666 
2063 555 124 561 753 
2064 509 438 714 755 
2065 430 468 324 117 
2066 156 157 160 675 
2067 344 299 739 752 
2068 492 432 307 715 
2069 360 711 665 754 
2070 168 273 272 672 
2071 640 597 613 699 
2072 545 703 575 745 
2073 531 676 418 733 
2074 655 703 687 773 
2075 573 695 311 718 
2076 388 370 720 769 
2077 387 28 171 169 
2078 470 439 363 101 
2079 601 239 200 741 
2080 468 458 430 686 
2081 685 686 658 747 
2082 611 697 560 736 
2083 481 717 283 719 
2084 222 223 667 760 
2085 646 682 674 759 
2086 165 156 160 675 
2087 464 419 327 728 
2088 320 383 131 543 
2089 546 187 570 708 
2090 612 542 382 128 
2091 313 351 688 770 
2092 381 305 137 609 
2093 612 631 541 726 
2094 542 382 606 722 
2095 360 665 310 754 
2096 502 426 477 714 
2097 220 268 438 755 
2098 656 692 679 770 
2099 361 711 360 754 
2100 376 377 312 692 
2101 428 489 687 748 
2102 523 469 427 743 
2103 364 693 318 726 
2104 217 677 741 772 
2105 654 764 680 772 
2106 247 199 46 716 
2107 184 707 614 765 
2108 397 684 385 735 
2109 255 40 502 426 
2110 428 687 451 748 
2111 400 367 306 735 
2112 361 592 383 711 
2113 264 278 242 765 
2114 211 435 61 442 
2115 247 46 423 716 
2116 573 311 605 718 
2117 336 456 430 118 
2118 250 286 287 742 
2119 544 236 635 745 
2120 364 368 693 726 
2121 330 561 124 753 
2122 253 254 194 701 
2123 221 259 290 755 
2124 345 338 408 747 
2125 642 710 707 756 
2126 591 568 704 751 
2127 260 261 252 700 
2128 377 692 348 752 
2129 380 313 111 431 
2130 619 13 156 154 
2131 604 214 538 738 
2132 215 280 271 759 
2133 286 539 590 742 
2134 393 375 382 722 
2135 617 384 391 669 
2136 544 576 636 745 
2137 246 705 244 730 
2138 434 470 310 102 
2139 656 679 687 748 
2140 68 551 600 257 
2141 230 702 228 757 
2142 514 438 486 755 
2143 235 231 233 734 
2144 303 411 345 704 
2145 337 686 334 767 
2146 10 210 161 271 
2147 355 670 413 763 
2148 315 378 356 763 
2149 488 220 755 764 
2150 378 683 356 763 
2151 514 680 483 764 
2152 298 238 264 703 
2153 164 155 159 684 
2154 379 404 393 722 
2155 451 679 431 748 
2156 386 16 326 160 
2157 662 741 654 772 
2158 239 551 67 202 
2159 344 342 311 695 
2160 612 382 318 128 
2161 154 619 13 557 
2162 377 396 348 770 
2163 352 351 350 688 
2164 479 302 114 465 
2165 560 723 627 771 
2166 317 359 357 668 
2167 614 548 589 707 
2168 445 436 446 735 
2169 581 574 573 695 
2170 290 714 268 755 
2171 569 572 560 697 
2172 38 438 488 220 
2173 340 338 341 676 
2174 521 450 522 744 
2175 465 666 467 733 
2176 546 567 634 709 
2177 466 666 465 739 
2178 537 305 349 698 
2179 441 19 153 500 
2180 431 111 380 455 
2181 438 38 268 220 
2182 161 166 153 674 
2183 248 265 247 716 
2184 498 518 440 673 
2185 583 698 582 756 
2186 648 693 746 769 
2187 615 581 571 734 
2188 347 342 344 666 
2189 393 379 722 769 
2190 655 745 703 773 
2191 345 408 303 704 
2192 284 188 225 736 
2193 578 621 141 376 
2194 578 312 645 692 
2195 187 294 86 570 
2196 161 153 162 674 
2197 635 236 545 745 
2198 328 327 321 728 
2199 644 596 597 701 
2200 174 22 272 168 
2201 305 137 609 537 
2202 436 94 385 306 
2203 208 230 228 757 
2204 200 216 214 738 
2205 204 258 70 639 
2206 333 329 335 671 
2207 540 587 586 713 
2208 268 290 193 714 
2209 195 234 236 745 
2210 677 717 696 719 
2211 178 170 174 690 
2212 678 688 656 748 
2213 480 371 100 309 
2214 236 196 545 745 
2215 236 298 196 745 
2216 438 514 488 755 
2217 181 168 176 672 
2218 656 748 688 770 
2219 331 322 675 753 
2220 504 497 716 768 
2221 434 310 374 103 
2222 194 252 253 701 
2223 558 91 188 554 
2224 112 299 455 415 
2225 643 598 729 746 
2226 31 173 440 501 
2227 445 446 487 735 
2228 502 509 438 714 
2229 579 184 614 765 
2230 642 626 580 710 
2231 610 541 633 726 
2232 31 173 501 176 
2233 176 168 177 672 
2234 626 533 621 710 
2235 685 658 709 751 
2236 500 19 153 159 
2237 474 422 724 762 
2238 327 332 120 464 
2239 379 309 372 720 
2240 357 394 317 668 
2241 437 246 48 447 
2242 94 436 445 306 
2243 428 494 451 687 
2244 191 247 45 423 
2245 490 503 106 356 
2246 133 361 613 550 
2247 283 481 190 717 
2248 563 628 562 753 
2249 633 563 610 663 
2250 315 106 503 356 
2251 591 547 566 685 
2252 55 186 230 462 
2253 450 452 448 744 
2254 546 567 709 751 
2255 200 217 216 677 
2256 549 588 640 699 
2257 599 553 596 701 
2258 304 572 401 723 
2259 420 454 453 670 
2260 271 161 10 158 
2261 542 607 612 746 
2262 227 706 226 757 
2263 432 715 492 762 
2264 262 184 579 765 
2265 634 567 534 749 
2266 199 246 47 491 
2267 380 299 348 739 
2268 447 246 48 198 
2269 262 579 81 196 
2270 559 620 690 771 
2271 239 217 200 741 
2272 506 505 480 720 
2273 377 348 414 752 
2274 169 179 173 673 
2275 399 304 723 766 
2276 277 201 267 713 
2277 270 276 210 674 
2278 194 539 286 742 
2279 374 360 310 754 
2280 314 353 355 744 
2281 201 540 267 713 
2282 294 291 570 734 
2283 587 540 588 713 
2284 234 195 232 664 
2285 536 627 723 771 
2286 439 371 100 480 
2287 254 204 71 639 
2288 385 326 392 684 
2289 583 584 537 698 
2290 113 347 415 465 
2291 214 604 65 200 
2292 297 246 199 705 
2293 553 593 596 740 
2294 45 191 423 478 
2295 612 364 318 726 
2296 495 490 432 683 
2297 475 476 426 691 
2298 556 25 620 175 
2299 443 435 501 672 
2300 264 238 278 687 
2301 458 457 430 686 
2302 67 601 551 239 
2303 25 170 620 175 
2304 560 559 736 771 
2305 234 298 745 773 
2306 225 207 284 749 
2307 323 401 564 727 
2308 305 354 698 732 
2309 605 311 407 718 
2310 572 304 536 723 
2311 258 257 69 729 
2312 654 719 764 772 
2313 388 720 379 769 
2314 550 592 361 711 
2315 688 710 656 770 
2316 130 606 375 543 
2317 311 573 605 144 
2318 449 678 489 748 
2319 646 717 677 759 
2320 423 497 530 716 
2321 620 554 559 690 
2322 483 719 424 764 
2323 542 722 598 746 
2324 639 553 254 740 
2325 584 609 537 732 
2326 491 504 497 716 
2327 229 293 207 749 
2328 486 485 514 680 
2329 608 588 549 668 
2330 351 376 710 770 
2331 350 353 314 744 
2332 321 387 328 673 
2333 222 493 59 760 
2334 208 520 429 757 
2335 194 701 599 742 
2336 189 244 681 758 
2337 171 172 175 669 
2338 483 485 484 721 
2339 610 541 364 126 
2340 666 655 739 743 
2341 470 515 471 725 
2342 408 337 339 747 
2343 301 332 456 119 
2344 403 613 319 699 
2345 293 534 207 749 
2346 365 364 316 726 
2347 646 677 738 759 
2348 705 716 652 768 
2349 354 732 394 763 
2350 609 587 608 732 
2351 679 655 739 752 
2352 355 108 521 420 
2353 382 542 606 129 
2354 337 334 339 767 
2355 112 299 380 455 
2356 220 219 221 764 
2357 441 499 516 674 
2358 265 297 199 716 
2359 189 548 638 240 
2360 60 222 211 442 
2361 461 519 493 760 
2362 500 446 436 684 
2363 214 215 206 738 
2364 185 59 417 760 
2365 294 187 235 708 
2366 196 264 262 703 
2367 376 141 578 312 
2368 328 673 387 766 
2369 258 288 259 729 
2370 537 582 583 698 
2371 538 604 65 214 
2372 272 205 212 672 
2373 343 311 342 718 
2374 275 209 269 690 
2375 618 557 630 682 
2376 307 490 105 356 
2377 658 685 747 751 
2378 455 431 451 679 
2379 406 404 372 694 
2380 485 483 514 680 
2381 455 679 529 739 
2382 421 190 481 717 
2383 193 290 256 714 
2384 532 573 346 143 
2385 568 708 704 751 
2386 304 401 335 723 
2387 264 262 703 765 
2388 322 386 331 675 
2389 257 259 296 729 
2390 707 756 650 758 
2391 536 629 627 771 
2392 50 416 285 197 
2393 562 675 555 753 
2394 504 491 437 705 
2395 611 560 558 736 
2396 425 486 506 720 
2397 132 383 361 592 
2398 213 222 223 667 
2399 617 625 556 669 
2400 577 575 545 703 
2401 316 366 365 663 
2402 207 611 284 749 
2403 107 503 355 315 
2404 652 763 670 768 
2405 73 286 194 539 
2406 477 426 476 691 
2407 677 719 654 772 
2408 258 552 70 639 
2409 465 466 467 666 
2410 120 419 327 464 
2411 336 334 337 686 
2412 358 715 699 754 
2413 608 381 136 609 
2414 169 173 172 673 
2415 656 679 748 770 
2416 631 602 633 726 
2417 615 291 195 734 
2418 54 496 427 186 
2419 113 347 299 415 
2420 215 682 738 759 
2421 623 555 619 675 
2422 389 387 321 673 
2423 194 599 539 742 
2424 364 316 610 126 
2425 322 390 386 675 
2426 292 235 187 708 
2427 572 564 401 727 
2428 283 424 481 719 
2429 642 582 533 756 
2430 512 683 495 768 
2431 207 534 611 749 
2432 252 249 260 724 
2433 578 575 577 692 
2434 296 219 202 662 
2435 651 736 690 771 
2436 263 203 255 691 
2437 422 260 44 724 
2438 507 501 435 672 
2439 468 418 460 676 
2440 503 107 355 420 
2441 206 271 274 682 
2442 151 617 536 384 
2443 491 246 47 437 
2444 262 80 579 184 
2445 466 666 739 743 
2446 374 715 358 754 
2447 302 347 114 465 
2448 599 701 644 742 
2449 592 593 543 694 
2450 327 321 419 121 
2451 554 620 622 690 
2452 353 413 355 670 
2453 565 566 547 685 
2454 420 452 521 744 
2455 263 203 691 761 
2456 453 504 437 705 
2457 155 167 159 684 
2458 222 185 223 760 
2459 69 552 258 729 
2460 283 35 190 481 
2461 590 588 540 712 
2462 436 508 500 684 
2463 208 429 56 757 
2464 329 728 328 766 
2465 203 261 700 761 
2466 318 364 368 693 
2467 399 398 304 766 
2468 75 201 287 590 
2469 346 344 695 752 
2470 216 215 738 759 
2471 80 614 579 184 
2472 479 531 418 733 
2473 498 419 321 121 
2474 428 451 489 748 
2475 364 541 612 127 
2476 422 43 260 524 
2477 34 421 499 270 
2478 407 311 605 144 
2479 206 538 64 214 
2480 416 489 449 678 
2481 474 472 422 762 
2482 411 146 591 303 
2483 133 361 319 613 
2484 205 272 273 672 
2485 384 536 151 304 
2486 215 271 206 682 
2487 150 572 401 304 
2488 549 134 403 613 
2489 530 474 478 724 
2490 217 741 239 772 
2491 186 55 496 462 
2492 180 171 175 669 
2493 699 715 657 754 
2494 553 595 593 740 
2495 213 282 212 731 
2496 170 182 174 690 
2497 429 208 57 520 
2498 333 301 332 737 
2499 279 717 190 759 
2500 531 460 418 676 
2501 89 284 207 611 
2502 311 346 573 143 
2503 673 728 651 766 
2504 572 150 536 304 
2505 492 434 374 103 
2506 534 89 207 611 
2507 370 369 368 693 
2508 64 618 538 206 
2509 639 71 254 553 
2510 579 545 81 196 
2511 140 621 533 300 
2512 317 381 136 608 
2513 637 77 189 638 
2514 639 595 553 740 
2515 597 596 550 711 
2516 378 357 356 683 
2517 416 449 448 678 
2518 237 54 427 186 
2519 619 555 562 675 
2520 306 397 385 735 
2521 256 263 255 691 
2522 723 766 669 771 
2523 323 564 148 409 
2524 287 286 74 590 
2525 591 535 146 411 
2526 307 104 492 374 
2527 69 257 600 729 
2528 266 687 238 773 
2529 435 443 442 731 
2530 334 737 333 767 
2531 592 131 383 543 
2532 594 543 593 694 
2533 207 225 289 749 
2534 546 708 568 751 
2535 108 314 355 521 
2536 222 60 493 442 
2537 105 432 490 307 
2538 260 191 44 724 
2539 224 226 227 706 
2540 545 579 577 703 
2541 119 332 456 464 
2542 458 429 459 757 
2543 227 226 208 757 
2544 66 604 601 200 
2545 198 246 244 730 
2546 517 518 419 728 
2547 572 627 560 723 
2548 223 185 224 760 
2549 189 244 245 681 
2550 649 737 686 767 
2551 205 211 212 731 
2552 421 34 190 270 
2553 200 601 66 239 
2554 35 421 190 481 
2555 503 512 454 768 
2556 323 335 401 727 
2557 253 700 261 761 
2558 363 373 371 725 
2559 480 388 425 720 
2560 599 73 194 539 
2561 433 487 482 696 
2562 110 313 402 522 
2563 545 575 576 745 
2564 677 654 741 772 
2565 216 217 218 677 
2566 289 229 207 749 
2567 616 712 590 742 
2568 546 187 86 570 
2569 361 383 362 711 
2570 550 132 361 592 
2571 642 707 589 756 
2572 556 629 617 669 
2573 600 643 598 729 
2574 581 573 605 718 
2575 462 56 429 757 
2576 266 52 428 183 
2577 494 466 739 743 
2578 384 325 391 669 
2579 216 279 215 759 
2580 480 309 388 720 
2581 139 533 582 300 
2582 354 353 305 698 
2583 415 466 465 739 
2584 427 496 523 689 
2585 266 489 51 197 
2586 646 738 682 759 
2587 183 234 237 773 
2588 346 344 311 695 
2589 465 467 479 733 
2590 348 739 299 752 
2591 512 495 497 768 
2592 422 44 478 724 
2593 58 226 417 520 
2594 231 228 230 702 
2595 319 361 360 754 
2596 615 570 291 734 
2597 226 185 58 417 
2598 621 140 376 300 
2599 279 190 280 759 
2600 482 424 483 719 
2601 218 283 190 717 
2602 588 608 587 668 
2603 308 368 365 721 
2604 364 365 368 726 
2605 549 640 613 699 
2606 270 210 280 674 
2607 564 547 148 409 
2608 584 587 732 750 
2609 337 338 324 747 
2610 493 417 59 760 
2611 283 192 424 719 
2612 333 334 301 737 
2613 588 616 640 712 
2614 455 529 415 739 
2615 326 385 397 684 
2616 294 235 291 734 
2617 532 573 574 695 
2618 553 72 254 599 
2619 594 598 606 722 
2620 52 469 428 183 
2621 380 348 396 679 
2622 606 598 542 722 
2623 539 74 286 590 
2624 335 399 304 723 
2625 568 535 591 704 
2626 651 669 766 771 
2627 361 362 360 711 
2628 538 630 628 738 
2629 576 544 635 745 
2630 69 600 552 729 
2631 626 642 533 710 
2632 571 570 615 734 
2633 496 467 523 689 
2634 350 351 300 710 
2635 559 558 560 736 
2636 492 432 104 307 
2637 559 629 620 771 
2638 587 609 584 732 
2639 339 405 323 767 
2640 460 429 458 757 
2641 269 209 281 690 
2642 43 261 260 524 
2643 201 277 248 713 
2644 388 379 370 769 
2645 502 438 39 268 
2646 84 544 615 195 
2647 570 571 568 708 
2648 193 502 39 268 
2649 297 244 246 705 
2650 599 644 539 742 
2651 349 305 353 698 
2652 191 478 44 724 
2653 665 754 657 762 
2654 467 463 531 733 
2655 216 215 214 738 
2656 300 351 376 710 
2657 589 642 580 707 
2658 279 218 190 717 
2659 327 328 329 728 
2660 414 312 377 692 
2661 405 727 323 767 
2662 323 405 335 727 
2663 378 354 394 763 
2664 462 429 460 757 
2665 575 578 645 692 
2666 79 548 614 240 
2667 455 451 529 679 
2668 638 548 78 240 
2669 539 616 590 742 
2670 237 232 186 689 
2671 194 254 72 599 
2672 298 236 234 745 
2673 570 568 546 708 
2674 447 448 513 730 
2675 526 425 98 370 
2676 235 233 291 734 
2677 189 267 77 637 
2678 404 406 320 694 
2679 192 719 217 772 
2680 331 366 330 753 
2681 399 329 328 766 
2682 495 512 490 683 
2683 95 445 400 306 
2684 291 233 195 734 
2685 605 407 145 535 
2686 293 87 634 546 
2687 416 50 489 197 
2688 522 110 313 431 
2689 208 228 227 757 
2690 325 384 398 669 
2691 550 596 592 711 
2692 331 330 322 753 
2693 360 412 310 665 
2694 307 358 374 715 
2695 134 319 403 613 
2696 444 442 443 731 
2697 605 641 581 718 
2698 282 225 188 736 
2699 163 274 11 158 
2700 582 537 138 349 
2701 568 641 535 704 
2702 651 766 723 771 
2703 398 328 387 766 
2704 188 281 282 736 
2705 591 566 568 751 
2706 562 561 563 753 
2707 425 480 99 388 
2708 96 433 525 400 
2709 638 78 189 240 
2710 612 318 364 127 
2711 428 489 51 266 
2712 432 492 474 762 
2713 648 746 722 769 
2714 357 358 307 715 
2715 527 203 42 524 
2716 513 437 447 730 
2717 278 238 266 687 
2718 401 564 149 323 
2719 535 407 145 411 
2720 188 284 90 558 
2721 564 569 565 727 
2722 488 514 483 764 
2723 138 537 305 349 
2724 528 481 487 717 
2725 298 264 196 703 
2726 240 614 79 184 
2727 295 740 253 761 
2728 218 217 192 719 
2729 388 98 425 370 
2730 363 412 373 725 
2731 358 699 319 754 
2732 261 253 252 700 
2733 466 529 494 739 
2734 397 306 395 735 
2735 349 139 582 300 
2736 283 424 36 481 
2737 657 754 715 762 
2738 601 604 603 741 
2739 291 84 615 195 
2740 87 293 187 546 
2741 492 434 472 762 
2742 75 201 590 540 
2743 267 201 76 540 
2744 309 99 480 388 
2745 271 11 274 158 
2746 470 439 515 725 
2747 390 17 160 165 
2748 358 359 319 699 
2749 652 683 763 768 
2750 313 396 351 770 
2751 258 259 257 729 
2752 369 393 382 769 
2753 461 456 457 737 
2754 491 497 423 716 
2755 637 267 76 540 
2756 589 580 614 707 
2757 546 566 567 751 
2758 305 381 354 732 
2759 189 240 244 758 
2760 250 251 286 742 
2761 62 205 273 435 
2762 359 403 319 699 
2763 461 464 456 737 
2764 322 623 555 123 
2765 266 238 183 773 
2766 273 168 21 181 
2767 212 211 213 731 
2768 192 424 36 283 
2769 141 645 578 312 
2770 265 199 247 716 
2771 526 410 525 721 
2772 445 433 95 400 
2773 464 517 419 728 
2774 192 283 218 719 
2775 599 596 644 701 
2776 27 169 389 179 
2777 400 525 96 308 
2778 628 604 538 738 
2779 109 402 521 522 
2780 375 393 404 722 
2781 526 525 485 721 
2782 507 62 273 435 
2783 623 322 390 123 
2784 160 386 17 390 
2785 192 764 719 772 
2786 368 369 318 693 
2787 254 253 295 740 
2788 560 611 569 697 
2789 560 627 559 771 
2790 249 191 260 724 
2791 219 764 192 772 
2792 635 545 576 745 
2793 561 562 555 753 
2794 506 480 425 720 
2795 325 29 180 171 
2796 14 165 623 156 
2797 424 719 192 764 
2798 12 154 557 163 
2799 203 253 261 761 
2800 488 37 220 764 
2801 367 395 306 735 
2802 311 343 407 718 
2803 433 525 400 308 
2804 83 635 544 236 
2805 525 484 485 721 
2806 544 83 236 195 
2807 156 623 14 619 
2808 88 207 293 534 
2809 21 272 168 273 
2810 558 284 90 611 
2811 488 424 37 764 
2812 564 149 572 401 
2813 169 387 27 389 
2814 459 417 519 760 
2815 194 286 251 742 
2816 164 326 15 155 
2817 552 600 598 729 
2818 477 509 502 714 
2819 346 312 645 142 
2820 334 333 405 767 
2821 344 348 299 752 
2822 294 291 85 570 
2823 402 314 109 521 
2824 601 603 602 741 
2825 588 590 616 712 
2826 451 431 449 748 
2827 210 276 9 161 
2828 326 164 15 392 
2829 391 29 180 325 
2830 627 572 536 723 
2831 624 12 557 163 
2832 351 377 376 770 
2833 295 204 254 740 
2834 184 241 240 758 
2835 153 166 18 441 
2836 261 42 203 524 
2837 452 450 521 744 
2838 567 632 534 749 
2839 481 424 482 719 
2840 478 474 422 724 
2841 644 616 539 742 
2842 564 572 569 727 
2843 173 179 32 440 
2844 192 37 424 764 
2845 166 510 18 441 
2846 262 242 184 765 
2847 219 217 239 772 
2848 174 209 23 275 
2849 276 166 9 161 
2850 175 556 26 180 
2851 421 481 528 717 
2852 494 469 466 743 
2853 379 369 370 769 
2854 586 584 585 750 
2855 534 293 88 634 
2856 615 85 291 570 
2857 488 483 424 764 
2858 192 219 220 764 
2859 370 368 410 721 
2860 625 26 556 180 
2861 192 220 37 764 
2862 321 389 498 122 
2863 274 618 63 206 
2864 346 414 344 752 
2865 178 174 23 275 
2866 511 32 179 440 
2867 381 394 354 732 
2868 152 625 617 391 
2869 510 33 499 276 
2870 271 10 11 158 
2871 534 632 611 749 
2872 264 242 262 765 
2873 220 221 268 755 
2874 546 568 566 751 
2875 523 466 469 743 
2876 116 418 340 115 
2877 170 622 24 620 
2878 645 532 346 142 
2879 339 334 405 767 
2880 360 358 319 754 
2881 451 449 489 748 
2882 309 379 388 720 
2883 624 618 63 274 
2884 511 498 389 122 
2885 100 371 439 101 
2886 156 14 13 619 
2887 117 468 324 116 
2888 234 238 298 773 
2889 125 330 561 124 
2890 24 178 622 170 
2891 219 192 217 772 
2892 622 269 92 554 
2893 110 111 313 431 
2894 17 16 386 160 
2895 479 467 531 733 
2896 118 430 336 117 
2897 260 44 43 422 
2898 584 586 587 750 
2899 384 152 617 391 
2900 276 33 499 270 
2901 28 29 325 171 
2902 22 21 272 168 
2903 181 176 30 507 
2904 48 49 447 198 
2905 131 130 320 543 
2906 541 631 633 726 
2907 493 59 60 222 
2908 176 501 30 507 
2909 598 643 607 746 
2910 119 120 332 464 
2911 338 337 408 747 
2912 93 508 436 385 
2913 159 500 20 508 
2914 27 28 387 169 
2915 385 93 508 392 
2916 154 13 12 557 
2917 92 275 269 622 
2918 469 52 53 183 
2919 125 610 316 126 
2920 374 358 360 754 
2921 32 31 173 440 
2922 68 67 551 202 
2923 519 417 493 760 
2924 128 542 382 129 
2925 18 19 153 441 
2926 221 290 268 755 
2927 607 542 598 746 
2928 504 454 497 768 
2929 604 66 65 200 
2930 20 159 508 164 
2931 102 310 434 103 
2932 525 410 308 721 
2933 121 419 327 120 
2934 496 54 55 186 
2935 170 24 25 620 
2936 102 470 363 101 
2937 247 46 45 423 
2938 180 625 7 391 
2939 591 146 147 303 
2940 166 2 510 276 
2941 143 573 311 144 
2942 165 390 3 623 
2943 538 65 64 214 
2944 6 273 181 507 
2945 492 472 474 762 
2946 552 70 69 258 
2947 241 244 240 758 
2948 556 26 25 175 
2949 317 136 135 608 
2950 62 61 205 435 
2951 123 555 322 124 
2952 164 508 4 392 
2953 1 624 274 163 
2954 5 178 275 622 
2955 179 389 8 511 
2956 299 112 113 415 
2957 38 39 438 268 
2958 410 368 308 721 
2959 582 642 589 756 
2960 41 40 255 426 
2961 129 606 375 130 
2962 37 38 488 220 
2963 529 466 415 739 
2964 57 56 208 429 
2965 16 15 326 155 
2966 295 253 263 761 
2967 50 51 489 197 
2968 361 133 132 550 
2969 536 150 151 304 
2970 234 183 238 773 
2971 122 498 321 121 
2972 618 64 63 206 
2973 374 104 492 103 
2974 589 583 582 756 
2975 20 19 500 159 
2976 413 354 378 763 
2977 47 46 199 491 
2978 413 378 315 763 
2979 114 115 302 479 
2980 71 72 254 553 
2981 106 105 490 356 
2982 34 35 421 190 
2983 347 113 114 465 
2984 545 82 81 196 
2985 80 579 81 262 
2986 501 30 31 176 
2987 381 137 136 609 
2988 351 396 377 770 
2989 59 58 185 417 
2990 23 22 209 174 
2991 414 348 344 752 
2992 263 253 203 761 
2993 246 48 47 437 
2994 127 612 318 128 
2995 138 139 582 349 
2996 86 87 187 546 
2997 56 55 230 462 
2998 410 526 98 370 
2999 445 95 94 306 
3000 72 73 194 599 
3001 127 364 541 126 
3002 201 75 76 540 
3003 497 454 512 768 
3004 210 9 10 161 
3005 621 140 141 376 
3006 133 319 134 613 
3007 118 301 456 119 
3008 79 78 548 240 
3009 100 99 480 309 
3010 91 92 269 554 
3011 432 105 104 307 
3012 88 89 207 534 
3013 180 7 29 391 
3014 61 60 211 442 
3015 305 137 537 138 
3016 67 66 601 239 
3017 9 2 166 276 
3018 83 544 84 195 
3019 70 71 204 639 
3020 312 141 645 142 
3021 143 346 532 142 
3022 139 140 533 300 
3023 390 3 623 123 
3024 273 6 62 507 
3025 80 79 614 184 
3026 280 215 279 759 
3027 600 69 68 257 
3028 383 132 131 592 
3029 58 57 226 520 
3030 151 152 617 384 
3031 33 34 499 270 
3032 164 4 15 392 
3033 178 23 5 275 
3034 624 1 12 163 
3035 108 355 107 420 
3036 510 2 33 276 
3037 94 93 436 385 
3038 625 152 7 391 
3039 508 93 4 392 
3040 63 1 624 274 
3041 389 8 511 122 
3042 5 275 92 622 
3043 427 53 54 237 
3044 99 98 425 388 
3045 148 149 564 323 
3046 510 18 2 166 
3047 135 134 403 549 
3048 393 369 379 769 
3049 90 91 188 558 
3050 625 7 26 180 
3051 559 627 629 771 
3052 503 107 106 315 
3053 36 35 283 481 
3054 314 108 109 521 
3055 178 5 24 622 
3056 165 3 14 623 
3057 390 3 17 165 
3058 389 8 27 179 
3059 274 11 1 163 
3060 508 4 20 164 
3061 398 399 328 766 
3062 77 78 189 638 
3063 30 6 181 507 
3064 273 21 6 181 
3065 191 45 44 478 
3066 39 40 502 193 
3067 179 8 32 511 
3068 96 95 433 400 
3069 428 51 52 266 
3070 112 380 111 455 
3071 73 74 286 539 
3072 572 149 150 401 
3073 89 90 284 611 
3074 416 49 50 285 
3075 145 146 535 411 
3076 424 36 37 192 
3077 97 525 526 410 
3078 74 75 287 590 
3079 145 407 605 144 
3080 203 42 41 527 
3081 147 148 547 409 
3082 615 85 84 291 
3083 267 76 77 637 
3084 83 82 635 236 
3085 86 294 85 570 
3086 261 43 42 524 
3087 525 97 96 308 
3088 525 97 308 410 
3089 402 109 110 522 
3090 98 97 526 410 
3091 87 88 293 634 
3092 755 720 680 648 
3093 755 680 720 486 
3094 505 720 477 714 
3095 505 477 720 506 
3096 509 477 720 714 
3097 509 720 477 506 
3098 751 292 658 709 
3099 751 658 292 708 
3100 741 563 604 603 
3101 741 604 563 677 
3102 709 686 706 658 
3103 709 706 686 649 
3104 717 446 487 528 
3105 717 487 446 735 
3106 731 281 672 690 
3107 731 672 281 212 
3108 224 749 229 289 
3109 229 749 224 709 
3110 757 676 458 460 
3111 757 458 676 658 
3112 726 607 612 631 
3113 726 612 607 693 
3114 331 684 386 397 
3115 386 684 331 675 
3116 765 241 678 242 
3117 765 678 241 707 
3118 763 420 454 503 
3119 763 454 420 670 
3120 768 530 660 495 
3121 768 660 530 716 
3122 638 681 637 585 
3123 637 681 638 189 
3124 722 372 694 661 
3125 722 694 372 404 
3126 717 216 759 279 
3127 717 759 216 677 
3128 755 296 219 221 
3129 755 219 296 662 
3130 758 705 650 730 
3131 758 650 705 681 
3132 771 697 651 736 
3133 771 651 697 723 
3134 760 459 457 519 
3135 760 457 459 706 
3136 725 372 694 373 
3137 725 694 372 661 
3138 759 271 674 280 
3139 759 674 271 682 
3140 543 722 594 606 
3141 594 722 543 694 
3142 243 730 285 198 
3143 285 730 243 678 
3144 330 610 753 316 
3145 753 610 330 561 
3146 195 734 544 615 
3147 195 544 734 664 
3148 636 544 734 615 
3149 636 734 544 664 
3150 669 766 384 398 
3151 669 384 766 723 
3152 304 384 766 398 
3153 304 766 384 723 
3154 258 639 659 552 
3155 659 639 258 204 
3156 768 660 652 683 
3157 768 652 660 716 
3158 744 453 420 452 
3159 744 420 453 670 
3160 564 409 685 547 
3161 685 409 564 323 
3162 416 198 49 285 
3163 49 198 416 447 
3164 756 300 350 349 
3165 756 350 300 710 
3166 758 189 548 681 
3167 758 548 189 240 
3168 356 503 683 490 
3169 356 683 503 315 
3170 741 633 602 726 
3171 741 602 633 603 
3172 760 520 459 417 
3173 760 459 520 706 
3174 303 547 147 591 
3175 303 147 547 409 
3176 730 241 244 198 
3177 730 244 241 758 
3178 756 533 300 582 
3179 756 300 533 710 
3180 757 56 230 462 
3181 757 230 56 208 
3182 382 612 693 542 
3183 693 612 382 318 
3184 749 569 611 697 
3185 749 611 569 632 
3186 426 203 41 527 
3187 426 41 203 255 
3188 237 469 53 183 
3189 237 53 469 427 
3190 236 545 82 635 
3191 236 82 545 196 
3192 317 549 135 403 
3193 135 549 317 608 
3194 757 459 520 429 
3195 757 520 459 706 
3196 260 524 700 422 
3197 700 524 260 261 
3198 276 161 674 166 
3199 674 161 276 210 
$EndElements
