<?xml version="1.0"?>
<VTKFile type="UnstructuredGrid" version="0.1" byte_order="LittleEndian">
  <UnstructuredGrid>
    <Piece NumberOfPoints="270" NumberOfCells="679">
      <Points>
        <DataArray type="Float64" NumberOfComponents="3" format="ascii">0 0 1 0 0 0 0 1 1 0 1 0 8 0 1 8 0 0 8 1 1 8 1 0 0 0 0.333333333333 0 0 0.666666666667 0 0.333333333333 1 0 0.666666666667 1 0 1 0.333333333333 0 1 0.666666666667 0 0.333333333333 0 0 0.666666666667 0 8 0 0.333333333333 8 0 0.666666666667 8 0.333333333333 1 8 0.666666666667 1 8 1 0.333333333333 8 1 0.666666666667 8 0.333333333333 0 8 0.666666666667 0 0.444444444444 0 0 0.888888888889 0 0 1.33333333333 0 0 1.77777777778 0 0 2.22222222222 0 0 2.66666666667 0 0 3.11111111111 0 0 3.55555555556 0 0 4 0 0 4.44444444444 0 0 4.88888888889 0 0 5.33333333333 0 0 5.77777777778 0 0 6.22222222222 0 0 6.66666666667 0 0 7.11111111111 0 0 7.55555555556 0 0 0.444444444444 0 1 0.888888888889 0 1 1.33333333333 0 1 1.77777777778 0 1 2.22222222222 0 1 2.66666666667 0 1 3.11111111111 0 1 3.55555555556 0 1 4 0 1 4.44444444444 0 1 4.88888888889 0 1 5.33333333333 0 1 5.77777777778 0 1 6.22222222222 0 1 6.66666666667 0 1 7.11111111111 0 1 7.55555555556 0 1 0.444444444444 1 0 0.888888888889 1 0 1.33333333333 1 0 1.77777777778 1 0 2.22222222222 1 0 2.66666666667 1 0 3.11111111111 1 0 3.55555555556 1 0 4 1 0 4.44444444444 1 0 4.88888888889 1 0 5.33333333333 1 0 5.77777777778 1 0 6.22222222222 1 0 6.66666666667 1 0 7.11111111111 1 0 7.55555555556 1 0 0.444444444444 1 1 0.888888888889 1 1 1.33333333333 1 1 1.77777777778 1 1 2.22222222222 1 1 2.66666666667 1 1 3.11111111111 1 1 3.55555555556 1 1 4 1 1 4.44444444444 1 1 4.88888888889 1 1 5.33333333333 1 1 5.77777777778 1 1 6.22222222222 1 1 6.66666666667 1 1 7.11111111111 1 1 7.55555555556 1 1 0 0.5 0.295191706297 0 0.5 0.705050624715 0 0.752560081716 0.500040388502 0 0.247439918284 0.500040388502 0 0.757680245148 0.757680245148 0 0.242319754852 0.757680245148 0 0.242319754852 0.242319754852 0 0.757680245148 0.242319754852 8 0.5 0.295191706297 8 0.5 0.705050624715 8 0.752560081716 0.500040388502 8 0.247439918284 0.500040388502 8 0.757680245148 0.757680245148 8 0.242319754852 0.757680245148 8 0.242319754852 0.242319754852 8 0.757680245148 0.242319754852 0.300178042908 0 0.516005312024 7.69982195709 0 0.516005312024 2.88888888889 0 0.61509982054 1.92592592593 0 0.333333333333 3.7037037037 0 0.372497434459 1.1890669318 0 0.331092205882 5.11111111111 0 0.38490017946 6 0 0.38490017946 6.8109330682 0 0.331092205882 1.55611009079 0 0.628145380448 4.66666666667 0 0.61509982054 5.55555555556 0 0.61509982054 6.43330789863 0 0.635512072751 3.24691358025 0 0.331266209167 2.43386243386 0 0.383003611113 4.21164021164 0 0.388598482702 0.688939758291 0 0.35299068084 7.31106024171 0 0.35299068084 0.609297411311 0 0.739153575019 7.39070258869 0 0.739153575019 2.06005714917 0 0.679512408135 2.45433947216 0 0.735523167958 3.35747879399 0 0.703332161722 2.86948853616 0 0.265873928164 1.5561893101 0 0.261055238833 1.06336941441 0 0.69161939757 3.84176674785 0 0.699503367133 4.23290361412 0 0.740640334075 4.66666666667 0 0.267407876083 5.11111111111 0 0.732592123917 6 0 0.732592123917 6.93537082242 0 0.692496384749 5.55555555556 0 0.267407876083 6.43171696352 0 0.269474315751 0.286712449129 0 0.24046586524 0.270783979733 0 0.784365110742 7.71328755087 0 0.24046586524 7.72921602027 0 0.784365110742 0.300178042908 1 0.516005312024 7.69982195709 1 0.516005312024 2.88888888889 1 0.61509982054 1.92592592593 1 0.333333333333 3.7037037037 1 0.372497434459 1.1890669318 1 0.331092205882 5.11111111111 1 0.38490017946 6 1 0.38490017946 6.8109330682 1 0.331092205882 1.55611009079 1 0.628145380448 4.66666666667 1 0.61509982054 5.55555555556 1 0.61509982054 6.43330789863 1 0.635512072751 3.24691358025 1 0.331266209167 2.43386243386 1 0.383003611113 4.21164021164 1 0.388598482702 7.31106024171 1 0.35299068084 0.688939758291 1 0.35299068084 0.609297411311 1 0.739153575019 7.39070258869 1 0.739153575019 2.06005714917 1 0.679512408135 2.45433947216 1 0.735523167958 3.35747879399 1 0.703332161722 2.86948853616 1 0.265873928164 1.5561893101 1 0.261055238833 1.06336941441 1 0.69161939757 3.84176674785 1 0.699503367133 4.23290361412 1 0.740640334075 4.66666666667 1 0.267407876083 5.11111111111 1 0.732592123917 6 1 0.732592123917 6.93537082242 1 0.692496384749 5.55555555556 1 0.267407876083 6.43171696352 1 0.269474315751 7.72921602027 1 0.784365110742 0.286712449129 1 0.24046586524 0.270783979733 1 0.784365110742 7.71328755087 1 0.24046586524 0.300178042908 0.516005312024 0 7.69982195709 0.483994687976 0 2.88888888889 0.38490017946 0 1.92592592593 0.666666666667 0 3.77777777778 0.38490017946 0 1.11576920705 0.297789143626 0 4.66666666667 0.38490017946 0 5.55555555556 0.38490017946 0 6.44444444444 0.38490017946 0 3.33333333333 0.61509982054 0 6 0.61509982054 0 4.22222222222 0.61509982054 0 5.11111111111 0.61509982054 0 6.8109330682 0.668907794118 0 1.54563898725 0.38529256203 0 2.43386243386 0.616996388887 0 7.31106024171 0.64700931916 0 0.678468654755 0.348233100518 0 0.607552227388 0.738360644965 0 7.39070258869 0.260846424981 0 2.04165140375 0.306921713841 0 2.45065832308 0.261763656438 0 3.33333333333 0.267407876083 0 2.88888888889 0.732592123917 0 1.53875742708 0.756910270523 0 1.10403263641 0.671208537615 0 3.77777777778 0.732592123917 0 4.22222222222 0.267407876083 0 5.11111111111 0.267407876083 0 6 0.267407876083 0 6.93669660169 0.309933645276 0 4.66666666667 0.732592123917 0 5.55555555556 0.732592123917 0 6.42885328031 0.733781558824 0 0.284618228422 0.239514349175 0 7.72921602027 0.215634889258 0 0.270434942948 0.784206524731 0 7.71328755087 0.75953413476 0 0.300178042908 0.483994687976 1 7.69982195709 0.483994687976 1 2.88888888889 0.38490017946 1 2 0.38490017946 1 3.77777777778 0.61509982054 1 1.1890669318 0.629743692992 1 4.66666666667 0.38490017946 1 5.55555555556 0.38490017946 1 6.44444444444 0.38490017946 1 2.44444444444 0.61509982054 1 6 0.61509982054 1 5.11111111111 0.61509982054 1 6.8109330682 0.668907794118 1 3.25925925926 0.666666666667 1 1.64262226641 0.669107312075 1 4.2962962963 0.666666666667 1 7.31106024171 0.64700931916 1 0.688939758291 0.64141444757 1 0.609297411311 0.259913946383 1 7.39070258869 0.260846424981 1 2.44444444444 0.267407876083 1 3.37742504409 0.306649219684 1 2.01741334217 0.733821462415 1 2.87407407407 0.733333333333 1 1.53179518881 0.296890172351 1 1.04022025207 0.304660376549 1 3.78659611993 0.237831383261 1 4.20653639565 0.280425489986 1 5.11111111111 0.267407876083 1 6 0.267407876083 1 6.93669660169 0.309933645276 1 4.68148148148 0.733333333333 1 5.55555555556 0.732592123917 1 6.42885328031 0.733781558824 1 7.71328755087 0.75953413476 1 0.270783979733 0.215448393538 1 7.72921602027 0.215634889258 1 0.286712449129 0.758415160443 1 0.496787553921 0.500113648949 0.500121165506 7.50321244608 0.500113648949 0.500121165506 3.08916111391 0.5 0.5 5.77777777778 0.5 0.5 4.88888888889 0.5 0.5 6.64853779942 0.5 0.5 1.79983621624 0.5 0.507227837263 4 0.5 0.493014888452 1.02238796198 0.481748308512 0.484035926674 2.56130255466 0.499059891727 0.498485540625</DataArray>
      </Points>
      <Cells>
        <DataArray type="Int32" Name="connectivity" format="ascii">130 262 243 267 168 262 150 267 130 112 262 267 170 208 266 268 188 193 262 267 112 188 262 267 152 216 178 263 137 250 119 264 226 262 168 267 179 194 217 265 150 262 193 267 114 263 191 264 152 196 263 264 157 263 233 264 119 229 263 264 195 215 174 264 118 228 264 267 161 195 264 267 190 123 264 267 138 251 120 263 134 130 248 267 196 191 263 264 233 263 229 264 152 263 157 264 119 263 114 264 188 206 112 262 190 264 195 267 118 135 228 267 192 263 115 265 243 262 226 267 120 263 230 265 188 193 206 262 194 153 263 265 196 216 152 263 119 250 229 264 232 263 158 265 118 264 123 267 161 264 156 267 130 243 248 267 161 195 174 264 156 264 237 267 237 264 228 267 230 120 251 263 162 200 261 265 232 230 263 265 194 263 192 265 158 263 153 265 120 115 263 265 194 179 153 265 233 157 254 263 114 140 191 263 212 114 191 264 175 157 233 264 213 115 192 263 136 190 123 264 170 266 155 268 211 123 190 267 177 261 238 265 214 125 261 265 192 115 141 265 214 261 200 265 238 261 252 265 176 158 232 263 232 158 255 265 139 261 125 265 162 261 177 265 170 151 208 268 135 249 228 267 117 266 132 268 252 261 139 265 237 173 156 267 213 192 194 263 230 251 232 263 196 191 216 263 152 178 157 263 229 233 254 263 114 119 140 263 212 191 196 264 250 233 229 264 195 190 215 264 175 152 157 264 137 119 114 264 210 150 193 267 198 132 266 268 118 123 135 267 173 161 156 267 210 193 188 267 211 190 195 267 156 161 174 264 136 123 118 264 162 154 197 265 176 153 158 263 138 120 115 263 162 197 200 265 130 134 112 267 170 155 151 268 194 192 217 265 232 255 230 265 158 153 179 265 120 141 115 265 226 235 168 262 206 121 112 262 187 149 266 269 234 177 238 265 214 116 125 265 225 266 244 269 226 168 150 267 248 243 226 267 244 266 166 269 234 238 252 265 197 214 200 265 208 198 266 268 154 162 177 265 139 125 116 265 113 117 132 268 155 266 227 268 246 227 266 268 226 243 235 262 204 266 122 269 159 193 150 262 249 237 228 267 237 156 253 264 143 97 257 260 145 258 105 261 187 199 149 269 160 149 199 269 236 227 155 266 246 266 117 268 159 150 168 262 121 130 112 262 252 241 127 261 128 122 266 269 198 113 132 268 236 246 227 266 172 226 150 267 231 225 244 269 228 237 253 264 128 266 225 269 111 122 204 266 172 168 150 226 127 139 252 261 231 244 166 269 111 128 122 266 212 191 114 140 157 233 254 175 106 219 144 261 99 220 181 260 180 104 256 261 96 182 259 260 98 95 142 260 144 103 106 261 238 177 165 261 181 94 99 260 183 107 102 261 242 128 225 269 214 125 203 261 99 184 220 260 257 97 222 260 108 95 97 260 105 103 109 261 146 96 94 260 147 102 104 261 106 185 219 261 97 143 108 260 145 105 109 261 258 223 105 261 96 146 182 260 180 147 104 261 143 257 240 260 200 214 203 261 252 238 241 261 127 125 139 261 177 162 165 261 128 242 129 269 145 127 258 261 122 205 204 269 208 151 209 268 100 106 103 261 98 92 95 260 99 94 92 260 102 107 100 261 97 95 93 260 105 101 103 261 102 101 104 261 93 94 96 260 167 231 166 269 240 126 260 268 208 209 198 268 242 225 231 269 246 117 133 268 218 98 142 260 183 221 107 261 155 227 171 268 246 133 247 268 99 92 184 260 104 101 256 261 108 142 95 260 103 144 109 261 146 94 181 260 147 183 102 261 198 189 113 268 93 222 97 260 185 106 100 261 223 101 105 261 205 199 204 269 240 247 126 268 239 260 164 268 199 149 62 187 149 199 62 160 240 260 239 268 227 246 247 268 155 171 151 268 240 126 143 260 164 260 163 268 144 219 203 261 165 180 256 261 164 259 182 260 160 167 166 269 128 129 122 269 207 262 169 269 162 154 73 197 127 241 258 261 197 73 162 200 240 257 222 260 242 224 129 269 171 239 164 268 130 47 243 262 221 183 162 261 133 126 247 268 124 260 126 268 240 239 247 268 202 181 220 260 117 113 133 268 47 130 110 262 256 101 223 261 228 250 137 264 229 251 138 263 216 194 178 263 148 262 245 269 198 209 189 268 203 219 185 261 126 108 143 260 252 55 230 265 241 223 258 261 146 164 182 260 145 109 127 261 187 170 208 266 165 147 180 261 47 224 243 262 163 260 202 268 32 211 188 267 252 139 55 265 228 250 51 137 216 70 178 194 53 229 251 138 250 52 137 119 178 152 69 216 171 164 163 268 179 194 71 217 246 225 44 266 120 230 55 265 131 262 186 269 196 174 215 264 139 120 55 265 167 148 245 269 32 123 211 267 246 44 117 266 207 169 199 269 47 110 224 262 196 174 68 215 129 224 110 269 128 44 225 266 167 245 231 269 128 117 44 266 173 237 172 267 245 262 224 269 201 218 142 260 174 67 215 195 131 186 205 269 93 95 92 260 103 101 100 261 101 102 100 261 92 94 93 260 242 46 129 224 188 112 32 267 236 166 244 266 119 229 138 263 194 153 178 263 169 262 148 269 112 123 32 267 198 132 111 266 254 176 232 263 191 140 213 263 254 157 176 263 115 213 140 263 184 202 220 260 110 262 131 269 233 253 175 264 138 53 229 119 216 152 69 196 52 250 229 119 70 153 178 194 228 137 118 264 174 196 152 264 253 156 175 264 122 131 205 269 169 160 199 269 136 212 190 264 136 114 212 264 51 228 137 118 174 196 68 152 172 83 237 173 202 260 201 268 207 186 262 269 224 262 110 269 210 195 161 267 199 207 63 169 67 174 161 195 194 179 71 153 210 161 150 267 120 251 138 54 124 113 189 268 110 129 46 224 209 163 202 268 187 149 170 266 135 228 50 118 133 124 126 268 162 200 221 261 217 197 179 265 166 236 155 266 171 227 239 268 244 78 166 236 159 169 207 262 186 131 121 262 121 206 186 262 160 199 63 169 189 201 124 268 241 127 56 252 193 159 207 262 117 43 246 133 43 247 246 133 66 161 210 195 54 120 251 230 239 259 164 260 238 165 256 261 125 144 203 261 192 141 116 265 255 158 234 265 237 226 172 267 132 111 27 198 201 260 124 268 113 25 124 189 201 142 124 260 209 151 163 268 78 155 166 236 162 183 221 74 150 65 193 159 235 245 148 262 50 249 228 135 192 116 214 265 154 179 197 265 158 177 234 265 168 172 82 226 239 222 259 260 248 249 134 267 193 210 65 150 200 185 221 261 223 238 256 261 142 108 124 260 163 146 181 260 161 210 150 66 125 109 144 261 162 183 147 261 36 213 191 140 232 254 87 176 157 87 254 176 191 212 35 140 86 254 233 175 254 86 157 175 114 35 212 140 213 36 115 140 245 224 231 269 172 83 226 237 42 240 247 126 111 204 198 266 201 124 25 189 127 139 56 252 163 181 202 260 168 235 148 262 34 212 190 136 136 34 212 114 209 202 201 268 26 113 132 198 201 184 218 260 227 155 77 236 227 247 239 268 169 148 160 269 149 155 170 266 132 117 111 266 171 155 77 227 122 110 131 269 151 171 163 268 121 30 131 186 134 130 48 248 30 121 206 186 207 199 186 269 135 134 249 267 205 28 122 204 24 218 142 201 175 253 85 156 233 253 85 175 116 141 192 38 235 168 82 226 202 209 59 163 130 48 248 243 242 231 224 269 89 234 255 158 151 59 209 163 84 253 237 156 240 222 239 260 148 81 245 235 248 226 249 267 148 167 160 269 159 168 148 262 130 121 110 262 245 80 167 231 116 192 214 38 133 42 247 126 173 84 237 156 206 112 31 188 28 111 122 204 122 129 110 269 167 148 80 245 234 89 177 158 253 233 228 264 205 186 199 269 74 221 162 200 229 232 251 263 228 233 250 264 196 190 212 264 196 215 190 264 254 232 229 263 216 191 194 263 194 191 213 263 157 178 153 263 157 153 176 263 115 140 119 263 119 138 115 263 236 225 246 266 204 27 111 198 206 193 186 262 198 187 208 266 135 123 134 267 173 172 161 267 113 26 189 198 156 152 175 264 137 114 118 264 139 116 120 265 158 154 177 265 205 131 29 186 81 148 168 235 187 61 208 170 203 185 200 261 223 241 238 261 124 108 126 260 164 146 163 260 211 195 188 267 188 195 210 267 109 125 127 261 165 162 147 261 236 244 225 266 131 110 121 262 159 148 169 262 156 174 152 264 136 118 114 264 230 234 252 265 197 192 214 265 122 131 29 205 112 134 123 267 172 150 161 267 189 209 201 268 186 193 207 262 120 116 141 265 179 154 158 265 64 207 193 159 177 90 238 165 125 214 203 39 124 133 113 268 230 255 234 265 217 192 197 265 204 187 198 266 149 166 155 266 111 117 128 266 179 72 197 217 235 243 224 262 237 249 226 267 125 116 214 39 41 257 240 143 128 45 242 225 238 234 90 177 181 12 99 94 142 98 8 95 183 20 102 107 144 103 16 106 164 171 76 239 94 146 13 96 9 97 108 95 102 104 21 147 109 17 103 105 227 76 171 239 121 112 31 206 124 24 142 201 235 224 245 262 170 187 61 149 127 258 57 145 220 15 184 99 129 128 45 242 60 208 170 151 182 13 146 96 97 143 9 108 105 109 17 145 180 21 104 147 257 10 222 97 202 184 201 260 18 105 258 223 106 185 22 219 92 98 14 184 98 218 14 184 96 11 93 222 154 179 72 197 207 64 169 159 107 23 100 185 11 96 259 222 23 107 221 185 15 92 184 99 10 93 222 97 18 105 223 101 22 100 185 106 208 60 209 151 12 181 146 94 108 142 8 95 147 20 102 183 109 103 16 144 248 49 134 249 68 69 152 196 53 52 229 119 70 71 153 194 143 240 41 126 228 51 50 118 46 47 110 224 164 182 259 75 219 144 203 40 180 256 91 165 258 127 57 241 63 62 199 160 64 193 65 159 66 67 161 195 249 49 134 135 120 54 55 230 188 112 31 32 202 58 220 181 75 259 164 239 155 78 77 236 14 15 92 184 238 91 256 165 144 125 203 40 11 10 93 222 100 23 22 185 223 19 18 101 13 12 146 94 108 8 9 95 21 20 102 147 103 16 17 109 132 27 26 198 4 105 145 258 0 257 143 97 45 128 44 225 181 202 58 163 192 141 37 38 162 73 74 200 79 167 80 231 84 85 253 156 81 80 148 245 86 233 85 175 35 36 191 140 254 86 87 157 232 87 88 176 34 35 212 114 115 36 213 37 0 257 41 143 4 145 57 258 104 256 6 180 5 144 106 219 99 220 3 181 96 182 2 259 131 30 29 186 72 73 154 197 172 83 82 226 33 34 190 136 29 28 122 205 124 25 24 201 2 13 182 96 143 9 0 97 17 4 105 145 104 6 21 180 246 44 43 117 77 76 171 227 187 62 61 149 0 10 257 97 105 4 18 258 106 22 5 219 3 15 220 99 1 218 98 142 113 26 25 189 255 88 89 158 32 33 211 123 107 183 7 221 210 65 150 66 121 31 30 206 218 14 1 98 107 7 23 221 98 8 1 142 99 3 12 181 6 19 256 104 7 20 183 107 16 5 144 106 220 58 3 181 96 2 11 259 256 91 6 180 219 5 144 40 259 182 2 75 38 214 116 39 90 91 238 165 40 125 203 39 209 60 59 151 234 89 90 177 164 76 75 239 28 27 111 204 81 168 82 235 84 237 83 173 61 60 208 170 79 78 166 244 202 59 58 163 247 43 42 133 1 24 218 142 48 49 134 248 221 183 7 74 55 56 139 252 47 48 130 243 42 41 240 126 72 179 71 217 56 57 127 241 45 46 129 242 251 53 138 54 250 52 51 137 70 178 69 216 207 64 63 169 68 174 67 215 49 249 50 135 269 149 166 160 269 166 149 266 269 187 204 266 269 204 187 199 115 192 37 213 37 192 115 141 123 190 33 211 123 33 190 136 232 158 88 255 88 158 232 176 166 231 79 244 79 231 166 167 98 184 260 218 260 184 98 92 107 185 261 221 261 185 107 100 101 256 19 104 101 19 256 223 96 222 260 259 260 222 96 93</DataArray>
        <DataArray type="Int32" Name="offsets" format="ascii">4 8 12 16 20 24 28 32 36 40 44 48 52 56 60 64 68 72 76 80 84 88 92 96 100 104 108 112 116 120 124 128 132 136 140 144 148 152 156 160 164 168 172 176 180 184 188 192 196 200 204 208 212 216 220 224 228 232 236 240 244 248 252 256 260 264 268 272 276 280 284 288 292 296 300 304 308 312 316 320 324 328 332 336 340 344 348 352 356 360 364 368 372 376 380 384 388 392 396 400 404 408 412 416 420 424 428 432 436 440 444 448 452 456 460 464 468 472 476 480 484 488 492 496 500 504 508 512 516 520 524 528 532 536 540 544 548 552 556 560 564 568 572 576 580 584 588 592 596 600 604 608 612 616 620 624 628 632 636 640 644 648 652 656 660 664 668 672 676 680 684 688 692 696 700 704 708 712 716 720 724 728 732 736 740 744 748 752 756 760 764 768 772 776 780 784 788 792 796 800 804 808 812 816 820 824 828 832 836 840 844 848 852 856 860 864 868 872 876 880 884 888 892 896 900 904 908 912 916 920 924 928 932 936 940 944 948 952 956 960 964 968 972 976 980 984 988 992 996 1000 1004 1008 1012 1016 1020 1024 1028 1032 1036 1040 1044 1048 1052 1056 1060 1064 1068 1072 1076 1080 1084 1088 1092 1096 1100 1104 1108 1112 1116 1120 1124 1128 1132 1136 1140 1144 1148 1152 1156 1160 1164 1168 1172 1176 1180 1184 1188 1192 1196 1200 1204 1208 1212 1216 1220 1224 1228 1232 1236 1240 1244 1248 1252 1256 1260 1264 1268 1272 1276 1280 1284 1288 1292 1296 1300 1304 1308 1312 1316 1320 1324 1328 1332 1336 1340 1344 1348 1352 1356 1360 1364 1368 1372 1376 1380 1384 1388 1392 1396 1400 1404 1408 1412 1416 1420 1424 1428 1432 1436 1440 1444 1448 1452 1456 1460 1464 1468 1472 1476 1480 1484 1488 1492 1496 1500 1504 1508 1512 1516 1520 1524 1528 1532 1536 1540 1544 1548 1552 1556 1560 1564 1568 1572 1576 1580 1584 1588 1592 1596 1600 1604 1608 1612 1616 1620 1624 1628 1632 1636 1640 1644 1648 1652 1656 1660 1664 1668 1672 1676 1680 1684 1688 1692 1696 1700 1704 1708 1712 1716 1720 1724 1728 1732 1736 1740 1744 1748 1752 1756 1760 1764 1768 1772 1776 1780 1784 1788 1792 1796 1800 1804 1808 1812 1816 1820 1824 1828 1832 1836 1840 1844 1848 1852 1856 1860 1864 1868 1872 1876 1880 1884 1888 1892 1896 1900 1904 1908 1912 1916 1920 1924 1928 1932 1936 1940 1944 1948 1952 1956 1960 1964 1968 1972 1976 1980 1984 1988 1992 1996 2000 2004 2008 2012 2016 2020 2024 2028 2032 2036 2040 2044 2048 2052 2056 2060 2064 2068 2072 2076 2080 2084 2088 2092 2096 2100 2104 2108 2112 2116 2120 2124 2128 2132 2136 2140 2144 2148 2152 2156 2160 2164 2168 2172 2176 2180 2184 2188 2192 2196 2200 2204 2208 2212 2216 2220 2224 2228 2232 2236 2240 2244 2248 2252 2256 2260 2264 2268 2272 2276 2280 2284 2288 2292 2296 2300 2304 2308 2312 2316 2320 2324 2328 2332 2336 2340 2344 2348 2352 2356 2360 2364 2368 2372 2376 2380 2384 2388 2392 2396 2400 2404 2408 2412 2416 2420 2424 2428 2432 2436 2440 2444 2448 2452 2456 2460 2464 2468 2472 2476 2480 2484 2488 2492 2496 2500 2504 2508 2512 2516 2520 2524 2528 2532 2536 2540 2544 2548 2552 2556 2560 2564 2568 2572 2576 2580 2584 2588 2592 2596 2600 2604 2608 2612 2616 2620 2624 2628 2632 2636 2640 2644 2648 2652 2656 2660 2664 2668 2672 2676 2680 2684 2688 2692 2696 2700 2704 2708 2712 2716</DataArray>
        <DataArray type="UInt8" Name="types" format="ascii">10 10 10 10 10 10 10 10 10 10 10 10 10 10 10 10 10 10 10 10 10 10 10 10 10 10 10 10 10 10 10 10 10 10 10 10 10 10 10 10 10 10 10 10 10 10 10 10 10 10 10 10 10 10 10 10 10 10 10 10 10 10 10 10 10 10 10 10 10 10 10 10 10 10 10 10 10 10 10 10 10 10 10 10 10 10 10 10 10 10 10 10 10 10 10 10 10 10 10 10 10 10 10 10 10 10 10 10 10 10 10 10 10 10 10 10 10 10 10 10 10 10 10 10 10 10 10 10 10 10 10 10 10 10 10 10 10 10 10 10 10 10 10 10 10 10 10 10 10 10 10 10 10 10 10 10 10 10 10 10 10 10 10 10 10 10 10 10 10 10 10 10 10 10 10 10 10 10 10 10 10 10 10 10 10 10 10 10 10 10 10 10 10 10 10 10 10 10 10 10 10 10 10 10 10 10 10 10 10 10 10 10 10 10 10 10 10 10 10 10 10 10 10 10 10 10 10 10 10 10 10 10 10 10 10 10 10 10 10 10 10 10 10 10 10 10 10 10 10 10 10 10 10 10 10 10 10 10 10 10 10 10 10 10 10 10 10 10 10 10 10 10 10 10 10 10 10 10 10 10 10 10 10 10 10 10 10 10 10 10 10 10 10 10 10 10 10 10 10 10 10 10 10 10 10 10 10 10 10 10 10 10 10 10 10 10 10 10 10 10 10 10 10 10 10 10 10 10 10 10 10 10 10 10 10 10 10 10 10 10 10 10 10 10 10 10 10 10 10 10 10 10 10 10 10 10 10 10 10 10 10 10 10 10 10 10 10 10 10 10 10 10 10 10 10 10 10 10 10 10 10 10 10 10 10 10 10 10 10 10 10 10 10 10 10 10 10 10 10 10 10 10 10 10 10 10 10 10 10 10 10 10 10 10 10 10 10 10 10 10 10 10 10 10 10 10 10 10 10 10 10 10 10 10 10 10 10 10 10 10 10 10 10 10 10 10 10 10 10 10 10 10 10 10 10 10 10 10 10 10 10 10 10 10 10 10 10 10 10 10 10 10 10 10 10 10 10 10 10 10 10 10 10 10 10 10 10 10 10 10 10 10 10 10 10 10 10 10 10 10 10 10 10 10 10 10 10 10 10 10 10 10 10 10 10 10 10 10 10 10 10 10 10 10 10 10 10 10 10 10 10 10 10 10 10 10 10 10 10 10 10 10 10 10 10 10 10 10 10 10 10 10 10 10 10 10 10 10 10 10 10 10 10 10 10 10 10 10 10 10 10 10 10 10 10 10 10 10 10 10 10 10 10 10 10 10 10 10 10 10 10 10 10 10 10 10 10 10 10 10 10 10 10 10 10 10 10 10 10 10 10 10 10 10 10 10 10 10 10 10 10 10 10 10 10 10 10 10 10 10 10 10 10 10 10 10 10 10 10 10 10 10 10 10 10 10 10 10 10 10 10 10 10 10 10 10 10 10 10 10 10 10 10 10 10 10 10 10 10 10 10 10 10 10 10 10 10 10 10</DataArray>
      </Cells>
      <PointData Vectors="Displacement">
        <DataArray type="Float64" Name="Displacement" NumberOfComponents="3" format="ascii">0 0 0 0 0 0 0 0 0 0 0 0 1.76139255343e-06 -1.67519738235e-07 -1.93834971854e-05 -1.77695015651e-06 -1.6044755038e-07 -1.93823942069e-05 1.77888271518e-06 -1.71012938771e-07 -1.93726062388e-05 -1.75910152565e-06 -1.55939258217e-07 -1.93718024115e-05 0 0 0 0 0 0 0 0 0 0 0 0 0 0 0 0 0 0 0 0 0 0 0 0 -5.95882223736e-07 -1.62648913582e-07 -1.93817193766e-05 5.80406214939e-07 -1.65387394822e-07 -1.93817853829e-05 1.76762679394e-06 -1.68714104867e-07 -1.9380910962e-05 1.77310004358e-06 -1.69584067469e-07 -1.93772418644e-05 -5.77986902346e-07 -1.61592057489e-07 -1.93707432425e-05 5.9752424882e-07 -1.65840749172e-07 -1.93707978753e-05 -1.771023537e-06 -1.58857998268e-07 -1.93808123608e-05 -1.76495261142e-06 -1.58128074083e-07 -1.93769567787e-05 -2.21245649604e-07 -4.21129324193e-08 -1.21365391847e-07 -4.22038780817e-07 -5.1531287092e-08 -4.16263291506e-07 -5.72195023066e-07 -5.65804056285e-08 -8.53265730001e-07 -7.28000139837e-07 -5.44475912883e-08 -1.44352755749e-06 -8.71816798605e-07 -5.53660351915e-08 -2.15796652579e-06 -9.98689328315e-07 -6.66117508593e-08 -3.02884994456e-06 -1.15075077912e-06 -8.26676206847e-08 -3.98239890098e-06 -1.25272671082e-06 -8.78694741961e-08 -5.0682953546e-06 -1.35843500143e-06 -1.07197069414e-07 -6.23096160983e-06 -1.44633439759e-06 -1.13659225621e-07 -7.48222232079e-06 -1.53333076731e-06 -1.23340564069e-07 -8.81819355087e-06 -1.58443320938e-06 -1.27260423354e-07 -1.02062632308e-05 -1.65255736504e-06 -1.35160245379e-07 -1.16509576032e-05 -1.69016707323e-06 -1.38248648115e-07 -1.31378451804e-05 -1.72630314771e-06 -1.43809904846e-07 -1.46675443131e-05 -1.75490872135e-06 -1.46760727044e-07 -1.62213020796e-05 -1.76959296563e-06 -1.54835875932e-07 -1.77974722712e-05 2.16965096762e-07 4.25288881893e-08 -1.16414395422e-07 4.04101984372e-07 4.96512446596e-08 -4.13539583893e-07 5.59448064974e-07 3.25936339264e-08 -8.5422269055e-07 6.98957400958e-07 2.72626761264e-08 -1.44296943237e-06 8.62536679083e-07 6.5914070861e-09 -2.17576864113e-06 1.00066360695e-06 -6.24613800372e-09 -3.01779929353e-06 1.125481133e-06 -2.31431531597e-08 -3.98171111495e-06 1.24757505548e-06 -4.68691348028e-08 -5.06864542992e-06 1.33874682268e-06 -5.11015308087e-08 -6.23621623169e-06 1.42398435875e-06 -7.96294590825e-08 -7.48777781083e-06 1.49749943408e-06 -9.28784805248e-08 -8.81348576221e-06 1.56389013989e-06 -1.06013403414e-07 -1.0209941813e-05 1.62214722228e-06 -1.17152802932e-07 -1.16507160463e-05 1.67083445543e-06 -1.27119776512e-07 -1.31425580804e-05 1.71112091723e-06 -1.36891942818e-07 -1.46660311084e-05 1.73972450772e-06 -1.48776347863e-07 -1.62223225522e-05 1.75565289909e-06 -1.57339050607e-07 -1.77970990659e-05 -2.20595200321e-07 4.23625167241e-08 -1.15448036292e-07 -4.08608450097e-07 4.7629057255e-08 -4.10675087517e-07 -5.64084966057e-07 3.15990884993e-08 -8.45749038972e-07 -7.28833648174e-07 1.73499994912e-08 -1.43094609127e-06 -8.71218615986e-07 1.6875773588e-08 -2.16992482083e-06 -9.7516965544e-07 6.07436607836e-09 -3.01720007148e-06 -1.11377997278e-06 -1.62726881529e-08 -3.9773560037e-06 -1.23427534849e-06 -4.11076993503e-08 -5.05477550078e-06 -1.31962922454e-06 -4.8723492961e-08 -6.23153164269e-06 -1.41929179456e-06 -7.08532671949e-08 -7.47544334272e-06 -1.51140640479e-06 -8.06439229555e-08 -8.80281010343e-06 -1.57979911952e-06 -9.62339633789e-08 -1.01985598594e-05 -1.63262517138e-06 -1.04426455132e-07 -1.16411168589e-05 -1.67515681482e-06 -1.16919300013e-07 -1.31289718145e-05 -1.71321301525e-06 -1.2281931686e-07 -1.46562259162e-05 -1.73471223042e-06 -1.35914722939e-07 -1.62134741725e-05 -1.75362383059e-06 -1.47676511359e-07 -1.77854779561e-05 2.01972302182e-07 -4.8621717073e-08 -1.25753489908e-07 3.91420183709e-07 -5.48185248383e-08 -3.98996051431e-07 5.77467318548e-07 -4.70011185367e-08 -8.40158747257e-07 7.23628088223e-07 -6.34655138217e-08 -1.44811918775e-06 8.97836247872e-07 -5.91767834118e-08 -2.16607026709e-06 1.0370384032e-06 -7.11326581131e-08 -3.01818270243e-06 1.16342238416e-06 -9.29882470593e-08 -3.97947528657e-06 1.27166326934e-06 -9.45300067117e-08 -5.05219511479e-06 1.37713097562e-06 -1.1438618283e-07 -6.22651873617e-06 1.45672386567e-06 -1.19766306089e-07 -7.47199700073e-06 1.51794033158e-06 -1.34486150103e-07 -8.80750534996e-06 1.59871948639e-06 -1.37007753832e-07 -1.019574847e-05 1.64119519859e-06 -1.4511194021e-07 -1.16445638585e-05 1.69528469249e-06 -1.47915273667e-07 -1.31280790715e-05 1.73229191026e-06 -1.57019661059e-07 -1.46556161581e-05 1.75769199703e-06 -1.5890921285e-07 -1.62115834487e-05 1.77385054781e-06 -1.64477392081e-07 -1.77865672263e-05 0 0 0 0 0 0 0 0 0 0 0 0 0 0 0 0 0 0 0 0 0 0 0 0 -7.22262944563e-07 -1.61793772878e-07 -1.93775026851e-05 7.25712901237e-07 -1.65857916616e-07 -1.9377644737e-05 5.49750831999e-09 -1.63847558896e-07 -1.93742225959e-05 -3.29454296201e-09 -1.63856088108e-07 -1.93800632147e-05 9.15027494838e-07 -1.66944187046e-07 -1.93743593142e-05 9.06964365756e-07 -1.6610036183e-07 -1.93802602716e-05 -9.13927590996e-07 -1.61527477711e-07 -1.93801521587e-05 -9.04265413647e-07 -1.6080501357e-07 -1.93742120382e-05 4.96755027809e-09 3.17932729806e-09 -2.34639621007e-08 4.85047110479e-08 -1.58612409199e-07 -1.83093747682e-05 2.39256442277e-07 -3.8815757927e-08 -3.45676712897e-06 -2.65138366226e-07 -3.96449272405e-08 -1.64106436645e-06 -3.47984197778e-07 -7.50565324016e-08 -5.42399274725e-06 -1.82099777125e-07 -2.94415864777e-08 -6.69655605097e-07 -3.64280347771e-07 -1.13793457162e-07 -9.48961093859e-06 -3.88868108846e-07 -1.29076978967e-07 -1.23796232239e-05 -5.91770475239e-07 -1.46201804611e-07 -1.51627247931e-05 1.55597765424e-07 -1.38805235695e-09 -1.10587141333e-06 3.27396566479e-07 -1.01946734672e-07 -8.12504600107e-06 3.62713655365e-07 -1.20020200319e-07 -1.09098268904e-05 4.56137592662e-07 -1.34566650618e-07 -1.38523534256e-05 -4.11182300339e-07 -7.19293597464e-08 -4.28349954506e-06 -2.28058067018e-07 -3.84839658263e-08 -2.5209170757e-06 -3.1819854687e-07 -9.41629720787e-08 -6.79890297417e-06 -8.75987787159e-08 -1.44320207026e-08 -2.18833241641e-07 -5.22802755869e-07 -1.51289856718e-07 -1.69254223021e-05 1.19876800601e-07 1.81007110333e-08 -1.76093298628e-07 8.31013986464e-07 -1.52069521975e-07 -1.72096007039e-05 2.67125721508e-07 -7.39095796919e-09 -1.86233021314e-06 4.24772520502e-07 -1.14257809405e-08 -2.58038263335e-06 4.67682394486e-07 -5.19306840897e-08 -4.55140606676e-06 -5.1033131277e-07 -5.57137799451e-08 -3.42392733673e-06 -3.11013357056e-07 -2.18862143309e-08 -1.11455367177e-06 1.63816452377e-07 2.32986449254e-08 -5.3442489124e-07 5.04622578359e-07 -6.12332914106e-08 -5.7928563613e-06 6.56063553341e-07 -7.68037064772e-08 -6.87308299762e-06 -6.96283136692e-07 -1.12121342839e-07 -8.12987607671e-06 7.08926909432e-07 -1.02298755718e-07 -9.49408763584e-06 7.65184081201e-07 -1.22704140691e-07 -1.23832823935e-05 6.59127032913e-07 -1.45109487681e-07 -1.56000991488e-05 -7.58492039805e-07 -1.25318824281e-07 -1.0910536155e-05 -7.8956157155e-07 -1.36586573017e-07 -1.38529748416e-05 -5.48112237199e-08 -2.33110604046e-08 -3.19889730744e-08 6.7096550972e-08 2.73124146669e-08 -3.19447133043e-08 -9.2339861278e-07 -1.57338976959e-07 -1.83578917239e-05 9.94682638709e-07 -1.60749151837e-07 -1.84154950647e-05 8.61351544011e-09 -4.41151507354e-10 -2.62547886615e-08 6.60510399396e-08 -1.58926615569e-07 -1.82988877805e-05 2.59885499072e-07 -5.10565688707e-08 -3.45100920198e-06 -2.35347019068e-07 -7.82733675471e-09 -1.63101214249e-06 -3.07363647493e-07 -7.29299302607e-08 -5.42323006222e-06 -1.74626246158e-07 1.43382634419e-08 -6.60631251285e-07 -3.4293489074e-07 -1.08279854482e-07 -9.47817632619e-06 -3.72193016579e-07 -1.27213060242e-07 -1.23708225951e-05 -5.72301969682e-07 -1.37595077845e-07 -1.51551054354e-05 1.62079122905e-07 -2.04543157435e-08 -1.09934327191e-06 3.50967085933e-07 -1.05611221586e-07 -8.11413888635e-06 3.81500250789e-07 -1.24581963015e-07 -1.09012320267e-05 4.69898399638e-07 -1.40396733388e-07 -1.38426108002e-05 -3.74809769934e-07 -3.63415777534e-08 -4.27266968154e-06 -2.00099664581e-07 -2.37500599172e-08 -2.53129775171e-06 -2.95647382776e-07 -8.31968830422e-08 -6.79089615074e-06 -5.05561693666e-07 -1.49266022654e-07 -1.69148519151e-05 -7.46659108213e-08 1.26450695913e-08 -2.18044159159e-07 1.34370797705e-07 -2.22077535181e-08 -1.76785512363e-07 8.488160812e-07 -1.58782995239e-07 -1.71989570076e-05 3.10299568264e-07 -3.4831576699e-08 -1.85709614801e-06 4.61796314777e-07 -5.44087737606e-08 -2.57968612211e-06 5.14959617036e-07 -6.77490113998e-08 -4.54767182524e-06 -4.8498889336e-07 -2.75296563142e-08 -3.4173290642e-06 -2.96166825569e-07 5.11248944645e-09 -1.10261993447e-06 1.74496613035e-07 -4.09420082665e-08 -5.20279264944e-07 5.41765359782e-07 -9.54577931045e-08 -5.77806544539e-06 6.89319964442e-07 -9.93302945723e-08 -6.86445016997e-06 -6.71939339857e-07 -8.24552628187e-08 -8.11866182589e-06 7.29467340475e-07 -1.22883294243e-07 -9.47924793037e-06 7.81775271555e-07 -1.38872815205e-07 -1.23723997764e-05 6.78837789676e-07 -1.48834828434e-07 -1.55906733709e-05 -7.3791243961e-07 -1.08563755821e-07 -1.09062701601e-05 -7.74040228658e-07 -1.26199710309e-07 -1.38404445444e-05 1.01188472073e-06 -1.63391688303e-07 -1.84046950275e-05 -5.57644833533e-08 2.47598612771e-08 -3.15192751808e-08 7.10396356447e-08 -2.25140308764e-08 -3.94835792171e-08 -9.05192964334e-07 -1.55003632133e-07 -1.83473681143e-05 -1.26226213864e-07 -4.89937510682e-10 -8.20228421056e-08 -1.76504975676e-06 -1.53392047806e-07 -1.83063251263e-05 -1.07916363206e-06 -4.79206149596e-08 -3.48603653643e-06 -7.79880039604e-07 -7.66038531079e-09 -1.66398004036e-06 -1.27486585039e-06 -7.4449667663e-08 -5.63842564312e-06 -4.82122003842e-07 -3.4086434647e-08 -6.41773962196e-07 -1.4608056451e-06 -1.0160643162e-07 -8.1428981555e-06 -1.59500752739e-06 -1.17691420243e-07 -1.09220601212e-05 -1.69461116591e-06 -1.3227675664e-07 -1.38951536992e-05 -1.21183629422e-06 -5.41150688816e-08 -4.51787617684e-06 -1.66450319497e-06 -1.20657376701e-07 -1.23833525674e-05 -1.40220371457e-06 -8.32989997013e-08 -6.84945009336e-06 -1.55765881073e-06 -1.04597092983e-07 -9.49802585985e-06 -1.72714200165e-06 -1.30661065645e-07 -1.5164856262e-05 -6.45285640739e-07 -2.28249986659e-08 -1.11792575779e-06 -9.17882613628e-07 -4.46808163514e-09 -2.57629327516e-06 -1.74734752037e-06 -1.455781165e-07 -1.69237943074e-05 -3.00833250953e-07 -8.73316716547e-09 -2.57463490319e-07 -2.83226545388e-07 1.5999918293e-08 -2.08005771682e-07 -1.75942411892e-06 -1.51189853525e-07 -1.72120753337e-05 -8.16863647228e-07 -2.90950980643e-08 -1.85899682363e-06 -9.40333401543e-07 -4.83836964657e-08 -2.60933183161e-06 -1.20034609794e-06 -7.52187242485e-08 -4.52812644407e-06 -1.06223226221e-06 -2.84964590751e-08 -3.48112856289e-06 -6.35923310593e-07 -3.39786685962e-10 -1.10013234424e-06 -4.76458606637e-07 1.90840577427e-08 -6.31711776398e-07 -1.29319266188e-06 -5.24060777669e-08 -5.64764872856e-06 -1.3986928491e-06 -1.02054692542e-07 -6.85945855226e-06 -1.55134249055e-06 -1.19354254474e-07 -9.50357361162e-06 -1.66097945838e-06 -1.33571043377e-07 -1.23914907521e-05 -1.74072950663e-06 -1.40427268055e-07 -1.56063169324e-05 -1.47305782682e-06 -8.56915039628e-08 -8.15172794616e-06 -1.60466428276e-06 -1.05126073387e-07 -1.09237203353e-05 -1.69642221778e-06 -1.24305196205e-07 -1.38465497779e-05 -1.41950853662e-07 -1.57068969673e-08 -7.84131817862e-08 -1.76853886472e-06 -1.5510345877e-07 -1.84145058218e-05 -1.39492130405e-07 1.51642624227e-08 -7.02516742513e-08 -1.75792888761e-06 -1.51631953298e-07 -1.83507497459e-05 1.2565213953e-07 -3.66785014053e-09 -7.9516184295e-08 1.76670751018e-06 -1.63508178108e-07 -1.83062525873e-05 1.06760537574e-06 -4.02551360402e-08 -3.48063310373e-06 8.03766263272e-07 -1.42593158875e-08 -1.79262094105e-06 1.28174403697e-06 -8.38249927445e-08 -5.63551123197e-06 5.38105044092e-07 -1.45375351429e-08 -6.88244457414e-07 1.46436287878e-06 -1.02891582568e-07 -8.13442886358e-06 1.597497754e-06 -1.25037281007e-07 -1.09206641314e-05 1.69177322723e-06 -1.41496144909e-07 -1.38981193511e-05 9.27682099921e-07 -4.60485163931e-08 -2.60597043724e-06 1.67219290586e-06 -1.36278926455e-07 -1.23862832127e-05 1.56876358728e-06 -1.19836411467e-07 -9.5000423177e-06 1.73260316264e-06 -1.54335541727e-07 -1.51664461283e-05 1.17888106223e-06 -7.99148044884e-08 -4.35041263756e-06 6.85475346658e-07 -3.9906203268e-08 -1.27714561857e-06 1.42531351368e-06 -1.02128369694e-07 -7.05040464565e-06 1.75473834953e-06 -1.5829806603e-07 -1.69226137745e-05 3.15244626402e-07 -1.49632112283e-08 -2.58745478435e-07 2.82763273534e-07 1.59286172139e-08 -2.08949427162e-07 1.75363409169e-06 -1.55599903911e-07 -1.72124014563e-05 9.27360869892e-07 -1.49101415142e-08 -2.59898588139e-06 1.2185001134e-06 -5.86314147316e-08 -4.62288734801e-06 8.17848971688e-07 -2.49068832778e-08 -1.82278125904e-06 1.07652935995e-06 -5.78984968745e-08 -3.44922444094e-06 6.09828965219e-07 2.56782915364e-09 -1.10207120926e-06 4.4495318346e-07 2.77997000142e-08 -5.66936994336e-07 1.29074336827e-06 -6.01884740544e-08 -5.67521575595e-06 1.38528438752e-06 -7.39164345674e-08 -6.81657234546e-06 1.54254831118e-06 -1.06092067812e-07 -9.50866584797e-06 1.6540686215e-06 -1.27006114332e-07 -1.23939238969e-05 1.73762356596e-06 -1.48802267413e-07 -1.56052883492e-05 1.48788353384e-06 -1.2357080639e-07 -8.18736237011e-06 1.61493000918e-06 -1.36337476356e-07 -1.09202288525e-05 1.70627723047e-06 -1.47212974774e-07 -1.38476085283e-05 1.77002136035e-06 -1.6558106292e-07 -1.83509765981e-05 1.40672045217e-07 1.41109927961e-08 -7.000715789e-08 1.76152579016e-06 -1.62790754165e-07 -1.84141776002e-05 1.4528808664e-07 -2.48064058762e-08 -7.53153663074e-08 -5.3230898832e-09 1.94288790466e-09 -1.17321199376e-07 1.51715189411e-09 -1.55189236501e-07 -1.76036939125e-05 2.22161368857e-09 -4.83046298443e-08 -3.90952824219e-06 -2.65612740986e-09 -1.2467944544e-07 -1.16326296745e-05 -3.44047977122e-09 -1.06659619063e-07 -8.79058167e-06 9.03493156009e-10 -1.39523040387e-07 -1.45907910379e-05 1.40561909742e-08 -1.18427219406e-08 -1.45060660818e-06 -1.38259442613e-08 -8.21701630504e-08 -6.20364246739e-06 -1.4161820429e-08 -6.58545100106e-09 -4.90362321999e-07 2.93895027927e-09 -3.80154688943e-08 -2.77545281778e-06</DataArray>
        <DataArray type="Float64" Name="DisplacementMagnitude" format="ascii">0 0 0 0 1.94640830692e-05 1.94643391994e-05 1.94548590749e-05 1.94521331453e-05 0 0 0 0 0 0 0 0 1.93915594083e-05 1.93911791542e-05 1.94620831014e-05 1.94589348319e-05 1.93800380449e-05 1.93807210574e-05 1.94622107684e-05 1.94578137572e-05 2.55837242957e-07 5.95018767703e-07 1.02891734008e-06 1.61762806387e-06 2.32807848979e-06 3.18994506011e-06 4.14615029849e-06 5.2215575318e-06 6.3782222796e-06 7.62157808246e-06 8.951360435e-06 1.03292997316e-05 1.17683485336e-05 1.32468393743e-05 1.47694840811e-05 1.63166137568e-05 1.78859009462e-05 2.49869708058e-07 5.80326328298e-07 1.0216363773e-06 1.60357272508e-06 2.34050895088e-06 3.17938346925e-06 4.1377852517e-06 5.22013474243e-06 6.37849882888e-06 7.6223939054e-06 8.940283119e-06 1.03295645134e-05 1.1763684405e-05 1.32489501513e-05 1.47661485388e-05 1.63160204938e-05 1.78841775836e-05 2.52557071395e-07 5.81277403735e-07 1.0170947784e-06 1.60595959642e-06 2.33834993032e-06 3.17088142733e-06 4.13039119313e-06 5.20344893721e-06 6.3699122351e-06 7.60931419734e-06 8.93198289742e-06 1.03206419102e-05 1.1755508137e-05 1.32359254072e-05 1.47565287763e-05 1.63065767123e-05 1.78723314377e-05 2.42839087554e-07 5.61616132192e-07 1.02056079178e-06 1.62009711544e-06 2.34552173763e-06 3.19216781044e-06 4.14709802326e-06 5.21063708875e-06 6.37801767751e-06 7.61361461908e-06 8.93836561483e-06 1.03212383939e-05 1.17605461867e-05 1.32379125705e-05 1.4758474698e-05 1.63073655508e-05 1.7875557957e-05 0 0 0 0 0 0 0 0 1.93916335387e-05 1.93919386245e-05 1.93749161918e-05 1.9380756174e-05 1.93966735425e-05 1.94021818847e-05 1.9402362033e-05 1.93959698467e-05 2.41938462279e-08 1.83101260237e-05 3.46525457826e-06 1.66281758721e-06 5.43566222343e-06 6.94597556345e-07 9.49728197373e-06 1.23864018358e-05 1.51749725013e-05 1.11676504875e-06 8.13227853483e-06 1.09165144998e-05 1.3860514605e-05 4.30379054665e-06 2.53150437489e-06 6.80699630033e-06 2.36156339955e-07 1.69341705272e-05 2.13791797981e-07 1.72303240182e-05 1.88140495379e-06 2.61513609151e-06 4.57566615943e-06 3.46219879286e-06 1.15734100502e-06 5.59453859851e-07 5.81511636042e-06 6.90475112423e-06 8.16040847168e-06 9.52106834527e-06 1.24075076394e-05 1.56146917568e-05 1.0937587219e-05 1.38761296956e-05 6.76089504519e-08 7.91731005794e-08 1.8381773829e-05 1.84430391292e-05 2.76351441203e-08 1.82996971126e-05 3.46115757485e-06 1.64792296407e-06 5.43242261742e-06 6.83471697893e-07 9.4849963277e-06 1.23770740679e-05 1.51665316638e-05 1.11141515673e-06 8.12241229516e-06 1.09086169063e-05 1.38512955898e-05 4.28923178221e-06 2.53930546585e-06 6.79783786409e-06 1.69230637971e-05 2.30820604295e-07 2.23163198072e-07 1.7220622025e-05 1.88316360515e-06 2.62125859839e-06 4.57723632401e-06 3.45168220462e-06 1.14171434519e-06 5.50287042853e-07 5.80419350009e-06 6.89968873622e-06 8.14683810996e-06 9.50806837534e-06 1.239785201e-05 1.56061548342e-05 1.09317441272e-05 1.38626465665e-05 1.84332147654e-05 6.86745443527e-08 8.43354281819e-08 1.83703379705e-05 1.50535855304e-07 1.83918587802e-05 3.64956727071e-06 1.83768907392e-06 5.78123424733e-06 8.03416038032e-07 8.27351602226e-06 1.10385369308e-05 1.39987321022e-05 4.67789277281e-06 1.24953011127e-05 6.99200118435e-06 9.62547332639e-06 1.52634516822e-05 1.29099672294e-06 2.73492513532e-06 1.70143830363e-05 3.96061058341e-07 3.51766505584e-07 1.73024266765e-05 2.03075895497e-06 2.77401883476e-06 4.685127288e-06 3.63969854499e-06 1.27070442954e-06 7.91477588778e-07 5.79405124407e-06 7.0013519035e-06 9.63009970626e-06 1.25030291147e-05 1.57037252659e-05 8.28419645489e-06 1.10414521198e-05 1.39506358591e-05 1.62927525439e-07 1.84998867958e-05 1.56918153937e-07 1.84353823519e-05 1.48743863262e-07 1.83920328985e-05 3.64090765017e-06 1.96462041431e-06 5.7800416306e-06 8.73755578847e-07 8.26582592698e-06 1.10375965893e-05 1.40014227602e-05 2.76654955931e-06 1.24993925007e-05 9.62944359745e-06 1.52658711295e-05 4.50801919383e-06 1.45002409876e-06 7.19375802232e-06 1.70140830465e-05 4.08108190038e-07 3.51949787352e-07 1.73022023959e-05 2.75951954278e-06 4.78113664326e-06 1.99800620911e-06 3.61378152947e-06 1.25954710545e-06 7.21230694257e-07 5.82045659478e-06 6.95630182026e-06 9.63355785925e-06 1.25044561305e-05 1.57024361879e-05 8.32237764908e-06 1.10398362774e-05 1.39531113233e-05 1.8436885171e-05 1.57761676522e-07 1.84989570147e-05 1.65518549698e-07 1.17457966619e-07 1.7604378017e-05 3.9098272787e-06 1.16332981206e-05 8.79122939117e-06 1.45914581385e-05 1.45072304672e-06 6.2042020402e-06 4.90610978433e-07 2.77571471103e-06</DataArray>
        <DataArray type="Float64" Name="NodalVonMises" format="ascii">26688.3084906 25491.3490758 25896.7634909 25807.0070845 1668.23407718 1781.46678896 1623.7258996 1747.95223596 10419.6586919 8956.48039257 27890.2192562 27912.0422246 10800.9821249 9650.26018151 27823.6078629 27917.7922748 1815.9740481 1868.4062675 1738.05862755 1761.15127506 1844.08453845 1883.56989274 1735.72983955 1816.12664936 28233.756439 24318.6090487 21874.1883921 21090.6002543 18862.561008 19824.0013445 17552.6920774 13855.7414741 13000.3415684 11316.8593867 10270.9341374 8296.04294587 7618.95842168 5563.80783377 5137.13870949 3260.30457973 2230.25314186 27735.7905736 24449.5758055 20683.3816252 19868.195622 20082.9656714 18745.2943903 15850.1835138 13791.4203625 13055.8659719 10845.7139183 10465.2062824 8664.61130548 7987.05397559 6369.76340862 4987.47991541 3018.96147787 2017.73958059 27541.8479133 23971.6960841 22479.4084254 21714.8532114 17021.3687681 18554.471685 18780.9291021 13702.4425223 12800.8715336 12288.7762314 11101.9562852 7937.21354333 7126.65268812 5390.02646603 4471.9974261 3121.99657678 2348.10936489 27286.6885172 26423.364252 21719.0573116 21951.9173034 20334.040474 18777.8823519 16755.6919539 13982.0470856 14281.5287813 9926.07181342 10451.90429 8098.95020211 7327.1586007 5859.07042715 4498.43751908 3134.40884753 2040.31249624 15490.6179908 15262.2469404 9440.39097428 9241.32682432 16657.8400368 16623.4783479 18040.7309483 18227.3925646 1758.68947908 1803.22525519 1939.40249391 1868.63780854 1844.13660231 1804.18184752 1769.62214335 1842.8809039 9546.69291858 2036.17582888 9025.57112074 14138.1216892 8616.51308537 15560.3601512 5444.1454508 3655.2929336 3813.57762055 10570.8183408 5854.47984722 5231.26562487 3855.39866016 11506.6279971 12079.4927209 7086.40650268 16470.5801913 2430.01108853 16850.3979931 2202.4429305 12560.4119502 14755.8208258 8968.76307189 12110.8440559 10643.2976992 16647.3510702 10125.8055395 8898.84557724 7944.26032712 7957.30278199 5990.51757505 2630.27913484 6459.84666591 3335.76154899 18181.6114555 20336.0257324 1944.63061333 1796.92646337 9906.18202298 2061.73680154 10606.0530627 12819.9425159 7791.26709429 15759.1285994 5467.17286335 3574.48286846 2921.61325087 12724.283944 6079.59279741 4850.2776962 3759.77580771 11982.8419378 10817.1630706 7827.64452933 2370.70725482 16132.8965035 16368.2874178 2074.24130153 15341.4125585 13815.1874788 8923.85301461 12252.2079087 13122.5079745 17661.2219773 10170.5580466 7076.08965467 8998.06288861 7613.86620805 5416.02963468 2527.20729578 5585.67422575 4033.51269953 1756.62029137 18007.5229831 18475.8476876 1824.36170078 22502.0194314 2026.24939823 16636.9500899 18083.8984393 13760.0897429 23913.0686658 10430.0682668 8128.24144668 5035.36378572 14296.2146905 6139.56303628 12076.4004629 9260.28640241 4108.40680006 18507.5149675 18004.4998936 2880.56181945 23636.4648016 22944.1340991 2459.00865979 17287.7904587 19353.5108138 14298.1017948 16300.4613375 19001.5680263 24727.2411705 12683.3364847 13818.2917994 9110.09939874 6982.08766959 3891.49514759 12841.2988666 7322.00843131 5594.18506414 25998.2207189 1971.07760697 26304.460892 2081.30474808 22651.3121618 2062.54481562 16258.8207468 19025.93046 12357.9395535 21321.2448391 9966.44932775 7594.80839165 5470.53262491 19530.373793 6223.616297 8990.22515622 4531.55279507 16078.9871493 21462.3252355 10793.6415467 2745.47230503 23092.4062629 22831.8898234 2531.99562148 18801.7254695 14219.4920439 19749.6974923 15607.659033 19030.9455392 23945.240284 12876.2341714 13440.4702793 9541.19714739 7035.10801029 3587.50488218 10348.0462181 6886.8232841 5355.14863776 1949.73338618 26283.6337148 1866.11182246 24179.1706067 14482.2930057 2080.99418405 9693.97726542 5147.23402755 7115.20077993 3562.89881496 12642.7164411 8992.80497344 14684.8104598 12313.1377969</DataArray>
        <DataArray type="Float64" Name="NodalStressTrace" format="ascii">56205.1469144 -51612.8918329 58450.3727979 -53721.4793097 655.169644039 -521.736276409 607.344421228 -751.324575764 -22548.0209397 14990.9462748 77141.044783 76175.6636919 -22602.3663093 16563.4519713 -76694.4924429 -77532.9574815 -17.8419826319 50.6094408018 751.078414725 743.363407684 -9.21437072395 -10.6722341179 -793.940347026 -774.384852813 -31452.2666034 -25258.6359254 -23726.7905653 -22293.8289405 -16975.2443994 -19303.4016639 -17792.6528804 -13269.3099649 -12219.449033 -11462.5008247 -10526.2795379 -7723.59986778 -7587.09887673 -5576.15485592 -5118.51172582 -2494.65192488 -1449.61942484 30182.4592514 24213.1491778 20047.7173128 22639.8506974 19622.6970622 19952.3348067 17544.8720085 13121.07384 12979.3867423 12192.8584466 11003.3358817 7745.13099987 7735.9091067 5182.06198679 4631.68932671 3021.26783983 1315.25577308 -31061.8640135 -24281.369547 -20321.6687522 -23378.6829627 -17527.9168077 -19299.712086 -16263.5602072 -14095.3087909 -14093.5743209 -11915.7895424 -11292.3985285 -7547.66402826 -7932.77739892 -5402.83973428 -4576.12998968 -2822.00932279 -1525.40244748 31004.8202663 25386.3236453 21796.7693975 23883.338152 19481.3170686 18776.9725827 17874.2275676 14339.9819747 14327.8136837 10752.836063 10463.3018181 7581.38292088 7048.9384742 5325.59689516 4584.22634487 3096.13775018 1473.76851328 -29455.6645521 27302.817267 -5554.46608812 -5732.76665042 31647.7997786 30465.6287252 -36162.7164263 -36968.7958487 -107.95382619 118.345325747 -28.9594727349 7.84966552685 180.89354359 159.412359947 -176.521122368 -256.874751337 1310.40448222 -147.797417852 4553.13028709 -13085.3095735 -5060.21649407 -13744.0000757 -1826.44284579 -1882.9709569 -2711.84751865 6120.42134096 2424.52181703 2096.62876056 1774.13132227 -9257.81986124 -5911.29972386 -4478.12451377 -11571.450117 -785.696100064 13703.8329672 1470.87063714 10116.7500549 12998.3946307 7285.51072485 -10103.7835594 -9959.76982528 12027.8636778 7369.71221981 8000.44737523 -7224.01909321 7282.22161634 4701.11913525 1563.23089983 -5766.58642794 -2281.56627442 -24011.9905928 27994.0630315 -477.689416329 372.328371179 1949.84576286 -136.191355507 6572.61711696 -9364.25236468 -3656.11373561 -11652.2388173 -2552.97337971 -1326.13218559 -1101.26681503 7934.69234269 3616.7594722 1650.58297835 2245.52555225 -8735.46800674 -3753.19595298 -4746.58586389 -1306.11485518 -10714.227863 15064.3633003 1296.94366886 12899.5932291 13437.6009021 7610.24877342 -10166.5063302 -14624.3080084 15444.0638932 8372.57810993 4958.46280216 -8397.15112917 6845.54920205 4510.36599583 1559.08624219 -5379.29892369 -3872.61567425 332.505563326 -25009.4883124 26618.732341 -350.807823572 -49941.1941749 -773.119427149 -18123.2575665 -24359.6123762 -13751.9210384 -25484.1675527 -10772.899837 -7584.73484097 -4888.15150329 -16687.6089721 -6218.83429593 -12227.8899225 -8945.79935785 -3739.73159347 -23223.585726 -20678.3475306 -2464.47154254 -26619.5319341 -27217.1747834 -2471.46579718 -19165.9783449 -20090.7019414 -15781.2385032 -18042.7871431 -24328.7506882 -26736.0569893 -15565.0601592 -15195.3882157 -9139.22740124 -7649.36295288 -3667.84213618 -15129.3321823 -8697.37896494 -6647.88075739 -45103.725138 -946.278971408 -47226.9139131 -1165.794616 48688.5920327 917.182929287 16869.4809144 21309.1011887 13230.2933964 22863.4505265 10922.4759657 7897.12925836 5140.47795661 22198.9498575 6479.61346051 9293.73096946 4351.16447263 20436.2310009 27947.2737219 11658.6950833 2431.1303625 27547.1154007 27452.96927 2598.55278963 19145.3078429 14984.1783422 23028.5088582 16137.4173056 19953.4998999 27629.6432649 13335.3911083 13985.1059961 10979.1032089 7557.66540423 3273.83701012 12311.1678245 7279.29397189 6069.69383554 994.785499908 46406.6918191 680.822084107 41836.2918954 418.558238994 63.833463616 773.260234304 -150.24512991 117.600055756 -40.578278278 1372.73655879 358.976694593 -1163.7825122 56.8259782802</DataArray>
        <DataArray type="Float64" Name="NodalPrincipalStress" NumberOfComponents="3" format="ascii">8007.33569208 11843.432482 36354.3787403 -33979.4452912 -10951.0640484 -6682.38249328 9103.19267177 12767.1991694 36579.9809567 -34925.0020813 -11373.6970292 -7422.78019918 -600.56097122 -21.0720998648 1276.80271512 -1313.88801482 117.388459133 674.763279277 -575.824310094 -58.5897430601 1241.75847438 -1380.9351908 77.4675830422 552.143031999 -14291.0956105 -5079.60164935 -3177.32367984 774.099013757 3572.48448683 10644.3627742 15372.1967894 17503.7271663 44265.1208273 14960.2533058 17264.8868071 43950.523579 -14532.5907203 -4978.55637089 -3091.21921812 1008.70349614 3922.40995843 11632.3385167 -44077.0904602 -17306.0503477 -15311.351635 -44415.2522822 -17615.0581997 -15502.6469996 -1071.97517809 35.6697048401 1018.46349061 -1054.726394 5.97234919647 1099.36348561 -610.691401363 10.741940308 1351.02787578 -590.234864594 -41.9396214298 1375.53789371 -1090.15609488 50.7506046857 1030.19111947 -1073.99619552 -31.9921272773 1095.31608868 -1361.86669269 -26.880385424 594.806731083 -1423.02393401 55.4656880057 593.173393192 -29018.463738 -3817.70445684 1383.9015914 -24377.2950858 -2688.08489023 1806.74405065 -22050.8799837 -3338.22660589 1662.31602426 -21152.0660729 -2854.16586745 1712.40299984 -17902.6201973 -1760.10043218 2687.47623009 -19335.333718 -2270.77006516 2302.70211925 -17378.9953662 -2144.95234268 1731.29482856 -13507.3926914 -1225.25426862 1463.33699519 -12384.0495487 -1639.51243929 1804.11295496 -11257.9687837 -1146.98448032 942.452439239 -10211.7108797 -1145.54653135 830.97787316 -7946.66939213 -930.243488017 1153.31301237 -7525.64998201 -750.103146208 688.654251494 -5470.4694038 -699.991650499 594.306198376 -5076.95585814 -486.281472851 444.725605167 -2933.07954729 -220.363004538 658.790626944 -1899.70306951 -151.70623337 601.789878042 -1871.99942697 3841.46651959 28212.9921588 -2556.97883677 2745.30944266 24024.818572 -2462.91841304 2359.75107775 20150.8846481 -1202.4791832 3499.84337678 20342.4865038 -1707.95426679 1578.78356008 19751.8677689 -1263.9691721 2283.25999839 18933.0439804 -1211.93098422 2670.33330697 16086.4696858 -1602.20375431 1320.26897889 13403.0086154 -1224.45962162 1308.41940694 12895.426957 -669.425704907 1740.87781143 11121.4063401 -792.62027938 1305.10384552 10490.8523156 -1241.06905519 753.475981786 8232.72407328 -852.363567107 781.951100237 7806.32157357 -1082.41585303 386.370013391 5878.10782642 -688.848566766 538.245109547 4782.29278392 -316.501782772 359.273530746 2978.49609186 -464.822632999 29.3583645851 1750.72004149 -28410.2255505 -4043.05591616 1391.41745318 -23819.5484079 -2519.85722793 2058.03608883 -21419.5955753 -1925.75717075 3023.68399387 -21974.2142003 -2971.78402425 1567.31526178 -16923.946466 -2169.93445356 1565.96411189 -18467.8176037 -2596.94445848 1765.04997623 -17677.6765842 -1232.76176713 2646.87814418 -13593.0573318 -1723.0398907 1220.7884316 -13060.7158813 -1894.66953347 861.811093898 -12020.1116326 -1256.79572598 1361.11781618 -11040.807502 -1257.40416156 1005.81313506 -7715.76892114 -664.306512628 832.411405511 -7281.05713985 -1074.09037604 422.370116974 -5317.92627856 -602.352434358 517.438978631 -4454.60316233 -504.219051555 382.692224205 -2980.63528859 -260.380022926 419.005988725 -2038.94806111 -23.2336386206 536.779252246 -1370.49661865 4202.50601579 28172.8108691 -2835.07445778 2469.23811058 25752.1599925 -1840.0670551 2177.19257991 21459.6438726 -1291.96866701 2786.76135037 22388.5454687 -2119.12465741 1741.50474856 19858.9369775 -1637.22793511 1875.58563335 18538.6148844 -1343.80770598 2353.44800384 16864.5872698 -1191.97959206 1612.18362656 13919.7779402 -1388.96669732 1676.76252539 14040.0178557 -1173.67107719 2076.74663513 9849.76050501 -1095.96550818 1271.4678658 10287.7994605 -1077.96423151 876.782986584 7782.5641658 -858.779668746 791.224933995 7116.49320895 -756.38891543 477.301397173 5604.68441342 -316.036460402 404.692136272 4495.570669 -240.417903372 234.33126028 3102.22439327 -372.718035365 16.0781549687 1830.40839368 -19719.8650842 -6748.03508584 -2987.76438204 2275.8342132 6263.59945273 18763.3836011 -7496.48566667 -1153.03307519 3095.05265373 -7422.74065336 -1290.43613896 2980.4101419 3465.91344 6855.3210212 21326.5653174 2997.29505082 6575.88374254 20892.4499318 -23788.8367731 -7870.66418071 -4503.21547243 -24177.9777344 -8110.0528418 -4680.7652725 -1083.12586985 35.5108954855 939.661148177 -921.900576382 -95.4582617361 1135.70416387 -1134.18643781 2.29526914059 1102.93169594 -1082.21021614 16.4915662352 1073.56831543 -941.003242287 -47.5776560784 1169.47444196 -925.024503846 -55.9382115804 1140.37507537 -1141.79553806 87.3008981478 877.973517548 -1230.51377557 121.817019942 851.82200429 -4793.53746991 174.966132491 5928.97581963 -1209.7210759 -74.0673813704 1135.99103941 -3130.15858624 765.467224262 6917.82164907 -13569.0964557 -1271.84841632 1755.63529856 -7000.01592338 -387.777625585 2327.57705489 -14398.7167996 -1920.5517882 2575.26851204 -3986.95814287 30.8707714569 2129.64452562 -2896.01909578 -148.67888464 1161.72702352 -3369.98295935 -129.863402075 787.998842778 -3542.51050088 1545.38483865 8117.54700318 -2236.73624013 389.067606036 4272.19045112 -1866.63064593 36.7777274649 3926.48167903 -1290.21850959 94.6504587066 2969.69937315 -10600.5961803 -580.953699265 1923.73001832 -9388.25667683 -625.022016474 4101.97896944 -5852.1718438 -600.118758707 1974.16608873 -14060.7823367 -1513.11007904 4002.44229877 -1734.60006509 -56.9094149035 1005.81337993 -3030.52864782 1320.11458245 15414.2470326 -532.771694457 100.901327757 1902.74100384 -2389.77547707 1314.26089345 11192.2646385 -2110.14243021 1187.55821595 13920.978845 -1674.86072486 958.339366121 8002.03208359 -11078.2392087 -1308.93647319 2283.3921225 -10108.6228771 -1634.29417529 1783.14722713 -3478.97958274 747.429618953 14759.4136416 -2238.48952752 676.223455535 8931.9782918 -1487.41677349 1164.04502807 8323.81912065 -7546.5047222 -748.517703564 1071.00333256 -1161.70551372 930.643998809 7513.28313125 -1215.29244381 534.559321682 5381.85225737 -821.10502863 266.352419691 2117.98350877 -6078.87006303 -677.30154217 989.585177263 -2873.1951114 -273.620581511 865.249418492 -19750.6569439 -4268.02389126 6.69024233924 504.05313129 4901.11731749 22588.8925827 -1338.2959988 -17.86480326 878.471385733 -801.796510649 -58.9100975466 1233.03497937 -4817.58673152 470.513398317 6296.91909606 -1223.60613016 -65.741255046 1153.1560297 -3015.34482789 857.016795566 8730.94514928 -11261.7550803 -899.688191975 2797.19090755 -5787.93712198 -664.122492518 2795.94587889 -13812.7950621 -1357.21834711 3517.7745919 -4302.77674405 43.1321259428 1706.6712384 -2619.75587734 -99.5238417775 1393.14753353 -2175.56967031 -66.6250622615 1140.92791754 -3492.79912432 963.581138715 10463.9103283 -1932.48652648 710.822058865 4838.42393982 -1911.85787084 65.7545778446 3496.68627134 -1085.77794451 247.409999416 3083.89349734 -10660.0801469 -452.695715449 2377.3078556 -7995.70414057 156.677148266 4085.83103932 -6411.67885948 -592.439900193 2257.53289578 -1905.42204613 -152.144182092 751.451373047 -13572.3640302 -1371.13491894 4229.27108618 -2206.95607287 1695.22531978 15576.0940533 -524.653583603 61.4796223958 1760.11763007 -2657.33799055 1510.72912536 14046.2020943 -1626.79230405 1660.90030967 13403.4928964 -1839.70912135 1501.20409097 7948.75380381 -11205.0582815 -1240.98250213 2279.53445346 -13356.7659832 -2196.9621903 929.420165094 -2540.86823384 1382.53880139 16602.3933256 -1792.65317922 832.151367306 9333.07992184 -2073.46279173 1042.99948374 5988.92611015 -8648.35956033 -955.072373327 1206.28080449 -1154.14292969 844.204212432 7155.4879193 -951.257830479 496.094573399 4965.52925291 -712.568727234 182.860462598 2088.79450683 -5398.60373923 -667.411830659 686.716646192 -3909.78834047 -430.032982604 467.20564883 -799.68107392 -61.8667058565 1194.0533431 -19981.9321865 -4605.7976691 -421.758456742 758.425501824 4968.28599167 20892.0208475 -1223.28508753 15.1331886193 857.344075334 -31594.456413 -10216.9435108 -8129.79425114 -1543.73290933 67.935376737 702.678105448 -16921.877833 -2048.057296 846.677562484 -19959.3045338 -3811.48591971 -588.82192269 -13483.8225288 -1647.56190948 1379.46339993 -24245.1561318 -2118.70948928 879.698068358 -10326.6004293 -1369.11252005 922.813112403 -7777.95336797 -857.368137996 1050.58666499 -4862.92391873 -633.018921235 607.791336677 -14746.630725 -2591.81643565 650.838188566 -6021.54781416 -806.54960931 609.263127535 -11894.3927236 -1566.97532302 1233.47812419 -8993.68807162 -958.474810962 1006.36352473 -3908.54410822 -402.767876648 571.5803914 -19852.6945804 -3284.54843662 -86.3427089424 -18694.2440017 -2556.04481559 571.941286689 -2681.9375123 -247.836164287 465.302134042 -24444.3739703 -2837.0143001 661.856336225 -24122.2739369 -3535.68831554 440.787468988 -2396.08478314 -390.758330042 315.377316001 -17612.7943182 -2594.11603318 1040.93200643 -19315.4638912 -2323.94702571 1548.70897555 -14672.2303901 -1735.25278886 626.244675732 -16634.3064136 -2286.8466586 878.365929124 -20502.4500298 -3745.88565876 -80.4149996849 -25197.8690196 -2582.71484664 1044.52687694 -13357.3441885 -2563.78574896 356.069778297 -14126.6421536 -1892.23607834 823.49001621 -8970.95736229 -1041.50529444 873.235255482 -7101.50126247 -951.186875843 403.325185429 -3748.45573583 -359.869572183 440.483171838 -13471.0339237 -2086.84046521 428.54220665 -7726.41020964 -974.723031587 3.75427628194 -5876.85178883 -962.969438832 191.940470266 -32154.2530963 -8476.90937901 -4472.56266263 -1568.87861015 -16.6210614967 639.22070024 -33079.1983203 -8999.37660199 -5148.33899085 -1721.55183246 -30.0175267082 585.774743172 7629.90936602 9793.39857601 31265.2840907 -654.569210813 -53.726494313 1625.47863441 -1149.84568812 1745.46797701 16273.8586255 -597.502139868 2265.21486926 19641.3884593 -1061.05824627 1993.14641612 12298.2052266 -1698.44530576 3228.64830452 21333.2475277 -751.369449389 1639.78076159 10034.0646535 -688.553904702 1049.83476425 7535.84839882 -717.092037841 638.096696949 5219.4732975 -460.330314842 2373.05322648 20286.2269459 -541.079034954 834.378256791 6186.31423867 -838.459898594 1239.37199809 8892.81886997 -574.627420727 547.791565539 4378.00032782 -59.3963339947 3202.90250822 17292.7248267 325.092472974 4258.997998 23363.1832509 -1019.5567351 1952.42858973 10725.8232287 -393.690162983 229.754830179 2595.06569531 -39.7492575384 3177.54849829 24409.3161599 -266.212193064 3585.29175568 24133.8897074 -237.576118582 316.406232141 2519.72267607 -976.78908956 1305.76486305 18816.3320695 -1202.95320086 2019.75588237 14167.3756607 -624.476989116 3051.70131881 20601.2845285 -1306.91857111 1928.13485295 15516.2010238 -1873.22145104 2933.48271102 18893.2386399 -829.656181368 3543.36166462 24915.9377816 -936.173068169 1368.60321006 12902.9609664 -1065.77486957 1603.17530115 13447.7055646 -306.281518811 1359.26770215 9926.11702551 -470.850050541 905.729834644 7122.78562012 -501.581541158 354.735391549 3420.68315973 -389.235423425 1884.91069417 10815.4925538 -552.10851566 933.11696466 6898.28552289 -326.833153685 881.429017427 5515.0979718 -584.575403049 0.607538107968 1578.75336485 4926.62766918 8671.78547679 32808.2786731 -673.082240137 -61.8028375364 1415.70716178 4253.68494262 7669.91673114 29912.6902217 -7689.69889384 -29.0411455045 8137.29827834 -1128.56811184 -26.7109522659 1219.11252772 -5105.08436835 407.744147574 5470.60045508 -2918.95732062 15.0332816087 2753.6789091 -3947.18574753 166.978214771 3897.80758852 -2031.70008113 58.1007269151 1933.02107594 -6369.62092837 289.924233424 7452.43325374 -4743.47775545 -42.5575895437 5145.01203959 -8497.67365053 -178.69269321 7512.58383154 -6617.87960129 -171.962091839 6846.66767141</DataArray>
        <DataArray type="Float64" Name="ShellTopNodalVonMises" format="ascii">0 0 0 0 0 0 0 0 0 0 0 0 0 0 0 0 0 0 0 0 0 0 0 0 0 0 0 0 0 0 0 0 0 0 0 0 0 0 0 0 0 0 0 0 0 0 0 0 0 0 0 0 0 0 0 0 0 0 0 0 0 0 0 0 0 0 0 0 0 0 0 0 0 0 0 0 0 0 0 0 0 0 0 0 0 0 0 0 0 0 0 0 0 0 0 0 0 0 0 0 0 0 0 0 0 0 0 0 0 0 0 0 0 0 0 0 0 0 0 0 0 0 0 0 0 0 0 0 0 0 0 0 0 0 0 0 0 0 0 0 0 0 0 0 0 0 0 0 0 0 0 0 0 0 0 0 0 0 0 0 0 0 0 0 0 0 0 0 0 0 0 0 0 0 0 0 0 0 0 0 0 0 0 0 0 0 0 0 0 0 0 0 0 0 0 0 0 0 0 0 0 0 0 0 0 0 0 0 0 0 0 0 0 0 0 0 0 0 0 0 0 0 0 0 0 0 0 0 0 0 0 0 0 0 0 0 0 0 0 0 0 0 0 0 0 0 0 0 0 0 0 0 0 0 0 0 0 0 0 0 0 0 0 0 0 0 0 0 0 0</DataArray>
        <DataArray type="Float64" Name="ShellBottomNodalVonMises" format="ascii">0 0 0 0 0 0 0 0 0 0 0 0 0 0 0 0 0 0 0 0 0 0 0 0 0 0 0 0 0 0 0 0 0 0 0 0 0 0 0 0 0 0 0 0 0 0 0 0 0 0 0 0 0 0 0 0 0 0 0 0 0 0 0 0 0 0 0 0 0 0 0 0 0 0 0 0 0 0 0 0 0 0 0 0 0 0 0 0 0 0 0 0 0 0 0 0 0 0 0 0 0 0 0 0 0 0 0 0 0 0 0 0 0 0 0 0 0 0 0 0 0 0 0 0 0 0 0 0 0 0 0 0 0 0 0 0 0 0 0 0 0 0 0 0 0 0 0 0 0 0 0 0 0 0 0 0 0 0 0 0 0 0 0 0 0 0 0 0 0 0 0 0 0 0 0 0 0 0 0 0 0 0 0 0 0 0 0 0 0 0 0 0 0 0 0 0 0 0 0 0 0 0 0 0 0 0 0 0 0 0 0 0 0 0 0 0 0 0 0 0 0 0 0 0 0 0 0 0 0 0 0 0 0 0 0 0 0 0 0 0 0 0 0 0 0 0 0 0 0 0 0 0 0 0 0 0 0 0 0 0 0 0 0 0 0 0 0 0 0 0</DataArray>
      </PointData>
      <CellData Scalars="VonMises">
        <DataArray type="Int32" Name="ElementIndex" format="ascii">0 1 2 3 4 5 6 7 8 9 10 11 12 13 14 15 16 17 18 19 20 21 22 23 24 25 26 27 28 29 30 31 32 33 34 35 36 37 38 39 40 41 42 43 44 45 46 47 48 49 50 51 52 53 54 55 56 57 58 59 60 61 62 63 64 65 66 67 68 69 70 71 72 73 74 75 76 77 78 79 80 81 82 83 84 85 86 87 88 89 90 91 92 93 94 95 96 97 98 99 100 101 102 103 104 105 106 107 108 109 110 111 112 113 114 115 116 117 118 119 120 121 122 123 124 125 126 127 128 129 130 131 132 133 134 135 136 137 138 139 140 141 142 143 144 145 146 147 148 149 150 151 152 153 154 155 156 157 158 159 160 161 162 163 164 165 166 167 168 169 170 171 172 173 174 175 176 177 178 179 180 181 182 183 184 185 186 187 188 189 190 191 192 193 194 195 196 197 198 199 200 201 202 203 204 205 206 207 208 209 210 211 212 213 214 215 216 217 218 219 220 221 222 223 224 225 226 227 228 229 230 231 232 233 234 235 236 237 238 239 240 241 242 243 244 245 246 247 248 249 250 251 252 253 254 255 256 257 258 259 260 261 262 263 264 265 266 267 268 269 270 271 272 273 274 275 276 277 278 279 280 281 282 283 284 285 286 287 288 289 290 291 292 293 294 295 296 297 298 299 300 301 302 303 304 305 306 307 308 309 310 311 312 313 314 315 316 317 318 319 320 321 322 323 324 325 326 327 328 329 330 331 332 333 334 335 336 337 338 339 340 341 342 343 344 345 346 347 348 349 350 351 352 353 354 355 356 357 358 359 360 361 362 363 364 365 366 367 368 369 370 371 372 373 374 375 376 377 378 379 380 381 382 383 384 385 386 387 388 389 390 391 392 393 394 395 396 397 398 399 400 401 402 403 404 405 406 407 408 409 410 411 412 413 414 415 416 417 418 419 420 421 422 423 424 425 426 427 428 429 430 431 432 433 434 435 436 437 438 439 440 441 442 443 444 445 446 447 448 449 450 451 452 453 454 455 456 457 458 459 460 461 462 463 464 465 466 467 468 469 470 471 472 473 474 475 476 477 478 479 480 481 482 483 484 485 486 487 488 489 490 491 492 493 494 495 496 497 498 499 500 501 502 503 504 505 506 507 508 509 510 511 512 513 514 515 516 517 518 519 520 521 522 523 524 525 526 527 528 529 530 531 532 533 534 535 536 537 538 539 540 541 542 543 544 545 546 547 548 549 550 551 552 553 554 555 556 557 558 559 560 561 562 563 564 565 566 567 568 569 570 571 572 573 574 575 576 577 578 579 580 581 582 583 584 585 586 587 588 589 590 591 592 593 594 595 596 597 598 599 600 601 602 603 604 605 606 607 608 609 610 611 612 613 614 615 616 617 618 619 620 621 622 623 624 625 626 627 628 629 630 631 632 633 634 635 636 637 638 639 640 641 642 643 644 645 646 647 648 649 650 651 652 653 654 655 656 657 658 659 660 661 662 663 664 665 666 667 668 669 670 671 672 673 674 675 676 677 678</DataArray>
        <DataArray type="Float64" Name="VonMises" format="ascii">4730.75836752 3032.09982667 3387.17023501 4980.34976683 11314.9703807 3518.29900682 3265.94672004 6014.21937095 4247.89328947 5215.21474027 5405.61187865 2138.93432747 4137.1239721 3519.5579972 1813.28227442 11603.6037247 2431.58531883 5053.18880172 2874.97209595 4888.6692056 7989.67068577 7182.49731856 6895.12579189 2778.56042995 2299.63536771 12026.8962615 10001.4030251 5534.78216318 1607.27191063 8224.82298285 1626.50379354 13399.2232185 3209.51543695 6731.71068766 8021.54696938 3005.10852249 2441.83217594 1974.83279901 12025.2334778 5389.36442059 4511.89675395 8876.62398978 5890.56845278 1235.15364034 4690.85710678 6074.76608485 2237.85127417 1785.66299814 2753.13330362 5930.20662712 3380.37113285 8085.47085255 4974.46785973 6192.18288723 4085.28483992 1570.03861075 10734.9719002 1192.36051958 2507.55012365 1631.7882463 2430.92465072 2234.5526954 3570.22628315 4899.22656297 2069.14142956 1726.44851617 7750.51746532 11936.890326 2675.93568405 2095.75769551 3843.15076732 7134.10960691 6364.59477488 7016.18927468 2702.91870993 6600.33284381 2458.77485515 9080.53254023 8812.97488811 10644.310107 5770.11258645 5460.80264343 11930.289452 3914.91094329 7251.62280922 5403.34544568 12978.3402185 11684.8512154 3284.56547936 3381.84556674 3129.49640597 3864.43630665 4028.38330313 3889.36813976 7157.15376828 6979.71780201 4971.98722434 4609.83758492 1647.84387654 1647.28473962 15534.0871497 8778.57423172 8071.52291673 4242.23940918 2792.21888349 6374.35441456 6002.52655202 12417.2805292 8032.30825287 4520.26037194 4280.83680889 5946.61252345 2727.84130434 2943.19153346 8658.89645959 9693.43836786 11890.7810712 16219.5440121 7187.62859766 7690.58714384 13279.7059684 9871.65403664 16334.5968381 1799.08247487 22092.5742717 9828.67813547 21483.8783533 3382.49476597 6966.67894352 7611.3646904 2680.33795523 3874.31242925 8306.83420684 22621.2807029 5310.77935272 18018.1625419 10952.1228767 7220.81850171 8911.02164066 6348.51453696 2170.75304445 24287.5887014 9813.78968682 10484.0469294 7994.21158546 1988.85136484 16380.9237456 1864.63010723 14893.861139 12920.5911224 1819.71097255 1535.18956923 12832.4561847 1882.06478137 17955.542068 2726.60545273 14798.944713 14632.078429 9932.93846635 1817.82791303 9996.71993992 1917.70609342 1854.84287385 10868.173341 2140.65087788 1836.94089766 11764.1419693 2139.26462304 28623.4799898 2623.07769708 2589.12178397 1989.05489216 1646.16673589 11487.0582714 1723.02013504 19765.5796945 26931.5815574 1750.21567533 11029.2428759 11029.2428759 1871.69960534 11029.2428759 1735.57390835 1902.97373819 11029.2428759 10695.8227197 6805.6751305 26433.5710812 20083.7188384 10332.1745235 16277.4943993 2043.0344416 10411.1223548 24883.9396177 8816.46786906 1885.40114257 3149.7329065 2101.99275824 3257.1113086 2150.30828259 25642.2909045 8195.39260527 1796.85815958 1826.51414607 21840.9687343 27304.9265174 4378.51199011 18255.9241232 8408.43293338 6681.23286803 25503.9195554 11436.0305696 17169.22029 8262.92196307 2230.02424576 1733.48740883 17020.4030945 8339.89748859 10130.9235169 2416.61607497 2207.32823025 2434.02344739 2735.44307192 27810.046034 21881.9545856 11732.0866698 13046.9457861 1717.89960145 16231.477628 8512.49427459 25864.3178009 28605.440937 11892.896127 6351.46317137 1893.58730332 13312.4832416 9638.53884028 9522.13865386 2415.82326366 28901.6658235 2219.63478029 16474.1273626 7051.00120508 2216.71706324 17811.6143677 1984.0435159 24697.7880251 1954.80247392 22054.6645978 7747.09081059 19619.4688888 3483.04210638 11497.8683658 8843.51164395 8298.17205913 5830.32733738 4348.67418819 14247.4147842 5411.62132008 27964.3349887 4878.72510797 2414.96625497 14039.2305823 2720.6244093 10098.4580193 10933.2082009 17266.7052716 24086.8071126 12726.7864647 12991.56541 10944.3522276 15356.4141202 22618.2296653 8366.83959997 6778.36220442 2613.84691955 28043.841542 12125.3530892 20180.0346549 11029.2428759 1765.82171936 1772.6282175 11029.2428759 21172.3584281 11001.0234621 25436.2408956 6026.45043258 4248.66064976 1766.48816468 4941.26081469 11021.6093552 8484.69115807 9746.35135017 5350.48380573 4023.57190081 28042.2727867 1682.11588537 12217.297892 5286.54475988 7525.55013438 7655.60095358 3904.45331582 7595.40995186 6257.70050191 7034.36616475 14207.863484 13818.1565902 13085.8438921 5872.96404521 6476.1081231 5632.60020586 8148.39474304 6871.24835934 3375.43420999 2123.91922471 15257.5328638 20911.792335 6034.6475068 2810.0404771 8012.850177 4573.67119997 13709.0279259 10696.2971599 29022.2674225 11640.309203 5681.68781845 16018.5288694 2744.85369188 5921.05350984 13903.5486237 29701.1047566 23607.6575835 8796.075691 10164.7009633 19602.3016288 11313.3297072 27566.6107459 2616.37740604 20395.071861 10183.9755384 23102.5616968 14742.8425068 5476.50953427 26781.2158537 2868.95174855 2360.9675635 3634.22362573 5728.49515753 18270.708086 11722.872257 6949.67927419 12947.5904147 16874.3249129 14603.7790682 11707.360069 1478.33589589 8413.93168497 19702.5195683 11369.799173 6547.01486181 2723.14999533 2735.66780572 6913.33504744 29504.195245 16365.4791179 12706.5654575 2775.9127885 2847.60785956 16093.4444184 14144.6947484 5930.3367459 1706.49214055 1781.37952303 9168.60170963 8083.9880974 4644.43577009 7087.06141441 6738.26662735 4374.93720611 5421.28917059 3335.94561692 23103.8644264 18321.9375634 24892.3486176 23440.8818474 27096.8795453 2038.14608398 14863.8805485 9813.92804523 12505.8459276 5136.70011742 26930.3956495 12009.1592301 27852.1508303 22014.0139052 30955.4383379 8426.37989898 10497.7266819 11314.2894299 11625.6704939 6833.35045854 14139.7168667 10083.9442551 7890.55115618 17654.0755709 22613.9623293 8741.5633985 20079.9113451 27880.7216018 5990.91979554 11669.0912058 3296.41302012 14320.2001079 26643.5302593 11909.4880351 22871.9941619 5370.06126439 13341.4273653 10556.538119 31685.5309821 18987.5233306 16666.6188171 9123.69628527 8088.50482515 5385.14651033 21171.015408 5989.30567151 14952.4037413 5521.72223212 11834.0694247 10163.5212301 11760.4028467 9788.56237155 2488.90703459 14345.9498981 24270.8845261 2519.01243484 9790.82630383 13522.3136302 14337.4323988 14076.4799165 9924.03561307 10144.8350167 10590.3318395 4935.24458789 2449.00609412 4390.38414448 2779.80665298 27553.2588003 22907.6605902 19598.0219913 23308.7529071 7971.58634243 6706.10126185 25352.9689613 3335.72718128 4225.06643431 2036.04466823 2345.41041335 19531.2544432 8648.04655445 23674.5171 2925.65396739 2910.44006871 4690.12446971 5466.71417866 19222.0345121 18647.5191519 2566.1293162 2495.93850793 23155.8084965 9996.41829517 8801.98285453 7211.51161744 6695.92888641 6813.67275276 6632.28961315 12664.9854281 6566.5466486 7383.21577961 30031.1300213 21331.1198482 3533.08399117 4017.86465002 20941.5366839 2009.16946949 2803.83805806 13114.4836323 5739.13738276 5973.24395772 22537.7621542 10952.9405151 8518.87441147 5586.8568602 21425.971672 19046.6133845 2260.14940223 27992.4506347 19033.8624764 3494.96684972 12336.0637228 12141.1454263 1829.95516797 1777.47559919 13364.7831077 4362.02890522 3784.7877791 1897.44553494 1816.81475733 29857.9502477 8776.65583444 17283.841419 18967.6297565 11799.2939909 1418.48212241 29294.0412789 12397.5485065 13248.210672 13726.9937581 13077.2565273 2126.86222762 2111.27945878 29585.9070297 30632.7059346 1775.10439821 1870.47437556 25981.7646548 29449.7608767 25708.8733124 2202.5431253 9988.52853188 1721.34109487 30050.1137239 1987.65083018 25981.7646548 25708.8733124 1749.58506074 1702.2751344 24536.2287884 14169.7721487 13611.5561358 2101.63905316 2064.73380863 15396.3544435 11375.1102884 9969.07736145 7259.1262304 16960.9674807 12683.4090714 20781.0300838 17658.8694464 1835.47947778 1252.42748134 2144.66031121 17544.6346632 19745.5211579 16586.5550931 7953.71855411 7034.45117831 17799.1426462 28726.5599516 27320.5298278 23140.2049253 25981.7646548 2394.90047129 1991.7050445 25708.8733124 1647.06769011 1734.80555917 4362.02890522 3784.7877791 2067.60446459 2036.21097338 26165.1717272 1642.93075225 27219.6584639 26568.9598136 15966.4656575 6158.70559856 3525.94312259 21935.174994 10494.4759743 22216.7766339 13653.1301841 11561.9151006 7629.46679084 8950.74374447 9113.90609784 6409.37125954 33797.2626435 1843.5289527 1633.198073 1796.56145223 26281.7509325 25463.7851921 25459.6504928 4019.27188237 17524.2318904 14327.2844067 21640.1150139 33260.5125849 16149.9891575 15179.0894848 1493.73711167 1457.95011267 23685.9199379 30096.3399221 23876.4833528 30557.2233704 1692.73949209 1723.10215813 30413.5985108 25433.1594613 23969.45365 5952.66185521 13707.9453974 1837.07648721 13943.7517888 17013.097991 29881.1412654 1908.44698228 12141.1454263 12336.0637228 1741.2125292 1377.13946807 1385.47581119 34196.6151718 30180.3085499 1662.54288352 2220.72773431 31792.9710641 5104.13054777 2851.37914881 2873.10031085 24624.0758394 4182.11992211 32374.3837306 23566.6964429 17170.4212968 13131.5509283 27509.118402 29352.4466357 31277.7508723 25761.0693276 34509.9501501 15225.4312798 1869.14600626 4757.03548542 20140.2109788 32192.4815356 6079.31783654 2664.28693604 22331.4918893 8394.42172191 11203.4395695 8499.51956232 24448.1300348 14408.5492367 13647.9596103 10551.2619332 7864.16213341 7979.50007142 19072.3531555 6238.32285555 3448.83162143 10825.5624808 6406.64526202 5186.62065652 3346.25545241 19482.7099089 10565.8303576 14655.7663433 8536.82858002 2012.98306881 1800.29801523 1734.44121233 1834.14579954 15304.623537 7921.23841818</DataArray>
        <DataArray type="Int32" Name="HasVonMises" format="ascii">1 1 1 1 1 1 1 1 1 1 1 1 1 1 1 1 1 1 1 1 1 1 1 1 1 1 1 1 1 1 1 1 1 1 1 1 1 1 1 1 1 1 1 1 1 1 1 1 1 1 1 1 1 1 1 1 1 1 1 1 1 1 1 1 1 1 1 1 1 1 1 1 1 1 1 1 1 1 1 1 1 1 1 1 1 1 1 1 1 1 1 1 1 1 1 1 1 1 1 1 1 1 1 1 1 1 1 1 1 1 1 1 1 1 1 1 1 1 1 1 1 1 1 1 1 1 1 1 1 1 1 1 1 1 1 1 1 1 1 1 1 1 1 1 1 1 1 1 1 1 1 1 1 1 1 1 1 1 1 1 1 1 1 1 1 1 1 1 1 1 1 1 1 1 1 1 1 1 1 1 1 1 1 1 1 1 1 1 1 1 1 1 1 1 1 1 1 1 1 1 1 1 1 1 1 1 1 1 1 1 1 1 1 1 1 1 1 1 1 1 1 1 1 1 1 1 1 1 1 1 1 1 1 1 1 1 1 1 1 1 1 1 1 1 1 1 1 1 1 1 1 1 1 1 1 1 1 1 1 1 1 1 1 1 1 1 1 1 1 1 1 1 1 1 1 1 1 1 1 1 1 1 1 1 1 1 1 1 1 1 1 1 1 1 1 1 1 1 1 1 1 1 1 1 1 1 1 1 1 1 1 1 1 1 1 1 1 1 1 1 1 1 1 1 1 1 1 1 1 1 1 1 1 1 1 1 1 1 1 1 1 1 1 1 1 1 1 1 1 1 1 1 1 1 1 1 1 1 1 1 1 1 1 1 1 1 1 1 1 1 1 1 1 1 1 1 1 1 1 1 1 1 1 1 1 1 1 1 1 1 1 1 1 1 1 1 1 1 1 1 1 1 1 1 1 1 1 1 1 1 1 1 1 1 1 1 1 1 1 1 1 1 1 1 1 1 1 1 1 1 1 1 1 1 1 1 1 1 1 1 1 1 1 1 1 1 1 1 1 1 1 1 1 1 1 1 1 1 1 1 1 1 1 1 1 1 1 1 1 1 1 1 1 1 1 1 1 1 1 1 1 1 1 1 1 1 1 1 1 1 1 1 1 1 1 1 1 1 1 1 1 1 1 1 1 1 1 1 1 1 1 1 1 1 1 1 1 1 1 1 1 1 1 1 1 1 1 1 1 1 1 1 1 1 1 1 1 1 1 1 1 1 1 1 1 1 1 1 1 1 1 1 1 1 1 1 1 1 1 1 1 1 1 1 1 1 1 1 1 1 1 1 1 1 1 1 1 1 1 1 1 1 1 1 1 1 1 1 1 1 1 1 1 1 1 1 1 1 1 1 1 1 1 1 1 1 1 1 1 1 1 1 1 1 1 1 1 1 1 1 1 1 1 1 1 1 1 1 1 1 1 1 1 1 1 1 1 1 1 1 1 1 1 1 1 1 1 1 1 1 1 1 1 1 1 1 1 1 1 1 1 1 1 1 1 1 1 1 1 1 1 1 1 1 1 1 1 1 1</DataArray>
        <DataArray type="Float64" Name="StressTrace" format="ascii">-2536.75008876 506.683687643 547.192218511 2822.91454809 1008.82803873 2545.55141881 949.42326656 -2332.50509378 -1840.8627457 -5696.87520685 -330.233831723 2292.93122128 1477.77107443 -2125.0832084 -824.793659073 -11088.9139793 202.927811388 1655.42467407 1619.16598688 -1754.0665241 2860.17597479 2712.49195859 -2302.89586845 -1656.5791615 1201.76089694 -12170.5469508 2392.491378 5543.63247002 1091.42004128 -2065.65913512 -1193.25038716 -17242.6315246 381.581344951 -8328.17427898 8488.71302863 -1171.46228916 -2013.07305841 -1071.50041589 12915.9907736 -2586.2647518 -609.571961833 -3629.50293472 5233.32608364 596.215304065 -971.993314985 2651.08985405 399.312316022 142.690066204 -2444.06771011 10625.7451847 -3774.37813572 -10700.3822111 2802.62039563 -7631.49593507 -2402.93516259 915.132293719 -11570.85807 -398.236555459 416.456685648 -2399.84341192 384.915634903 -396.958387576 676.341077796 5587.04481317 498.845602669 -205.073654893 -6850.29320379 13543.7776693 3120.39200965 -201.897441354 5241.13737588 -6200.27661861 6789.48245684 -10007.7637791 -3148.62691456 10850.9423233 -4993.63318712 -9240.08205217 9529.72473246 -16548.0014509 4040.20840893 2965.80417348 -19593.3088218 -2555.73321476 301.491270319 -847.885234415 -18087.325764 -12522.8611737 -3522.32396706 -3757.74979389 -654.771680799 1996.67975688 2472.00435721 -2538.51291723 6270.99962152 -9114.22210767 -8220.02729679 7595.40914897 -1400.70824042 -571.399307389 20850.2603393 -142.178030433 5516.41899236 3850.67300702 -140.406672224 -2128.39741286 13689.6440848 16905.8256071 -10829.1489324 3112.27026626 -3031.94030616 2537.15923122 -1543.54224291 -481.385136788 -7830.53703328 -4858.0147314 -4522.73571823 19767.5364521 1886.78889657 -4304.55683422 15074.2746806 16556.7831232 10425.296768 -148.345631877 -30025.2478546 -6729.34409912 33760.5918492 -2197.93165319 -5957.615557 -5303.85137769 3132.1070583 4870.00263545 -16067.9093145 32382.8734189 3113.81167199 25697.6936852 15894.0614797 -5033.9057451 -5750.13947691 1358.80584147 1277.77461796 32686.991534 -4669.45580117 884.277444316 228.824362563 522.028527712 -12401.8093647 -146.785249455 18334.9644798 -2404.08038558 82.9895709131 1507.65181535 -2965.91937238 41.3887211728 21379.3931455 -3942.90815895 -22798.2931846 20327.3884499 -1343.45514279 -134.61560091 -338.491901443 -197.22913555 347.715788267 13341.1159978 4.33323997077 -669.894495727 11479.1664253 -106.431530515 44422.0044012 -4367.04586619 3955.89568926 1645.27906997 878.92689977 502.314624072 640.552402383 -31319.7386564 -36304.4855062 255.322008535 -1875.12896047 -1875.12896047 181.631134193 -1875.12896047 -213.194668055 -164.13479725 -1875.12896047 -1814.96660067 -14159.3652254 -33377.7474733 18789.8792017 6584.25579508 -11325.2355551 -254.81512123 5212.74587563 28393.3224375 -18406.7262832 -206.574694353 5886.32363179 239.607067111 4736.1961024 198.422379477 -36341.4019972 16462.633148 377.00682368 -148.152830579 -18134.4386884 38406.7029912 -10455.2682042 -32471.367909 -4613.94400966 -15253.4617956 28588.0728216 12767.0628206 18198.2929369 -6627.10278033 -2090.75473941 755.2079007 18212.1460147 15186.7603034 10990.6873557 7786.82159988 -1563.27298215 1051.95731221 -4265.43211707 48924.2665359 28453.7665981 10988.9397156 16838.127363 -542.054073347 3571.7956578 -5767.91391718 31944.897187 -45662.0008277 13059.2268686 9671.04938745 -1099.12372055 21434.3892909 14639.023028 -14567.6983252 -8552.01533189 -23716.5243863 -2025.92212385 20405.3026011 6760.37352823 2064.6221957 21023.9605902 756.644183221 -53207.2387328 790.506543656 25649.0462966 15871.5461947 -16038.7795291 4479.62482592 20184.2042481 -13985.5443457 14597.1737032 -24.9610689567 -404.815704251 13337.7801541 -7254.39331054 34080.660591 4753.67951686 6506.26483202 -15220.2820662 2137.29571343 3420.83621554 -10307.554329 26196.177544 -37316.1991954 18556.9158934 -15171.405789 6953.19460271 19072.6774591 28662.5096837 13226.8764259 3362.84511756 -10852.9655187 -41598.7436994 -15032.9430761 -28119.9411379 -1875.12896047 34.8180401583 -2.40075038393 -1875.12896047 30984.0244433 -11110.0517555 35836.9700425 726.179361252 -2418.61477239 3049.39605415 -3132.42245431 -8876.71656653 10769.9256328 -11553.1913916 -317.013043796 -254.855399208 -50765.7164973 3155.70198602 15538.4299303 1602.45931133 -11654.3416505 13248.5959754 -3222.17493328 3631.97967189 -2158.64301404 -431.61882502 -1253.43134712 -4461.74875658 -16400.4266961 -1535.75618605 3823.19964589 -4278.61823139 3224.57022235 15145.7664682 10250.7356224 -5441.68209249 -19354.0859604 -41044.1759866 -2556.74522633 -2150.34536132 2282.9356051 -247.942008625 1534.96850648 9585.04610619 -39072.9892688 -9916.63665758 6213.30050737 14181.1005401 -2896.38888688 -5750.34445131 2069.60819961 44255.2018784 42956.2071908 225.799133918 -3345.87419831 -27080.0001959 -7628.9138597 -35930.2570161 3190.6492004 -30766.8753312 7104.48843597 32526.7781494 -24173.3714845 8794.32161482 43136.8934935 3173.89593542 199.117883455 -1201.8716917 5747.97217338 26808.5203063 -12709.0328246 12758.5547205 -3997.37939794 -15704.2226069 1891.76399702 7184.28383573 -374.49128615 1821.80989977 31325.266977 18026.5619823 -9819.10861117 -477.222241987 71.4015612773 1702.75775223 46909.8449176 16988.6294867 -22699.1819369 -3196.88724104 3719.59648072 -15274.8602433 -13167.3650061 -971.791688737 -1237.70685206 -934.866689633 -14330.8927523 15115.1916873 516.707876503 -11621.565267 9919.42973012 5448.51238831 -4477.00254884 -1129.39295798 28510.6476104 26548.1373314 45781.0100637 -35109.7738128 -44061.6584444 1135.42538312 -17843.9827849 2122.59662239 -20254.6544066 -2635.42308244 -33350.4748512 -7536.4249741 -45657.8997059 30194.5553054 36108.1552569 -9874.12989963 -14299.965066 -13953.7434476 3436.47275984 -9259.75770643 -14356.3139285 -8211.10452016 4759.62877274 -24252.9350286 -28110.8716036 52.4462587988 -29205.9930933 -38904.3857445 443.872841021 21678.2067629 -2257.59390344 21304.8527055 -39339.893252 19551.194938 18786.3964256 5518.67998603 -5377.8821877 15198.7572573 54650.103526 31333.0923142 14304.6779348 6804.26422298 10065.638228 5278.6592498 34036.4555202 -8312.84240668 8600.01548151 4933.4552593 -18571.6198949 -377.683670988 4780.62915248 3088.44833116 1713.97080508 16118.2452614 -16918.261516 -2727.47417094 12723.7461161 18026.957918 -18603.6293488 -16473.4616478 11883.7330626 -11495.249936 -12918.7734356 -2833.39265317 2845.42059687 -3332.84191563 3031.31682078 32122.1169124 -32696.5933028 -24226.0250595 -42062.4996927 8137.66573706 5719.75772919 -38856.9800873 5705.20014926 5601.0738305 420.128160296 2972.77695452 -38325.708335 7631.09491722 -46843.4089207 -2684.90163899 2860.0220917 -333.462214664 2779.44750688 -25480.7154691 -19963.4298714 -567.497940054 -439.249567086 36665.0957842 -11175.7046667 -7614.05976448 -4382.20505308 -2626.17215162 8119.56117793 -8101.0243065 237.029562326 -2507.52910975 -2576.61290919 -22702.7410136 -32419.5336015 -2061.02426841 -2197.89336502 -32122.0002537 209.774092051 -3835.83097042 -16118.0291898 5726.4035248 -6655.21403946 -37755.3844118 9582.31474036 3831.50974162 -6492.83511699 26242.7593499 21542.9047639 230.84531114 40958.6639275 28676.1073543 4611.28862155 -34036.8359187 -33454.997089 -152.77600507 -111.636360241 8995.26205481 5021.57049002 2896.01894344 -340.511250159 -320.037870983 42547.8727568 -987.73149409 -14025.7205365 23895.7209264 -5832.64817739 854.387588709 -72689.1032975 3476.00136225 3567.63488345 10299.7668211 10809.1508295 -463.944873554 -478.569281485 71144.6150143 -54332.1609929 347.235785065 -420.054894569 -73588.2851795 -72321.6790352 73253.6071086 -2268.6115324 -724.937971574 -849.449050294 69516.294461 -390.481390013 -73588.2851795 73253.6071086 1071.76578393 -740.224046666 -35789.6357514 -27357.3638898 -26178.1085241 -11.5011209391 26.3649651639 20132.6367032 -9349.25282707 7500.07924403 -5741.14438549 15466.6281276 9749.12978383 17980.3812455 15096.2416362 -2967.5542342 693.901412549 1495.39019673 -14296.3375112 -17977.8816169 -13703.1526006 5402.70896897 4937.94417275 -16160.4101203 -39876.2207261 41537.5144965 26300.4346799 -73588.2851795 2874.75697208 -120.452050484 73253.6071086 -680.503531468 671.961945509 5021.57049002 2896.01894344 157.516097161 218.879503576 -23228.2230617 1066.32069347 46336.9849878 25078.7921007 -11928.2853038 -6408.39462565 -2381.73476242 25339.3928456 9803.77259 12643.5936338 9927.35507858 -8848.97459627 5030.23448649 7533.61984652 -5946.85705898 -6039.1352004 44208.6563863 -126.53326588 1063.49379212 -714.924809258 -43591.6605861 54572.4650106 -21349.0936225 -3077.59742953 14463.188036 -13268.1836035 -17775.8342604 -27689.9717213 45910.9000839 43362.5963829 767.541004168 618.875498011 18183.9200638 27255.6148446 -18730.0178009 90912.3499005 913.350144394 -1334.9789154 -90266.1562697 -40527.8614539 -25285.534138 6064.83098538 -16567.4760098 -1180.1868391 -17525.9815097 -17357.4783502 -87279.7203773 -1177.10543948 -33454.997089 -34036.8359187 944.657410433 -30.0964540477 -204.976039026 -46991.2644644 88679.1460895 -197.649015653 167.93465805 44638.9800074 -3495.21596751 2524.06468415 -2878.40607273 -26956.0171889 5039.42360298 22746.544925 -20541.4665729 19889.1294052 13075.3591452 -22108.656952 19092.4269016 -25451.6855596 22375.6826019 -45188.9884114 11599.7597841 -617.90957043 4721.21820305 16573.7118652 20095.8885642 -6465.47587978 3037.77857275 21259.8874317 7243.9241682 10256.809849 -8782.24593118 -14229.4209865 -16370.3172666 14782.4415129 -8165.36996732 3314.77943259 6080.34955961 -27067.6669086 -8786.25288523 -1070.83671241 -13879.4729295 -2134.87075609 6247.51621704 1456.42053171 27278.7409307 6214.70759667 -23129.0122593 -18428.8833048 534.053242627 452.214936538 1003.03821769 353.796057102 19564.7202425 17002.416771</DataArray>
        <DataArray type="Float64" Name="HydrostaticPressure" format="ascii">845.58336292 -168.894562548 -182.39740617 -940.971516028 -336.276012911 -848.517139602 -316.474422187 777.501697927 613.620915234 1898.95840228 110.077943908 -764.310407093 -492.590358144 708.361069465 274.931219691 3696.30465977 -67.6426037962 -551.808224689 -539.721995628 584.688841365 -953.391991598 -904.163986195 767.631956151 552.193053834 -400.586965646 4056.84898361 -797.497126001 -1847.87749001 -363.806680426 688.553045038 397.750129054 5747.54384152 -127.19378165 2776.05809299 -2829.57100954 390.487429719 671.024352803 357.166805298 -4305.33025788 862.0882506 203.190653944 1209.83431157 -1744.44202788 -198.738434688 323.997771662 -883.696618017 -133.104105341 -47.5633554013 814.689236702 -3541.91506157 1258.12604524 3566.79407036 -934.206798545 2543.83197836 800.978387529 -305.044097906 3856.95269 132.745518486 -138.818895216 799.947803973 -128.305211634 132.319462525 -225.447025932 -1862.34827106 -166.281867556 68.3578849644 2283.43106793 -4514.59255643 -1040.13066988 67.299147118 -1747.04579196 2066.75887287 -2263.16081895 3335.92125972 1049.54230485 -3616.98077443 1664.54439571 3080.02735072 -3176.57491082 5516.00048364 -1346.73613631 -988.60139116 6531.10294061 851.911071588 -100.497090106 282.628411472 6029.10858799 4174.28705791 1174.10798902 1252.58326463 218.257226933 -665.55991896 -824.001452404 846.170972411 -2090.33320717 3038.07403589 2740.00909893 -2531.80304966 466.902746807 190.466435796 -6950.08677977 47.3926768111 -1838.80633079 -1283.55766901 46.8022240747 709.465804286 -4563.21469493 -5635.27520237 3609.71631079 -1037.42342209 1010.64676872 -845.719743741 514.514080969 160.461712263 2610.17901109 1619.3382438 1507.57857274 -6589.17881735 -628.92963219 1434.85227807 -5024.75822686 -5518.92770774 -3475.09892266 49.4485439591 10008.4159515 2243.11469971 -11253.5306164 732.643884397 1985.87185233 1767.95045923 -1044.0356861 -1623.33421182 5355.96977151 -10794.2911396 -1037.937224 -8565.89789506 -5298.02049325 1677.9685817 1916.71315897 -452.935280491 -425.924872652 -10895.6638447 1556.48526706 -294.759148105 -76.274787521 -174.009509237 4133.93645489 48.9284164849 -6111.65482661 801.360128527 -27.6631903044 -502.550605116 988.639790792 -13.7962403909 -7126.46438185 1314.30271965 7599.43106154 -6775.79614998 447.81838093 44.87186697 112.830633814 65.7430451833 -115.905262756 -4447.03866593 -1.44441332359 223.298165242 -3826.38880843 35.4771768384 -14807.3348004 1455.6819554 -1318.63189642 -548.426356656 -292.975633257 -167.438208024 -213.517467461 10439.9128855 12101.4951687 -85.1073361785 625.042986825 625.042986825 -60.5437113976 625.042986825 71.0648893517 54.7115990835 625.042986825 604.988866889 4719.78840848 11125.9158244 -6263.29306723 -2194.75193169 3775.07851835 84.9383737435 -1737.58195854 -9464.4408125 6135.57542772 68.8582314508 -1962.10787726 -79.8690223704 -1578.73203413 -66.1407931589 12113.8006657 -5487.54438267 -125.668941227 49.3842768598 6044.81289613 -12802.2343304 3485.08940139 10823.789303 1537.98133655 5084.48726521 -9529.35760719 -4255.68760686 -6066.09764563 2209.03426011 696.91824647 -251.7359669 -6070.71533824 -5062.25343447 -3663.5624519 -2595.60719996 521.090994048 -350.652437403 1421.81070569 -16308.0888453 -9484.58886604 -3662.97990522 -5612.70912101 180.684691116 -1190.5985526 1922.63797239 -10648.2990623 15220.6669426 -4353.07562286 -3223.68312915 366.374573517 -7144.79643029 -4879.67434265 4855.89944174 2850.6717773 7905.50812876 675.307374618 -6801.7675337 -2253.45784274 -688.207398567 -7007.98686339 -252.21472774 17735.7462443 -263.502181219 -8549.68209888 -5290.51539823 5346.25984302 -1493.20827531 -6728.0680827 4661.84811524 -4865.72456774 8.3203563189 134.938568084 -4445.92671803 2418.13110351 -11360.220197 -1584.55983895 -2168.75494401 5073.42735538 -712.431904476 -1140.27873851 3435.85144299 -8732.05918134 12438.7330651 -6185.63863114 5057.13526299 -2317.73153424 -6357.55915303 -9554.16989456 -4408.95880864 -1120.94837252 3617.65517292 13866.2478998 5010.98102537 9373.31371264 625.042986825 -11.6060133861 0.800250127978 625.042986825 -10328.0081478 3703.35058516 -11945.6566808 -242.059787084 806.20492413 -1016.46535138 1044.1408181 2958.90552218 -3589.97521092 3851.06379719 105.671014599 84.9517997358 16921.9054991 -1051.90066201 -5179.47664343 -534.153103778 3884.78055018 -4416.19865846 1074.05831109 -1210.65989063 719.547671348 143.872941673 417.810449039 1487.24958553 5466.80889869 511.918728683 -1274.39988196 1426.20607713 -1074.85674078 -5048.58882274 -3416.91187413 1813.89403083 6451.36198679 13681.3919955 852.248408777 716.781787107 -760.978535034 82.6473362084 -511.656168827 -3195.01536873 13024.3297563 3305.54555253 -2071.10016912 -4727.03351336 965.462962295 1916.78148377 -689.869399869 -14751.7339595 -14318.7357303 -75.2663779727 1115.29139944 9026.66673197 2542.97128657 11976.7523387 -1063.54973347 10255.6251104 -2368.16281199 -10842.2593831 8057.79049485 -2931.44053827 -14378.9644978 -1057.96531181 -66.3726278182 400.623897232 -1915.99072446 -8936.17343544 4236.34427486 -4252.8515735 1332.45979931 5234.74086897 -630.587999005 -2394.76127858 124.830428717 -607.269966589 -10441.755659 -6008.85399411 3273.03620372 159.074080662 -23.8005204258 -567.585917411 -15636.6149725 -5662.87649556 7566.39397898 1065.62908035 -1239.86549357 5091.62008109 4389.12166871 323.930562912 412.568950687 311.622229878 4776.96425075 -5038.39722909 -172.235958834 3873.855089 -3306.47657671 -1816.1707961 1492.33418295 376.464319326 -9503.54920347 -8849.37911047 -15260.3366879 11703.2579376 14687.2194815 -378.475127708 5947.99426163 -707.532207462 6751.55146886 878.474360814 11116.8249504 2512.14165803 15219.299902 -10064.8517685 -12036.0517523 3291.37663321 4766.65502201 4651.24781588 -1145.49091995 3086.58590214 4785.43797617 2737.03484005 -1586.54292425 8084.3116762 9370.29053455 -17.4820862663 9735.33103111 12968.1285815 -147.957613674 -7226.06892095 752.531301148 -7101.6175685 13113.2977507 -6517.06497932 -6262.13214185 -1839.55999534 1792.6273959 -5066.25241909 -18216.7011753 -10444.3641047 -4768.22597827 -2268.08807433 -3355.21274268 -1759.55308327 -11345.4851734 2770.94746889 -2866.67182717 -1644.48508643 6190.53996495 125.894556996 -1593.54305083 -1029.48277705 -571.323601694 -5372.74842045 5639.42050532 909.158056979 -4241.24870536 -6008.98597266 6201.20978293 5491.15388262 -3961.2443542 3831.74997867 4306.25781187 944.464217725 -948.473532289 1110.94730521 -1010.43894026 -10707.3723041 10898.8644343 8075.34168649 14020.8332309 -2712.55524569 -1906.58590973 12952.3266958 -1901.73338309 -1867.02461017 -140.042720099 -990.925651506 12775.2361117 -2543.69830574 15614.4696402 894.967212997 -953.340697232 111.154071555 -926.482502292 8493.57182303 6654.47662379 189.165980018 146.416522362 -12221.6985947 3725.23488891 2538.01992149 1460.73501769 875.390717206 -2706.52039264 2700.3414355 -79.0098541088 835.843036583 858.87096973 7567.58033788 10806.5112005 687.00808947 732.631121672 10707.3334179 -69.9246973502 1278.61032347 5372.67639661 -1908.80117493 2218.40467982 12585.1281373 -3194.10491345 -1277.16991387 2164.27837233 -8747.58644998 -7180.96825462 -76.9484370466 -13652.8879758 -9558.70245142 -1537.09620718 11345.6119729 11151.6656963 50.9253350234 37.2121200803 -2998.42068494 -1673.85683001 -965.339647813 113.503750053 106.679290328 -14182.6242523 329.243831363 4675.24017882 -7965.24030882 1944.21605913 -284.795862903 24229.7010992 -1158.66712075 -1189.21162782 -3433.25560704 -3603.05027649 154.648291185 159.523093828 -23714.8716714 18110.720331 -115.745261688 140.01829819 24529.4283932 24107.2263451 -24417.8690362 756.203844133 241.645990525 283.149683431 -23172.0981537 130.160463338 24529.4283932 -24417.8690362 -357.25526131 246.741348889 11929.8785838 9119.12129659 8726.03617471 3.83370697968 -8.7883217213 -6710.87890107 3116.41760902 -2500.02641468 1913.71479516 -5155.54270921 -3249.70992794 -5993.46041518 -5032.0805454 989.184744735 -231.30047085 -498.463398911 4765.44583708 5992.62720563 4567.71753354 -1800.90298966 -1645.98139092 5386.80337344 13292.0735754 -13845.8381655 -8766.81155998 24529.4283932 -958.252324026 40.1506834947 -24417.8690362 226.834510489 -223.98731517 -1673.85683001 -965.339647813 -52.5053657204 -72.9598345253 7742.74102058 -355.440231157 -15445.6616626 -8359.59736689 3976.09510127 2136.13154188 793.911587473 -8446.46428186 -3267.92419667 -4214.53121126 -3309.11835953 2949.65819876 -1676.74482883 -2511.20661551 1982.28568633 2013.0450668 -14736.2187954 42.1777552933 -354.497930707 238.308269753 14530.5535287 -18190.8216702 7116.36454082 1025.86580984 -4821.06267867 4422.72786785 5925.27808679 9229.99057378 -15303.6333613 -14454.1987943 -255.847001389 -206.29183267 -6061.30668793 -9085.2049482 6243.33926696 -30304.1166335 -304.450048131 444.9929718 30088.7187566 13509.2871513 8428.51137935 -2021.61032846 5522.49200328 393.395613033 5841.99383656 5785.82611675 29093.2401258 392.368479826 11151.6656963 11345.6119729 -314.885803478 10.0321513492 68.3253463421 15663.7548215 -29559.7153632 65.8830052176 -55.9782193499 -14879.6600025 1165.07198917 -841.354894717 959.46869091 8985.33906296 -1679.80786766 -7582.18164168 6847.15552431 -6629.70980174 -4358.45304841 7369.55231732 -6364.14230054 8483.89518653 -7458.56086731 15062.9961371 -3866.5865947 205.96985681 -1573.73940102 -5524.57062174 -6698.6295214 2155.15862659 -1012.59285758 -7086.62914391 -2414.6413894 -3418.93661634 2927.41531039 4743.14032883 5456.7724222 -4927.48050429 2721.78998911 -1104.92647753 -2026.78318654 9022.55563621 2928.75096174 356.945570802 4626.49097649 711.623585363 -2082.50540568 -485.473510568 -9092.91364356 -2071.56919889 7709.67075309 6142.96110161 -178.017747542 -150.738312179 -334.346072564 -117.932019034 -6521.57341417 -5667.47225699</DataArray>
        <DataArray type="Float64" Name="PrincipalStress" NumberOfComponents="3" format="ascii">-3085.58852083 -1648.289181 2197.12761307 -1236.90973795 -386.109810428 2129.70323602 -1188.64877309 -685.939755655 2421.78074726 -1861.26372155 799.82796316 3884.35030648 -5799.73535918 -395.482535395 7204.04593331 -1261.53758474 1016.47380053 2790.61520302 -1796.45614551 917.843410579 1828.03600149 -3779.41511763 -1578.3555246 3025.26554845 -3444.35940272 730.646210553 872.850446467 -5324.91554907 -699.076457574 327.116799789 -2531.640779 -1210.624789 3412.03173627 -564.739410457 981.36097106 1876.30966068 -2046.65254595 829.769304889 2694.65431549 -2924.25659019 -268.583531538 1067.75691333 -1328.32789695 -261.812588437 765.346826314 -11276.4155287 -1243.27797497 1430.77952436 -957.765774021 -506.976663436 1667.67024885 -2398.71997344 619.109302474 3435.03534504 -783.981894748 1.15282354575 2401.99505809 -3117.68884793 -1094.22245986 2457.84478369 -2560.15267477 -756.755364281 6177.08401385 -3110.03906044 650.575422615 5171.95559641 -4966.48252888 -288.338443096 2951.92510352 -2273.48837076 -284.270327278 901.179536538 -1050.29792055 697.107434412 1554.95138308 -12044.5360455 -665.544064443 539.533159146 -4807.69862439 472.952065506 6727.23793688 -605.996397847 688.363427769 5461.2654401 -628.287084884 509.253883217 1210.45324294 -5912.07742793 479.141119713 3367.27717311 -1480.61255718 94.7431842966 192.618985717 -14424.5091858 -3247.29363474 429.171296015 -1742.89861914 161.835116043 1962.64484805 -7262.38998402 -632.5376031 -433.246691863 -497.492009879 867.306881152 8118.89815735 -2204.33962344 -220.23012442 1253.10745871 -2293.17943435 21.8395662085 258.266809734 -1620.43378006 -46.6339369519 595.567301117 97.2675740118 499.942305055 12318.7808946 -4288.9155718 -83.7630897426 1786.41390974 -2925.67057583 50.4326108397 2265.66600316 -6934.22272833 352.994374992 2951.72541861 -612.608352614 202.764892289 5643.16954396 -491.500820552 154.997976532 932.718148085 -3104.31617575 -173.631150782 2305.95401155 -2320.04419857 340.115734155 4631.01831846 -1158.67865392 132.62168787 1425.36928207 -1031.00700903 150.524585672 1023.17248956 -2643.45446279 -35.5630716932 234.949824375 1180.24235172 1976.96797236 7468.53486063 -3248.30829652 -1178.64980605 652.579966852 -8837.12903509 -1911.060092 47.8069160259 -1229.12530229 -160.9227689 4192.66846682 -6538.20762501 -1449.28769746 355.999387403 -3339.90023166 -385.092873062 1322.05794214 -630.211637861 365.675309842 1179.66862174 -10835.7531392 -1740.67498355 1005.57005279 -606.226845556 -448.969089089 656.959379186 -1294.32703535 110.069493671 1600.71422732 -1870.41430342 -432.505293236 -96.923815263 -1320.27429702 223.300698945 1481.88923298 -1357.26545859 -254.039261299 1214.34633232 -1303.96970749 -589.243832577 2569.55461786 -425.189983052 987.161350106 5025.07344612 -981.685778511 77.8888105627 1402.64257062 -1038.23525117 -120.117360871 953.278957148 -7108.39508925 -1471.97954983 1730.0814353 -725.173533069 1947.46406138 12321.487141 -488.326929936 1007.65357307 2601.06536652 -1161.91748852 -271.93730686 1231.95735403 -50.3937177748 1064.57053037 4226.96056329 -6738.97635422 -500.68983876 1039.38957437 -513.395841281 872.817419282 6430.06087884 -7833.01483777 -2201.41336529 26.6644239138 -2777.33584067 -628.707203862 257.416129967 478.505327497 2515.27419833 7857.16279747 -3286.94052536 -1055.98976559 -650.702896163 -9063.03872422 -887.29462915 710.251301197 -714.530494731 1309.78150719 8934.47372 -12385.9935996 -3620.32471455 -541.683136759 -1548.73326284 601.240538125 4987.70113365 -1780.65528491 326.638677386 4419.82078101 -14308.1395137 -4085.57185964 -1199.59744854 -3402.87048377 -54.2358471285 901.373116136 -3983.27224855 -98.3321403226 4383.09565919 -3434.47981084 -217.14036436 2803.73494079 -14296.7933202 -4104.29620944 313.763765634 -11833.410821 -1575.6936414 886.243288667 -3320.63814161 -475.582409934 273.896584483 -3502.73791569 -249.555848865 -5.45602933182 -2116.06949886 -19.8935750333 1481.1913931 -1180.41462895 32.1926491976 3144.90173663 -1173.79154579 268.578797904 3377.2171051 -3362.09176623 -131.351221774 954.930070768 -1195.48639451 736.996659683 6729.48935634 -7633.87656491 -1370.86250038 -109.48304238 -5875.17450842 -2104.23773652 -240.615051856 300.192482094 1817.72585292 5477.49081395 -1522.64840999 -202.052033714 323.992203281 -1134.80192252 -203.776330964 767.178946098 -319.682678488 4197.57817961 16972.3648382 -5746.89207092 1651.45802106 3953.25601943 -2984.1803579 2183.75821276 6316.8411375 -809.625507739 683.090299814 3977.20821495 -1885.43746965 620.733569058 1124.29722836 -3551.40390723 -2024.67515802 3447.68165239 1799.96103186 3438.16439707 8451.51865586 -249.479227546 3535.47687277 13619.8279619 -8371.06015864 -3351.11779 893.029016272 -1182.34112184 382.255561467 3912.35582663 -3801.79110055 -130.493122656 900.343917047 -2688.89536801 1058.26938378 4167.78521545 -2203.52654533 -253.788970999 913.773273421 -2040.90307617 294.564154659 1264.95378473 -8353.09077277 -245.068867722 767.622607213 -7468.97958836 -1073.00194233 3683.96679929 -8961.70907793 -116.57381514 4555.54717484 -1534.5026673 4470.76454834 16831.274571 -3056.86568432 -179.936829837 5123.59141072 -6353.35623395 -229.108443721 2277.90784345 -1334.54422392 2870.27555284 13538.5433517 1314.25831127 3236.77259269 12005.7522193 -4639.67151021 1243.40151619 13821.566762 -1047.43940341 -126.569364475 1025.66313601 -24660.3428319 -3980.42208058 -1384.48294207 -8408.58046362 -1081.64318269 2760.87954719 2143.72416938 6237.0748504 25379.7928294 -2742.67077718 -612.842765621 1157.58188961 -6617.10343592 26.4690118023 633.018867118 -6766.76469505 -23.4272133439 1486.3405307 -98.4829021469 425.452284162 2805.13767629 -340.888241494 1152.9286978 4057.96217914 -10681.8987125 -4007.16873585 -1378.84186619 -303.520936595 7499.94896869 25186.4453868 -1615.13922434 334.118797098 4394.83209924 857.462134042 4441.8281115 20398.4034396 -106.585557272 3748.77396796 12251.8730691 -5382.36743773 -2488.12621366 2836.58790629 -7773.04526707 147.56657551 1875.33921466 -2685.50565493 -436.947132898 4481.2586293 -557.470895182 -1.84583969249 1837.09135283 2101.70406724 3518.57511268 27066.7123541 -7780.25134682 -191.611436477 3302.40698212 -6329.8085879 1677.08444854 5537.00158368 -3946.90591117 -939.177273971 5114.9075477 -999.266314957 225.785011533 1295.50983114 -14418.9456399 -2170.87004152 4188.00631675 -1087.84698099 -120.599104006 1061.66083555 -141.327204861 2558.51049837 15917.7811863 -8316.72334388 -688.772729524 6601.41568783 -1073.85193946 138.215134255 1018.62637612 -78.2952889687 63.2024419322 1522.74466238 -8459.72653098 -862.499570957 6356.30672956 -1122.56282312 121.282085581 1042.66945871 214.740491032 2118.38999159 19046.2626629 -3078.12141895 -812.963287302 -51.8234526967 -17413.5660624 -3566.99901532 -1817.72810688 813.218394305 3071.1553045 16443.0147511 -6324.79935002 -151.973643018 5133.31785025 -1090.4724884 -52.6739929425 1008.53088043 -6199.79090521 580.509964907 5280.78903886 -1174.61101799 -62.375677019 1039.75755946 -1042.12316548 319.364356515 1070.47459724 7.07619703859 1708.44679788 11625.5930029 -1207.65854905 -50.5211121992 1262.51290122 -1174.94320568 -414.98050761 920.029217567 -1378.70709839 1348.39434905 11509.4791746 -1250.34113805 -75.0100659143 1218.91967345 3146.66449173 7556.27942439 33719.0604851 -3173.21046284 -881.670350897 -312.165052457 176.134606904 769.370763593 3010.39031876 -420.850348774 249.383148247 1816.7462705 -546.053263084 99.8636122155 1325.11655064 -5227.42722655 -1842.11743778 7571.8592884 -647.893360865 -13.8637392353 1302.30950248 -23201.4236794 -6902.38251987 -1215.93245719 -29782.0384016 -5966.5556276 -555.891476986 -935.843542427 106.369685235 1084.79586573 -7086.76120952 -432.722067802 5644.35431685 -7086.76120952 -432.722067802 5644.35431685 -1047.76645751 118.221641635 1111.17595007 -7086.76120952 -432.722067802 5644.35431685 -1061.60249377 -93.6751313727 942.082957088 -1110.3810286 -136.199916692 1082.44614804 -7086.76120952 -432.722067802 5644.35431685 -5889.48375598 -2108.71857404 6183.23572935 -8603.07107744 -4810.18007375 -746.114074259 -28586.7277875 -4457.36844451 -333.651241285 -921.359134651 71.0649960335 19640.1733403 -1963.35423925 -481.952013138 9029.56204747 -14050.7292769 -1658.37750298 4383.87122487 -1298.12596382 -14.4992330092 1057.81007559 -2587.11660979 -801.475598035 8601.33808345 -1541.94559274 4218.30485671 25716.9631735 -11941.2351045 -4026.95715889 -2438.53401982 -1126.83860572 -127.593009928 1047.8569213 678.913117763 1164.26177624 4043.14873778 -1115.11078072 43.4751507436 1311.24269709 92.7232656924 950.572139132 3692.90069758 -1160.30567012 36.5988723081 1322.12917729 -28962.160399 -6194.67069907 -1184.57089914 1876.62167007 3742.07893165 10843.9325463 -922.265216682 147.034207214 1152.23783315 -1082.25642768 -91.4575108061 1025.56110791 -20524.1131218 -136.216432177 2525.89086558 1984.44355504 5532.35916407 30889.9002721 -5108.92563169 -4773.84324352 -572.499328974 -22965.7669737 -5475.43837551 -4030.16255973 -7132.89615023 959.568913901 1559.38322667 -8664.35646349 -5589.77087024 -999.334461913 -3128.04496969 6026.51488834 25689.6029029 -2202.18775228 3975.1880883 10994.0624845 -1671.96826253 2630.85373913 17239.4074603 -7298.0633016 -1490.70812425 2161.66864552 -2129.55998718 -324.577914794 363.383162559 -625.024803056 38.0983717697 1342.13433199 -1594.15299634 2657.31951675 17148.9794943 444.165586071 4689.95841919 10052.6362982 -1425.38878233 2362.416931 10053.659207 1340.47544072 2348.43829036 4097.9078688 -1969.63029632 -21.3201685206 427.677482692 -837.094730671 -12.952897056 1902.00493994 -3233.46250182 -696.690628641 -335.278986609 6641.66019738 7440.22031546 34842.3860231 -23.1750798738 4656.79749575 23820.1441823 -381.833209765 -112.046965791 11482.8198912 660.434380491 1896.33790273 14281.3550798 -1204.05494166 -114.265042388 776.265910706 -6659.5511569 -1334.26076414 11565.6075788 -7161.42306475 -1192.8311812 2586.34032877 6.96961506724 4219.10311457 27718.8244574 -34032.9487825 -8522.03829689 -3107.01374833 -2631.70407764 4596.36834246 11094.5626037 -655.827243005 3694.0583122 6632.81831826 -1308.76596106 -622.604577857 832.24681837 1545.70619392 3980.97744651 15907.7056504 737.519937403 2696.45238785 11205.0507027 -11101.9702913 -2714.52454292 -751.203491038 -4424.24196392 -2361.05386126 -1766.71950672 -27165.0159121 1235.42158007 2213.06994578 -2117.96496403 -239.134377829 331.177218002 -1266.44968045 4382.69650914 17289.0557724 -864.887405897 766.461039612 6858.79989452 -307.165978381 239.919073361 2131.86910072 -1505.61061887 4096.09007745 18433.4811316 -751.990093449 8.78216341829 1499.85211325 -34156.4834415 -10572.4944183 -8478.26087296 -746.685314476 55.5799252673 1481.61193286 -828.036750227 3431.40795999 23045.6750869 1046.35058435 4863.85220842 9961.34340192 -18132.0162891 -1341.09542964 3434.33218963 16.868182306 679.226357931 3783.53028568 2716.98523207 3076.7196299 14390.4993861 -10556.5922899 -1805.17370763 -1623.77834825 1789.16908889 2422.25336605 10385.7512483 -2720.07651888 -1064.01634739 3759.13179731 -3017.77088155 1040.74441233 1572.21076497 -2108.80228818 1770.17536309 13676.4070792 -5996.25481336 -1028.63752614 -229.500971044 -174.214657617 4443.36809237 29811.5071563 -509.822601961 476.72023138 4786.78188744 1001.51236633 1792.07459038 3712.67787531 -14247.5793446 -2091.40584798 1118.7031264 -780.908868227 567.633991935 2350.57058972 -3813.5237059 -330.962952408 7565.32287385 -10494.2115821 -1481.37069854 1668.02795172 1913.83163216 4109.14124155 20173.2046703 -28307.953554 -6629.51841549 -2378.72722592 1045.06566348 2910.30737639 14601.5428535 -13636.3195829 -1796.35531648 261.269110433 -2683.09062941 217.043273575 9419.24195855 774.672121292 1717.31280925 16580.6925285 -525.282770302 4881.45163869 24306.3408153 -891.357572563 5554.24059515 8563.99340333 -2258.79737099 213.055456128 5408.58703242 -5290.04022115 -3205.4258085 -2357.4994891 -32268.7868322 -7521.94712601 -1808.00974117 -12965.5332152 -2279.45254008 212.042679162 -22618.6171706 -4791.75281618 -709.571151109 -7086.76120952 -432.722067802 5644.35431685 -1009.33929048 14.5075244209 1029.64980622 -1018.89332107 -11.3867325871 1027.87930328 -7086.76120952 -432.722067802 5644.35431685 2708.66796634 3847.7724144 24427.5840626 -11000.8504661 -687.617774517 578.416485186 2180.03073651 4822.56016073 28834.3791452 -2906.47128861 -344.94721407 3977.59786393 -3420.55768218 -442.908223867 1444.85113365 198.107718757 692.242344576 2159.04599082 -3172.44708415 -2157.46798918 2197.49261901 -10053.6457943 -1066.96673351 2243.89596128 90.5455426819 1491.03374095 9188.34634914 -10243.1237121 -1664.9673755 354.899696044 -3092.81642811 -300.3757418 3076.17912611 -2376.89597314 -145.885209124 2267.92578306 -35598.2450148 -8303.9980104 -6863.47347215 294.666423912 714.194868234 2146.84069388 56.6264684244 2257.15965484 13224.643807 -1753.70616991 -643.581918749 3999.7474 -8899.4147855 -1511.81703124 -1243.1098338 1451.09769074 2301.22117042 9496.27711422 -3572.55834807 -457.033257091 807.416671879 -2756.59305919 469.261203024 5919.31152806 -4688.86364928 153.203610949 2377.01702429 -4228.07196266 -97.6670191081 3894.12015674 -8795.58759844 -56.118296413 7598.27454774 -9850.30259882 -651.116738739 6039.67058098 -14102.824199 -2218.47405933 -79.1284377181 -3992.23717855 -325.069895919 2781.55088842 -1218.67120846 -531.676494486 5573.54734884 -5106.03327211 -234.018415253 1061.43345597 -3201.96355638 312.625855826 6113.9079229 559.943305368 6501.03781003 8084.78535281 1772.34832221 2909.00190522 5569.38539495 -3100.93242747 -1681.57611238 -659.173552637 -16368.2895864 -3452.06806242 466.271688475 -27565.4868556 -7830.95743512 -5647.73169581 -4800.16803431 451.309919893 1792.11288808 -2586.06683626 110.906472758 324.815002181 -3274.29933776 -252.771982277 5810.00692514 -2363.62984045 -694.486492427 2810.17432425 -7781.95579179 1333.1326853 7983.79161297 -1351.65797489 710.963529944 10225.7405511 -32082.4787922 -6385.62175636 -604.888720259 -10702.1246643 -1640.37245416 2425.86046084 -479.99055133 921.882120111 5771.40893859 -2609.01213921 1674.34843909 15115.7642402 -2710.99288897 -568.356720702 382.960722792 -5785.29636581 -662.403451938 697.355366435 -6966.52348408 -6.41837727325 9042.55006097 2561.577171 7333.78409606 34359.8406113 4515.09947935 8557.98524457 29883.1224669 -5513.8336945 1333.0060359 4406.62679251 -7700.0021381 790.856821856 3563.27111794 -21889.4829233 -4593.8530016 -596.664271012 -10069.1546081 794.405509089 1645.83523928 -30142.1768104 -5306.3055655 -481.774640224 27.4351128953 366.427997932 2796.78608957 -23727.6078826 -5110.93682019 -1928.33062835 -2425.10180005 600.71298331 8928.87725271 1962.84664705 4383.50373054 26180.4277718 -17842.9591001 -3964.15858073 -2366.25380375 763.138795595 1471.72894789 6559.45387134 3204.261248 7907.19731892 32025.4349266 -203.923162223 444.178190461 2933.64090719 -1281.08685672 35.6020872971 1444.60265287 -2709.09022541 116.61277599 1390.60575772 -851.982438268 1021.31636475 5578.63824691 1485.0330307 4317.08638565 21006.40089 -11847.1022325 -1969.09743176 1107.16683973 118.614247574 4508.78039612 8131.1600768 -9834.03388569 1625.09058482 4211.56390293 -16275.6314621 -1582.00315254 2153.41200774 -8300.24963434 1738.89117873 8453.12245262 -1874.81736322 -1128.6691083 10187.7703073 -1079.27018984 139.608115372 565.170788315 -4487.43155739 1122.11133886 5187.1301183 1954.03155973 6004.29692834 23366.9384889 1944.77764531 2499.84169791 13581.9426391 -7607.1141692 -1552.79397808 -659.200463895 -1759.80323391 -100.395600586 1382.97659251 -1602.25999341 121.588497824 1552.07305687 -3072.9026198 -59.9306071566 4835.59097919 5003.44201815 6622.55002086 35283.8528786 -1805.72241488 2509.40962281 16284.9422787 -16032.2886854 -3589.19133491 -3077.70191661 -2904.80925407 -323.876427376 31.7984404052 105.023798154 489.311536761 3125.26114581 -15044.6868766 -3584.28405993 3354.11069331 -12986.892011 -3444.27218094 3263.79918578 -4238.66928537 1154.81557373 2112.06202289 -1445.92879474 -307.994253624 516.216196307 -1382.54896558 -220.690015888 668.372291839 -10868.6055876 -2167.05084056 -1295.23632415 2015.34255733 2686.05648687 10413.7926431 -1797.31424314 -912.026206373 3226.04832602 -8565.28943429 -2012.88458745 -1043.39124527 600.72150659 1553.88911612 7764.81910741 219.225696752 501.032703292 4728.25398827 -5058.31563018 -218.876901708 800.189983046 -2592.05344141 564.343162623 898.317320809 -33.7166681024 3797.93100058 24746.4332779 2558.9779562 2927.00345788 21062.1559173 5627.34970922 8374.38692947 31779.273425 -27237.136992 -5413.56756693 -2459.06925388 -32731.3599364 -6409.26402643 -4921.03448152 -478.145925988 -106.631061761 1720.20237087 -15727.2199525 -2444.03661072 327.27377836 -4893.54428034 579.700394102 6436.44050863 -15081.3028763 -2892.44022753 -2280.91130277 -4268.7128413 398.384614146 1234.90514471 -28859.0711604 -4624.41182787 133.008137095 -9936.4768084 -1394.72599511 3794.77782941 -33710.2050162 -7438.63049227 -4509.06419749 2332.1168151 3128.78694133 24733.651549 569.743718186 2909.66710622 32628.7444325 -8504.21269153 -2498.16421083 1128.24700273 -11465.4512425 -3171.8752159 337.361392365 -11949.3984516 -2652.56530223 648.220306191 -5138.56926764 358.779211704 8216.26281577 -7358.79652771 -2320.17219984 419.211021123 -12016.1199707 -6407.63387865 4067.43992089 -9306.71300587 -687.026586914 1782.63507262 -1873.3017831 -115.109452946 6748.04000879 -19828.0443773 -2885.01609297 -1539.87455828 -24321.4053669 -3571.6016371 -217.864599628 -4664.59942417 -646.510951533 5363.5566345 -23041.2450772 -4353.37168397 -1811.37633221 -31522.0112924 -4653.79978661 -2728.5746655 -2290.28318361 -1372.43709558 4106.59312021 2832.78141719 3862.72179709 14982.7035486 -2903.40338403 -67.5115700297 713.321050617 1772.00328741 2906.94568938 16625.9037287 -30818.2548207 -5496.44574588 -3025.19268546 1844.34303794 3294.38940306 14412.462497 -2402.98506749 -270.982117643 21460.3636107 -335.66502182 464.690743328 5389.65426453 -10548.0570644 1229.33431299 3940.84056374 1089.66647346 2025.93668619 12083.1540976 6257.02433094 9117.34128095 39275.7379142 3389.70388702 4869.54203298 23073.8463942 -1866.09824218 366.491306251 15804.2848708 -2958.87132099 2187.78797802 7575.34756595 -1495.36814244 3740.43727702 7820.56909346 -1790.59978206 3072.12334964 3997.13568222 3560.78400992 5042.11188114 25433.5596292 -6761.31102313 -898.280334503 -653.251049044 -2874.50814995 -1319.92826956 12794.451901 -1619.96807051 1803.39975207 4750.02357774 -14073.698555 -2520.23734214 -1977.68399775 -6263.12891133 456.127801647 5429.31743869 -4914.67597147 1061.53684258 8633.76828138 -2670.99547923 -1775.221339 7534.66514939 -567.037306727 95.0439145089 2185.9641973 -192.309863978 1419.20396267 14891.3511627 -21786.3948269 1531.27814977 3336.85516119 -2545.0586242 -419.861415134 237.445868397 460.187335945 1524.05676808 10739.502012 871.914290746 2162.00472307 14993.0389042 -15736.3811783 -2008.98117026 -858.267000184 -14826.368504 -1653.86072504 6.76758118931 363.90470432 951.256549501 10568.5718088 -10586.0421158 -755.512202574 -153.695617668 -11346.6737774 -1243.70701283 -328.392645355 -3860.15161843 -806.830709027 1833.58967428 -618.848025026 1336.10699498 2128.16162692 -3780.64830078 -815.173364291 1262.97974945 -768.690597419 1450.7837458 2349.2236724 30.779669487 3100.84465749 28990.4925854 -26161.1786246 -3733.14126436 -2802.27341388 -21072.125391 -2734.61933021 -419.280338285 -29527.0487587 -7143.67107026 -5391.77986379 -1987.07184829 2913.6036074 7211.13397794 -1763.45521754 1530.56675463 5952.64619211 -29854.0815846 -4576.87896898 -4426.01953374 -214.648340285 2368.5516239 3551.29686564 -831.906924763 2518.47756584 3914.50318942 -1160.52501722 453.846820927 1126.80635659 -401.753285173 1071.64832601 2302.88191368 -25775.7538353 -6904.68953624 -5645.26496349 -1143.77817809 549.278444871 8225.59465043 -31355.9940927 -8734.10762244 -6753.30720555 -2843.52980425 5.29888180296 153.329283453 -165.323129455 139.720597578 2885.62462357 -2599.45887556 -506.720217222 2772.71687812 -2456.03713105 1442.76345336 3792.72118457 -21254.1424448 -3132.14943243 -1094.42359185 -19049.1413176 -1287.32830445 373.039750694 -1661.38593848 -207.663747397 1301.55174583 -1584.24402361 -152.801838296 1297.79629482 2336.45007628 6895.83292903 27432.8127789 -10006.6778483 -2512.48263565 1343.45581724 -7954.95327759 -1783.41919386 2124.31270697 -5842.46113216 -983.247905638 2443.50398472 -4935.91292175 -451.14148302 2760.88225315 106.605872169 780.689042545 7232.26626321 -7118.31151196 -644.904891879 -337.807902664 -8125.12063673 2452.9352138 5909.21498526 -4505.13995712 -1068.89217939 3066.50302677 -4645.07974405 -1689.56768043 3758.03451529 -27587.4550326 2279.91822827 2604.79579069 -24990.1921567 -4603.27668589 -2826.06475892 -2821.75322055 -481.634121316 1242.36307345 -3175.67666619 -462.278750827 1440.062052 -24635.3878259 -4573.7447729 -2912.86765493 -817.319744633 -355.46705978 1382.56089646 -3131.27833317 -567.261325106 -137.291312151 -11803.6001298 -7286.76700576 2972.33794569 -623.476994624 691.010291551 5658.87022787 -6116.00647252 -976.526451569 437.31888462 -27421.3835396 -7223.95251836 -3110.0483539 -2772.0816575 2531.31943065 9823.07696721 -4290.88921069 3092.72373124 5029.67522108 -5861.96871397 -702.263649038 71.3972460142 562.111417186 2702.64246475 22978.005468 -104.402463972 1817.15463122 19830.1525966 -1295.61015626 224.877827882 1301.57763951 2613.43221857 6142.25732974 32202.9743792 2934.97041884 3497.34753104 22243.7894044 168.384902076 588.488362695 3854.41535678 -19539.8167904 -7854.65444277 -6642.36468547 -19215.9704666 -7720.38394361 -6518.64267882 -1146.37078151 31.7761404138 961.81863603 -1101.2898192 43.225331222 946.428127739 -3135.06531816 468.34275024 11661.9846227 -547.232776956 1158.82395924 4409.97930774 -1056.10135354 668.31206387 3283.8082331 -1224.73752412 -81.307799956 965.534073915 -1176.49240994 -63.6028546373 920.057393592 3010.83624258 5501.10449367 34035.9320206 -6059.10220553 1509.476408 3561.89430344 -16129.8249649 -30.2710270436 2134.37545554 359.013957745 3020.05936211 20516.6476066 -9779.45366923 1369.60786673 2577.19762512 -271.269323018 -99.5844130881 1225.24132482 -43711.7092206 -15665.7574231 -13311.6366537 -3570.86562557 -2346.55029297 9393.4172808 -7089.81553372 2664.45971627 7992.99070089 -4143.59073925 2777.16881898 11666.1887414 -3597.42636887 2946.56080814 11460.0163902 -1390.07230719 -139.549982495 1065.67741613 -1376.35189361 -163.750028684 1061.53264081 12541.0275934 15225.7784842 43377.8089366 -38433.2759712 -9690.95243412 -6207.93258756 -731.944133372 -175.531633219 1254.71155166 -1331.04213174 135.61634918 775.370887988 -41804.8017582 -16981.9119645 -14801.5714568 -43717.7258772 -15118.9035284 -13485.0496296 14833.5735344 16904.6785635 41515.3550107 -2173.24059524 -380.957940844 285.587003687 -6768.76788387 1879.80699884 4164.02291345 -1354.45338578 -103.732312104 608.736647591 11609.1431993 14785.7717732 43121.3794885 -1430.85866613 300.970147694 739.407128422 -41804.8017582 -16981.9119645 -14801.5714568 14833.5735344 16904.6785635 41515.3550107 -552.102527798 179.35957254 1444.50873919 -1291.23300328 -108.801951952 659.810908563 -28228.9319749 -4976.6593883 -2584.04438827 -18503.4965232 -5363.74055724 -3490.12680926 -17676.3401552 -5545.95077407 -2955.81759483 -1188.06923326 -60.1642714967 1236.73238382 -1148.17459669 -58.5781146588 1233.11767651 783.438564724 2417.53366069 16931.6644778 -10461.849462 -1076.03677715 2188.63341209 -2064.57445697 598.929271009 8965.72442999 -6511.03736596 -924.037885007 1693.93086548 -1795.80291387 907.837493729 16354.5935478 -3038.07220547 1497.60241357 11289.5995757 -3909.21813173 2554.1428622 19335.4565151 -2258.82955793 672.712315209 16682.3588789 -2172.91036487 -665.818141895 -128.82572744 -297.795069081 -63.5278678037 1055.22434943 -526.326679812 147.409971711 1874.30690483 -15977.0698588 -2045.6951997 3726.42754725 -19046.9915347 -931.578586231 2000.688504 -15355.71759 -1275.83414638 2928.39913571 -1781.00689537 205.908415759 6977.80744858 -1348.82963681 18.0339154585 6268.7398941 -16985.0872489 -1758.61007763 2583.28720619 -32377.1786273 -5124.59295665 -2374.4491421 3964.25335132 5536.36663079 32036.8945144 -1142.41443247 3482.03371329 23960.8153991 -41804.8017582 -16981.9119645 -14801.5714568 -83.3349930602 431.109286901 2526.98267824 -1242.43779157 72.960483903 1049.02525719 14833.5735344 16904.6785635 41515.3550107 -1257.87031478 -38.4269918169 615.793775129 -656.32061825 14.5437915241 1313.73877223 -547.232776956 1158.82395924 4409.97930774 -1056.10135354 668.31206387 3283.8082331 -1148.16652079 66.5083492185 1239.17426873 -1109.9248003 87.6529300872 1241.15137378 -24264.7957083 -4326.47223739 5363.0448839 -465.520219083 138.020432454 1393.8204801 3511.44043702 9574.24582846 33251.2987223 -3692.25331229 3144.17581522 25626.8695978 -14451.3048991 -375.100509847 2898.12010516 -6128.42717346 -970.284821539 690.317369355 -3114.59111477 42.5045227502 690.351829605 -556.863383091 2968.69749145 22927.5587372 -1979.20091366 1883.73170076 9899.2418029 -6881.83688804 1266.75449981 18258.676022 -2947.15935265 711.855060945 12162.6593703 -10517.5812041 -432.266724755 2100.87333255 -2184.64477672 740.355065976 6474.52419724 -1468.50221245 650.514389509 8351.60766946 -7645.4913 -1056.94573815 2755.57997917 -6124.35969502 -965.438182143 1050.66267677 431.264704805 6812.95803421 36964.4336473 -891.909281177 -386.29416613 1151.67018143 -420.473716983 79.6574068647 1404.31010224 -1367.00296837 -20.9679691791 673.046128286 -31701.6795793 -8962.90368526 -2927.07732148 7957.92030221 11576.9448809 35037.5998275 -23469.5413254 -2876.1206281 4996.568331 -3604.85724145 -366.013817291 893.273629211 -2727.69939104 873.502386332 16317.3850407 -13851.3365012 -1031.18477385 1614.33767153 -19970.9190745 -1755.2053101 3950.29012423 -30795.6206878 -2913.33689727 6018.98586372 9272.8702777 10594.8230963 26043.2067099 8806.02513097 10006.7530114 24549.8182405 -542.416058591 139.389303831 1170.56775893 -546.728843552 50.5809703124 1115.02337125 -5145.55331018 2030.82170711 21298.6516669 -3411.40133538 1739.17045333 28927.8457267 -21620.0528813 -2118.17315295 5008.20823336 19280.6124955 20979.773054 50651.964351 -502.398326031 24.5960303865 1391.15244004 -1567.32132095 -95.9089471071 328.251352653 -50339.6963918 -20830.6514469 -19095.808431 -30094.3802443 -8268.98820029 -2164.49300936 -24148.1658335 -3054.82922205 1917.46091749 -312.566915972 409.291310335 5968.10659102 -14519.6846216 -2410.91266626 363.121278036 -1579.93723427 -62.8779992175 462.628394388 -14805.5175499 -3493.50098051 773.037020731 -16911.6827564 -2131.64606273 1685.8504689 -48981.0324472 -20141.4739332 -18157.2139968 -1648.91336936 63.0519082494 408.756021628 -19215.9704666 -7720.38394361 -6518.64267882 -19539.8167904 -7854.65444277 -6642.36468547 -490.212774362 -6.76738890326 1441.6375737 -878.017843966 164.882200607 683.039189311 -928.511496161 70.3786727101 653.156784424 -38118.8155638 -7846.57854192 -1025.87035872 18564.722955 20464.4183284 49650.0048062 -845.881905479 -357.829960514 1006.06285034 -1392.7162738 516.052080107 1044.59885174 617.257152154 8432.61037208 35589.1124832 -4514.68185192 -9.04916533107 1028.51504974 -263.860173842 54.561161292 2733.3636967 -2790.74784781 -530.019355597 442.361130676 -25218.2786349 -2986.36582261 1248.62726865 -48.8765970903 649.742576915 4438.55762315 -7804.66742014 2168.33474509 28382.8776001 -22335.1877263 -1387.95253629 3181.67368963 -739.319644825 2728.21703768 17900.2320124 -2185.18179804 2593.91840151 12666.6225418 -25141.3561578 -2404.46318836 5437.1623942 -6665.7423517 235.69555192 25522.4737014 -28693.6031117 -2825.95165623 6067.86920838 -4243.86518897 2423.96589002 24195.5819009 -37626.3980068 -7673.41011646 110.819711855 -2795.85244771 566.050537152 13829.5616946 -1416.87231563 144.81422253 654.148522668 -645.511070008 721.395120964 4645.33415209 -3584.00382435 1535.74542831 18621.9702613 -8736.89171739 1502.8132207 27329.9670609 -6178.34609864 -567.640799046 280.511017907 -169.785247987 455.902065848 2751.66175489 -2503.66854812 2020.16118703 21743.3947928 -1380.34273044 750.203682644 7874.063216 -1630.72293566 1177.7698331 10709.7629516 -8484.04055552 -1110.11665445 811.911278788 -20259.5590925 -1305.53070821 7335.66881419 -14959.027691 -1923.20613735 511.916561762 -1104.41770814 2044.18501414 13842.6742069 -9504.41515916 -945.007153852 2284.05234569 -3145.71491171 572.418887898 5888.07545641 -2883.11838217 2708.66025485 6254.80768693 -21455.7048122 -5111.22567836 -500.736418032 -7084.61519631 -987.998888833 -713.63880009 -2544.47555039 123.75529052 1349.88354747 -11817.2761774 -1563.75569654 -498.441055526 -4843.57783436 417.91521536 2290.79186291 -39.1432041509 778.807209008 5507.85221219 -1205.34332915 70.5926798416 2591.17118101 977.167022102 4368.6277069 21932.9462017 -2231.05991695 -607.00175603 9052.76926966 -17417.0088738 -3816.65372488 -1895.34966055 -11776.1005403 -4028.73444896 -2624.0483156 -1118.17670914 525.099650191 1127.13030157 -910.468296655 195.812989324 1166.87024387 -542.51214117 120.010397063 1425.5399618 -671.893924594 -295.545285403 1321.2352671 -136.156098175 3154.68238712 16546.1939536 2452.21048371 3647.16872359 10903.0375637</DataArray>
        <DataArray type="Float64" Name="PrincipalStrain" NumberOfComponents="3" format="ascii">-4.64320007208e-08 -1.97392986953e-08 5.16755846232e-08 -2.5142682366e-08 -9.34211228357e-09 3.73801300075e-08 -2.44200152939e-08 -1.50839906843e-08 4.26308186554e-08 -4.66645314635e-08 2.75574268118e-09 6.00397290571e-08 -1.12032919694e-07 -1.16682243948e-08 1.29465875738e-07 -3.43380612258e-08 7.96786450066e-09 4.09162048326e-08 -3.74317138447e-08 1.29767064826e-08 2.98802831709e-08 -6.0192687497e-08 -1.93158664836e-08 6.61799534446e-08 -5.60772628547e-08 2.14585556776e-08 2.40994914874e-08 -7.44761093104e-08 1.14323309601e-08 3.04902057397e-08 -4.56008980454e-08 -2.10677439455e-08 6.47815915239e-08 -2.0314865714e-08 8.39842708564e-09 2.50189027499e-08 -4.43425661723e-08 9.0766967718e-09 4.37102755401e-08 -4.52001229247e-08 4.11951959314e-09 2.89372707121e-08 -2.11341166902e-08 -1.3274038178e-09 1.77484138847e-08 -1.61895228479e-07 2.44344689475e-08 7.40955367923e-08 -1.86567692806e-08 -1.02849715126e-08 3.01013282869e-08 -5.16423338242e-08 4.40306701423e-09 5.66988363761e-08 -2.14989465605e-08 -6.9178732208e-09 3.76691968492e-08 -5.03825077868e-08 -1.28038462941e-08 5.31631168003e-08 -5.98035895663e-08 -2.63119252286e-08 1.02459377508e-07 -6.93828338021e-08 4.57149454632e-10 8.44256383965e-08 -8.23651218144e-08 4.51469692159e-09 6.46910199302e-08 -3.51223019077e-08 1.82031889985e-09 2.38358163707e-08 -2.46559366542e-08 7.79587708077e-09 2.37272646988e-08 -1.71524753913e-07 3.97993828781e-08 6.21793884591e-08 -9.95393660729e-08 -1.47013897491e-09 1.14680884351e-07 -3.50126436887e-08 -1.09745326415e-08 7.76650761589e-08 -1.63457031819e-08 4.78005765428e-09 1.78023314778e-08 -1.00942898797e-07 1.77511599452e-08 7.13879723653e-08 -2.23831601168e-08 6.87344651049e-09 8.69113996543e-09 -1.93986749774e-07 1.35901104601e-08 8.18673163169e-08 -3.40034658338e-08 1.37016067672e-09 3.48137699854e-08 -9.91807813647e-08 2.39450485666e-08 2.76461654896e-08 -4.56193360204e-08 -2.02730709013e-08 1.14399338514e-07 -3.59171831961e-08 9.3056464287e-10 2.82925483295e-08 -3.39601621019e-08 9.03304790848e-09 1.3423839574e-08 -2.55016255616e-08 3.72608581044e-09 1.56526802317e-08 -5.35478483697e-08 -4.60696033646e-08 1.73423113298e-07 -6.85672973971e-08 9.52839155536e-09 4.42602501172e-08 -5.17214308576e-08 3.54905689488e-09 4.46891056094e-08 -1.1322340952e-07 2.21106223987e-08 7.03727703516e-08 -3.38055526213e-08 -1.86629066445e-08 8.23731797437e-08 -1.16830808277e-08 3.23325403882e-10 1.47667000184e-08 -5.34859004855e-08 9.41107121125e-10 4.69905458502e-08 -5.44483487764e-08 -5.04537859734e-09 7.46428122541e-08 -2.32296563558e-08 7.51635706063e-10 2.47598053127e-08 -1.97588018799e-08 2.1839277359e-09 1.83902459509e-08 -3.8618149837e-08 9.81411885472e-09 1.48379297817e-08 -2.36201214025e-08 -8.82378844782e-09 9.3162453763e-08 -4.41498192108e-08 -5.71330438788e-09 2.82952485375e-08 -1.18259329747e-07 1.03676649102e-08 4.67466236308e-08 -3.48378430238e-08 -1.49997959752e-08 6.58526126883e-08 -8.87174447428e-08 5.79106819744e-09 3.93178283449e-08 -5.17284250341e-08 3.1465687685e-09 3.48507981936e-08 -1.56259259619e-08 2.86911735256e-09 1.7986136002e-08 -1.51646023715e-07 1.72625706055e-08 6.82642641376e-08 -9.55177046551e-09 -6.63126927397e-09 1.39074022797e-08 -2.58223164521e-08 2.59333372533e-10 2.7942735569e-08 -2.4451222441e-08 2.25280203385e-09 8.48502948191e-09 -2.61690182371e-08 2.4973745451e-09 2.58711616057e-08 -2.35051082842e-08 -3.01662176309e-09 2.4253396404e-08 -2.7115184901e-08 -1.3841704367e-08 4.48216954268e-08 -3.18408631703e-08 -5.61148126876e-09 6.93783148e-08 -2.03692170409e-08 -6.91403243843e-10 2.39111665857e-08 -1.8402624715e-08 -1.35186389521e-09 1.85826391537e-08 -1.02654652213e-07 2.02163637655e-09 6.14884832431e-08 -7.15122699111e-08 -2.18775717285e-08 1.70782856893e-07 -2.24420373116e-08 5.34045774418e-09 3.49323910512e-08 -2.07131928953e-08 -4.1849895216e-09 2.3744482752e-08 -2.33979006553e-08 -2.69142176123e-09 5.60386788501e-08 -9.85798039272e-08 1.72740885028e-08 4.58755633181e-08 -3.86322761531e-08 -1.28883155998e-08 9.03176343634e-08 -1.02579859362e-07 2.0070251267e-09 4.33856126405e-08 -3.80849788357e-08 1.81812441926e-09 1.82747006189e-08 -3.76175110178e-08 2.08196583459e-10 9.94146991389e-08 -3.96418960977e-08 1.7900465838e-09 9.31680273035e-09 -1.28713224655e-07 2.31220228251e-08 5.27907329601e-08 -5.41115294698e-08 -1.65171637198e-08 1.25084263089e-07 -1.59105589203e-07 3.6854043766e-09 6.08601765356e-08 -4.60773680625e-08 -6.14928318739e-09 7.53135564438e-08 -4.57799017491e-08 -6.64444244918e-09 6.93717966181e-08 -1.81751267446e-07 8.09641755746e-09 6.16930851921e-08 -5.22430237782e-08 9.94590518803e-09 2.76929287915e-08 -7.52671614888e-08 -3.1182737645e-09 8.01082425122e-08 -6.01494026253e-08 -3.98812904904e-10 5.57031570479e-08 -1.87994765529e-07 1.29446652747e-09 8.33441517789e-08 -1.66093938788e-07 2.44065231185e-08 7.01282089626e-08 -4.65733199139e-08 6.26342938861e-09 2.01823249992e-08 -4.89462050319e-08 1.1470033352e-08 1.60033157148e-08 -3.6492269204e-08 2.43671223852e-09 3.03140045038e-08 -3.04791849242e-08 -7.95933547296e-09 4.98481190079e-08 -3.23932902385e-08 -5.60641242698e-09 5.21254418495e-08 -5.15595060132e-08 8.43996124091e-09 2.86137566738e-08 -4.90776028473e-08 -1.3188631841e-08 9.81005182398e-08 -1.02711041458e-07 1.3602076883e-08 3.70276953887e-08 -7.38816953129e-08 -3.85001240622e-09 3.07601231661e-08 -2.69767502567e-08 1.20601234434e-09 6.91730759064e-08 -2.22747208694e-08 2.25064040426e-09 1.2020033377e-08 -1.86260386723e-08 -1.33556340052e-09 1.66964631735e-08 -9.52952226261e-08 -1.14032352613e-08 2.25842802683e-07 -1.06118661187e-07 3.12792690929e-08 7.40269462056e-08 -7.90622880425e-08 1.6913713984e-08 9.36709683005e-08 -3.15387866024e-08 -3.81692160499e-09 5.73595539618e-08 -3.44135244125e-08 1.21296520206e-08 2.14815485506e-08 -5.68329407934e-08 -2.84794068795e-08 7.31500767423e-08 -2.5242055486e-08 5.18172129644e-09 9.82868718169e-08 -7.70867239706e-08 -6.79468210748e-09 1.80486123833e-07 -1.09051907522e-07 -1.58244063899e-08 6.29954628695e-08 -3.52960648324e-08 -6.23926928529e-09 5.93197356392e-08 -5.76106619839e-08 1.05705861771e-08 2.97147026287e-08 -6.08101678254e-08 8.78003470782e-09 6.65281858674e-08 -3.43074548008e-08 1.90195729391e-09 2.35852561188e-08 -3.58394065427e-08 7.53355631561e-09 2.55550780169e-08 -1.21569384209e-07 2.90081654564e-08 4.7815292848e-08 -1.17889557792e-07 8.92884205609e-10 8.9236589407e-08 -1.47048586941e-07 1.7218210797e-08 1.03986172039e-07 -1.13215920044e-07 -1.68952889678e-09 2.27862800096e-07 -6.48566008369e-08 -1.14279221108e-08 8.70661737853e-08 -9.95428007696e-08 1.41932296204e-08 6.0752103525e-08 -8.93884270753e-08 -1.12989169355e-08 1.86826056471e-07 -4.65499876045e-08 -1.08461509496e-08 1.5200632783e-07 -1.30845171338e-07 -2.15881008479e-08 2.12006396575e-07 -1.88166790697e-08 -1.71480691792e-09 1.96837966626e-08 -3.29298161787e-07 5.47575093088e-08 1.02967807595e-07 -1.27319305328e-07 8.75238703194e-09 8.0113523444e-08 -1.04876230494e-07 -2.88568607035e-08 3.26650758907e-07 -4.15156073483e-08 -1.96165856214e-09 3.09176564637e-08 -9.73564257086e-08 2.60242054635e-08 3.72887027765e-08 -1.02937695575e-07 2.22957147994e-08 5.03342586174e-08 -1.52522841469e-08 -5.5220592583e-09 3.86720980241e-08 -2.72022214939e-08 5.40093093013e-10 5.44907148892e-08 -1.29515650455e-07 -5.55637946065e-09 4.32554052615e-08 -1.44420560618e-07 5.01023337394e-10 3.28964528246e-07 -4.33403499035e-08 -7.139843791e-09 6.82734032487e-08 -9.42086761615e-08 -2.76418794373e-08 2.68694519514e-07 -7.00968524054e-08 1.5026816346e-09 1.59417379226e-07 -7.83843706503e-08 -2.4634176489e-08 7.4253371453e-08 -1.19713100059e-07 2.73839770176e-08 5.94711831732e-08 -5.5697130055e-08 -1.39381860744e-08 7.73999209378e-08 -1.58292078446e-08 -5.5104568141e-09 2.86412339042e-08 -1.01055459611e-07 -7.47421401958e-08 3.62580408573e-07 -1.24478428722e-07 1.64534553276e-08 8.13423688158e-08 -1.21343348537e-07 2.73560935687e-08 9.90402689355e-08 -7.42803570469e-08 -1.8422539499e-08 9.4010464332e-08 -2.07950681108e-08 1.95588509543e-09 2.18222031737e-08 -2.14629807464e-07 1.2834453649e-08 1.30927871731e-07 -1.95737928636e-08 -1.61061800531e-09 2.03456380149e-08 -8.12030672895e-08 -3.10632242296e-08 2.17037517118e-07 -1.44150231877e-07 -2.48829189581e-09 1.32900921569e-07 -2.02986341797e-08 2.21118290367e-09 1.85616773955e-08 -7.91542028948e-09 -5.28760528704e-09 2.18181788071e-08 -1.44398123979e-07 -3.30676615044e-09 1.30756779431e-07 -2.10249755201e-08 2.07500135577e-09 1.91864811425e-08 -8.76379329332e-08 -5.22844422085e-08 2.62090335973e-07 -4.02669342421e-08 1.80028820272e-09 1.5935742274e-08 -2.25687827511e-07 3.14627033639e-08 6.3949163092e-08 -7.20147517483e-08 -3.00816377019e-08 2.18252894878e-07 -1.1170289446e-07 2.93529724161e-09 1.01090710688e-07 -1.96747079234e-08 -4.01307293604e-10 1.93067832119e-08 -1.13688294376e-07 1.22315789259e-08 9.95224760136e-08 -2.09689368961e-08 -3.13137706568e-10 2.01550509709e-08 -2.08439264516e-08 4.44084181413e-09 1.8390031999e-08 -5.70447963313e-08 -2.54479137442e-08 1.58727658634e-07 -2.24465155108e-08 -9.56820255003e-10 2.34280971371e-08 -1.89493974096e-08 -4.83580444535e-09 1.99572333079e-08 -7.48009879357e-08 -2.41548181974e-08 1.64551042849e-07 -2.27644860045e-08 -9.36908950487e-10 2.30932147806e-08 -1.31941964016e-07 -5.00491152665e-08 4.35831104432e-07 -4.02151405976e-08 2.34203290988e-09 1.29185598809e-08 -1.36827673972e-08 -2.66552448722e-09 3.89534101087e-08 -1.48669882057e-08 -2.41979468956e-09 2.66883775808e-08 -1.3907818742e-08 -1.9122196293e-09 2.08424777986e-08 -9.92335683105e-08 -3.63635293763e-08 1.38467466967e-07 -1.47775298548e-08 -3.00269402458e-09 2.14405233216e-08 -2.96656131232e-07 6.04034744425e-09 1.11645848608e-07 -3.97504346718e-07 4.4783190514e-08 1.45266953311e-07 -1.84741886817e-08 8.81199832067e-10 1.90519717555e-08 -1.23575012632e-07 0 1.12859990001e-07 -1.23575012632e-07 0 1.12859990001e-07 -2.02369390718e-08 1.41712562668e-09 1.98577056405e-08 -1.23575012632e-07 0 1.12859990001e-07 -1.88017834498e-08 -8.25989576685e-10 1.84095177804e-08 -1.99179271143e-08 -1.82599217892e-09 2.08060061661e-08 -1.23575012632e-07 0 1.12859990001e-07 -1.01597698608e-07 -3.13834880864e-08 1.22609948976e-07 -9.90883261862e-08 -2.8648921832e-08 4.68265895871e-08 -3.87848884026e-07 6.02677894877e-08 1.36851108976e-07 -9.76390090793e-08 -7.92082752237e-08 2.84218022598e-07 -6.46805321363e-08 -3.71687765086e-08 1.39473627474e-07 -2.12405391336e-07 1.77382844663e-08 1.29951475126e-07 -2.30159888085e-08 8.22793335103e-10 2.07371090663e-08 -7.03867907916e-08 -3.72248862876e-08 1.37398796369e-07 -1.50321800026e-07 -4.33457202504e-08 3.55915077062e-07 -1.42879825012e-07 4.09962254838e-09 3.3598909417e-08 -2.00416825591e-08 -1.48426435144e-09 2.03455200856e-08 -1.26187148064e-08 -3.60509686316e-09 4.98599467083e-08 -2.17360876438e-08 -2.1949177381e-10 2.33247626583e-08 -1.85759797903e-08 -2.64450071213e-09 4.82844582305e-08 -2.23989155e-08 -1.70688283465e-10 2.37034459519e-08 -3.82119827422e-07 4.0704981291e-08 1.33749691861e-07 -3.57025967616e-08 -1.05839047503e-09 1.30833176654e-07 -1.87435261256e-08 1.11489174678e-09 1.97829590856e-08 -1.94641072402e-08 -1.06355592677e-09 1.96810755636e-08 -3.03443077883e-07 7.51892892098e-08 1.24628424739e-07 -1.2774620394e-07 -6.18563426297e-08 4.09069420806e-07 -5.0071755142e-08 -4.38487965046e-08 3.41761619084e-08 -2.87344095617e-07 3.74762926362e-08 6.4317129215e-08 -1.12694025606e-07 3.75946112996e-08 4.87340199653e-08 -9.55374980549e-08 -3.84380513231e-08 4.68129105458e-08 -1.80612575815e-07 -1.05993213089e-08 3.54572313247e-07 -9.56137560591e-08 1.91089381232e-08 1.49459462625e-07 -1.09043523177e-07 -2.91339717172e-08 2.42167740247e-07 -1.07133592257e-07 7.17289608204e-10 6.85471439039e-08 -3.05885937358e-08 2.93250189415e-09 1.57089219021e-08 -1.4844208774e-08 -2.52906409871e-09 2.1688746591e-08 -1.07657752852e-07 -2.8701834752e-08 2.40428993403e-07 -5.68373261305e-08 2.20131121989e-08 1.2160570138e-07 -7.35744517676e-08 -3.22948852017e-09 1.39607868035e-07 -8.47754867181e-09 1.02417613929e-08 4.27319107068e-08 -2.98791070081e-08 6.30379536524e-09 1.46423231735e-08 -2.00544334791e-08 -4.74894228336e-09 3.08145604036e-08 -4.17695945321e-08 5.34188311269e-09 1.20538136076e-08 -8.63303100598e-08 -7.14999078668e-08 4.37397455275e-07 -1.22375108333e-07 -3.54613319281e-08 3.2042939225e-07 -5.41866441056e-08 -4.9176328146e-08 1.66156913484e-07 -5.9898193061e-08 -3.69456990765e-08 1.93061762783e-07 -2.00379314594e-08 2.01023812857e-10 1.67394557989e-08 -1.38985074304e-07 -4.00868241531e-08 1.99482159359e-07 -1.08278225843e-07 2.56705199421e-09 7.27516657507e-08 -1.36777266522e-07 -5.85519301024e-08 3.77871466264e-07 -4.36346188127e-07 3.74278637478e-08 1.37992605364e-07 -1.0484261945e-07 2.93930112089e-08 1.50073761776e-07 -5.36270033163e-08 2.7156585566e-08 8.17335571072e-08 -1.95951233317e-08 -6.85212621498e-09 2.01665425721e-08 -6.31556962166e-08 -1.79292300972e-08 2.03567150833e-07 -4.90418712823e-08 -1.26616972026e-08 1.45355128645e-07 -1.43746455444e-07 1.20203941681e-08 4.8482070846e-08 -4.55129993361e-08 -7.19664885814e-09 3.84098915483e-09 -4.02850905284e-07 1.24585791e-07 1.42742117791e-07 -3.06511116583e-08 4.24145637113e-09 1.48329574366e-08 -1.10971076642e-07 -6.05836169214e-09 2.33631167483e-07 -4.50352240876e-08 -1.47387529568e-08 9.840468292e-08 -1.45528918658e-08 -4.39274090486e-09 3.07434738889e-08 -1.18064028308e-07 -1.40324439482e-08 2.52233389915e-07 -1.72082910921e-08 -3.07966346461e-09 2.46116356037e-08 -4.06303669345e-07 3.16846982294e-08 7.05776069282e-08 -1.72548981702e-08 -2.35568657499e-09 2.41277649947e-08 -1.2530230949e-07 -4.61983363e-08 3.18066624628e-07 -4.85886871251e-08 2.23077716078e-08 1.16975465201e-07 -2.67999818815e-07 4.38315685741e-08 1.32518081503e-07 -1.88851258682e-08 -6.58418832093e-09 5.10671703373e-08 -3.60454353248e-08 -2.93646536508e-08 1.80748398965e-07 -1.36112952473e-07 2.64133926258e-08 2.97821635857e-08 -2.93318899344e-08 -1.75746105016e-08 1.30318921597e-07 -5.04087307694e-08 -1.96533275846e-08 6.99194236742e-08 -5.43093919249e-08 2.10630349616e-08 3.09331243676e-08 -9.63253860124e-08 -2.42872296316e-08 1.96828502239e-07 -8.02687609172e-08 1.19869887026e-08 2.68280961544e-08 -1.49295389032e-07 -6.35402808175e-08 4.07582301798e-07 -2.98410462515e-08 -1.15195364895e-08 6.85244656945e-08 -9.28447676261e-09 5.39739311268e-09 4.10657398329e-08 -1.9936812183e-07 2.63893859639e-08 8.60056954881e-08 -2.36624320389e-08 1.38193536409e-09 3.44936150373e-08 -8.54833097476e-08 -2.08071814685e-08 1.25838126733e-07 -1.50717267973e-07 1.66640627227e-08 7.51528947989e-08 -7.6726744877e-08 -3.59567092741e-08 2.6237589726e-07 -3.65792569451e-07 3.6806940264e-08 1.15750205213e-07 -6.01212772214e-08 -2.54810739817e-08 1.91641870594e-07 -1.88225624587e-07 3.16594260752e-08 6.98724511465e-08 -7.9628231415e-08 -2.57686017881e-08 1.4512937379e-07 -6.73532782864e-08 -4.98470940814e-08 2.26187100705e-07 -1.32594578664e-07 -3.21837967829e-08 3.28564145068e-07 -7.32403967444e-08 4.64635692275e-08 1.02358978522e-07 -5.63612873936e-08 -1.04554491757e-08 8.6032994384e-08 -5.1730894741e-08 -1.30166270776e-08 2.7305759971e-09 -4.209971396e-07 3.85870263713e-08 1.44703006375e-07 -1.76361575099e-07 2.20942088676e-08 6.83648343678e-08 -2.99545999721e-07 3.15243382906e-08 1.07336283499e-07 -1.23575012632e-07 0 1.12859990001e-07 -1.88940927096e-08 1.20205281423e-10 1.89728476577e-08 -1.8912015604e-08 -2.01178960687e-10 1.90994759911e-08 -1.23575012632e-07 0 1.12859990001e-07 -8.2484842525e-08 -6.13300456325e-08 3.20866456405e-07 -1.56687001133e-07 3.48444631396e-08 5.83565279626e-08 -1.13100729361e-07 -6.40251829113e-08 3.8190859823e-07 -5.70895211938e-08 -9.51835980953e-09 7.07574773533e-08 -5.31591507873e-08 2.14005343842e-09 3.71984415067e-08 -9.38969688374e-09 -2.12910975665e-10 2.70277281688e-08 -4.54922067586e-08 -2.66425949948e-08 5.42352448715e-08 -1.48667493752e-07 1.822797452e-08 7.97154245661e-08 -4.44752640621e-08 -1.84661975228e-08 1.24483893772e-07 -1.40715762975e-07 1.85928547045e-08 5.61046717475e-08 -5.60793920486e-08 -4.21977930287e-09 5.84876682441e-08 -4.30501163617e-08 -1.6170593157e-09 4.32108591105e-08 -4.43542908143e-07 6.33502505097e-08 9.01028490771e-08 -8.05206063888e-09 -2.60818101469e-10 2.63454615176e-08 -6.55416367162e-08 -2.46745918257e-08 1.79007256715e-07 -3.94365116327e-08 -1.88199183968e-08 6.74133403799e-08 -1.15327667514e-07 2.18705764935e-08 2.68608530175e-08 -2.98307399236e-08 -1.40427324438e-08 1.19579735084e-07 -5.25381910358e-08 5.32156065381e-09 2.88042021918e-08 -6.67594982645e-08 -6.85077625194e-09 9.43644440701e-08 -7.78275691408e-08 1.20965371207e-08 5.33959290828e-08 -7.66715414849e-08 3.59788952197e-11 7.41691693039e-08 -1.57974778198e-07 4.32965169711e-09 1.4648266166e-07 -1.63812410736e-07 7.02961238019e-09 1.31287091175e-07 -1.91622049284e-07 2.90873104527e-08 6.88180148541e-08 -6.75597353757e-08 5.44799873136e-10 5.8239185868e-08 -3.90176066395e-08 -2.625913338e-08 8.71235951389e-08 -7.64893969189e-08 1.39908789941e-08 3.80492708883e-08 -7.32846241428e-08 -8.01367791615e-09 9.97244176152e-08 -5.45114806212e-08 5.58231316082e-08 8.52355859742e-08 -1.10166838262e-08 1.0092597001e-08 5.94997189531e-08 -3.42672503995e-08 -7.90777597644e-09 1.10797001331e-08 -2.21036438203e-07 1.88362472423e-08 9.16054140447e-08 -3.36026858805e-07 3.04715447188e-08 7.10171655917e-08 -7.81884982385e-08 1.93389494823e-08 4.42395760343e-08 -3.88111896963e-08 1.12754574712e-08 1.52480444462e-08 -7.05924260088e-08 -1.44783465499e-08 9.81161188735e-08 -4.28333741428e-08 -1.18349976795e-08 5.32515603445e-08 -1.5110047259e-07 1.81797419849e-08 1.41691979213e-07 -6.61809885601e-08 -2.78751606133e-08 1.48827841209e-07 -4.28361794989e-07 4.88655499626e-08 1.56222020633e-07 -1.56253872375e-07 1.20358115267e-08 8.75515656624e-08 -3.55425409849e-08 -9.50776280097e-09 8.05548781137e-08 -1.09229227757e-07 -2.96811027315e-08 2.19945190718e-07 -3.79339155657e-08 1.85789898789e-09 1.95252229385e-08 -8.27968848594e-08 1.23425549696e-08 3.75952187394e-08 -1.38248042703e-07 -8.98894786196e-09 1.59063323134e-07 -1.42093003446e-07 -5.34663034092e-08 4.48446174732e-07 -1.00246183344e-07 -2.5164019133e-08 3.70874243568e-07 -1.03367479186e-07 2.37881158071e-08 8.08696441442e-08 -1.28660578858e-07 2.90268018272e-08 8.05144958973e-08 -2.90461824879e-07 3.07427308098e-08 1.04976235807e-07 -1.54303240465e-07 4.74485902818e-08 6.32608566996e-08 -4.05796467838e-07 5.54411409954e-08 1.45039572465e-07 -1.31647016194e-08 -6.86911946867e-09 3.82661022331e-08 -3.0879753783e-07 3.69406390444e-08 9.60461826072e-08 -7.54854124407e-08 -1.92917093213e-08 1.35374198539e-07 -1.02947611481e-07 -5.79925513588e-08 3.4680746655e-07 -2.27769076925e-07 2.99800755773e-08 5.9655450007e-08 -2.35173721453e-08 -1.03578407456e-08 8.41284792613e-08 -1.25364691795e-07 -3.80244504781e-08 4.09885676522e-07 -1.73895555931e-08 -5.35338761469e-09 4.08794914102e-08 -2.4644975411e-08 -1.92180736432e-10 2.59749726243e-08 -4.5160796936e-08 7.31654451852e-09 3.09764141792e-08 -4.04566974538e-08 -5.66686254066e-09 7.89691152709e-08 -8.73144735998e-08 -3.47191970079e-08 2.75225215215e-07 -1.65550329356e-07 1.78983312298e-08 7.50289534145e-08 -5.24766842043e-08 2.90549728401e-08 9.63277383385e-08 -1.65500431886e-07 4.73118797093e-08 9.53463841884e-08 -2.34957915981e-07 3.79237526253e-08 1.07295748459e-07 -1.62255053196e-07 2.41861333321e-08 1.48878999847e-07 -6.5607824613e-08 -5.1750785593e-08 1.58411660696e-07 -1.84386265849e-08 4.19768479755e-09 1.21009915808e-08 -9.11457713505e-08 1.30314538655e-08 8.85246597694e-08 -9.79619866492e-08 -2.27427726608e-08 2.99706284893e-07 -4.11393950828e-08 -3.08310626775e-08 1.74979383374e-07 -9.91930833801e-08 1.32442915978e-08 2.98395997184e-08 -3.06368218784e-08 1.80748454775e-10 2.77290891837e-08 -3.00622637117e-08 1.95206541126e-09 2.85182072221e-08 -6.43657247344e-08 -8.41053021391e-09 8.25062992467e-08 -1.08121126453e-07 -7.8051977831e-08 4.54229360956e-07 -1.06343256933e-07 -2.62050905193e-08 2.29626230234e-07 -2.00460295857e-07 3.06257977958e-08 4.01248869927e-08 -4.02455122568e-08 7.68609738176e-09 1.42914877834e-08 -1.39906858088e-08 -6.85391352039e-09 4.20994363619e-08 -2.13937640952e-07 -1.10158864177e-09 1.27754313918e-07 -1.84753573035e-07 -7.53349047692e-09 1.17044977762e-07 -7.45533223479e-08 2.56113964639e-08 4.33888305198e-08 -2.15485053935e-08 -4.15435344188e-10 1.48913301545e-08 -2.16693378338e-08 -9.19573395012e-11 1.6419199804e-08 -1.40427420545e-07 2.11728818994e-08 3.73637229183e-08 -2.73516025951e-08 -1.48954867607e-08 1.28619613283e-07 -3.55931554148e-08 -1.91520918748e-08 5.76978637268e-08 -1.09262952635e-07 1.24245659488e-08 3.04294423036e-08 -3.13555851496e-08 -1.36539009725e-08 1.01691941723e-07 -1.92794330102e-08 -1.40458743173e-08 6.44596638322e-08 -7.47529936368e-08 1.51222970347e-08 3.40478248945e-08 -4.32978798063e-08 1.53209142686e-08 2.15232914921e-08 -1.22814656452e-07 -5.16554854623e-08 3.3738812826e-07 -6.62538550908e-08 -5.94190957739e-08 2.77376592758e-07 -9.16964056733e-08 -4.06800001543e-08 3.9398217762e-07 -3.55362084939e-07 4.99327758118e-08 1.04802030197e-07 -4.19032434058e-07 6.9806489985e-08 9.74450386762e-08 -1.3745961696e-08 -6.84639993181e-09 2.70805066743e-08 -2.1560273004e-07 3.10849605933e-08 8.25521535333e-08 -9.99769507309e-08 1.66902179454e-09 1.10437052493e-07 -1.93275677388e-07 3.30889146598e-08 4.44458804053e-08 -6.79814252708e-08 1.86932417589e-08 3.42286230408e-08 -3.93023572188e-07 5.70486725589e-08 1.45400757623e-07 -1.52235605124e-07 6.39690997977e-09 1.02773409578e-07 -4.30369951561e-07 5.7530718169e-08 1.11936949358e-07 -8.60944961715e-08 -7.12991938271e-08 3.2993400603e-07 -1.44168282049e-07 -1.00712561985e-07 4.51213159788e-07 -1.15617678987e-07 -4.07677863126e-09 6.3270858192e-08 -1.5164424422e-07 2.37931055904e-09 6.75508475698e-08 -1.62115642183e-07 1.05398305912e-08 7.18401347477e-08 -1.10158312513e-07 -8.06469789622e-09 1.37859997608e-07 -9.69786882014e-08 -3.40423639799e-09 4.74700234198e-08 -1.61629454049e-07 -5.74718551957e-08 1.37065229653e-07 -1.3764850788e-07 2.2431382758e-08 6.82965278637e-08 -5.51882992836e-08 -2.25361560093e-08 1.04922333994e-07 -2.64293959742e-07 5.03622798246e-08 7.53434797544e-08 -3.31208078513e-07 5.41454193265e-08 1.16429107165e-07 -8.68530447009e-08 -1.22314016376e-08 9.93841392459e-08 -3.02740295319e-07 4.43202105549e-08 9.1528695659e-08 -4.18675699383e-07 8.03053714396e-08 1.1605955226e-07 -4.44361427285e-08 -2.73904296652e-08 7.43629886281e-08 -4.02978026644e-08 -2.11703384663e-08 1.85343608347e-07 -4.42449461173e-08 8.42161614278e-09 2.29227933834e-08 -5.83978791144e-08 -3.73203773635e-08 2.17460271938e-07 -4.0373947559e-07 6.65226929423e-08 1.12417392636e-07 -4.95387504581e-08 -2.26093179631e-08 1.83869182352e-07 -1.25139993077e-07 -8.55456525801e-08 3.18036482375e-07 -2.98852646311e-08 -1.50215147069e-08 7.64420935439e-08 -1.72844421821e-07 4.58785609028e-08 9.62351055597e-08 -4.4900868024e-08 -2.75129926447e-08 1.59263902139e-07 -1.18012848966e-07 -6.48926770369e-08 4.95191831866e-07 -7.13330377305e-08 -4.38503293055e-08 2.94229608832e-07 -9.59618727898e-08 -5.44994954617e-08 2.32202385022e-07 -8.41115997741e-08 1.1469215779e-08 1.11523893841e-07 -7.0909572194e-08 2.63268141673e-08 1.02100690758e-07 -5.58768213089e-08 3.44308939943e-08 5.16096944563e-08 -7.97416777595e-08 -5.22313030083e-08 3.26467012312e-07 -8.99407372581e-08 1.89441183879e-08 2.34946622607e-08 -9.02409319912e-08 -6.13701627841e-08 2.00754040384e-07 -5.12285009921e-08 1.23483299986e-08 6.70713439038e-08 -1.81776030757e-07 3.27882489097e-08 4.28642395911e-08 -1.14696606906e-07 1.0089589192e-08 1.02448825309e-07 -1.11760964409e-07 -7.74155005623e-10 1.39853000286e-07 -6.28404088906e-08 -4.62046034293e-08 1.26693288498e-07 -1.78762820038e-08 -5.58048789519e-09 3.32508887852e-08 -7.26496628797e-08 -4.27215489562e-08 2.07475470472e-07 -3.32097640289e-07 1.0094485785e-07 1.34477002348e-07 -3.55761994311e-08 3.89174873724e-09 1.60988840028e-08 -4.59840042585e-08 -2.62264290902e-08 1.44917554012e-07 -6.1065697106e-08 -3.71068747914e-08 2.0118376e-07 -2.1251723896e-07 4.24201897613e-08 6.37905957771e-08 -2.04746293726e-07 3.98859935972e-08 7.072623357e-08 -4.41720543309e-08 -3.32640914918e-08 1.45343191895e-07 -1.47332568139e-07 3.52344159637e-08 4.64110096834e-08 -1.55357769714e-07 3.22687559143e-08 4.92674513103e-08 -5.95454186858e-08 -2.84088751119e-09 4.6195491036e-08 -2.36875515942e-08 1.26187559201e-08 2.73283419419e-08 -5.59284316619e-08 -8.55325698432e-10 3.77389464139e-08 -2.72670403268e-08 1.39517689043e-08 3.0637081827e-08 -1.37094592905e-07 -8.0079100271e-08 4.00728646961e-07 -3.45722203158e-07 7.07984906739e-08 8.80860364685e-08 -2.87513649863e-07 5.30400341223e-08 9.60391868296e-08 -3.68091621121e-07 4.75996788069e-08 8.01348012127e-08 -7.17784731985e-08 1.92340709787e-08 9.90453492887e-08 -5.72631300223e-08 3.9115637466e-09 8.60358961569e-08 -3.87903029054e-07 8.15307338074e-08 8.43324090333e-08 -2.84371841021e-08 1.95365295185e-08 4.15017982936e-08 -3.9454302162e-08 2.2767124092e-08 4.86933142443e-08 -2.33531567211e-08 6.62803455881e-09 1.91258545068e-08 -2.02016051011e-08 7.16156767794e-09 3.00273343062e-08 -3.14439535505e-07 3.60230871914e-08 5.94124006853e-08 -5.39462872382e-08 -2.25038070976e-08 1.20056351006e-07 -3.81568137776e-07 3.85526109578e-08 7.53389044144e-08 -4.13016893403e-08 1.16051291149e-08 1.43542651455e-08 -1.53275242257e-08 -9.66242643797e-09 4.13329340448e-08 -4.68465410547e-08 -7.9813945427e-09 5.29224372279e-08 -5.75240360347e-08 1.48822605329e-08 5.85243326839e-08 -2.85516721965e-07 5.10345768367e-08 8.88780567331e-08 -2.68212210736e-07 6.16500309375e-08 9.2485437676e-08 -2.84221762573e-08 -1.42447842285e-09 2.66038093084e-08 -2.75391765795e-08 -9.55250280838e-10 2.59844293342e-08 -1.13744909087e-07 -2.90706561073e-08 3.52330398247e-07 -1.37942425754e-07 1.23548533818e-09 7.28457708919e-08 -1.15103161879e-07 -4.88957466762e-10 7.20832064057e-08 -8.97219707983e-08 5.20560551362e-10 6.41602385151e-08 -8.04119307541e-08 2.87668167942e-09 6.25285510655e-08 -3.28182959937e-08 -2.02996085439e-08 9.95153969828e-08 -9.74785381942e-08 2.27418704644e-08 2.84451002641e-08 -1.51910938521e-07 4.4538670132e-08 1.08726723031e-07 -7.29203315905e-08 -9.1043014326e-09 6.76958952531e-08 -7.52231399215e-08 -2.03350587401e-08 8.08346963234e-08 -4.15040989118e-07 1.39638800012e-07 1.45672240457e-07 -3.25162710332e-07 5.34514341257e-08 8.64567984837e-08 -4.35710272312e-08 -1.11672531245e-10 3.19054182287e-08 -4.95573093791e-08 8.34366191858e-10 3.616355253e-08 -3.19848629965e-07 5.27247410193e-08 8.35696017816e-08 -1.60778270805e-08 -7.50056293328e-09 2.47770991113e-08 -4.17130363142e-08 5.904422407e-09 1.38895797905e-08 -1.50132448739e-07 -6.62484050077e-08 1.24277829805e-07 -3.61205878636e-08 -1.17086811203e-08 8.05515748399e-08 -8.50606314633e-08 1.038685464e-08 3.66439823121e-08 -3.47445475398e-07 2.76496721383e-08 1.04050749478e-07 -9.25485796694e-08 5.94315482479e-09 1.41361509075e-07 -9.61086985198e-08 4.10155418303e-08 7.69874980702e-08 -8.10386970437e-08 1.47843970193e-08 2.91523850702e-08 -1.02029756609e-07 -6.22770371544e-08 3.1426541862e-07 -9.42656376046e-08 -5.85795772654e-08 2.75947527806e-07 -2.50506685211e-08 3.18696547007e-09 2.31828191147e-08 -1.27001961344e-07 -6.14666378511e-08 4.22518107352e-07 -6.83910094542e-08 -5.79468630847e-08 2.90201343135e-07 -1.66355173395e-08 -8.83359592801e-09 5.18193339621e-08 -2.17010157885e-07 0 2.25139526355e-08 -2.13489463997e-07 0 2.23180520604e-08 -2.06349887778e-08 1.24488262942e-09 1.85171004051e-08 -1.99740836699e-08 1.28119769515e-09 1.80549639162e-08 -9.67737647149e-08 -2.9853329159e-08 1.7802859133e-07 -3.1683910815e-08 0 6.03785993294e-08 -3.2024820609e-08 0 4.85735002858e-08 -2.12857915187e-08 -5.06680699306e-11 1.93906810163e-08 -2.04775538804e-08 1.90395003806e-10 1.84583710424e-08 -1.26432495881e-07 -8.01846569325e-08 4.49747854281e-07 -1.08293048842e-07 3.22662682662e-08 7.03826006099e-08 -2.39443661336e-07 5.9548054654e-08 9.97486321876e-08 -9.57428304695e-08 -4.6323415817e-08 2.78613223009e-07 -1.56621361668e-07 5.04326382852e-08 7.28593052267e-08 -8.69951995052e-09 -5.51108590896e-09 1.90928206521e-08 -5.00264157109e-07 2.05892334166e-08 6.4308619135e-08 -8.12132245988e-08 -5.84759398506e-08 1.59552029377e-07 -1.46957866555e-07 3.4192959516e-08 1.33151392087e-07 -1.21094257248e-07 7.43413454773e-09 1.72515933107e-07 -1.13134278977e-07 8.39691145345e-09 1.66503943692e-07 -2.38272933897e-08 -6.03307359668e-10 2.17794871862e-08 -2.3509809675e-08 -9.90060754911e-10 2.17651888214e-08 -7.20006947543e-08 -2.21410353542e-08 5.00682387333e-07 -4.80908720924e-07 5.28772876215e-08 1.17561941915e-07 -1.50814015558e-08 -4.74802655292e-09 2.18136325948e-08 -2.29191186127e-08 4.31882460435e-09 1.61999803251e-08 -4.60996524741e-07 0 4.04920380004e-08 -5.01950570426e-07 2.91704160514e-08 5.95134170304e-08 -3.84633791128e-08 0 4.57055419733e-07 -3.063756163e-08 2.64768766605e-09 1.5026379493e-08 -1.22598812251e-07 3.8017578428e-08 8.0438731128e-08 -2.15136383775e-08 1.71403870504e-09 1.49456050994e-08 -8.23286025602e-08 -2.33340719024e-08 5.02898642811e-07 -2.48995978423e-08 7.26293727152e-09 1.54053383422e-08 -4.60996524741e-07 0 4.04920380004e-08 -3.84633791128e-08 0 4.57055419733e-07 -1.48466145902e-08 -1.26231844109e-09 2.22333089395e-08 -2.0807652718e-08 1.15178109233e-09 1.54260199305e-08 -3.70867440599e-07 6.09604788663e-08 1.05394757438e-07 -2.26390518761e-07 1.76335206073e-08 5.24292044984e-08 -2.16082994923e-07 9.19566501365e-09 5.72981383424e-08 -2.20148523852e-08 -1.06804595234e-09 2.30171776464e-08 -2.14362352178e-08 -1.20087198008e-09 2.27877641416e-08 -7.17331553832e-08 -4.13856750295e-08 2.28162468717e-07 -1.54223263607e-07 2.00846862546e-08 8.07142754834e-08 -7.04852938181e-08 -2.10202245842e-08 1.34363114083e-07 -9.63143608587e-08 7.44420093055e-09 5.60636205824e-08 -9.96361746618e-08 -4.94257099492e-08 2.37442616769e-07 -9.82033257466e-08 -1.39693685357e-08 1.67882007333e-07 -1.4965854207e-07 -2.96246950401e-08 2.82028272799e-07 -1.06647870231e-07 -5.22049497298e-08 2.45117057882e-07 -2.76359600581e-08 3.52895511389e-10 1.03256117798e-08 -8.504343051e-09 -4.15366645585e-09 1.66231604357e-08 -1.61834534682e-08 -3.67120136851e-09 2.83997416752e-08 -2.35446993758e-07 2.32785356252e-08 1.30475100926e-07 -2.76681778714e-07 5.97473188996e-08 1.14203707718e-07 -2.26449815525e-07 3.50337341413e-08 1.13112352237e-07 -5.62303093524e-08 -1.93304535744e-08 1.06433385607e-07 -4.62123111382e-08 -2.08277023104e-08 9.52568372929e-08 -2.46178434106e-07 3.6598999074e-08 1.17234234345e-07 -4.30392371396e-07 7.5727076774e-08 1.26801176187e-07 -1.04396071318e-07 -7.51996818416e-08 4.16952978853e-07 -1.3393241666e-07 -4.80498082387e-08 3.3227042307e-07 -4.60996524741e-07 0 4.04920380004e-08 -1.38680368943e-08 -4.31407169503e-09 3.46092912869e-08 -2.25576216271e-08 1.87120348884e-09 1.9998120707e-08 -3.84633791128e-08 0 4.57055419733e-07 -2.04440049968e-08 2.20279957255e-09 1.43526138158e-08 -1.50686483911e-08 -2.60973792388e-09 2.15181688607e-08 -3.1683910815e-08 0 6.03785993294e-08 -3.2024820609e-08 -2.75506488474e-39 4.85735002858e-08 -2.19981615168e-08 5.60086069082e-10 2.23381674315e-08 -2.15509441637e-08 6.89785114865e-10 2.21118990692e-08 -3.51082392889e-07 1.92007572844e-08 1.99148932394e-07 -1.32153213264e-08 -2.00670922645e-09 2.13152916584e-08 -1.3337461326e-07 -2.07796559907e-08 4.1893704061e-07 -1.76050956231e-07 -4.9088701006e-08 3.6844704067e-07 -2.17260153967e-07 4.41550704049e-08 1.04943453255e-07 -8.63490991116e-08 9.44497313847e-09 4.02847281122e-08 -4.76349717211e-08 1.09968044043e-08 2.30282543887e-08 -1.18939146453e-07 -5.34644444969e-08 3.17200121496e-07 -7.87727566394e-08 -7.0325795144e-09 1.41826893811e-07 -1.81992372066e-07 -3.06613891484e-08 2.84902867693e-07 -9.7278766886e-08 -2.93256420621e-08 1.83332152254e-07 -1.57402331234e-07 2.98963662385e-08 7.69403958742e-08 -6.2130122224e-08 -7.80869657399e-09 9.86830158637e-08 -5.95591261448e-08 -2.02059606799e-08 1.22814343091e-07 -1.16501165319e-07 5.85753797285e-09 7.66615870089e-08 -8.78561006202e-08 7.95244176191e-09 4.5394314856e-08 -1.81456468566e-07 -6.29393067348e-08 4.97016668937e-07 -1.60217440824e-08 -6.63174908865e-09 2.19304459374e-08 -1.23666281388e-08 -3.07847869589e-09 2.15222142182e-08 -2.23232345157e-08 2.67455832635e-09 1.5563391565e-08 -4.0192407539e-07 2.03674769284e-08 1.32461395113e-07 -8.60920444329e-08 -1.88815879721e-08 4.16816289608e-07 -3.44366794803e-07 3.80824467173e-08 1.84289527386e-07 -5.37576455004e-08 6.39230380544e-09 2.97790706691e-08 -1.12642365988e-07 -4.57629044081e-08 2.41052059173e-07 -2.00375462436e-07 3.77130696437e-08 8.68442007722e-08 -2.94706350268e-07 4.35854767855e-08 1.49544677709e-07 -4.53247362539e-07 6.4566479285e-08 2.30452473418e-07 -2.4550552345e-08 0 2.86898552824e-07 -2.22992320657e-08 0 2.70085497111e-07 -1.33629025345e-08 -7.00802946725e-10 1.84496540765e-08 -1.28058592289e-08 -1.71296268567e-09 1.80552533317e-08 -1.73491361748e-07 -4.02158257127e-08 3.17615302111e-07 -1.80164374134e-07 -8.4510898058e-08 4.20421642733e-07 -3.21243762935e-07 4.09340034491e-08 1.73281086338e-07 -3.15558389422e-08 0 5.51054981231e-07 -1.3244612388e-08 -3.45757434023e-09 2.19213304105e-08 -2.33860577516e-08 3.9401720483e-09 1.18174347581e-08 -5.48025120406e-07 0 3.22185131506e-08 -3.85204798305e-07 2.01239110829e-08 1.33493107486e-07 -3.4009936203e-07 5.16340321821e-08 1.43976563345e-07 -3.17969469483e-08 -1.83910084597e-08 8.48441324673e-08 -1.98647817216e-07 2.62293762402e-08 7.77471494914e-08 -2.42837478974e-08 3.89020932496e-09 1.36496137776e-08 -1.99848262314e-07 1.02320454035e-08 8.94677511408e-08 -2.39684915404e-07 3.48014803361e-08 1.05697844495e-07 -5.35591800975e-07 0 3.68505416763e-08 -2.55779392617e-08 6.21570160811e-09 1.26359208566e-08 -2.13489463997e-07 0 2.23180520604e-08 -2.17010157885e-07 0 2.25139526355e-08 -1.31524832829e-08 -4.17421183863e-09 2.27247374668e-08 -1.61770608706e-08 3.19108281433e-09 1.28139983188e-08 -1.636531619e-08 2.18550123187e-09 1.30085233066e-08 -5.06529727051e-07 5.56689604976e-08 1.82339255329e-07 -3.52800569337e-08 0 5.42018034588e-07 -1.48621681775e-08 -5.79834634247e-09 1.95310915734e-08 -2.65844507622e-08 8.86410438177e-09 1.86799729979e-08 -1.79846567206e-07 -3.47042931218e-08 4.69630746085e-07 -6.8864594532e-08 1.4811441076e-08 3.40804907845e-08 -1.57176804463e-08 -9.80414136522e-09 3.99450485781e-08 -3.94921482905e-08 2.49280942206e-09 2.05513041671e-08 -3.5281367241e-07 6.00647083896e-08 1.38714580084e-07 -2.25052379587e-08 -9.53088187005e-09 6.08328261315e-08 -2.42429016053e-07 -5.72161186985e-08 4.29625391466e-07 -3.26761486747e-07 6.22585953529e-08 1.47123082406e-07 -9.89693479977e-08 -3.45722381797e-08 2.47193754207e-07 -9.66192011575e-08 -7.86448316591e-09 1.79200022296e-07 -3.72159513136e-07 5.00970705818e-08 1.95727259972e-07 -2.05617044681e-07 -7.74474836142e-08 3.92164110591e-07 -4.23802548248e-07 5.65966930683e-08 2.21767651982e-07 -1.74710421803e-07 -5.08792731936e-08 3.53450738437e-07 -5.05108869791e-07 5.11609053146e-08 1.95725173555e-07 -1.01636230246e-07 -3.9200889099e-08 2.07121460969e-07 -2.36651591312e-08 5.33759086312e-09 1.47966564371e-08 -3.22218550275e-08 -6.83645433801e-09 6.60366990972e-08 -1.37590264732e-07 -4.25092071823e-08 2.74806396858e-07 -2.4838179717e-07 -5.82158483193e-08 4.21431294427e-07 -8.70315309186e-08 1.71672817882e-08 3.29186726745e-08 -1.61722056316e-08 -4.55229837462e-09 3.80832387076e-08 -1.37610504887e-07 -5.35965240912e-08 3.12692100017e-07 -5.66803257147e-08 -1.71130351861e-08 1.1518721329e-07 -7.42426110152e-08 -2.20848881668e-08 1.54937841176e-07 -1.19922556326e-07 1.70217446938e-08 5.27165491683e-08 -3.15265721775e-07 3.67376625039e-08 1.97217082206e-07 -2.07652011691e-07 3.44418171632e-08 7.96655244325e-08 -8.38639353491e-08 -2.53898847926e-08 1.93724914501e-07 -1.41516124524e-07 1.74443098598e-08 7.74125577084e-08 -7.26266173572e-08 -3.57556107871e-09 9.51437751936e-08 -7.96022680671e-08 2.42450494774e-08 9.01020732161e-08 -2.82458802619e-07 2.10815241532e-08 1.06704896131e-07 -9.39160555662e-08 1.93068187155e-08 2.44020775065e-08 -4.26652457399e-08 6.88761273427e-09 2.96585660776e-08 -1.59980245025e-07 3.04422781905e-08 5.02266929523e-08 -8.08027136835e-08 1.69107286685e-08 5.16927235516e-08 -2.75020147216e-08 -1.23115070486e-08 7.5513614439e-08 -2.86267498201e-08 -4.93079536739e-09 4.18799482258e-08 -9.87615021496e-08 -3.57772322891e-08 2.90417254043e-07 -6.80684310149e-08 -3.79073508834e-08 1.41488396736e-07 -2.24334397974e-07 2.82436262206e-08 6.39249874153e-08 -1.39718081584e-07 4.16157439718e-09 3.02486025882e-08 -2.30549384952e-08 7.46305103515e-09 1.86436202751e-08 -1.88467609516e-08 1.69846293086e-09 1.97323833724e-08 -1.43739606975e-08 -2.06997070179e-09 2.21755783576e-08 -1.39942988443e-08 -7.00496697363e-09 2.30209575728e-08 -8.63774142912e-08 -2.52618424214e-08 2.23437658098e-07 -2.73264486067e-08 -5.13436700904e-09 1.29617482878e-07</DataArray>
        <DataArray type="Float64" Name="ShellTopVonMises" format="ascii">0 0 0 0 0 0 0 0 0 0 0 0 0 0 0 0 0 0 0 0 0 0 0 0 0 0 0 0 0 0 0 0 0 0 0 0 0 0 0 0 0 0 0 0 0 0 0 0 0 0 0 0 0 0 0 0 0 0 0 0 0 0 0 0 0 0 0 0 0 0 0 0 0 0 0 0 0 0 0 0 0 0 0 0 0 0 0 0 0 0 0 0 0 0 0 0 0 0 0 0 0 0 0 0 0 0 0 0 0 0 0 0 0 0 0 0 0 0 0 0 0 0 0 0 0 0 0 0 0 0 0 0 0 0 0 0 0 0 0 0 0 0 0 0 0 0 0 0 0 0 0 0 0 0 0 0 0 0 0 0 0 0 0 0 0 0 0 0 0 0 0 0 0 0 0 0 0 0 0 0 0 0 0 0 0 0 0 0 0 0 0 0 0 0 0 0 0 0 0 0 0 0 0 0 0 0 0 0 0 0 0 0 0 0 0 0 0 0 0 0 0 0 0 0 0 0 0 0 0 0 0 0 0 0 0 0 0 0 0 0 0 0 0 0 0 0 0 0 0 0 0 0 0 0 0 0 0 0 0 0 0 0 0 0 0 0 0 0 0 0 0 0 0 0 0 0 0 0 0 0 0 0 0 0 0 0 0 0 0 0 0 0 0 0 0 0 0 0 0 0 0 0 0 0 0 0 0 0 0 0 0 0 0 0 0 0 0 0 0 0 0 0 0 0 0 0 0 0 0 0 0 0 0 0 0 0 0 0 0 0 0 0 0 0 0 0 0 0 0 0 0 0 0 0 0 0 0 0 0 0 0 0 0 0 0 0 0 0 0 0 0 0 0 0 0 0 0 0 0 0 0 0 0 0 0 0 0 0 0 0 0 0 0 0 0 0 0 0 0 0 0 0 0 0 0 0 0 0 0 0 0 0 0 0 0 0 0 0 0 0 0 0 0 0 0 0 0 0 0 0 0 0 0 0 0 0 0 0 0 0 0 0 0 0 0 0 0 0 0 0 0 0 0 0 0 0 0 0 0 0 0 0 0 0 0 0 0 0 0 0 0 0 0 0 0 0 0 0 0 0 0 0 0 0 0 0 0 0 0 0 0 0 0 0 0 0 0 0 0 0 0 0 0 0 0 0 0 0 0 0 0 0 0 0 0 0 0 0 0 0 0 0 0 0 0 0 0 0 0 0 0 0 0 0 0 0 0 0 0 0 0 0 0 0 0 0 0 0 0 0 0 0 0 0 0 0 0 0 0 0 0 0 0 0 0 0 0 0 0 0 0 0 0 0 0 0 0 0 0 0 0 0 0 0 0 0 0 0 0 0 0 0 0 0 0 0 0 0 0 0 0 0 0 0 0 0 0 0 0 0 0 0 0 0 0 0 0 0 0 0 0 0 0 0 0 0 0 0 0 0 0 0 0 0 0 0 0 0 0 0 0 0 0 0 0 0 0 0 0 0 0 0 0 0 0 0 0 0 0 0 0 0 0 0 0 0 0 0 0 0 0 0 0 0 0 0 0 0 0</DataArray>
        <DataArray type="Float64" Name="ShellBottomVonMises" format="ascii">0 0 0 0 0 0 0 0 0 0 0 0 0 0 0 0 0 0 0 0 0 0 0 0 0 0 0 0 0 0 0 0 0 0 0 0 0 0 0 0 0 0 0 0 0 0 0 0 0 0 0 0 0 0 0 0 0 0 0 0 0 0 0 0 0 0 0 0 0 0 0 0 0 0 0 0 0 0 0 0 0 0 0 0 0 0 0 0 0 0 0 0 0 0 0 0 0 0 0 0 0 0 0 0 0 0 0 0 0 0 0 0 0 0 0 0 0 0 0 0 0 0 0 0 0 0 0 0 0 0 0 0 0 0 0 0 0 0 0 0 0 0 0 0 0 0 0 0 0 0 0 0 0 0 0 0 0 0 0 0 0 0 0 0 0 0 0 0 0 0 0 0 0 0 0 0 0 0 0 0 0 0 0 0 0 0 0 0 0 0 0 0 0 0 0 0 0 0 0 0 0 0 0 0 0 0 0 0 0 0 0 0 0 0 0 0 0 0 0 0 0 0 0 0 0 0 0 0 0 0 0 0 0 0 0 0 0 0 0 0 0 0 0 0 0 0 0 0 0 0 0 0 0 0 0 0 0 0 0 0 0 0 0 0 0 0 0 0 0 0 0 0 0 0 0 0 0 0 0 0 0 0 0 0 0 0 0 0 0 0 0 0 0 0 0 0 0 0 0 0 0 0 0 0 0 0 0 0 0 0 0 0 0 0 0 0 0 0 0 0 0 0 0 0 0 0 0 0 0 0 0 0 0 0 0 0 0 0 0 0 0 0 0 0 0 0 0 0 0 0 0 0 0 0 0 0 0 0 0 0 0 0 0 0 0 0 0 0 0 0 0 0 0 0 0 0 0 0 0 0 0 0 0 0 0 0 0 0 0 0 0 0 0 0 0 0 0 0 0 0 0 0 0 0 0 0 0 0 0 0 0 0 0 0 0 0 0 0 0 0 0 0 0 0 0 0 0 0 0 0 0 0 0 0 0 0 0 0 0 0 0 0 0 0 0 0 0 0 0 0 0 0 0 0 0 0 0 0 0 0 0 0 0 0 0 0 0 0 0 0 0 0 0 0 0 0 0 0 0 0 0 0 0 0 0 0 0 0 0 0 0 0 0 0 0 0 0 0 0 0 0 0 0 0 0 0 0 0 0 0 0 0 0 0 0 0 0 0 0 0 0 0 0 0 0 0 0 0 0 0 0 0 0 0 0 0 0 0 0 0 0 0 0 0 0 0 0 0 0 0 0 0 0 0 0 0 0 0 0 0 0 0 0 0 0 0 0 0 0 0 0 0 0 0 0 0 0 0 0 0 0 0 0 0 0 0 0 0 0 0 0 0 0 0 0 0 0 0 0 0 0 0 0 0 0 0 0 0 0 0 0 0 0 0 0 0 0 0 0 0 0 0 0 0 0 0 0 0 0 0 0 0 0 0 0 0 0 0 0 0 0 0 0 0 0 0 0 0 0 0 0 0 0 0 0 0 0 0 0 0 0 0 0 0 0 0 0 0 0 0 0 0 0 0 0 0 0 0 0</DataArray>
      </CellData>
    </Piece>
  </UnstructuredGrid>
</VTKFile>
