"path","bytes","sha256"
"docs-assets-generated\beam2_deformation.png","188678","752591fcd1287611b6526b67dd83c62d800411c5a777aac3bf2bb5ee9e5db29f"
"docs-assets-generated\contact_friction_block_comparison.png","79007","7a8a76294b3982af2fb52e098d0fde6bbb835237d3c71c481d1f5dc1e0a045ba"
"docs-assets-generated\contact_friction_code_aster_comparison.png","27577","bfa3dd28ab41ab2e76b6083ed8fdd7078af12aa04ae9ec26cd50de442856c819"
"docs-assets-generated\contact_friction_structural_convergence.png","58799","d373fb33a6a86ed254151e4faebc1020668effeec502f472d3b5b2f8c573f583"
"docs-assets-generated\contact_structural_convergence.png","55343","733fd4c03646162290280459b8fc3b4b2f55f01522b4d12394f0f6410c8ad669"
"docs-assets-generated\contact_structural_deformation.png","348039","6bd71c7b9c7d68cd1d6120749cc6e309b6aa5c3ec626978919458052143f2434"
"docs-assets-generated\harmonic_response.png","67642","ee57d9ecef9d1b996f14504ea3c344c791d9746fb05b3faf7fc501dc01db1fb9"
"docs-assets-generated\large_model_summary.png","72748","cef5b7de91ab979c1b08a874dec214237e16be808e95e17878b6a0d2a1b5fcfd"
"docs-assets-generated\linear_solver_residuals.png","51283","7216fc3a30f05c1d0353115b042c6a11f7fa7cae425582fb006152d6481bf675"
"docs-assets-generated\mitc4_calculix_nafems13h.png","48219","75caea1ef23cd5119d799b8b9c6545389915085d378d33a2b746e14b5c2994cc"
"docs-assets-generated\mitc4_deformation.png","219202","f839bec3f4c5b79d3929b0a690f5c8f9316095f07399184169a8e8ca9eefbe65"
"docs-assets-generated\mitc4_formulation.svg","25541","c1e0479d6126079d7cb7082c1fcf89a3683ec0194dafbf98563717396a523f8a"
"docs-assets-generated\mitc4_harmonic_broadband_agreement.png","53665","4de907e61880af6535066b26a822877fc318cfb75c00c0b0f3d2800961025208"
"docs-assets-generated\mitc4_harmonic_broadband_peak_shapes.png","535792","69b5bd649002df0ee53a4dd73021cfe091ef15f9f32aab025a8953235a620753"
"docs-assets-generated\mitc4_harmonic_broadband_response.png","96028","211d2123faa7e6d2829070461d01a44c767a0ba5dee595b10534eb64c2495491"
"docs-assets-generated\mitc4_harmonic_condensation_errors.png","90516","a2f2bc447903128435e5c4dc1f424c8c794f11316c468cbd6023f23e483d9046"
"docs-assets-generated\mitc4_harmonic_damping.png","49005","63ab11a5388e5c5f57d8ec7e328a622e70465d1d42c1ddf2d202306ef1c84537"
"docs-assets-generated\mitc4_harmonic_response.png","62609","0ea3e7bdeb4db446f89dcbbf103bb6868ee465ffbff2a18e1414529b86f3dd16"
"docs-assets-generated\mitc4_modal_plate_convergence.png","50162","7a6dc31dd590f95d93d768688c2912083433b3739b9c86fb7591cbe762b8185a"
"docs-assets-generated\mitc4_modal_plate_mode-11.png","307311","e274154a38cdfbcd041f90219e6a248436d305350cc80597031706312cb6a6ef"
"docs-assets-generated\mitc4_nafems13h_deformed.png","250911","ffa251165febf63b4ed222d4b5829d60fad1a047ef891eb789be333b07bf2dd3"
"docs-assets-generated\mitc4_nafems13h_model-setup.png","46833","f7bc02b2ca368e734942d3f924425e92633f4d4808174adb25a1ae222cf53f2e"
"docs-assets-generated\mitc4_nafems13h_response.png","48219","75caea1ef23cd5119d799b8b9c6545389915085d378d33a2b746e14b5c2994cc"
"docs-assets-generated\mitc4_nafems13h_stress-response.png","82289","60bf87ed0147fe5704bf1f066fc8181af29f41c4050ae5efa0c699aa7a89c904"
"docs-assets-generated\mitc4_newmark_broadband_convergence.png","120492","cd631d8b66e19b844ba9e8d2bf0ec58e24dfdc2db4ec2780a0927b7cafc0dba2"
"docs-assets-generated\mitc4_newmark_broadband_displacement.png","190681","cec06bf5e859f868285b3263ebc17fed9234b22bfb773acd48cf5475256810dc"
"docs-assets-generated\mitc4_newmark_broadband_excitations.png","146415","2b0fde304a03e77fa81e485d4486973e90a5bff68dc1a8c08d570477b1e52231"
"docs-assets-generated\mitc4_newmark_broadband_stress.png","191631","e9933c176dadfdef99416ff64a47d8d246e317d2111296975cb7663d3520985c"
"docs-assets-generated\mitc4_newmark_convergence.png","44616","b8f9d7a80a890255b87c25fb6654ff260b1bea56eed884322107ac89063ad922"
"docs-assets-generated\mitc4_newmark_extended_convergence.png","62509","4deedf3a7d5596e0c8435e00c5663e74e351f37fe8ada33c90eceb523d88939e"
"docs-assets-generated\mitc4_newmark_extended_histories.png","118385","cfba7289df79a3ab0977f15473cb015ee552b7b73f9eef0b4336a0c8dfdb33e8"
"docs-assets-generated\mitc4_newmark_history.png","89557","84d6f213b3d6ddb3d4bccca7b5cccabafd4c65f51c61083ab0c5afd71fd0c96d"
"docs-assets-generated\mitc4_shear_locking.png","64603","8987380250d4cef2af3998364754048a5e4b70531728ec7c4c476552fb90cac5"
"docs-assets-generated\modal_mode_1.png","209478","5168c70771a9be84decab4199c24f861a775d9e5de076d92d54f7fb9d74850ec"
"docs-assets-generated\newmark_history.png","123258","acf24a61fb1afe9c3dc690cfad114dcb62d8a101ea0307128470fa3344b0d63c"
"docs-assets-generated\nonlinear_convergence.png","75124","2d925ecc7e607532adf729f9920636dc2de9ee3e41e75d1f923e268181051a61"
"docs-assets-generated\rbe2_deformation.png","188554","bcba34403c47ede6dd3d8ddbb6e3600688cf34d6d491eaf49c56dac88f1aa132"
"docs-assets-generated\scordelis_lo.png","345859","b8ff6cf38d90ba0750b3256b8aad4f49f2d163ee1c272e0db51bf69bb9e58142"
"docs-assets-generated\solid_convergence.png","49211","8ddbf5c29b71a792c11585b9c087e89f366a90bf8bf8e409d3b23032e9388dfa"
"docs-assets-generated\spring_mass_mode.png","130151","72194f1061de009eaf2412f6f470250eb7fa4c3add5bbf909bb6717582aacc0b"
"docs-assets-generated\tet10_cantilever.png","308410","da5ce50198b4997e60bd221d0df4c2fabd9f663e959dcdfd455f6fd6fd27ab4e"
"docs-assets-generated\tet10_deformation.png","196219","a85fe42b40e3b4e06f8db888f6b5bb63c1a4753dce6d5b477111f72e2be49fa6"
"docs-assets-generated\tet10_formulation.svg","24051","0280611c7402292346e2918fa0b1570468b53b9cc4dfc601e7926af300572d4c"
"docs-assets-generated\tet10_j2_cyclic_response.png","110235","46da8051ace138706af9aa8753a990ed54c14fd7d0e5f8010a6e5a64d48ab3e1"
"docs-assets-generated\tet4_cantilever.png","411975","f6cf576127e791106d9ceeb8da41891da992188f11f429471bbf65dc130599da"
"docs-assets-generated\tet4_compression.png","209875","5a0b490379823da2268143d3db13fd8547c2ae0ebccedd4f9b9729c8b7d6cf00"
"docs-assets-generated\tet4_deformation.png","213771","fa35cf91bdf43539ecfa12ddb31e8ee66dd72cf788fb7a668bd45af24fdff85e"
"docs-assets-generated\tet4_formulation.svg","18203","f796761481b1e772603c46840c7c2309a2537e59ca46e0283b67367e5a32f599"
"docs-assets-generated\VNV-MITC3-LAMINATE-DYNAMIC-001-harmonic.png","68710","17ca4f048eebb5d43c6ace433daa13987a941c9370c63f77af2eea3cc33e5f91"
"docs-assets-generated\VNV-MITC3-LAMINATE-DYNAMIC-001-newmark.png","105843","1bc4e6500119fda4daa271fc0ceb9a64e8d036da41a109f6ebda97a9a7d1e009"
"docs-assets-generated\VNV-MITC3-MODAL-CURVED-014.png","83710","0ec2be22c9e04b2227ae4644f39e5357b24f56d03ef9c4ade852807c3bef59bd"
"docs-assets-generated\VNV-MITC3-MODAL-FREEFREE-013.png","63749","2fb9580e16f361e70fd3801979878daccf44584831c1cd9d75944440823bfce4"
"docs-assets-generated\VNV-MITC3-NEWMARK-HARMONIC-CURVED-016.png","89309","04bc8cd13d49b0fe870a32cdb62bfad0b8673d0191bcb77872e72076b957f67b"
"docs-assets-generated\VNV-MITC4-LAMINATE-DYNAMIC-001-harmonic.png","68725","03f72f4b9da0330832189bf046a3d3385aa4700c32b8af60365b8913c72b4248"
"docs-assets-generated\VNV-MITC4-LAMINATE-DYNAMIC-001-newmark.png","105988","b5718595e2ee2543367ee64f07006671a69cadfe0b4773118883961f430c1a1b"
"docs-assets-generated\benchmarks\bm-beam2-cantilever-001_checks.png","77403","1eeb9c6a246b14d05d389bdff0738060bf5e4d6477d124d3526791044b2ff363"
"docs-assets-generated\benchmarks\bm-beam2-cantilever-001_deformation.png","226290","21e960dfd98f734f9c6cf964349bd0f971ccc7038c0386f132004b4920babc6c"
"docs-assets-generated\benchmarks\bm-beam2-cantilever-001_field_summary.json","538","cfa6dcd3c43c8c498761610651af6cd1612a3ce05dd55a6cba21b3586c6a69ee"
"docs-assets-generated\benchmarks\bm-beam2-cantilever-001_response.png","61873","41f152e77ba441762d79685873851d2e56f41a705e6a71f364b192f309b28a64"
"docs-assets-generated\benchmarks\bm-beam2-cantilever-001_strain_measure.png","249457","8c1068e964ff60fc583ac2e8d0538c5347be851ff096cebfeea3e21ad0d1d27a"
"docs-assets-generated\benchmarks\bm-dyn-cantilever-001_checks.png","61188","39ab6f057cf4862517f8a7763d5feb6a39b6b9f31e159e53669ed6e3a73a2afd"
"docs-assets-generated\benchmarks\bm-dyn-cantilever-001_deformation.png","329354","bbadadf3f9ce3ae0e54377e459d0cc6e8cb31b01d210408f9575ac531d4c68c4"
"docs-assets-generated\benchmarks\bm-dyn-cantilever-001_field_summary.json","885","5d062e4fd535e089a211a3a6c1975982f4236fbbff9e5c61fa35bb44b54acea3"
"docs-assets-generated\benchmarks\bm-dyn-cantilever-001_response.png","76093","f217b27fa79a33064cbfffae8ed09d6cfb76d66269aba0bfacb54392e3cb8c7a"
"docs-assets-generated\benchmarks\bm-dyn-cantilever-001_strain_measure.png","321738","a1eaacf8d1c0e615e01d4c35a4e5f22c510569c5a56cd0422cda132e3914d1cd"
"docs-assets-generated\benchmarks\bm-dyn-cantilever-001_von_mises.png","329969","ac30afffdcaaa0332c31328afa63e68e2d337ef9b0cd8d19680ecadc70b68a97"
"docs-assets-generated\benchmarks\bm-nl-j2-bar-001_checks.png","72204","dce8cf8c68f83ca52e4aead85cab9ee8cb280baa0025379dca23d26eb59d26a2"
"docs-assets-generated\benchmarks\bm-nl-j2-bar-001_deformation.png","256612","383e052aeeaad8f95e08a57bf4f46e3697cd4b2fac272ccf24b0eeeeac4b19d2"
"docs-assets-generated\benchmarks\bm-nl-j2-bar-001_field_summary.json","1235","9b9e1a587f934639bb86b250c56a38b1514b797635c6510ac02961436438162a"
"docs-assets-generated\benchmarks\bm-nl-j2-bar-001_plastic_strain.png","255325","95d5a491e13699e88826957829bc2d79fd10831b7113aa5d0c32046dbda1cd25"
"docs-assets-generated\benchmarks\bm-nl-j2-bar-001_response.png","51025","19ea18e68b6f22af1756e1e0ce16512f4fffc6d12cf280e3a9d26edc427dbeca"
"docs-assets-generated\benchmarks\bm-nl-j2-bar-001_strain_measure.png","251893","d318b97a9627da773c6d43079726a29c74d77926fc44bdeaf0784b214d00945c"
"docs-assets-generated\benchmarks\bm-nl-j2-bar-001_von_mises.png","249532","98fe0237d9233da840614947ae06afbe13329732d21b93c3a9ead42fc7866315"
"docs-assets-generated\benchmarks\bm-shl-cook-001_checks.png","50240","62e73b8f68abc82cec4ce9cc9632f375070a3fae7a3d879b24a7cbdc258ed517"
"docs-assets-generated\benchmarks\bm-shl-cook-001_deformation.png","218009","9a8b97d9995f7f5be734ebeea2488d5f67c8a4c6354d442814cccfc4618efbee"
"docs-assets-generated\benchmarks\bm-shl-cook-001_field_summary.json","873","91451044264f5ed4495e5b4558dd987daa1f44133b9bf75ffde78b6ed22f543e"
"docs-assets-generated\benchmarks\bm-shl-cook-001_strain_measure.png","279598","94c83b1be691e7af8a31a67e9b7224dcfaa1ea29da4b56c293837e913eec7a07"
"docs-assets-generated\benchmarks\bm-shl-cook-001_von_mises.png","277236","585769b82241848d9ea4d639d998c3398e0da8bb47f31e73b2c69a94b21be4f6"
"docs-assets-generated\benchmarks\bm-shl-pinched-001_checks.png","55521","8187caf577c9d254974b56cfa0519cb67fbf0c1ac11d4b2f796d2aaae9a1aa34"
"docs-assets-generated\benchmarks\bm-shl-pinched-001_deformation.png","745853","6e158ea6a9125b08943731fc530a1e339fbaa3f257a26b6d8358c3673b1cf098"
"docs-assets-generated\benchmarks\bm-shl-pinched-001_field_summary.json","905","a835dc4191c00e17a45871cce81b3dce94ce7a97d7eee689d397a2ae079f9bd2"
"docs-assets-generated\benchmarks\bm-shl-pinched-001_strain_measure.png","730840","85ce20d47393a6f2f7f5876741869244ba6263acd4082ac063bde5dc2518ea06"
"docs-assets-generated\benchmarks\bm-shl-pinched-001_von_mises.png","725241","cd87b45b354d4a0364b0d549be7a47104721c8fabe05379de437651e75d0eda1"
"docs-assets-generated\benchmarks\bm-shl-scordelis-001_checks.png","55050","5e7902e93fa70c228b96c1d93e48406ddf823d86372d84198ae6613388c5af0f"
"docs-assets-generated\benchmarks\bm-shl-scordelis-001_deformation.png","315714","95a144a2a312768a23f3301d7d98e9164ece1ebd4b069edd6054f6fc64be8405"
"docs-assets-generated\benchmarks\bm-shl-scordelis-001_field_summary.json","892","7cbdbb43d6b1b01716ec2734730fe51e3864d92a3eede1059acfd96a7ae132c8"
"docs-assets-generated\benchmarks\bm-shl-scordelis-001_strain_measure.png","321271","ec05ca3b2e2b29498362960cf8fbbff6e772d94c8fc33e77fcb17f85924cee44"
"docs-assets-generated\benchmarks\bm-shl-scordelis-001_von_mises.png","317009","6d8b7a287cd5d65036de934ecd46fb87546dbbd73579414eb653eb7b5e19c737"
"docs-assets-generated\benchmarks\bm-sol-cantilever-001_checks.png","87463","51164125c94302043c9d5fc0ba1fa8c0fe2e58c472c48bbd5342b71cf4d2422a"
"docs-assets-generated\benchmarks\bm-sol-cantilever-001_deformation.png","357522","1a5c23724fa664e2176bfd3bbe1a73fe7cd3f8343c2844f87e258fc8f4e964ba"
"docs-assets-generated\benchmarks\bm-sol-cantilever-001_field_summary.json","883","122297c7bca7a27f56c9d190611d3adaaa59f49347b61ff9da0e3e76dde65ac8"
"docs-assets-generated\benchmarks\bm-sol-cantilever-001_response.png","65079","23e6685335edd745e2dae74b17c7f0850dc2af7e1b2348345bb7796a19622ada"
"docs-assets-generated\benchmarks\bm-sol-cantilever-001_strain_measure.png","312563","42af24f43f9d391db025aab858b9bd816c74f4b5e18f70e9afc00c98e8e153f1"
"docs-assets-generated\benchmarks\bm-sol-cantilever-001_von_mises.png","327924","71b832bbda7fd570a9a8dc02eaef2e5818e1f28cdfc11602b53936b6f025889e"
"docs-assets-generated\benchmarks\bm-sol-tet10-lame-001_checks.png","56390","317d34b3e12a3b6a9c67a21dd47d72510a8f586917400208b04e1fc219f6f7c6"
"docs-assets-generated\benchmarks\bm-sol-tet10-lame-001_deformation.png","388375","b00077acf66e34fbc57866d604491293645222455196c9bcc0f2d7b4ddbda945"
"docs-assets-generated\benchmarks\bm-sol-tet10-lame-001_field_summary.json","882","68b90d1a07917a5ea0b2db3007cf4aeb3dcace7b08ab30ebacb154e072dd0cbc"
"docs-assets-generated\benchmarks\bm-sol-tet10-lame-001_strain_measure.png","298982","8054ae37b7d405601c53bfdb06de7df0bf3ee6fe7bec1f08a2ee11ee0c4512e2"
"docs-assets-generated\benchmarks\bm-sol-tet10-lame-001_von_mises.png","297060","2e006d9d5950f938e5d5be8084fa1b25ff2ef79685af72eeb86c3da0ad4d4486"
"docs-assets-generated\benchmarks\bm-sol-tet4-membrane-001_checks.png","89499","c648fd31166804ad05bf7b4f9820a3afe45133ae2d55d627f4d11d8d524e8e3f"
"docs-assets-generated\benchmarks\bm-sol-tet4-membrane-001_compression_deformation.png","469721","7b10568b61b380a57d0632f7ef04eff11e85bcceca7fade25c14b778e8927f74"
"docs-assets-generated\benchmarks\bm-sol-tet4-membrane-001_compression_field_summary.json","945","a06d3b4e663fbbeec857f5a319c9e5c93aea68364f2f33169faadfd8fb712cfc"
"docs-assets-generated\benchmarks\bm-sol-tet4-membrane-001_compression_strain_measure.png","505374","3008456e8f3e315093c28be28e5400aa1c25bd9914244e8576344d33174df233"
"docs-assets-generated\benchmarks\bm-sol-tet4-membrane-001_compression_von_mises.png","498280","2383d49002f77847ed3da68520df70c48a1183363de85dfcdc95c28bb0ea2135"
"docs-assets-generated\benchmarks\bm-sol-tet4-membrane-001_deformation.png","332154","f6834e1eda2ed15634afff6490f0332f83b002dbd57aef2c2eb9c67c3bf5c8c9"
"docs-assets-generated\benchmarks\bm-sol-tet4-membrane-001_field_summary.json","907","1a57ac5e316551c27dfcfb9f2a55811f3ba5d69036a50630b43e0f67afd8bebe"
"docs-assets-generated\benchmarks\bm-sol-tet4-membrane-001_response.png","88918","7f5d1cd7c21552c4d99c6c65b19c4932ebd139a3803504dec29cb5e62b157cd9"
"docs-assets-generated\benchmarks\bm-sol-tet4-membrane-001_strain_measure.png","323291","464a6a06f41a87b1e682a69932aca81066fc0adbb7fcca4e9025b6776bfede90"
"docs-assets-generated\benchmarks\bm-sol-tet4-membrane-001_von_mises.png","298524","975afd041ee9df421d13c3775a3bf46371b74436dc38dab26f1e0ef981f96fb9"
"docs-assets-generated\benchmarks\bm-sol-tet4-patch-001_checks.png","54682","4384e421ceff93afa5fbb287ba0b7625dabd43a4011d72374ac80b77e3d21f36"
"docs-assets-generated\benchmarks\bm-sol-tet4-patch-001_deformation.png","372749","e8775c48555c84f883fc138a741152836ea0d9b2859902f6ab1f08de53b4dd7a"
"docs-assets-generated\benchmarks\bm-sol-tet4-patch-001_field_summary.json","886","9ff8c2c42abaf7088462e693950bbbf3e603ee7ea198c996e530b4942722ec63"
"docs-assets-generated\benchmarks\bm-sol-tet4-patch-001_strain_measure.png","357374","5b8185130a57a04d2e427a85bb22263d9d8547754054ed61667dd37cd373c268"
"docs-assets-generated\benchmarks\bm-sol-tet4-patch-001_von_mises.png","350322","76c7b0b2fd1e56e243e393f3bdc1408b7719f62c0f609bc114d74e8f555c18cd"
"docs-assets-generated\benchmarks\bm-sol-tet4-torsion-001_checks.png","82704","85dee5bf514a3942d5da5354510f84524c8cf7f8c218f5ff932f26eb6465f9e3"
"docs-assets-generated\benchmarks\bm-sol-tet4-torsion-001_deformation.png","398853","3d89a145a86573db0052ca36684cd8759455c35a068e37840958bb8aab47d839"
"docs-assets-generated\benchmarks\bm-sol-tet4-torsion-001_field_summary.json","907","3573f81cb6c53d330d9a2b0d0721a1b8ade214e727c76c6b9af81372d27589d9"
"docs-assets-generated\benchmarks\bm-sol-tet4-torsion-001_response.png","64559","93a4cd59b0d4689c2d9e8b80e5aa923f838b4fdb8f4c425d51c7e55490d138b1"
"docs-assets-generated\benchmarks\bm-sol-tet4-torsion-001_strain_measure.png","393828","5c83709a7ba764e827e2add59a79b21d3b994ac4a8b7bf941b58e236372270ed"
"docs-assets-generated\benchmarks\bm-sol-tet4-torsion-001_von_mises.png","404875","cab366cf09aaa0170112f27554526f8fde9d1aa18cbc6d610378f69c963bc43a"
"docs-assets-generated\content_closure\beam2_code_aster_dynamic.png","225247","78c936387d1c39e1b3750514755f6e0a1e7cf36f424071a516653d73e9434907"
"docs-assets-generated\content_closure\beam2_transverse_dynamic_code_aster.png","78257","283c62ac36c44ecf7169eaf1c7ea5aea52b59287d015180e7c7c75fa2f454957"
"docs-assets-generated\content_closure\composite_nafems_convergence.png","121100","3dfca83b0833bc7d94056b1eab88226816a01e1b306c01c7f9b786381844331f"
"docs-assets-generated\content_closure\contact_code_aster_comparison.png","27577","bfa3dd28ab41ab2e76b6083ed8fdd7078af12aa04ae9ec26cd50de442856c819"
"docs-assets-generated\content_closure\discrete_code_aster_dynamic.png","166784","93e30e9f5cf4efa0df79677c95f8e5219abd1c77281ad8e339cf6460931c0747"
"docs-assets-generated\content_closure\mitc3_dynamic_code_aster.png","155344","de92d228e8134e5e1ebc80800a83479bda94efd7fe2c9612db8ead0faa9778fa"
"docs-assets-generated\content_closure\mitc3_hemisphere_convergence.png","85625","2a77ec2a35ba0966eca3e689ac72da4fcdd1e916b41c469615adaf7e2a97883d"
"docs-assets-generated\content_closure\mitc3_hemisphere_qf_code_aster.png","875065","8230fa9f036fd09120c1b2cd8b15eee942a3bad33fba1bc62a540de0d3763d76"
"docs-assets-generated\content_closure\mitc4_conical_calculix_deformation.png","508049","912e3e8b1e1abf3d4453d1336a6931f2c1a4606fcbde9157444ee92d0f40150e"
"docs-assets-generated\content_closure\mitc4_conical_qf_deformation.png","520621","0a80a6ed13678f33811c20dc69514063212e78573a34ce43ec78855ffb7c5749"
"docs-assets-generated\content_closure\mitc4_modal_code_aster_frequencies.png","55414","d880cd9797997c3300c0eef7ef289e2f6e3eba6f126bca0674a44baca7d3c62e"
"docs-assets-generated\content_closure\orthotropic_lbracket_calculix.png","351361","e4f642beff0f8e4e9a160885ddfe9dc974f58f4ff6b571596334c93adcf156a2"
"docs-assets-generated\content_closure\orthotropic_lbracket_code_aster.png","352264","3a18ce8e78cdab4876f7f20f7c3a975c091235579c728e64160fb780a7802cdf"
"docs-assets-generated\content_closure\orthotropic_lbracket_qf.png","351046","df3ed2f05fe3dd100658eae27b362d556e91906d549056f6d40be809d5ad2d9f"
"docs-assets-generated\content_closure\tet10_calculix_deformation.png","311093","ce463693e78cc14e99ccd8a20b665f2476925cd2d94329072ddfc5393b32ce02"
"docs-assets-generated\content_closure\tet10_dynamic_code_aster.png","317431","d7a02003b8d23213b36c92c5808a88c86b0d343424cef66963ff41f74351a9f7"
"docs-assets-generated\content_closure\tet10_structural_convergence.png","93941","577d9384ca2c54d84af899fe6355c9453899d6e5a675f51b6b8dafa16fee91bd"
"docs-assets-generated\content_closure\tet4_dynamic_code_aster.png","29714","701e36818b0ba8b12644f70464e7f387599efd5fe8ae6df78c315784c76814d9"
"docs-assets-generated\content_closure\tet4_tl_code_aster_stress.png","29714","701e36818b0ba8b12644f70464e7f387599efd5fe8ae6df78c315784c76814d9"
"docs-generated\assembly_element_results.md","262","68868abcb0f0a6f6067a0e402d6cab66a507ff09cc8be291a69918d1d0788f59"
"docs-generated\contact_friction_checks.md","520","84de29f722fafce1186e77172f06604ca2302671cb38eaad6ba41a3452fd0213"
"docs-generated\contact_friction_code_aster_checks.md","776","14a38e355e10c60a035836167d001c4a51e908affd62d103b4df167f4de96678"
"docs-generated\contact_friction_structural_checks.md","366","e90aa96c77647d7464bc991e79cd9d6b66336ce581bf8d33bd7be91dfb18564c"
"docs-generated\contact_structural_checks.md","343","b6e943c2822d94bafa5bea6f5c041807839e331716be7a22b9356ac519a1e04f"
"docs-generated\demo_catalog.md","3363","664108e1c4e80ec0967825c1cf025e7dcb1e92a23fadb960588964bb21157ddb"
"docs-generated\demonstration_registry.md","4863","52bd6b855a4f2c85086d5990cf9d0980c9e9e15c88220fbd3e26f1c83e66bb4d"
"docs-generated\docs_manifest.json","185323","da82e001c2982424d2e8a24b047ac65534d0055a9a7fb212b93a1c3799020503"
"docs-generated\document_registry.md","96872","1c9a5baf936d8fb6500059bb58ea98899f0098d472323913688358ae88d5a290"
"docs-generated\formula_traceability.md","17422","47ac0c6ce36689fed78f80857dcb17705f07a2e232731b8ccd42806dd724ee27"
"docs-generated\harmonic_results.md","336","a2f5e377e4d6f5b79404c4dd0db28ab376a8244a2aa965eb03d9a4f9a4147fa0"
"docs-generated\large_model_results.md","379","a28ccdba27f34309c8af8afd4b18f60237f07a172d4468b023b1fc404969705c"
"docs-generated\linear_solver_results.md","282","69cc3b4cd2c6515fe64996410fb5e7b81d862debe7deb4c2569b8328616db39f"
"docs-generated\mitc4_harmonic_broadband_results.md","393","1830686b18f6382716ae8a221925f4194a1265d91b6fa1c35d76f3228c994ff1"
"docs-generated\mitc4_harmonic_condensation_results.md","307","78ed39206a67f7b07e91706ac8241f4a3350c85db517871506be549ee0951608"
"docs-generated\mitc4_harmonic_results.md","313","e51b4726b6a56117f3cbc2193f56eac7a4d686b83aaed5523ddae85517d708b2"
"docs-generated\mitc4_locking_results.md","232","536e7bad5a4420ddf847652be9558b1397491dd7eb0357c5e13f40ce9aa5097b"
"docs-generated\mitc4_modal_plate_results.md","789","8f226d2a050d4bdcd31ae05a64ca8642cd54993a035a36ea623912f2d197e6ce"
"docs-generated\mitc4_nafems13h_results.md","429","a93fc58f7f40315d0714d02e3207c8f02ff04307f5d5c5648c844664fb9699d7"
"docs-generated\mitc4_newmark_broadband_results.md","303","49378df14ab32160c6af347a6debe63eba2dcaa2f47a7e26f6cc1cf70ca77426"
"docs-generated\mitc4_newmark_extended_results.md","631","93e82f1c44f0ea4d7696e90543b3b70827a190eb9c158e4acfaf313d0a54ee2c"
"docs-generated\mitc4_newmark_results.md","446","abed7828d84f2b7666f136ca93e084ff84175dd33bb25ed664da985b07cd27f4"
"docs-generated\mitc4_results.md","355","4bc28ef56b4325d10be1072f647994d68c63ebcc9d6df2d0b3bb107176d4f993"
"docs-generated\modal_results.md","322","c023ec5be6f4e8f9df8cbd7fe3dcf344f5bdc992800f22561dec7307c78cf9f1"
"docs-generated\newmark_results.md","332","37a4a2605084940a9e610671d2d7c51e8e6417db8c0bac41e54dd58c8f3aee55"
"docs-generated\nonlinear_results.md","346","8688e4459199a5e04d3274f0ffb0e9e480449430741df7a0c1004a463625e6c5"
"docs-generated\qualification_status.md","165","6b725e886391e3aae6563d0fab329546ccf9265f2e213f61477390e0d94c3a8f"
"docs-generated\review_readiness.json","22339","a12518c4d0ff408e35073cf5fcef734452bda1b0fdcbf469cdb15c65b6e8490c"
"docs-generated\review_readiness.md","548","446a9176b7b9f7641faba604beff5923ecfdf0706a87a95cab3d17f146f53da9"
"docs-generated\roadmap_status.md","392","445a39fcd8743600076bd13c6eedd23d0b9e03a4d45c58b4601977dc036989f7"
"docs-generated\scordelis_results.md","213","7ed65a4dda7027116f4e6815da1c147645de36f5ba52b44b424dc9ab6dd9640e"
"docs-generated\solid_convergence_results.md","243","27a1b2657e577a181267d17299c8455f8788af6633ff626df8de45a1df7b8013"
"docs-generated\solver_matrix.md","480","dcdc70baab11e286d2602cfef4dfedc860d59569f5a0d2a0b344a2bbddb083bc"
"docs-generated\status.md","1826","e30e6cf30877aa48924316c72de2c5ae5b8435ba9f262878eafa9ff9bc1909ed"
"docs-generated\technical_content_coverage_summary.json","5000","ab736b9fa2c57ef291811e7d54e64beb0c23df56355341ec3e09c49e18aad194"
"docs-generated\technical_content_coverage.md","19871","f53af219de72185b61896f3f23a4b3a03e8afe4ca76a8a23bc9d680913af302b"
"docs-generated\tet10_results.md","430","5f0818c0db0dea04bb9aff90e932480618508e307e33af5d48e3dba40f7394d6"
"docs-generated\tet4_body_force_results.md","323","6a557d001ddeb0b50d9beb8ec8d4b78f7ac1fbfeb709f52e10cecc4bcaf93913"
"docs-generated\tet4_cantilever_results.md","317","807b1b1e8c28c6b403f1093d04acd6aa54c157026972854390f88e6264cae54c"
"docs-generated\tet4_compression_results.md","407","afea38dc740cf67935250d7190f2479ebc75360a76e7cee265dca7d28a3e09fa"
"docs-generated\tet4_pressure_results.md","279","281903d91e06d3790fae2c37624608df1e69e8c30a3f67a7950ff006449b8a4a"
"docs-generated\tet4_results.md","407","afea38dc740cf67935250d7190f2479ebc75360a76e7cee265dca7d28a3e09fa"
"docs-generated\benchmarks\bm-beam2-cantilever-001_results.md","1724","54199ef94a28d9d278abb2f4da2369ad7044708b5463907ea624ffae90fc712b"
"docs-generated\benchmarks\bm-dyn-cantilever-001_results.md","1628","ebbe7efa12d2bba9ea733db570c1a7f207ca1a61d4be7a88827b5f721b7827f9"
"docs-generated\benchmarks\bm-nl-j2-bar-001_results.md","1505","a9dbfd28a64be1ffe947b59949ca31fa322a396911cf7f405c16323a84d340b9"
"docs-generated\benchmarks\bm-shl-cook-001_results.md","1010","7fda2e1540d0ef66bfe64b9426314c94e26c2c1ccb6983c4ab6de1833f14bc0e"
"docs-generated\benchmarks\bm-shl-pinched-001_results.md","1066","f4b5fc743366186fbd5ed00bf4ff9ab69abede14fb0e82091246efc49ac9dd0c"
"docs-generated\benchmarks\bm-shl-scordelis-001_results.md","1192","b7cbbce5b1bb1faf957d199ad7f5fff6d68a02ff5391dedfe998b8ba98d5f1a1"
"docs-generated\benchmarks\bm-sol-cantilever-001_results.md","2663","0f3bd9e3df06c30206d48d5bee70de60ba2852ccc880309a17fd16d0b2f05f3e"
"docs-generated\benchmarks\bm-sol-tet10-lame-001_results.md","1105","a56a63af77c5a1ed454545a97b782a8c0d8c895aad8dec6431fd26a8b8a1e97c"
"docs-generated\benchmarks\bm-sol-tet4-membrane-001_results.md","2952","e8aebab50868a6cd24b82a97a2f9c63a1a51cf44d25ae5fa165b820a531cf6e9"
"docs-generated\benchmarks\bm-sol-tet4-patch-001_results.md","1164","9fd204a0a4a8042e8f754467c754b029eb2cb28388b458b1a02e60b8dec47bf2"
"docs-generated\benchmarks\bm-sol-tet4-torsion-001_results.md","2562","b214e291a09b84641e23e82bbd6c6f7f28f9661df542deda02f0673836739644"
"docs-generated\benchmarks\campaign_summary.json","22604","9875be2cc759d8d47f8c2c0d16f84d29a2e6ff1c6710e408cd8777c4ff6e962c"
"docs-generated\benchmarks\torsion_h9_stress_probe.md","696","63f3fb58b790d5597b5b1e0a42991422a782b37592d6af65635ac7867e057500"
"docs-generated\benchmarks\BM-BEAM2-CANTILEVER-001\benchmark_manifest.json","6484","df7ee0c954c7096ce250177db0caa4aa67cc26e64f17c0754ea400ac3b057d4c"
"docs-generated\benchmarks\BM-BEAM2-CANTILEVER-001\benchmark_summary.json","5817","7a34eaf276ed23086103801c735712f17501fe294062bdecd708cf89e2470acc"
"docs-generated\benchmarks\BM-BEAM2-CANTILEVER-001\modal_n1.json","41078","97023e48af000680e78da7499fc2b9e6a75b2c7513bf2f96f07c5d59026ae9f1"
"docs-generated\benchmarks\BM-BEAM2-CANTILEVER-001\modal_n1.model.json","1134","0db02aba0ee1f990204b6dd48069b1bae383ff6be8cda3a672bc86022e7d0536"
"docs-generated\benchmarks\BM-BEAM2-CANTILEVER-001\modal_n16.json","384376","afee595cadcecc20e28f3235eabf42bec1563040f5bd1e36bf6b6a2bc8919857"
"docs-generated\benchmarks\BM-BEAM2-CANTILEVER-001\modal_n16.model.json","3657","6c6703e84e7ca1a854bb32fee0d53032ef47833ca8a8a6db854c005fc66ffcff"
"docs-generated\benchmarks\BM-BEAM2-CANTILEVER-001\modal_n2.json","63892","16ba08bdc2f97b4f2794e0337c5a6b3e87c5c20c8d9a2e8fc36b276a2218ce02"
"docs-generated\benchmarks\BM-BEAM2-CANTILEVER-001\modal_n2.model.json","1300","fb3b1e706dc57d82b0663978df3103902d197efd69a397daa1f04a2c26f6f11c"
"docs-generated\benchmarks\BM-BEAM2-CANTILEVER-001\modal_n4.json","109251","5e24aa5398db251ea0745388122b02898fc4fa5a879f1783ed06e5ffb9292498"
"docs-generated\benchmarks\BM-BEAM2-CANTILEVER-001\modal_n4.model.json","1632","e1614e917845b211ce659980f681e80ac96d21c6291cfa02d5992fe74a4e1684"
"docs-generated\benchmarks\BM-BEAM2-CANTILEVER-001\modal_n8.json","200709","7fb07118fd14d8b035cec8b7132b44f8b3285f84e000436a2904ac326c507ecb"
"docs-generated\benchmarks\BM-BEAM2-CANTILEVER-001\modal_n8.model.json","2300","849bb5bfb4df523d42def032c23654884c33460b69818a79eb1e8e4a97fcf23d"
"docs-generated\benchmarks\BM-BEAM2-CANTILEVER-001\static_n1.json","47029","aeeca6d2b35b43cd4724bf9a8a1b68d0aec98d0aab9ac4f5a01be4381755d55c"
"docs-generated\benchmarks\BM-BEAM2-CANTILEVER-001\static_n1.model.json","1293","c8751cb64bb7d4025708a38b1c0c2cc691ab182619a8c1cba4b9e0d42fab2907"
"docs-generated\benchmarks\BM-BEAM2-CANTILEVER-001\static_n1.vtu","2295","8fe83fe47bd1d4db0693914b886f78ac1371abefec8de8f53edf1a5596609618"
"docs-generated\benchmarks\BM-BEAM2-CANTILEVER-001\static_n16.json","393741","63dde8889e4fca82859086e36bdd0676203e7ddbc872574627b840b2932ab971"
"docs-generated\benchmarks\BM-BEAM2-CANTILEVER-001\static_n16.model.json","6387","87ce202f5a0b6155334c332432d383ae6c3b3b554995ab8a0e581b3119d1d1ba"
"docs-generated\benchmarks\BM-BEAM2-CANTILEVER-001\static_n16.vtu","3772","6f2b070a52213ef9bca7f010d4b3942ca5d9d5368607ad442ccb0ac9a4ef6b83"
"docs-generated\benchmarks\BM-BEAM2-CANTILEVER-001\static_n2.json","70079","a192ad4a5eb860bc408eeae99b6939feab88148edbe0c141b7c09a133b6cc741"
"docs-generated\benchmarks\BM-BEAM2-CANTILEVER-001\static_n2.model.json","1630","5e5408b2dfa7aea451c6d0821b075981706e654f6d9519d2f1f5826b8673b06e"
"docs-generated\benchmarks\BM-BEAM2-CANTILEVER-001\static_n2.vtu","2389","69a6ea3f494dafdcdf76d6880e0b8e688c532c89a6c0e4d95cdfbf504abe5e9d"
"docs-generated\benchmarks\BM-BEAM2-CANTILEVER-001\static_n4.json","115681","b5a22ce2443b927dc90733260d8cb6fcd60590750cb2058f8e0b83101b8c657b"
"docs-generated\benchmarks\BM-BEAM2-CANTILEVER-001\static_n4.model.json","2304","ab942bbb94e0c3c8596fd57d1e2fdee9249c9c6e1d2894f2518c2bf482d70e76"
"docs-generated\benchmarks\BM-BEAM2-CANTILEVER-001\static_n4.vtu","2579","5cda37d309d15db2652a7404a9626367eb3bec557de3ab1edfa3a2c193853e2a"
"docs-generated\benchmarks\BM-BEAM2-CANTILEVER-001\static_n8.json","208474","5f03ae1d24db37c02f90ca1af7749599b4cce6403da39d96eadc8c8eaa296b68"
"docs-generated\benchmarks\BM-BEAM2-CANTILEVER-001\static_n8.model.json","3656","30e89557a526bcbd11da785e879ec3483dfbbc1fe171fe1011b144beb8adb383"
"docs-generated\benchmarks\BM-BEAM2-CANTILEVER-001\static_n8.vtu","2967","344a441dd7af3ed0ede7df4663bd0b0489c126f8d3c02f2b76685ae43666ac29"
"docs-generated\benchmarks\BM-DYN-CANTILEVER-001\benchmark_manifest.json","3310","39e5c11120b4390fd0d2e59290f8690c4930f7a72e73d96be06253907580ae7e"
"docs-generated\benchmarks\BM-DYN-CANTILEVER-001\benchmark_summary.json","2795","b2ddc03e0181dc2a32d178d0ff419e0e93e132ac1a7e863853a845f08160156c"
"docs-generated\benchmarks\BM-DYN-CANTILEVER-001\dynamic_cantilever_tet4.msh","10380","67c53306ffb228f3384f0e2593bfc5066297417a2ffaf493e433c9ecea3f02f9"
"docs-generated\benchmarks\BM-DYN-CANTILEVER-001\harmonic.json","7216577","de27e4136bdea250073ded1ee26dd9248e6f999ada81349c09a0b613edbaa6f9"
"docs-generated\benchmarks\BM-DYN-CANTILEVER-001\modal.json","7832645","9fb5725b52b743c221a35df48fc5a89cf72cdeb44d0458d65848fb828b37d177"
"docs-generated\benchmarks\BM-DYN-CANTILEVER-001\newmark.json","11841093","65c4416b944bdbe1a071e1ab5447ab7bdb7b3a67323e7b4510b6021b42e1cfbc"
"docs-generated\benchmarks\BM-DYN-CANTILEVER-001\static.import_report.json","1481","6cad4bebb9ef9b7a658a8c54fa943bedd58af159cb5e6ae3fb1110867cd33076"
"docs-generated\benchmarks\BM-DYN-CANTILEVER-001\static.json","11540382","3c79d23de469f1203e8a69976f99e21bc48f78cb63f7e01dbb760964e8c55336"
"docs-generated\benchmarks\BM-DYN-CANTILEVER-001\static.model.json","39040","e13385c5cd5f676a5d081bdc386fc39e19e57262529e7efff97f1f2bd2ad1011"
"docs-generated\benchmarks\BM-DYN-CANTILEVER-001\static.setup.json","1073","01cfe0cb6a78ae0f10803d41730b5c4e2cfd74e8ffa181e7b9e423a22d2e6945"
"docs-generated\benchmarks\BM-DYN-CANTILEVER-001\static.vtu","49429","c6475748a372a1ddddc778023bfa1954ad9f494a273b3d578caeaa9b9fbcb7c7"
"docs-generated\benchmarks\BM-NL-J2-BAR-001\benchmark_manifest.json","2704","5df0475c6ba3e4c4d68e896e27200029a801397675fd7bc33c3478d666bcaa4a"
"docs-generated\benchmarks\BM-NL-J2-BAR-001\benchmark_summary.json","2728","33ddbb7434bd39beb36c9d1a8752edc424a40e6eb92ab4d42c1186b996410928"
"docs-generated\benchmarks\BM-NL-J2-BAR-001\j2_bar_tet4.msh","8117","cf3600914d19bcb66d2d2a0d644922fc67048fde124e70329c277cc15585248b"
"docs-generated\benchmarks\BM-NL-J2-BAR-001\result.import_report.json","1921","2368063b26486713aab9e0e4f95e9af30183f69de238afe4f8225475b1fad842"
"docs-generated\benchmarks\BM-NL-J2-BAR-001\result.json","10941439","30faea377874e20d0d20bcfc9294648960d4965bd70ebdb89ef23729d872f6cf"
"docs-generated\benchmarks\BM-NL-J2-BAR-001\result.model.json","29100","573270442e4d309849ff33acaefbae30ad17286741eec704be347e8d37fa1826"
"docs-generated\benchmarks\BM-NL-J2-BAR-001\result.setup.json","1637","1855b312d0919562e35b73f7a72ff58d52317b6da359ca0fd3fab768185e766a"
"docs-generated\benchmarks\BM-NL-J2-BAR-001\result.vtu","34264","64eea56123215499167a6301a49259ab7ff904efdc5632edbe1451a9fbe25c8e"
"docs-generated\benchmarks\BM-SHL-COOK-001\benchmark_manifest.json","2700","f006a31c9f8054b82c60e7d81ba69686c43dc4fac63f5c8d60d1870ba1ac853a"
"docs-generated\benchmarks\BM-SHL-COOK-001\benchmark_summary.json","1609","ea9db55f0c408f4fecc7669dc05a2f4cb11a57f6de184df7d183f5d31a5bbb3c"
"docs-generated\benchmarks\BM-SHL-COOK-001\cook_mitc4.msh","12185","c72c2512784e0c3ba0bd3685e40a401db630256630f47366390b2267627f11e7"
"docs-generated\benchmarks\BM-SHL-COOK-001\result.import_report.json","1099","0fd55b4c79145f89529debb88fb59abb6a2ac7a58afbab1a90c5f2a167b41626"
"docs-generated\benchmarks\BM-SHL-COOK-001\result.json","27154584","cb79ed70c8189eb70fc1dd1db9d32de3e9286f4d83173128896da0de7d6622ff"
"docs-generated\benchmarks\BM-SHL-COOK-001\result.model.json","60455","02a31a70d72bbecc72753ff1dac6b9c50fe6b5d20f2184c87c1f6af12125d76a"
"docs-generated\benchmarks\BM-SHL-COOK-001\result.setup.json","1171","80e7002bf3b776aff93cefac66148e0f5545cce4f3ca70cf5ef3a2d27cf0800e"
"docs-generated\benchmarks\BM-SHL-COOK-001\result.vtu","49716","6b27a8ab412afe8618d37a57616dd4e397d3d4f1b78f57e0c5af12e1fd502e48"
"docs-generated\benchmarks\BM-SHL-PINCHED-001\benchmark_manifest.json","2719","169cd4d0b7ee0ba95ff6deec0a7b6bc13396310f9767e69febcc4d81d6b059f1"
"docs-generated\benchmarks\BM-SHL-PINCHED-001\benchmark_summary.json","1746","d1dd60e4f9f0aeeafa85310e0b353c84656afd105468e52b0feb7ce6c9e9faf5"
"docs-generated\benchmarks\BM-SHL-PINCHED-001\pinched_cylinder_mitc4.msh","154515","3ae902a6a94b465e9b88d7c4a2aa47dbb62e767cb75ce5462aef1f64e6cf872b"
"docs-generated\benchmarks\BM-SHL-PINCHED-001\result.import_report.json","1367","29b813a361dee23aa637d01cb0c48155e7746cf0506b43bfbb41c5e88136afba"
"docs-generated\benchmarks\BM-SHL-PINCHED-001\result.json","332977871","371ecc71796a80e4985040d6f1464d47f7203ecb02ec985f2b16d13089b99969"
"docs-generated\benchmarks\BM-SHL-PINCHED-001\result.model.json","493531","1fc99fb4fa68d94b57a2656a53a3a0946dcfaff64fa422aae8a3035e75707e84"
"docs-generated\benchmarks\BM-SHL-PINCHED-001\result.setup.json","1473","67b250d96824c7879207ac77f8ff54dc40fed374c0aafd9dda8ba5350fbb935b"
"docs-generated\benchmarks\BM-SHL-PINCHED-001\result.vtu","488471","dab7857fb96c1b95432620b2f7bbd86d10790a94a0115d2ecf53f02cda087b11"
"docs-generated\benchmarks\BM-SHL-SCORDELIS-001\benchmark_manifest.json","2711","89cf8e8755d97f62f8c7a8c6684fc259e3b0b31127afeb4fa2c245eeba244678"
"docs-generated\benchmarks\BM-SHL-SCORDELIS-001\benchmark_summary.json","1994","94210c4b4eaff7d6e7e43df00fc63413f9f11dd1d38497e93e48dbeed9023869"
"docs-generated\benchmarks\BM-SHL-SCORDELIS-001\result.import_report.json","1106","cd9d0f173e2e9a84cc9f969a6f9d155189209950812643675df1a8c000d17a76"
"docs-generated\benchmarks\BM-SHL-SCORDELIS-001\result.json","65136345","a96266eec24c197ed51572a4b812636652afbfbeba3c0440aa5cb58d51777d06"
"docs-generated\benchmarks\BM-SHL-SCORDELIS-001\result.model.json","180595","ff03275f9466d2ba34c97686d58f0d06a24da9a7022b2a3a7232e8d8e6bb33cc"
"docs-generated\benchmarks\BM-SHL-SCORDELIS-001\result.setup.json","1242","04853be35d49a02dd2d1f7bc17df3c028efdaecd15f670dadfed827bbe4c132f"
"docs-generated\benchmarks\BM-SHL-SCORDELIS-001\result.vtu","88947","65cfccdecfc8efeb7ea947d21a8eadd6f87af02c37597566ee5d9f9fbad0cb96"
"docs-generated\benchmarks\BM-SHL-SCORDELIS-001\scordelis_mitc4.msh","28811","7315f62c1d117dd48517abc579724ecd9b31d133010c71d1da9998ed56df9400"
"docs-generated\benchmarks\BM-SOL-CANTILEVER-001\benchmark_manifest.json","12127","978053825e2c24a365c9349b86d6f6bdd604416a13ac28e4e1162ade3d9c8ce7"
"docs-generated\benchmarks\BM-SOL-CANTILEVER-001\benchmark_summary.json","8257","ef72f7edf72861c8af885874ff27429d78794639ee356b645ee1c49b744dd985"
"docs-generated\benchmarks\BM-SOL-CANTILEVER-001\cantilever_tet10.msh","39022","dc62d5c0acdda593b13eeb67435357ffbefeff20169547654c8afeced7f9d05e"
"docs-generated\benchmarks\BM-SOL-CANTILEVER-001\cantilever_tet4.msh","12656","91c663f1066ea352936b725db7705bff8383229d12309da4e8ac5eb6bd917c21"
"docs-generated\benchmarks\BM-SOL-CANTILEVER-001\linear_method_bicgstab.json","14918381","cfc2d79c40133b222621a9d3f21c9f86e726243d6bd84adef3c5ca33bc64fd66"
"docs-generated\benchmarks\BM-SOL-CANTILEVER-001\linear_method_cg.json","14925219","e032f0741c86bf83f5d480f95245d1bb3b0a9dba06f54d8b695d89506b83ab28"
"docs-generated\benchmarks\BM-SOL-CANTILEVER-001\linear_method_direct.json","14915057","6b55fdce6d2bca18abcff1204a3f2cd0771f15b39f5bd9fab589b7afa5f9c7ed"
"docs-generated\benchmarks\BM-SOL-CANTILEVER-001\linear_method_gmres.json","14916202","799e8356d7c398a151f89472f9261bfcf5e7a1f8d88b8e29ae5e64229f097018"
"docs-generated\benchmarks\BM-SOL-CANTILEVER-001\linear_method_minres.json","14925875","16beebb319dbdb820adc6af3f4ed3aa4d728ab202715bf97dd272ecb05549813"
"docs-generated\benchmarks\BM-SOL-CANTILEVER-001\tet10.import_report.json","1478","4d985d8a84236d01496c91cbc7c7f0cfe66c1212f53cb0eb64d29230c6274c51"
"docs-generated\benchmarks\BM-SOL-CANTILEVER-001\tet10.json","72815702","8844668d31ad22402d395be13d7b683540a67ff67520fa8c7ff1236aec254118"
"docs-generated\benchmarks\BM-SOL-CANTILEVER-001\tet10.model.json","108284","d1febcc79a027cc6d6f5b0299fdedadcc641623cfef10e5df467162fa35465e1"
"docs-generated\benchmarks\BM-SOL-CANTILEVER-001\tet10.setup.json","1149","597b412f46090056677c869b5932c9f099b13deea5a3d09ad3406d73adbb1350"
"docs-generated\benchmarks\BM-SOL-CANTILEVER-001\tet10.vtu","150779","2e9598218b3a3f5d700e18394f00a969e045ca31b1fd8edf6b76e63d909b36ea"
"docs-generated\benchmarks\BM-SOL-CANTILEVER-001\tet4_h1.import_report.json","1468","92b301282667af348ef1672d244e2b2b618d0eb89ef2bbee058900a379c29e08"
"docs-generated\benchmarks\BM-SOL-CANTILEVER-001\tet4_h1.json","13254108","834ad632a325cfec6792f1561c5df6f3d60ff5020f0849e1e2e83ad368f2cc89"
"docs-generated\benchmarks\BM-SOL-CANTILEVER-001\tet4_h1.model.json","43539","6f3d9e800c473224ce5f0caa7c1736b6048c5575ebcf22b816089ad2a3a1d4be"
"docs-generated\benchmarks\BM-SOL-CANTILEVER-001\tet4_h1.msh","10328","3a38ff2bb32bf12a989c05b35528674596deb5155ef8ac07977032171db15597"
"docs-generated\benchmarks\BM-SOL-CANTILEVER-001\tet4_h1.setup.json","1169","5ea94b7428986cb3de1a541ff61db7303879ef8f3a31db2d8ebc8e3d3e7368c1"
"docs-generated\benchmarks\BM-SOL-CANTILEVER-001\tet4_h1.vtu","55810","b1d4595a7218a2b542839035b833bb7564f29bc1086767ec0393104b76463b47"
"docs-generated\benchmarks\BM-SOL-CANTILEVER-001\tet4_h2.import_report.json","1468","7c6b778f0c87598acde3f611c304e6c4e9f8020246a6407498f85035f2928961"
"docs-generated\benchmarks\BM-SOL-CANTILEVER-001\tet4_h2.json","14800721","fbe109c1d077802b24e94ba685279542ff71f05dbbf2ea3cdd4072350069e665"
"docs-generated\benchmarks\BM-SOL-CANTILEVER-001\tet4_h2.model.json","49073","088c10bbd0cba15696c20ce17ba764e88ad5831d2a3e2c209efdbffe4edcd3ac"
"docs-generated\benchmarks\BM-SOL-CANTILEVER-001\tet4_h2.msh","12351","aa02ccb4c837f69b676a31b53afd2b2c6cbc75a7f2e5eba9d60c4c5982164c3e"
"docs-generated\benchmarks\BM-SOL-CANTILEVER-001\tet4_h2.setup.json","1169","5ea94b7428986cb3de1a541ff61db7303879ef8f3a31db2d8ebc8e3d3e7368c1"
"docs-generated\benchmarks\BM-SOL-CANTILEVER-001\tet4_h2.vtu","63299","b409e06bd275d800426cdaed8705959de54c1bfb443692a98ae9aa3f3fb0edb1"
"docs-generated\benchmarks\BM-SOL-CANTILEVER-001\tet4_h3.import_report.json","1468","319b539a7b350a15ced46fb2f37bc564e26cf72c8f5fa9522dcdaab354cab70f"
"docs-generated\benchmarks\BM-SOL-CANTILEVER-001\tet4_h3.json","20276224","d3276c226d60deaf937ad3d0e73f3777fa359c49202d8430bf804effee89a407"
"docs-generated\benchmarks\BM-SOL-CANTILEVER-001\tet4_h3.model.json","63630","ad64586f990f66eb3daa298ef8b2fc6e1f485d9410acca70e14d09a405e62fbe"
"docs-generated\benchmarks\BM-SOL-CANTILEVER-001\tet4_h3.msh","16668","543a4d840774561b62eccc9502f1339309df0565bf48ea2e3548152bc5460e2d"
"docs-generated\benchmarks\BM-SOL-CANTILEVER-001\tet4_h3.setup.json","1169","5ea94b7428986cb3de1a541ff61db7303879ef8f3a31db2d8ebc8e3d3e7368c1"
"docs-generated\benchmarks\BM-SOL-CANTILEVER-001\tet4_h3.vtu","82866","703141064aa9760e91ef1fee85f203b1727259f802b7ed9787cc27f2a093d988"
"docs-generated\benchmarks\BM-SOL-CANTILEVER-001\tet4_h4.import_report.json","1470","efd4104f73f7cbaa9e41642278ce67c1a76ccedcbed17287f0c43014d0626628"
"docs-generated\benchmarks\BM-SOL-CANTILEVER-001\tet4_h4.json","42013519","40cd28d2ee84dfc47823c6e213100fdc8337b38e27dbd36f75aabb99678c852c"
"docs-generated\benchmarks\BM-SOL-CANTILEVER-001\tet4_h4.model.json","128613","1a96ab78442e744ea815a7c32c5ac3f5816e1a4956aaf1c684d98630025f96ae"
"docs-generated\benchmarks\BM-SOL-CANTILEVER-001\tet4_h4.msh","32084","3cc67b6b8e846479902c0caa42eb1c33b953659d66643fdae63042c17386cb0a"
"docs-generated\benchmarks\BM-SOL-CANTILEVER-001\tet4_h4.setup.json","1169","5ea94b7428986cb3de1a541ff61db7303879ef8f3a31db2d8ebc8e3d3e7368c1"
"docs-generated\benchmarks\BM-SOL-CANTILEVER-001\tet4_h4.vtu","165603","75fb9a62af008f2b37cf018c1889924c4b3c2dd9e3a8fe7038a44bed25b0fa53"
"docs-generated\benchmarks\BM-SOL-CANTILEVER-001\tet4_h5.import_report.json","1475","847afb4608bfbd38c40774596db0707fda86c6165cb465fc11047d20d637f72a"
"docs-generated\benchmarks\BM-SOL-CANTILEVER-001\tet4_h5.json","73658379","74e88d683f5016d5d3a24bca1ecea3bb5707c226eadc42c7c9574d9d4ba05b97"
"docs-generated\benchmarks\BM-SOL-CANTILEVER-001\tet4_h5.model.json","215460","021cf60ad915a3eefd1e39e65b76472298a882c1fe6e0a7f37c3c853588d5837"
"docs-generated\benchmarks\BM-SOL-CANTILEVER-001\tet4_h5.msh","53221","d220979f2fa6cfab03c8f1271b0c2a3e792b8306125f74c899632254c85dd54f"
"docs-generated\benchmarks\BM-SOL-CANTILEVER-001\tet4_h5.setup.json","1169","5ea94b7428986cb3de1a541ff61db7303879ef8f3a31db2d8ebc8e3d3e7368c1"
"docs-generated\benchmarks\BM-SOL-CANTILEVER-001\tet4_h5.vtu","282071","fa63da389506e131b85d2124aefe96ca4c3704c7abd56fadb96e8b8f8a44ea99"
"docs-generated\benchmarks\BM-SOL-CANTILEVER-001\tet4_h6.import_report.json","1475","4e894431c053b042784f39ce0a185877085b6c1f09300855bdffbec355e00e31"
"docs-generated\benchmarks\BM-SOL-CANTILEVER-001\tet4_h6.json","158021856","ee381648a6f4af2e6541d57491bfae35cf1d91bdbe83f0693ea5fb91b976545a"
"docs-generated\benchmarks\BM-SOL-CANTILEVER-001\tet4_h6.model.json","445386","b9f6ec85f7eef1ff100c64b68b7964328e14af90913273444c0994cf4152040a"
"docs-generated\benchmarks\BM-SOL-CANTILEVER-001\tet4_h6.msh","105445","f9e05b7554342ff6900f4fc6f964a938aaf4124eb57286025895c4fceb9fde3d"
"docs-generated\benchmarks\BM-SOL-CANTILEVER-001\tet4_h6.setup.json","1169","5ea94b7428986cb3de1a541ff61db7303879ef8f3a31db2d8ebc8e3d3e7368c1"
"docs-generated\benchmarks\BM-SOL-CANTILEVER-001\tet4_h6.vtu","577764","f7586a877e911b126397146bd998dc913c0b87cf3f18d63fa6ead57e37992c2a"
"docs-generated\benchmarks\BM-SOL-CANTILEVER-001\tet4.import_report.json","1473","a3474581495c5b73bb920e6eaf5c969e0385c71fa30086a4ee3e3acb61261c5d"
"docs-generated\benchmarks\BM-SOL-CANTILEVER-001\tet4.json","14915057","6b55fdce6d2bca18abcff1204a3f2cd0771f15b39f5bd9fab589b7afa5f9c7ed"
"docs-generated\benchmarks\BM-SOL-CANTILEVER-001\tet4.model.json","49333","66d7966093e3d30e1652ef182194e6437c1a2c043959de47372046abf37f97e5"
"docs-generated\benchmarks\BM-SOL-CANTILEVER-001\tet4.setup.json","1148","e8ed98db31715c7fcdf360e81de022274f48bef7eaeb0573c820d9e71402ca96"
"docs-generated\benchmarks\BM-SOL-CANTILEVER-001\tet4.vtu","63289","3a7312f33df5c554002689c3834cecae82b7985333d1fabd55b6da4e31288f94"
"docs-generated\benchmarks\BM-SOL-TET10-LAME-001\benchmark_manifest.json","2712","d3357720297881fb9f888aee7258740af779f3eef307affebeac09864b4ff945"
"docs-generated\benchmarks\BM-SOL-TET10-LAME-001\benchmark_summary.json","1883","616abc742f2d308de8c292e98920b42743de66f6df68f4cf2c82e10343af613e"
"docs-generated\benchmarks\BM-SOL-TET10-LAME-001\lame_tet10.msh","48606","f2f18581bfed3beaa8d353d749cdffd17a22de911d7f9947ae55e02dc5b89cf9"
"docs-generated\benchmarks\BM-SOL-TET10-LAME-001\result.import_report.json","1376","47bbd9c50f96c8a5c61dbbad417020e04b6109d2576dbee6bd978daafb03b11b"
"docs-generated\benchmarks\BM-SOL-TET10-LAME-001\result.json","106332011","f9972a520674fd51094ecaa0ec818b6161e2c720bfff621e1858851cb69ab9b6"
"docs-generated\benchmarks\BM-SOL-TET10-LAME-001\result.model.json","146014","9656e551a36a6d1ae619eb170710bf80c61358fa13813aebf7372134f44d2ecc"
"docs-generated\benchmarks\BM-SOL-TET10-LAME-001\result.setup.json","1377","d8e0a73a6b552a4b1bd033359b7df019681769d7729cf8db2360c146454f3553"
"docs-generated\benchmarks\BM-SOL-TET10-LAME-001\result.vtu","157012","d5268599af021fbc776923fb29b8ac264776de7d14c5bb8aafc57658c59b40e6"
"docs-generated\benchmarks\BM-SOL-TET4-MEMBRANE-001\benchmark_manifest.json","12762","8c3ddf7f0310b93b2af6ba3ef80d625a9dc4213e21c76cbabbd0223a1e17d8f0"
"docs-generated\benchmarks\BM-SOL-TET4-MEMBRANE-001\benchmark_summary.json","9724","fb069a5bece26b67e8ed8c2878a10f054b49a7f7bc703a961cc5353d540c7a3c"
"docs-generated\benchmarks\BM-SOL-TET4-MEMBRANE-001\compression_h1.import_report.json","1920","fb6721f3db16b2919e8f382c8679570497458d777fce3aeede428f2b94f21d48"
"docs-generated\benchmarks\BM-SOL-TET4-MEMBRANE-001\compression_h1.json","12750752","66b690fd92b144bc6d7cdac715c639220e9f5c815ad22f6bb8c8b6de302a694f"
"docs-generated\benchmarks\BM-SOL-TET4-MEMBRANE-001\compression_h1.model.json","40157","c0363394a49a4af67fc5f8ba2a32a30a69bcc3eb773180e12262d9156dd81cd5"
"docs-generated\benchmarks\BM-SOL-TET4-MEMBRANE-001\compression_h1.setup.json","1465","7eada286ee8e1cbb32ebe011781377e862e3a7266e263d975c0884d817ae558a"
"docs-generated\benchmarks\BM-SOL-TET4-MEMBRANE-001\compression_h1.vtu","50275","edbc88b3f4b00b713168788108bd43cb54cf40c02d2933e8562a3f8000326414"
"docs-generated\benchmarks\BM-SOL-TET4-MEMBRANE-001\compression_h2.import_report.json","1923","61ad1b0b8574a00c826ebbd74a78b8b133edacdd705d2afea6f04e1a2a5402c5"
"docs-generated\benchmarks\BM-SOL-TET4-MEMBRANE-001\compression_h2.json","26650687","a357e4837c46b146b2d4ba592dd149d062dd1d0bd3f0f2812bea4254607150aa"
"docs-generated\benchmarks\BM-SOL-TET4-MEMBRANE-001\compression_h2.model.json","81586","281ae220fe5baf04bdff7f6fcb6e54a95eed1a4730c38b7848426811b06c1f97"
"docs-generated\benchmarks\BM-SOL-TET4-MEMBRANE-001\compression_h2.setup.json","1465","7eada286ee8e1cbb32ebe011781377e862e3a7266e263d975c0884d817ae558a"
"docs-generated\benchmarks\BM-SOL-TET4-MEMBRANE-001\compression_h2.vtu","101570","ecf605b4f72027db2cabb7405b131d8776ca8c3c7f279612c41c95bb496437bc"
"docs-generated\benchmarks\BM-SOL-TET4-MEMBRANE-001\compression_h3.import_report.json","1924","8d9872f62e89fd5da5523906a708e9a6a7ba6ef2202bbfcf8791e0a7bfec176a"
"docs-generated\benchmarks\BM-SOL-TET4-MEMBRANE-001\compression_h3.json","37991650","5f27eca3171f0840be9a6e8c380fcf53e9733ab58e0f888c11149360e5710e9e"
"docs-generated\benchmarks\BM-SOL-TET4-MEMBRANE-001\compression_h3.model.json","120768","f1e0046c69f73348e096db8635b755e5807163b4193a113b93740b9d917fa02c"
"docs-generated\benchmarks\BM-SOL-TET4-MEMBRANE-001\compression_h3.setup.json","1465","7eada286ee8e1cbb32ebe011781377e862e3a7266e263d975c0884d817ae558a"
"docs-generated\benchmarks\BM-SOL-TET4-MEMBRANE-001\compression_h3.vtu","151267","4d82958cd5ed36cd40b14cdb419e449bafc4e17ef5bfba09d251bb9850900a45"
"docs-generated\benchmarks\BM-SOL-TET4-MEMBRANE-001\compression_h4.import_report.json","1927","cfec8d697cd72f72dd4b8ca0df0d6cfbb694669959b68a1be3fe26852fcfdb67"
"docs-generated\benchmarks\BM-SOL-TET4-MEMBRANE-001\compression_h4.json","66583330","b786475e23eb0cd562810be010664597a82686f396b12988935154b51d2443c9"
"docs-generated\benchmarks\BM-SOL-TET4-MEMBRANE-001\compression_h4.model.json","206768","3ea514a944f2972642cc3994f92a3d32f33085796b169235825950f920689b25"
"docs-generated\benchmarks\BM-SOL-TET4-MEMBRANE-001\compression_h4.setup.json","1465","7eada286ee8e1cbb32ebe011781377e862e3a7266e263d975c0884d817ae558a"
"docs-generated\benchmarks\BM-SOL-TET4-MEMBRANE-001\compression_h4.vtu","259307","d0b55f0d6bdf61f1a6573a481eb3d685d459154da8b764c4ab6b355b788fa1cd"
"docs-generated\benchmarks\BM-SOL-TET4-MEMBRANE-001\compression_h5.import_report.json","1927","38d4f6b858161970c7a3a3bdfb33db6898708e449e3e7d47c6df30aa8335acef"
"docs-generated\benchmarks\BM-SOL-TET4-MEMBRANE-001\compression_h5.json","151848303","1138ee59b305b291a9180c49f99715d0d6d50dd13638ab9fe4c8456b7d545c4e"
"docs-generated\benchmarks\BM-SOL-TET4-MEMBRANE-001\compression_h5.model.json","425008","b02ac04754ae47d031552e966268e04f7f66125d353ef289cd906d7398579027"
"docs-generated\benchmarks\BM-SOL-TET4-MEMBRANE-001\compression_h5.setup.json","1465","7eada286ee8e1cbb32ebe011781377e862e3a7266e263d975c0884d817ae558a"
"docs-generated\benchmarks\BM-SOL-TET4-MEMBRANE-001\compression_h5.vtu","532384","d29d7c3fc94446be4cea518dd955596baff8ca47a6bd3550fd92549f245df377"
"docs-generated\benchmarks\BM-SOL-TET4-MEMBRANE-001\h1.msh","10425","0a9e86e8582c730523f6f6c0b174881fa06f181cce9131fef944eae9172c2c0b"
"docs-generated\benchmarks\BM-SOL-TET4-MEMBRANE-001\h2.msh","20217","0b881acdacbcbfbb3a9261151a0b88876a4b82967ad0adb395eb246df96eb5c3"
"docs-generated\benchmarks\BM-SOL-TET4-MEMBRANE-001\h3.msh","30141","df92fc20d563ab787f51cce05f3684d512c9ca70863991680f46105a89de8c3c"
"docs-generated\benchmarks\BM-SOL-TET4-MEMBRANE-001\h4.msh","52036","dfdff8c9eb867ae1634ea00fb52d3b76ae520560eb92704be658e8eab56a10c0"
"docs-generated\benchmarks\BM-SOL-TET4-MEMBRANE-001\h5.msh","99743","44f70b40993264088934c890dba30a9ebe9701f668cb44c667cc3b8017ddb656"
"docs-generated\benchmarks\BM-SOL-TET4-MEMBRANE-001\traction_h1.import_report.json","1917","2f3726a09287ce1d637ae5618faef78069498ad0b98b1ad3bd60f707e5b9b122"
"docs-generated\benchmarks\BM-SOL-TET4-MEMBRANE-001\traction_h1.json","12746540","ffb5ff7e07390a3fde2b5874f5cea44de0c3c352c5e9877673999d5fcd2e56b4"
"docs-generated\benchmarks\BM-SOL-TET4-MEMBRANE-001\traction_h1.model.json","40145","c8ef55ae5502375e9dda457a3d47c9d85c98d641b462697588660fd01560ae25"
"docs-generated\benchmarks\BM-SOL-TET4-MEMBRANE-001\traction_h1.setup.json","1464","fab56b8adb4b37dbe4f0a1b405b64841a757f29c65c9fcbd16e853c75feb2995"
"docs-generated\benchmarks\BM-SOL-TET4-MEMBRANE-001\traction_h1.vtu","50103","a33558d98be6ca37349790ffb72b7e8579810e42e47908cfe55b31d747ebf598"
"docs-generated\benchmarks\BM-SOL-TET4-MEMBRANE-001\traction_h2.import_report.json","1920","4d5b09d1a02e4f301b16e18722a6db9d7cc536b268a20991143bd56085b8d4e0"
"docs-generated\benchmarks\BM-SOL-TET4-MEMBRANE-001\traction_h2.json","26658115","072366e3d7733fd0de63f5583650e00db1bb89f84017d3136eccebbdb0f6bc97"
"docs-generated\benchmarks\BM-SOL-TET4-MEMBRANE-001\traction_h2.model.json","81566","6e8f19919ab51ccea329218fcd355548441813f52675a4274512680ffe8dfd10"
"docs-generated\benchmarks\BM-SOL-TET4-MEMBRANE-001\traction_h2.setup.json","1464","fab56b8adb4b37dbe4f0a1b405b64841a757f29c65c9fcbd16e853c75feb2995"
"docs-generated\benchmarks\BM-SOL-TET4-MEMBRANE-001\traction_h2.vtu","101374","778cb58575c5c84d0f3685786ecea5cabc9bebc7fc2836bb5175fb5ddfc3c681"
"docs-generated\benchmarks\BM-SOL-TET4-MEMBRANE-001\traction_h3.import_report.json","1921","bb69be3dc201ac499642d3ffcf2598171ad3783c17bc37d4314a6cdc68ea5711"
"docs-generated\benchmarks\BM-SOL-TET4-MEMBRANE-001\traction_h3.json","37988002","103710b4fa215d94e44b7bf78402aa6aa32ff38f868dc2cf56143786cbd088fc"
"docs-generated\benchmarks\BM-SOL-TET4-MEMBRANE-001\traction_h3.model.json","120742","5eae6bb820acf8fc301d4c1e8ff5e3ba5fff9243304ebc4dae2b0792350b8313"
"docs-generated\benchmarks\BM-SOL-TET4-MEMBRANE-001\traction_h3.setup.json","1464","fab56b8adb4b37dbe4f0a1b405b64841a757f29c65c9fcbd16e853c75feb2995"
"docs-generated\benchmarks\BM-SOL-TET4-MEMBRANE-001\traction_h3.vtu","150942","08121c276c693bbd86bb6b8d678db447da5a249f163f6835f5d2e4fa6e70ee5a"
"docs-generated\benchmarks\BM-SOL-TET4-MEMBRANE-001\traction_h4.import_report.json","1924","1b3b43a3d05cd4b3a8d26c8589ad08baeafc789f64266885697c87d58c65180e"
"docs-generated\benchmarks\BM-SOL-TET4-MEMBRANE-001\traction_h4.json","66575217","b495540f2de3407e7dcf8fb4616aaa92a757076a3d97621979ccb02b59c386b8"
"docs-generated\benchmarks\BM-SOL-TET4-MEMBRANE-001\traction_h4.model.json","206734","20343e959e6051e7b774f22136c01537772a31a262b5acc4ee072146cdc66527"
"docs-generated\benchmarks\BM-SOL-TET4-MEMBRANE-001\traction_h4.setup.json","1464","fab56b8adb4b37dbe4f0a1b405b64841a757f29c65c9fcbd16e853c75feb2995"
"docs-generated\benchmarks\BM-SOL-TET4-MEMBRANE-001\traction_h4.vtu","258563","e16f3d8fadb8d5879df9711575f925061ccfc350e46199e4824e97e8ab913efa"
"docs-generated\benchmarks\BM-SOL-TET4-MEMBRANE-001\traction_h5.import_report.json","1924","3360d78726fb27b1f5ded267a79ab36b15e7c1eb52f1d4b401ba9496f0997357"
"docs-generated\benchmarks\BM-SOL-TET4-MEMBRANE-001\traction_h5.json","151822339","2d33383ba411df37084bab0c7c937ec8031fc4b00d908851d9bf79a59c1f749f"
"docs-generated\benchmarks\BM-SOL-TET4-MEMBRANE-001\traction_h5.model.json","424962","85730b802dc8bd1bf3a4eb8eb245616aaf82c1b2843379fbdbf1f2329255d204"
"docs-generated\benchmarks\BM-SOL-TET4-MEMBRANE-001\traction_h5.setup.json","1464","fab56b8adb4b37dbe4f0a1b405b64841a757f29c65c9fcbd16e853c75feb2995"
"docs-generated\benchmarks\BM-SOL-TET4-MEMBRANE-001\traction_h5.vtu","530744","2d535a3c322a986d66290c3a8aa3070741d58e83b925c17ea747b36e3bb53885"
"docs-generated\benchmarks\BM-SOL-TET4-PATCH-001\benchmark_manifest.json","2706","1ea191eeea1558217d3d306026512f5e50b805f0560c94a30b8d9e556be5fa35"
"docs-generated\benchmarks\BM-SOL-TET4-PATCH-001\benchmark_summary.json","1861","e3cf793b465eccdda9ac85f38e6b0cbcdc781cb96ddc21b0f4e899785acd5063"
"docs-generated\benchmarks\BM-SOL-TET4-PATCH-001\patch_tet4.msh","10192","adf262fc724cc16ace6dfe2907b1112ca3e0781e914141e2859f6e575fd64b2e"
"docs-generated\benchmarks\BM-SOL-TET4-PATCH-001\result.import_report.json","1860","a24f598e9bfbe0d1dae7b713c38422ea1f2d35b394bb6a2bdb246a9049961016"
"docs-generated\benchmarks\BM-SOL-TET4-PATCH-001\result.json","11497572","5d9825cfb14e3cd08f8647c9d26b64e9db4be4f2d843663f375411d18cf880d1"
"docs-generated\benchmarks\BM-SOL-TET4-PATCH-001\result.model.json","45133","3c051aec138628b62c52fd21995b9380fc4b9d53d0140c6b22d28d97ed5e0f3e"
"docs-generated\benchmarks\BM-SOL-TET4-PATCH-001\result.setup.json","1754","dc9550c48fde5ac9f92ba0a1453619650ea9e72032b48ac6a3fd96046f9228ca"
"docs-generated\benchmarks\BM-SOL-TET4-PATCH-001\result.vtu","45425","0ed8aaf885f10fcd35e7cc805b3f113c85ddffec94691ccd81232cb2aaff36b1"
"docs-generated\benchmarks\BM-SOL-TET4-TORSION-001\benchmark_manifest.json","10839","de4a5f6ced037858ba69e26fb4247671f742cc05883a7a3b3688e18cee859859"
"docs-generated\benchmarks\BM-SOL-TET4-TORSION-001\benchmark_summary.json","8128","9b036e7f87b1d0fe5e12f759f03a4a3733a3b978c403e3d78eefe2cc62cb26ae"
"docs-generated\benchmarks\BM-SOL-TET4-TORSION-001\h1.import_report.json","1110","7aef16624a3283510b98f83f4c6b11db5a5c871e8ad91ea494f1d8f7c7bf451b"
"docs-generated\benchmarks\BM-SOL-TET4-TORSION-001\h1.json","10154262","6ada12c4a53706361cac1f3082fccdce3d769477129163af2d704e5116fdf7bb"
"docs-generated\benchmarks\BM-SOL-TET4-TORSION-001\h1.model.json","32119","4ae44dc13a544c7700959ab080c70804eb8e88fd9f138057cff32724a692a6b8"
"docs-generated\benchmarks\BM-SOL-TET4-TORSION-001\h1.msh","8239","6620d8352e09d48c8da78c17d1ef4d75fd67315a7d8a40c5d4a249960463f409"
"docs-generated\benchmarks\BM-SOL-TET4-TORSION-001\h1.setup.json","828","df718595bf34a25452c0dc614546d3a1fc0a4262d69d26150888c523a3465881"
"docs-generated\benchmarks\BM-SOL-TET4-TORSION-001\h1.vtu","41944","3f948be64211be2d10c06553fb7f337e94949db038eb29fd618514ffc8220509"
"docs-generated\benchmarks\BM-SOL-TET4-TORSION-001\h2.import_report.json","1117","2f69c8863f25b505d6bfc82b0f122e4e43fa1dde723a0cc9c5e4393e211024c5"
"docs-generated\benchmarks\BM-SOL-TET4-TORSION-001\h2.json","16596751","1ae83159b8792e2a54713d94ef2dc94909afcb626a73341550e1f2a74128b192"
"docs-generated\benchmarks\BM-SOL-TET4-TORSION-001\h2.model.json","50781","dbdc7ea00177d4d01c05469f89d8eaed805549e08bfe9fa6f5971dfd073dfdcf"
"docs-generated\benchmarks\BM-SOL-TET4-TORSION-001\h2.msh","12220","b34c28aa831239c3eaeb8e0971311ebc4871ab701d2b9452a743de40f206585f"
"docs-generated\benchmarks\BM-SOL-TET4-TORSION-001\h2.setup.json","828","df718595bf34a25452c0dc614546d3a1fc0a4262d69d26150888c523a3465881"
"docs-generated\benchmarks\BM-SOL-TET4-TORSION-001\h2.vtu","65108","e1221eff67577be3f07abba69115b829ffe8102d7d93f1dfc13cd5bd48955e76"
"docs-generated\benchmarks\BM-SOL-TET4-TORSION-001\h3.import_report.json","1117","62a54dce5ece44f0103fd473ac08bd458b6f25dddfaf76a4518924b3b5bec6cb"
"docs-generated\benchmarks\BM-SOL-TET4-TORSION-001\h3.json","21489804","980c2df400f1bdf5c16355c0a9f66699f48e6ea371839f7a0bb38b2883833272"
"docs-generated\benchmarks\BM-SOL-TET4-TORSION-001\h3.model.json","66430","82377b314e9802f711c1b2513dd126feb3061e37c553cf8f736fefe3a4b4ca54"
"docs-generated\benchmarks\BM-SOL-TET4-TORSION-001\h3.msh","16431","31a19bfa292b18bbd022397d11beabe873f4910dc358abda61e877519bedb0d2"
"docs-generated\benchmarks\BM-SOL-TET4-TORSION-001\h3.setup.json","828","df718595bf34a25452c0dc614546d3a1fc0a4262d69d26150888c523a3465881"
"docs-generated\benchmarks\BM-SOL-TET4-TORSION-001\h3.vtu","84975","65c8cb21c239d7ee6038b5ed1cb16c7ca60f300e4d39c9c93d83c7f1ede8c82c"
"docs-generated\benchmarks\BM-SOL-TET4-TORSION-001\h4.import_report.json","1117","fd10ace513db1b339d019a11e4ad4604a737279c63c2d6a553761460717fee4d"
"docs-generated\benchmarks\BM-SOL-TET4-TORSION-001\h4.json","37542957","0923bd78600efe37a1606abfbff00fadcd9885c523111b189695f49dd9d998b8"
"docs-generated\benchmarks\BM-SOL-TET4-TORSION-001\h4.model.json","110111","3e7102544b36ea2c84f21f27bd74086a7b139da1bedbc62285513289dcb0d961"
"docs-generated\benchmarks\BM-SOL-TET4-TORSION-001\h4.msh","25794","9156c6280b7f72d66fc611c3dcf3af9b14bac3cc7076ad64936a2ecb310de655"
"docs-generated\benchmarks\BM-SOL-TET4-TORSION-001\h4.setup.json","828","df718595bf34a25452c0dc614546d3a1fc0a4262d69d26150888c523a3465881"
"docs-generated\benchmarks\BM-SOL-TET4-TORSION-001\h4.vtu","139964","812dfc1c83c3fa53d94351db581c06035b1b7dba745a09d32a8853e08300b094"
"docs-generated\benchmarks\BM-SOL-TET4-TORSION-001\h5.import_report.json","1117","0cc9a1a8b294e85e8ec633f4a42cfd1027430702b196de36afe713ab6d5c3c01"
"docs-generated\benchmarks\BM-SOL-TET4-TORSION-001\h5.json","57559769","300dec18d5c206e0b213d2d5bf29ea96404a1f7d4e9bda8e46054ee2982a4ed1"
"docs-generated\benchmarks\BM-SOL-TET4-TORSION-001\h5.model.json","166520","7fcd41cf0d1765220634d4f07535b9a49f161d45dd75b28b291379b9e07fe5ab"
"docs-generated\benchmarks\BM-SOL-TET4-TORSION-001\h5.msh","38084","6020d4af70093b0927a7be0ffcdfbc294b40398093ea80059f8552f643b2a039"
"docs-generated\benchmarks\BM-SOL-TET4-TORSION-001\h5.setup.json","828","df718595bf34a25452c0dc614546d3a1fc0a4262d69d26150888c523a3465881"
"docs-generated\benchmarks\BM-SOL-TET4-TORSION-001\h5.vtu","210089","9a3343cd59ad9d450444be3e1f5cc322874e201e650bd235530ce183f295421a"
"docs-generated\benchmarks\BM-SOL-TET4-TORSION-001\h6.import_report.json","1120","6ae49cd6f6ed986477e3935cf6267b3fb4fdd5bc34e76bec93154cdbc5779a95"
"docs-generated\benchmarks\BM-SOL-TET4-TORSION-001\h6.json","93911560","5e3f3342830f578171fb042dea402360cc58c15b8f86ab647a361e0cc24abe82"
"docs-generated\benchmarks\BM-SOL-TET4-TORSION-001\h6.model.json","265991","14140866711d49178826c05bd392b837ad34e54faccc36f6e488f83b5a35d790"
"docs-generated\benchmarks\BM-SOL-TET4-TORSION-001\h6.msh","60463","6fdf86d6cc493b3fcf38ce95df06fc5799646c586230eb5b081dd648530164e7"
"docs-generated\benchmarks\BM-SOL-TET4-TORSION-001\h6.setup.json","828","df718595bf34a25452c0dc614546d3a1fc0a4262d69d26150888c523a3465881"
"docs-generated\benchmarks\BM-SOL-TET4-TORSION-001\h6.vtu","335018","792861273abfce7a11389ae46cf3367dd7fcd41a1ca351597c286775cbeb4af9"
"docs-generated\benchmarks\BM-SOL-TET4-TORSION-001\h7.import_report.json","1120","b90285bbe4debe8a404affc00e1515ee04fb7e604b4f9112fcc6d104455dc55e"
"docs-generated\benchmarks\BM-SOL-TET4-TORSION-001\h7.json","145196650","0b5bcc4af079378fa14cae9aa9e59cdde4c34eb80099b5b58a606cae9848b24f"
"docs-generated\benchmarks\BM-SOL-TET4-TORSION-001\h7.model.json","403383","f3ba11eda27b2f666a3e43905aeedfb0ce97ab105946f711914bd49e6abf02f9"
"docs-generated\benchmarks\BM-SOL-TET4-TORSION-001\h7.msh","90623","890e39e729c2ab23119551567192b716b310b5e5c5848e6758f92f484f43a2f7"
"docs-generated\benchmarks\BM-SOL-TET4-TORSION-001\h7.setup.json","828","df718595bf34a25452c0dc614546d3a1fc0a4262d69d26150888c523a3465881"
"docs-generated\benchmarks\BM-SOL-TET4-TORSION-001\h7.vtu","509970","0038e0e0aaff7f80d10a83cb26bc6e37a29e020aa8f1f92a3cc8c07e8565c0cf"
"docs-generated\benchmarks\BM-SOL-TET4-TORSION-001\h8.import_report.json","1120","c781dcd43d4a3bc202169256ca8686137d52d6cab02250f51cae73bc65042d02"
"docs-generated\benchmarks\BM-SOL-TET4-TORSION-001\h8.json","225857327","86d5ffe67d7290eea1e758b4cf615095adfc79fdc91beee6c57a48e8ee93f360"
"docs-generated\benchmarks\BM-SOL-TET4-TORSION-001\h8.model.json","618750","2e73c903bd40c72f2ab771451aa5c9d4d254ad91bf27d5630821d8d5087e1806"
"docs-generated\benchmarks\BM-SOL-TET4-TORSION-001\h8.msh","137415","d2f885ce72dd368aeb62ab7458e21bfb77bdf999c101f7078007493e232295e2"
"docs-generated\benchmarks\BM-SOL-TET4-TORSION-001\h8.setup.json","828","df718595bf34a25452c0dc614546d3a1fc0a4262d69d26150888c523a3465881"
"docs-generated\benchmarks\BM-SOL-TET4-TORSION-001\h8.vtu","784035","8752a0302b3b377ae4cc2926345edd435690b18659ad7f6213c206e1fb97d32a"
"docs-generated\contact_friction\friction_block_comparison.png","79007","7a8a76294b3982af2fb52e098d0fde6bbb835237d3c71c481d1f5dc1e0a045ba"
"docs-generated\contact_friction\report.md","1269","0581337ba94cd2bf2afc3006e52b93a7fd19da82b17a55f313d029a0c0920a94"
"docs-generated\contact_friction\summary.json","8578","de13a55a56faf6cd2c99d5ecc9484539f59187ee2e88103271de9bba483e43b4"
"docs-generated\contact_friction\vnv_manifest.json","1858","5ac95c4b0193f36766894ccf301e5c8fe8b54ff86a7bf1294cd2125c04d740aa"
"docs-generated\contact_friction_structural\friction_structural_convergence.png","58799","d373fb33a6a86ed254151e4faebc1020668effeec502f472d3b5b2f8c573f583"
"docs-generated\contact_friction_structural\report.md","1012","d1099597d4b8ebd3e81b0eec560a00a6a631e3488ce489ce038c0b53899297e5"
"docs-generated\contact_friction_structural\summary.json","3622","55b5c51ca04613b8e32cd1f9190ef05ae260099fac7db013e8c4d18204d566eb"
"docs-generated\contact_friction_structural\vnv_manifest.json","1874","aef363fd35a1a6f813b88f171c683b6a1b48ed03833bc757768ab1660c0865cc"
"docs-generated\contact_structural\contact_structural_convergence.png","55343","733fd4c03646162290280459b8fc3b4b2f55f01522b4d12394f0f6410c8ad669"
"docs-generated\contact_structural\contact_structural_deformation.png","348039","6bd71c7b9c7d68cd1d6120749cc6e309b6aa5c3ec626978919458052143f2434"
"docs-generated\contact_structural\report.md","1118","35d428678635135a965f4804b2dd1e82a2c515e42ca5c50b9adb66551ef7043b"
"docs-generated\contact_structural\summary.json","3387","bdf312add6bdeee4d92ed7a3cd26d12cc8888d70dc2144dd445bc2148f30615d"
"docs-generated\contact_structural\vnv_manifest.json","2070","f64689a59984426447327ad349353d87a50d44423a63c74c6405794fdb7ce9f1"
"docs-generated\large_run\audit_large.json","4601","8e0731308d5043fca6de1f846a3f044909c3a1fb82cb7c185d7d8fb4f1cc0a69"
"docs-generated\large_run\displacements.h5","12208","2037fb59703f573d62201123c6f13872210104806932db26946e0c7b639d78a1"
"docs-generated\large_run\summary.json","559","cae6b861d3e6d586ff3d8c79730f7e183bbf50db6fd073b80fd59dd0b0fc3611"
"docs-generated\mitc3_dynamic_extended\report.md","1763","6b7be068f7df5c9fae59efa2753f19833dc07b33c06f1ae8bac273f2b4721bd6"
"docs-generated\mitc3_dynamic_extended\summary.json","43988","5564805f0ad4d9d40a5bca610bbc7e7b720416fe3653759cd5c0da2961582233"
"docs-generated\mitc3_dynamic_extended\vnv_manifest.json","1298","e38107110ec6c6010701afb56229a6330de64d28f0dd146fadd1b1f63e17567d"
"docs-generated\mitc3_dynamic_extended\VNV-MITC3-MODAL-CURVED-014.png","83710","0ec2be22c9e04b2227ae4644f39e5357b24f56d03ef9c4ade852807c3bef59bd"
"docs-generated\mitc3_dynamic_extended\VNV-MITC3-MODAL-FREEFREE-013.png","63749","2fb9580e16f361e70fd3801979878daccf44584831c1cd9d75944440823bfce4"
"docs-generated\mitc3_dynamic_extended\VNV-MITC3-NEWMARK-HARMONIC-CURVED-016.png","89309","04bc8cd13d49b0fe870a32cdb62bfad0b8673d0191bcb77872e72076b957f67b"
"docs-generated\mitc3_laminate_dynamic\summary.json","35477","a3d98793474e97564b6ea2ebc0a15f9ac0e28ccff5d34494324dba5f6403f749"
"docs-generated\mitc3_laminate_dynamic\vnv_manifest.json","1114","15918bc26d8317497018ed8fd2bfdbb18082f1d24e0264219f00de208549b575"
"docs-generated\mitc3_laminate_dynamic\VNV-MITC3-LAMINATE-DYNAMIC-001-harmonic.png","68710","17ca4f048eebb5d43c6ace433daa13987a941c9370c63f77af2eea3cc33e5f91"
"docs-generated\mitc3_laminate_dynamic\VNV-MITC3-LAMINATE-DYNAMIC-001-newmark.png","105843","1bc4e6500119fda4daa271fc0ceb9a64e8d036da41a109f6ebda97a9a7d1e009"
"docs-generated\mitc3_laminate_dynamic\VNV-MITC3-LAMINATE-DYNAMIC-001.md","1813","a48f07a2fe2e6826c1d04b6d26ef8e64995c88cb1edb2bf90b11e919f223073c"
"docs-generated\mitc4_harmonic_broadband_vnv\summary.json","196235","3a4ca8d95b9841ac2adf1d6547340722f1ab0af5837d8196d483b39a478ebff0"
"docs-generated\mitc4_harmonic_broadband_vnv\vnv_manifest.json","1373","51820127c030ef0e3816ac35b0b89df27da481ab7c617d72d2f917d3be682786"
"docs-generated\mitc4_harmonic_broadband_vnv\VNV-MITC4-HARMONIC-BROADBAND-003-agreement.png","53665","4de907e61880af6535066b26a822877fc318cfb75c00c0b0f3d2800961025208"
"docs-generated\mitc4_harmonic_broadband_vnv\VNV-MITC4-HARMONIC-BROADBAND-003-peak-shapes.png","535792","69b5bd649002df0ee53a4dd73021cfe091ef15f9f32aab025a8953235a620753"
"docs-generated\mitc4_harmonic_broadband_vnv\VNV-MITC4-HARMONIC-BROADBAND-003-response.png","96028","211d2123faa7e6d2829070461d01a44c767a0ba5dee595b10534eb64c2495491"
"docs-generated\mitc4_harmonic_broadband_vnv\VNV-MITC4-HARMONIC-BROADBAND-003.md","961","0dce3028cd95ee88a18df07b53933ca530b8c27636be72153f52315cd139c480"
"docs-generated\mitc4_harmonic_condensation_vnv\summary.json","9437","5ba4ac897e9154a772809a76019163a19100e0d50c9b01eb1322be9337459dc5"
"docs-generated\mitc4_harmonic_condensation_vnv\vnv_manifest.json","906","0773e79380126a64e4de8e5bcf2c3313cc4b2373aece567767fdd2f212f86fe8"
"docs-generated\mitc4_harmonic_condensation_vnv\VNV-MITC4-HARMONIC-CONDENSATION-002-errors.png","90516","a2f2bc447903128435e5c4dc1f424c8c794f11316c468cbd6023f23e483d9046"
"docs-generated\mitc4_harmonic_condensation_vnv\VNV-MITC4-HARMONIC-CONDENSATION-002.md","855","42567b56122748625350d6fa258034ea55d1004809a890b8f95f0e9494e32ff5"
"docs-generated\mitc4_harmonic_vnv\summary.json","22060","003f7ce4bcee9a2fc5f3589de1ddf92f4c95d9c75ade99508da9e5beecabcdc6"
"docs-generated\mitc4_harmonic_vnv\vnv_manifest.json","1072","6c1dc8405d1ef4939e11662e6a28e3b4bb4eadf5a911cd660fdcc53e71528f27"
"docs-generated\mitc4_harmonic_vnv\VNV-MITC4-HARMONIC-MODAL-001-damping.png","49005","63ab11a5388e5c5f57d8ec7e328a622e70465d1d42c1ddf2d202306ef1c84537"
"docs-generated\mitc4_harmonic_vnv\VNV-MITC4-HARMONIC-MODAL-001-response.png","62609","0ea3e7bdeb4db446f89dcbbf103bb6868ee465ffbff2a18e1414529b86f3dd16"
"docs-generated\mitc4_harmonic_vnv\VNV-MITC4-HARMONIC-MODAL-001.md","672","a07602b5e51b2ef1e8b81df51ab972732ebce25d116cbbde132bca241138a007"
"docs-generated\mitc4_laminate_dynamic\summary.json","33564","7a754ef0a3154795ec5f40a982ea6baa98434ecc44dbf58315605106d3696474"
"docs-generated\mitc4_laminate_dynamic\vnv_manifest.json","1114","9a4e57e046eb8bab8417412fcb052594aa835d79de4d0c21e75659d628dcacde"
"docs-generated\mitc4_laminate_dynamic\VNV-MITC4-LAMINATE-DYNAMIC-001-harmonic.png","68725","03f72f4b9da0330832189bf046a3d3385aa4700c32b8af60365b8913c72b4248"
"docs-generated\mitc4_laminate_dynamic\VNV-MITC4-LAMINATE-DYNAMIC-001-newmark.png","105988","b5718595e2ee2543367ee64f07006671a69cadfe0b4773118883961f430c1a1b"
"docs-generated\mitc4_laminate_dynamic\VNV-MITC4-LAMINATE-DYNAMIC-001.md","1499","908d689b9873649c352c0249222c3a57962d83dc1bf162e6ec8fb9d706d20d2e"
"docs-generated\mitc4_modal_plate_vnv\summary.json","4712","cc806f352a90efee664e0c4f192e1cf9ea2b56148a62091d38e101b586838dd9"
"docs-generated\mitc4_modal_plate_vnv\vnv_manifest.json","1076","d64930382e5c1f06616f1eefcf9572254a58c1056a276726f5966388113071be"
"docs-generated\mitc4_modal_plate_vnv\VNV-MITC4-MODAL-PLATE-003-convergence.png","50162","7a6dc31dd590f95d93d768688c2912083433b3739b9c86fb7591cbe762b8185a"
"docs-generated\mitc4_modal_plate_vnv\VNV-MITC4-MODAL-PLATE-003-mode-11.png","307311","e274154a38cdfbcd041f90219e6a248436d305350cc80597031706312cb6a6ef"
"docs-generated\mitc4_modal_plate_vnv\VNV-MITC4-MODAL-PLATE-003.md","1425","0e5142c6b2d5d57db1aa14f7d988e765075fed9139d17330433c4a445d6b7030"
"docs-generated\mitc4_nafems13h_vnv\summary.json","127966","1bc649cb132ba30cf9d3b791d601b4ee1ee769996c25b2c87ccdef019b074f31"
"docs-generated\mitc4_nafems13h_vnv\vnv_manifest.json","2275","4ff046f1fea4d7f9f11eef2ceb0ebaa2d25afd253eeca25827f917bc2c723510"
"docs-generated\mitc4_nafems13h_vnv\VNV-MITC4-HARMONIC-NAFEMS13H-004-deformed.png","250911","ffa251165febf63b4ed222d4b5829d60fad1a047ef891eb789be333b07bf2dd3"
"docs-generated\mitc4_nafems13h_vnv\VNV-MITC4-HARMONIC-NAFEMS13H-004-model-setup.png","46833","f7bc02b2ca368e734942d3f924425e92633f4d4808174adb25a1ae222cf53f2e"
"docs-generated\mitc4_nafems13h_vnv\VNV-MITC4-HARMONIC-NAFEMS13H-004-response.png","48219","75caea1ef23cd5119d799b8b9c6545389915085d378d33a2b746e14b5c2994cc"
"docs-generated\mitc4_nafems13h_vnv\VNV-MITC4-HARMONIC-NAFEMS13H-004-stress-response.png","82289","60bf87ed0147fe5704bf1f066fc8181af29f41c4050ae5efa0c699aa7a89c904"
"docs-generated\mitc4_nafems13h_vnv\VNV-MITC4-HARMONIC-NAFEMS13H-004.md","1608","6811fbb70d2572ab673609c8d5c91a0acaf4ce9f2718e9771632966ae001aa53"
"docs-generated\mitc4_newmark_broadband_vnv\summary.json","780965","6108ea44544dfe2e35cb3eff5d475d8659b312d106da51f5df2770e2aab6e927"
"docs-generated\mitc4_newmark_broadband_vnv\vnv_manifest.json","1607","8ca223b435a9ebbbbc7df9465fa9fa9d3ff053696b0909c3321a7d2428fdf305"
"docs-generated\mitc4_newmark_broadband_vnv\VNV-MITC4-NEWMARK-BROADBAND-004-convergence.png","120492","cd631d8b66e19b844ba9e8d2bf0ec58e24dfdc2db4ec2780a0927b7cafc0dba2"
"docs-generated\mitc4_newmark_broadband_vnv\VNV-MITC4-NEWMARK-BROADBAND-004-displacement.png","190681","cec06bf5e859f868285b3263ebc17fed9234b22bfb773acd48cf5475256810dc"
"docs-generated\mitc4_newmark_broadband_vnv\VNV-MITC4-NEWMARK-BROADBAND-004-excitations.png","146415","2b0fde304a03e77fa81e485d4486973e90a5bff68dc1a8c08d570477b1e52231"
"docs-generated\mitc4_newmark_broadband_vnv\VNV-MITC4-NEWMARK-BROADBAND-004-stress.png","191631","e9933c176dadfdef99416ff64a47d8d246e317d2111296975cb7663d3520985c"
"docs-generated\mitc4_newmark_broadband_vnv\VNV-MITC4-NEWMARK-BROADBAND-004.md","1390","8fb191e2d4dd6d351b1148f32a9365248c8fb3c58170e2232952da60c633ea64"
"docs-generated\mitc4_newmark_extended_vnv\summary.json","212699","2a42243b018557b4bc43c32f3c9babe91397497ce41079b8af3096c5376918c1"
"docs-generated\mitc4_newmark_extended_vnv\vnv_manifest.json","1139","6591d30a1cadbd29166aab738b7ad368cd70d53b37a292aafc2332ea299e9899"
"docs-generated\mitc4_newmark_extended_vnv\VNV-MITC4-NEWMARK-DAMPED-FORCED-003-convergence.png","62509","4deedf3a7d5596e0c8435e00c5663e74e351f37fe8ada33c90eceb523d88939e"
"docs-generated\mitc4_newmark_extended_vnv\VNV-MITC4-NEWMARK-DAMPED-FORCED-003-histories.png","118385","cfba7289df79a3ab0977f15473cb015ee552b7b73f9eef0b4336a0c8dfdb33e8"
"docs-generated\mitc4_newmark_extended_vnv\VNV-MITC4-NEWMARK-DAMPED-FORCED-003.md","875","80ff70631d7348108d96fbfaaf8fdd269d0fd514017813fc6dd779e7a069a1ae"
"docs-generated\mitc4_newmark_vnv\summary.json","88234","2aa386008a5f756c4282c676c90e2153d69a5db2763351deb2e214c860db9807"
"docs-generated\mitc4_newmark_vnv\vnv_manifest.json","1063","f74b874befee238655369b7c02d52d0d90969efe315680f218cc0820b1056494"
"docs-generated\mitc4_newmark_vnv\VNV-MITC4-NEWMARK-FREE-002-convergence.png","44616","b8f9d7a80a890255b87c25fb6654ff260b1bea56eed884322107ac89063ad922"
"docs-generated\mitc4_newmark_vnv\VNV-MITC4-NEWMARK-FREE-002-history.png","89557","84d6f213b3d6ddb3d4bccca7b5cccabafd4c65f51c61083ab0c5afd71fd0c96d"
"docs-generated\mitc4_newmark_vnv\VNV-MITC4-NEWMARK-FREE-002.md","806","3331ddb159cb0c4740519a4f3f0478962c1c29eab0af95a8fd6da8dd1c563115"
"docs-generated\models\large_block_documentation.npz","3361","a4ef61bc92affaee02cee1470c44dd06a1a514aeaec6b10458ef4aa29a645e63"
"docs-generated\models\mitc4_plate_bending.json","4786","22c9ab7e7c91b5fdc4e14ce6cb4bad5dedb50371a9b767f3af69ab94ae5b1db5"
"docs-generated\models\tet10_cantilever.json","11614","d546121b8a0779f6c1ea9fae5cb13d892750fe48efe108f0f21afd92c8e7981a"
"docs-generated\models\tet4_cantilever_r1.json","5646","0948e15b1dd42a9f512b0e4b221983fcc964a891a5d6a98aa6ba755eef68493d"
"docs-generated\models\tet4_cantilever_r1.npz","2440","181add23faea8ec0a170418e92d026dc74a5fe40e3b0d85c1c78c67c5ca18a5f"
"docs-generated\models\tet4_cantilever_r2.json","34560","0b41cc0d8727e536a4283a942441fdc91b4aea53b65801dcc6906255c055c0d5"
"docs-generated\models\tet4_cantilever_r2.npz","3238","2d06deb33ac651f02efd0ab59258911df56554d4b9e23912244323262e83902c"
"docs-generated\models\tet4_cantilever_r3.json","115908","375024938625711ba704485d78d0b80ceacb693530faa9af343afd972b87704d"
"docs-generated\models\tet4_cantilever_r3.npz","5225","e8d243f2148bb6f237ae76da54d8e7605ff25eabd411254bbcb431e137634a1f"
"docs-generated\qualification_campaign\qualification_campaign_summary.json","123605","76d5d58e9fc1f3ed4d38b9ed918d0750ccd147b1ab2ba8157daeafa561a78b98"
"docs-generated\qualification_campaign\qualification_campaign_summary.md","10794","cad2bc6ec41b730bf06a82d6c99a7724468773e1c85ca97348a8f2d98e4e61da"
"docs-generated\qualification_campaign\SOV-DYN-NEWMARK-001\audit.md","3035","ada29445a2bef149c25c6b60357edd838c75cb2887064667c0f5365b673956dc"
"docs-generated\qualification_campaign\SOV-DYN-NEWMARK-001\evidence_manifest.json","6187","511bca5c7d100d412e3c7c6c3b238a6cffc13963aaf913c3c9a9b491ee67d5ac"
"docs-generated\qualification_campaign\SOV-DYN-NEWMARK-001\input.json","754","99f11ddf7f53c465a2a3f53429c5c5731ea12560d8c4356aa5b20607ccfae5fa"
"docs-generated\qualification_campaign\SOV-DYN-NEWMARK-001\mesh_report.json","2466","63d530fe31e1c0db98e82491e457fbee94f6810764d070537a5b75abd8a8b8c8"
"docs-generated\qualification_campaign\SOV-DYN-NEWMARK-001\qualification_summary.json","1091","0a664796a87eb571c1f1e72fc05fe0b7468cedb784ca2ae7717c341c2d920505"
"docs-generated\qualification_campaign\SOV-DYN-NEWMARK-001\results.json","83154","652dbe6328f069399912565d53fc8d549fb8c2771c8cad9f74ca599b9860b71e"
"docs-generated\qualification_campaign\SOV-DYN-NEWMARK-001\solver_settings.json","14207","2380de14c05fb720b96d71b1872627a76753926a2a7b066662e8296834963677"
"docs-generated\qualification_campaign\SOV-DYN-NEWMARK-001\csv\audit_checks.csv","4861","d2e295053b6453d21c7f82f0f075d30ba0988b97e99bd42d6a1646b2cbbf20bb"
"docs-generated\qualification_campaign\SOV-DYN-NEWMARK-001\csv\element_results.csv","3677","9ae8069edffb228329af580fac839dcf97e9d6e1f3b9629ade8494c21227bf66"
"docs-generated\qualification_campaign\SOV-DYN-NEWMARK-001\csv\nodal_displacements.csv","222","4064ee319154fef35328984c8f779a53ad12299ad2cbf9b7a9360106ec6b867b"
"docs-generated\qualification_campaign\SOV-DYN-NEWMARK-001\csv\nodal_results.csv","1553","b751272de7f491615d0666d84609d5b1c9843d665cc460153153ef9410205860"
"docs-generated\qualification_campaign\SOV-DYN-NEWMARK-001\csv\post_results.csv","4915","6c7b7ab2640ff0b39706b2cecfefa2c22d4cabb387d49412f4ad5ee9b6a97171"
"docs-generated\qualification_campaign\SOV-DYN-NEWMARK-001\csv\time_history.csv","2287","a8070f50e1e04ff5e053c41bbe757e1e47a161d4e0773e6d8fa29647cd020978"
"docs-generated\qualification_campaign\SOV-DYN-SDOF-001\audit.md","3597","cbc2ea86f1f1b8d3137ea439b99f6e3b2b677104f6a38dfef9a66ed1633b9846"
"docs-generated\qualification_campaign\SOV-DYN-SDOF-001\evidence_manifest.json","6197","fe024d4df784ebd4b0995d5dee9e3270712870f91df28b4f907130bfa97fdb90"
"docs-generated\qualification_campaign\SOV-DYN-SDOF-001\input.json","825","6797c44036be9d04fa706fed49abd2d6d53a92a586ba36cbe881c365ad5d3898"
"docs-generated\qualification_campaign\SOV-DYN-SDOF-001\mesh_report.json","2456","d544f97631b3a10b3077ce1c61c623d566a7b78dd99f7aec5e1481e25e879963"
"docs-generated\qualification_campaign\SOV-DYN-SDOF-001\qualification_summary.json","1091","0a664796a87eb571c1f1e72fc05fe0b7468cedb784ca2ae7717c341c2d920505"
"docs-generated\qualification_campaign\SOV-DYN-SDOF-001\results.json","99511","924461f4d18299612b9f423604ff938023eb91db6d5c3c10ada163f1a9340cd3"
"docs-generated\qualification_campaign\SOV-DYN-SDOF-001\solver_settings.json","31712","78ca0632e05c470265f2428b7f13f18269be9dc23fb6b72a11a8c6b06bd7d526"
"docs-generated\qualification_campaign\SOV-DYN-SDOF-001\csv\audit_checks.csv","4848","2822d8835655e247d591f62815fd4ebe0a41ba5deb7d2b85da64d3b45ff0f66a"
"docs-generated\qualification_campaign\SOV-DYN-SDOF-001\csv\element_results.csv","3737","c7b4a6b2e754377a3065124acc1aba7ad1cd77d3e42d34a518e469642e47fe01"
"docs-generated\qualification_campaign\SOV-DYN-SDOF-001\csv\nodal_displacements.csv","222","33f9167d9f390aa3b22d1b2aaf20e5ba3c3cd15fc1fc8007b27182a1f8ab3880"
"docs-generated\qualification_campaign\SOV-DYN-SDOF-001\csv\nodal_results.csv","1589","ac9444fef94f4929e32f98934ce7091f3fc3de7413c6e27cead66495b927e01e"
"docs-generated\qualification_campaign\SOV-DYN-SDOF-001\csv\post_results.csv","4975","b7c4d2d407032ce07d582c2cc98a31c19905a70a8ffd919f87bb87ff93343b4c"
"docs-generated\qualification_campaign\SOV-DYN-SDOF-001\csv\time_history.csv","7891","d996feb9681617411f59280dc412523aba9e4cb6a0b272ac750e38defb167708"
"docs-generated\qualification_campaign\SOV-HAR-DIRECT-001\audit.md","2571","920883da88619e92661b3f9a11f46456e19717dc5b66ad78ef4b32e72ad1c638"
"docs-generated\qualification_campaign\SOV-HAR-DIRECT-001\evidence_manifest.json","5586","cfaf4fa35e9b5120e810a255dd4d02e042dc8933566d9656f9d4844aef3e08f9"
"docs-generated\qualification_campaign\SOV-HAR-DIRECT-001\input.json","677","8302ff982c4dbb853aaeaf06f15b16f21542996aa4a5707a9d0d6aad2b23b1cc"
"docs-generated\qualification_campaign\SOV-HAR-DIRECT-001\mesh_report.json","2466","63d530fe31e1c0db98e82491e457fbee94f6810764d070537a5b75abd8a8b8c8"
"docs-generated\qualification_campaign\SOV-HAR-DIRECT-001\qualification_summary.json","1091","0a664796a87eb571c1f1e72fc05fe0b7468cedb784ca2ae7717c341c2d920505"
"docs-generated\qualification_campaign\SOV-HAR-DIRECT-001\results.json","65391","6793bfd3e3d1d02304cfb4bf3f872f99eb5a9bdfff7fc15742bd5281a1cb43ab"
"docs-generated\qualification_campaign\SOV-HAR-DIRECT-001\solver_settings.json","8414","1e0e55b918d9f88945091e6e4384db1dd664457708b71d58b3e24b4b8b55b889"
"docs-generated\qualification_campaign\SOV-HAR-DIRECT-001\csv\audit_checks.csv","2836","8463c4370a5e518fd894588c4ef23fdd3a1341ddad30f47b0031183d323fa270"
"docs-generated\qualification_campaign\SOV-HAR-DIRECT-001\csv\element_results.csv","2","7eb70257593da06f682a3ddda54a9d260d4fc514f645237f5ca74b08f8da61a6"
"docs-generated\qualification_campaign\SOV-HAR-DIRECT-001\csv\frequency_response.csv","3218","5f6569f1ab3f8c7b0a55128c67ceebf9133c9598e96e189134023dbb487e804c"
"docs-generated\qualification_campaign\SOV-HAR-SDOF-001\audit.md","2573","d40dbc433678f7af447c25d9496408a8490d8e9f123a554ef9b0579ac697cb8e"
"docs-generated\qualification_campaign\SOV-HAR-SDOF-001\evidence_manifest.json","5591","a7bdcd63a856aad34b3f4084d2f33e4f8610db8a30f3a40ca51be356a2fc027e"
"docs-generated\qualification_campaign\SOV-HAR-SDOF-001\input.json","710","e1b6519a0893bbf219f20083e71eb9d8ce6add638b40c9372971c4c2964134cf"
"docs-generated\qualification_campaign\SOV-HAR-SDOF-001\mesh_report.json","2456","0f9b142a8d3d5c15c7c4b6f2a6ba09e2b5a7a4d8b7a9e962d019993680775442"
"docs-generated\qualification_campaign\SOV-HAR-SDOF-001\qualification_summary.json","1091","0a664796a87eb571c1f1e72fc05fe0b7468cedb784ca2ae7717c341c2d920505"
"docs-generated\qualification_campaign\SOV-HAR-SDOF-001\results.json","60789","02438ab2ef0ef5d6744930e04ed56fe2b747781cec66ce893e7fe35da8f18d0a"
"docs-generated\qualification_campaign\SOV-HAR-SDOF-001\solver_settings.json","7388","ee3eba451035e1211e83d67c018f82d6c75cff6c3576759488d45c59b02ab59c"
"docs-generated\qualification_campaign\SOV-HAR-SDOF-001\csv\audit_checks.csv","2809","c11c525c9356eb1d3b3143db7189ea58cb2735240c322f0ccf215b963c5f08b3"
"docs-generated\qualification_campaign\SOV-HAR-SDOF-001\csv\element_results.csv","2","7eb70257593da06f682a3ddda54a9d260d4fc514f645237f5ca74b08f8da61a6"
"docs-generated\qualification_campaign\SOV-HAR-SDOF-001\csv\frequency_response.csv","2309","b119835dc73567423845670679e2ccb8e7129e7cec44936610f963b720673a69"
"docs-generated\qualification_campaign\SOV-MESH-REJECT-001\mesh_report.json","2159","de262b6fd190d4002edd5bde914c5071d221b209b27b186d79c9e8ab120ce846"
"docs-generated\qualification_campaign\SOV-MITC4-STATIC-001\audit.md","2678","a9ec3578fdb720a012d4a7301cfd7c9bc9799fcc3387702a1d0a6764d0f053f7"
"docs-generated\qualification_campaign\SOV-MITC4-STATIC-001\evidence_manifest.json","6091","1513c2d446d6f2b78bcf70e54e22fb2b1faa8b56471e1f57f15af16a8da0d3c8"
"docs-generated\qualification_campaign\SOV-MITC4-STATIC-001\input.json","639","a2de45e69e1aeb2710bc024e14c82a03c821b36d054398e90fbf93b7244694b4"
"docs-generated\qualification_campaign\SOV-MITC4-STATIC-001\mesh_report.json","2441","da12933361987b8dce273b9445579dc979d54c280b4dd349a893551f70e3151e"
"docs-generated\qualification_campaign\SOV-MITC4-STATIC-001\qualification_summary.json","1036","72d8a28e0f5defec5c4540a6bafe35ffaaa534c05ffb37b772035679ba15d368"
"docs-generated\qualification_campaign\SOV-MITC4-STATIC-001\result.vtu","2532","c188bd504be11d739acb35988434c23c57ae930cdaeae5f890aeb78dd48226b1"
"docs-generated\qualification_campaign\SOV-MITC4-STATIC-001\results.json","135480","99502aec7df22245f18e33de018590b4ce4c24e3b2bf84293a18a9e655a8dd4e"
"docs-generated\qualification_campaign\SOV-MITC4-STATIC-001\solver_settings.json","5094","f4d74aa66d9f11a46943b9ad78e20f32b4a3c89a621f692086a0cd82136aabfe"
"docs-generated\qualification_campaign\SOV-MITC4-STATIC-001\csv\audit_checks.csv","5261","c0bffcbc10d2f1d7805067e540a1e30d60740ede2cc50e1744fdb717e0b8be09"
"docs-generated\qualification_campaign\SOV-MITC4-STATIC-001\csv\element_results.csv","3457","f23092d4e3bb612126836b518562f0a0b0c125100d420ed6407ddc130e5bbe47"
"docs-generated\qualification_campaign\SOV-MITC4-STATIC-001\csv\nodal_displacements.csv","361","b0ab8ff7207927591b66c58be8908d13d42b285546c9430882db6da8bd1b5c08"
"docs-generated\qualification_campaign\SOV-MITC4-STATIC-001\csv\nodal_results.csv","857","89099efc0b31da2a89514030bc197e4b4019fb3a648e867002c8f70b9b6f7e1e"
"docs-generated\qualification_campaign\SOV-MITC4-STATIC-001\csv\post_results.csv","5995","ab2256ec9b2a8ec610c3c9f6faf2ef365bd5bc3a515a4f95c62ee25dd1ab7cae"
"docs-generated\qualification_campaign\SOV-MODAL-TET4-001\audit.md","1769","9b93553b626040c7453e0eb792e1cf9a2b6483c2fcf9e595c04bdca1ddd2f21c"
"docs-generated\qualification_campaign\SOV-MODAL-TET4-001\evidence_manifest.json","5331","03eab4a145233649461a49c246f8391b1c5a77d9050f8b4f5e437273630ff359"
"docs-generated\qualification_campaign\SOV-MODAL-TET4-001\input.json","561","21ebe439e00e09f4b4f8b9954e1d529b87b21b878a945b265403ab62173720c9"
"docs-generated\qualification_campaign\SOV-MODAL-TET4-001\mesh_report.json","2491","44acaf5105ddbb84a103b0b735b06966f09332236186191ab73e4b97242aa135"
"docs-generated\qualification_campaign\SOV-MODAL-TET4-001\qualification_summary.json","1091","0a664796a87eb571c1f1e72fc05fe0b7468cedb784ca2ae7717c341c2d920505"
"docs-generated\qualification_campaign\SOV-MODAL-TET4-001\results.json","50048","8861d9d6d5594180fd0b4e77168f43051fea973e776dc41a465d54d1dfb42c39"
"docs-generated\qualification_campaign\SOV-MODAL-TET4-001\solver_settings.json","5771","2879c3df75cc5b9d34ecf814d6d0cf21079042b84a35119c468516a23acf581b"
"docs-generated\qualification_campaign\SOV-MODAL-TET4-001\csv\audit_checks.csv","2464","fde57375f8157a7e85c98dcdeab018a4dca9970b17b50e89871c1164f61081b2"
"docs-generated\qualification_campaign\SOV-MODAL-TET4-001\csv\element_results.csv","2","7eb70257593da06f682a3ddda54a9d260d4fc514f645237f5ca74b08f8da61a6"
"docs-generated\qualification_campaign\SOV-NL-EXPERIMENTAL-001\audit.md","2501","abbcf2d4d415440b724147f2124f8de286e104c048142866d51fd8ff3ded3ec2"
"docs-generated\qualification_campaign\SOV-NL-EXPERIMENTAL-001\evidence_manifest.json","6294","15250616d6e3500bc9146ee6e499c42a93535b5f3ebce876fe937353830bcd8e"
"docs-generated\qualification_campaign\SOV-NL-EXPERIMENTAL-001\input.json","715","4bf0dd3755166ac5efc966897aa89551653fa3fdba21cfdda73c734740eb0b14"
"docs-generated\qualification_campaign\SOV-NL-EXPERIMENTAL-001\mesh_report.json","2466","63d530fe31e1c0db98e82491e457fbee94f6810764d070537a5b75abd8a8b8c8"
"docs-generated\qualification_campaign\SOV-NL-EXPERIMENTAL-001\qualification_summary.json","1214","4ca4b89f8e0a29caebd14b30faca2f45180527bb062aa4303e8b99f2b1e99af0"
"docs-generated\qualification_campaign\SOV-NL-EXPERIMENTAL-001\result.vtu","2626","06672a3dbd9259221c41456338bbfcc7ba20d1d57bef3b53b61b6f77f7967eda"
"docs-generated\qualification_campaign\SOV-NL-EXPERIMENTAL-001\results.json","88606","c02f9a223eda17e9b4dae6c228ecceaf8ea0b3e5845fe5a37e75d3b5e14b032f"
"docs-generated\qualification_campaign\SOV-NL-EXPERIMENTAL-001\solver_settings.json","16402","e5bcf15204c6bfe5352341d364e36eb32c2f7ba3a26d4a944502c93920afa25c"
"docs-generated\qualification_campaign\SOV-NL-EXPERIMENTAL-001\csv\audit_checks.csv","5184","81a8d4b7fa3acc1f35c763bcb4a7ca09706ec02780edc40724096eca10fe7031"
"docs-generated\qualification_campaign\SOV-NL-EXPERIMENTAL-001\csv\element_results.csv","3705","cfb43a260cd6185006a40d841e46320eccd664652d0c276a5073a7c4fb4b5183"
"docs-generated\qualification_campaign\SOV-NL-EXPERIMENTAL-001\csv\nodal_displacements.csv","222","9b73bbb1265b26e551df603df9542835e54d1e8b429ef372100b398479a36e17"
"docs-generated\qualification_campaign\SOV-NL-EXPERIMENTAL-001\csv\nodal_results.csv","1573","20f5f2b064ae65655f1cd37009595529fc0b02eae4ed840bfe723a8c6b556442"
"docs-generated\qualification_campaign\SOV-NL-EXPERIMENTAL-001\csv\post_results.csv","4944","b07f59c21fa3977ad6bbdc81992056c9c1cb2d9c6985d3dbe2dbceb2ef41bc8f"
"docs-generated\qualification_campaign\SOV-TET10-STATIC-001\audit.md","2734","32e4acf293bacb3c34ee242704eafc62c8098185c438d12e7e5a70919a28ccce"
"docs-generated\qualification_campaign\SOV-TET10-STATIC-001\evidence_manifest.json","6150","161a9310d73e617235199a1835005556f50db39955c12bcc6095b0fbd0f91962"
"docs-generated\qualification_campaign\SOV-TET10-STATIC-001\input.json","910","2d00446ac8063a93f2e374bbe87afebc8e369696324574525c0ede702a6fd097"
"docs-generated\qualification_campaign\SOV-TET10-STATIC-001\mesh_report.json","2918","630c3bd2b09c3174a5629833e67d99a254cc4b0ae4c13a29e52f62a6cc01355a"
"docs-generated\qualification_campaign\SOV-TET10-STATIC-001\qualification_summary.json","1092","38d593cfe5a697810eb33ec77d9b7a7502bb1a98e371ccc8e2e3fc03ff946c2e"
"docs-generated\qualification_campaign\SOV-TET10-STATIC-001\result.vtu","3502","522b910210598c1e08a02faed2175d478987abc0d0d11e681b49f4e78c2e75b3"
"docs-generated\qualification_campaign\SOV-TET10-STATIC-001\results.json","288478","83d0c768f68e26f0ee4aa9a889c12f083f6a859758925833c4dd4822b258b365"
"docs-generated\qualification_campaign\SOV-TET10-STATIC-001\solver_settings.json","4769","5a4590abb152e02269595fb3651cd199db97a9e35892825388409559fb7c23c2"
"docs-generated\qualification_campaign\SOV-TET10-STATIC-001\csv\audit_checks.csv","10278","3f92a9d1bac285284db4d39e701f064874c89dc772f4d52fc60e0a0e3ab2f352"
"docs-generated\qualification_campaign\SOV-TET10-STATIC-001\csv\element_results.csv","14186","043b8c1fa7c671faa53e8556905439edfebe2eb923d729245e4147478f997651"
"docs-generated\qualification_campaign\SOV-TET10-STATIC-001\csv\nodal_displacements.csv","687","7934e2feaf72da5e4b84aa1b8c3ef8bcd91efdb094e909e65ade1e923626f61a"
"docs-generated\qualification_campaign\SOV-TET10-STATIC-001\csv\nodal_results.csv","6584","bde12c2056ae54a915c97e03f8c9ce9322052c229969c345d605165a4b4cac24"
"docs-generated\qualification_campaign\SOV-TET10-STATIC-001\csv\post_results.csv","17482","a87fd86ffcf63ed8ae88c86fcfdb6ee732e0d6e679eeb7a6311a498d35055963"
"docs-generated\qualification_campaign\SOV-TET4-BODY-FORCE-001\audit.md","2714","31433082590587bac7b759b3f1a046d672af8b8c35864d8024929b198bbdf467"
"docs-generated\qualification_campaign\SOV-TET4-BODY-FORCE-001\evidence_manifest.json","6229","24bb72915dadf0e32b2c7e65ce7653b033c86636c7c84822d43719393911f209"
"docs-generated\qualification_campaign\SOV-TET4-BODY-FORCE-001\input.json","784","e611cf895117b1a05587ef715c3f866581e4329834b2708bda0e4c7d028864ca"
"docs-generated\qualification_campaign\SOV-TET4-BODY-FORCE-001\mesh_report.json","2491","467712e1e94da82be065f9cacf4bd5846d43215251cebf8d36e63c2f24bb960a"
"docs-generated\qualification_campaign\SOV-TET4-BODY-FORCE-001\qualification_summary.json","1102","f9924cfe92322241dfa96187a923a925c5f2a6c6d38179bd3e6bf1885f4cf2ac"
"docs-generated\qualification_campaign\SOV-TET4-BODY-FORCE-001\result.vtu","2642","a3da22e487bb305653cf625e27d6c9e5ac09b90611c7014fd669b0a1bb9e038c"
"docs-generated\qualification_campaign\SOV-TET4-BODY-FORCE-001\results.json","76305","6a86b678402ec5ef4f71ed291d865a811abb8cbf30806aac42a6c902d8e5be46"
"docs-generated\qualification_campaign\SOV-TET4-BODY-FORCE-001\solver_settings.json","4811","da5ab125f92ec6da67bc55675e44b62b3b43afe2a403dea5ffc2dbc5c69a89a0"
"docs-generated\qualification_campaign\SOV-TET4-BODY-FORCE-001\csv\audit_checks.csv","5881","1e649632f51d8ed987886d188180cff20e30cb70fb5eb78ed453b582208190f5"
"docs-generated\qualification_campaign\SOV-TET4-BODY-FORCE-001\csv\element_results.csv","3551","805085b32f9604d17ac4e124fb923d7937dc08ce404473a12d3d392a020d95f5"
"docs-generated\qualification_campaign\SOV-TET4-BODY-FORCE-001\csv\nodal_displacements.csv","224","9002ef25bb98171e66f6231d261a3b0c68ed5b1b2653d0fea1020f613fb1559d"
"docs-generated\qualification_campaign\SOV-TET4-BODY-FORCE-001\csv\nodal_results.csv","1473","1d86366bd6c04862621152862d936faa3efda684a681aeaff06ab1bee1a7c9a8"
"docs-generated\qualification_campaign\SOV-TET4-BODY-FORCE-001\csv\post_results.csv","4792","8c23d1f31d7a241b6bc9a448f54afe578f70961b44cb5330ea22bf79916a3f79"
"docs-generated\qualification_campaign\SOV-TET4-COMPRESSION-001\audit.md","2705","57e9a3f5d883a46730b5745c40bc15605cbf7d122be5cce9396835f1a5c6045c"
"docs-generated\qualification_campaign\SOV-TET4-COMPRESSION-001\evidence_manifest.json","6230","4887332382a7061f715b9994c097c0b8be2df1372185934891c096f845bb78bb"
"docs-generated\qualification_campaign\SOV-TET4-COMPRESSION-001\input.json","746","a21cf2da132e417f4257808de54a2e4bd4909bebef745cbe987241449ae43fca"
"docs-generated\qualification_campaign\SOV-TET4-COMPRESSION-001\mesh_report.json","2491","5a321e9dc770d71d71a8edb797d7834cf690668cfb46b181f32d1624e2ea33bd"
"docs-generated\qualification_campaign\SOV-TET4-COMPRESSION-001\qualification_summary.json","1102","f9924cfe92322241dfa96187a923a925c5f2a6c6d38179bd3e6bf1885f4cf2ac"
"docs-generated\qualification_campaign\SOV-TET4-COMPRESSION-001\result.vtu","2663","0cc5c873c2bedfabada99d57f03a113571bd380fd49f498348ba2e6bc2df5e12"
"docs-generated\qualification_campaign\SOV-TET4-COMPRESSION-001\results.json","75686","85d80b30393df19cc9d641990e7a5a4813e953dfa105fe95bc18749018f5747b"
"docs-generated\qualification_campaign\SOV-TET4-COMPRESSION-001\solver_settings.json","4785","3104723a769448018e546bb60dfdecde106a63173f7d1c27d666c1c7278ac95f"
"docs-generated\qualification_campaign\SOV-TET4-COMPRESSION-001\csv\audit_checks.csv","5847","c708c96df709944c30dfbd515484ed805aabd3b3331d1d80f268314dccd56281"
"docs-generated\qualification_campaign\SOV-TET4-COMPRESSION-001\csv\element_results.csv","3637","1d58d317b224ebebda0fcc738fb95081cbb66c7c17b8c4895777322824576862"
"docs-generated\qualification_campaign\SOV-TET4-COMPRESSION-001\csv\nodal_displacements.csv","225","6f726b709db9b93f7139dabeff37fdeed0f8a8e856c229eace718aa1f5de9b50"
"docs-generated\qualification_campaign\SOV-TET4-COMPRESSION-001\csv\nodal_results.csv","1529","f582754dd37ae7ce9fce335c2269a5675208add09d58c4456f0a00762367a1d0"
"docs-generated\qualification_campaign\SOV-TET4-COMPRESSION-001\csv\post_results.csv","4880","87cafaa5e79abc5ea6fa39ace94040ed17d9b492a4af0ffe467c5fe3ec8d14a4"
"docs-generated\qualification_campaign\SOV-TET4-PRESSURE-001\audit.md","2807","aca8314c287fe726043d31f68ded23f798e61de65377ed21dc70186a4bbfce21"
"docs-generated\qualification_campaign\SOV-TET4-PRESSURE-001\evidence_manifest.json","6227","9604fed8fc9d3d4a6a7ed677b2684b66a19997b42c013834afc0125f53b9381b"
"docs-generated\qualification_campaign\SOV-TET4-PRESSURE-001\input.json","714","b3343b0e222765bd9a2332a3d53a91ee6dfaead698931767365107fa16050d17"
"docs-generated\qualification_campaign\SOV-TET4-PRESSURE-001\mesh_report.json","2491","467712e1e94da82be065f9cacf4bd5846d43215251cebf8d36e63c2f24bb960a"
"docs-generated\qualification_campaign\SOV-TET4-PRESSURE-001\qualification_summary.json","1102","f9924cfe92322241dfa96187a923a925c5f2a6c6d38179bd3e6bf1885f4cf2ac"
"docs-generated\qualification_campaign\SOV-TET4-PRESSURE-001\result.vtu","2745","419355a3b1eba2cbd42b70be463a3de704c0e54127e035784b75d4c1d51ed898"
"docs-generated\qualification_campaign\SOV-TET4-PRESSURE-001\results.json","80958","03a3276ffe40050debe65ac8e1955fb1ec905940a89c76e5b5eb0fe30ef490d7"
"docs-generated\qualification_campaign\SOV-TET4-PRESSURE-001\solver_settings.json","5025","d8b546b46b06df3c07269e743223ae8a3ae55bb0b625f9ca59995c12ca237d29"
"docs-generated\qualification_campaign\SOV-TET4-PRESSURE-001\csv\audit_checks.csv","5881","c8c8ca33955f4896e226fce034d5cb28b74b4e9d22dcfc5fecee9ebdef2355c8"
"docs-generated\qualification_campaign\SOV-TET4-PRESSURE-001\csv\element_results.csv","4379","5cd9abe3cd91c5e9677a68d35c04c1829c806696770c8909e21f3fc19b2501ba"
"docs-generated\qualification_campaign\SOV-TET4-PRESSURE-001\csv\nodal_displacements.csv","267","a613478b2c6acd3714a239fea977084d021d452077757dfa4910ad9958a2403e"
"docs-generated\qualification_campaign\SOV-TET4-PRESSURE-001\csv\nodal_results.csv","1981","6b3dfa2673f3f25ac57e1acb8a61e6852143bf214312ad3274ff064f86115634"
"docs-generated\qualification_campaign\SOV-TET4-PRESSURE-001\csv\post_results.csv","5705","b68e4561fe940df881b78be6ef8ce738344ab6022c8e460f4941bd076fec923b"
"docs-generated\qualification_campaign\SOV-TET4-STATIC-001\audit.md","2671","e3fa047da87f9d98c60bec6125c2efd8d7f4edc3db1cd14059a8983a9c08bee2"
"docs-generated\qualification_campaign\SOV-TET4-STATIC-001\evidence_manifest.json","6165","b79016e8f2e0e8141165a013b3e5e8e9aebd171027b2ceb9d44e51586869d0b5"
"docs-generated\qualification_campaign\SOV-TET4-STATIC-001\input.json","621","4bd00801f92316f04e3da9c83535870c9de63447f34d4dde6ef853b86d3cb699"
"docs-generated\qualification_campaign\SOV-TET4-STATIC-001\mesh_report.json","2491","5a321e9dc770d71d71a8edb797d7834cf690668cfb46b181f32d1624e2ea33bd"
"docs-generated\qualification_campaign\SOV-TET4-STATIC-001\qualification_summary.json","1102","f9924cfe92322241dfa96187a923a925c5f2a6c6d38179bd3e6bf1885f4cf2ac"
"docs-generated\qualification_campaign\SOV-TET4-STATIC-001\result.vtu","2642","a296d8c308f6633c3c8ec542af894a96b1185082decad7e6ba7a7e1f3d951f4b"
"docs-generated\qualification_campaign\SOV-TET4-STATIC-001\results.json","75465","4192e95c5a28d4f42f9eab55867e1abfc886bb72f81ded1680894e481c90b7b0"
"docs-generated\qualification_campaign\SOV-TET4-STATIC-001\solver_settings.json","4716","751867bd6e42318f12bd7fbb4abde5a4c3e6b9c403fe76e7de272d48239aa283"
"docs-generated\qualification_campaign\SOV-TET4-STATIC-001\csv\audit_checks.csv","5847","c708c96df709944c30dfbd515484ed805aabd3b3331d1d80f268314dccd56281"
"docs-generated\qualification_campaign\SOV-TET4-STATIC-001\csv\element_results.csv","3585","4662657139c2aff544225120ba124b3122f8581afdcff80801ce1be76e041806"
"docs-generated\qualification_campaign\SOV-TET4-STATIC-001\csv\nodal_displacements.csv","224","959073275f6cd63eeb3f388417d3fc89964a1ee8bee0b6ce3812302de5aa78db"
"docs-generated\qualification_campaign\SOV-TET4-STATIC-001\csv\nodal_results.csv","1493","7464dddf47696de03e1e10ef8043f5a2ee9901a79bc820dcd454bf464967b698"
"docs-generated\qualification_campaign\SOV-TET4-STATIC-001\csv\post_results.csv","4826","e961042dcc3418ef6e9fc0a1b8628ebf3ae19ad452bdcf8a4ee1d14ad520b9a3"
"docs-generated\results\large_block_documentation.json","5801","06a3eb6c63b432ee1b9d4f95350f9550bc46698b680c9009c5f8db356e149360"
"docs-generated\results\mitc4_plate_bending.json","1704192","dcc49f48e1608618eaac2d25ecf566501fd908f526f9ac27db7e20e7202962c5"
"docs-generated\results\mitc4_shell_static.json","135500","8786cbad8d2dbbd3c5d9df2199a3e98d7002adc64d9cea5a610c0216b9ba66cc"
"docs-generated\results\tet10_cantilever.json","6775785","c693d7955c7e4b1fe810fd8dae7064b6d0ae572b516f43cd128e721535150db2"
"docs-generated\results\tet10_static.json","288477","8e6f448d3847a6bb9e7d40c5a97c1d7366a058f831ffd58e6f5c25fe16162693"
"docs-generated\results\tet4_body_force.json","76325","ff514f7f085fff16d031a11f9b0bc5d0dc36fc9cac17161ddc2afc6e054ae14b"
"docs-generated\results\tet4_cantilever_r1.json","1229985","0c761dc1542770d4cf82c22ca98de6f61b602df56c4bbeba2e78e728c848c751"
"docs-generated\results\tet4_cantilever_r2.json","9533613","2ee8333cbadaa36997ed507fb8d9ac077038af69e01eae18d98ef5ae15431b47"
"docs-generated\results\tet4_cantilever_r3.json","32379289","908db6310f877de23288a70da7459684b098a9e7b29b047c730b3d8d29f32287"
"docs-generated\results\tet4_compression.json","75706","27ce51edf80b908178e367cdcd0321e1276266620c2a27f1d0c6a3cf343e628f"
"docs-generated\results\tet4_dynamic_sdof_free_vibration.json","99512","8d8d293de3e65f9858d1a2bcae22dc65a5046ad650fbbad81243e9d78892484b"
"docs-generated\results\tet4_elastoplastic_static.json","100025","c93b68582af9a98bcb57f61e22db4a64b3d949aae427c72dd92f76b4e8f68c78"
"docs-generated\results\tet4_harmonic_sweep.json","407658","0a7abab6c9fad8286ee398b236b0c3cd7303d6f6c24b9cbb1217933ccb74558b"
"docs-generated\results\tet4_modal_unit.json","50048","2dcc730ef78de1ae9057e8d4138e9c233cd72d4fb81cf40a42ba7837d3fc7488"
"docs-generated\results\tet4_pressure.json","80976","751bb3c1ddb14c53a8b8867024a48f06b8677e94efdb1cf1880f60804ca480c0"
"docs-generated\results\tet4_static.json","75486","55d8d208fffee91b2e0faef9b760aeb745a0d49743b0a28e6a8410bb6965fe4f"
"docs-generated\tet10_nonlinear_j2\cyclic_response.png","110235","46da8051ace138706af9aa8753a990ed54c14fd7d0e5f8010a6e5a64d48ab3e1"
"docs-generated\tet10_nonlinear_j2\deformation.vtu","87418","b671a6276d4b02cd92276bc02406dc4234c05a77090622b491afe43c098436e8"
"docs-generated\tet10_nonlinear_j2\import_report.json","1931","288aca633aeb4535db833be8ee1eb489de56827bc0913005c81812434ce8d473"
"docs-generated\tet10_nonlinear_j2\j2_cyclic_bar_tet10.msh","23293","a2cae9586bd4607a0d62e045ad352bae5ddafea23b7ffb6d4915ec54f2c8143e"
"docs-generated\tet10_nonlinear_j2\model.json","63089","2b851d10b77cce48d9c4addb8ae5a04d3adc6c26a8a4b3e6c86128d7b360170d"
"docs-generated\tet10_nonlinear_j2\model.setup.json","1948","1c3a334d5b78c70eec19ce1590d182323708cad8ee834a68fc544bc62709bd02"
"docs-generated\tet10_nonlinear_j2\report.md","759","585aecaa51efc25c1ad2982e1e3204f4cbe833019022f010df36f9f583801f94"
"docs-generated\tet10_nonlinear_j2\results.json","49255861","ea677caf4da2efbcc7fc4d46c67af2679380621771702100fcfe59e7468708c6"
"docs-generated\tet10_nonlinear_j2\summary.json","3177","8ffc579a0c5c5fe47f1e8c92880d42ac8411b8f4fc1fdedd19c5461f5e8aa0cd"
