"path","size_bytes","sha256"
"404.html","31846","3b216d1d2716daf659276aad11df33e4fb11a6035a21142bb3e9dfb591969422"
"document_registry.json","260763","68d397a665ada0e49f113d2719a674082e89455d3f65f27cf29adef417e2914d"
"google89e8d5a74510feeb.html","55","ad8308ce45792dda1fbf6a1bdf0049b222340fcd42f703dffa8f2476b6c85d9d"
"index.html","38136","8abbaafa7069ce98dbb6e6f712297e02c8bcfb6abc8a7440203b2d08a03c741e"
"sitemap.xml","85164","012e4da00fa21da3c60da33f8165b65d28b42608b24be42d24a124ecf1fb139f"
"sitemap.xml.gz","4699","8eb7007c3d802365ac5c1f7941529ac3e18a078046624677032b04585637113d"
"analyses/index.html","36149","3aa9ebbdbe1f13721a3547f0a41c96747832fca9215d7345f91880be386cb582"
"architecture/index.html","47555","e8b71df872d39794a7b1ba2214d52613df5d3cb39406ee7394892505800062f8"
"assets/generated/beam2_deformation.png","188678","752591fcd1287611b6526b67dd83c62d800411c5a777aac3bf2bb5ee9e5db29f"
"assets/generated/contact_friction_block_comparison.png","79007","7a8a76294b3982af2fb52e098d0fde6bbb835237d3c71c481d1f5dc1e0a045ba"
"assets/generated/contact_friction_code_aster_comparison.png","27577","bfa3dd28ab41ab2e76b6083ed8fdd7078af12aa04ae9ec26cd50de442856c819"
"assets/generated/contact_friction_structural_convergence.png","58799","d373fb33a6a86ed254151e4faebc1020668effeec502f472d3b5b2f8c573f583"
"assets/generated/contact_structural_convergence.png","55343","733fd4c03646162290280459b8fc3b4b2f55f01522b4d12394f0f6410c8ad669"
"assets/generated/contact_structural_deformation.png","348039","6bd71c7b9c7d68cd1d6120749cc6e309b6aa5c3ec626978919458052143f2434"
"assets/generated/harmonic_response.png","67642","ee57d9ecef9d1b996f14504ea3c344c791d9746fb05b3faf7fc501dc01db1fb9"
"assets/generated/large_model_summary.png","70833","e0a9fd975e503912324cd9329ae3d736b86aea0054d68baf35cef82f1299caaa"
"assets/generated/linear_solver_residuals.png","51283","7216fc3a30f05c1d0353115b042c6a11f7fa7cae425582fb006152d6481bf675"
"assets/generated/mitc4_calculix_nafems13h.png","48219","75caea1ef23cd5119d799b8b9c6545389915085d378d33a2b746e14b5c2994cc"
"assets/generated/mitc4_deformation.png","219202","f839bec3f4c5b79d3929b0a690f5c8f9316095f07399184169a8e8ca9eefbe65"
"assets/generated/mitc4_formulation.svg","25541","8cf856b61b645325548222016547f11425acd3100d9424644873131079fd9b32"
"assets/generated/mitc4_harmonic_broadband_agreement.png","53665","4de907e61880af6535066b26a822877fc318cfb75c00c0b0f3d2800961025208"
"assets/generated/mitc4_harmonic_broadband_peak_shapes.png","535792","69b5bd649002df0ee53a4dd73021cfe091ef15f9f32aab025a8953235a620753"
"assets/generated/mitc4_harmonic_broadband_response.png","96028","211d2123faa7e6d2829070461d01a44c767a0ba5dee595b10534eb64c2495491"
"assets/generated/mitc4_harmonic_condensation_errors.png","90516","a2f2bc447903128435e5c4dc1f424c8c794f11316c468cbd6023f23e483d9046"
"assets/generated/mitc4_harmonic_damping.png","49005","63ab11a5388e5c5f57d8ec7e328a622e70465d1d42c1ddf2d202306ef1c84537"
"assets/generated/mitc4_harmonic_response.png","62609","0ea3e7bdeb4db446f89dcbbf103bb6868ee465ffbff2a18e1414529b86f3dd16"
"assets/generated/mitc4_modal_plate_convergence.png","50162","7a6dc31dd590f95d93d768688c2912083433b3739b9c86fb7591cbe762b8185a"
"assets/generated/mitc4_modal_plate_mode-11.png","307311","e274154a38cdfbcd041f90219e6a248436d305350cc80597031706312cb6a6ef"
"assets/generated/mitc4_nafems13h_deformed.png","250911","ffa251165febf63b4ed222d4b5829d60fad1a047ef891eb789be333b07bf2dd3"
"assets/generated/mitc4_nafems13h_model-setup.png","46833","f7bc02b2ca368e734942d3f924425e92633f4d4808174adb25a1ae222cf53f2e"
"assets/generated/mitc4_nafems13h_response.png","48219","75caea1ef23cd5119d799b8b9c6545389915085d378d33a2b746e14b5c2994cc"
"assets/generated/mitc4_nafems13h_stress-response.png","82289","60bf87ed0147fe5704bf1f066fc8181af29f41c4050ae5efa0c699aa7a89c904"
"assets/generated/mitc4_newmark_broadband_convergence.png","120492","cd631d8b66e19b844ba9e8d2bf0ec58e24dfdc2db4ec2780a0927b7cafc0dba2"
"assets/generated/mitc4_newmark_broadband_displacement.png","190681","cec06bf5e859f868285b3263ebc17fed9234b22bfb773acd48cf5475256810dc"
"assets/generated/mitc4_newmark_broadband_excitations.png","146415","2b0fde304a03e77fa81e485d4486973e90a5bff68dc1a8c08d570477b1e52231"
"assets/generated/mitc4_newmark_broadband_stress.png","191631","e9933c176dadfdef99416ff64a47d8d246e317d2111296975cb7663d3520985c"
"assets/generated/mitc4_newmark_convergence.png","44616","b8f9d7a80a890255b87c25fb6654ff260b1bea56eed884322107ac89063ad922"
"assets/generated/mitc4_newmark_extended_convergence.png","62509","4deedf3a7d5596e0c8435e00c5663e74e351f37fe8ada33c90eceb523d88939e"
"assets/generated/mitc4_newmark_extended_histories.png","118385","cfba7289df79a3ab0977f15473cb015ee552b7b73f9eef0b4336a0c8dfdb33e8"
"assets/generated/mitc4_newmark_history.png","89557","84d6f213b3d6ddb3d4bccca7b5cccabafd4c65f51c61083ab0c5afd71fd0c96d"
"assets/generated/mitc4_shear_locking.png","64603","8987380250d4cef2af3998364754048a5e4b70531728ec7c4c476552fb90cac5"
"assets/generated/modal_mode_1.png","209478","5168c70771a9be84decab4199c24f861a775d9e5de076d92d54f7fb9d74850ec"
"assets/generated/newmark_history.png","123258","acf24a61fb1afe9c3dc690cfad114dcb62d8a101ea0307128470fa3344b0d63c"
"assets/generated/nonlinear_convergence.png","75124","2d925ecc7e607532adf729f9920636dc2de9ee3e41e75d1f923e268181051a61"
"assets/generated/rbe2_deformation.png","188554","bcba34403c47ede6dd3d8ddbb6e3600688cf34d6d491eaf49c56dac88f1aa132"
"assets/generated/scordelis_lo.png","345859","b8ff6cf38d90ba0750b3256b8aad4f49f2d163ee1c272e0db51bf69bb9e58142"
"assets/generated/solid_convergence.png","49211","8ddbf5c29b71a792c11585b9c087e89f366a90bf8bf8e409d3b23032e9388dfa"
"assets/generated/spring_mass_mode.png","130151","72194f1061de009eaf2412f6f470250eb7fa4c3add5bbf909bb6717582aacc0b"
"assets/generated/tet10_cantilever.png","308410","da5ce50198b4997e60bd221d0df4c2fabd9f663e959dcdfd455f6fd6fd27ab4e"
"assets/generated/tet10_deformation.png","196219","a85fe42b40e3b4e06f8db888f6b5bb63c1a4753dce6d5b477111f72e2be49fa6"
"assets/generated/tet10_formulation.svg","24051","6f1c991d17c3fb80d462ac1a30b96ae79f234ceda65ed04238fac346c39c3a63"
"assets/generated/tet10_j2_cyclic_response.png","110235","46da8051ace138706af9aa8753a990ed54c14fd7d0e5f8010a6e5a64d48ab3e1"
"assets/generated/tet4_cantilever.png","411975","f6cf576127e791106d9ceeb8da41891da992188f11f429471bbf65dc130599da"
"assets/generated/tet4_compression.png","209875","5a0b490379823da2268143d3db13fd8547c2ae0ebccedd4f9b9729c8b7d6cf00"
"assets/generated/tet4_deformation.png","213771","fa35cf91bdf43539ecfa12ddb31e8ee66dd72cf788fb7a668bd45af24fdff85e"
"assets/generated/tet4_formulation.svg","18203","bf8b91f96f6b53686b1f674ad567f1da786f9e8a53e381b624ab2749124c1ff3"
"assets/generated/VNV-MITC3-LAMINATE-DYNAMIC-001-harmonic.png","68710","17ca4f048eebb5d43c6ace433daa13987a941c9370c63f77af2eea3cc33e5f91"
"assets/generated/VNV-MITC3-LAMINATE-DYNAMIC-001-newmark.png","105843","1bc4e6500119fda4daa271fc0ceb9a64e8d036da41a109f6ebda97a9a7d1e009"
"assets/generated/VNV-MITC3-MODAL-CURVED-014.png","83710","0ec2be22c9e04b2227ae4644f39e5357b24f56d03ef9c4ade852807c3bef59bd"
"assets/generated/VNV-MITC3-MODAL-FREEFREE-013.png","63749","2fb9580e16f361e70fd3801979878daccf44584831c1cd9d75944440823bfce4"
"assets/generated/VNV-MITC3-NEWMARK-HARMONIC-CURVED-016.png","89309","04bc8cd13d49b0fe870a32cdb62bfad0b8673d0191bcb77872e72076b957f67b"
"assets/generated/VNV-MITC4-LAMINATE-DYNAMIC-001-harmonic.png","68725","03f72f4b9da0330832189bf046a3d3385aa4700c32b8af60365b8913c72b4248"
"assets/generated/VNV-MITC4-LAMINATE-DYNAMIC-001-newmark.png","105988","b5718595e2ee2543367ee64f07006671a69cadfe0b4773118883961f430c1a1b"
"assets/generated/benchmarks/bm-beam2-cantilever-001_checks.png","77403","1eeb9c6a246b14d05d389bdff0738060bf5e4d6477d124d3526791044b2ff363"
"assets/generated/benchmarks/bm-beam2-cantilever-001_deformation.png","226290","21e960dfd98f734f9c6cf964349bd0f971ccc7038c0386f132004b4920babc6c"
"assets/generated/benchmarks/bm-beam2-cantilever-001_field_summary.json","538","cfa6dcd3c43c8c498761610651af6cd1612a3ce05dd55a6cba21b3586c6a69ee"
"assets/generated/benchmarks/bm-beam2-cantilever-001_response.png","61873","41f152e77ba441762d79685873851d2e56f41a705e6a71f364b192f309b28a64"
"assets/generated/benchmarks/bm-beam2-cantilever-001_strain_measure.png","249457","8c1068e964ff60fc583ac2e8d0538c5347be851ff096cebfeea3e21ad0d1d27a"
"assets/generated/benchmarks/bm-dyn-cantilever-001_checks.png","61188","39ab6f057cf4862517f8a7763d5feb6a39b6b9f31e159e53669ed6e3a73a2afd"
"assets/generated/benchmarks/bm-dyn-cantilever-001_deformation.png","329354","bbadadf3f9ce3ae0e54377e459d0cc6e8cb31b01d210408f9575ac531d4c68c4"
"assets/generated/benchmarks/bm-dyn-cantilever-001_field_summary.json","885","5d062e4fd535e089a211a3a6c1975982f4236fbbff9e5c61fa35bb44b54acea3"
"assets/generated/benchmarks/bm-dyn-cantilever-001_response.png","76093","f217b27fa79a33064cbfffae8ed09d6cfb76d66269aba0bfacb54392e3cb8c7a"
"assets/generated/benchmarks/bm-dyn-cantilever-001_strain_measure.png","321738","a1eaacf8d1c0e615e01d4c35a4e5f22c510569c5a56cd0422cda132e3914d1cd"
"assets/generated/benchmarks/bm-dyn-cantilever-001_von_mises.png","329969","ac30afffdcaaa0332c31328afa63e68e2d337ef9b0cd8d19680ecadc70b68a97"
"assets/generated/benchmarks/bm-nl-j2-bar-001_checks.png","72204","dce8cf8c68f83ca52e4aead85cab9ee8cb280baa0025379dca23d26eb59d26a2"
"assets/generated/benchmarks/bm-nl-j2-bar-001_deformation.png","256612","383e052aeeaad8f95e08a57bf4f46e3697cd4b2fac272ccf24b0eeeeac4b19d2"
"assets/generated/benchmarks/bm-nl-j2-bar-001_field_summary.json","1235","9b9e1a587f934639bb86b250c56a38b1514b797635c6510ac02961436438162a"
"assets/generated/benchmarks/bm-nl-j2-bar-001_plastic_strain.png","255325","95d5a491e13699e88826957829bc2d79fd10831b7113aa5d0c32046dbda1cd25"
"assets/generated/benchmarks/bm-nl-j2-bar-001_response.png","51025","19ea18e68b6f22af1756e1e0ce16512f4fffc6d12cf280e3a9d26edc427dbeca"
"assets/generated/benchmarks/bm-nl-j2-bar-001_strain_measure.png","251893","d318b97a9627da773c6d43079726a29c74d77926fc44bdeaf0784b214d00945c"
"assets/generated/benchmarks/bm-nl-j2-bar-001_von_mises.png","249532","98fe0237d9233da840614947ae06afbe13329732d21b93c3a9ead42fc7866315"
"assets/generated/benchmarks/bm-shl-cook-001_checks.png","50240","62e73b8f68abc82cec4ce9cc9632f375070a3fae7a3d879b24a7cbdc258ed517"
"assets/generated/benchmarks/bm-shl-cook-001_deformation.png","218009","9a8b97d9995f7f5be734ebeea2488d5f67c8a4c6354d442814cccfc4618efbee"
"assets/generated/benchmarks/bm-shl-cook-001_field_summary.json","873","91451044264f5ed4495e5b4558dd987daa1f44133b9bf75ffde78b6ed22f543e"
"assets/generated/benchmarks/bm-shl-cook-001_strain_measure.png","279598","94c83b1be691e7af8a31a67e9b7224dcfaa1ea29da4b56c293837e913eec7a07"
"assets/generated/benchmarks/bm-shl-cook-001_von_mises.png","277236","585769b82241848d9ea4d639d998c3398e0da8bb47f31e73b2c69a94b21be4f6"
"assets/generated/benchmarks/bm-shl-pinched-001_checks.png","55521","8187caf577c9d254974b56cfa0519cb67fbf0c1ac11d4b2f796d2aaae9a1aa34"
"assets/generated/benchmarks/bm-shl-pinched-001_deformation.png","745853","6e158ea6a9125b08943731fc530a1e339fbaa3f257a26b6d8358c3673b1cf098"
"assets/generated/benchmarks/bm-shl-pinched-001_field_summary.json","905","a835dc4191c00e17a45871cce81b3dce94ce7a97d7eee689d397a2ae079f9bd2"
"assets/generated/benchmarks/bm-shl-pinched-001_strain_measure.png","730840","85ce20d47393a6f2f7f5876741869244ba6263acd4082ac063bde5dc2518ea06"
"assets/generated/benchmarks/bm-shl-pinched-001_von_mises.png","725241","cd87b45b354d4a0364b0d549be7a47104721c8fabe05379de437651e75d0eda1"
"assets/generated/benchmarks/bm-shl-scordelis-001_checks.png","55050","5e7902e93fa70c228b96c1d93e48406ddf823d86372d84198ae6613388c5af0f"
"assets/generated/benchmarks/bm-shl-scordelis-001_deformation.png","315714","95a144a2a312768a23f3301d7d98e9164ece1ebd4b069edd6054f6fc64be8405"
"assets/generated/benchmarks/bm-shl-scordelis-001_field_summary.json","892","7cbdbb43d6b1b01716ec2734730fe51e3864d92a3eede1059acfd96a7ae132c8"
"assets/generated/benchmarks/bm-shl-scordelis-001_strain_measure.png","321271","ec05ca3b2e2b29498362960cf8fbbff6e772d94c8fc33e77fcb17f85924cee44"
"assets/generated/benchmarks/bm-shl-scordelis-001_von_mises.png","317009","6d8b7a287cd5d65036de934ecd46fb87546dbbd73579414eb653eb7b5e19c737"
"assets/generated/benchmarks/bm-sol-cantilever-001_checks.png","87463","51164125c94302043c9d5fc0ba1fa8c0fe2e58c472c48bbd5342b71cf4d2422a"
"assets/generated/benchmarks/bm-sol-cantilever-001_deformation.png","357522","1a5c23724fa664e2176bfd3bbe1a73fe7cd3f8343c2844f87e258fc8f4e964ba"
"assets/generated/benchmarks/bm-sol-cantilever-001_field_summary.json","883","122297c7bca7a27f56c9d190611d3adaaa59f49347b61ff9da0e3e76dde65ac8"
"assets/generated/benchmarks/bm-sol-cantilever-001_response.png","65079","23e6685335edd745e2dae74b17c7f0850dc2af7e1b2348345bb7796a19622ada"
"assets/generated/benchmarks/bm-sol-cantilever-001_strain_measure.png","312563","42af24f43f9d391db025aab858b9bd816c74f4b5e18f70e9afc00c98e8e153f1"
"assets/generated/benchmarks/bm-sol-cantilever-001_von_mises.png","327924","71b832bbda7fd570a9a8dc02eaef2e5818e1f28cdfc11602b53936b6f025889e"
"assets/generated/benchmarks/bm-sol-tet10-lame-001_checks.png","56390","317d34b3e12a3b6a9c67a21dd47d72510a8f586917400208b04e1fc219f6f7c6"
"assets/generated/benchmarks/bm-sol-tet10-lame-001_deformation.png","388375","b00077acf66e34fbc57866d604491293645222455196c9bcc0f2d7b4ddbda945"
"assets/generated/benchmarks/bm-sol-tet10-lame-001_field_summary.json","882","68b90d1a07917a5ea0b2db3007cf4aeb3dcace7b08ab30ebacb154e072dd0cbc"
"assets/generated/benchmarks/bm-sol-tet10-lame-001_strain_measure.png","298982","8054ae37b7d405601c53bfdb06de7df0bf3ee6fe7bec1f08a2ee11ee0c4512e2"
"assets/generated/benchmarks/bm-sol-tet10-lame-001_von_mises.png","297060","2e006d9d5950f938e5d5be8084fa1b25ff2ef79685af72eeb86c3da0ad4d4486"
"assets/generated/benchmarks/bm-sol-tet4-membrane-001_checks.png","89499","c648fd31166804ad05bf7b4f9820a3afe45133ae2d55d627f4d11d8d524e8e3f"
"assets/generated/benchmarks/bm-sol-tet4-membrane-001_compression_deformation.png","469721","7b10568b61b380a57d0632f7ef04eff11e85bcceca7fade25c14b778e8927f74"
"assets/generated/benchmarks/bm-sol-tet4-membrane-001_compression_field_summary.json","945","a06d3b4e663fbbeec857f5a319c9e5c93aea68364f2f33169faadfd8fb712cfc"
"assets/generated/benchmarks/bm-sol-tet4-membrane-001_compression_strain_measure.png","505374","3008456e8f3e315093c28be28e5400aa1c25bd9914244e8576344d33174df233"
"assets/generated/benchmarks/bm-sol-tet4-membrane-001_compression_von_mises.png","498280","2383d49002f77847ed3da68520df70c48a1183363de85dfcdc95c28bb0ea2135"
"assets/generated/benchmarks/bm-sol-tet4-membrane-001_deformation.png","332154","f6834e1eda2ed15634afff6490f0332f83b002dbd57aef2c2eb9c67c3bf5c8c9"
"assets/generated/benchmarks/bm-sol-tet4-membrane-001_field_summary.json","907","1a57ac5e316551c27dfcfb9f2a55811f3ba5d69036a50630b43e0f67afd8bebe"
"assets/generated/benchmarks/bm-sol-tet4-membrane-001_response.png","88918","7f5d1cd7c21552c4d99c6c65b19c4932ebd139a3803504dec29cb5e62b157cd9"
"assets/generated/benchmarks/bm-sol-tet4-membrane-001_strain_measure.png","323291","464a6a06f41a87b1e682a69932aca81066fc0adbb7fcca4e9025b6776bfede90"
"assets/generated/benchmarks/bm-sol-tet4-membrane-001_von_mises.png","298524","975afd041ee9df421d13c3775a3bf46371b74436dc38dab26f1e0ef981f96fb9"
"assets/generated/benchmarks/bm-sol-tet4-patch-001_checks.png","54682","4384e421ceff93afa5fbb287ba0b7625dabd43a4011d72374ac80b77e3d21f36"
"assets/generated/benchmarks/bm-sol-tet4-patch-001_deformation.png","372749","e8775c48555c84f883fc138a741152836ea0d9b2859902f6ab1f08de53b4dd7a"
"assets/generated/benchmarks/bm-sol-tet4-patch-001_field_summary.json","886","9ff8c2c42abaf7088462e693950bbbf3e603ee7ea198c996e530b4942722ec63"
"assets/generated/benchmarks/bm-sol-tet4-patch-001_strain_measure.png","357374","5b8185130a57a04d2e427a85bb22263d9d8547754054ed61667dd37cd373c268"
"assets/generated/benchmarks/bm-sol-tet4-patch-001_von_mises.png","350322","76c7b0b2fd1e56e243e393f3bdc1408b7719f62c0f609bc114d74e8f555c18cd"
"assets/generated/benchmarks/bm-sol-tet4-torsion-001_checks.png","82704","85dee5bf514a3942d5da5354510f84524c8cf7f8c218f5ff932f26eb6465f9e3"
"assets/generated/benchmarks/bm-sol-tet4-torsion-001_deformation.png","398853","3d89a145a86573db0052ca36684cd8759455c35a068e37840958bb8aab47d839"
"assets/generated/benchmarks/bm-sol-tet4-torsion-001_field_summary.json","907","3573f81cb6c53d330d9a2b0d0721a1b8ade214e727c76c6b9af81372d27589d9"
"assets/generated/benchmarks/bm-sol-tet4-torsion-001_response.png","64559","93a4cd59b0d4689c2d9e8b80e5aa923f838b4fdb8f4c425d51c7e55490d138b1"
"assets/generated/benchmarks/bm-sol-tet4-torsion-001_strain_measure.png","393828","5c83709a7ba764e827e2add59a79b21d3b994ac4a8b7bf941b58e236372270ed"
"assets/generated/benchmarks/bm-sol-tet4-torsion-001_von_mises.png","404875","cab366cf09aaa0170112f27554526f8fde9d1aa18cbc6d610378f69c963bc43a"
"assets/generated/content_closure/beam2_code_aster_dynamic.png","225247","78c936387d1c39e1b3750514755f6e0a1e7cf36f424071a516653d73e9434907"
"assets/generated/content_closure/beam2_transverse_dynamic_code_aster.png","78257","283c62ac36c44ecf7169eaf1c7ea5aea52b59287d015180e7c7c75fa2f454957"
"assets/generated/content_closure/composite_nafems_convergence.png","121100","3dfca83b0833bc7d94056b1eab88226816a01e1b306c01c7f9b786381844331f"
"assets/generated/content_closure/contact_code_aster_comparison.png","27577","bfa3dd28ab41ab2e76b6083ed8fdd7078af12aa04ae9ec26cd50de442856c819"
"assets/generated/content_closure/discrete_code_aster_dynamic.png","166784","93e30e9f5cf4efa0df79677c95f8e5219abd1c77281ad8e339cf6460931c0747"
"assets/generated/content_closure/mitc3_dynamic_code_aster.png","155344","de92d228e8134e5e1ebc80800a83479bda94efd7fe2c9612db8ead0faa9778fa"
"assets/generated/content_closure/mitc3_hemisphere_convergence.png","85625","2a77ec2a35ba0966eca3e689ac72da4fcdd1e916b41c469615adaf7e2a97883d"
"assets/generated/content_closure/mitc3_hemisphere_qf_code_aster.png","875065","8230fa9f036fd09120c1b2cd8b15eee942a3bad33fba1bc62a540de0d3763d76"
"assets/generated/content_closure/mitc4_conical_calculix_deformation.png","508049","912e3e8b1e1abf3d4453d1336a6931f2c1a4606fcbde9157444ee92d0f40150e"
"assets/generated/content_closure/mitc4_conical_qf_deformation.png","520621","0a80a6ed13678f33811c20dc69514063212e78573a34ce43ec78855ffb7c5749"
"assets/generated/content_closure/mitc4_modal_code_aster_frequencies.png","55414","d880cd9797997c3300c0eef7ef289e2f6e3eba6f126bca0674a44baca7d3c62e"
"assets/generated/content_closure/orthotropic_lbracket_calculix.png","351361","e4f642beff0f8e4e9a160885ddfe9dc974f58f4ff6b571596334c93adcf156a2"
"assets/generated/content_closure/orthotropic_lbracket_code_aster.png","352264","3a18ce8e78cdab4876f7f20f7c3a975c091235579c728e64160fb780a7802cdf"
"assets/generated/content_closure/orthotropic_lbracket_qf.png","351046","df3ed2f05fe3dd100658eae27b362d556e91906d549056f6d40be809d5ad2d9f"
"assets/generated/content_closure/tet10_calculix_deformation.png","311093","ce463693e78cc14e99ccd8a20b665f2476925cd2d94329072ddfc5393b32ce02"
"assets/generated/content_closure/tet10_dynamic_code_aster.png","317431","d7a02003b8d23213b36c92c5808a88c86b0d343424cef66963ff41f74351a9f7"
"assets/generated/content_closure/tet10_structural_convergence.png","93941","577d9384ca2c54d84af899fe6355c9453899d6e5a675f51b6b8dafa16fee91bd"
"assets/generated/content_closure/tet4_dynamic_code_aster.png","29714","701e36818b0ba8b12644f70464e7f387599efd5fe8ae6df78c315784c76814d9"
"assets/generated/content_closure/tet4_tl_code_aster_stress.png","29714","701e36818b0ba8b12644f70464e7f387599efd5fe8ae6df78c315784c76814d9"
"assets/images/favicon.png","1870","023854c43fc4b25b795ee4951c8019e3de0593ffeb6f918b5d1f2a9b47a57cfe"
"assets/images/solver-mark.svg","515","12d5c8f0aaa32fe8f478911ceb20fe631e112dd799386f805c8af27bb01e67cc"
"assets/images/vnv/mitc3_curved_composite_calculix_correlation.png","101073","86c91d7dd7ef80ec686ee7e38ed59e3a0f3ab917263797439e4dfdea65bc9883"
"assets/images/vnv/mitc3_curved_composite_deformation.png","521676","cbd9df4ab3a929532aa9d6ea842016dca6be96e5adad6511fff302b9af2170ff"
"assets/images/vnv/mitc3_curved_composite_projected_orientation.png","26257","c8ba8b03fc6a3b9e60b3645be0f9303fd39164498b2c44faf55524f64cb2f961"
"assets/javascripts/bundle.d7400e89.min.js","114286","f288ab99e197c406766aea4581ba6e902d7d0e28c013bdd3cd3fab6cc77fb7c8"
"assets/javascripts/bundle.d7400e89.min.js.map","1026914","dcfd5eb85b43e975773ecf102220197ef3f985f45abbbee4a5286e137f8097ba"
"assets/javascripts/lunr/tinyseg.js","22878","1b044c239610ef65fceff6039567442bb1692d413f5ee8686fee81b1a3067761"
"assets/javascripts/lunr/wordcut.js","677463","3d38fde68af348915288e45eeb338af8256c8611fa2cfef307e6ab95808b3567"
"assets/javascripts/lunr/min/lunr.ar.min.js","17074","89a1dcb094a8491d968c151ab254a03195c87ff2adaa2408c769928284847125"
"assets/javascripts/lunr/min/lunr.da.min.js","4654","2a12734048eae74e0a05e5c108fdf24c2b71dfcd8da712336ca9e3d27ab92956"
"assets/javascripts/lunr/min/lunr.de.min.js","6119","bcaa7c5c19bc730c05bb91e22ae0e386e1ac4a0580c42b7d94f9b8757aadadab"
"assets/javascripts/lunr/min/lunr.du.min.js","6208","452da04fe449b9c65c61384fec582dc63824bd4e559fae2c3926a7790b68e976"
"assets/javascripts/lunr/min/lunr.el.min.js","14950","a6fd5cbbb21d127407bc31c6c4298bf92ec7e1496a1ea83d5e4add14325a0c21"
"assets/javascripts/lunr/min/lunr.es.min.js","11499","dec4ec90bd6f478ca3e65636a8e3fedf512b23d01a51a01d7e7822f67ebbaaf8"
"assets/javascripts/lunr/min/lunr.fi.min.js","9342","681541fcf5b1987ad8b00766e9c06389ecf99c3d7ae817fa891f923f691b8668"
"assets/javascripts/lunr/min/lunr.fr.min.js","10669","4dd56aa2551e770ad26ef4b85092cd31447671e0e84b39514278547f54177377"
"assets/javascripts/lunr/min/lunr.he.min.js","6882","3f7d5c28ada94d78c9bc8041e271c355800ba36dbab98ad95d57b6bc25993621"
"assets/javascripts/lunr/min/lunr.hi.min.js","3383","631fff52e3623f2dfba35af076c6b8b5a450eeffe30a5cfac7458dab77cbe0a6"
"assets/javascripts/lunr/min/lunr.hu.min.js","9437","876c969bbf4a2b84738f4e0a14922ee331cb7c2193a621f65db7f836fdd33a38"
"assets/javascripts/lunr/min/lunr.hy.min.js","1264","0efbcb902bdb7ec0dddffa5e2ba347b74c49ffc5f43fd73ffed83528eba12e95"
"assets/javascripts/lunr/min/lunr.it.min.js","11232","00a5073df2e922e5fded1c5a4d4011aec02472ab9d9182a7c6508d60b625c453"
"assets/javascripts/lunr/min/lunr.ja.min.js","2313","c4fded308f633681a6ed53b6c10d8ca5916fdfd50f6b82ec914d725be0cb8bd6"
"assets/javascripts/lunr/min/lunr.jp.min.js","36","04114edc36dc114edce5afbb3c7f795f45c77d8673c1edcdca5675ddab5d5199"
"assets/javascripts/lunr/min/lunr.kn.min.js","3494","a064d0d7438334957a442b626140fb72f4ede8ebe17eb5c4e25682d87c88bbf8"
"assets/javascripts/lunr/min/lunr.ko.min.js","7972","73d1bdb1de4aef6c5920f516924c5ab1c440db50a6f5c6126bd0fb7cf5d37664"
"assets/javascripts/lunr/min/lunr.multi.min.js","817","9761f475ae79f36420ff714df9950efb264effcf9230efd55b511a0de899e979"
"assets/javascripts/lunr/min/lunr.nl.min.js","6026","399ef26d61ed2d5806f58ea723dfaca09f4a7c9b51e315bdd17482c8e3013a3e"
"assets/javascripts/lunr/min/lunr.no.min.js","4754","57f9db9290f9ed36080755f53ee342a04f55a5954e4add915d1c301a37464573"
"assets/javascripts/lunr/min/lunr.pt.min.js","10171","3a25d2abaa23063cf13fc56c19ae4cc5050cb6215115e9d08f4a6f4b78780067"
"assets/javascripts/lunr/min/lunr.ro.min.js","10958","cfa26a8ea4293d81e8547ba2321d703a0fe9881f0721fca5f33a3f80bf156ee9"
"assets/javascripts/lunr/min/lunr.ru.min.js","10331","50ef3c0fab4a3f2d260e8973c63363aa0dcf02b559ea9d11d5f02b6197585c17"
"assets/javascripts/lunr/min/lunr.sa.min.js","4901","41c558a4355c3eae8f0a27ae870712738f14b0bd88038042ac8ab8b411e5817f"
"assets/javascripts/lunr/min/lunr.stemmer.support.min.js","3647","2e7213605846a18014ec750910cb18a8a4c60bb23200103b3fad9ef27b10c705"
"assets/javascripts/lunr/min/lunr.sv.min.js","4523","942b165bcc8218e3246fc4735af9b1c2f66514366d0000be051bf1bb896d413e"
"assets/javascripts/lunr/min/lunr.ta.min.js","2406","17a32dc49c27c9d27945625a7e8d066d42f64ea1ce5a5b34de427723fbf9ae2a"
"assets/javascripts/lunr/min/lunr.te.min.js","2330","079c8fcf028aeef388e98ec8607c8ea50ba9660c46797c8a119d05f8f8205838"
"assets/javascripts/lunr/min/lunr.th.min.js","1031","348461266843e316b26820004a96d3fd87a1579829d244ce510c17293eef0439"
"assets/javascripts/lunr/min/lunr.tr.min.js","15009","e8bf57b1033b8bd92ea04a94c533015aa1a7f0a8d6830194b974e94e1e4aca3c"
"assets/javascripts/lunr/min/lunr.vi.min.js","784","2e39c3fd7305f6e66fc0424796a7696cb8e36dc0f5c3a83ea1bc44dfe3fecb56"
"assets/javascripts/lunr/min/lunr.zh.min.js","2158","d8c5b72c36ec9c3197602546e9ba5b57ada3f725d564a551bf16eabafb548e88"
"assets/javascripts/workers/search.2c215733.min.js","39481","cfb35333fafd6d2eb148eba21452849fb7fbde32fdfbf986836573f963106188"
"assets/javascripts/workers/search.2c215733.min.js.map","216029","780dccece24891aa19da6285715e2c7d0cd884237a87a3a9be6684823584921f"
"assets/references/contact_friction_code_aster_comparison.png","27577","bfa3dd28ab41ab2e76b6083ed8fdd7078af12aa04ae9ec26cd50de442856c819"
"assets/reviews/additional_stress_convergence.png","136605","dc159697a1cc23c0f51993d970d85040cce2df7ba5b18069a06bdcc3767dc504"
"assets/reviews/additional_stress_fields.png","1043712","334ac46df006c25ed18b2ed5590a5ee06895c899f4d6e837d14aef4ca6361e4e"
"assets/reviews/bending_tet10_deformation.png","310455","7d9b9710e8204f33ce98ccdf2d16c6cfa07fa75a38d6ce32a5ff7e3bfdba0461"
"assets/reviews/calculix_c3d10_deformation.png","311093","ce463693e78cc14e99ccd8a20b665f2476925cd2d94329072ddfc5393b32ce02"
"assets/reviews/calculix_composite_correlation.png","110476","81e55629d601ee551c253cd0e730edd8ae885a636908e2623aa06c319dbdb759"
"assets/reviews/composite_bending_deformation.png","212829","d6e2ef6815adb069e8ce5fe935295a7d8aac0116b70a766ecfd343fd00ec8e38"
"assets/reviews/composite_conical_calculix_correlation.png","50473","fcb622530d180d6a7ef4c992416ec92820f2e8bcfdd0e03a9666056508efe18d"
"assets/reviews/composite_conical_calculix_deformation.png","508049","912e3e8b1e1abf3d4453d1336a6931f2c1a4606fcbde9157444ee92d0f40150e"
"assets/reviews/composite_conical_cutout_convergence.png","42781","84e0a4ef3f920bc93ffabb79df1b236003fe55caf2e1f1b2d6cd007e618a181d"
"assets/reviews/composite_conical_cutout_geometry.png","520621","0a80a6ed13678f33811c20dc69514063212e78573a34ce43ec78855ffb7c5749"
"assets/reviews/composite_conical_ply_stress_calculix_convergence.png","48006","ec1cd680d6c9b7215439483c282ad21355e7612ffa7511b905801826b868ed67"
"assets/reviews/composite_curved_assembly_convergence.png","84737","80b3cea1aa8ef22b156cea0dc64457e44cc265a72ebea19dffe5350ee6d079f4"
"assets/reviews/composite_curved_assembly_meshes.png","448893","014353b84a29ad50010c277acd6a0856274ed752bfb7019c34d3f818ffa29345"
"assets/reviews/composite_failure_envelopes.png","101896","c12b89d407bdb9756682a5cba974153725a3acbe9756ad27ced15dba2d96dd07"
"assets/reviews/composite_structural_convergence.png","98182","09960ac86fda649e436c7825fb400576206a17708894344f623ad6413069e61b"
"assets/reviews/conical_cutout_calculix_correlation.png","109511","4b8292dd0b87d4c6e4b876652a1cb854c738a8bda3dbdb7ceb8dff4c9ac46b4e"
"assets/reviews/conical_cutout_calculix_deformation.png","542074","0a67ff93d8a5070059dbf1950181a13158774cd4fec9ac941a01eaf9814a2e1c"
"assets/reviews/conical_cutout_code_aster_correlation.png","96510","71cea6eb93c728aa738bd1488aa4ebabf6ab922932f588f8031cae5988c7e78f"
"assets/reviews/conical_cutout_convergence.png","44086","4703315a68c2b72d5e61bace1fef7a4622da4d9b20a0c736c8acb861f11a8349"
"assets/reviews/conical_cutout_geometry_deformation.png","530924","3bae0c4876b830e042ad090b2b9a9c8f9f2844726d62730f08395f2f0bb5e0dd"
"assets/reviews/contact_additional_models.png","391085","af2f69fc2b2e24de61c01a8c5a684afef69e69501ced197e78d7567fd5ed70e9"
"assets/reviews/contact_code_aster_additional_curves.png","296337","514c1ac71c53cb475cd6b7eefeca00e94011cfc118822b9d7b3ec6aff5210e54"
"assets/reviews/contact_code_aster_additional_h10k_curves.png","311831","5429162101ffb30b94260f7f050702eb2ab3c30db76faefb78e22b117030cb7d"
"assets/reviews/curved_composite_calculix_correlation.png","96317","7c7fcc7534f34933112e51392036140c113ba5f70af44af9b9f12eb1976f811c"
"assets/reviews/curved_composite_calculix_deformation.png","271349","ba021818ecb1ea1063bffc3173700bee1e3cd726b554250488666ea0905c8cb5"
"assets/reviews/curved_orientation_correlation.png","91281","2ae8199e7bef2d51197ba7a5328fe1f25d6f1fdf38f400e242330b96caf46975"
"assets/reviews/curved_orientation_deformation.png","335810","d5d047de4097bce00464c216d88caa3fe01c77eb6686f9514583399c8b08728f"
"assets/reviews/g09_lot3_contact_code_aster_curves_mesh6.png","283762","197bbb989c949737e8e7f9ef016159311293ba64a13063314c5ceb0373aa0bf1"
"assets/reviews/g09_lot3_contact_code_aster_curves.png","296337","514c1ac71c53cb475cd6b7eefeca00e94011cfc118822b9d7b3ec6aff5210e54"
"assets/reviews/g09_lot3_scalar_code_aster_comparison.png","31030","30ee4a8bcede5f61c0e044b9ef66447878cf296de00af483b29a8b9dfd329e84"
"assets/reviews/mitc3_calculix_bending.png","375854","f9d7700efb430e2597645eba0fbd9e0ef1992f87e51b072fe6d9d4e0d45a7a30"
"assets/reviews/mitc3_code_aster_bending.png","374187","cec31684ef6b9f60758f28971c386967691f42da18410f2421b537f2b0736441"
"assets/reviews/mitc3_code_aster_membrane.png","305338","338fad3c4e5b4ec0fae56274b55c23f016397be36ea862e029d97157912fdf7c"
"assets/reviews/mitc3_curved_laminate_code_aster_convergence.png","95918","5b291fd5b487847e93c618f01da32d822ac5b611bb8703ebdcafa48e733a8b10"
"assets/reviews/mitc3_curved_laminate_code_aster_deformation.png","461649","132a1856943bd0b84a3e6d486db719466032974f5aded2e00ba6d0d3db429ba9"
"assets/reviews/mitc3_hemisphere_code_aster.png","615815","65a0753e5fcf9c592a06f2014d7945d3181a63ef23714a225b39a7bc1ff8d253"
"assets/reviews/mitc3_hemisphere_convergence.png","85625","2a77ec2a35ba0966eca3e689ac72da4fcdd1e916b41c469615adaf7e2a97883d"
"assets/reviews/mitc3_hemisphere_geometry.png","538603","c8a33f133047b18bd50387688a25437a8b1ab9bc4cd4611aafdb1f012df0eafe"
"assets/reviews/mitc3_hemisphere_qf_aster.png","875065","8230fa9f036fd09120c1b2cd8b15eee942a3bad33fba1bc62a540de0d3763d76"
"assets/reviews/mitc3_laminate_code_aster_comparison.png","155344","de92d228e8134e5e1ebc80800a83479bda94efd7fe2c9612db8ead0faa9778fa"
"assets/reviews/mitc3_laminate_ply_stress_calculix.png","48970","3fae7d7144c683effc516630f2e66f4e6413b589fad7cd3a32e898f2e19b4eb6"
"assets/reviews/mitc3_pinched_h20k.png","1208597","d6c4975ebed11a1e2782a4c6fbab7874cc52101077d31bded366b77197db17f5"
"assets/reviews/mitc3_refined_convergence.png","99128","d1b5a55c8354653cda7e1f0fe1a62df6d05c8c14aec98f3df4f599ee46f2c1d3"
"assets/reviews/mitc3_scordelis_h20k.png","482631","815ffe3d91f9d3e1b90b2197d005271cc1cd171c2d053c367e5e392f1633a4de"
"assets/reviews/mitc4_code_aster_newmark.png","215587","1749be44cc97b5a04610cbec1979d11c85c5aae39442c525a78da5830131e905"
"assets/reviews/mitc4_laminate_code_aster_comparison.png","145823","89bb7ff667330db5fd47e72ed0b77a94b6a0782ebfdad5de212aefb17e6ef2d2"
"assets/reviews/mitc4_modal_code_aster_frequencies.png","55414","d880cd9797997c3300c0eef7ef289e2f6e3eba6f126bca0674a44baca7d3c62e"
"assets/reviews/mitc4_modal_code_aster_modes.png","314290","7dfc2545ff8bd52ddff52d66e4383fb72c8e225dc0b8e0f70c019de9e812e903"
"assets/reviews/mitc4_modal_curved_distorted.png","450038","4bd46ca04d9dcf3c77402e6ba156e35cc1c713568004c6bbb5f414f359dd14af"
"assets/reviews/mitc4_modal_eigsh_large.png","53701","d6d3330065c8f9b3bf3c93ed707802046f8175ba68326df98111fde60bf8722f"
"assets/reviews/mitc4_modal_free_free.png","90989","1e9e7a3b9649628e6b167c667e630e4d9c8877498a925bb1ccb5ea6582f3f6eb"
"assets/reviews/mitc4_modal_review_setup.png","78257","283c62ac36c44ecf7169eaf1c7ea5aea52b59287d015180e7c7c75fa2f454957"
"assets/reviews/mitc4_newmark_operational.png","179219","d6895b176fce6decd4b3156e0fcc7e55e0da56509e3baf93509e83d7d9cc0a71"
"assets/reviews/mitc4_transient_review_setup.png","65834","02fff0e55ee4272f77524dbe3291582a460cb822968dc16eae372a486136789b"
"assets/reviews/nafems_r0031_convergence.png","121100","3dfca83b0833bc7d94056b1eab88226816a01e1b306c01c7f9b786381844331f"
"assets/reviews/nafems_r0031_deformation.png","262100","cc15944f74c113d5ee6cf398baeab9df8e75ea73bde9c6a2f6a4d2687efe02ab"
"assets/reviews/orthotropic_code_aster_newmark.png","106328","aeca5df42260cf64ed2ae6250e7f8d634c1698d661e66556719dce858badc5cc"
"assets/reviews/orthotropic_lbracket_calculix.png","351361","e4f642beff0f8e4e9a160885ddfe9dc974f58f4ff6b571596334c93adcf156a2"
"assets/reviews/orthotropic_lbracket_code_aster.png","352264","3a18ce8e78cdab4876f7f20f7c3a975c091235579c728e64160fb780a7802cdf"
"assets/reviews/orthotropic_lbracket_qf.png","351046","df3ed2f05fe3dd100658eae27b362d556e91906d549056f6d40be809d5ad2d9f"
"assets/reviews/orthotropic_modal_convergence.png","54997","a78cd4f078efe80cef5ce2da7ffe9788faad5a27c42e12659e96bc4dfc6f51b3"
"assets/reviews/orthotropic_newmark_convergence.png","152879","4cb86019e936d1a29136560bb3cfb9f3d9bca5878b35bf096e95589132e0260e"
"assets/reviews/orthotropic_perforated_calculix.png","334329","3dc12977e1a9cf5ec34c099cccbc39f6fcd598546812300849643ff5ae30113a"
"assets/reviews/orthotropic_perforated_code_aster.png","334361","a0f3b66b6d468dd53d485cafcbc0ec0009f5efac3b4d8fbc3b86007bdfc20423"
"assets/reviews/orthotropic_perforated_qf.png","332461","89f50eb79a196329ab54b54847279575ac392ffb2036305d62c3d3ef028819ac"
"assets/reviews/orthotropic_solid_convergence.png","68527","1b48556508c8cc578a739610482374b5bad27d2aba2accd99c028a56994337e4"
"assets/reviews/owner_review_contact_v1.pdf","1432275","456ebe301b329420360a55b15e15c534ecde5dbc05e94c73cb1abf3b1f1eee93"
"assets/reviews/owner_review_contraintes_singulieres.pdf","2499548","ab6931d8c7697ba60928bfa2d8506fd57d886a5d2e2f5af0b725c577e057ff0e"
"assets/reviews/owner_review_mitc3_statique.pdf","3294734","f6144d463fe8f942d716c28a9892f4190d4e2280bf1770a3b2eb88ad115087a0"
"assets/reviews/ply_stress_convergence.png","82726","229f70ec89b83959898487cd9706d1ab0ace2293582a551198b5f0de30dd5ee9"
"assets/reviews/ply_stress_profile.png","82394","99c1ae4fdfe987cce4164058e3d43cdc23c576ecaa0624a97e9718b27673d7d6"
"assets/reviews/revue_mecanique_tet10_lineaire.pdf","3598799","fb7e66904cc79a49560143c4f60ca65e981b9336d72a5c867ad5b2932ff076b7"
"assets/reviews/revue_mitc4_modale.pdf","1063625","c28566dac88445b6f2d31047cf3a22292321c9623c3a5b1c9e0033b66872f636"
"assets/reviews/revue_mitc4_multicouche.pdf","678760","0f0909ae04d77dc0a91bde7a72d6311d2badd6e6a71b84125c86e86ac11a871c"
"assets/reviews/revue_mitc4_transitoire.pdf","1008583","fb5365796fc41c8ace9a052e8582d752085ea3c5e96c346364423ef1d4630b32"
"assets/reviews/tet10_j2_complex_comparison.png","92627","e98b67053d93e5a84bfeaaf94be988964b2b442583a69a8be13f761d00a4cfaf"
"assets/reviews/tet10_j2_complex_deformation.png","500211","05b9a75d3efcaf1d4e44a1fe141873a3899b6e28a7bf94b96d3b66aa27e8c916"
"assets/reviews/tet10_j2_structural_comparison.png","103742","b6e234633fe14ffcbb0dd8c3a7b472a1d2542eb631e4bcd0f332dacb120dd739"
"assets/reviews/tet10_j2_structural_deformation.png","404409","62216fd6bd643637cd69a7844c83d56330def473cad02c8b1a6bf8ed10d0bb81"
"assets/reviews/tet10_modal_mode1.png","317431","d7a02003b8d23213b36c92c5808a88c86b0d343424cef66963ff41f74351a9f7"
"assets/reviews/tet10_near_incompressible.png","105377","4a2acd88f5f081a7195ec7d96e2ac395bd43904e0d81b9f87bd9f286cc07c41f"
"assets/reviews/tet10_nu0499_deformation.png","312457","6bdf4970a0e5e42aca7c5ce5c7c1531e6f87569790b4662f2dbe42c02f76b449"
"assets/reviews/tet10_quadrature_convergence.png","73610","f4a1b34bd45b888bdf4ee6844401df5839f8de2391b65e26ba1a263623330c98"
"assets/reviews/tet10_structural_convergence.png","93941","577d9384ca2c54d84af899fe6355c9453899d6e5a675f51b6b8dafa16fee91bd"
"assets/reviews/tet4_tl_assembly_convergence.png","57394","f9c7bb116faa1e00b68644a7594d96233428987e1d8edade5ab9b6881bb14a5d"
"assets/reviews/tet4_tl_assembly_deformation.png","213020","44903a57460602f5edf50c53d012ab00930eb828feb1df942a378c41b6a3f933"
"assets/reviews/tet4_tl_buckling_convergence.png","54310","db019254eea8ea95ed0d3c44e45e692b26a4aacea545e3d56b7dab39855fe7f9"
"assets/reviews/tet4_tl_buckling_h5_convergence.png","60166","22dbdcfe10a99521c909f4c2602cd01cf6b44ec779ae3db95fe82f1060844559"
"assets/reviews/tet4_tl_buckling_h5_mode.png","207785","45ba044e71f2547dc1779f46126bcdda7aa4276554d715e39a2d01f8b3817366"
"assets/reviews/tet4_tl_buckling_mode.png","219358","e2fdfecb2ff91efb8bb8bcae9758277e2fcbe82498b80f57e1590aa83f6f34ae"
"assets/reviews/tet4_tl_calculix_convergence.png","65201","56f72ffc479e6d832498dd1bda703e3cd5cf66df0a9c853847adaba9e474ed43"
"assets/reviews/tet4_tl_calculix_deformation.png","239191","f98c4b6621a255293fae8b6dd39d287ebefd3089e06c3f66447ca3d81e0de41e"
"assets/reviews/tet4_tl_calculix_structural_buckling.png","63055","cd56d0d9634a1693c0dbd3eb1c11150f46dce7b6a95bda8da691e935de81a07d"
"assets/reviews/tet4_tl_code_aster_column.png","58282","4e19c6125b44411b22165ab2aaa65a01189240e888f06a9301c1313c519f04cd"
"assets/reviews/tet4_tl_code_aster_stress.png","29714","701e36818b0ba8b12644f70464e7f387599efd5fe8ae6df78c315784c76814d9"
"assets/reviews/tet4_tl_postbuckling_deformation.png","379694","7f74fb7b9c3e92e1f0e1b2fe8e767ae711120693c09e18fbaefa9ea5616715e8"
"assets/reviews/tet4_tl_postbuckling_imperfections.png","70867","584b83b9710dfe67a0a37649ca14fa76138ff6bd97bfa5571604a2c505699625"
"assets/reviews/tet4_tl_postbuckling_paths.png","73257","e94710fa1b0d56cccfe7d5d73f07b40f952363302aaa28122847977290551a72"
"assets/reviews/tet4_tl_step_sensitivity.png","26952","6aaf2faac3f069d78dd28ff8bc8ab911da0911eab5331b2feaeb1a53ae74950e"
"assets/reviews/tet4_tl_stress_convergence.png","55039","8f0d8f618ca4e8ac758cd8feaeb7f278d5e309edf1c4fd11d3a5f47f78ebbcfe"
"assets/reviews/tet4_tl_stress_deformation.png","491274","b9d00bd8471930106c229b8dc1945472fabb4eede18890e9d097abf7b7312c22"
"assets/reviews/torsion_tet10_deformation.png","308311","de226f118408f65ecca4a7e4e7338e16d5b4630bf7074ab75d366014fae3fa3f"
"assets/reviews/vnv_mitc3_cylindre_pince_h20k.pdf","1621348","45a6cc0e0016490de67cfdad7253df524cc7f40ff4363b6b5abf3cf93d0e325c"
"assets/reviews/vnv_mitc3_hemisphere_code_aster.pdf","2424409","f3df411f0295c34a01f71b0af11ea4d74fcf4db257b5c2f4a4110cf6e49284d6"
"assets/reviews/vnv_mitc3_scordelis_h20k.pdf","791632","6f98645a24b856e9b7cfaac1826e47a08081a5be624496e977713b2d0e9b177d"
"assets/stylesheets/main.ec1eaa64.min.css","139846","ec1eaa640ab3790ea234d5a09da26015eb070222da8185a1e532d99cb022d68d"
"assets/stylesheets/main.ec1eaa64.min.css.map","47587","0202466a8ddb51487b325e6df1b6e3a704d7506cf5762617301e5d4bff3a0f54"
"assets/stylesheets/palette.ab4e12ef.min.css","12641","ab4e12ef511f9c36de818455892c5c57cc3f98a8c86c36fa609601a88a720da2"
"assets/stylesheets/palette.ab4e12ef.min.css.map","3670","bcf19de0132bed966de2c46b3b56b69f4bf720b2fe35e8dca22b568a017ee3f9"
"assets/verification/hex20/calculix/calculix.log","2683","005a896c570baab0028b1c0859dd43766a26f88281763616e523908a1f8eedfd"
"assets/verification/hex20/calculix/summary.json","1366","759a8fb0573c86ceea464dfff417233c3e892b83ebe399584dc9665ea61e9a93"
"assets/verification/hex20/code_aster/code_aster.log","18763","482a4e1e6fa28cb3e224b5fb0c497ce2a79dee691ff2471bac9bc2d58c646610"
"assets/verification/hex20/code_aster/summary.json","1398","126662191a5799e513e61dc2d18dab5a1a1070a14c538eb73ad2e05f9e1f81c4"
"assets/verification/hex20/comparison/summary.json","5462","9f485b74988ebc6bc55a6242d267c70e5e449201b2720246e8b30d04b5919427"
"assets/verification/hex20/comparison/tet_hex8_hex20_multi_model_comparison.png","53487","32a7c00f6c2f0475a083035f5ca21c4289d1e5e1694960b6a4d56cb86a0cac92"
"assets/verification/hex20/internal/summary.json","9250","52851b7590e5461a25b75a12f71307b722c776cf766c7c2b73edcb9f1157338d"
"assets/verification/hex8/code_aster/code_aster.log","18743","ca1438ffecba64ed375a33d70d0dde37b086486d24b63d4c875b8dae09196b9b"
"assets/verification/hex8/code_aster/summary.json","1414","f37dfe9cf39f1da034bc2a5d893075bc0155941150e0788eb786ea1b3788344c"
"assets/verification/hex8/comparison/summary.json","4161","80ca0db6300c0a21d494efbb6150cf6c819de69be08dcd03182161c782039279"
"assets/verification/hex8/comparison/tet_hex_multi_model_comparison.png","54952","86f727691d11502722c13dd7dfe69a378d10200c4b547dd593f446ea678310cd"
"assets/verification/hex8/internal/summary.json","10497","ac2abe488200e52e109c87bf3e96bd5ccc8e461a557f4e907d004fadf2e99f01"
"audit_qualification_industrielle/index.html","44692","edff4fb1f8d9a8a0aad78546225d4dbdd32dd0a8804182a59f983d340100a805"
"benchmarks/index.html","40733","e90cdebace95b28e63ae8f0ab228538fd5707944f147deb1412f4e7f58c93958"
"capabilities/index.html","41328","f8475d952183f71501c07d01e554507dcca959baf5db205437d52a2c9cc39665"
"comparisons/index.html","37811","05fbabeaa08b5e65fc7b356a0c6cc49a56057d4ad22029d33242619ae8b949b4"
"comparisons/python-fem-solvers/index.html","53500","1eff4c73cc56a2b1610ef23ebbf6992a3efd782c25be6e08aa1d8b81cce910af"
"comparisons/qf-vs-calculix/index.html","49075","a499f024a4b6e2f37d1e4ac12dda99eac9c55f9e7a2785bab710b976e8c1ab06"
"comparisons/qf-vs-code-aster/index.html","52430","acbd4d5b5a129ae299a696cec69546c45446a7892db506722f6e5b33e7c5207f"
"comparisons/qf-vs-scikit-fem/index.html","49796","b9530e6cef9d2a329cc1de160e38d05e857e0458af7d3b1d63e335588d78e8a3"
"comparisons/qf-vs-sfepy/index.html","50983","26aafc11eb2fe19bc6379f77c16ee8b91d382b2c46f9858cec94e958bd6490b7"
"composites/index.html","40068","8a42632687b247d7b5c4f57313cbd81d26306adaf31b0e3f9089a0bb64d6b7b9"
"composites/criteres_rupture/index.html","39765","0a5df4a51f362d1b2373cf160a76cab666392a6be7d558881f29ec4020f1dc7c"
"composites/lamelle_orthotrope/index.html","41326","f70d3355b95dcb43f3906f238c6e76ca3ddd938e50c91023e3d3c0d2d994b5b3"
"composites/mitc3_multicouche_dynamique/index.html","42730","2f5d6d45d7b2a23998f1d6c4d626c011ce8d4cf23349f07ed94c64cb78b30b11"
"composites/mitc4_multicouche/index.html","46853","1922988bf98dc9760240f89ecd2f3326208dce7762037cf61e15788b7fb2eca4"
"composites/mitc4_multicouche_dynamique/index.html","40675","d26d305aa0a624f3f64dc4749ae6f751f5ee7171a2296ade80024c531b2ce409"
"composites/solides_orthotropes/index.html","72154","867d014bf02695cf052016ef47a4ba3c7eefc03cadbc12905431798d17b7514a"
"composites/theorie_stratifies/index.html","40286","e82c6edac32bd6c489284a959c21a67ec756d210bcb14ee5ff90505ea03f688a"
"composites/verification_composites/index.html","63776","00288c4302f0acc5dea5dbed13a448ac63eff063d3905ba746572fcab3e65b0e"
"configuration_management/index.html","34420","93752c64571f93d7181a518a9bdacaa63bc361aa24bf108eba1e0df5452a3c6c"
"controle_qualite/index.html","54217","0bb44245e449be5adb0f233f276cf2390ca4ff2d0b0413dddfe56e95b08d96fe"
"conventions_resultats/index.html","37842","1e70c05e08cc46ef389cdd5a9bcc8e4cff34b09dc606a44911d75166ef7e66d7"
"creer_cas/index.html","32283","658503300619cf7b51e4c99ebdc1c38ed039caf044ebca72482cb9ea569d9feb"
"demarrage/creer_un_cas/index.html","38148","916890f34c35324457a559e8cf55994708fe7a5f173dbe56a62efdfd02c5972d"
"demarrage/installation/index.html","33046","295b3dfbaa546e854cc6806fd7d7ee87d650e99cc8c57664664077808c06e816"
"demarrage/lire_resultats/index.html","33356","485cdeb2e1f2478584bde7d2f145f10a3211c5ef5356a0353134338f5213d10c"
"demarrage/premier_calcul/index.html","32294","3379000a0743a9450d0adb955e588493bcfc5f5650c042ec8fa7de1a99ee58b2"
"demonstrations/index.html","35292","b2a2ac2144337f5a37ce380d23377f2aad9a381bce55a594c9b49c2ac6d0e47d"
"demonstrations/avancees/index.html","40706","97d9456937fb6d13bd44633de65ae8378bbc8c31e8309b220f53e6bb9adf5aec"
"demonstrations/benchmarks/beam2_cantilever/index.html","39983","9c024d1f8fc488ac0c91835f8612ed2c46064f1933c28fd9e34ed2664b50aaef"
"demonstrations/benchmarks/cantilever/index.html","38012","417cd03806d6937a50a55608562eeba8e35670b0d440bcb0edf99e29d59d5b57"
"demonstrations/benchmarks/cook/index.html","35540","cfe4542449d576a7fe790ab4703542f950a3b8fb4abc681344a9f74c2fcfd649"
"demonstrations/benchmarks/dynamic_cantilever/index.html","36215","bffe5b309d7cb2ad4537c350aae87df8e70520ef779a9bc7981e0b77262a07cc"
"demonstrations/benchmarks/j2_bar/index.html","50068","cf2bf89c5a582a4fb624719e849267f36cae102d9a2058f8d028df09f17dcdce"
"demonstrations/benchmarks/pinched/index.html","35664","7830e295b6a9157d4310ea06da71d8140b2b3973edfd40b38d0f938568a43dbf"
"demonstrations/benchmarks/scordelis/index.html","35734","a8d3eeec35e07b3d1fcd644e5d39feafade4e4ba2ac449b347b33c2beb166cab"
"demonstrations/benchmarks/tet10_lame/index.html","36191","f431936e6bc21293d3cc6ff3f1088b3bd87f2f0b96dfc6bb071c8fd06a540621"
"demonstrations/benchmarks/tet4_membrane/index.html","38357","55f8fe42133f9b2b15b3e45ae17ef9b067dd692b16135355bb857f88e8526bcd"
"demonstrations/benchmarks/tet4_patch/index.html","36635","0e67a245c3e6c8043eaf48ddb0570f943a046a99c8cf4cf3bd7dd3d2454b610b"
"demonstrations/benchmarks/tet4_torsion/index.html","41781","8d23a5d478414b8448253b95b0be96316435356bb3198f268c83eb08c5cdc6af"
"demonstrations/coques/index.html","43924","1ac9c133f787cadcde3fe76150ef81385434d2bd40f6811aa2109c5fbd4a3ff7"
"demonstrations/dynamique/index.html","39232","5992abd487dd3a3aee20af63bc367087ccc49509f8f2239225f349d9716b1fed"
"demonstrations/grand_modele/index.html","42258","4399225b99ea50c465eef63fb31410c5948f62e8a01155ae82bb6ac7387740b1"
"demonstrations/solides/index.html","37096","f2da8ab28aa4dcc65e5355b978b86408a6a955461c1fb05d210ff65149c02bcc"
"elements/index.html","36367","5cd255912bb44a729cd7266ae5d7af8aba6021b558736a209260eeeb46a45997"
"elements/beam2/index.html","43406","bd5985332dfcc1f213531011af4a42f3619dbf94b68a8fe86a89a4d12ff3cf5d"
"elements/beam2/formulation_forte_faible/index.html","40439","d6bcbb57d38c11d3ac1c2c9d1cb8bbfce755ab9491cacf3c4571a7f711df18c4"
"elements/beam2/interpolation_matrices/index.html","40041","66120a58c915a9caa79e7e202a27b7552fdf527adbb25d64d2cce5d962d299c7"
"elements/beam2/verification_limites/index.html","39879","53d51c9d11b772e190fd2311eba0b03d7cfb8ed61f20996615b371c3c705c487"
"elements/contact_avec_frottement/index.html","46399","e82f13844e31976039b5708ee16327f20c35ec7dc256ad872e16cdbd07fd6ed7"
"elements/contact_sans_frottement/index.html","43753","422c56146547a42805627bb5b9f1706df50e7efe308f2c7fba7bfe2e12213d7d"
"elements/entites_discretes/index.html","45850","602ae727ca7b7a3145483d00da88b07aa1c5539309708f10e0b655efc09f6769"
"elements/liaisons_mpc_rbe/index.html","46928","7f33ce86fd160bfca9d10c688ca14f214c339761de05145713f18fce5fcdce9b"
"elements/mitc3/index.html","38472","cd8bb833d892a18df6feb990bfd5566091f56ac2aa1ccdd6bdddd600e5a4b997"
"elements/mitc3/formulation_forte_faible/index.html","36017","a03002fd3cf8494e7033769df129ebccf055a58bfa645b870e8d98b47464fe8b"
"elements/mitc3/geometrie_ddl/index.html","35133","402bf25ed1c518e3e33574a669510e7b4040d1c98471554c9196ace6e25a6d50"
"elements/mitc3/interpolation_tying/index.html","36821","a16a3ab2bbdba92a7d5c635f22ae6a5ef4076aea91631ec01646f766c267c2f7"
"elements/mitc3/matrices_charges/index.html","36055","e3e47fa87ee802d22dcd46b3250bc03e7ddd0e374ad1cde4af11aa40e156ac42"
"elements/mitc3/post_traitement_qualite/index.html","35159","a6c59b1bccbe5ab86a1887d85883343cac7d0d88f47514cf2c39d57bb8a1d4ac"
"elements/mitc3/verification_limites/index.html","37603","f205c5584ac4c3408dbdaa713ca53020c2b6290f107005ba7afd9a64bd091cfd"
"elements/mitc3_plan_implementation/index.html","62198","9ff2fbe01fa89ac36eaea98e462f5d1c92bf4dd661378c5828d82d74f082d954"
"elements/mitc4/index.html","44845","90a53d4190d7fb693ef7e341f8ca6742c7fd881ff4f0ba8c1fde48e396ffb7c9"
"elements/mitc4/formulation_complete/index.html","38941","75831ffb03b960c9adf86cf08daf3f2de596d91426255dd72c34271a19b83038"
"elements/mitc4/formulation_forte_faible/index.html","42386","4495a5d9b34d90a306ecca871cceaae2ecb9e6aa22d6d195cce746bfc1174111"
"elements/mitc4/geometrie_ddl/index.html","35433","82430c7887feccf0bd3e2497fa03e3c4e1437f80b76b5946a5d68c3c928765ac"
"elements/mitc4/interpolation_tying/index.html","35703","2b2dc8dfda45c4d3fc237007a3300d2898f012c788ace87f65e3e6e938abe68e"
"elements/mitc4/matrices_charges/index.html","38368","f6d6cf76c44547470f5fd7e368527244e734fadce854be386bb262092fd5b9cf"
"elements/mitc4/post_traitement_qualite/index.html","35645","c314555133366ddb0ee87bd916c066149e592fcb0bb6aa7ec5941d4c4468599e"
"elements/mitc4/verification_limites/index.html","36564","ed728534c02a959cdc69abcc1a43ed7adafd96ba75667965c403ae0db2092efe"
"elements/tet10/index.html","43521","5eb8b5f35c31df6a580418039c9bab1853ac46884d7bc852d93977523c76632c"
"elements/tet10/formulation_complete/index.html","38431","d1d99777a7a8a2406db63b931ca29eeaee33c95f47a629697d29c2c785b5171d"
"elements/tet10/formulation_forte_faible/index.html","42918","ed60e112537734d843d21009f0ca39b47c1b14d4d5158544e1e0c1a1d890ed94"
"elements/tet10/geometrie_ddl/index.html","36341","08abfe0d3df33ec8ec43cb8e3cde85f297aec4b7485a179e2a036377a7bad71d"
"elements/tet10/interpolation_jacobien/index.html","38287","6dd84dc6d06017aabc641c9a668c7b8da60979f45e1112bfb3456983a62146b4"
"elements/tet10/matrices_charges/index.html","36599","6b727c06b2348d4dac614b6627db0ef115ca2e2af2597abba41ad84c476e10db"
"elements/tet10/post_traitement_qualite/index.html","35774","45a32838d4e62f7431cd19334c6da214b42d23278a3f5cb3088f6bf7613a8cfa"
"elements/tet10/verification_limites/index.html","48275","b8c287406d91182d96596f7548b783a81b968968a22f81e49de3c9826dff0d1a"
"elements/tet4/index.html","43584","1598daba4de1982e21930058493772daaa14bcbfcce48773c3fec3c46f885008"
"elements/tet4/formulation_complete/index.html","40738","252d6238f8e0b102f50818120a8db147f006d62478074a955cd4f956f7bdb91f"
"elements/tet4/formulation_forte_faible/index.html","45049","2031c3ecdfd816001994e17e3fb21591add20c5a2782604a12ceb5ba3bff41d4"
"elements/tet4/geometrie_ddl/index.html","35816","673a094c35ce1a959a926351b8cf0c8627ef8f28a753603482b98c7fd9f2b887"
"elements/tet4/interpolation_jacobien/index.html","35569","69f87ddd17aafb01b430aba0bced95db1a8b56e5bd74c39e86273357f8ae6e7b"
"elements/tet4/matrices_charges/index.html","36586","1e9b01e787a94b6a08991616675cd904cc341071aaa66df64658d0fdc23aea1e"
"elements/tet4/post_traitement_qualite/index.html","36129","b52a22b61599762974d99d207eb6f9ae3ea6b9f8370e9afafab9686ce030b872"
"elements/tet4/verification_limites/index.html","37781","959fff34bf985a46da6979600f4e075719523a6d2a1702c666f001dd36f30ca9"
"etat/capacites/index.html","36946","7bf5fd4c8fc7da96be118fc92342425735bd536fbeae5932344ccb943e3f3fa9"
"etat/limites/index.html","35302","05581e49c11b8ae9e40260099fdb595bcc93d455c6ed6b343c0e3493b09d9000"
"examples/index.html","32645","512081efce83aba7dff52e91cf777bf1e0a2b1ffd50e98cea2827a7698619381"
"fondements/assemblage/index.html","35116","8d073661aad3039747cf1f71c869ae015bca74cb9ec62ef44f2cb9b675d02905"
"fondements/conventions/index.html","34497","f19a49832b51c1de6f2148b7e2e9822f153d36c28fc470753af2ddbb73cbdcb3"
"fondements/materiaux/index.html","36320","428222eda815f8b72aa17e0cf7c8f0307be39bafaeea9cfa1d8dfc8cb4babb88"
"fondements/travaux_virtuels/index.html","35107","0b1effda1d4bfaea9deaa704e4a1c84728005e0f92a8530737568713cacdeb6f"
"generated/docs_manifest.json","185297","5d22d86207033cea38d4f713118d5a182130a57ade07814bbadcf2c7f2839d87"
"generated/review_readiness.json","473","4a12377d29ed8b2f641a25a4490c9a6c3e8e8a8c29b63793031de2c482e7d679"
"generated/technical_content_coverage_summary.json","5000","ab736b9fa2c57ef291811e7d54e64beb0c23df56355341ec3e09c49e18aad194"
"generated/assembly_element_results/index.html","32328","f3aaffcf95cc3eec464485bf3287e43b8a9f38dda3a9f1c8685ec60a4bfd60a1"
"generated/benchmarks/campaign_summary.json","22604","02e02f7174412ff22dd8c54f12ef82a9d13d3ac837670b2a1c614faad1cd22b0"
"generated/benchmarks/BM-BEAM2-CANTILEVER-001/benchmark_manifest.json","6454","1971cbc09dc1111dde8fcdfc412d7e8cdf64406228b357a8eda27210da7c7fbe"
"generated/benchmarks/BM-BEAM2-CANTILEVER-001/benchmark_summary.json","5817","7a34eaf276ed23086103801c735712f17501fe294062bdecd708cf89e2470acc"
"generated/benchmarks/BM-BEAM2-CANTILEVER-001/modal_n1.json","25341","cbd9bf0d1af87b238c6829a4b0d6d5f889325a4c908281ae91db8f2527a3d8ff"
"generated/benchmarks/BM-BEAM2-CANTILEVER-001/modal_n1.model.json","1134","0db02aba0ee1f990204b6dd48069b1bae383ff6be8cda3a672bc86022e7d0536"
"generated/benchmarks/BM-BEAM2-CANTILEVER-001/modal_n16.json","129822","f4c371f15a1974b4d33b96d6e7edb771a8811150698212d9cf14e4dbad92fcab"
"generated/benchmarks/BM-BEAM2-CANTILEVER-001/modal_n16.model.json","3657","6c6703e84e7ca1a854bb32fee0d53032ef47833ca8a8a6db854c005fc66ffcff"
"generated/benchmarks/BM-BEAM2-CANTILEVER-001/modal_n2.json","32300","104abf6b7a227b95f71565981f7241576d2bed7c5337c3c12abb0409858cd4f0"
"generated/benchmarks/BM-BEAM2-CANTILEVER-001/modal_n2.model.json","1300","fb3b1e706dc57d82b0663978df3103902d197efd69a397daa1f04a2c26f6f11c"
"generated/benchmarks/BM-BEAM2-CANTILEVER-001/modal_n4.json","46199","916eec793e5a8a96808991d72497a2819be2d9d1c4ece74aeb9f175143eb7063"
"generated/benchmarks/BM-BEAM2-CANTILEVER-001/modal_n4.model.json","1632","e1614e917845b211ce659980f681e80ac96d21c6291cfa02d5992fe74a4e1684"
"generated/benchmarks/BM-BEAM2-CANTILEVER-001/modal_n8.json","73989","5496b1527846e9db391bde0e053c3613636223f94182997617ac6dae4e4a6d1b"
"generated/benchmarks/BM-BEAM2-CANTILEVER-001/modal_n8.model.json","2300","849bb5bfb4df523d42def032c23654884c33460b69818a79eb1e8e4a97fcf23d"
"generated/benchmarks/BM-BEAM2-CANTILEVER-001/static_n1.json","35349","2efe2f596b56c220f974fb4516087151a2835ccdaa4d5de74225f0c7065e571c"
"generated/benchmarks/BM-BEAM2-CANTILEVER-001/static_n1.model.json","1293","c8751cb64bb7d4025708a38b1c0c2cc691ab182619a8c1cba4b9e0d42fab2907"
"generated/benchmarks/BM-BEAM2-CANTILEVER-001/static_n1.vtu","2295","8fe83fe47bd1d4db0693914b886f78ac1371abefec8de8f53edf1a5596609618"
"generated/benchmarks/BM-BEAM2-CANTILEVER-001/static_n16.json","205934","66fa927c99db2dada9a3d07e9d6e716167463400cf4c1a12646387c3232c7bbd"
"generated/benchmarks/BM-BEAM2-CANTILEVER-001/static_n16.model.json","6387","87ce202f5a0b6155334c332432d383ae6c3b3b554995ab8a0e581b3119d1d1ba"
"generated/benchmarks/BM-BEAM2-CANTILEVER-001/static_n16.vtu","3772","6f2b070a52213ef9bca7f010d4b3942ca5d9d5368607ad442ccb0ac9a4ef6b83"
"generated/benchmarks/BM-BEAM2-CANTILEVER-001/static_n2.json","46662","a9187dd4448925e857616f95173894a53707cb440b0a1276356ed5a0f9e88529"
"generated/benchmarks/BM-BEAM2-CANTILEVER-001/static_n2.model.json","1630","5e5408b2dfa7aea451c6d0821b075981706e654f6d9519d2f1f5826b8673b06e"
"generated/benchmarks/BM-BEAM2-CANTILEVER-001/static_n2.vtu","2389","69a6ea3f494dafdcdf76d6880e0b8e688c532c89a6c0e4d95cdfbf504abe5e9d"
"generated/benchmarks/BM-BEAM2-CANTILEVER-001/static_n4.json","69103","6c46ac271cfcb7232baa1815bb228ab00fc6116ebfec66a6cd596ee4f1407cce"
"generated/benchmarks/BM-BEAM2-CANTILEVER-001/static_n4.model.json","2304","ab942bbb94e0c3c8596fd57d1e2fdee9249c9c6e1d2894f2518c2bf482d70e76"
"generated/benchmarks/BM-BEAM2-CANTILEVER-001/static_n4.vtu","2579","5cda37d309d15db2652a7404a9626367eb3bec557de3ab1edfa3a2c193853e2a"
"generated/benchmarks/BM-BEAM2-CANTILEVER-001/static_n8.json","114933","db520067d5f8eed45477dda78ec54bb3c7c2dd24e951078d4d8cb1a69b9c70b4"
"generated/benchmarks/BM-BEAM2-CANTILEVER-001/static_n8.model.json","3656","30e89557a526bcbd11da785e879ec3483dfbbc1fe171fe1011b144beb8adb383"
"generated/benchmarks/BM-BEAM2-CANTILEVER-001/static_n8.vtu","2967","344a441dd7af3ed0ede7df4663bd0b0489c126f8d3c02f2b76685ae43666ac29"
"generated/benchmarks/bm-beam2-cantilever-001_results/index.html","37925","b0c56d951b8ad94853bee6bb8bcdc76dacb12bd078abd36256c25e8f751eeb0d"
"generated/benchmarks/BM-DYN-CANTILEVER-001/benchmark_manifest.json","3281","b5222a4aaa3f5703e8cdb7dcb438f55689c146c5afe268706081acc49471e05c"
"generated/benchmarks/BM-DYN-CANTILEVER-001/benchmark_summary.json","2795","b2ddc03e0181dc2a32d178d0ff419e0e93e132ac1a7e863853a845f08160156c"
"generated/benchmarks/BM-DYN-CANTILEVER-001/dynamic_cantilever_tet4.msh","10380","67c53306ffb228f3384f0e2593bfc5066297417a2ffaf493e433c9ecea3f02f9"
"generated/benchmarks/BM-DYN-CANTILEVER-001/harmonic.json","1769959","660e020ec32bc0758849fb72030bb9346ce197b87c39e127bb291aac36934d0d"
"generated/benchmarks/BM-DYN-CANTILEVER-001/modal.json","1548457","d0d87608dae7c04537f39d85912a0157751f4b56c8d79d229b59978671769e97"
"generated/benchmarks/BM-DYN-CANTILEVER-001/static.import_report.json","1483","355e1c55a66cc139d8bf3b4dc34914de4d3aaef94edb24d1ba1d97cf334e9f08"
"generated/benchmarks/BM-DYN-CANTILEVER-001/static.model.json","39040","e13385c5cd5f676a5d081bdc386fc39e19e57262529e7efff97f1f2bd2ad1011"
"generated/benchmarks/BM-DYN-CANTILEVER-001/static.setup.json","1073","01cfe0cb6a78ae0f10803d41730b5c4e2cfd74e8ffa181e7b9e423a22d2e6945"
"generated/benchmarks/BM-DYN-CANTILEVER-001/static.vtu","49429","c6475748a372a1ddddc778023bfa1954ad9f494a273b3d578caeaa9b9fbcb7c7"
"generated/benchmarks/bm-dyn-cantilever-001_results/index.html","36162","b216574a87a8bc64c844be0867a32e2fcf6c822fb32966d30b7a96b2b244355b"
"generated/benchmarks/BM-NL-J2-BAR-001/benchmark_manifest.json","2676","8c1f1240c726b73af1cae4cb88e91e6652fd97d8c81dff558b52ffaee6b9f0b1"
"generated/benchmarks/BM-NL-J2-BAR-001/benchmark_summary.json","2728","33ddbb7434bd39beb36c9d1a8752edc424a40e6eb92ab4d42c1186b996410928"
"generated/benchmarks/BM-NL-J2-BAR-001/j2_bar_tet4.msh","8117","cf3600914d19bcb66d2d2a0d644922fc67048fde124e70329c277cc15585248b"
"generated/benchmarks/BM-NL-J2-BAR-001/result.import_report.json","1923","c8890620163c89a2e17b4c4383cefa8628d34452f4f9756861dc254038edfd14"
"generated/benchmarks/BM-NL-J2-BAR-001/result.model.json","29100","573270442e4d309849ff33acaefbae30ad17286741eec704be347e8d37fa1826"
"generated/benchmarks/BM-NL-J2-BAR-001/result.setup.json","1637","1855b312d0919562e35b73f7a72ff58d52317b6da359ca0fd3fab768185e766a"
"generated/benchmarks/BM-NL-J2-BAR-001/result.vtu","34264","64eea56123215499167a6301a49259ab7ff904efdc5632edbe1451a9fbe25c8e"
"generated/benchmarks/bm-nl-j2-bar-001_results/index.html","36275","b5ab59fcf3ff1d4db6f8cb7596c2de620db674ec53c438360f27ecbaddb1dd49"
"generated/benchmarks/BM-SHL-COOK-001/benchmark_manifest.json","2672","84d3009247b6c2c8e6241b3ea44d7e7af99b58a352ed9c8e06661044282508e7"
"generated/benchmarks/BM-SHL-COOK-001/benchmark_summary.json","1609","ea9db55f0c408f4fecc7669dc05a2f4cb11a57f6de184df7d183f5d31a5bbb3c"
"generated/benchmarks/BM-SHL-COOK-001/cook_mitc4.msh","12185","c72c2512784e0c3ba0bd3685e40a401db630256630f47366390b2267627f11e7"
"generated/benchmarks/BM-SHL-COOK-001/result.import_report.json","1101","2d9655f9f17bf0149df4c24ca5b0129bb07fb92561dd6c74720130662b4e46e7"
"generated/benchmarks/BM-SHL-COOK-001/result.model.json","60455","02a31a70d72bbecc72753ff1dac6b9c50fe6b5d20f2184c87c1f6af12125d76a"
"generated/benchmarks/BM-SHL-COOK-001/result.setup.json","1171","80e7002bf3b776aff93cefac66148e0f5545cce4f3ca70cf5ef3a2d27cf0800e"
"generated/benchmarks/BM-SHL-COOK-001/result.vtu","49716","6b27a8ab412afe8618d37a57616dd4e397d3d4f1b78f57e0c5af12e1fd502e48"
"generated/benchmarks/bm-shl-cook-001_results/index.html","35260","c91a2958b439de3f6af82a77c4bd1fa5a6ac4e30c378d12a80fb2839abb5dd70"
"generated/benchmarks/BM-SHL-PINCHED-001/benchmark_manifest.json","2691","c82bc5f793c03e2846f1fe9e37ccae85a76ee7d6ed0894a094338244a8facf92"
"generated/benchmarks/BM-SHL-PINCHED-001/benchmark_summary.json","1746","d1dd60e4f9f0aeeafa85310e0b353c84656afd105468e52b0feb7ce6c9e9faf5"
"generated/benchmarks/BM-SHL-PINCHED-001/pinched_cylinder_mitc4.msh","154515","3ae902a6a94b465e9b88d7c4a2aa47dbb62e767cb75ce5462aef1f64e6cf872b"
"generated/benchmarks/BM-SHL-PINCHED-001/result.import_report.json","1369","e348d8d37f6ae8d618df1c4083f263b1027b37b1f529ceafbc8600edd9e0abad"
"generated/benchmarks/BM-SHL-PINCHED-001/result.model.json","493531","1fc99fb4fa68d94b57a2656a53a3a0946dcfaff64fa422aae8a3035e75707e84"
"generated/benchmarks/BM-SHL-PINCHED-001/result.setup.json","1473","67b250d96824c7879207ac77f8ff54dc40fed374c0aafd9dda8ba5350fbb935b"
"generated/benchmarks/BM-SHL-PINCHED-001/result.vtu","488471","dab7857fb96c1b95432620b2f7bbd86d10790a94a0115d2ecf53f02cda087b11"
"generated/benchmarks/bm-shl-pinched-001_results/index.html","35328","08331440a6fc7778f4d73665456c102cdc5afb87b6602f16fcbd3d10520c257e"
"generated/benchmarks/BM-SHL-SCORDELIS-001/benchmark_manifest.json","2684","8e5342664ccd93973733ca2b213b5ba5546631e3ead1b4ba57f1e446f2d8d8de"
"generated/benchmarks/BM-SHL-SCORDELIS-001/benchmark_summary.json","1994","94210c4b4eaff7d6e7e43df00fc63413f9f11dd1d38497e93e48dbeed9023869"
"generated/benchmarks/BM-SHL-SCORDELIS-001/result.import_report.json","1108","6b7d75b2716456673affc28002d74b84e6501bf7480e2dac7196fe563118cae4"
"generated/benchmarks/BM-SHL-SCORDELIS-001/result.model.json","180595","ff03275f9466d2ba34c97686d58f0d06a24da9a7022b2a3a7232e8d8e6bb33cc"
"generated/benchmarks/BM-SHL-SCORDELIS-001/result.setup.json","1242","04853be35d49a02dd2d1f7bc17df3c028efdaecd15f670dadfed827bbe4c132f"
"generated/benchmarks/BM-SHL-SCORDELIS-001/result.vtu","88947","65cfccdecfc8efeb7ea947d21a8eadd6f87af02c37597566ee5d9f9fbad0cb96"
"generated/benchmarks/BM-SHL-SCORDELIS-001/scordelis_mitc4.msh","28811","7315f62c1d117dd48517abc579724ecd9b31d133010c71d1da9998ed56df9400"
"generated/benchmarks/bm-shl-scordelis-001_results/index.html","35634","8cd472de4621ebd33fa9f9ffa4fd274a4e259059fb5757b598258a69cb2d6acf"
"generated/benchmarks/BM-SOL-CANTILEVER-001/benchmark_manifest.json","12091","a0dec5d7ca3662ce27287d936e3e281d267e5ef412edb5b712af0194859058e8"
"generated/benchmarks/BM-SOL-CANTILEVER-001/benchmark_summary.json","8257","ef72f7edf72861c8af885874ff27429d78794639ee356b645ee1c49b744dd985"
"generated/benchmarks/BM-SOL-CANTILEVER-001/cantilever_tet10.msh","39022","dc62d5c0acdda593b13eeb67435357ffbefeff20169547654c8afeced7f9d05e"
"generated/benchmarks/BM-SOL-CANTILEVER-001/cantilever_tet4.msh","12656","91c663f1066ea352936b725db7705bff8383229d12309da4e8ac5eb6bd917c21"
"generated/benchmarks/BM-SOL-CANTILEVER-001/tet10.import_report.json","1480","bcc3c5cf37913c93f3a1896c004f701ab63c0cbaf42861709e23cf87332c47cd"
"generated/benchmarks/BM-SOL-CANTILEVER-001/tet10.model.json","108284","d1febcc79a027cc6d6f5b0299fdedadcc641623cfef10e5df467162fa35465e1"
"generated/benchmarks/BM-SOL-CANTILEVER-001/tet10.setup.json","1149","597b412f46090056677c869b5932c9f099b13deea5a3d09ad3406d73adbb1350"
"generated/benchmarks/BM-SOL-CANTILEVER-001/tet10.vtu","150779","2e9598218b3a3f5d700e18394f00a969e045ca31b1fd8edf6b76e63d909b36ea"
"generated/benchmarks/BM-SOL-CANTILEVER-001/tet4_h1.import_report.json","1470","8517174b45698fa940b500936dcb6bd3e787dece9231b01ed2f6ee1d9108818d"
"generated/benchmarks/BM-SOL-CANTILEVER-001/tet4_h1.model.json","43539","6f3d9e800c473224ce5f0caa7c1736b6048c5575ebcf22b816089ad2a3a1d4be"
"generated/benchmarks/BM-SOL-CANTILEVER-001/tet4_h1.msh","10328","3a38ff2bb32bf12a989c05b35528674596deb5155ef8ac07977032171db15597"
"generated/benchmarks/BM-SOL-CANTILEVER-001/tet4_h1.setup.json","1169","5ea94b7428986cb3de1a541ff61db7303879ef8f3a31db2d8ebc8e3d3e7368c1"
"generated/benchmarks/BM-SOL-CANTILEVER-001/tet4_h1.vtu","55810","b1d4595a7218a2b542839035b833bb7564f29bc1086767ec0393104b76463b47"
"generated/benchmarks/BM-SOL-CANTILEVER-001/tet4_h2.import_report.json","1470","868edc389d3f53c0f7bb4d570d26d0e0eb678bcc51c14e319f814d8508895cc2"
"generated/benchmarks/BM-SOL-CANTILEVER-001/tet4_h2.model.json","49073","088c10bbd0cba15696c20ce17ba764e88ad5831d2a3e2c209efdbffe4edcd3ac"
"generated/benchmarks/BM-SOL-CANTILEVER-001/tet4_h2.msh","12351","aa02ccb4c837f69b676a31b53afd2b2c6cbc75a7f2e5eba9d60c4c5982164c3e"
"generated/benchmarks/BM-SOL-CANTILEVER-001/tet4_h2.setup.json","1169","5ea94b7428986cb3de1a541ff61db7303879ef8f3a31db2d8ebc8e3d3e7368c1"
"generated/benchmarks/BM-SOL-CANTILEVER-001/tet4_h2.vtu","63299","b409e06bd275d800426cdaed8705959de54c1bfb443692a98ae9aa3f3fb0edb1"
"generated/benchmarks/BM-SOL-CANTILEVER-001/tet4_h3.import_report.json","1470","1ec39d3586d670d2d85ded71aca4a142af0b185e47fa53804a51edd116c20a50"
"generated/benchmarks/BM-SOL-CANTILEVER-001/tet4_h3.model.json","63630","ad64586f990f66eb3daa298ef8b2fc6e1f485d9410acca70e14d09a405e62fbe"
"generated/benchmarks/BM-SOL-CANTILEVER-001/tet4_h3.msh","16668","543a4d840774561b62eccc9502f1339309df0565bf48ea2e3548152bc5460e2d"
"generated/benchmarks/BM-SOL-CANTILEVER-001/tet4_h3.setup.json","1169","5ea94b7428986cb3de1a541ff61db7303879ef8f3a31db2d8ebc8e3d3e7368c1"
"generated/benchmarks/BM-SOL-CANTILEVER-001/tet4_h3.vtu","82866","703141064aa9760e91ef1fee85f203b1727259f802b7ed9787cc27f2a093d988"
"generated/benchmarks/BM-SOL-CANTILEVER-001/tet4_h4.import_report.json","1472","7bf48fd85ecdcaf0da45872f30f6c297f1943468fbbff9e77b08c7eecddf802f"
"generated/benchmarks/BM-SOL-CANTILEVER-001/tet4_h4.model.json","128613","1a96ab78442e744ea815a7c32c5ac3f5816e1a4956aaf1c684d98630025f96ae"
"generated/benchmarks/BM-SOL-CANTILEVER-001/tet4_h4.msh","32084","3cc67b6b8e846479902c0caa42eb1c33b953659d66643fdae63042c17386cb0a"
"generated/benchmarks/BM-SOL-CANTILEVER-001/tet4_h4.setup.json","1169","5ea94b7428986cb3de1a541ff61db7303879ef8f3a31db2d8ebc8e3d3e7368c1"
"generated/benchmarks/BM-SOL-CANTILEVER-001/tet4_h4.vtu","165603","75fb9a62af008f2b37cf018c1889924c4b3c2dd9e3a8fe7038a44bed25b0fa53"
"generated/benchmarks/BM-SOL-CANTILEVER-001/tet4_h5.import_report.json","1477","19264e0da88d62193ddec189ea13c83aeaa27bf30e97a6bcc5f2b5cbe910f7b4"
"generated/benchmarks/BM-SOL-CANTILEVER-001/tet4_h5.model.json","215460","021cf60ad915a3eefd1e39e65b76472298a882c1fe6e0a7f37c3c853588d5837"
"generated/benchmarks/BM-SOL-CANTILEVER-001/tet4_h5.msh","53221","d220979f2fa6cfab03c8f1271b0c2a3e792b8306125f74c899632254c85dd54f"
"generated/benchmarks/BM-SOL-CANTILEVER-001/tet4_h5.setup.json","1169","5ea94b7428986cb3de1a541ff61db7303879ef8f3a31db2d8ebc8e3d3e7368c1"
"generated/benchmarks/BM-SOL-CANTILEVER-001/tet4_h5.vtu","282071","fa63da389506e131b85d2124aefe96ca4c3704c7abd56fadb96e8b8f8a44ea99"
"generated/benchmarks/BM-SOL-CANTILEVER-001/tet4_h6.import_report.json","1477","909b0bc7281deeac154ae66cd4a7eeb9714cbd6a70d142f68f7065d1608880f7"
"generated/benchmarks/BM-SOL-CANTILEVER-001/tet4_h6.model.json","445386","b9f6ec85f7eef1ff100c64b68b7964328e14af90913273444c0994cf4152040a"
"generated/benchmarks/BM-SOL-CANTILEVER-001/tet4_h6.msh","105445","f9e05b7554342ff6900f4fc6f964a938aaf4124eb57286025895c4fceb9fde3d"
"generated/benchmarks/BM-SOL-CANTILEVER-001/tet4_h6.setup.json","1169","5ea94b7428986cb3de1a541ff61db7303879ef8f3a31db2d8ebc8e3d3e7368c1"
"generated/benchmarks/BM-SOL-CANTILEVER-001/tet4_h6.vtu","577764","f7586a877e911b126397146bd998dc913c0b87cf3f18d63fa6ead57e37992c2a"
"generated/benchmarks/BM-SOL-CANTILEVER-001/tet4.import_report.json","1475","ae383cdbea6173aecd5af59646879f7a12451f79caefe14e205160c1b6c9f512"
"generated/benchmarks/BM-SOL-CANTILEVER-001/tet4.model.json","49333","66d7966093e3d30e1652ef182194e6437c1a2c043959de47372046abf37f97e5"
"generated/benchmarks/BM-SOL-CANTILEVER-001/tet4.setup.json","1148","e8ed98db31715c7fcdf360e81de022274f48bef7eaeb0573c820d9e71402ca96"
"generated/benchmarks/BM-SOL-CANTILEVER-001/tet4.vtu","63289","3a7312f33df5c554002689c3834cecae82b7985333d1fabd55b6da4e31288f94"
"generated/benchmarks/bm-sol-cantilever-001_results/index.html","40281","202cc3e39d28de0d2fe1dda8a4b0d6f9acd1e8400d76eaf7e3371a468274b733"
"generated/benchmarks/BM-SOL-TET10-LAME-001/benchmark_manifest.json","2684","cc55cbef5506dd3bf1aba406d6dfb14d97ded6aa61ca126ab03b673501867296"
"generated/benchmarks/BM-SOL-TET10-LAME-001/benchmark_summary.json","1883","616abc742f2d308de8c292e98920b42743de66f6df68f4cf2c82e10343af613e"
"generated/benchmarks/BM-SOL-TET10-LAME-001/lame_tet10.msh","48606","f2f18581bfed3beaa8d353d749cdffd17a22de911d7f9947ae55e02dc5b89cf9"
"generated/benchmarks/BM-SOL-TET10-LAME-001/result.import_report.json","1378","97a58fadbc7176b6e4c19dc85dcb48ef069a1eb87fe2c4561fd477610848b1a8"
"generated/benchmarks/BM-SOL-TET10-LAME-001/result.model.json","146014","9656e551a36a6d1ae619eb170710bf80c61358fa13813aebf7372134f44d2ecc"
"generated/benchmarks/BM-SOL-TET10-LAME-001/result.setup.json","1377","d8e0a73a6b552a4b1bd033359b7df019681769d7729cf8db2360c146454f3553"
"generated/benchmarks/BM-SOL-TET10-LAME-001/result.vtu","157012","d5268599af021fbc776923fb29b8ac264776de7d14c5bb8aafc57658c59b40e6"
"generated/benchmarks/bm-sol-tet10-lame-001_results/index.html","35401","f34ba5dc9a39b9f43b31ec235ca2f3ba227af96a0c278c995dc3aa17bc832051"
"generated/benchmarks/BM-SOL-TET4-MEMBRANE-001/benchmark_manifest.json","12731","9dbf9258bd05095d8eadc19a7b80324219d0589062c33a24d0fdde88ada6ab55"
"generated/benchmarks/BM-SOL-TET4-MEMBRANE-001/benchmark_summary.json","9724","fb069a5bece26b67e8ed8c2878a10f054b49a7f7bc703a961cc5353d540c7a3c"
"generated/benchmarks/BM-SOL-TET4-MEMBRANE-001/compression_h1.import_report.json","1922","7fe3c7e5071de6b38ab71eaf7857f495a520b03110b3c9e3eede0e052067ce38"
"generated/benchmarks/BM-SOL-TET4-MEMBRANE-001/compression_h1.model.json","40157","c0363394a49a4af67fc5f8ba2a32a30a69bcc3eb773180e12262d9156dd81cd5"
"generated/benchmarks/BM-SOL-TET4-MEMBRANE-001/compression_h1.setup.json","1465","7eada286ee8e1cbb32ebe011781377e862e3a7266e263d975c0884d817ae558a"
"generated/benchmarks/BM-SOL-TET4-MEMBRANE-001/compression_h1.vtu","50275","edbc88b3f4b00b713168788108bd43cb54cf40c02d2933e8562a3f8000326414"
"generated/benchmarks/BM-SOL-TET4-MEMBRANE-001/compression_h2.import_report.json","1925","62677d61ef8853b5ae7e4f0e1bc7e3504719c7e8dd9fd1435b8c86c762279754"
"generated/benchmarks/BM-SOL-TET4-MEMBRANE-001/compression_h2.model.json","81586","281ae220fe5baf04bdff7f6fcb6e54a95eed1a4730c38b7848426811b06c1f97"
"generated/benchmarks/BM-SOL-TET4-MEMBRANE-001/compression_h2.setup.json","1465","7eada286ee8e1cbb32ebe011781377e862e3a7266e263d975c0884d817ae558a"
"generated/benchmarks/BM-SOL-TET4-MEMBRANE-001/compression_h2.vtu","101570","ecf605b4f72027db2cabb7405b131d8776ca8c3c7f279612c41c95bb496437bc"
"generated/benchmarks/BM-SOL-TET4-MEMBRANE-001/compression_h3.import_report.json","1926","6f98586d3cc9b25a7662b538c248734c9005dcf2fcaa4fe7c4b3444123beb0d9"
"generated/benchmarks/BM-SOL-TET4-MEMBRANE-001/compression_h3.model.json","120768","f1e0046c69f73348e096db8635b755e5807163b4193a113b93740b9d917fa02c"
"generated/benchmarks/BM-SOL-TET4-MEMBRANE-001/compression_h3.setup.json","1465","7eada286ee8e1cbb32ebe011781377e862e3a7266e263d975c0884d817ae558a"
"generated/benchmarks/BM-SOL-TET4-MEMBRANE-001/compression_h3.vtu","151267","4d82958cd5ed36cd40b14cdb419e449bafc4e17ef5bfba09d251bb9850900a45"
"generated/benchmarks/BM-SOL-TET4-MEMBRANE-001/compression_h4.import_report.json","1929","7eddcaa78f4990a4ef2ca552c962841f92f2cbe8841efc07dc55251e85de6795"
"generated/benchmarks/BM-SOL-TET4-MEMBRANE-001/compression_h4.model.json","206768","3ea514a944f2972642cc3994f92a3d32f33085796b169235825950f920689b25"
"generated/benchmarks/BM-SOL-TET4-MEMBRANE-001/compression_h4.setup.json","1465","7eada286ee8e1cbb32ebe011781377e862e3a7266e263d975c0884d817ae558a"
"generated/benchmarks/BM-SOL-TET4-MEMBRANE-001/compression_h4.vtu","259307","d0b55f0d6bdf61f1a6573a481eb3d685d459154da8b764c4ab6b355b788fa1cd"
"generated/benchmarks/BM-SOL-TET4-MEMBRANE-001/compression_h5.import_report.json","1929","b530ffa2211c381a07944ce3ae0b6f532ef51e28794ed73b011f47e0c01cfe53"
"generated/benchmarks/BM-SOL-TET4-MEMBRANE-001/compression_h5.model.json","425008","b02ac04754ae47d031552e966268e04f7f66125d353ef289cd906d7398579027"
"generated/benchmarks/BM-SOL-TET4-MEMBRANE-001/compression_h5.setup.json","1465","7eada286ee8e1cbb32ebe011781377e862e3a7266e263d975c0884d817ae558a"
"generated/benchmarks/BM-SOL-TET4-MEMBRANE-001/compression_h5.vtu","532384","d29d7c3fc94446be4cea518dd955596baff8ca47a6bd3550fd92549f245df377"
"generated/benchmarks/BM-SOL-TET4-MEMBRANE-001/h1.msh","10425","0a9e86e8582c730523f6f6c0b174881fa06f181cce9131fef944eae9172c2c0b"
"generated/benchmarks/BM-SOL-TET4-MEMBRANE-001/h2.msh","20217","0b881acdacbcbfbb3a9261151a0b88876a4b82967ad0adb395eb246df96eb5c3"
"generated/benchmarks/BM-SOL-TET4-MEMBRANE-001/h3.msh","30141","df92fc20d563ab787f51cce05f3684d512c9ca70863991680f46105a89de8c3c"
"generated/benchmarks/BM-SOL-TET4-MEMBRANE-001/h4.msh","52036","dfdff8c9eb867ae1634ea00fb52d3b76ae520560eb92704be658e8eab56a10c0"
"generated/benchmarks/BM-SOL-TET4-MEMBRANE-001/h5.msh","99743","44f70b40993264088934c890dba30a9ebe9701f668cb44c667cc3b8017ddb656"
"generated/benchmarks/BM-SOL-TET4-MEMBRANE-001/traction_h1.import_report.json","1919","988501cc17ae572fd27c10670bf37a29794fbdba7f1b6db3bc35d0919602a563"
"generated/benchmarks/BM-SOL-TET4-MEMBRANE-001/traction_h1.model.json","40145","c8ef55ae5502375e9dda457a3d47c9d85c98d641b462697588660fd01560ae25"
"generated/benchmarks/BM-SOL-TET4-MEMBRANE-001/traction_h1.setup.json","1464","fab56b8adb4b37dbe4f0a1b405b64841a757f29c65c9fcbd16e853c75feb2995"
"generated/benchmarks/BM-SOL-TET4-MEMBRANE-001/traction_h1.vtu","50103","a33558d98be6ca37349790ffb72b7e8579810e42e47908cfe55b31d747ebf598"
"generated/benchmarks/BM-SOL-TET4-MEMBRANE-001/traction_h2.import_report.json","1922","45640484493d091aece006dc9031f7ca8e35d543d171995a454b0707a85e7dae"
"generated/benchmarks/BM-SOL-TET4-MEMBRANE-001/traction_h2.model.json","81566","6e8f19919ab51ccea329218fcd355548441813f52675a4274512680ffe8dfd10"
"generated/benchmarks/BM-SOL-TET4-MEMBRANE-001/traction_h2.setup.json","1464","fab56b8adb4b37dbe4f0a1b405b64841a757f29c65c9fcbd16e853c75feb2995"
"generated/benchmarks/BM-SOL-TET4-MEMBRANE-001/traction_h2.vtu","101374","778cb58575c5c84d0f3685786ecea5cabc9bebc7fc2836bb5175fb5ddfc3c681"
"generated/benchmarks/BM-SOL-TET4-MEMBRANE-001/traction_h3.import_report.json","1923","05c0d7ee326fbf06633e32ad66826a12015d9eb2dad6f3f180528cd805362aef"
"generated/benchmarks/BM-SOL-TET4-MEMBRANE-001/traction_h3.model.json","120742","5eae6bb820acf8fc301d4c1e8ff5e3ba5fff9243304ebc4dae2b0792350b8313"
"generated/benchmarks/BM-SOL-TET4-MEMBRANE-001/traction_h3.setup.json","1464","fab56b8adb4b37dbe4f0a1b405b64841a757f29c65c9fcbd16e853c75feb2995"
"generated/benchmarks/BM-SOL-TET4-MEMBRANE-001/traction_h3.vtu","150942","08121c276c693bbd86bb6b8d678db447da5a249f163f6835f5d2e4fa6e70ee5a"
"generated/benchmarks/BM-SOL-TET4-MEMBRANE-001/traction_h4.import_report.json","1926","7cbce80d0212488d05342b106e80953593714e366e6fd2b94df49a66dc0fe3c6"
"generated/benchmarks/BM-SOL-TET4-MEMBRANE-001/traction_h4.model.json","206734","20343e959e6051e7b774f22136c01537772a31a262b5acc4ee072146cdc66527"
"generated/benchmarks/BM-SOL-TET4-MEMBRANE-001/traction_h4.setup.json","1464","fab56b8adb4b37dbe4f0a1b405b64841a757f29c65c9fcbd16e853c75feb2995"
"generated/benchmarks/BM-SOL-TET4-MEMBRANE-001/traction_h4.vtu","258563","e16f3d8fadb8d5879df9711575f925061ccfc350e46199e4824e97e8ab913efa"
"generated/benchmarks/BM-SOL-TET4-MEMBRANE-001/traction_h5.import_report.json","1926","52b2419b811ed3953c8587c5edeb6d5b828a3ed337142e5824d180d772c10d74"
"generated/benchmarks/BM-SOL-TET4-MEMBRANE-001/traction_h5.model.json","424962","85730b802dc8bd1bf3a4eb8eb245616aaf82c1b2843379fbdbf1f2329255d204"
"generated/benchmarks/BM-SOL-TET4-MEMBRANE-001/traction_h5.setup.json","1464","fab56b8adb4b37dbe4f0a1b405b64841a757f29c65c9fcbd16e853c75feb2995"
"generated/benchmarks/BM-SOL-TET4-MEMBRANE-001/traction_h5.vtu","530744","2d535a3c322a986d66290c3a8aa3070741d58e83b925c17ea747b36e3bb53885"
"generated/benchmarks/bm-sol-tet4-membrane-001_results/index.html","42187","63aff01a85b4dcdd82efa2d2325dd3bfa72d336f58a54bca32831b06b71fabb7"
"generated/benchmarks/BM-SOL-TET4-PATCH-001/benchmark_manifest.json","2678","a4f6ff3a05e6ba2c8f05bf0c815f5b77b3355ff3d76841dc49f25325e0fc4940"
"generated/benchmarks/BM-SOL-TET4-PATCH-001/benchmark_summary.json","1861","e3cf793b465eccdda9ac85f38e6b0cbcdc781cb96ddc21b0f4e899785acd5063"
"generated/benchmarks/BM-SOL-TET4-PATCH-001/patch_tet4.msh","10192","adf262fc724cc16ace6dfe2907b1112ca3e0781e914141e2859f6e575fd64b2e"
"generated/benchmarks/BM-SOL-TET4-PATCH-001/result.import_report.json","1862","6d8d79d21c36b049336e51cc66b19bf1e1ad786849b3b432d907f48aadb809f6"
"generated/benchmarks/BM-SOL-TET4-PATCH-001/result.model.json","45133","3c051aec138628b62c52fd21995b9380fc4b9d53d0140c6b22d28d97ed5e0f3e"
"generated/benchmarks/BM-SOL-TET4-PATCH-001/result.setup.json","1754","dc9550c48fde5ac9f92ba0a1453619650ea9e72032b48ac6a3fd96046f9228ca"
"generated/benchmarks/BM-SOL-TET4-PATCH-001/result.vtu","45425","0ed8aaf885f10fcd35e7cc805b3f113c85ddffec94691ccd81232cb2aaff36b1"
"generated/benchmarks/bm-sol-tet4-patch-001_results/index.html","35438","9eb1a71a79bde2dee541d7f6165004a88572e36b0c2f13f3800b404cec639f08"
"generated/benchmarks/BM-SOL-TET4-TORSION-001/benchmark_manifest.json","10809","9cc1557729a22d0096cd57df6207d018903e7cbbde5b2ad0e44bc063f722601f"
"generated/benchmarks/BM-SOL-TET4-TORSION-001/benchmark_summary.json","8128","9b036e7f87b1d0fe5e12f759f03a4a3733a3b978c403e3d78eefe2cc62cb26ae"
"generated/benchmarks/BM-SOL-TET4-TORSION-001/h1.import_report.json","1112","0fcf2efc98700c21c645f5c66c54965b728b0028d90fab27f9dc26af527b94d5"
"generated/benchmarks/BM-SOL-TET4-TORSION-001/h1.json","5014189","e9bd3102dae00e5430128b59c833d8969bc914d82d38c3c808fd7dad2a3d490f"
"generated/benchmarks/BM-SOL-TET4-TORSION-001/h1.model.json","32119","4ae44dc13a544c7700959ab080c70804eb8e88fd9f138057cff32724a692a6b8"
"generated/benchmarks/BM-SOL-TET4-TORSION-001/h1.msh","8239","6620d8352e09d48c8da78c17d1ef4d75fd67315a7d8a40c5d4a249960463f409"
"generated/benchmarks/BM-SOL-TET4-TORSION-001/h1.setup.json","828","df718595bf34a25452c0dc614546d3a1fc0a4262d69d26150888c523a3465881"
"generated/benchmarks/BM-SOL-TET4-TORSION-001/h1.vtu","41944","3f948be64211be2d10c06553fb7f337e94949db038eb29fd618514ffc8220509"
"generated/benchmarks/BM-SOL-TET4-TORSION-001/h2.import_report.json","1119","df4a3233c2eb784735a3424d785864670ae7075ed965e4b1d3e7cc59122bf7f1"
"generated/benchmarks/BM-SOL-TET4-TORSION-001/h2.model.json","50781","dbdc7ea00177d4d01c05469f89d8eaed805549e08bfe9fa6f5971dfd073dfdcf"
"generated/benchmarks/BM-SOL-TET4-TORSION-001/h2.msh","12220","b34c28aa831239c3eaeb8e0971311ebc4871ab701d2b9452a743de40f206585f"
"generated/benchmarks/BM-SOL-TET4-TORSION-001/h2.setup.json","828","df718595bf34a25452c0dc614546d3a1fc0a4262d69d26150888c523a3465881"
"generated/benchmarks/BM-SOL-TET4-TORSION-001/h2.vtu","65108","e1221eff67577be3f07abba69115b829ffe8102d7d93f1dfc13cd5bd48955e76"
"generated/benchmarks/BM-SOL-TET4-TORSION-001/h3.import_report.json","1119","b3d4baf720745d8e5960a993a8ea43bab928fd0b929fc646abac64659c22eb2c"
"generated/benchmarks/BM-SOL-TET4-TORSION-001/h3.model.json","66430","82377b314e9802f711c1b2513dd126feb3061e37c553cf8f736fefe3a4b4ca54"
"generated/benchmarks/BM-SOL-TET4-TORSION-001/h3.msh","16431","31a19bfa292b18bbd022397d11beabe873f4910dc358abda61e877519bedb0d2"
"generated/benchmarks/BM-SOL-TET4-TORSION-001/h3.setup.json","828","df718595bf34a25452c0dc614546d3a1fc0a4262d69d26150888c523a3465881"
"generated/benchmarks/BM-SOL-TET4-TORSION-001/h3.vtu","84975","65c8cb21c239d7ee6038b5ed1cb16c7ca60f300e4d39c9c93d83c7f1ede8c82c"
"generated/benchmarks/BM-SOL-TET4-TORSION-001/h4.import_report.json","1119","0aafbbb5784d1bf09ac268fa23d2e5d1f203c057fbf402d8854ddf59ad00942b"
"generated/benchmarks/BM-SOL-TET4-TORSION-001/h4.model.json","110111","3e7102544b36ea2c84f21f27bd74086a7b139da1bedbc62285513289dcb0d961"
"generated/benchmarks/BM-SOL-TET4-TORSION-001/h4.msh","25794","9156c6280b7f72d66fc611c3dcf3af9b14bac3cc7076ad64936a2ecb310de655"
"generated/benchmarks/BM-SOL-TET4-TORSION-001/h4.setup.json","828","df718595bf34a25452c0dc614546d3a1fc0a4262d69d26150888c523a3465881"
"generated/benchmarks/BM-SOL-TET4-TORSION-001/h4.vtu","139964","812dfc1c83c3fa53d94351db581c06035b1b7dba745a09d32a8853e08300b094"
"generated/benchmarks/BM-SOL-TET4-TORSION-001/h5.import_report.json","1119","6468194d545d0f0c09c8b3161a2239ed4114e7376c9c91e1d675469f5ae0aab4"
"generated/benchmarks/BM-SOL-TET4-TORSION-001/h5.model.json","166520","7fcd41cf0d1765220634d4f07535b9a49f161d45dd75b28b291379b9e07fe5ab"
"generated/benchmarks/BM-SOL-TET4-TORSION-001/h5.msh","38084","6020d4af70093b0927a7be0ffcdfbc294b40398093ea80059f8552f643b2a039"
"generated/benchmarks/BM-SOL-TET4-TORSION-001/h5.setup.json","828","df718595bf34a25452c0dc614546d3a1fc0a4262d69d26150888c523a3465881"
"generated/benchmarks/BM-SOL-TET4-TORSION-001/h5.vtu","210089","9a3343cd59ad9d450444be3e1f5cc322874e201e650bd235530ce183f295421a"
"generated/benchmarks/BM-SOL-TET4-TORSION-001/h6.import_report.json","1122","86d18590fc596e07b4ba9e0c95b86fe748e2c8ac602bbd6a72b886030076415e"
"generated/benchmarks/BM-SOL-TET4-TORSION-001/h6.model.json","265991","14140866711d49178826c05bd392b837ad34e54faccc36f6e488f83b5a35d790"
"generated/benchmarks/BM-SOL-TET4-TORSION-001/h6.msh","60463","6fdf86d6cc493b3fcf38ce95df06fc5799646c586230eb5b081dd648530164e7"
"generated/benchmarks/BM-SOL-TET4-TORSION-001/h6.setup.json","828","df718595bf34a25452c0dc614546d3a1fc0a4262d69d26150888c523a3465881"
"generated/benchmarks/BM-SOL-TET4-TORSION-001/h6.vtu","335018","792861273abfce7a11389ae46cf3367dd7fcd41a1ca351597c286775cbeb4af9"
"generated/benchmarks/BM-SOL-TET4-TORSION-001/h7.import_report.json","1122","b5258cf1d6aa6a8081d801bb9ef41670c9f23826cae8d1ac1334533e71decabf"
"generated/benchmarks/BM-SOL-TET4-TORSION-001/h7.model.json","403383","f3ba11eda27b2f666a3e43905aeedfb0ce97ab105946f711914bd49e6abf02f9"
"generated/benchmarks/BM-SOL-TET4-TORSION-001/h7.msh","90623","890e39e729c2ab23119551567192b716b310b5e5c5848e6758f92f484f43a2f7"
"generated/benchmarks/BM-SOL-TET4-TORSION-001/h7.setup.json","828","df718595bf34a25452c0dc614546d3a1fc0a4262d69d26150888c523a3465881"
"generated/benchmarks/BM-SOL-TET4-TORSION-001/h7.vtu","509970","0038e0e0aaff7f80d10a83cb26bc6e37a29e020aa8f1f92a3cc8c07e8565c0cf"
"generated/benchmarks/BM-SOL-TET4-TORSION-001/h8.import_report.json","1122","f9674a6a4e8f9cf48a1c207105dd6a2651560d063a81601d9b1170d3c544e91f"
"generated/benchmarks/BM-SOL-TET4-TORSION-001/h8.model.json","618750","2e73c903bd40c72f2ab771451aa5c9d4d254ad91bf27d5630821d8d5087e1806"
"generated/benchmarks/BM-SOL-TET4-TORSION-001/h8.msh","137415","d2f885ce72dd368aeb62ab7458e21bfb77bdf999c101f7078007493e232295e2"
"generated/benchmarks/BM-SOL-TET4-TORSION-001/h8.setup.json","828","df718595bf34a25452c0dc614546d3a1fc0a4262d69d26150888c523a3465881"
"generated/benchmarks/BM-SOL-TET4-TORSION-001/h8.vtu","784035","8752a0302b3b377ae4cc2926345edd435690b18659ad7f6213c206e1fb97d32a"
"generated/benchmarks/bm-sol-tet4-torsion-001_results/index.html","40922","df638066249d7361b59469a9a98ca8d46778303ab9d1cb6d43fe11f7133538b4"
"generated/benchmarks/torsion_h9_stress_probe/index.html","33688","a7200d2ca29aaf83e636a62e3c4c30c7304e74cd14400d8a011506847139177c"
"generated/contact_friction/friction_block_comparison.png","79007","7a8a76294b3982af2fb52e098d0fde6bbb835237d3c71c481d1f5dc1e0a045ba"
"generated/contact_friction/summary.json","8578","de13a55a56faf6cd2c99d5ecc9484539f59187ee2e88103271de9bba483e43b4"
"generated/contact_friction/vnv_manifest.json","1829","11698d9d530990e8cf04e4ec9649b859f2c9141a472eab54c3806d73107f498e"
"generated/contact_friction/report/index.html","35305","311a27acb83871e7cb8281181ffd0a7405ce820d6a35c3473d56abf768712b82"
"generated/contact_friction_checks/index.html","32740","2968fba61463591ae8189a7268a679212f2eae5eedda71a4a80f00eb7c0aabfb"
"generated/contact_friction_code_aster_checks/index.html","33184","bb26258421f822e03a0149339714b3179e91a239f25dc007ec4300c1bcb3e6d8"
"generated/contact_friction_structural/friction_structural_convergence.png","58799","d373fb33a6a86ed254151e4faebc1020668effeec502f472d3b5b2f8c573f583"
"generated/contact_friction_structural/summary.json","3622","5765bf26dbcb2f17a554b245d530db8ff31d2d180129948ed780761c32f49b94"
"generated/contact_friction_structural/vnv_manifest.json","1845","38fbd3ab54d63d2ec21ebf038c1d32356a164e0831c1648e9f41f38c5caa0733"
"generated/contact_friction_structural/report/index.html","33482","5361920df60676e94b3174bff8bca715628785287510913bd93370698748c51f"
"generated/contact_friction_structural_checks/index.html","32558","8b54ac583b7f390ccc8635af7c6542700e5ae18238bdc75435129dbadc006498"
"generated/contact_structural/contact_structural_convergence.png","55343","733fd4c03646162290280459b8fc3b4b2f55f01522b4d12394f0f6410c8ad669"
"generated/contact_structural/contact_structural_deformation.png","348039","6bd71c7b9c7d68cd1d6120749cc6e309b6aa5c3ec626978919458052143f2434"
"generated/contact_structural/summary.json","3387","bdf312add6bdeee4d92ed7a3cd26d12cc8888d70dc2144dd445bc2148f30615d"
"generated/contact_structural/vnv_manifest.json","2041","494fe8b14892d00f736e63da38aba673a0157756611f4f2dc6ee676f487e8ee7"
"generated/contact_structural/report/index.html","35527","de65568e5c5d302dcd7d1e203ecf0467a591766ca85ee0fa5e1c59fecbd912cf"
"generated/contact_structural_checks/index.html","32463","797645aef9a8c82d6a1d0f72a84d2affe46fc9ea0313d2d8100c5891b19795e8"
"generated/demonstration_registry/index.html","38587","9889c023f14ac1ae0e135826ceeb7ae27ac412310019fedc86060f448225c83e"
"generated/demo_catalog/index.html","36679","92deb065724b4b776738b06413049af2ccb08c2d01d9e0e923f788397ac9ec7f"
"generated/document_registry/index.html","104952","d098ba36045d8a9cbd8d45ff9d9a8730efbd36efa5cbec4f4ca179956b7d9d94"
"generated/formula_traceability/index.html","52822","e5e277caaea777560dbde95e64a75829c53719e1397e369ba501e714303006a9"
"generated/harmonic_results/index.html","32384","68f2b08d36c0bf66e2a43ca090803a1fc2f7c7fb140e18186bdc2c98ed74846c"
"generated/large_model_results/index.html","32468","d05e246d5ae289936331696beedd2511fce24b6c3790c92c79bd092a7d44db31"
"generated/large_run/audit_large.json","4601","8e0731308d5043fca6de1f846a3f044909c3a1fb82cb7c185d7d8fb4f1cc0a69"
"generated/large_run/displacements.h5","12208","2037fb59703f573d62201123c6f13872210104806932db26946e0c7b639d78a1"
"generated/large_run/summary.json","560","23601bb8c01b5d80cb885b351e214cb8533310c0daa847e59c8675ab2e1a7fd7"
"generated/linear_solver_results/index.html","32422","379735970bf71c820a31908566c96b9b2ef5f2ba086c24b9e8e217d050035dc5"
"generated/mitc3_dynamic_extended/summary.json","43990","98bb49d9a7719262cf50b277fb357ef3e705be1c4cdddeab3a8edc463cd9eca4"
"generated/mitc3_dynamic_extended/vnv_manifest.json","1269","a3eba6c634314b8ffd3c11a0ddcd8c6eb0f8acbf588cfa8b0140d37d266e5109"
"generated/mitc3_dynamic_extended/VNV-MITC3-MODAL-CURVED-014.png","83710","0ec2be22c9e04b2227ae4644f39e5357b24f56d03ef9c4ade852807c3bef59bd"
"generated/mitc3_dynamic_extended/VNV-MITC3-MODAL-FREEFREE-013.png","63749","2fb9580e16f361e70fd3801979878daccf44584831c1cd9d75944440823bfce4"
"generated/mitc3_dynamic_extended/VNV-MITC3-NEWMARK-HARMONIC-CURVED-016.png","89309","04bc8cd13d49b0fe870a32cdb62bfad0b8673d0191bcb77872e72076b957f67b"
"generated/mitc3_dynamic_extended/report/index.html","37056","e5d1172c9fae6d44bb0e8dc09e37550d52b80f37184ea410f9f41246145edab5"
"generated/mitc3_laminate_dynamic/summary.json","35477","a3d98793474e97564b6ea2ebc0a15f9ac0e28ccff5d34494324dba5f6403f749"
"generated/mitc3_laminate_dynamic/vnv_manifest.json","1085","9f0f25e4c69a1ba3e9d70c697cf2e418a1d0810fd5757f96ccbb692a5c0ae2a5"
"generated/mitc3_laminate_dynamic/VNV-MITC3-LAMINATE-DYNAMIC-001-harmonic.png","68710","17ca4f048eebb5d43c6ace433daa13987a941c9370c63f77af2eea3cc33e5f91"
"generated/mitc3_laminate_dynamic/VNV-MITC3-LAMINATE-DYNAMIC-001-newmark.png","105843","1bc4e6500119fda4daa271fc0ceb9a64e8d036da41a109f6ebda97a9a7d1e009"
"generated/mitc3_laminate_dynamic/VNV-MITC3-LAMINATE-DYNAMIC-001/index.html","37407","f7d500e6b515ef287e3d556048e3cb8b515f6b24257f4f93e3b7729c52677d45"
"generated/mitc4_harmonic_broadband_results/index.html","32577","c9b9bbb2135ed1bbe7509ced4e324b3a6295bfb309ce1734f655ae8bdab53edc"
"generated/mitc4_harmonic_broadband_vnv/summary.json","196235","3a4ca8d95b9841ac2adf1d6547340722f1ab0af5837d8196d483b39a478ebff0"
"generated/mitc4_harmonic_broadband_vnv/vnv_manifest.json","1373","a7a883de4cfbc43217e0522c541e6bc665d53675b6974ef283395fd99cc6b97d"
"generated/mitc4_harmonic_broadband_vnv/VNV-MITC4-HARMONIC-BROADBAND-003-agreement.png","53665","4de907e61880af6535066b26a822877fc318cfb75c00c0b0f3d2800961025208"
"generated/mitc4_harmonic_broadband_vnv/VNV-MITC4-HARMONIC-BROADBAND-003-peak-shapes.png","535792","69b5bd649002df0ee53a4dd73021cfe091ef15f9f32aab025a8953235a620753"
"generated/mitc4_harmonic_broadband_vnv/VNV-MITC4-HARMONIC-BROADBAND-003-response.png","96028","211d2123faa7e6d2829070461d01a44c767a0ba5dee595b10534eb64c2495491"
"generated/mitc4_harmonic_broadband_vnv/VNV-MITC4-HARMONIC-BROADBAND-003/index.html","34784","400c66972deabec9ea8a76baf85dc73ccdacb84a5c08c117bce5fc96333941d1"
"generated/mitc4_harmonic_condensation_results/index.html","32431","a9a0877f668cead22406e4085a3dc86d6f2e39cd6952be9fc77b24c9bc45eab1"
"generated/mitc4_harmonic_condensation_vnv/summary.json","9437","5ba4ac897e9154a772809a76019163a19100e0d50c9b01eb1322be9337459dc5"
"generated/mitc4_harmonic_condensation_vnv/vnv_manifest.json","906","283172473fa73f1ff7c896153ddd6c8c2c722ad4223ff0d624751f5c387b3854"
"generated/mitc4_harmonic_condensation_vnv/VNV-MITC4-HARMONIC-CONDENSATION-002-errors.png","90516","a2f2bc447903128435e5c4dc1f424c8c794f11316c468cbd6023f23e483d9046"
"generated/mitc4_harmonic_condensation_vnv/VNV-MITC4-HARMONIC-CONDENSATION-002/index.html","34452","8479dad768f71d330299dc16403332093884000ebf334f4671da597a612389ca"
"generated/mitc4_harmonic_results/index.html","32385","106e58ed3a552e88b9f02527d96aa1b983b7903c957f7b95d0f1f2e36564e7a1"
"generated/mitc4_harmonic_vnv/summary.json","22060","003f7ce4bcee9a2fc5f3589de1ddf92f4c95d9c75ade99508da9e5beecabcdc6"
"generated/mitc4_harmonic_vnv/vnv_manifest.json","1072","b3ac562276bcdaecc6b7bdca44261545bebc4f200428b2755493a2d22aaecae1"
"generated/mitc4_harmonic_vnv/VNV-MITC4-HARMONIC-MODAL-001-damping.png","49005","63ab11a5388e5c5f57d8ec7e328a622e70465d1d42c1ddf2d202306ef1c84537"
"generated/mitc4_harmonic_vnv/VNV-MITC4-HARMONIC-MODAL-001-response.png","62609","0ea3e7bdeb4db446f89dcbbf103bb6868ee465ffbff2a18e1414529b86f3dd16"
"generated/mitc4_harmonic_vnv/VNV-MITC4-HARMONIC-MODAL-001/index.html","34150","39432abf9d04ac6ca7111c9ce2a1438d5684f7aaee1192258f45e19751fb1406"
"generated/mitc4_laminate_dynamic/summary.json","33564","7a754ef0a3154795ec5f40a982ea6baa98434ecc44dbf58315605106d3696474"
"generated/mitc4_laminate_dynamic/vnv_manifest.json","1085","0d34b831f503c6989ab6e329c50d8cd02c387e412fb9181c0962aebdece13a75"
"generated/mitc4_laminate_dynamic/VNV-MITC4-LAMINATE-DYNAMIC-001-harmonic.png","68725","03f72f4b9da0330832189bf046a3d3385aa4700c32b8af60365b8913c72b4248"
"generated/mitc4_laminate_dynamic/VNV-MITC4-LAMINATE-DYNAMIC-001-newmark.png","105988","b5718595e2ee2543367ee64f07006671a69cadfe0b4773118883961f430c1a1b"
"generated/mitc4_laminate_dynamic/VNV-MITC4-LAMINATE-DYNAMIC-001/index.html","36254","d555ddc72d63a8a4809b479db83247ff9ed94bbad076978853db11d7a3b94403"
"generated/mitc4_locking_results/index.html","32264","a69cb4c42eea3dc86a4eec4c754385feec5c6ebcc41bdbf349575026f2c7852b"
"generated/mitc4_modal_plate_results/index.html","33017","640e668436f86c17a81bb1109af1589161002fb42c28ae56e7530bd7f4aaae49"
"generated/mitc4_modal_plate_vnv/summary.json","4712","cc806f352a90efee664e0c4f192e1cf9ea2b56148a62091d38e101b586838dd9"
"generated/mitc4_modal_plate_vnv/vnv_manifest.json","1076","ac200b0f69aa2306fe72ebffd2deab97f6ecca65962c892520d38a5c601ac363"
"generated/mitc4_modal_plate_vnv/VNV-MITC4-MODAL-PLATE-003-convergence.png","50162","7a6dc31dd590f95d93d768688c2912083433b3739b9c86fb7591cbe762b8185a"
"generated/mitc4_modal_plate_vnv/VNV-MITC4-MODAL-PLATE-003-mode-11.png","307311","e274154a38cdfbcd041f90219e6a248436d305350cc80597031706312cb6a6ef"
"generated/mitc4_modal_plate_vnv/VNV-MITC4-MODAL-PLATE-003/index.html","35503","0a7fb3a5509a87ce6253384f310cd6bb398203c4bef838c17c1a55a1b9bb9982"
"generated/mitc4_nafems13h_results/index.html","32563","d90611fabf8cf9dd445bd612a942cc7d3fd42d640659d5004130d44b8b0f9ef0"
"generated/mitc4_nafems13h_vnv/summary.json","127966","1bc649cb132ba30cf9d3b791d601b4ee1ee769996c25b2c87ccdef019b074f31"
"generated/mitc4_nafems13h_vnv/vnv_manifest.json","2275","712636adbac0af1a662f9224c022ccf16fc464f2721dc1ffa0383e0aedd15ad1"
"generated/mitc4_nafems13h_vnv/VNV-MITC4-HARMONIC-NAFEMS13H-004-deformed.png","250911","ffa251165febf63b4ed222d4b5829d60fad1a047ef891eb789be333b07bf2dd3"
"generated/mitc4_nafems13h_vnv/VNV-MITC4-HARMONIC-NAFEMS13H-004-model-setup.png","46833","f7bc02b2ca368e734942d3f924425e92633f4d4808174adb25a1ae222cf53f2e"
"generated/mitc4_nafems13h_vnv/VNV-MITC4-HARMONIC-NAFEMS13H-004-response.png","48219","75caea1ef23cd5119d799b8b9c6545389915085d378d33a2b746e14b5c2994cc"
"generated/mitc4_nafems13h_vnv/VNV-MITC4-HARMONIC-NAFEMS13H-004-stress-response.png","82289","60bf87ed0147fe5704bf1f066fc8181af29f41c4050ae5efa0c699aa7a89c904"
"generated/mitc4_nafems13h_vnv/VNV-MITC4-HARMONIC-NAFEMS13H-004/index.html","35572","dd9d6b9e00fbba7472e8c1cf9fe8d573f03ad8b3a82d541cefbbbb2c482c3e2a"
"generated/mitc4_newmark_broadband_results/index.html","32419","f0e230d3f59dc465315ca8424ca46f427a21ea7e461257379251f16e6998f769"
"generated/mitc4_newmark_broadband_vnv/summary.json","780965","6108ea44544dfe2e35cb3eff5d475d8659b312d106da51f5df2770e2aab6e927"
"generated/mitc4_newmark_broadband_vnv/vnv_manifest.json","1607","040a86ee5ccd99298816e6c31b099d22f6717f5a75a757be4547118abfeb9eda"
"generated/mitc4_newmark_broadband_vnv/VNV-MITC4-NEWMARK-BROADBAND-004-convergence.png","120492","cd631d8b66e19b844ba9e8d2bf0ec58e24dfdc2db4ec2780a0927b7cafc0dba2"
"generated/mitc4_newmark_broadband_vnv/VNV-MITC4-NEWMARK-BROADBAND-004-displacement.png","190681","cec06bf5e859f868285b3263ebc17fed9234b22bfb773acd48cf5475256810dc"
"generated/mitc4_newmark_broadband_vnv/VNV-MITC4-NEWMARK-BROADBAND-004-excitations.png","146415","2b0fde304a03e77fa81e485d4486973e90a5bff68dc1a8c08d570477b1e52231"
"generated/mitc4_newmark_broadband_vnv/VNV-MITC4-NEWMARK-BROADBAND-004-stress.png","191631","e9933c176dadfdef99416ff64a47d8d246e317d2111296975cb7663d3520985c"
"generated/mitc4_newmark_broadband_vnv/VNV-MITC4-NEWMARK-BROADBAND-004/index.html","36372","10ffe962c8734b9a0d55479be730d589be1d442bf2f0ecbd0af1c579c148f690"
"generated/mitc4_newmark_extended_results/index.html","32936","1536647e277fb722559f2f97e746c4f2b84315611ca150f538f9056bd4743e1d"
"generated/mitc4_newmark_extended_vnv/summary.json","212699","2a42243b018557b4bc43c32f3c9babe91397497ce41079b8af3096c5376918c1"
"generated/mitc4_newmark_extended_vnv/vnv_manifest.json","1139","88e84d4cad5ef619bfb2b4b4357ab67a9c2a147bf0086c2767849c31f1edb714"
"generated/mitc4_newmark_extended_vnv/VNV-MITC4-NEWMARK-DAMPED-FORCED-003-convergence.png","62509","4deedf3a7d5596e0c8435e00c5663e74e351f37fe8ada33c90eceb523d88939e"
"generated/mitc4_newmark_extended_vnv/VNV-MITC4-NEWMARK-DAMPED-FORCED-003-histories.png","118385","cfba7289df79a3ab0977f15473cb015ee552b7b73f9eef0b4336a0c8dfdb33e8"
"generated/mitc4_newmark_extended_vnv/VNV-MITC4-NEWMARK-DAMPED-FORCED-003/index.html","35091","915f8035de1164bfebdc583cce87070e96fcd9e0fe2f670d36e3b0e1ce27a467"
"generated/mitc4_newmark_results/index.html","32572","1f5bc842231846aadbf6d31c3d6e27c897edea7edc7c98e8c08fd2fa4a263b63"
"generated/mitc4_newmark_vnv/summary.json","88234","2aa386008a5f756c4282c676c90e2153d69a5db2763351deb2e214c860db9807"
"generated/mitc4_newmark_vnv/vnv_manifest.json","1063","edbc331ebb5d4c0a6c778aea90fa61c84440fb59181d8eb924635de27760017e"
"generated/mitc4_newmark_vnv/VNV-MITC4-NEWMARK-FREE-002-convergence.png","44616","b8f9d7a80a890255b87c25fb6654ff260b1bea56eed884322107ac89063ad922"
"generated/mitc4_newmark_vnv/VNV-MITC4-NEWMARK-FREE-002-history.png","89557","84d6f213b3d6ddb3d4bccca7b5cccabafd4c65f51c61083ab0c5afd71fd0c96d"
"generated/mitc4_newmark_vnv/VNV-MITC4-NEWMARK-FREE-002/index.html","34674","dfb803ceafc4efb113a62f578f61f9a0c651b25e68ebb0c88ee8877eff836d02"
"generated/mitc4_results/index.html","32420","31a89371067ec4fee5c3c12661ce672df73011b479ffdf460569a676926deab7"
"generated/modal_results/index.html","32430","207cdd67865cb056a2ad501189537f6f083476ee6f5791897154557538fa1bc5"
"generated/models/large_block_documentation.npz","3361","a4ef61bc92affaee02cee1470c44dd06a1a514aeaec6b10458ef4aa29a645e63"
"generated/models/mitc4_plate_bending.json","4786","22c9ab7e7c91b5fdc4e14ce6cb4bad5dedb50371a9b767f3af69ab94ae5b1db5"
"generated/models/tet10_cantilever.json","11614","d546121b8a0779f6c1ea9fae5cb13d892750fe48efe108f0f21afd92c8e7981a"
"generated/models/tet4_cantilever_r1.json","5646","0948e15b1dd42a9f512b0e4b221983fcc964a891a5d6a98aa6ba755eef68493d"
"generated/models/tet4_cantilever_r1.npz","2440","181add23faea8ec0a170418e92d026dc74a5fe40e3b0d85c1c78c67c5ca18a5f"
"generated/models/tet4_cantilever_r2.json","34560","0b41cc0d8727e536a4283a942441fdc91b4aea53b65801dcc6906255c055c0d5"
"generated/models/tet4_cantilever_r2.npz","3238","2d06deb33ac651f02efd0ab59258911df56554d4b9e23912244323262e83902c"
"generated/models/tet4_cantilever_r3.json","115908","375024938625711ba704485d78d0b80ceacb693530faa9af343afd972b87704d"
"generated/models/tet4_cantilever_r3.npz","5225","e8d243f2148bb6f237ae76da54d8e7605ff25eabd411254bbcb431e137634a1f"
"generated/newmark_results/index.html","32408","5fd4fac46a1e77e9a8bace501e7b3c1a68b2230535515a9b70028455f04d368a"
"generated/nonlinear_results/index.html","32433","020918b0a00a1b4039b62a83454497d01db53e4abe3e3bc87abdb04361afaf9e"
"generated/qualification_status/index.html","32137","0628632065bed667c55eda538abc1c3e5a5b5201aab7eeb98cf6702dcf09fd1d"
"generated/results/large_block_documentation.json","5802","cb051b9321f6084c2e3828fcc5d26dbf32f05cf46f35fb4a98734bf16a5b4a2b"
"generated/results/mitc4_plate_bending.json","559497","e77e5977e4d1745ed44def9aa91cc9d581ab5ae3b025f970ff7abb4749590faf"
"generated/results/mitc4_shell_static.json","62545","590bba33f039824dd06b7b96233cb6d2f82d6f488203f37a18cd14f182ae4214"
"generated/results/tet10_cantilever.json","2046218","217a7bb7a78fa09d01584a5ad91c80962a06ab2396737584b0cc0c9318da8280"
"generated/results/tet10_static.json","126777","b78a2e65866819b7f15579cdd51cfdf47aebc7ad203f27ee400a571d425b95cf"
"generated/results/tet4_body_force.json","58089","2606669d0cedcfc2029dc23fd8c3903d49a8828c9b6759b90d93445e354a6602"
"generated/results/tet4_cantilever_r1.json","784419","0286309f5e1a1dfdc674d5f6637c843b79ec10619d6e66f737bf3ae9dabce90b"
"generated/results/tet4_compression.json","57471","22148146010920b6d583e71c73fcabdc6009802bbfd1dd8e49948e6fda49a62f"
"generated/results/tet4_dynamic_sdof_free_vibration.json","81593","826252711c11a32f64fa6d0ff71ebd63ddc9f6dc96eb6994ad77f5ac82995b74"
"generated/results/tet4_elastoplastic_static.json","77415","3b8bab7380fea05b41b6611dd1b8b53f9d2f9b61e92bbbb8e6af60c75408304d"
"generated/results/tet4_harmonic_sweep.json","389726","41f356d596abcd937c7848ab25c14354a6ff0bd1f1a22c47ae31a46cda7ac9e8"
"generated/results/tet4_modal_unit.json","28183","fd761436bc61c0eee8260fa757203993f0f3f7512693287a3006d8265bcc505f"
"generated/results/tet4_pressure.json","62742","870b5a00a235c12b6d77cedaac450850a0bb9b47e898aaf2aa7d7112515763eb"
"generated/results/tet4_static.json","57251","10b1d8247f05b27d4b0c376c3f484417e49fa7d3deb585a68aa4fe09d59fe8c1"
"generated/review_readiness/index.html","32474","f49f808567367d3b5d5781801438de31a661fcfc4df94031bf4ff225ce4270eb"
"generated/roadmap_status/index.html","32412","452f833ddf06f8e16359d4e43553025205b4e4d3398ca1519e89cd382b6791ea"
"generated/scordelis_results/index.html","32165","db5ec11d6298f105903662d6437a2df3aedc92e3e24feefc7fe6951809e8cc00"
"generated/solid_convergence_results/index.html","32356","8c0c4324ba3ce505854ab00b3ecfed6067736e11a1e570de77b134914a6d054b"
"generated/solver_matrix/index.html","32524","fb5bbae1e249644cb97add576e22e1fc0a4dae083a63aa77ed1eb2e17e9e7711"
"generated/status/index.html","33903","35a3920b210178c369dfed0f429df3a5463e8080ac5139ba166024a008318313"
"generated/technical_content_coverage/index.html","59787","498349f243b372d1a044c8a8938cc5d9b84fb146208b992efd38f2abd1badb0e"
"generated/tet10_nonlinear_j2/cyclic_response.png","110235","46da8051ace138706af9aa8753a990ed54c14fd7d0e5f8010a6e5a64d48ab3e1"
"generated/tet10_nonlinear_j2/deformation.vtu","87418","b671a6276d4b02cd92276bc02406dc4234c05a77090622b491afe43c098436e8"
"generated/tet10_nonlinear_j2/import_report.json","1933","0962ae592892d61ddb3e5e1691cf5f77791752e1f181543d10debafcda52881d"
"generated/tet10_nonlinear_j2/j2_cyclic_bar_tet10.msh","23293","a2cae9586bd4607a0d62e045ad352bae5ddafea23b7ffb6d4915ec54f2c8143e"
"generated/tet10_nonlinear_j2/model.json","63089","2b851d10b77cce48d9c4addb8ae5a04d3adc6c26a8a4b3e6c86128d7b360170d"
"generated/tet10_nonlinear_j2/model.setup.json","1948","1c3a334d5b78c70eec19ce1590d182323708cad8ee834a68fc544bc62709bd02"
"generated/tet10_nonlinear_j2/summary.json","3177","8ffc579a0c5c5fe47f1e8c92880d42ac8411b8f4fc1fdedd19c5461f5e8aa0cd"
"generated/tet10_nonlinear_j2/report/index.html","33663","5e0f0955ffa939eac989de784a166105b5e2194898fea383fdc8a5274fff30a4"
"generated/tet10_results/index.html","32524","baab8b163d7db7094717977f8b11e6824fdec1a627af05defb26d84234a8117c"
"generated/tet4_body_force_results/index.html","32405","8dbe5094cb642503041b907756bb0788f6405cb6a9e834b0da8ad48cab4e6435"
"generated/tet4_cantilever_results/index.html","32401","e4145a972ad77fda8f20c9ed37f21af3101987a6a976eb6dbeafd8bd61dfb7b7"
"generated/tet4_compression_results/index.html","32545","39e3671b63b01a50653c265ab1e87f4465aa8d842052d04d23a4b4d070b05bc1"
"generated/tet4_pressure_results/index.html","32290","f4ffb1d57d6ede88d59e1e8225fcb0d2c54436485b28bcc755964e4eb1a75fe7"
"generated/tet4_results/index.html","32497","c1f9551eeb6cd440cb36f584474c41b0bad796c1dc8dcf3131b6717224ff201b"
"getting-started/installation/index.html","40731","c8650e779182eed8858343051c0d95d37267e15654621efa8773d945def7c25e"
"getting-started/quickstart/index.html","37561","cba996bd9193cfb6ee4f20268f1f04e18189198fc6ae89f45ce82bb0d480f3fb"
"getting-started/when-to-use-qf-solver/index.html","57730","55d291b6e13486dc3ea809599acdd6af3b18417e96fca75c9760d7a615ca71b0"
"grand_modele/index.html","32051","89a02d99b58a630b84f66d87897c43a8ec0b4c634c622759be7056b793f0c203"
"latex/index.html","35063","509b6fa14295cc37288009d2a9dd6b405906ff90594bcee21fa00218477e534d"
"latex/qf_solver_header.tex","2055","b503d95c3f77e0afb6d473ddf25b6cb3c00b83a77e2b7a7d13c86682b8f0b642"
"manuel_theorique_elements_finis/index.html","33864","84a5a2be1a490c2913957956242ebb9e1c07cdf019923e7b3b0831a4f2c1646b"
"perimetre_souverain/index.html","41748","487c12d94015de94c27a31f2b11419725829ea9df8a04b778cfed440fba84181"
"qualification_matrix/index.html","44381","fc0713e2ea3368220372a60844dea64e71492c9c6217b8461f5f24faee924851"
"qualification_plan/index.html","35925","e595bd3d51a249d38b14b4751a79ad8e767058f676e5317ad496c035859bab35"
"qualite_maillage/index.html","38036","b197463941b45953fa0b0f0937fd892f61abe898e8ca4b4430e2642e9c086c32"
"reference/api_stability/index.html","36749","36a59d460ebe8a343ccc399086407f9c294d9069b97590ff77804307b3b092b2"
"reference/audit_detail_modes/index.html","40792","1cd206252a823b316313bc6719ce2068c08d1ea2498a8dd229ca75fd8b3bdb42"
"reference/demonstrations_api/index.html","42157","eb662b1889486c400fbe8373ccc27f1be9cc2ec0b9ccd860f4668d4c624664eb"
"reference/feuille_de_route/index.html","36735","d1c73cfef827c649bcb0682efaf5cad562f2982ab7b6d4b188dc412ebf7c7451"
"reference/glossaire/index.html","33501","dae0457cba4b10bd781b05dd979a745e97f44ec3212d5ea3004c406af5c38d3c"
"reference/import_gmsh/index.html","45619","b41460530634a1505577a27337bfca022b20103c342f311f2791859780a40095"
"reference/interfaces/index.html","45037","eb07be9a38fafe24dad6e4315f1c56725f6e1e10efcc1ac56b6702962dc6eb38"
"reference/legacy/analyse_solveur_ef/index.html","102238","3bf5d5739a011ef91329afbd0e154daf702926d7c9f8c62d75e3bc6478740312"
"reference/legacy/correlation_litterature_cisaillement/index.html","33444","5c268b088dec94978554acc57e985b1ae6d4c1a5eed7e0d5d628ba6831930c17"
"reference/legacy/verification_mecanique/index.html","33022","6930e1eeb45cc81de758bed5dbe22f7942641884f7ede7e55376e15f80582422"
"reference/open_source/index.html","34053","d3c41dd6f0d7543a5930ed8c154dda94d899d99552a147e4eda715a0a3c77c1d"
"reference/qf_solver_api/index.html","64018","475bccb788b4881d82db8141701a8243203ad0a2e00dd92fe452aabf668149e6"
"reference/references/index.html","44672","3e15b273d49f388c9d69eeef7d6d9be25cac1a4719fae686ced1aeeeefc94d46"
"reference/registre_documentaire/index.html","33123","bb54c0c9e4ed159a90c022e5455602964d161c9b3f4278feae182ba059adad18"
"reference/reports/REVUE_TET4_LINEAIRE.html","8155","940cec59e62d6c096d14060df2e87688cca729069a64d30667a87ba820e9bf40"
"reference/review_terminology/index.html","38862","69e1330a1e73a92865632130e210d6317609968a402bc1f9c7569a541e70f181"
"schema_json/index.html","72396","82a4fe7be979667a696581c4a0a7e1d5768663179135ab5779e306a30084dcef"
"search/search_index.json","2961481","24198efef8c59802b8da3f074113cdcf1bd6c2e93a0c44eeb68349becafba502"
"solveurs/index.html","36599","e2563fa787d2204587620ee53c97b92ab92d9278777026daa4f55c850126f267"
"solveurs/arc_length/index.html","37661","9c203e1014b202d9c8132ba47447702e8a23041d563f94a6ab7ae4ad36cd2c47"
"solveurs/grand_modele/index.html","36687","b00c89fa10bf244a4c48e7a7c9d1969918a8705a856aa45fe5feca4e43514d15"
"solveurs/harmonique/index.html","50757","b3102ff503b8dae572b74e3a0d2133254c89686925531b30ec41f716c08478ae"
"solveurs/lineaires/bicgstab/index.html","36847","2ccb806eaea4ff1656cf9ba85540e0c0c2598a39ecdc3c1f99f07c7469634436"
"solveurs/lineaires/cg/index.html","37512","abb957a6f773b3e454c531ea0c9b1b1cdc40b42ce8e845a7ca0bf515502bdc74"
"solveurs/lineaires/direct/index.html","37616","c83c54298aee1996eb9564654c94f85356da5dd49814e2c1b1a4136b272ab01a"
"solveurs/lineaires/gmres/index.html","36912","01d7b92734600c32cefb91a56e5745e9bbe2580d5ecbd3e5c32275126354811d"
"solveurs/lineaires/minres/index.html","36939","1c372531879b539ebda4261b4b46058facf0a04c7dd5d182dbecb02947d2e92c"
"solveurs/methodes_lineaires/index.html","47340","073f97aa365732f7d357d43cdd93d90dcdba934e0f7828a8394cbe909d0e26e3"
"solveurs/modal/index.html","48143","b252b9bf895232c971c5310a83fee6d3482c97ea44d5ee3926e5f6addf9e7ba9"
"solveurs/newmark/index.html","52928","23560779f79201117479b4188a30eb1cc735957c8067c101805ee573705f6691"
"solveurs/non_lineaire/index.html","43967","4ef7c1690fd37ce9d6c51f382ad624844541b5dc08d9b90d0915a3799e94ea5a"
"solveurs/statique_lineaire/index.html","42572","b5447d3d32dd80b582577c312b39d0edb923ff0205a1069b884966edd764e56a"
"solveurs/total_lagrangian/index.html","42009","8e903b81ccc433a94947c77bb9fef40ee2f4b791433d3a9dc78daab7aa6a7899"
"tool_operational_requirements/index.html","35518","f0a29cd7e2fa7448769a115d1b3e63474ddc6e87519bf101f3f83da256eba5cd"
"verification/index.html","34903","f4c614caa815c04ab2338dc532cf3632249cfed620f54b3539b1382b80e8f720"
"verification/0_2_5/index.html","45856","34fc734b26d4c534e3625fa6d9a5900fa86931a73f2ce2350322d5d9448554bd"
"verification/0_2_5/0_2_5_architecture/index.html","42919","494d20a1427a8d8297ffb9ff567d8769aec5e73b0edc31c0f65159574fb007f0"
"verification/0_2_5/0_2_5_benchmark_plan/index.html","42305","803f39ac7bd36a67ca6a1ed5c95f83916e0435bdb725a557ede4ec1b5d0950b5"
"verification/0_2_5/0_2_5_external_correlation_matrix/index.html","49831","ae743a0fd7c932e614bc91ce289e9d310e07b9a86870432219112f85994efef6"
"verification/0_2_5/0_2_5_failure_campaign_report/index.html","37373","91715b7d76602c4e262e0e81ab92980e759bf1657afca1b9445b5ce433bda3cb"
"verification/0_2_5/0_2_5_failure_mode_plan/index.html","39108","704cfb099d12dbbf8292f36569f236278150edc5492b71a16d38220f51c7fcd0"
"verification/0_2_5/0_2_5_formula_inventory/index.html","37496","fe62e6ebd12354861bf6777ff0b8cb2b709cb1443f604dd159d218513ff61dcd"
"verification/0_2_5/0_2_5_g02_owner_review/index.html","39169","02f4a9f0cb6a09811b3908912e06d70a3bbe803b9bd66e48d6badf3ac35edd45"
"verification/0_2_5/0_2_5_g03_owner_review/index.html","38716","2b1c94f4e0f35e480e670d5dd8d931b457053ab52a7aa165911b9da15f3408c7"
"verification/0_2_5/0_2_5_g04_external_branch_diagnostic/index.html","39729","a4efa057cd108e84791cd796d7fb22544f109075c0a7e3d111e8c0305d495a85"
"verification/0_2_5/0_2_5_g04_owner_review/index.html","42696","d4ebe6387362e98b86326d449bf2239de0b7136c1ed208c21c288448250d5dc3"
"verification/0_2_5/0_2_5_gate_matrix/index.html","61485","d5a7c3c915ef1bbb332e00373c21180bb28f50167e00d3ad9657672c2d880468"
"verification/0_2_5/0_2_5_implementation_status/index.html","98162","463c0b30d1bf16d220a5baaa9da68ed3d40c69977a77060fdcc55110ee250668"
"verification/0_2_5/0_2_5_j2_qualification_report/index.html","50765","545048cf2a013b3d3ba02efe11ecc5f91c1529ba35391f6703ddf16b9dbd10a3"
"verification/0_2_5/0_2_5_known_limitations/index.html","40451","208c22cab5d0899cc4ace6f04d745fa9e03a285fe6242c86a6ad832b113d8181"
"verification/0_2_5/0_2_5_lot4_arc_length_implementation_report/index.html","46634","c7fe630202bd0c9c181a86c34bdd1786501821b576ea4a33c272b9df9a9adbcd"
"verification/0_2_5/0_2_5_lot5a_contact_implementation_report/index.html","43287","204d5e3314ca4045e8785ccc08130a4f185081120572819d89105ece76f53867"
"verification/0_2_5/0_2_5_objective_execution_plan/index.html","38401","fccae8f941dbf1a1daf2e64f5facfbb4a4706b8a5760c35d41df7324ff2a5224"
"verification/0_2_5/0_2_5_owner_review_template/index.html","37081","52988661fd51365db98dd5c3080ee34edfaa7232cacc2de128db7d03fd340b97"
"verification/0_2_5/0_2_5_owner_scope_revision/index.html","41940","2ba1125f66013f64c885bb15d9dc99d156639825dfad6c14a362325c55b214b2"
"verification/0_2_5/0_2_5_performance_plan/index.html","68716","ab34ac2d3eaf98a50272bd08c4bbcd0c6f1e53f36799e2dc40c9b1632b914384"
"verification/0_2_5/0_2_5_release_readiness/index.html","45394","4542a776eb15623eae69d702863596e94fe3e74d1a792dadac3504eefcbd3e01"
"verification/0_2_5/0_2_5_requirements/index.html","51292","6b27d840656504b9957345496f4519d9c1b7fae0e522043d242aa8d55ab38045"
"verification/0_2_5/0_2_5_risk_register/index.html","38156","08819eeccf1cdd0bae157479eaea73f0360cbbe3b985b571079e5ceb1cfbde96"
"verification/0_2_5/0_2_5_scope/index.html","41213","5dceaf5cecfe2390154d0a9d192f4d96e4e4a0d5463d79ca0ac8884c3bf142ed"
"verification/0_2_5/0_2_5_vnv_matrix/index.html","82725","679b2b34a7d2e2841c40d09a1b61d66cf4e11a6e393eb8cada02ca7a6d18e6ce"
"verification/0_2_5/0_2_5_vnv_plan/index.html","42099","dd659630fdf9b2fb81facc90c8f48eec5b534c18e048af3927573b76ad3a3bcf"
"verification/0_2_5/0_2_5_work_packages/index.html","51780","83f6886d68d892e7d7a4240e55861f26aee86c3e02d2e534b13e10eb8372ec6f"
"verification/0_2_6/index.html","32791","633eba569231d6f418ee1a7bf5b7d0065f5182340361f8c74a07524a3d511cb0"
"verification/0_2_6/0_2_6_adversarial_plan/index.html","32732","373d53350c7a2655bf92325f1af9fea5e8a8387d17fdf024782709d70ccf33ce"
"verification/0_2_6/0_2_6_architecture_audit/index.html","39997","a0698689b94ce8f096a78536c0e19e0b338757ed5202a9b348be150a0b21b35f"
"verification/0_2_6/0_2_6_architecture_refactor_plan/index.html","35716","2cf0e09cded986ceee8048e8ccb56e231af56e3c98a7c89ed79b846e54c8fb7e"
"verification/0_2_6/0_2_6_artifact_policy/index.html","32476","c8ae7676b1477a7ffa00acae15d60080212371c9c31b290a4a68fe32446055c0"
"verification/0_2_6/0_2_6_campaign_matrix/index.html","34288","e92c6ee0406ad6a9f4e0b21b88cc46613ed7eaf43f7067b90beab60755f66061"
"verification/0_2_6/0_2_6_capability_inventory/index.html","32828","ba1ce10c6e3f213b0a0b14b318c15f88a2a5d5bb6ab134059d63a0d96a6c2a57"
"verification/0_2_6/0_2_6_debt_register/index.html","32983","476d96266b5c5b02ab6843c817c2b4da2f6c8b236a700476c26683d782f9680c"
"verification/0_2_6/0_2_6_external_correlation_plan/index.html","32830","9c26c3de48a9c4df8786afe14367ec0e4209d32d1e94f9c49b2e4380ba6fa231"
"verification/0_2_6/0_2_6_g04_architecture_evidence/index.html","37032","499a17bcceaad5b0d4647e548bea983b5fff6bc30d088fbbce1314ed5e6e6512"
"verification/0_2_6/0_2_6_g04_contract/index.html","41174","75d002c0f40a378cb261ba474da7b258852b423ce02655d7e0eb05d37f6ea49e"
"verification/0_2_6/0_2_6_g04_execution_evidence/index.html","39929","c326a960c13b88360f44f851949267c4c4545dee5b6f572aca4d3c66a0a79915"
"verification/0_2_6/0_2_6_g04_owner_closeout/index.html","35230","002f289a173663d4767c71316c404732ae1c1b020d1738be1db430ee19408d2a"
"verification/0_2_6/0_2_6_g04_targeted_blocker_closure/index.html","36143","2df855a783c6c890923288a32705c3cb3250dc6257329dbf2bf9b3d436690f3e"
"verification/0_2_6/0_2_6_g05b_evidence/index.html","37795","c4296df85f694f2a5bf03d163414530c44820579213450a054dcab64aa32e406"
"verification/0_2_6/0_2_6_g05_evidence/index.html","39016","69598528a24f4dcdec83b264b6afb41c18faaebe9c9a269eb9e97f0b89725c66"
"verification/0_2_6/0_2_6_g05_family_coverage/index.html","43773","ca7080ed088db2626c42a5ab9dd9a4c741ae74fb679f14a6ec3fadcc274440eb"
"verification/0_2_6/0_2_6_g05_final_evidence/index.html","38495","3faf5ffa90596818fa728dc37818746729df6e7971a5b1070cb9ac1cdc3b9562"
"verification/0_2_6/0_2_6_g05_requirements/index.html","34782","47390737f385fa06e416f59e8e12005ef519784727c6e3d5bec647bf7f455e1a"
"verification/0_2_6/0_2_6_g06_depth_evidence/index.html","38966","6a3fb8ca9e515d5571af6ca618a5a886e9c79df826671ca0c960f1fddfa980d6"
"verification/0_2_6/0_2_6_g06_evidence/index.html","39870","593ce91456313e9ef259271c22437d6bc60a558ac7d0b660f9f494cf2fcfa9b8"
"verification/0_2_6/0_2_6_g06_prequalification_evidence/index.html","39509","fa2ba70a2172708e672eeb9500f5c50471ae03715869dad64a61459358bc0750"
"verification/0_2_6/0_2_6_g07_b1_arc_length/index.html","38361","082a56b19ddafc538159a99a28a841a8c5b967e354eea544b55267a2565e0ce4"
"verification/0_2_6/0_2_6_g07_b2_tl_external/index.html","39326","207a8e44c8ad470b2b55875b6d7ec1108c131b4fd856c7d0037aa1cb0914b188"
"verification/0_2_6/0_2_6_g07_b3_gap_resolution/index.html","41206","a373f8aac0848be5adccdeed78a70b2d86322a4704f1f92770d74be9732adb36"
"verification/0_2_6/0_2_6_g07_gap_reconciliation/index.html","39188","34f4711524adde41cc2cacf446c38cfec637f31ef984770aad10e8402d3ddcf0"
"verification/0_2_6/0_2_6_g07_owner_closeout/index.html","38894","adabe6e235b6ba3f3e3c3045e9b8d2ce6e6cdcaf81488261797a5ff9c8b503cc"
"verification/0_2_6/0_2_6_g08_contract/index.html","53021","5da4de90f1718b28056b11e4aa8328896f87b8b14901f1fa074a1f2f58a0e3c4"
"verification/0_2_6/0_2_6_g08_hex20_calculix_rescue/index.html","37695","453e9a8e2f044aa8bb9e385f84e5c504b8a9b14697cbb7228a657ca7988925ad"
"verification/0_2_6/0_2_6_g08_mesh_extension/index.html","37493","23d2d286c3a9837a5f86bbb4e231baf3e46719b6ba8609100c0992af02b4c295"
"verification/0_2_6/0_2_6_g08_owner_final_review/index.html","39772","a4fb1bb251e6575c6cbbc902303025adecb45fdd3a06864c52e52916f2c21b6e"
"verification/0_2_6/0_2_6_g09_lot1_contract/index.html","36375","8d1ff2690fcdfab8f53647edfdfb4cbdcea2e555fb2f249b9619fe015923d656"
"verification/0_2_6/0_2_6_g09_lot2_contract/index.html","35634","8dc7ce2f83302984892fc551e3d2e66d953e2ce0463be37f0e5b5b93f4d7f4c6"
"verification/0_2_6/0_2_6_g09_lot3_contract/index.html","37262","31f81f8e55f8f886f6d8b224319e08e85009becbda9acca99fb2cddb62179cac"
"verification/0_2_6/0_2_6_g09_lot3_evidence/index.html","39748","1f3186ceec6d77cc627edaaed31a972412ee31aa594e75293af045dafac7f48e"
"verification/0_2_6/0_2_6_g09_owner_closeout/index.html","38759","f44c720f98a7e03ded02dc73c9263fb9eba75667c27ef6f654583959bb0d538e"
"verification/0_2_6/0_2_6_g09_robustness_extension_evidence/index.html","53853","97d929d0737540d56d86a3c0dcc321fa23a38244fdc3323bcc7607ba5478e727"
"verification/0_2_6/0_2_6_g10_lot1/index.html","42011","ec261fd9ab6ed1d2d29984c3542ff627a3669fb7aa1064231b3e88c1bce03ca0"
"verification/0_2_6/0_2_6_g10_owner_closeout/index.html","38070","48e73c4c5dc83fb8679b86140abaaf97797716960bdf622851844bd821e681b3"
"verification/0_2_6/0_2_6_g10_owner_review_lot1/index.html","40282","be58dcefdbe4e6f988d62968e8a4481ad68ae7f9ff1223e384a904469aadd4f5"
"verification/0_2_6/0_2_6_g10_selected_external_campaign/index.html","39365","559d0b805d1facd8263e330a23083e11186e08d3b659f3873a0f993a83a9356d"
"verification/0_2_6/0_2_6_g11_bootstrap/index.html","40298","372fdf40e29f639aec05a25dc0964d42160bd05cb9e2c3e5af0dcdb7c9522960"
"verification/0_2_6/0_2_6_g11_owner_closeout/index.html","37268","8bb12e16b57b70e2b1acfb71261eddf9e78fb456402a664b2e9262ed29c50b2e"
"verification/0_2_6/0_2_6_g12_final_campaign/index.html","41427","9ab1311ed48acb68dcf2f7eea1ddfdb866e19a1df3e00fa8c6b76796be2827d2"
"verification/0_2_6/0_2_6_g12_lot1/index.html","41769","14cb80c5e1ddc418ded7ab5eff3c5900a8d2417864a8352268883275492bdeb2"
"verification/0_2_6/0_2_6_g12_lot2/index.html","47436","f2640d783708dc29c44c28202f7e03d47f6663c18d23cd151bff63c292eee6d4"
"verification/0_2_6/0_2_6_g12_optimization/index.html","44568","e4c42ed864dbd13aec0ab98141c8b82cf4670ad57a5776c5f4d01231a86df2e6"
"verification/0_2_6/0_2_6_g12_owner_closeout/index.html","37782","7bb551404d2f4087a65919c9fe27d03d5e7622b5640a94b5db09db603c9a7a82"
"verification/0_2_6/0_2_6_g13_external_correlations/index.html","45002","f7122eb1beb2fe17e9834f11c2ed2b13bcf378c385226a820369363420123681"
"verification/0_2_6/0_2_6_g14_capability_coverage/index.html","37051","8a728ac50e06be0750e4ae300edb5474b5666c8bd7bca29203100cdf02ca33a4"
"verification/0_2_6/0_2_6_gate_matrix/index.html","40684","6f98cd915c5ffca4655d6c06fe3206d1d4c6637f323aba4b61f4b4057585bb6b"
"verification/0_2_6/0_2_6_master_plan/index.html","37138","24486625b529b9e29e23f6afc859c04faef8e92959e34444af4b4418e63eec0e"
"verification/0_2_6/0_2_6_owner_review_template/index.html","32658","2c1c46a7a22907c01c685cf5ff4933a935bf35de88172ed5005c1ceb25fa43e0"
"verification/0_2_6/0_2_6_performance_scaling_plan/index.html","32683","3f2286f62eb92c078cce5ded392413bb4e4911acf278aeb98241c00f4621ae55"
"verification/0_2_6/0_2_6_release_readiness_template/index.html","32602","c9aa3c474d5140e9666d3926b8242294bd1b2666fdb785d304b27e8dd849bdf1"
"verification/0_2_6/0_2_6_requirements_matrix/index.html","34357","ccb5032d366a7d4e7459e59d55a2760c2261f42a7ff2078434e57794b2884642"
"verification/0_2_6/0_2_6_risk_register/index.html","33525","abbfed775f3afd23a71b081c055117d854306ff27ffb88d1b1258565e192d79f"
"verification/0_2_6/0_2_6_scope/index.html","33618","b7c6837257d61fe250b0fc9bb7e12a183dc374523179889f2844ad933305a62a"
"verification/0_2_6/0_2_6_tl_boundary_owner_prevalidation/index.html","38006","a8f8caff64539846092bea25b0625497fef302885aa64e3f41e877c0677f7224"
"verification/0_2_6/0_2_6_vnv_architecture/index.html","32844","9df1079963bf47a57cfa1fadda5571584570b8dc5b013fa7fb056ac4ce083755"
"verification/0_2_6/0_2_6_work_packages/index.html","35939","c15ca76dfd6368533e679095eea3ab7d413d082da7b5048135e003fdb2531a0f"
"verification/0_2_6/capability_coverage/index.html","53652","9361acac73aa26cce5509572644ef5c238155cd4c719c55af4fa1a2348aae028"
"verification/0_2_7/index.html","42895","6456c547af4724d73f74af6816af206a48b14608a63bde035165f8c576b0718f"
"verification/0_2_7/0_2_7_1m_dof_plan/index.html","36738","db8f0b38ee63c875591f775efd291790dbb5e2660dcd04295f281416aeaa18fb"
"verification/0_2_7/0_2_7_capability_matrix/index.html","64718","d4933f80134eb79354474a2a62ba65983f8fe9c9392ca162f1f63fd218807a96"
"verification/0_2_7/0_2_7_element_descriptor_preflight/index.html","36878","d352d88f8d9f2720404ad940a4397bbe7abb821603f1d635ece4d49edc5c0da3"
"verification/0_2_7/0_2_7_external_oracle_plan/index.html","37248","80313c81604eeecee96abbd712b5ac5b74887b8caeba1862344d048ad21d64ca"
"verification/0_2_7/0_2_7_f1_architecture_audit/index.html","44162","7771928fe595090b7f3a52ccbc7298d32f3260ccf128119bd5cde74dde63c71c"
"verification/0_2_7/0_2_7_f2_bug_hunt/index.html","38111","a07fb83d5ad5920a28d53d573fdde8a7d951fbe04c5b65deb220671b62d1f3f4"
"verification/0_2_7/0_2_7_f3_public_claim_audit/index.html","38056","6297c0af588b8219460327b190f937149f50c55b85bf2fe6f398bea44ce26bb1"
"verification/0_2_7/0_2_7_f4_unit_test_quality_audit/index.html","42039","cad5b91630eb1c5a86c50bd5bc525264d2b9ab00589e866c506d58d5378412b6"
"verification/0_2_7/0_2_7_f5_packaging_compatibility_audit/index.html","39343","1f6fcba969782e62a462661f085075eb8986ce74deae3c255394e7030c5e75f1"
"verification/0_2_7/0_2_7_f6_numerical_performance_regression_audit/index.html","39659","7481fc890f7b6d0b50da83397233bb4f5976f974714bbf3a8c3ed2d0c0b138f6"
"verification/0_2_7/0_2_7_gate_matrix/index.html","63406","c5cfa5eca9588cd56c8cb59f613a1505a0452bc7b39180ceb53ca5c4ae07a4fe"
"verification/0_2_7/0_2_7_j2_gap_closure/index.html","36522","bab2de9ab1538c6ce41fa9f9efccf2edb38e801ad06f83099b0bd6a08dd2f8e3"
"verification/0_2_7/0_2_7_large_scale_readiness/index.html","42648","48b6698c26f3e25f0a0846afb5e271fc652db6127c97ff6717a197980e4c1f73"
"verification/0_2_7/0_2_7_lu2_wp04_wp05_5m_closeout/index.html","35739","c157a92163f92131c5f53187152a3361a5f3b2116ae409c1faa4108161385436"
"verification/0_2_7/0_2_7_lu2_wp07_maturity/index.html","37210","141d2253eba03ccc0dd1224a36b904208cfe7f1f937f847e2285dc7141a17341"
"verification/0_2_7/0_2_7_lu2_wp08_decisions/index.html","38735","64fcd2105b724649df26c52312fc7b064df5f761c16193fce661f6e1854b1970"
"verification/0_2_7/0_2_7_master_plan/index.html","72383","3da38217d204653f24d632481d140f63fddf4557f0b1ca3c1386af797a296925"
"verification/0_2_7/0_2_7_mesh_quality_contract/index.html","37574","5e2ced87bf0b73f18d62b797dde22a243e4fea5093078a93f710a28572fe6aa3"
"verification/0_2_7/0_2_7_mesh_quality_plan/index.html","37080","c59ea5be786e84a39311947c50d71e64b254a6ab1db912ac0194ff6cb7648bbb"
"verification/0_2_7/0_2_7_owner_decision_log/index.html","78334","c322c7ef17385381bdf320da44f5d9f109c92f36cd715475550035fc7adb3d66"
"verification/0_2_7/0_2_7_progress_tracker/index.html","65314","773a62fed2eae1d1934ffd78df950ceb1ac5f7b8257ba5f8b02e48bbd1e32ba0"
"verification/0_2_7/0_2_7_r0_release_readiness/index.html","36492","6c89a139943dd9a870ecb839a8583c485d02b549267a2aa524e5c23dc3d13fac"
"verification/0_2_7/0_2_7_release_criteria/index.html","35395","2d6aedd93a24e64420083acaf0690d260638a0b11ba5f59cedfaf69340d651d8"
"verification/0_2_7/0_2_7_release_workflow_audit/index.html","36604","e26147dbaafe5b06805706ade3c4b9bf95c246ebae2e8daa966c28cca22ce844"
"verification/0_2_7/0_2_7_risk_register/index.html","36932","82811bd4460985abdfc6915a5879ffa42f4dbf22405536675f65a7d661a22c7e"
"verification/0_2_7/0_2_7_s1_assembly_telemetry/index.html","37078","943fe5cf9532e81bf3ae343d8015b63b02bb83ab905bbe9f67ad9dbaf86d4b50"
"verification/0_2_7/0_2_7_s3_expanded_validation/index.html","33622","114a3513c2b75c4ca7362d5106756dd248eb758f21458d627c945d8651b76088"
"verification/0_2_7/0_2_7_step1_release_freeze/index.html","35692","b810adad6eadd226ea38a47130fb3c5696609db553d7944a8c04b15c2f8bb454"
"verification/0_2_7/0_2_7_test_policy/index.html","36541","b99a5c9366da4e70c16a3fcf33800c10e67f0399cc71d21de8176e7edcc188c9"
"verification/0_2_7/0_2_7_vnv_harness_v2/index.html","36107","0b1f51ae502484c332254efaeeea2104a0932ff179506f8447c2f5173ca08b56"
"verification/0_2_7/0_2_7_vnv_strategy/index.html","37756","7c566e904c035b746c1f6ec8e55bee4b2bb8a136437f5667e496e110c6f5275d"
"verification/0_2_7/0_2_7_wedge6_external_review/index.html","37655","60c14b95c61dd55fb2fb64606881731b9888c239717bfe9f0ef86975c9c53336"
"verification/0_2_7/0_2_7_wedge6_formulation_contract/index.html","38845","30fe74f128f7bdd7df03f132e0332afc00c038b01fe391f9c4801c2c5f35a92f"
"verification/0_2_7/0_2_7_wedge6_kernel/index.html","38096","181cbb058152e13511979bbadc08b897cd903d9593b73c469c591372a46cbfef"
"verification/0_2_7/0_2_7_wedge6_modal/index.html","40795","491ed5d32d3e90bb0e099acd741b5e48c7af29b6ecac1e6f53c5e9f053849b3b"
"verification/0_2_7/0_2_7_wedge6_plan/index.html","36598","5709c32ca6f9e71f2db5309278376998795117fdbd4e922c6cc221a9297380c8"
"verification/0_2_7/0_2_7_wedge6_robustness_external_vnv/index.html","39678","79d795a1020974d3fffdbddab4a26e9482d09689e6d83b27fc4d4f2ffdd0a158"
"verification/0_2_7/0_2_7_wedge6_static_vertical_slice/index.html","35686","91f905839e9045a952e89664a45d7f814dc74415922f74416d7a589a484d22a0"
"verification/0_2_7/0_2_7_wp01_observatory/index.html","37239","87b5d0f034f10f94c437b3e6490cdec4de28b367c2c104bea94a8141db445059"
"verification/0_2_7/0_2_7_wp02_configuration_freeze/index.html","40725","d2f995579bcb466926859babc48e7ffc499eb49b09a3d06b5ea66a3d40c759d0"
"verification/0_2_7/0_2_7_wp03_3m_gold_compute/index.html","41551","09e493eca040de7765b640bf26f56dcfa0de6edaf4ed1aa7432ca8970602f5bf"
"verification/0_2_7/0_2_7_wp04_5m_bronze/index.html","39169","49fb7cc2c1cf4b4725b639a7fa5913b708867a8fb2f0ab68e69af44e0108c0a1"
"verification/0_2_7/0_2_7_wp04_forensic_audit/index.html","36860","fcee065c89503ab233f33840cc243d55da8ba44672281fd8313868cbd4298e8c"
"verification/0_2_7/0_2_7_wp06_execution_contract/index.html","36201","a82741640e48c4f82aff98710b106ace750b2719a0fe56fa5aea9cb60a1ab11e"
"verification/0_2_7/0_2_7_wp09_s3_closeout/index.html","33603","ac48338683280f121866f4efe0d253630929224761d65d01d78bea8b6b5bd8c6"
"verification/0_2_7/0_2_7_wp11_j2_closure/index.html","40156","225fe325e2f7087a26ca7d0114de7a98fe3fdeb2161c57ad08f41136c684c7ea"
"verification/0_2_7/0_2_7_wp13_golden_baseline/index.html","36195","a90ba5b0431b6ccd3474067775aca0552f4bc7a379a2351bd455e56e2f303e4b"
"verification/0_2_7/0_2_7_wp14_large_scale_contract/index.html","38078","a2cf5f0c73c4ec6e74d12bdf20af4ed2a2080a725aed9157d4ce4d206e4ed90e"
"verification/0_2_7/0_2_7_wp15_matrix_free/index.html","37226","8b971015d18a2ad38850769cebc4cbba9397f8d7e8d9148c244a154f473c9403"
"verification/0_2_7/0_2_7_wp16_1m_qualification/index.html","39993","9b30e8f5f8fecd73d20ef4e6183be96da701158784d3c19fb80d4f9180c8a3b9"
"verification/0_2_7/0_2_7_wp17r_petsc_remediation/index.html","45584","7264bde7232bff23181cac8b61fead504705d72e2be6b512a88d59bbe83f0d6b"
"verification/0_2_7/0_2_7_wp17_final/index.html","38180","32d0c672ba13ccfea90bf1adbe1f186e7be139d95eaa4ffb5e50f84d41e468a0"
"verification/0_2_7/0_2_7_wp17_solver_stack/index.html","38180","c0504b776dc6a4221f467d94be54c0e2d5058e2a50cda11c8a8e706f15070884"
"verification/0_2_7/0_2_7_wp18_3m_ladder/index.html","39124","dfdc999970fe0aeb94d433958e039370292f2cf048eacc3a401d4cee70ad0068"
"verification/0_2_7/0_2_7_wp19_robustness_hex8/index.html","39277","27a525b6de5049a07e9acbdc83f49cc16052bf0ccaf7cc23ddba94606aefc633"
"verification/0_2_7/0_2_7_wp20_j2_closeout/index.html","37382","391c5b27f6e4b88ec1ad2bc28ffca447a849dc4d5e91de0ee38817ca99ab6b1e"
"verification/0_2_8/index.html","67235","e09d721f67b6499389fa95d93a8ecaca28f980f63ba6f5ffd1acc914d4905a78"
"verification/0_2_8/wp03b_dynamic_vnv/index.html","40086","2b1e2e20097b0dc9f7b95c4084a3d89fb4b3c005ac47ba9429671dea805961aa"
"verification/0_2_8/wp03_beam2_discrete_vnv/index.html","41124","2217027e836b92507eddc90bbcdf61e623ad7c1dffc0fa8b5390d21f05eb9417"
"verification/0_2_8/wp03_owner_gate_final/index.html","36371","1c4a957c0d84464f8114caae878a82aaf4662abfc22d72bc1def959203b15150"
"verification/0_2_8/wp04_mitc_vnv/index.html","42147","41d1edfb096c90fc30c26698bc6a31e4574e8c051709762f14da71ce974c3ba9"
"verification/0_2_8/wp04_owner_gate_final/index.html","37055","f5ed70c490b3b2d6b135f9293edc736e9bca29920a0b5bae8ab04a8346cd502b"
"verification/0_2_8/wp05_owner_gate_final/index.html","38663","715d7e41f54ba1d96d4b04e664c423bb8eacdaf50dc915a7752ad347504fabb6"
"verification/0_2_8/wp05_wedge6_vnv/index.html","40775","53dc274b83b6d16a56f6cee3b44a9ab68df81c7fc4bac17e3558f5aba39bd62b"
"verification/0_2_8/wp06b_hex8_buckling_vnv/index.html","37014","9028fefc551f03fdb7234c11c13878baf0889ef6f7520078c8540d00806057bd"
"verification/0_2_8/wp06_hex8_buckling_vnv/index.html","37731","858aeac994d5fc200fcb0b3d6c68da6d3a175ec5ac81582b9fc3333305a9924c"
"verification/0_2_8/wp07_mixed_static_vnv/index.html","40722","00aaf733084424043bee9194dce783f8c4c385eeecf7358d0d5f079244b09208"
"verification/0_2_8/wp07_owner_gate_final/index.html","38008","89f5d6ea925c5d75914f7617d1f7b91e2f25f3f1bcc31a9d40b5380bfa2b3546"
"verification/0_2_8/wp08b_mixed_modal_vnv/index.html","38109","110b6159bd5d59823934dbbb5cf73cbc19728f79cc013ecc46cc15d5f2ec2d0c"
"verification/0_2_8/wp08b_owner_gate_final/index.html","38130","f5a20ede117e5a4cd89cec7e2bd128786d92da7cf229481ec2e8824b3441967f"
"verification/0_2_8/wp08_mixed_modal_vnv/index.html","38943","0755b582aa20d70e149bdc246c2d7130435cfc25800a89f71881fb6980c64fab"
"verification/0_2_8/wp09_pyramid5_formulation/index.html","38442","dc3b6e6700abaa884674ce0bdfd833bbc18143bc89a749622c1ef848ebd2c02d"
"verification/0_2_8/wp09_pyramid5_vnv/index.html","35092","90198571b44e63da1e5d4ee872263fb5d357e5ad1ab5a3adc360c01c8a9782be"
"verification/0_2_8/wp10_hex8_sri_formulation/index.html","34996","5af7552d3c2c18190053cde0a0e41243b55b411f0905bc2cba41cdbd165b2bb5"
"verification/0_2_8/wp10_hex8_sri_owner_gate_final/index.html","33831","490703707005047678e95e5aec0e52661ddd6106362772b5547ba561809e963b"
"verification/0_2_8/wp10_hex8_sri_vnv/index.html","34870","b6c81dc0c75917c030e1f9bd870a02d2894d19d3cbdceca9c2eaa8eac502771b"
"verification/0_2_8/wp11b_hex8_buckling_experimental_contract/index.html","35637","74d5a3b118e59ebec1f45eb409b78ccf8beac779fb4a3ed003fbd9b1eb7215db"
"verification/0_2_8/wp11b_hex8_buckling_experimental_vnv/index.html","37918","95f0ee523f600c3567720e62dbd5c2db4b8c3f5f759be20475c32ba0fad06446"
"verification/0_2_8/wp11b_hex8_buckling_owner_gate_final/index.html","36909","ea13bd4bdf6df9c7351f8da4a2f2b4a704c9eb028653a051c3269928055df1c0"
"verification/0_2_8/wp11_mixed_large_contract/index.html","35946","d700f2b5e6146ad48aaba72d64182df5a9a9b7797cf52bb45bc061ba0ed610be"
"verification/0_2_8/wp11_mixed_large_vnv/index.html","36847","00cbfc9b425d53d05a1143a38e7a2cfb1b5a8ccdad3e546ac719213d1076a30a"
"verification/0_2_8/wp13_02a2_wedge6_dynamic_enablement/index.html","37088","3fb07fc6c8e5aa5877365ea132df2790150872bba2b815975274c9802a537144"
"verification/0_2_8/wp13_02a_dynamic_readiness/index.html","37929","e65cc1b7bdecb32ba0b24caa21647f872e5daeafda5e8d1af3ad5e290ade9012"
"verification/0_2_8/wp13_02b2_evidence_closure/index.html","40574","8eebf459be0cae2e32b40ced0746251e611eb78a95f28c169b7af02a73dcc11c"
"verification/0_2_8/wp13_02b5_newmark_v2/index.html","36204","c45e45c7a591a8ee7a8d801b5743d185d533b52488713952c1232c3f5c6e2369"
"verification/0_2_8/wp13_02b7_newmark_v2_rerun/index.html","35443","224cec470340eb52f9a5bfb23a67ba9a78fb60604040dcd60e8d92f947f43b33"
"verification/0_2_8/wp13_02b_mixed_newmark/index.html","36683","6f406c5326c4f11fe9b0ca2123b5dd9934468d4209b0e9c431ea1c88e0a1b28b"
"verification/0_2_8/wp13_02c2_harmonic_harness/index.html","34906","4361b2b6821fd79934233d80cf491d136b57c9c8671a91057261b5eb65574f79"
"verification/0_2_8/wp13_02c3_harmonic_final/index.html","33623","9799558f431028c525425db54c06a9ba3c9ef1f403887556c5c83cfcbf1c023f"
"verification/0_2_8/wp13_02c_mixed_harmonic/index.html","35317","f8431ecbd50041aaaa589e0efb53476e6fb28f0710aa4e016d152f01c6378391"
"verification/baseline_documentaire_p0/index.html","38633","58560578315bb1ca604da7f3781e3fcb839f1e55e1ba4f11122b82d7252e93f4"
"verification/beam2_discrete_dynamics_stable_owner_review/index.html","43124","f2f0e12c8c641b4c65d0aff377412fe811969c1f3e4eedacfb3cd0266815a577"
"verification/beam2_transverse_dynamic_code_aster/index.html","37514","20e057aaa2678eaa4088d97efe790016291fc2642b9534ddbb7951a889e32a18"
"verification/bilan_v021_alpha_2026-08-21/index.html","49586","2655f4edf37b9099b9c295cd7015062ea2b1eeafecfa98836221396b180e0ec6"
"verification/code_aster_correlation_campaign_2026-08-14/index.html","50880","64351ef434edc67de1318bef993853977dbf4bd2f69bdf922f76a007eca87b5c"
"verification/composite_code_aster_nafems_2026-08-14/index.html","39677","639abed19dbfcc4812d3a3d44834ae1ae15ff4bd6d09b94d2d240c1784b95551"
"verification/contact_code_aster_folded_search_vnv/index.html","34359","dcf2991233cefef84fafa90b633710e2718552a9fb26b533bb70ac86a2e2fbc1"
"verification/contact_code_aster_folded_vnv/index.html","34184","47aac58c4002dbfb9e618db56d65a82d12c1481f3bee8f1792239355d7000eef"
"verification/contact_code_aster_friction_vnv/index.html","38051","0b30b4a9150023dcb8e7c1aeb6d88e646ffc15b45b182f407a1dbfad01feabaf"
"verification/contact_code_aster_tet4_vnv/index.html","35102","ebbf155412ad4190fb8598c0ad6150c40a11fdbb040e5d267b7249f8f05c0d46"
"verification/contact_code_aster_vnv/index.html","36745","6754ed056a18d5f836de5672205461b1745c4af40b03a35757b9ddf768cecea6"
"verification/contact_deformable_master_vnv/index.html","34734","f72d9797e41975f09c7c423dca82f9bd7244a33f5989b4b2ce6b527646cb5426"
"verification/contact_frottement_vnv/index.html","40541","e41c4be494ee0552a0a8d4213e63f4fcf787e6abbdd79aa6e7e53298c8841fdd"
"verification/contact_master_surface_vnv/index.html","37468","cef8a4bce3b0d87889635ee11e6d59dcf2df1035f54785119bfb2980684f2830"
"verification/contact_structurel_tet4_vnv/index.html","37073","985364b32164db83b518ad959911ec284d791975d65cb6571edc8259ca3bb057"
"verification/contact_tet4_master_vnv/index.html","36204","f2a60ad719d6c1660d92bb5903e01ce41b55ec41a2809688540582147ff17788"
"verification/contenus_techniques_complementaires/index.html","40015","e5097cdbe3e7d3ffb46b4afc8c00e14f9a0620c7926bbd771e1efcd6015b3c8e"
"verification/contraintes_singularites/index.html","41024","fea8d2f97d6456bb880007830b42158da0c1ef5f0e496d5f7c2b76a2780fb02d"
"verification/discrete_multidof_stable_candidate_2026-08-21/index.html","37069","516888cd7240c5f31325851d26ff90c99a915dbf1c0743f971dbf7c54257aac7"
"verification/dossier_validation_owner/index.html","44829","11434d8e04639641ff9365f26bc7d14511cd88855853cc8323163480a1ee033f"
"verification/etudes_vnv/index.html","55350","fef8db593ef5a9e4d9dbbd7d93299015cd327b2cc4db151f049aa0b1cf4aa2cd"
"verification/evidence-and-maturity/index.html","39549","74f38247cfd10b88534c75a1483ca822ea235b4bfe7e86cb8225c7be972a1935"
"verification/formules/index.html","34216","13887ce9e63e94181d48b591b2d22046847fd3998298169ec3018fe397cf553f"
"verification/maillage/index.html","34086","312eb4899864ab2af276b83fbc56e1c1cd4f9e5a7526309a2b48179ccd672457"
"verification/matrice_elements_analyses/index.html","42280","5f0fd7413bee8c56a27c8adedfc9f3dccbef95c502dd2d9d4a46610b2af748ca"
"verification/maturity_promotion_0_2_1/index.html","80870","06b9161038ba487f773e8cf60a2137a8388d5ccb8bcaeaaef6e2b1f942b1fc9b"
"verification/maturity_promotion_owner_review_0_2_1/index.html","45182","0b941bace4a2c8633c3f0cc9b2fd6a72a3a7c512a332c1798d97186e4210b927"
"verification/mecanique/index.html","34842","37e35a3219cefdf26d861b39f0c7ad8412d3b90081aa9290b2f710c20fb95c44"
"verification/mitc3_classic_stable_owner_review/index.html","42078","c3f5368a0fe552d10123693ede0fbc29f9193b9b4455c3c0477908e9e9c7010a"
"verification/mitc3_dynamic_causal_audit_2026-08-21/index.html","77543","ff8d78342d3231172396f98f7b1c2724eebc6fbbd9773cdef81a3fee7393f585"
"verification/mitc3_dynamic_code_aster/index.html","37435","6bc5b34da134dcbf7e90f3f61b1c789409dc811aea9c9f624e3f18bcacccda6d"
"verification/mitc3_dynamic_extended/index.html","37577","18143c8a4eb119f38fca45f45e417639e2a77d6557e1309f023720b159b05238"
"verification/mitc3_laminate_curved_code_aster/index.html","46761","5316c3841e65bd9688b8b921264f5bd3014be3e742f9bc9706496cf2554d938f"
"verification/mitc3_laminate_curved_mixed_transverse_stable_owner_review/index.html","39597","79e92260c7825e666594d146f9de327357efbee3d23a3c2bf13483d9c4a8ae8d"
"verification/mitc3_laminate_curved_projected/index.html","32994","8ed0c98a30b2d57103e782e83de0ffadf947f9de0be1cdb6c5211427c2590dbf"
"verification/mitc3_laminate_curved_stable_owner_review/index.html","41363","dddc4336d3fb4275b3c8b2b0fba6b05bb76cf7aa7805a9e91d65b75ade006676"
"verification/mitc3_laminate_dynamic/index.html","47618","ac3db5585a0a0f954a63d22c4e5a85a2d8b5b1c323ca7156c8328dd6236bc79b"
"verification/mitc3_laminate_dynamic_dkt_thin_owner_review/index.html","40979","20c3a54ed0133a3a4c2db42e22388d91f93ed968db9531d5fcfd967d57ea721e"
"verification/mitc3_laminate_dynamic_extended_owner_review/index.html","42939","a89d1c620708c81df6e5bd59cfe28e3dd4c8b16560d0f98e45660efc01409d39"
"verification/mitc3_laminate_dynamic_strict_owner_review/index.html","35752","9d1893fad7ce068b8fbb30e7ad28cc67c55842469d65ab0a2355da2f88adc438"
"verification/mitc3_validation/index.html","43561","752e982666a07be8eb867132d2751f24dc52bedb14042d5934b9f5c33e6de1de"
"verification/mitc4_classic_stable_owner_review/index.html","41184","fa4d89f311830bf387c34f143951280bbfaef45eed1d81a4e9461afa825fbc8c"
"verification/mitc4_curved_faceted_s8r_probe/index.html","36038","5a762b3daa7433966c72e084f8630064d9faa8c8489853bd11429b3e60b6a43e"
"verification/mitc4_laminate_dynamic/index.html","48134","5ae9148f1453795f00a7e7ccc9d90ea1f2aa2eb4f4417741e9fc565b8a105eb6"
"verification/mitc4_laminate_dynamic_extended_owner_review/index.html","38535","357b9bc0e641a1f1a7a4e88d3ba998ca1ee71fc985d93d2f38d1ced18ed428c1"
"verification/mitc4_laminate_dynamic_refined_three_layups_stable_owner_review/index.html","39626","7c0e1fb71e63a521c1bdf97278cfb9a55084b255e019310b8965b1a41c2ba4b4"
"verification/mitc4_laminate_static_planar_stable_owner_review/index.html","38158","cce27b00a3ec2362cbddd86b40fc7dca56c93617a7de6bfe6db8fae6e482b43f"
"verification/mitc4_migration_inventory/index.html","38628","db8c22f826096163501ca4c3385b173bbd3f0e86c9ac4f5d6a1a4d441b5a57bf"
"verification/mitc4_modal_10k_diagnostic_2026-08-14/index.html","37773","6622e4d1ef9ca7f333347c8b471a50be55f018820f36f15b14d37072edb0ad2d"
"verification/mitc4_same_order_oracle_probe/index.html","35095","35ad5172f5c3c576f841aba942b0b698c51cbfbbc50f50a677ff69f8d2190ca5"
"verification/mitc4_stable_package/index.html","42905","2b97fb87120c52f03e3b3c1ed175a5268cffc08c1389320f3ea1ffb8e9c7ed54"
"verification/mitc4_stable_package/campaign_matrix/index.html","35174","4c5b1bd4d2ebe0c12f1e33379cee30c5aa84f165f6cb05c03079ceca13e1d47c"
"verification/mitc4_stable_package/completion_audit/index.html","38090","1c950a522113c59ed17593a7200c79e58cc602b8745f0a7dfe396c8c0cae0ab4"
"verification/mitc4_stable_package/orthotropic_one_ply_results_2026-08-21/index.html","49282","7c4759132795a8c4f131d3e531e1e3392edc6bfbf7b8394dce6f69f91919c3db"
"verification/mitc4_stable_package/owner_review/index.html","39990","8f248877b8f084b8863428d6319a7b70e8de396e3d022cb8b014c47570cb47da"
"verification/mitc4_validation/index.html","64170","82ec71c4940117aee72d06247934d78feed0af78d0b05b0b1683a36fa4fcfb4d"
"verification/orthotropic_large_static/index.html","38131","5c34a02f42d23238436835fe5104f511c5f876ea916bb04056ff6a8f83469380"
"verification/orthotropic_load_cases/index.html","37378","c2c6b770064440d1b03fdbb7445220410a9665c7bdce2ac79f83df41a7f99ce9"
"verification/orthotropic_static_extended_owner_review/index.html","39101","4db0ebdbef11067a10d6f036fa4fc9710d2f8602ccd1ed13d002bb8dc5c960d2"
"verification/orthotropic_static_refined_owner_review/index.html","36306","b1e3d46bd62a23386bd1fc76a9ddacb6bbb3f5be74ee5da8ab547d15a30bb85f"
"verification/owner_final_release_decision_0_2_1a0/index.html","38287","ecbc36f97b47f8199736bd0195012b5f154a5f24380db01a213c5235b8467260"
"verification/owner_review_code_aster_2026-08-14/index.html","42664","98eb39b1ccc1cb39b2bc5f3af6fa21d7a6e3c912918a28ff12fd2df4f54ca38e"
"verification/owner_review_open_gates_0_2_1/index.html","50920","4865a2b802a8f449477e380f5082234bac0dced59f210c093d6e287fd45752f6"
"verification/owner_review_pages_techniques/index.html","40984","8e4eeb505fdee9090b20bd426d646b9dec030db78af2142d3728a21799113b32"
"verification/owner_review_promotion_protocol/index.html","35202","29cbdbe7d1b896778fd57e3521be31c3393188662cbd5caa74b635a9245e7404"
"verification/owner_review_scope_closure_2026-08-21/index.html","107065","702f05f64a9f694bc8e1934853ad9b7565f01d43fdc6c94a9bae933abd1a06a9"
"verification/owner_review_scope_decisions_2026-08-22/index.html","47106","d5cfa6d3fe5ea8975ecb617f917597a960fba9103c9cf2b082889124b9e4e3cd"
"verification/owner_review_stable_promotions_0_2_1/index.html","47397","11be459ac29c33ed481d5cab2e59d4eee85e6db466c38c695900a29e438b11a7"
"verification/owner_validation_addendum_mitc3_orthotropic_2026-08-22/index.html","35773","9961f759bdb1237accea026fe9e052c223c0d08159cb81b13029fa4653c3e3ad"
"verification/project_hygiene_architecture_audit_0_2_1/index.html","41537","047a2242414ae1a2b4e2dc40efb3c8bab7d626511d0944c95af7f2f17de88c2a"
"verification/publication_audit_0_2_1/index.html","36805","edbb3d1a13529b16a9b2e54ebc86e19ded5716ec1cc12247aa668bab70a3b0be"
"verification/qf_solver_0_2_2_alpha_backend_owner_review/index.html","57481","856515a0a22f5cc579e35cd6deb0f44c70fec10c569022894224c5dbc3abade1"
"verification/qf_solver_0_2_2_alpha_backend_report/index.html","52173","051a28c27296536e33c86e66b83bbc0cc0f024c43e60f8a64c042393de5855dd"
"verification/qf_solver_0_2_2_alpha_code_documentation_api_audit/index.html","42784","fae1be8884eea281ed94b80526073d107d0dab0c2c4569251d4734d7574d9773"
"verification/qf_solver_0_2_2_alpha_r4_modal_scaling_plan/index.html","51941","7514a345c68ddb8547e7fb3097a1348ec7c3342ab7d8cf72b1730dd6502d2b18"
"verification/qf_solver_0_2_2_alpha_release_preparation/index.html","44826","daae68656e326d0166dfdffda17701e6dc2f428b85e186e2accc04bda466786e"
"verification/qf_solver_0_2_2_alpha_vnv_assembly_scaling_plan/index.html","63071","624ba687fc2c5c6250aa21a90b468df7c044b1a4f512db5552d68b5b0e7f6206"
"verification/qf_solver_0_2_2_alpha_vnv_multi_million_plan/index.html","47095","0c931cc2dffc1af89b24f1a1b6da7251f8bb1e31e93b5cbecf21c5d9ea950f2a"
"verification/qf_solver_0_2_3_alpha_hex20_implementation_vnv_plan/index.html","40714","f3e8746d32ffc7779d1b21e4f926a7b732d37907c4fbba50c12acd9392498943"
"verification/qf_solver_0_2_3_alpha_hex20_owner_review/index.html","39759","8ae19ba5d6453e2513ae6cd94482c9f182ceb6ff84183e358ae1642860e4482c"
"verification/qf_solver_0_2_3_alpha_hex20_release_gate/index.html","37670","7194e1d0bd408c7225b211fbbee9f44c7d3a48907cb2cd9a5bf7a1be080773e9"
"verification/qf_solver_0_2_3_alpha_hex8_implementation_vnv_plan/index.html","45237","b7494dc9d13b35632278aa8e4a204154e50fc607e22e53b5ad1338e85e02034e"
"verification/qf_solver_0_2_3_alpha_hex8_owner_review/index.html","39568","9fa0ca30995270164fdacf96bd2ebf3343c720d9a9a5092cc72ee2dea798022b"
"verification/qf_solver_0_2_3_alpha_hex8_release_gate/index.html","41172","4421e8fc9590aacf0be1ce47045ca072608e84890b01d183fab8465b9e258f90"
"verification/qf_solver_0_2_4_alpha_unified_nonlinear_solid_mechanics_owner_review/index.html","56928","2aed982d846e7c4df102e5f2c1997d0d5d69b2fe7ae0b9a6e9af28cbb832d8c5"
"verification/qf_solver_0_2_4_alpha_unified_nonlinear_solid_mechanics_plan/index.html","103625","b36e2fcd9803a3b0707677b190f443d94a40e29846864da1b10003b353389d43"
"verification/qualification/index.html","40285","3b38357c27f9dc7f46c7fefffa62218338a2586ff2fbb358282b3575b7f8c881"
"verification/release_v020_alpha_freeze/index.html","47614","261d3b8e5bcd69f44911ab1ca7cbbaa3630539003c7b872653167054319a8a4b"
"verification/release_vv_0_2_1/index.html","37749","806a2cf2a251e958fcf6508e12d70b053b060151923ab444e6ef487318e81579"
"verification/release_vv_0_2_1_closure_package_2026-08-22/index.html","45627","99a5702ed98da4ea45c0cae81fc0df89aeb4f86b2d288208ee8fa831fbee353c"
"verification/revue_composites_mitc4/index.html","39104","5ccdb1be0a0f09bfd9c49451e107823f67c48c983826009f53f89a5201f9a2af"
"verification/revue_contact_v1/index.html","47869","1aa3d22d7ffcbdc533335ac145f45e9a66dbccae7c84afe902ca0c365b08c378"
"verification/revue_contraintes_singularites/index.html","40327","60e59b9769fae02480b771b3be1e49e498dc57ddc95eeb5cc02ed4781a3eba25"
"verification/revue_mitc3_lineaire/index.html","38678","f01df6e13f1280b8a9a2fd497ce37b31263f657e7633643296eaf1b86c13a4a5"
"verification/revue_mitc4_harmonique/index.html","52618","976c388e66a86127b14d29c2042cd7cfe15b86240fafd3f9eb51f928865ad741"
"verification/revue_mitc4_lineaire/index.html","37928","5aa905eb696c445326e31d285e303507524c0c9e68c48f69d6720dd41598917b"
"verification/revue_mitc4_modale/index.html","67256","edd40abb0c7e18a3aa66d871c0e3360733e3ea6aeda25543952f0b1bf8cd5fbd"
"verification/revue_mitc4_transitoire/index.html","61201","76fb666cf3638fbb7f6c855e5c2c3164442a8e5bc02e7f6065c2c983906fb5ba"
"verification/revue_solides_orthotropes/index.html","53687","7461834df2460c6a89fc133cd57771ca45a8e79500aa6541a44cb233df79b6b4"
"verification/revue_tet10_lineaire/index.html","44278","780f7bf856ddd333daa4669c6d9e2916d2524abd8c9263cefa1e0e4b90074287"
"verification/revue_tet4_lineaire/index.html","37494","db02a73d907e1754168ad992a4fa63c9e52aeb678e12cecdfda650783a540d09"
"verification/revue_tet4_total_lagrangian/index.html","41023","549ea576155c1c34888bb268f26430920da5f00ef26de942116d1371a4f6ce63"
"verification/revue_tet4_total_lagrangian_structural_v2/index.html","41675","e22cf9ed193931b351c0edcf2eb3f42f405e6637ac2610ab36504618de28d62b"
"verification/rqg08_external_j2_common_024/index.html","36583","72ab6548192ef2ff8799b3e6f72c0b1361ba63efb6869b07882a9091f3626b53"
"verification/stable_promotion_open_gates_2026-08-21/index.html","36144","08f1a364b0f9f43a7dff47a1aba6f31474cf8122f669c128fbf5683e569de9b7"
"verification/tet10_dynamic_code_aster/index.html","37435","870de7f9dbb58f41b3268d6ad8b849a06bf24b3e4abbfb85cf9a715db676ae09"
"verification/tet10_j2_complex_code_aster/index.html","39706","a3083c5d96daedf8542d30093434b184bb8ad9281912d5a3b91a45af8d5c3988"
"verification/tet10_j2_complex_refined_owner_review/index.html","39338","438be2caf0b7fe59a1051df780f46e1c0782bbad2351e24493dce0ddec0dcc2c"
"verification/tet10_j2_structural_code_aster/index.html","40154","d80112ee77d459c4a34c8f94668c2f646f301441d60770c5abd0fbafb967950d"
"verification/tet10_nonlinear_j2/index.html","35519","1bee46bda418532cc3ca2b7dc7cd1b672b3075674d648f5c5b8b778f1de5767a"
"verification/tet10_stable_promotion_owner_review_0_2_1/index.html","39096","cf64f9407bdc45d9ea7b4cb4241537b31da7ff9b17a650a4e05387cd2325b145"
"verification/tet4_dynamic_code_aster/index.html","37600","a53070202a549fe8bec899d36685efe4f7a0790c6da39662c25467ca5a4dd947"
"verification/tet4_error_causal_audit_2026-08-21/index.html","39059","c388b19027910512819d93ee2b164a063a3b51e3271076d4357087484cb8b24a"
"verification/tet4_j2_structural_code_aster/index.html","40946","985fd1b48de0f1b38b96e9d2c2807da112c2819665b0f3f1e781174c949fb630"
"verification/tet4_stable_promotion_owner_review_0_2_1/index.html","37536","c464eaafd3a5d226be5e5d1cb5668ad0b40664eef12219dd61f6cb5f2df43fa9"
"verification/tet4_static_causal_audit_2026-08-21/index.html","54292","bfce3be31fc4898631ca5d8369763a80f7ff53dc6b108025519f44f2614b09d6"
"verification/tet4_static_code_aster_correlation_2026-08-21/index.html","36029","5e278a582602ae3f6e3eb92bb87ad4894db7897bf373db28cdeae9e2ba8aad78"
"verification/tet4_structured_convergence_campaign/index.html","47214","b9b1cbf39cd14ce363b878e36aa3f6ee255b9ccf1ccab701e608c8b8edc5cfde"
"verification/tet4_total_lagrangian_independent_review_pack/index.html","38139","55f90ea8499900d4472602e1d223defaa13162e4523618cedabad4611a485b38"
"verification/tet4_total_lagrangian_phase2_owner_review_2026-08-22/index.html","36933","4a6973988d37753e5d56cba1c6317029d94694a3c81e832bfe16c2b6852b187b"
"verification/tet4_total_lagrangian_phase2_roadmap_2026-08-22/index.html","43204","ac4c280c42418316c9c8b9790d03846d4164e454cc21f9c1700cc4716e11178d"
"verification/tet4_total_lagrangian_structural_v2/index.html","49417","841e20d7bbd25a40dac29c58dfcf823716ff25e2d5e35810a8d08d9abe998254"
"verification/tracabilite/index.html","34605","9eff805fbf30ef1c6e24e0f2c0a171dcc83031fb4f30b6a30968ed6bd23f8555"
"verification/vnv_plan_mitc3_tet4_orthotropic_2026-08-22/index.html","56351","ff4f5e4e3355a064aebb8eec1854aa487ddb6cd8661cfb4360999f86a2f0a141"
"verification_manual/index.html","47272","3bfd65bd8b18e327da970fc07fa45578cd4670be75593968ce24e80130d76f22"
"verification_validation_plan/index.html","39312","05fbb4506f455cd507cbb4767a933ba2f41ef9e64bdd74867b3b1911a1350f03"
"whats-new/0.2.8/index.html","37570","6a65cf9ffb1516fd996f03e0f89e986c4ab1822d69dcfb0cc306edd3d90eaad9"
