<?xml version="1.0"?>
<VTKFile type="UnstructuredGrid" version="0.1" byte_order="LittleEndian">
  <UnstructuredGrid>
    <Piece NumberOfPoints="626" NumberOfCells="281">
      <Points>
        <DataArray type="Float64" NumberOfComponents="3" format="ascii">10 -1.22460635382e-15 1 0 10 1 0 10 0 10 -1.22460635382e-15 0 4 -9.79685083058e-16 1 -2.43024459064e-14 4 1 -2.43024459064e-14 4 0 4 -9.79685083058e-16 0 9.87688340595 1.5643446504 1 9.51056516295 3.09016994375 1 8.91006524188 4.5399049974 1 8.09016994375 5.87785252292 1 7.07106781187 7.07106781187 1 5.87785252292 8.09016994375 1 4.5399049974 8.91006524188 1 3.09016994375 9.51056516295 1 1.5643446504 9.87688340595 1 9.96917333733 0.784590957278 1 9.72369920398 2.33445363856 1 9.23879532511 3.82683432365 1 8.52640164354 5.22498564716 1 7.604059656 6.4944804833 1 6.4944804833 7.604059656 1 5.22498564716 8.52640164354 1 3.82683432365 9.23879532511 1 2.33445363856 9.72369920398 1 0.784590957278 9.96917333733 1 0 10 0.5 9.87688340595 1.5643446504 0 9.51056516295 3.09016994375 0 8.91006524188 4.5399049974 0 8.09016994375 5.87785252292 0 7.07106781187 7.07106781187 0 5.87785252292 8.09016994375 0 4.5399049974 8.91006524188 0 3.09016994375 9.51056516295 0 1.5643446504 9.87688340595 0 9.96917333733 0.784590957278 0 9.72369920398 2.33445363856 0 9.23879532511 3.82683432365 0 8.52640164354 5.22498564716 0 7.604059656 6.4944804833 0 6.4944804833 7.604059656 0 5.22498564716 8.52640164354 0 3.82683432365 9.23879532511 0 2.33445363856 9.72369920398 0 0.784590957278 9.96917333733 0 10 -2.44921270764e-15 0.5 5.5 0 1 7 0 1 8.5 0 1 4.75 0 1 6.25 0 1 7.75 0 1 9.25 0 1 3.69551813005 1.53073372946 1 2.82842712475 2.82842712475 1 1.53073372946 3.69551813005 1 3.92314112161 0.780361288065 1 3.32587844921 2.22228093208 1 2.22228093208 3.32587844921 1 0.780361288064 3.92314112161 1 0 5.5 1 0 7 1 0 8.5 1 0 4.75 1 0 6.25 1 0 7.75 1 0 9.25 1 0 5.5 0 0 7 0 0 8.5 0 0 4.75 0 0 6.25 0 0 7.75 0 0 9.25 0 0 4 0.5 5.5 0 0 7 0 0 8.5 0 0 4.75 0 0 6.25 0 0 7.75 0 0 9.25 0 0 3.69551813005 1.53073372946 0 2.82842712475 2.82842712475 0 1.53073372946 3.69551813005 0 3.92314112161 0.780361288065 0 3.32587844921 2.22228093208 0 2.22228093208 3.32587844921 0 0.780361288064 3.92314112161 0 4 -9.79685083058e-16 0.5 5.22498564716 8.52640164354 0.5006539612 6.4944804833 7.604059656 0.5006539612 2.33445363856 9.72369920398 0.5006539612 8.52640164354 5.22498564716 0.5006539612 0.784590957278 9.96917333733 0.4993460388 9.23879532511 3.82683432365 0.4993460388 9.96917333733 0.784590957278 0.4993460388 7.604059656 6.4944804833 0.5006539612 9.72369920398 2.33445363856 0.4993460388 3.82683432365 9.23879532511 0.4993460388 9.99229036241 0.392598157591 0.2496730194 9.99229036241 0.392598157591 0.7496730194 9.93068456955 1.17537397458 0.7496730194 0.392598157591 9.99229036241 0.7496730194 0.392598157591 9.99229036241 0.2496730194 1.17537397458 9.93068456955 0.7496730194 1.17537397458 9.93068456955 0.2496730194 9.93068456955 1.17537397458 0.2496730194 9.80785280403 1.95090322016 0.7496730194 9.62455236454 2.71440449865 0.7496730194 9.87688340595 1.5643446504 0.5 9.80785280403 1.95090322016 0.2496730194 9.38191335922 3.46117057077 0.7496730194 9.08143173825 4.18659737537 0.7496730194 9.38191335922 3.46117057077 0.2496730194 9.51056516295 3.09016994375 0.5 9.62455236454 2.71440449865 0.2496730194 8.72496007073 4.88621241497 0.7503269806 8.31469612303 5.5557023302 0.7503269806 8.72496007073 4.88621241497 0.2503269806 8.91006524188 4.5399049974 0.5 9.08143173825 4.18659737537 0.2496730194 7.85316930881 6.1909394931 0.7503269806 7.34322509436 6.78800745533 0.7503269806 8.31469612303 5.5557023302 0.2503269806 8.09016994375 5.87785252292 0.5 7.85316930881 6.1909394931 0.2503269806 6.78800745533 7.34322509436 0.7503269806 6.1909394931 7.85316930881 0.7503269806 6.78800745533 7.34322509436 0.2503269806 7.07106781187 7.07106781187 0.5 7.34322509436 6.78800745533 0.2503269806 5.5557023302 8.31469612303 0.7503269806 4.88621241497 8.72496007073 0.7503269806 5.5557023302 8.31469612303 0.2503269806 5.87785252292 8.09016994375 0.5 6.1909394931 7.85316930881 0.2503269806 4.18659737537 9.08143173825 0.7496730194 3.46117057077 9.38191335922 0.7496730194 4.88621241497 8.72496007073 0.2503269806 4.5399049974 8.91006524188 0.5 4.18659737537 9.08143173825 0.2496730194 2.71440449865 9.62455236454 0.7503269806 1.95090322016 9.80785280403 0.7503269806 2.71440449865 9.62455236454 0.2503269806 3.09016994375 9.51056516295 0.5 3.46117057077 9.38191335922 0.2496730194 1.95090322016 9.80785280403 0.2503269806 1.5643446504 9.87688340595 0.5 4.15178169114 3.11737179688 1 4.49882860353 7.34142104678 1 7.9548078172 3.29498928396 1 1.07379009578 6.23215689364 1 6.55779903555 5.86262447886 1 2.99136057067 4.46705615016 1 6.25 1.29903810568 1 4.6127646242 4.6127646242 1 2.21402351307 8.5574260493 1 5.93250767328 3.54768902242 1 8.32057166768 1.92791254024 1 3.76517764509 5.96950245918 1 5.08190771136 5.96174293782 1 2.92495012176 7.31247705452 1 7.20110916833 4.64453417386 1 6.78082951653 2.46353395564 1 1.34412855632 5.01162874892 1 5.09732639308 1.73154294791 1 1.31840873427 7.5131193331 1 3.45843516782 8.34940108674 1 5.84347211846 6.86937693232 1 2.35022147192 6.12875668716 1 5.87721764254 4.92587104743 1 1.03457811788 8.901671124 1 7.32209445144 1.06716011908 1 9.18844170298 0.782172325201 1 0.517289058941 9.450835562 1 1.29946138414 9.38927726497 1 0.517289058941 8.700835562 1 5.29866319654 0.865771473955 1 4.54866319654 0.865771473955 1 4.39642226156 1.63113833868 1 1.43743114289 4.35357343948 1 0.67206427816 4.50581437446 1 0.67206427816 5.25581437446 1 8.91556841531 2.509041242 1 9.09872753681 1.74612859532 1 8.41028583384 0.963956270121 1 8.43243652954 3.91744714068 1 8.73268649008 3.19257961385 1 8.13768974244 2.6114509121 1 7.64563955604 5.26119334839 1 8.0555872051 4.59221958563 1 7.57795849276 3.96976172891 1 6.81443342371 6.46684614536 1 7.32398448965 5.87023850089 1 6.87945410194 5.25357932636 1 5.86066232069 7.47977343803 1 6.45726996516 6.97022237209 1 6.200635577 6.36600070559 1 4.51936680046 8.12574314433 1 5.18834056323 7.71579549526 1 5.171150361 7.10539898955 1 3.27430255578 8.92998312484 1 3.99917008261 8.62973316431 1 3.97863188568 7.84541106676 1 1.88918408174 9.21715472763 1 2.65209672841 9.03399560613 1 2.83622934045 8.45341356802 1 1.62430081548 8.72954858665 1 6.625 0.649519052838 1 5.875 0.649519052838 1 5.67366319654 1.51529052679 1 7.91104722572 0.533580059539 1 7.16104722572 0.533580059539 1 6.78604722572 1.18309911238 1 7.82133305956 1.49753632966 1 3.92364991059 2.32405276317 1 3.49010440795 2.97289946081 1 4.62455404211 2.42445737239 1 2.90989384771 3.64774163746 1 2.26104715007 4.0812871401 1 3.57157113091 3.79221397352 1 2.1677445635 4.73934244954 1 0.536895047891 5.86607844682 1 0.536895047891 6.61607844682 1 1.20895932605 5.62189282128 1 0.659204367134 7.25655966655 1 0.659204367134 8.00655966655 1 1.19609941502 6.87263811337 1 1.17649342608 8.20739522855 1 4.38227315767 3.86506821054 1 3.80206259744 4.53991038718 1 5.04214468221 3.33253040965 1 5.27263614874 4.08022682331 1 5.51491703318 2.63961598517 1 4.42354267822 5.9656226985 1 4.79036815745 6.6515819923 1 4.13200312431 6.65546175298 1 3.71188936265 7.32694905065 1 3.34506388342 6.64098975685 1 5.46268991491 6.41555993507 1 3.19169264479 7.83093907063 1 6.56680842081 4.09611159814 1 6.94365774524 3.42133915319 1 6.35666859491 3.00561148903 1 7.36781866687 2.8792616198 1 7.5507005921 2.19572324794 1 1.84717501412 5.57019271804 1 1.71200578385 6.1804567904 1 1.8343151031 6.82093801013 1 5.81985337345 5.91218370834 1 5.47956267695 5.44380699263 1 6.21750833905 5.39424776315 1 6.53916340544 4.78520261065 1 4.18897113464 5.29113354169 1 3.37826910788 5.21827930467 1 3.05769955851 6.04912957317 1 2.6707910213 5.29790641866 1 5.93907795481 2.09753845178 1 6.51541475827 1.88128603066 1 7.05146198398 1.76534703736 1 5.90486265791 4.23678003493 1 5.24499113337 4.76931783582 1 4.84733616778 5.28725378101 1 1.76621612367 8.0352726912 1 2.12167942801 7.41279819381 1 2.56948681742 7.93495155191 1 2.63758579684 6.72061687084 1 0 9.25 0.5 0 6.25 0.5 0 7.75 0.5 0 4.75 0.5 0 9.625 0.25 0 9.625 0.75 0 8.875 0.75 0 8.875 0.25 0 4.375 0.75 0 4.375 0.25 0 5.125 0.75 0 5.125 0.25 0 6.625 0.75 0 5.875 0.75 0 5.5 0.5 0 5.875 0.25 0 8.125 0.75 0 7.375 0.75 0 7 0.5 0 6.625 0.25 0 7.375 0.25 0 8.5 0.5 0 8.125 0.25 4.15178169114 3.11737179688 0 4.49882860353 7.34142104678 0 7.9548078172 3.29498928396 0 1.07379009578 6.23215689364 0 6.55779903555 5.86262447886 0 2.99136057067 4.46705615016 0 6.25 1.29903810568 0 4.6127646242 4.6127646242 0 2.21402351307 8.5574260493 0 5.93250767328 3.54768902242 0 8.32057166768 1.92791254024 0 3.76517764509 5.96950245918 0 5.08190771136 5.96174293782 0 2.92495012176 7.31247705452 0 7.20110916833 4.64453417386 0 6.78082951653 2.46353395564 0 1.34412855632 5.01162874892 0 5.09732639308 1.73154294791 0 1.31840873427 7.5131193331 0 3.45843516782 8.34940108674 0 5.84347211846 6.86937693232 0 2.35022147192 6.12875668716 0 5.87721764254 4.92587104743 0 1.03457811788 8.901671124 0 7.32209445144 1.06716011908 0 1.29946138414 9.38927726497 0 0.517289058941 9.450835562 0 0.517289058941 8.700835562 0 9.18844170298 0.782172325201 0 0.67206427816 5.25581437446 0 0.67206427816 4.50581437446 0 1.43743114289 4.35357343948 0 4.54866319654 0.865771473955 0 5.29866319654 0.865771473955 0 4.39642226156 1.63113833868 0 9.09872753681 1.74612859532 0 8.91556841531 2.509041242 0 8.41028583384 0.963956270121 0 8.73268649008 3.19257961385 0 8.43243652954 3.91744714068 0 8.13768974244 2.6114509121 0 8.0555872051 4.59221958563 0 7.64563955604 5.26119334839 0 7.57795849276 3.96976172891 0 7.32398448965 5.87023850089 0 6.81443342371 6.46684614536 0 6.87945410194 5.25357932636 0 6.45726996516 6.97022237209 0 5.86066232069 7.47977343803 0 6.200635577 6.36600070559 0 5.18834056323 7.71579549526 0 4.51936680046 8.12574314433 0 5.171150361 7.10539898955 0 3.99917008261 8.62973316431 0 3.27430255578 8.92998312484 0 3.97863188568 7.84541106676 0 2.65209672841 9.03399560613 0 1.88918408174 9.21715472763 0 2.83622934045 8.45341356802 0 1.62430081548 8.72954858665 0 0.536895047891 6.61607844682 0 0.536895047891 5.86607844682 0 1.20895932605 5.62189282128 0 0.659204367134 8.00655966655 0 0.659204367134 7.25655966655 0 1.19609941502 6.87263811337 0 1.17649342608 8.20739522855 0 5.875 0.649519052838 0 6.625 0.649519052838 0 5.67366319654 1.51529052679 0 7.16104722572 0.533580059539 0 7.91104722572 0.533580059539 0 6.78604722572 1.18309911238 0 7.82133305956 1.49753632966 0 3.49010440795 2.97289946081 0 3.92364991059 2.32405276317 0 4.62455404211 2.42445737239 0 2.26104715007 4.0812871401 0 2.90989384771 3.64774163746 0 3.57157113091 3.79221397352 0 2.1677445635 4.73934244954 0 3.80206259744 4.53991038718 0 4.38227315767 3.86506821054 0 5.27263614874 4.08022682331 0 5.04214468221 3.33253040965 0 5.51491703318 2.63961598517 0 4.13200312431 6.65546175298 0 4.79036815745 6.6515819923 0 4.42354267822 5.9656226985 0 3.34506388342 6.64098975685 0 3.71188936265 7.32694905065 0 5.46268991491 6.41555993507 0 3.19169264479 7.83093907063 0 6.94365774524 3.42133915319 0 6.56680842081 4.09611159814 0 7.36781866687 2.8792616198 0 6.35666859491 3.00561148903 0 7.5507005921 2.19572324794 0 1.71200578385 6.1804567904 0 1.84717501412 5.57019271804 0 1.8343151031 6.82093801013 0 5.81985337345 5.91218370834 0 6.21750833905 5.39424776315 0 5.47956267695 5.44380699263 0 6.53916340544 4.78520261065 0 3.37826910788 5.21827930467 0 4.18897113464 5.29113354169 0 2.6707910213 5.29790641866 0 3.05769955851 6.04912957317 0 6.51541475827 1.88128603066 0 5.93907795481 2.09753845178 0 7.05146198398 1.76534703736 0 5.24499113337 4.76931783582 0 5.90486265791 4.23678003493 0 4.84733616778 5.28725378101 0 2.56948681742 7.93495155191 0 2.12167942801 7.41279819381 0 1.76621612367 8.0352726912 0 2.63758579684 6.72061687084 0 9.25 0 0.5 6.25 0 0.5 7.75 0 0.5 4.75 0 0.5 9.625 0 0.75 9.625 0 0.25 8.875 0 0.75 8.875 0 0.25 4.375 0 0.25 4.375 0 0.75 5.125 0 0.75 5.125 0 0.25 5.875 0 0.75 6.625 0 0.75 5.5 0 0.5 5.875 0 0.25 7.375 0 0.75 8.125 0 0.75 7 0 0.5 6.625 0 0.25 7.375 0 0.25 8.5 0 0.5 8.125 0 0.25 0.780361288065 3.92314112161 0.496565142408 3.92314112161 0.780361288065 0.496565142408 2.22228093208 3.32587844921 0.503434857592 3.3259679495 2.22214697959 0.5 3.98073890669 0.392068561318 0.748282571204 3.98073890669 0.392068561318 0.248282571204 3.82776134293 1.16113870902 0.748282571204 0.392068561318 3.98073890669 0.248282571204 0.392068561318 3.98073890669 0.748282571204 1.16113870902 3.82776134293 0.748282571204 1.16113870902 3.82776134293 0.248282571204 3.82776134293 1.16113870902 0.248282571204 3.09209291356 2.53751086971 0.75 3.52772302795 1.88551590767 0.75 3.69551813005 1.53073372946 0.5 3.52772302795 1.88551590767 0.25 1.8855869473 3.52768505739 0.751717428796 2.53757313665 3.09204181345 0.751717428796 2.82842712475 2.82842712475 0.5 2.53757313665 3.09204181345 0.251717428796 3.09209291356 2.53751086971 0.25 1.53073372946 3.69551813005 0.5 1.8855869473 3.52768505739 0.251717428796 7.53604722572 0.533580059539 0.25 7.32209445144 1.06716011908 0.5 7.53604722572 0.533580059539 0.75 8.03528583384 0.963956270121 0.25 7.82133305956 1.49753632966 0.5 4.33657056081 0.390180644032 0.498282571204 4.92366319654 0.865771473955 0.25 4.51023375735 1.25595211799 0.248282571204 4.92366319654 0.865771473955 0.75 4.51023375735 1.25595211799 0.748282571204 7.08092934577 6.17855248108 0.7503269806 7.32398448965 5.87023850089 0.5 7.08092934577 6.17855248108 0.2503269806 6.55779903555 5.86262447886 0.5 8.03528583384 0.963956270121 0.75 8.32057166768 1.92791254024 0.5 2.60682075138 3.89646729969 0.751717428796 4.86190712535 7.93391134516 0.7503269806 4.86190712535 7.93391134516 0.2503269806 2.60682075138 3.89646729969 0.251717428796 0.536895047891 6.24107844682 0.25 0.536895047891 6.61607844682 0.5 1.07379009578 6.23215689364 0.5 0.536895047891 6.24107844682 0.75 7.86375540593 4.93475991051 0.7503269806 8.0555872051 4.59221958563 0.5 7.86375540593 4.93475991051 0.2503269806 7.20110916833 4.64453417386 0.5 0.536895047891 5.86607844682 0.5 4.51936680046 8.12574314433 0.5 5.18834056323 7.71579549526 0.5 2.26104715007 4.0812871401 0.5 4.49882860353 7.34142104678 0.5 2.90989384771 3.64774163746 0.5 0.659204367134 7.63155966655 0.25 0.517289058941 8.325835562 0.25 0.517289058941 8.325835562 0.75 1.03457811788 8.901671124 0.5 1.17649342608 8.20739522855 0.5 8.41028583384 0.963956270121 0.5 8.78528583384 0.963956270121 0.25 8.78528583384 0.963956270121 0.75 1.06224492219 4.46738493527 0.248282571204 2.27423857582 9.14056262664 0.7503269806 2.27423857582 9.14056262664 0.2503269806 1.06224492219 4.46738493527 0.748282571204 2.99136057067 4.46705615016 0.5 1.71200578385 6.1804567904 0.5 1.19609941502 6.87263811337 0.5 0.67206427816 4.88081437446 0.25 0.67206427816 4.88081437446 0.75 2.21402351307 8.5574260493 0.5 1.62430081548 8.72954858665 0.5 1.68451587822 9.31268516399 0.7503269806 6.25 0.649519052838 0.25 6.25 0.649519052838 0.75 6.25 1.29903810568 0.5 5.875 0.649519052838 0.5 0.659204367134 7.63155966655 0.75 3.73887482032 2.66975938823 0.75 3.73887482032 2.66975938823 0.25 1.68451587822 9.31268516399 0.2503269806 5.09732639308 1.73154294791 0.5 0.390180644032 4.33657056081 0.498282571204 0.909584537581 9.43542223066 0.2496730194 5.171150361 7.10539898955 0.5 5.86066232069 7.47977343803 0.5 5.84347211846 6.86937693232 0.5 0.909584537581 9.43542223066 0.7496730194 3.71188936265 7.32694905065 0.5 4.13200312431 6.65546175298 0.5 3.99917008261 8.62973316431 0.5 3.97863188568 7.84541106676 0.5 3.45843516782 8.34940108674 0.5 4.39642226156 1.63113833868 0.5 4.21164717129 1.97684496375 0.25 8.91556841531 2.509041242 0.5 9.02213543583 2.1311830894 0.7496730194 5.46268991491 6.41555993507 0.5 3.34506388342 6.64098975685 0.5 2.92495012176 7.31247705452 0.5 6.16897630088 7.23671829416 0.7503269806 6.16897630088 7.23671829416 0.2503269806 6.21750833905 5.39424776315 0.5 5.47956267695 5.44380699263 0.5 5.87721764254 4.92587104743 0.5 1.31840873427 7.5131193331 0.5 1.76621612367 8.0352726912 0.5 2.56948681742 7.93495155191 0.5 3.64263474573 8.79409820592 0.2496730194 3.19169264479 7.83093907063 0.5 3.64263474573 8.79409820592 0.7496730194 6.78604722572 1.18309911238 0.5 6.78604722572 0.533580059539 0.75 0.659204367134 7.25655966655 0.5 3.76517764509 5.96950245918 0.5 7.64563955604 5.26119334839 0.5 4.79036815745 6.6515819923 0.5 5.08190771136 5.96174293782 0.5 4.42354267822 5.9656226985 0.5 5.29866319654 0.865771473955 0.5 1.20895932605 5.62189282128 0.5 3.37826910788 5.21827930467 0.5 4.18897113464 5.29113354169 0.5 6.87945410194 5.25357932636 0.5 3.80206259744 4.53991038718 0.5 4.6127646242 4.6127646242 0.5 0.517289058941 8.700835562 0.5 5.81985337345 5.91218370834 0.5 5.24499113337 4.76931783582 0.5 1.84717501412 5.57019271804 0.5 2.6707910213 5.29790641866 0.5 2.1677445635 4.73934244954 0.5 1.34412855632 5.01162874892 0.5 6.200635577 6.36600070559 0.5 6.78604722572 0.533580059539 0.25 1.29946138414 9.38927726497 0.5 3.05769955851 6.04912957317 0.5 0.67206427816 5.25581437446 0.5 4.15178169114 3.11737179688 0.5 4.62455404211 2.42445737239 0.5 3.57157113091 3.79221397352 0.5 4.38227315767 3.86506821054 0.5 2.12167942801 7.41279819381 0.5 2.35022147192 6.12875668716 0.5 0.517289058941 9.075835562 0.25 0.517289058941 9.075835562 0.75 2.63758579684 6.72061687084 0.5 5.90486265791 4.23678003493 0.5 7.57795849276 3.96976172891 0.5 6.56680842081 4.09611159814 0.5 4.21164717129 1.97684496375 0.75 4.84733616778 5.28725378101 0.5 1.43743114289 4.35357343948 0.5 0.392295478639 9.60958666867 0.4996730194 3.49010440795 2.97289946081 0.5 6.53916340544 4.78520261065 0.5 7.16104722572 0.533580059539 0.5 6.45726996516 6.97022237209 0.5 1.8343151031 6.82093801013 0.5 9.02213543583 2.1311830894 0.2496730194 8.59680157116 3.5609118038 0.2496730194 5.27263614874 4.08022682331 0.5 5.04214468221 3.33253040965 0.5 8.59680157116 3.5609118038 0.7496730194 5.67366319654 1.51529052679 0.5 6.51541475827 1.88128603066 0.5 2.83622934045 8.45341356802 0.5 2.65209672841 9.03399560613 0.5 3.27430255578 8.92998312484 0.5 8.73268649008 3.19257961385 0.5 6.81443342371 6.46684614536 0.5 5.51491703318 2.63961598517 0.5 5.93250767328 3.54768902242 0.5 6.35666859491 3.00561148903 0.5 5.93907795481 2.09753845178 0.5 6.78082951653 2.46353395564 0.5 7.9548078172 3.29498928396 0.5 6.94365774524 3.42133915319 0.5 8.43243652954 3.91744714068 0.5 7.36781866687 2.8792616198 0.5 7.05146198398 1.76534703736 0.5 7.5507005921 2.19572324794 0.5 9.09872753681 1.74612859532 0.5 8.13768974244 2.6114509121 0.5 9.60958666867 0.392295478639 0.4996730194 9.56344170298 0.782172325201 0.25 9.56344170298 0.782172325201 0.75</DataArray>
      </Points>
      <Cells>
        <DataArray type="Int32" Name="connectivity" format="ascii">414 317 175 303 458 459 460 461 366 462 415 7 436 310 420 440 463 464 325 465 415 436 4 168 463 439 421 466 467 181 11 155 99 297 196 468 124 469 471 470 414 175 161 303 460 217 472 461 462 473 56 437 57 156 452 451 60 221 474 222 297 99 11 31 470 124 469 337 128 127 152 14 13 92 201 23 202 475 135 134 92 294 34 33 476 344 141 136 343 43 85 298 86 437 371 370 89 454 477 457 63 271 296 154 282 478 479 226 481 480 95 10 165 30 119 193 482 121 122 483 30 165 95 307 483 482 121 334 485 484 84 436 7 310 446 440 87 327 465 325 303 414 317 79 461 458 366 330 434 364 50 175 161 414 214 217 188 429 460 472 55 4 436 168 58 439 441 182 181 467 271 69 296 154 285 354 478 481 486 480 14 294 34 92 487 344 142 135 476 141 13 152 92 33 202 475 134 137 488 136 57 86 298 437 456 370 489 451 457 477 92 152 294 33 475 490 476 136 488 343 294 14 152 92 487 201 490 476 135 475 165 11 10 95 192 20 193 482 120 119 85 298 437 56 371 477 454 453 491 452 95 31 30 307 126 40 121 484 335 334 272 311 316 174 492 359 493 494 496 495 303 50 412 161 497 418 498 473 188 499 155 12 11 99 195 21 196 468 125 124 6 435 86 309 442 445 90 323 500 324 297 32 99 31 338 133 470 337 41 128 16 159 94 15 207 501 145 25 208 144 271 63 62 154 282 66 283 481 226 225 69 296 70 271 354 353 73 285 478 289 35 36 301 94 45 350 349 146 149 502 271 296 70 63 478 353 289 282 479 288 5 435 167 57 443 503 184 61 444 183 298 57 437 156 489 451 477 504 222 474 314 311 296 154 393 358 391 505 506 480 309 69 6 273 322 72 323 507 281 279 62 167 5 273 185 184 65 280 508 278 56 298 437 156 491 477 452 221 504 474 159 94 301 174 501 502 509 210 511 510 299 413 157 77 512 513 514 360 427 515 70 311 71 272 357 356 74 290 492 292 169 64 272 63 229 286 516 228 67 287 157 49 48 413 211 52 212 513 425 424 413 299 78 77 512 361 431 427 360 81 310 415 7 77 464 420 325 326 423 80 4 415 168 48 421 466 181 51 422 180 151 438 55 56 517 448 218 219 447 59 293 84 438 85 368 450 518 367 88 455 94 316 301 174 519 352 502 511 495 510 50 303 412 79 497 498 418 433 330 419 415 436 168 310 463 467 466 464 465 520 69 271 62 154 285 283 284 486 481 225 6 435 309 273 442 500 323 279 521 507 167 435 5 273 503 443 184 508 521 278 316 36 2 96 318 46 319 522 108 106 171 294 33 313 523 343 524 525 345 341 174 96 1 16 526 105 177 178 107 26 152 164 294 162 240 527 490 239 241 528 14 312 294 170 529 348 487 205 531 530 414 161 50 303 472 188 429 461 473 497 55 84 438 310 449 450 448 532 327 533 29 9 161 100 117 186 534 118 111 535 313 171 294 305 525 523 345 384 536 380 304 294 306 164 379 383 382 537 527 538 171 13 12 93 198 22 199 539 130 129 93 33 32 313 138 42 131 540 341 340 297 173 305 315 541 542 394 395 543 396 272 311 174 169 492 496 494 516 544 231 311 306 301 159 409 408 410 545 546 509 312 34 35 101 346 44 347 547 143 148 312 306 294 170 385 383 348 531 548 530 14 15 101 170 24 140 139 205 204 549 175 299 413 157 550 512 551 216 514 513 63 296 311 154 479 358 552 226 480 506 304 294 164 162 379 527 537 553 528 241 31 95 11 307 126 120 127 335 484 554 171 163 152 305 242 238 203 536 556 555 163 162 152 305 237 239 238 556 557 555 171 152 13 33 203 202 198 524 488 137 34 312 294 14 346 348 344 142 529 487 294 152 171 33 490 203 523 343 488 524 294 14 170 152 487 205 530 490 201 206 310 48 415 77 558 422 464 326 426 423 303 50 414 79 497 429 461 330 433 434 154 309 69 296 559 322 486 480 355 354 298 300 304 162 374 399 398 560 561 553 11 155 297 307 196 471 469 554 562 339 298 300 162 158 374 561 560 563 564 256 64 272 316 174 286 493 565 179 494 495 163 155 173 305 252 254 253 556 566 542 305 173 300 315 542 567 407 396 543 405 172 309 298 167 568 373 569 249 571 570 152 294 171 305 490 523 203 555 380 536 313 155 171 305 572 200 525 384 566 536 299 175 413 317 550 551 512 365 459 573 11 297 31 307 469 337 127 554 339 335 294 152 162 305 490 239 528 380 555 557 36 316 94 174 318 519 149 574 495 511 162 298 172 304 560 569 258 553 398 575 69 167 62 273 576 185 284 281 508 280 438 293 151 310 518 577 517 533 369 578 294 170 164 152 530 243 527 490 206 240 300 298 151 158 374 579 580 564 563 232 413 48 157 77 424 212 513 427 426 515 305 155 173 297 566 254 542 394 471 541 159 311 306 164 545 409 546 268 581 538 298 314 309 172 400 392 373 569 582 568 298 172 167 156 569 249 570 504 259 224 71 316 2 270 320 319 75 277 583 274 64 270 1 174 276 275 68 179 584 177 70 311 272 63 357 492 290 288 552 287 311 314 306 164 393 411 409 581 585 538 156 298 162 158 504 560 257 233 563 256 315 173 300 302 543 567 405 406 586 376 307 295 165 302 336 587 485 387 386 588 293 438 84 310 518 450 368 369 533 327 151 55 438 168 218 448 517 220 182 589 300 162 163 305 561 237 590 407 557 556 309 86 298 57 324 370 373 591 456 489 170 306 294 164 548 383 530 243 538 527 95 165 11 307 482 192 120 484 485 554 270 96 1 174 592 105 275 584 526 177 96 2 316 270 106 319 522 592 274 583 298 85 293 56 371 367 372 491 453 593 173 315 307 302 543 397 594 586 406 387 155 163 171 305 252 242 200 566 556 536 317 49 413 78 595 425 573 363 430 431 174 94 36 16 511 149 574 178 145 150 12 171 93 313 199 539 129 596 525 540 311 70 296 63 357 353 358 552 288 479 298 162 172 156 560 258 569 504 257 259 304 314 298 172 401 400 398 575 582 569 156 151 298 158 223 579 504 233 232 563 172 311 154 169 597 506 250 251 544 230 100 161 29 303 535 534 118 598 473 329 305 313 155 297 384 572 566 394 342 471 173 305 300 163 542 407 567 253 556 590 36 316 301 94 318 352 350 149 519 502 174 159 94 16 210 501 511 178 207 145 304 294 162 305 379 528 553 381 380 557 30 295 29 97 332 331 39 123 599 116 158 151 300 302 232 580 564 600 601 376 153 10 9 97 189 19 190 602 115 114 302 151 293 310 601 577 377 378 578 369 157 299 310 308 514 362 603 604 402 403 164 159 311 169 268 545 581 267 266 544 167 309 298 57 571 373 570 183 591 489 316 71 272 64 320 292 493 565 291 286 155 11 165 307 196 192 197 562 554 485 300 298 293 151 374 372 375 580 579 577 172 164 311 169 269 581 597 251 267 544 62 167 69 154 185 576 284 225 227 486 311 172 154 314 597 250 506 393 582 505 309 314 296 154 392 391 355 559 505 480 175 49 413 317 215 425 551 459 595 573 310 299 157 77 362 514 603 326 360 515 306 312 301 170 385 351 408 548 531 605 298 167 57 156 570 183 489 504 224 222 301 94 159 15 502 501 509 606 144 208 315 297 173 307 395 541 543 397 339 594 56 151 298 156 219 579 491 221 223 504 33 93 171 313 138 539 524 341 540 525 311 314 164 172 393 585 581 597 582 269 415 168 48 310 466 180 422 464 520 558 159 306 301 170 546 408 509 209 548 605 174 64 272 169 179 286 494 231 229 516 311 316 71 272 359 320 356 492 493 292 167 309 435 273 571 500 503 508 507 521 168 55 438 310 182 448 589 520 532 533 168 438 151 310 589 517 220 520 533 578 159 301 311 174 509 410 545 210 510 496 15 312 101 170 607 547 140 204 531 549 101 312 14 170 547 529 139 549 531 205 29 153 9 97 608 190 117 116 602 114 151 298 293 56 579 372 577 219 491 593 28 100 29 303 113 118 38 328 598 329 157 175 49 413 216 215 211 513 551 425 413 299 317 78 512 365 573 431 361 363 293 300 151 302 375 580 577 377 376 601 9 8 161 100 18 187 186 111 110 535 162 300 304 305 561 399 553 557 407 381 32 12 93 313 132 129 131 340 596 540 158 300 162 163 564 561 256 265 590 237 301 316 311 174 352 359 410 510 495 496 69 309 167 273 322 571 576 281 507 508 171 12 155 313 199 195 200 525 596 572 15 301 312 170 606 351 607 204 605 531 32 99 155 297 133 468 609 338 470 471 151 160 168 302 234 236 220 601 611 610 169 272 311 63 516 492 544 228 287 552 94 301 35 15 502 349 146 144 606 147 15 159 301 170 208 509 606 204 209 605 302 168 151 310 610 220 601 378 520 578 302 166 168 308 612 260 610 389 614 613 163 300 173 158 590 567 253 265 564 264 311 169 63 154 544 228 552 506 230 226 153 160 165 295 245 244 194 615 616 587 295 160 165 302 616 244 587 386 611 588 155 12 99 32 195 125 468 609 132 133 165 30 295 307 483 332 587 485 334 336 30 10 165 295 122 193 483 332 617 587 295 30 10 97 332 122 617 599 123 115 297 155 173 307 471 254 541 339 562 594 173 158 300 302 264 564 567 586 600 376 170 159 306 164 209 546 548 243 268 538 93 171 13 33 539 198 130 138 524 137 302 295 166 308 386 618 612 389 388 614 35 312 101 15 347 547 148 147 607 140 312 34 101 14 346 143 547 529 142 139 313 32 155 297 340 609 572 342 338 471 165 173 307 302 255 594 485 588 586 387 49 175 50 414 215 214 53 428 460 429 414 78 317 79 432 363 458 434 82 364 309 154 69 167 559 486 322 571 227 576 314 304 306 164 401 382 411 585 537 538 312 35 301 15 347 349 351 607 147 606 151 158 160 302 232 235 234 601 600 611 32 155 12 313 609 195 132 340 572 596 270 316 96 174 583 522 592 584 495 526 310 157 48 77 603 212 558 326 515 426 157 168 166 308 213 260 261 604 613 614 162 164 304 172 241 537 553 258 269 575 166 302 168 160 612 610 260 246 611 236 168 302 308 310 610 389 613 520 378 403 175 308 303 317 619 390 462 459 404 366 174 311 159 169 496 545 210 231 544 266 153 166 160 295 247 246 245 615 618 616 295 166 160 302 618 246 616 386 612 611 155 165 173 307 197 255 254 562 485 594 299 157 175 308 514 216 550 402 604 619 314 304 164 172 401 537 585 582 575 269 309 172 154 167 568 250 559 571 249 227 29 295 153 97 331 615 608 116 599 602 153 165 10 295 194 193 189 615 587 617 153 9 161 29 190 186 191 608 117 534 172 309 154 314 568 559 250 582 392 505 168 157 310 308 213 603 520 613 604 403 175 299 308 317 550 402 619 459 365 404 295 10 153 97 617 189 615 599 115 602 158 173 160 302 264 263 235 600 586 611 438 293 85 56 518 367 455 447 593 453 48 168 157 310 180 213 212 558 520 603 435 86 309 57 445 324 500 444 456 591 173 165 160 302 255 244 263 586 588 611 55 436 84 310 441 446 449 532 465 327 308 175 303 166 619 462 390 614 262 620 161 100 28 303 535 113 621 473 598 328 167 435 309 57 503 500 571 183 444 591 175 166 161 303 262 248 217 462 620 473 78 317 49 414 363 595 430 432 458 428 161 295 29 303 622 331 534 473 333 329 293 438 151 56 518 517 577 593 447 219 316 36 96 174 318 108 522 495 574 526 157 166 175 308 261 262 216 604 614 619 100 8 161 28 110 187 535 113 112 621 175 49 317 414 215 595 459 460 428 458 64 316 270 174 565 583 276 179 495 584 295 153 161 29 615 191 622 331 608 534 174 36 96 16 574 108 526 178 150 107 308 295 166 303 388 618 614 390 333 620 436 55 168 310 441 182 467 465 532 520 316 64 270 71 565 276 583 320 291 277 295 161 166 303 622 248 618 333 473 620 153 161 166 295 191 248 247 615 622 618 96 1 2 270 105 27 106 592 275 274 0 3 412 98 47 417 416 103 102 623 435 6 5 273 442 76 443 521 279 278 436 4 7 415 439 91 440 463 421 420 412 3 28 98 417 37 624 623 102 109 28 3 412 79 37 417 624 321 83 419 412 303 28 79 498 328 624 419 330 321 412 0 8 50 416 17 625 418 54 176 8 0 412 98 17 416 625 104 103 623 8 161 412 50 187 499 625 176 188 418 28 412 161 303 624 499 621 328 498 473 412 8 28 161 625 112 624 499 187 621 28 8 412 98 112 625 624 109 104 623</DataArray>
        <DataArray type="Int32" Name="offsets" format="ascii">10 20 30 40 50 60 70 80 90 100 110 120 130 140 150 160 170 180 190 200 210 220 230 240 250 260 270 280 290 300 310 320 330 340 350 360 370 380 390 400 410 420 430 440 450 460 470 480 490 500 510 520 530 540 550 560 570 580 590 600 610 620 630 640 650 660 670 680 690 700 710 720 730 740 750 760 770 780 790 800 810 820 830 840 850 860 870 880 890 900 910 920 930 940 950 960 970 980 990 1000 1010 1020 1030 1040 1050 1060 1070 1080 1090 1100 1110 1120 1130 1140 1150 1160 1170 1180 1190 1200 1210 1220 1230 1240 1250 1260 1270 1280 1290 1300 1310 1320 1330 1340 1350 1360 1370 1380 1390 1400 1410 1420 1430 1440 1450 1460 1470 1480 1490 1500 1510 1520 1530 1540 1550 1560 1570 1580 1590 1600 1610 1620 1630 1640 1650 1660 1670 1680 1690 1700 1710 1720 1730 1740 1750 1760 1770 1780 1790 1800 1810 1820 1830 1840 1850 1860 1870 1880 1890 1900 1910 1920 1930 1940 1950 1960 1970 1980 1990 2000 2010 2020 2030 2040 2050 2060 2070 2080 2090 2100 2110 2120 2130 2140 2150 2160 2170 2180 2190 2200 2210 2220 2230 2240 2250 2260 2270 2280 2290 2300 2310 2320 2330 2340 2350 2360 2370 2380 2390 2400 2410 2420 2430 2440 2450 2460 2470 2480 2490 2500 2510 2520 2530 2540 2550 2560 2570 2580 2590 2600 2610 2620 2630 2640 2650 2660 2670 2680 2690 2700 2710 2720 2730 2740 2750 2760 2770 2780 2790 2800 2810</DataArray>
        <DataArray type="UInt8" Name="types" format="ascii">24 24 24 24 24 24 24 24 24 24 24 24 24 24 24 24 24 24 24 24 24 24 24 24 24 24 24 24 24 24 24 24 24 24 24 24 24 24 24 24 24 24 24 24 24 24 24 24 24 24 24 24 24 24 24 24 24 24 24 24 24 24 24 24 24 24 24 24 24 24 24 24 24 24 24 24 24 24 24 24 24 24 24 24 24 24 24 24 24 24 24 24 24 24 24 24 24 24 24 24 24 24 24 24 24 24 24 24 24 24 24 24 24 24 24 24 24 24 24 24 24 24 24 24 24 24 24 24 24 24 24 24 24 24 24 24 24 24 24 24 24 24 24 24 24 24 24 24 24 24 24 24 24 24 24 24 24 24 24 24 24 24 24 24 24 24 24 24 24 24 24 24 24 24 24 24 24 24 24 24 24 24 24 24 24 24 24 24 24 24 24 24 24 24 24 24 24 24 24 24 24 24 24 24 24 24 24 24 24 24 24 24 24 24 24 24 24 24 24 24 24 24 24 24 24 24 24 24 24 24 24 24 24 24 24 24 24 24 24 24 24 24 24 24 24 24 24 24 24 24 24 24 24 24 24 24 24 24 24 24 24 24 24 24 24 24 24 24 24 24 24 24 24 24 24 24 24 24 24 24 24</DataArray>
      </Cells>
      <PointData Vectors="Displacement">
        <DataArray type="Float64" Name="Displacement" NumberOfComponents="3" format="ascii">0.0519644099635 0 0 0 0.0519494700394 0 0 0.0519512467852 0 0.0519613931501 0 0 0.0987711364489 0 0 0 0.0986785969461 0 0 0.0986832955136 0 0.0987381030486 0 0 0.0513506669413 0.00813036937054 0 0.0494494314276 0.0160638624082 0 0.0463479265452 0.0236015211957 0 0.0420753684775 0.030552930856 0 0.0367592999868 0.0367531082416 0 0.0305494626223 0.0420557029551 0 0.0236118242862 0.0463115711054 0 0.016050797075 0.0494263081734 0 0.00812930827072 0.0513053528859 0 0.0518414718015 0.00406664653879 0 0.0505458527242 0.0121284775517 0 0.0480345562863 0.0198905122315 0 0.0443241717841 0.0271567464736 0 0.0395270826131 0.033756840113 0 0.0337570100912 0.0395232589344 0 0.0271534572967 0.0443036289037 0 0.0198838142056 0.0480041591994 0 0.0121264067846 0.0505150423644 0 0.00407930050287 0.0517884108565 0 0 0.0519412727327 5.17436326424e-07 0.0513579814853 0.00814821185799 0 0.0494666540076 0.0160629993554 0 0.0463344565119 0.0236161608453 0 0.0420643803209 0.030547904989 0 0.0367688046482 0.0367511662889 0 0.0305498917638 0.0420620712209 0 0.0236030128526 0.0463051563456 0 0.0160517302594 0.0494189045579 0 0.0081245967885 0.0513088102575 0 0.0518392407963 0.00407560924848 0 0.0505417167987 0.0121296834384 0 0.0480314437779 0.0198931749315 0 0.0443239041343 0.0271624299949 0 0.0395307486009 0.0337568228658 0 0.0337569800109 0.0395202485935 0 0.0271532891934 0.0443040984596 0 0.0198859011891 0.0480094893443 0 0.0121253215032 0.0505151464015 0 0.00407886306499 0.0517875873698 0 0.0519596711263 0 -1.74066027918e-06 0.0754268463349 0 0 0.0634194537944 0 0 0.0563178776746 0 0 0.0853310582413 0 0 0.0686313780818 0 0 0.0594224348487 0 0 0.0538757229635 0 0 0.0914697019931 0.0377311182466 0 0.0695766526648 0.0696052931818 0 0.0377635319296 0.0909224637157 0 0.0967860902991 0.01940029095 0 0.0821407645305 0.054902248042 0 0.0549664801076 0.0821988045596 0 0.0193863365725 0.0968408498205 0 0 0.0755362097107 0 0 0.0634178726692 0 0 0.0562562458124 0 0 0.0852475215334 0 0 0.0686383535706 0 0 0.0593819950876 0 0 0.0538347512375 0 0 0.0755048025223 0 0 0.06341006596 0 0 0.0562522189867 0 0 0.0852617804033 0 0 0.0686294852156 0 0 0.0593769928139 0 0 0.0538360114635 0 0 0.0988963968422 8.53822491591e-06 0.0755801642441 0 0 0.063397241186 0 0 0.056316728683 0 0 0.0853517872191 0 0 0.0686550702947 0 0 0.0594157557156 0 0 0.0538761301322 0 0 0.0915142088902 0.0378713113821 0 0.0697717500307 0.0697304677139 0 0.0377501335681 0.0911237637825 0 0.096772800921 0.0194251796748 0 0.0820861365254 0.0548848916293 0 0.0549304040184 0.0821559398544 0 0.0193503696383 0.0968031046684 0 0.098989859287 0 1.41573689038e-05 0.0271501744145 0.0443003303626 -1.03130525112e-06 0.0337556337788 0.0395202888564 -1.27156717285e-06 0.0121236467886 0.0505110166846 -2.34227749429e-08 0.0443181465881 0.0271593089271 2.90384338701e-06 0.0040811051772 0.0517898518167 -6.19199631987e-07 0.0480274909366 0.0198891309407 -3.05475588508e-06 0.0518441008619 0.00407835442255 -8.82682150158e-07 0.0395261599756 0.0337565680052 1.20011487213e-06 0.050536085744 0.0121297576318 -1.79355672977e-06 0.0198839891902 0.0480060271451 1.90428201371e-06 0.0519387820636 0.002037287695 1.25615395414e-06 0.0519415504324 0.00203350572831 -3.24804447619e-06 0.0516568114765 0.00611425222844 2.51254513464e-07 0.00204207540197 0.0519128419714 -4.74537953696e-07 0.00204224374628 0.0519126943077 6.53127905399e-07 0.00610693490332 0.0515833541635 1.02253371695e-06 0.00610651249761 0.0515868648386 -1.2647748621e-06 0.0516568143052 0.00612129493192 -3.03147825729e-07 0.0509759461317 0.0101383674619 1.1129165592e-06 0.0500288531693 0.0141044006541 1.00793523373e-06 0.0513558978647 0.00814281934096 9.4972853106e-07 0.0509796863313 0.0101452429224 -2.06435316118e-06 0.0487716018031 0.0179917189192 -2.86894941227e-07 0.047222971603 0.0217616531499 -1.60320612069e-06 0.0487803757864 0.0179907833782 -2.64013206673e-06 0.0494563946312 0.0160632730151 1.68754230947e-07 0.0500346856404 0.0141037704865 -6.6074828415e-07 0.0453585396961 0.02540143422 3.13328132887e-06 0.0432255721929 0.0288750743212 1.8389000087e-06 0.0453614184231 0.0254095717629 2.05614957934e-06 0.0463412321251 0.0236100370746 -1.41403740094e-07 0.0472110331291 0.0217621681673 -3.53442424162e-06 0.040829477513 0.0321831605413 1.40778996286e-06 0.0381683028378 0.035276628035 2.2850617645e-06 0.0432199176 0.0288709058578 -3.19028935024e-07 0.0420681281951 0.0305496806016 3.65014319538e-07 0.0408261519796 0.0321811214099 2.01746083024e-07 0.0352845821485 0.0381689588082 -1.35439154677e-06 0.0321790550062 0.0408158885594 -1.49815916792e-07 0.0352850923274 0.0381655240884 -2.10041211602e-06 0.0367645356561 0.0367541641314 1.59616957153e-07 0.0381756534617 0.0352806621767 5.80202309141e-07 0.0288665469862 0.0432086763139 4.39826012421e-07 0.0253997479889 0.0453372164637 -4.97668942301e-07 0.0288701636587 0.0432129931574 -1.03250640591e-06 0.0305500740828 0.0420587012642 3.31497405085e-07 0.0321781883671 0.0408179750638 1.40734544589e-08 0.0217578037605 0.0471942322154 2.11165425696e-06 0.0179841758358 0.0487492883017 1.64054612236e-06 0.0253960246992 0.0453308183865 -1.43660696573e-06 0.0236063987799 0.0463071757838 5.42779328764e-07 0.0217573162185 0.0471939037296 5.61906461557e-07 0.0140966465588 0.050005746812 4.16793014945e-07 0.0101368457981 0.0509532273127 -2.35859410382e-07 0.0140957484758 0.0500004298828 -5.6240097562e-07 0.0160511443135 0.0494217075534 3.83051595071e-07 0.0179840237518 0.0487501838995 3.79390230633e-07 0.0101320364103 0.0509549970179 -1.19723451798e-07 0.0081257251546 0.0513068966759 3.73489183072e-08 0.0634731697666 0.0474332715863 0 0.0292086376411 0.0476375956441 0 0.0516651869318 0.02139036049 0 0.0116126885571 0.0670963644786 0 0.0411984034608 0.0368318747188 0 0.0429010786179 0.0640359067089 0 0.0662992995773 0.0137482183243 0 0.0471420933003 0.0471490678741 0 0.0137936600754 0.0533639879934 0 0.0549335755155 0.0328353565406 0 0.0547251032552 0.012672304861 0 0.0336460261105 0.053313763917 0 0.0383489572855 0.0448989619929 0 0.0218235095409 0.054597014419 0 0.0471312134993 0.0303545432853 0 0.0584075383654 0.0212389517578 0 0.0205549080675 0.0766156224611 0 0.0727863118792 0.0248022891784 0 0.0103695053004 0.0590685983174 0 0.0208419286041 0.0503161012718 0 0.0353492312145 0.0415429665283 0 0.0237055151622 0.0619803744097 0 0.0458197703809 0.0384364272845 0 0.00632860670124 0.0543442724782 0 0.0605299138117 0.00882676361656 0 0.053788428573 0.00458104486596 0 0.00290723739694 0.0531735116066 0 0.00729340471987 0.0527130260356 0 0.00330571834431 0.0554128942663 0 0.0762073610596 0.0124620754114 0 0.0855354679238 0.0162080106514 0 0.0809130307367 0.0299901915245 0 0.0276384137008 0.0834008394415 0 0.012965253832 0.0872336872336 0 0.00980193006589 0.0772799782117 0 0.0518389606398 0.0145817344038 0 0.0528625273251 0.0101559142184 0 0.0560707811729 0.00641453451236 0 0.0487491500498 0.0226501301477 0 0.0504811370543 0.0184642267959 0 0.0534475096563 0.0171503871407 0 0.0443134404075 0.0304944892466 0 0.0467549892476 0.0266479424301 0 0.04971693083 0.0260211812542 0 0.0387883423094 0.0367992429562 0 0.0417502331418 0.0334504179579 0 0.0443286350089 0.0338289595838 0 0.032810448207 0.0418553021655 0 0.0361506673935 0.0390163111213 0 0.0383599704516 0.0393892864706 0 0.026112442778 0.0469556340992 0 0.029983686691 0.0445852099743 0 0.0325492286048 0.0447070758332 0 0.0182922907241 0.0498901631146 0 0.0223508431966 0.0482161853455 0 0.0250096671325 0.0492898274034 0 0.0107234215131 0.0523230953269 0 0.0150474454277 0.0512315637722 0 0.0174549394911 0.0520164940516 0 0.0100590156834 0.0540432667726 0 0.0653618665578 0.00635275703797 0 0.0711419059597 0.00784033598065 0 0.069481892615 0.0185718878932 0 0.0584654357202 0.00393718860537 0 0.0621986070254 0.00463217311831 0 0.0632038649158 0.0110018703827 0 0.0574435713507 0.010977513451 0 0.0757733909485 0.0449142382015 0 0.0668280749831 0.0570576603343 0 0.0698155474112 0.0366149370506 0 0.0540467633958 0.067492053807 0 0.041807001953 0.0756826803164 0 0.0541515303998 0.0574793301559 0 0.0328674245535 0.071731049402 0 0.00650879722147 0.0714938367917 0 0.00533737862818 0.0655465681989 0 0.0153002846895 0.0714094762871 0 0.00558456897243 0.0614787271185 0 0.00475789527605 0.0579205201465 0 0.0109004198906 0.0626186270063 0 0.00809356330055 0.0564675582184 0 0.0541922637672 0.047696821677 0 0.045936575425 0.054808065597 0 0.0587440887819 0.0388526605809 0 0.051848769061 0.0400620121159 0 0.0630111625761 0.030055532438 0 0.0363645981554 0.0489943453678 0 0.0335943056013 0.0466273048759 0 0.0311331623216 0.0501332646468 0 0.0259427958312 0.0511848253087 0 0.0274751273283 0.0544419132171 0 0.0366813859125 0.0430725473109 0 0.0212963835574 0.0522504015609 0 0.0504728226826 0.0315142782229 0 0.0533486720916 0.0263000930569 0 0.0572027216875 0.027039488151 0 0.0546789375689 0.0213302995766 0 0.056560375264 0.0164525403912 0 0.0226249924563 0.068209667689 0 0.0179930378086 0.0649086151982 0 0.0163637059609 0.0608584150788 0 0.0400558389597 0.040672888818 0 0.0422378134231 0.0419598824504 0 0.0433120545588 0.0375662614928 0 0.0466990962329 0.0341645925877 0 0.0403661945388 0.0510530857737 0 0.0374644104737 0.057882345393 0 0.0292895605157 0.0578395085549 0 0.0321510356032 0.0637783284607 0 0.064475836229 0.0227137038564 0 0.0622785766392 0.0179838946577 0 0.0600169055744 0.0150412690345 0 0.0503011733376 0.0360670130391 0 0.0465319999196 0.04227152497 0 0.0421467480847 0.0460184261458 0 0.0123235270309 0.0559675949985 0 0.0163958062262 0.0572942590339 0 0.0175162088775 0.0541182266927 0 0.0227084617755 0.0578485840092 0 0 0.0538351842975 2.05883800305e-06 0 0.0686327262107 4.67592755694e-06 0 0.0593732259886 5.57042983912e-07 0 0.0852762249258 -1.86176779131e-05 0 0.0528329714465 7.50771491068e-07 0 0.0528311268903 4.13338954302e-07 0 0.0549748910623 3.35845144226e-06 0 0.0549765041852 -1.22259080324e-06 0 0.0914167519042 -6.94587399218e-06 0 0.0914272588083 -7.59025427372e-07 0 0.0799694493117 -1.36554809656e-06 0 0.0799839107499 -2.5908497949e-05 0 0.0658377458098 7.0293160726e-06 0 0.0718553963304 7.4999340065e-07 0 0.0755183043836 -7.18558824358e-06 0 0.0718420152926 3.03738724075e-06 0 0.057720096713 2.40029886688e-06 0 0.0612709838025 1.13624485813e-06 0 0.0634121641227 9.95584964969e-07 0 0.0658295600711 -9.18994499041e-08 0 0.061269709114 -1.20541954189e-06 0 0.0562643431037 3.44887792063e-07 0 0.057717670256 -1.28302807464e-06 0.0633644289284 0.0475352259364 0 0.0292108209139 0.0476579273819 0 0.0516634840096 0.0214115718434 0 0.0116051554092 0.0671347041343 0 0.0412202738403 0.036828082005 0 0.0428431934389 0.0639962494576 0 0.0662830690859 0.0137441457897 0 0.0472290256675 0.0470806554422 0 0.0138044611505 0.0533579931466 0 0.0549168810124 0.0328802053924 0 0.0547270048147 0.0126917256918 0 0.033648350011 0.0533204150011 0 0.0383129294828 0.0449071402306 0 0.0218349429971 0.0546065898662 0 0.04711591558 0.03037187065 0 0.0584262726357 0.0212558553847 0 0.0206445105173 0.0764809757139 0 0.072872509814 0.0247699880465 0 0.0103582883881 0.0590568856259 0 0.0208501276683 0.0503317345831 0 0.0353458457529 0.0415413945238 0 0.0237340273906 0.0619129899967 0 0.0458359206591 0.0384361344594 0 0.0063206092711 0.0543397262385 0 0.0605247414097 0.00881761175805 0 0.00729335208406 0.0527099309293 0 0.002906563039 0.0531741526757 0 0.00329645637923 0.0554225431683 0 0.053789593286 0.00457728126948 0 0.00995789193687 0.077293389024 0 0.0129552123802 0.0872239817627 0 0.0274210496421 0.0833359717358 0 0.0855426043593 0.0161921387688 0 0.0761113338514 0.0123485585168 0 0.0809257497467 0.0298979684069 0 0.0528608631219 0.0101451880027 0 0.051838060809 0.0146003673062 0 0.0560723660912 0.00640962433993 0 0.0504809996259 0.0184507195893 0 0.0487468311186 0.0226380244442 0 0.0534658941721 0.0171684550051 0 0.0467646715511 0.0266484033251 0 0.0443195735516 0.0304874282835 0 0.0496985811409 0.0260419789139 0 0.0417478527982 0.0334640432078 0 0.0387902946501 0.0368103908447 0 0.0443130537951 0.0338304889497 0 0.0361434927884 0.0390105013208 0 0.0328070121252 0.0418625402204 0 0.0383725083882 0.0393773300315 0 0.0299875033297 0.0445783524731 0 0.0261206011626 0.0469540504792 0 0.0325434410177 0.0447025021939 0 0.0223432128384 0.0482260718347 0 0.0183022401919 0.0498920416486 0 0.0250022889722 0.0492851235509 0 0.0150424115948 0.0512335636558 0 0.0107211029624 0.052319813753 0 0.0174554585714 0.0520064856291 0 0.0100533756023 0.0540294192593 0 0.00530504979161 0.0655186193236 0 0.00649160510709 0.0714452780961 0 0.015366018136 0.0714300469594 0 0.00475960208369 0.057931150467 0 0.00557744241742 0.061498708832 0 0.010920121537 0.0626034152056 0 0.00810832919013 0.0564682028097 0 0.0711545517684 0.00780162347718 0 0.065374606012 0.00636725282834 0 0.069466224237 0.0185502720213 0 0.0622157458086 0.00461673274166 0 0.0584675055715 0.00393572256731 0 0.0631863934398 0.0110317737795 0 0.0574368825336 0.0109975013706 0 0.0668951149896 0.056821196774 0 0.0758206403627 0.0448992290817 0 0.0699046197979 0.0367570894211 0 0.0419956555307 0.0756328879303 0 0.0539247326164 0.0676800596217 0 0.0542571219956 0.0575004220067 0 0.032776134912 0.0718196983173 0 0.0458527941447 0.0547878001261 0 0.0540610487278 0.0477980005967 0 0.0519263888047 0.0401164814516 0 0.0587110633497 0.038772573046 0 0.0629528251753 0.0301328469518 0 0.0311384652539 0.0501169047674 0 0.0335734909343 0.0466211588369 0 0.0363524417831 0.0490208603814 0 0.0274400119633 0.0544273580116 0 0.0259390041899 0.051208866949 0 0.0366802305603 0.043078667567 0 0.0213133185622 0.0522696428448 0 0.0533525498146 0.026272051426 0 0.0504875967772 0.0314880101929 0 0.0546767394927 0.0213491012389 0 0.0572367354153 0.0270199646676 0 0.0565382535623 0.0164227465312 0 0.0179792266145 0.064916633142 0 0.0226543704967 0.0683103016691 0 0.0163717274371 0.0608711816573 0 0.0400408138771 0.0406591345471 0 0.0433037533939 0.0375739200771 0 0.0422412564301 0.0419386928897 0 0.0467048191712 0.0341725602124 0 0.0375433954214 0.0578999050906 0 0.0403648318179 0.0509680249846 0 0.0321873223784 0.0636694833747 0 0.029235156707 0.0578807276101 0 0.0622982083009 0.0180097954937 0 0.0644220102949 0.0227353950545 0 0.0600317675889 0.0150140763556 0 0.046576513305 0.0422820018643 0 0.0503139631087 0.0360755334914 0 0.0422196465152 0.0459901158582 0 0.017540358799 0.0541116436378 0 0.0163975097939 0.0572637567774 0 0.0123093921749 0.0559777282412 0 0.0227073808278 0.0578510595319 0 0.0538438267213 0 2.10693091803e-06 0.0686308772707 0 6.46471969051e-06 0.0594766981756 0 4.22211623219e-06 0.0853654466779 0 1.12957128921e-05 0.0528474321396 0 -1.01135431778e-06 0.0528462780718 0 2.06389230137e-06 0.0550082853598 0 1.05849172316e-06 0.0550117612749 0 7.31662160482e-07 0.0915076546961 0 7.18369884364e-06 0.0915344415136 0 1.68077733171e-06 0.0800075371661 0 1.57471051532e-05 0.0800449841726 0 -7.58923408731e-06 0.0718208472668 0 1.36224337502e-05 0.0658550531028 0 5.60405661012e-06 0.0755147838404 0 5.55459432594e-06 0.0718741676602 0 9.54883592928e-06 0.0613175651169 0 2.61502443707e-06 0.0578022235963 0 1.3186160211e-06 0.0634245934468 0 1.71457042344e-06 0.0658417017127 0 -2.51533661347e-06 0.0613060126604 0 1.19522334535e-06 0.0563198658292 0 1.62931976123e-07 0.0577978825571 0 2.14311057325e-06 0.0194095598265 0.0967908941337 3.91811385256e-05 0.0966791332073 0.0194662621007 1.92913236295e-05 0.0550093368679 0.0822662612972 1.70991154936e-06 0.0821832373179 0.0546903979014 5.44950072569e-05 0.0980620477155 0.00979824536614 -6.17815964672e-06 0.0980439324403 0.00978248958728 2.37986843669e-05 0.0945750813228 0.0287449306825 2.58057878367e-05 0.00975047526018 0.0981115557289 1.8598204488e-05 0.00977954355294 0.0981369655962 5.76835498335e-07 0.0286988524175 0.0944428513037 5.48107488451e-05 0.0286871274977 0.0945669854875 -7.22413008064e-06 0.0946670166064 0.0288102759823 -2.47222511075e-05 0.0763634785314 0.0625069378146 3.71042044744e-05 0.0870487676447 0.0463671909362 1.45136455127e-05 0.0914704916941 0.0378242820938 -8.50251353221e-06 0.0870620439439 0.0464593870198 2.00808357863e-05 0.0466930930692 0.0870297735172 2.16704482838e-06 0.0625887377385 0.0763996709441 3.03174945386e-06 0.069675192867 0.069666489124 1.96642968117e-05 0.062679515529 0.0764452780739 -2.42743707924e-05 0.0764558747289 0.0626043641942 1.66982042553e-05 0.0377563101351 0.0910225554904 2.22187871187e-05 0.0466827211841 0.0871258065211 -2.13950270048e-05 0.0602127577991 0.00425758662866 1.97769948895e-06 0.0605236739793 0.00882511845438 -2.82913013154e-06 0.0602093613558 0.00427762601649 3.0485093802e-07 0.0574801827513 0.00689065319767 -1.09665320779e-06 0.0574265907078 0.0109746565329 5.72829516237e-06 0.0913030426869 0.00830083100614 6.45516173813e-06 0.0804509285015 0.0141776887817 8.67286509382e-06 0.0832454439247 0.0231161871432 1.78464858309e-05 0.0804565051436 0.0142342277091 5.2606477615e-06 0.0832703869376 0.0231445802916 -7.77489044209e-06 0.0402878299698 0.0351462328352 2.18349857815e-07 0.0417514179727 0.0334593059332 8.66464183307e-07 0.0402892666892 0.03515032647 9.98306345312e-07 0.0412096980818 0.0368318653331 -8.28815464547e-08 0.0574753131076 0.00688232019355 -1.72888501526e-06 0.0547228292913 0.0126806286548 -5.61452166421e-07 0.0480067008482 0.071705456567 4.63546479179e-06 0.0280625385224 0.0457865468793 -2.56964505718e-08 0.0280661675336 0.0457877226932 1.41929682359e-06 0.0479396385133 0.0716207431267 4.660428601e-05 0.00586615108474 0.0682822847775 4.84519220078e-06 0.00532049491024 0.0655381549756 -4.01800178579e-06 0.0116055824917 0.0671184499657 -1.87050475736e-06 0.00587450014041 0.0682913352672 -7.38826003332e-06 0.0455582765693 0.0285826637428 -6.29044698151e-07 0.0467575145055 0.0266506386393 -6.53064572364e-07 0.0455611531872 0.028582740496 -5.43024169929e-08 0.047122371688 0.0303633744754 2.87705396039e-07 0.00653477742184 0.0714360356609 2.68749948153e-06 0.0261140136414 0.0469475860604 -2.78892358514e-06 0.0299872360358 0.0445790605951 1.37728519983e-06 0.0419742268615 0.0757788153853 -4.29434972271e-05 0.0292118101493 0.0476488477571 1.56591186617e-07 0.0540694022286 0.0676851295984 -4.84610593649e-05 0.00515066869648 0.0595917774437 5.82517969817e-07 0.00351790863478 0.0567646540837 1.131772949e-06 0.00352197390829 0.056748695444 -3.04755927073e-06 0.00632403302911 0.0543419586483 -5.12043758047e-07 0.00809845024633 0.0564809641316 4.61280280885e-06 0.0560729916127 0.0064189739576 -1.02655855375e-06 0.0548319855823 0.00601154668182 3.03303672951e-07 0.0548287299044 0.00602428888847 1.3247077914e-06 0.0202615336372 0.0853046252493 3.02226106236e-05 0.01288799526 0.0517971139111 -7.21193806669e-07 0.0128893416799 0.0517972700035 -5.94946309495e-07 0.020313090703 0.0853916921555 9.9102527915e-06 0.0428888119288 0.0640281350953 8.28720195831e-06 0.0179938052918 0.0648861367808 4.70664350852e-06 0.0108887253639 0.0626040255157 4.73415024464e-06 0.0113730113155 0.0818507804419 -3.96213389286e-06 0.0113096406762 0.0818666141675 -3.60136116067e-06 0.0137991929071 0.0533576000401 -1.1209217518e-07 0.0100573253606 0.0540317197516 -1.23777964021e-06 0.00948081873701 0.0524062382834 -1.25856485212e-06 0.068059907976 0.00704695101813 4.28884404919e-07 0.0680616042275 0.0070388425123 7.34718073842e-07 0.0662817597156 0.0137447851806 -5.31924567839e-06 0.0711751505766 0.00785019611826 5.67189780605e-06 0.00515714028535 0.059590857413 -9.62243221607e-07 0.071441072969 0.0510776190153 1.85904879114e-05 0.0713595273785 0.0509371314657 1.12477762763e-05 0.00947920714903 0.0524062243272 -1.7011411991e-07 0.0728339467768 0.0247957673935 -3.26626490798e-06 0.00827608316086 0.0913082620645 3.01002746391e-06 0.00510501101113 0.0529652189206 -3.59228847977e-07 0.0325469136749 0.0447093190422 -7.02894362853e-07 0.0328021730644 0.0418561321899 3.59604757638e-07 0.0353480837372 0.0415416170773 -8.17660558697e-07 0.00510597919738 0.0529680630805 -4.57625994875e-07 0.025952874483 0.0511897111549 -6.69206378374e-06 0.0311312898696 0.0501297062882 -8.97114828932e-07 0.0223471303052 0.0482252181026 1.25633624273e-06 0.0249980782371 0.0492918080939 4.49898517163e-06 0.0208471574439 0.0503275061431 9.48290985869e-07 0.0808387373116 0.0300459442868 -3.52053032477e-07 0.0785328915873 0.0369241908616 -7.85158383467e-06 0.0518274045508 0.014589191949 5.03629055805e-06 0.0523827963529 0.0123723443149 -4.24421329182e-06 0.0366864396587 0.0430698540847 -1.23085456886e-06 0.0274389443695 0.0544423409022 5.52630158711e-06 0.0218329960056 0.0546043275572 -1.64590839107e-07 0.0344915483797 0.0404539795195 -6.24282053132e-07 0.0344897517338 0.0404538670302 -1.29644596717e-07 0.0433114496712 0.0375722842153 1.04666037589e-06 0.04222629083 0.0419411448611 2.84909242878e-06 0.0458325403799 0.0384366695591 3.4171479875e-06 0.0103636474232 0.0590623901019 -1.2917767093e-06 0.0123075695094 0.0559639528638 -6.48891665153e-06 0.0175333676883 0.0541191664249 2.38617914979e-07 0.0203319658617 0.0490813460919 1.89225477222e-06 0.0213138942432 0.0522581760078 1.64726718977e-06 0.0203292852795 0.0490749271025 1.89350959357e-06 0.0631991613994 0.0110200923437 5.94611543403e-07 0.0644449910886 0.00504122958648 -7.3226654042e-06 0.00560220657132 0.0614870075658 -1.03473800935e-05 0.0336416110181 0.0533190522783 -1.42068086463e-06 0.0443094619114 0.0304845047096 -4.37832657511e-06 0.0335838441476 0.04662123043 -5.5059113449e-07 0.0383228486174 0.0449056423787 -1.85922924296e-06 0.0363386407567 0.0490204917508 4.49036438007e-06 0.0761664324086 0.0124619335869 -4.70592128363e-06 0.015342221462 0.0714370407644 3.73588803412e-06 0.0374822393503 0.0579183597578 4.29740186359e-06 0.040380879351 0.0509796450221 -1.90823812587e-05 0.0443188351984 0.0338341110327 1.90324871485e-06 0.0458761561782 0.0548103219095 -2.69579447942e-07 0.0471754988662 0.0471142059788 6.52704342065e-08 0.00329706210913 0.0554090264116 1.33672386166e-06 0.0400431287992 0.0406716897415 -3.85837959716e-06 0.0465630968501 0.0422787577224 1.44211026178e-05 0.0226551383019 0.068245956827 4.8661026701e-06 0.0321501373999 0.0637054776167 -5.41278007309e-06 0.0327996431469 0.0717870644221 3.68116936837e-06 0.0205946751717 0.0765475200385 -2.98588628546e-06 0.038365085917 0.0393779610926 -5.45378100672e-07 0.0644703261325 0.00503986865168 4.71299921467e-07 0.00729791919007 0.0527109606791 -3.59406254183e-07 0.029257787654 0.0578621867376 1.40044661955e-06 0.00992028777905 0.0773034953953 2.6329450951e-06 0.0634069587461 0.0474864084947 -4.38240327399e-06 0.0698348077654 0.0366470741312 1.55544871435e-06 0.0541902456975 0.0574141932317 2.99760365647e-05 0.0541141231198 0.0477494191633 -2.22251869392e-06 0.0164122228673 0.0572827193003 4.93548097019e-06 0.0237223827501 0.0619402958199 1.77292025547e-06 0.00309210029072 0.0542251053928 2.45725175538e-06 0.00309701331861 0.0542237135404 -1.94575043262e-07 0.022712793549 0.057833795073 -3.26132375237e-07 0.0502871335668 0.0360708567365 6.50670042832e-06 0.0497134690891 0.0260364196777 -8.16271816228e-07 0.0504727347653 0.0315030980443 -2.98073232644e-07 0.0784350647466 0.0369301909565 -1.34399838394e-05 0.0421733640872 0.0460086393329 -2.02469837781e-06 0.0275402095294 0.0833761865817 3.30998835716e-06 0.00215651097536 0.0528121105366 4.28970643888e-07 0.0668597774865 0.0569613168767 -3.26672931203e-06 0.0467016007202 0.0341802103007 2.36600070247e-06 0.0621886026279 0.00462254390691 9.34860705704e-07 0.0361456669826 0.0390158911994 -4.989349178e-07 0.0163652587384 0.0608648352593 -3.5742833582e-06 0.0523744161915 0.0123737878092 8.88209066561e-07 0.0496417404985 0.0205601325894 1.42575602447e-06 0.0518556107235 0.0400950735346 1.34656003978e-06 0.0587254384974 0.0388223014133 -2.2072816683e-06 0.0496413404459 0.0205622341295 -4.62692682946e-07 0.0694757091603 0.0185688006217 -1.26833819664e-05 0.0622864977262 0.0180103610262 -9.74040520392e-06 0.0174569235933 0.052012776916 4.69760684403e-07 0.0150425035644 0.051226462869 -2.58086991227e-06 0.0182987906717 0.0498938307829 1.55240701017e-07 0.0504801897515 0.0184540801706 8.15993234137e-07 0.0387879968229 0.0368058049745 7.83007236003e-07 0.0630185128194 0.0301062414066 -5.15608058145e-06 0.0549248781691 0.0328565491065 4.15733160378e-07 0.0572145877589 0.0270369318563 -2.89020740577e-06 0.0644187033765 0.0227310999914 -2.84930949601e-06 0.0584184207705 0.0212468863853 -9.63466051032e-07 0.0516643052807 0.0214023477551 2.79054653885e-07 0.053358304046 0.026276152665 -2.02850129321e-07 0.0487471314239 0.0226433032458 1.73711071725e-07 0.0546659891045 0.0213407267488 1.75154119362e-06 0.0600423965679 0.0150289554503 3.13388469253e-06 0.0565563082896 0.0164311043916 -8.40319834339e-07 0.052864952866 0.010136281449 -1.45110708918e-06 0.0534554353776 0.0171558206893 -1.77866133572e-06 0.0528369435545 0.00216217431982 -7.21832291084e-07 0.0527924498016 0.00433779634136 -5.4250102284e-07 0.0527955372582 0.00432696335066 5.88864215124e-07</DataArray>
        <DataArray type="Float64" Name="DisplacementMagnitude" format="ascii">0.0519644099635 0.0519494700394 0.0519512467852 0.0519613931501 0.0987711364489 0.0986785969461 0.0986832955136 0.0987381030486 0.0519903250751 0.0519932105566 0.0520111728169 0.0519982520515 0.0519811225441 0.0519803022073 0.0519834576031 0.0519671822056 0.0519454029507 0.0520007289623 0.0519806040301 0.0519899131991 0.0519819303545 0.051979943385 0.0519771462 0.0519626960155 0.0519592664286 0.0519501611795 0.0519488228128 0.0519412727352 0.0520003424867 0.0520093242314 0.052005816149 0.0519864077524 0.0519864714984 0.0519857069026 0.0519737406765 0.0519604289053 0.0519480806481 0.0519992065044 0.0519768636729 0.051988056323 0.0519846715959 0.0519827199648 0.0519748376462 0.0519630085189 0.0519649894949 0.0519500090233 0.0519479675202 0.0519596711554 0.0754268463349 0.0634194537944 0.0563178776746 0.0853310582413 0.0686313780818 0.0594224348487 0.0538757229635 0.0989461654985 0.0984164998106 0.0984529265788 0.0987112889407 0.0987996054532 0.0988835547826 0.0987622409611 0.0755362097107 0.0634178726692 0.0562562458124 0.0852475215334 0.0686383535706 0.0593819950876 0.0538347512375 0.0755048025223 0.06341006596 0.0562522189867 0.0852617804033 0.0686294852156 0.0593769928139 0.0538360114635 0.0988963972108 0.0755801642441 0.063397241186 0.056316728683 0.0853517872191 0.0686550702947 0.0594157557156 0.0538761301322 0.0990408332689 0.098642968477 0.098633731098 0.0987031539694 0.098744544856 0.0988278692423 0.0987181740035 0.0989898602994 0.0519581681936 0.051973993927 0.0519456024892 0.0519781318136 0.0519504010672 0.0519828570259 0.0520042668418 0.0519790650872 0.0519714054625 0.0519610591886 0.0519787228102 0.0519813410506 0.0520174033598 0.0519529906139 0.0519528496834 0.0519435951944 0.0519470318725 0.0520182344558 0.051974355023 0.0519790368154 0.0519974398717 0.051979364912 0.0519843350654 0.0519959478941 0.0519922432233 0.0519996510556 0.051984479506 0.0519868251927 0.0519828819116 0.0519933132505 0.0520090727235 0.0519853212451 0.0519884800547 0.0519736455548 0.0519758644229 0.0519904836949 0.0519846059974 0.0519795263131 0.0519752666179 0.0519773505857 0.0519855716813 0.0519817818201 0.051964095719 0.051967397422 0.0519696943263 0.0519830874286 0.0519763686198 0.0519682362924 0.0519607899585 0.0519599958447 0.05197707757 0.0519677338219 0.051954693326 0.0519517758731 0.0519493321793 0.0519629138079 0.0519615775423 0.0519525734005 0.0519463671088 0.0792386176911 0.0558792003486 0.055918146094 0.0680938812359 0.0552620615162 0.0770785306983 0.0677097528539 0.0666739196548 0.0551178761641 0.0639988934129 0.0561731629587 0.0630429416829 0.0590470940261 0.058797104964 0.056060231751 0.0621492848686 0.0793250140294 0.0768960385551 0.0599718763035 0.0544618768969 0.0545471008893 0.0663590103986 0.05980644029 0.0547115272494 0.0611701088931 0.0539831549691 0.0532529282374 0.0532151939416 0.0555114098608 0.0772195907994 0.0870575435113 0.0862921209073 0.0878611514347 0.0881919157026 0.0778991197988 0.0538507643255 0.0538292614552 0.0564365019677 0.0537541442707 0.0537519568896 0.0561317385045 0.0537921451065 0.0538158141749 0.0561148383675 0.0534669971221 0.0534977796638 0.0557622308402 0.0531826271531 0.0531896915437 0.0549818444735 0.0537279372532 0.0537295302049 0.0553007677372 0.0531378986745 0.0531447148912 0.0552717878807 0.0534106550562 0.0533956809156 0.0548670262185 0.0549714333083 0.0656698646405 0.0715726320032 0.0719211263905 0.0585978551491 0.0623708565253 0.0641542648015 0.0584830718336 0.088084593256 0.0878724542093 0.0788344104789 0.0864651950824 0.0864620929204 0.0789700046842 0.0789025414362 0.0717895057823 0.0657635173427 0.0730302130298 0.0617318499538 0.0581156108245 0.0635602989448 0.0570446395207 0.0721927160474 0.0715128870643 0.070430087328 0.0655229705364 0.0698121883293 0.0610149971484 0.057468973619 0.0590137104433 0.0573839262984 0.0609820017419 0.0565753338859 0.0564237575485 0.0595034079819 0.0594792040023 0.0632715203542 0.0586921450766 0.0589046868706 0.0718641012599 0.0673563488954 0.063019977457 0.0570854983299 0.0595370860726 0.0573337428802 0.0578621203868 0.0650833867325 0.0689488793262 0.0648327625902 0.0714238354585 0.0683596796387 0.0648231561656 0.0618730048478 0.0618953751802 0.0628658002399 0.0624022749509 0.0573082979018 0.0595940817536 0.056882334989 0.0621460610826 0.0538351843369 0.0686327263699 0.0593732259912 0.0852762269582 0.0528329714519 0.052831126892 0.0549748911649 0.0549765041988 0.0914167521681 0.0914272588114 0.0799694493234 0.079983914946 0.0658377461851 0.0718553963343 0.0755183047255 0.0718420153568 0.0577200967629 0.061270983813 0.0634121641305 0.0658295600712 0.0612697091258 0.0562643431047 0.0577176702703 0.079212679277 0.0558976752719 0.0559246903327 0.0681303759807 0.0552758410125 0.0770133700644 0.067693033548 0.0666870975705 0.0551147764242 0.0640075911653 0.0561793997567 0.0630498066163 0.0590299229988 0.0588102405411 0.0560567571995 0.0621726686112 0.0792182773143 0.0769672332516 0.0599584012308 0.0544794578711 0.0545437097287 0.0663062771275 0.0598186263203 0.0547060869487 0.0611636705882 0.0532121208297 0.05325353154 0.0555204909551 0.0539839962368 0.0779321987284 0.0881808398824 0.0877313977355 0.0870616018603 0.077106562873 0.0862720434841 0.0538256044054 0.0538549466058 0.0564375187552 0.0537471894762 0.0537469412604 0.0561547654868 0.0538244545264 0.0537931955097 0.0561082314208 0.0535044428162 0.0534760865544 0.0557507732612 0.0531805536286 0.0531862042101 0.0549820290678 0.0537259701184 0.0537305189022 0.0552936637931 0.0531504766164 0.0531430881292 0.0552642547881 0.0533961814315 0.0534069748243 0.0548577030273 0.054956787629 0.0657330436795 0.0717395894823 0.0730641233573 0.058126345201 0.0617511056737 0.0635486951069 0.0570473744428 0.0715809720962 0.0656839479614 0.071900409608 0.0623868034742 0.0585998218417 0.064142188524 0.0584802574513 0.0877701817948 0.0881175934597 0.0789793611761 0.086509934806 0.086535930446 0.0790577878402 0.0789451967263 0.0714435565571 0.0721612489539 0.0656176953143 0.070358378181 0.0697928840425 0.0590026114831 0.0574518210748 0.0610290486255 0.0609531915216 0.0574036583552 0.0565792445452 0.0564479681765 0.0594702888664 0.059502035379 0.0586969331845 0.0632939362944 0.058875128191 0.0673603878266 0.0719688669963 0.0630343891509 0.0570651557262 0.0573324910322 0.0595245974878 0.0578714437809 0.0690065616392 0.0650158382128 0.0713430223294 0.0648449922226 0.0648492057872 0.0683161298576 0.0618808177763 0.062905796818 0.061910734129 0.0624306760216 0.0568835139912 0.0595652261617 0.057315156763 0.0621479704658 0.0538438267625 0.0686308775751 0.0594766983255 0.0853654474252 0.0528474321492 0.0528462781121 0.0550082853699 0.0550117612798 0.0915076549781 0.091534441529 0.0800075387158 0.0800449845324 0.0718208485587 0.0658550533413 0.0755147840446 0.0718741682945 0.0613175651727 0.0578022236114 0.06342459347 0.0658417017607 0.061306012672 0.0563198658294 0.0577978825969 0.0987178288609 0.0986194226816 0.0989634523114 0.0987174102596 0.0985503467908 0.0985307584324 0.0988469408383 0.0985948755323 0.0986230373132 0.0987070377261 0.098822396654 0.0989539117293 0.0986838360882 0.0986276054379 0.0989824592489 0.0986826962602 0.098764499814 0.0987636563785 0.0985294503923 0.0988564757413 0.0988170404108 0.0985426052868 0.0988442364372 0.0603630950961 0.0611636970407 0.0603611239069 0.057891730945 0.0584658570377 0.0916796020985 0.0816906287842 0.0863953839089 0.0817059513504 0.0864270154411 0.0534636972742 0.0535042620453 0.0534674710669 0.055270476024 0.0578859045973 0.0561728260731 0.0862920381571 0.0537020850941 0.0537049840468 0.086184348688 0.0685338030935 0.0657537636934 0.0681144322025 0.0685435356475 0.053782201805 0.0538193432052 0.0537846793614 0.0560575813171 0.0717343050021 0.0537216674456 0.0537264085018 0.0866271690982 0.0558904512846 0.0866301297158 0.0598139559573 0.0568735583174 0.0568578819874 0.0547087000737 0.0570586034433 0.0564392028303 0.0551605414812 0.0551586954278 0.0876778749039 0.0533764126919 0.0533768892791 0.087774499949 0.0770652472981 0.0673348928667 0.0635439090176 0.0826371324589 0.0826441195757 0.0551130765512 0.0549597719633 0.0532569219588 0.0684237575155 0.0684246101522 0.0676918814848 0.0716067571592 0.0598135969831 0.0878222660653 0.0876742472802 0.0532566213389 0.0769390271214 0.0916825625884 0.053210671419 0.0553012187883 0.0531781755965 0.0545453295339 0.0532135953518 0.0573928415992 0.0590096997305 0.0531513489528 0.0552683117252 0.0544744146272 0.0862418704479 0.0867802454104 0.0538416605386 0.0538240863889 0.0565765604047 0.0609660904239 0.0588074170712 0.053161935339 0.0531606840849 0.0573372323615 0.0595157061424 0.0598163801658 0.0599647489291 0.0573013117605 0.0568885151597 0.053125957625 0.0564375677203 0.0531190014371 0.0641527586095 0.0646418666637 0.06174169519 0.0630450579329 0.0537832079876 0.0574579299561 0.0590352220886 0.061020532968 0.0771791761858 0.0730659603818 0.0689888011362 0.065034913607 0.0557575665388 0.0714758217413 0.0666729037787 0.0555070340427 0.0570757262358 0.0628936845064 0.0719080380652 0.0713583859298 0.078925276195 0.0792695621181 0.0549773011117 0.064667018084 0.053213767019 0.0648386520096 0.0779374269326 0.0792174313416 0.0788663960152 0.0789491811975 0.0721688669469 0.0595875071995 0.0663276088273 0.0543131949447 0.0543120852264 0.0621338783873 0.0618862064632 0.05611883961 0.0594974128947 0.086694282202 0.0624130397898 0.0878068997334 0.0528561213021 0.0878340564732 0.0578733642675 0.0623601652488 0.0531859850708 0.0630265807219 0.0538162623836 0.0537310101696 0.0655486024799 0.0703977856087 0.0537314447403 0.071914356569 0.0648381137771 0.0548641334943 0.0533893942485 0.0531435799534 0.0537475825778 0.0534712631043 0.0698406669226 0.0640023051245 0.0632811563183 0.0683115821779 0.0621622237964 0.0559219181506 0.0594772629631 0.0537494372432 0.0586838733044 0.061894740466 0.0588947977293 0.053827942978 0.0561409454685 0.0528811649124 0.0529703618399 0.052972552955</DataArray>
        <DataArray type="Float64" Name="NodalVonMises" format="ascii">5.05280317098 5.05855415789 5.06591665353 5.06617732695 30.7982610165 30.9078583703 30.7687291142 30.7917834731 5.09755763874 5.07984607389 5.0461103741 5.0412574827 5.07960576403 5.09080060574 5.06135405083 5.06081771819 5.08330004549 5.05540846355 5.01878237541 5.02350377803 5.02327411595 5.04040388834 5.0576658392 5.02402254614 5.05916049713 5.03104567997 5.04453689698 5.07301470868 5.07262417003 5.0232831295 5.05876991797 5.08509445666 5.06173224768 5.05959565032 5.08849188072 5.08997207409 5.06303031798 5.0665556595 5.00360309309 5.02574103955 5.02265838839 5.0387752532 5.0602355443 5.01690726028 5.05440756197 5.03419566744 5.03999722206 5.052056278 16.7777733209 10.1247820369 6.99299116188 22.9303831687 12.9054954007 8.42608200159 5.93647805896 30.8343195103 30.3603963804 30.3901046157 29.9171933913 29.967281796 29.7493034778 29.9077227563 16.2052251119 10.1886059885 6.9450571203 22.6984523067 12.9354183505 8.47579862445 5.95516591025 16.5198806493 10.0745502703 6.93129502861 22.8182068938 12.8641571892 8.47440145096 5.94394914341 30.9599699862 16.4632386131 10.1084071254 6.95952133334 22.7651639138 12.9488972654 8.40004693273 5.93138611651 31.0208219327 31.1748514389 31.0716395157 30.053652351 29.9565175769 29.6150450727 29.9285035709 30.9691933053 5.04599158632 5.07213559933 5.0595170811 5.04780514948 5.06079638478 5.05789009545 5.10800448074 5.05962234089 5.0509565647 5.06734824461 5.07401672104 5.06615813013 5.11676915441 5.06124924297 5.06556846991 5.05866964859 5.04607782524 5.11824409402 5.03814825921 5.06351921542 5.06821807787 5.02540910421 5.0642438424 5.04032830865 5.04876639607 5.04404759127 5.0443914648 5.06887775178 5.02379670744 5.05243112674 5.05054068093 5.06292325111 5.07598150498 5.05371639628 5.04219201549 5.06153187508 5.08369653809 5.07630712451 5.07681198791 5.07950990202 5.06826208856 5.04116370664 5.05597081323 5.03730068515 5.0387768481 5.07047089523 5.07840576346 5.08170266001 5.07272148959 5.05207086279 5.07431150362 5.07712592341 5.0400730338 5.05448932919 5.05968009677 5.07201652357 5.07476717089 5.05219583237 5.07393849156 18.487921934 6.75452299927 6.7256674548 12.4727865726 6.51006579317 17.0385853581 12.3218730075 11.7891296845 6.4268632009 10.3567712583 6.91514462464 9.9380317312 8.09728017712 8.12998074001 6.80278916804 9.50627651043 18.795673283 17.1571455054 8.6249886013 6.16338956065 6.17722313079 11.5218494793 8.46482654464 6.24793066345 9.14869105615 5.94098555256 5.62217182501 5.6476746862 6.58180352578 16.708984327 22.9688151452 23.4195004764 23.9588730852 24.0036484081 17.2124902972 5.91190081364 5.93204711017 6.88787478832 5.84683063646 5.85648128763 6.79021904734 5.88254652794 5.89058444405 6.74493547357 5.75019370056 5.73596647666 6.65560742002 5.59815272951 5.5954355942 6.31959495274 5.85291307329 5.87049471494 6.44618693105 5.57948756433 5.59008762297 6.44224563278 5.72643927101 5.72726124621 6.2880599633 6.29035430475 11.0783893158 14.1924377894 14.4099468916 7.93874471177 9.60297849598 10.6820188777 7.98149080252 24.2060805676 23.9500867383 17.3061828775 23.2434296385 23.2386379102 17.577969948 17.5457755105 14.184748964 11.2372779121 15.3810953985 9.30340337046 7.68110979704 10.4320971611 7.37075045624 14.8205173735 14.1984333973 14.0281558429 10.8716714877 13.3291618744 8.9898376043 7.40695500794 8.2580077776 7.38318368225 8.92645855782 7.15197557915 7.09765779286 8.45078954053 8.45825064446 9.89754928464 8.03772228119 8.11211290195 14.8606593545 11.7293262352 9.90355918383 7.26526489949 8.16271829425 7.46879299461 7.6040471498 10.682466276 13.2307714027 10.6884868567 14.027916584 12.7855107167 10.7561433716 9.27117412936 9.31638437376 10.1012348462 9.89305637405 7.45765137106 8.25604555697 7.19762142678 9.81338456617 5.90300382425 12.7377568233 8.33610777762 22.3532101426 5.46263419417 5.46259338762 6.42307409513 6.40991726678 26.1907484159 26.1378670173 19.3560387386 19.5807234624 11.3921215283 14.3137270881 16.4215113385 14.3170028344 7.60481269974 9.28248742418 10.1502559164 11.3413214037 9.25411721923 6.93258083258 7.61079626656 18.2447528665 6.77324172786 6.73844009997 12.5917098253 6.46811289348 17.2129368449 12.3014740461 11.7029182231 6.45386396882 10.3589376382 6.93943218569 10.0434407409 8.16916358536 8.05125782557 6.83212223513 9.53746589756 18.3298748974 17.4176049997 8.61374393571 6.13386720613 6.18128234959 11.5477310724 8.4895031149 6.27986389811 9.227147868 5.63609279269 5.63091162022 6.58600890016 5.93084743198 17.2766546216 23.8458918676 24.0109982399 22.9647664588 16.7126779133 23.4280162971 5.94680173083 5.91105451441 6.89578057632 5.85138304681 5.86906859723 6.77145262951 5.87690200469 5.89593326862 6.74226185117 5.74077556382 5.73768774319 6.63725105146 5.60164739628 5.59291545534 6.32659401938 5.87030325133 5.87332283128 6.4478049533 5.58421133627 5.58111537721 6.45079286647 5.73116786717 5.71482535556 6.28497087067 6.30997706881 11.2324492149 14.2471441276 15.2287851311 7.68293699835 9.28139551874 10.451692784 7.37156398421 14.1036515432 11.0685953249 14.5534595474 9.61322467398 7.95497364951 10.6954404719 7.96605490663 24.014159576 24.0015531294 17.3498872873 23.2510376865 23.2833123207 17.520357785 17.4451279633 14.1910860244 14.7796626433 10.7570954613 14.0610121894 13.4492304417 8.26738604 7.39823104601 8.9944042251 8.96749724726 7.36002902408 7.14555054453 7.0711910007 8.4673997524 8.45894534202 8.01946141995 9.87397966782 8.15824374632 11.8284174712 14.7470828951 9.90871003798 7.25954071727 7.45114822761 8.22891072285 7.63748037858 13.1665968063 10.7304975479 14.105318812 10.6902340456 10.7818975217 12.8252314068 9.29401970915 10.0546976783 9.35759609922 9.91247630847 7.19606223531 8.27766990583 7.44462248808 9.74404190576 5.9826722494 12.6656154582 8.38797268833 22.4724058947 5.47976924851 5.48994606033 6.49198007676 6.47156262992 26.1614238402 26.1973702678 19.8152556623 19.5699423669 14.3144268591 11.3322551492 16.6347473745 14.3891573176 9.18945542956 7.68623618785 10.0932006016 11.3592745769 9.16023899609 7.03276371922 7.67009553306 30.4871421327 30.3931612078 30.3864917425 30.1815935892 30.6066210773 30.667454197 29.947345574 30.6709410736 30.6929660253 30.037369759 30.3101723508 30.140831542 30.0919603292 30.4358284787 30.7064393079 30.4338321852 30.362116416 30.3526980439 30.6570448624 30.5562614794 30.4985354562 30.6945488649 30.54349201 8.71448259567 9.18752607015 8.70589111493 7.56151533272 7.94936992713 25.9375744209 19.3093503769 23.2067283875 19.2043277896 23.2744878146 5.73313375668 5.723467674 5.73043312212 6.49275409583 7.56426134136 6.93540020369 23.209619826 5.84904743834 5.85490887446 23.0025223338 12.6208091539 11.280695282 12.5228565176 12.6272117611 5.87985162857 5.87835918959 5.87557821562 6.82152075464 14.2919574442 5.87217108513 5.86100883855 23.0449509934 6.76543051203 22.9965903373 8.4160128094 7.21986262312 7.21054077374 6.26196394909 7.34223816667 6.92028274461 6.37906657517 6.35554316954 23.9724860266 5.73185572293 5.73015028798 24.1043269357 17.1322794123 11.8340914331 10.4226977103 19.9034291455 20.0210994333 6.44740936631 6.31411183713 5.62106740894 12.363777042 12.4179799026 12.3045408037 14.1900582051 8.41126917938 23.930296878 23.8511846611 5.61936890826 17.2336705614 25.9970126728 5.64652928593 6.45151912842 5.59431969851 6.17704075062 5.64340137697 7.38378677158 8.22737641923 5.58205634737 6.45774706506 6.14912760641 23.1475404013 22.8856255311 5.9011432246 5.90020712434 7.14379489295 8.97749475045 8.08685442039 5.58498823363 5.58770777565 7.44457910795 8.23047282221 8.47678007709 8.6157532608 7.46378036222 7.19541613127 5.56849187688 7.06710275282 5.57842111788 10.6430910946 10.7804606059 9.29225081112 9.96346575349 5.89365279016 7.41006113777 8.14474078973 9.00567869805 16.820358596 15.1995060916 13.1552086926 10.7360346196 6.66172395217 14.1976416564 11.7528835673 6.60189303921 7.26290338836 10.0518619576 14.6819127415 14.0537466795 17.7061471034 18.5678460041 6.32796882701 10.7839444791 5.63536634501 10.7487222496 17.3940133227 18.4334754447 17.4981929138 17.6970478205 14.7175209423 8.27521260897 11.5366482202 6.07287761137 6.06767498837 9.73637442522 9.32470088758 6.73616524645 8.44618025864 23.0042800875 9.85095753217 23.7372136025 5.46129689505 23.6848974544 7.61985587956 9.64285252847 5.59925467071 9.91938866902 5.91755777055 5.85283103763 10.851986125 14.004964421 5.84854718469 14.6588751045 10.6992742185 6.28868783357 5.72593323005 5.57673888838 5.83719000231 5.73801107605 13.2821125255 10.3722660829 9.95296714973 12.7442235684 9.52274271671 6.74109109212 8.43594429777 5.85240162961 8.02746156537 9.30300307319 8.10624114614 5.9239406175 6.79932307225 5.50023053078 5.47181468551 5.47671225308</DataArray>
        <DataArray type="Float64" Name="NodalStressTrace" format="ascii">7.42208460585 7.41017063503 7.4188258339 7.4225395515 6.77350353854 7.38395002846 7.61995889668 7.07798585243 7.3911553168 7.447169627 7.43944446679 7.42000798175 7.4129891406 7.42097911177 7.41879846296 7.42367468302 7.42407028061 7.41527429722 7.55696087061 7.51597141562 7.52119718541 7.48209858117 7.43259894408 7.4603923683 7.44871319675 7.48232841364 7.44868718108 7.47354458724 7.42719277032 7.42938467848 7.44594787999 7.43408746452 7.43012674347 7.42905241803 7.42121651097 7.44311657436 7.414561091 7.42470091072 7.55499644752 7.59081649052 7.48344149567 7.47903813402 7.45011151209 7.50767439185 7.45225562858 7.46147046987 7.44094879942 7.39463273108 7.83508201033 7.54339736092 7.51315704334 7.95321284959 7.99851979225 7.61796178819 7.39956033204 7.99413410255 8.29466182433 7.77871073319 7.82963836718 8.490273989 8.64339121424 8.9138417926 7.72565763628 7.43950833416 7.47437042538 7.87970525499 7.872251231 7.59174148032 7.52841171535 7.62749393189 7.50566191377 7.4488727653 8.03206781862 7.75902321739 7.60366748606 7.52179987217 8.92831072562 7.72909739334 7.49116251894 7.46506924378 7.99407827361 7.81854905362 7.62579397327 7.37593651814 7.18990700581 8.45900469592 7.4916313749 8.01538521592 8.12217787777 9.21567215026 8.31869041836 9.22246911633 7.46345247744 7.44698190133 7.40175181153 7.4714595313 7.43454517423 7.49249156038 7.47222797987 7.46099057518 7.49591961796 7.44717072979 7.43112625925 7.43319191331 7.40992644457 7.4175538374 7.4293688664 7.47924173794 7.47769927721 7.4115713709 7.52597009748 7.51418775764 7.42039461877 7.53968075151 7.50723581178 7.49484542624 7.52785179378 7.40335363962 7.51395248679 7.51817988774 7.49465365739 7.47411136246 7.46163754903 7.54643358968 7.46753961551 7.46981570613 7.47595970551 7.41900823289 7.48348998231 7.43760229238 7.44522335683 7.46974326545 7.43103735112 7.46482047848 7.46815664119 7.46699553905 7.48853315409 7.41158061716 7.45716748734 7.46399740678 7.43579524452 7.46807314327 7.41767390963 7.45729266156 7.5091288948 7.38480294199 7.49963521368 7.41777333178 7.46028612998 7.37642514033 7.45058940444 7.37314114595 7.40843169104 7.38790168985 7.37835374068 7.41799339726 7.11308888292 7.16517335694 7.34383033812 7.39120142789 7.40710061694 7.41011822431 7.47150295588 7.44311160368 7.44819120917 7.41630887621 7.48491883346 7.21860648565 7.30986323612 7.43455783002 7.46291223075 7.43742186381 7.36741726195 7.44613394759 7.42327567758 7.40583347036 7.35206471755 7.35815891019 7.41402543817 7.42881229191 7.42008882702 6.25321944605 7.64564970656 7.12789599742 6.5232703968 7.41475080041 7.3515028719 7.38900581468 7.51184893097 7.37360435046 7.36305463957 7.55151450945 7.39988090687 7.3618019545 7.577944945 7.41779416957 7.36903968553 7.53303748495 7.38117830135 7.39019166655 7.44334232567 7.41024225666 7.42749282694 7.40833826513 7.38831989466 7.39106010027 7.41014365549 7.3540395307 7.41182161795 7.46613294285 7.54210549326 7.17793037677 7.0906188541 7.54824105877 7.22854823729 7.358104108 7.57137041351 7.41894192353 5.45133165375 6.99211489711 8.26457088097 7.19207471129 6.78522900093 8.47539737513 8.25633513503 7.10330434225 7.28180625737 7.34673782226 7.33955107406 7.31225596004 7.72654596596 7.49874135003 7.2068028556 6.78167248433 7.29261283508 7.93544642262 6.95892266807 7.1498026917 7.36364335953 7.60067455304 7.34078221322 7.25816350134 7.51562800182 7.59835067911 7.38492717376 7.35105589851 7.64262219124 7.30805018402 7.29764700525 7.64426834129 7.81311767525 7.15390630958 7.27255795676 7.6871794312 7.50495484725 7.24208182127 7.48680340496 7.65367805106 7.29257158173 6.98108990842 7.56339491073 7.17520833913 7.69314204091 7.35914889063 7.54909310137 7.48262208881 7.39820385752 7.48560854257 7.25282545373 7.68212066757 7.4384192865 7.66526019715 7.39912160851 7.36585354451 7.42385215997 7.42623048838 7.55069290518 7.55633111308 7.37642894483 7.40303938207 8.22159298633 8.36177188834 7.70346253777 7.73413679148 7.51271751555 7.70993000957 7.32979240791 7.66856729737 7.39424612475 7.68799136292 7.64994938747 7.53450121007 7.33783581222 6.85685177453 7.40802811973 7.38173320972 7.28881769461 7.41281147772 7.09628726096 7.31354393103 7.39277721002 7.42248751256 7.40069048185 7.40657288419 7.38638967609 7.40885237851 7.4229779033 7.41194690196 7.53622729072 7.08417923208 7.30105889435 7.41446598761 7.40945176907 7.42579002012 7.45931531234 7.40785053959 7.4034220898 7.30156982388 7.39998488451 7.36092117822 7.39652246789 7.34046520111 7.55992135658 6.71628720111 6.60993997833 6.37750869695 7.38857721076 7.54940640793 7.42843804685 7.35011872993 7.52707588323 7.35686916102 7.36640356796 7.62835792734 7.38228764067 7.40389711312 7.6011649906 7.36440762204 7.40144015015 7.48032499678 7.39443432316 7.39036424699 7.47756470267 7.41852972657 7.38760116365 7.41054846781 7.38216547799 7.39050098619 7.40774091733 7.39785294883 7.36515713873 7.45788712039 7.52933289459 7.27350686315 7.15494743626 7.47774568362 7.32091477884 7.33120983127 7.61611446425 7.50354895342 7.1083090374 7.27376036129 7.62457495996 7.31811767054 7.23094682284 7.5487170898 7.46619573542 6.83556354776 5.39318296244 8.79146270381 6.2940905036 6.53902343409 8.46462834453 8.16392629847 6.8986217617 7.07730897839 7.89396020906 7.383721975 6.77338019757 7.6588690908 7.37351686607 7.17821064817 7.24443829375 7.36041490154 7.51112658929 7.53603731669 7.35541328541 7.42364754219 7.1842368434 7.66254730106 7.36151730724 7.68080492909 7.50413586565 7.26823567887 7.35711733535 7.48906616037 7.5909802477 7.26968937702 7.7213338828 7.59701927702 6.99464117617 7.35398418972 7.31052797969 7.44639716063 7.63634438222 7.37272866334 7.25150490737 7.53584694935 7.31654916635 7.47168535712 7.38782294789 7.68034758256 7.41477468404 7.4469382753 7.41984594933 7.30344952549 7.46902645768 7.4839457894 7.47056539569 7.41121884563 7.31020712763 7.37600849901 8.24420900233 8.45316436428 8.07472572786 7.27052212332 7.84154683046 7.79151448282 7.84139837652 7.47750153602 7.64540343608 7.31319286 7.77560246279 7.60075664097 7.43899165989 7.77480044526 8.07504346248 8.51795863749 7.29961602892 7.50041892533 7.5618351356 9.49847412231 7.70963803337 7.60993932675 9.42682225408 8.69542646602 9.10300687647 10.582167384 6.92359714152 8.4141097257 6.25508699542 8.47482962583 8.83877064944 7.48660437823 8.92357425862 10.0307435038 7.24321771281 8.5134323068 7.27498951233 7.36787384597 7.19934529875 7.39265728284 7.41518995802 6.68384103332 7.20245842618 7.22226888469 7.27155054154 7.19420708371 7.40036918463 7.36666924259 7.39342507363 7.42314479468 7.35364715725 7.37739394683 7.03391286827 7.40562024811 7.37131696607 6.51893947306 7.29947583473 7.32012073359 7.35981583367 7.31260546082 7.37070661463 7.35917117235 7.37102897319 7.45089764623 7.02658965319 7.42703460755 7.44474245096 6.96081848336 7.41414515588 6.94514011102 7.41434736614 7.32564683595 7.32613471466 7.41379254231 7.40037612359 7.43556130825 7.40059430028 7.41442729321 6.98190906336 7.39596820432 7.40793437362 7.10492239267 7.24217277207 7.67960664734 7.65892812861 7.29401573028 7.26263049031 7.41682094616 7.50171478799 7.39072429897 7.50351974406 7.38011304004 7.2732020034 7.05710791251 7.4155526967 6.54088181798 6.70857459675 7.39488372291 7.21976597701 6.61994269014 7.41239787814 7.41523445865 7.37136242434 7.42963185094 7.40778577163 7.35080263817 7.59499752482 7.38862588166 7.35593897327 7.44998514285 7.35117408372 7.09142203094 7.38720650671 7.34305350221 7.53208461372 7.24282465111 7.42820233516 7.42275190613 7.4140524894 7.48178227441 7.59545134274 7.41350983011 7.44899758682 7.44975313983 7.31676814302 7.404427686 7.50598135828 7.43954948508 7.37361236434 7.26534485158 7.30533553117 7.37728723812 7.43466287404 7.34772689129 7.40114607871 7.2427414219 7.21385939506 7.35031053136 7.63490628236 7.55569843772 7.47967416723 6.94140239757 7.38103460185 7.45753055622 7.34505124558 7.3874159808 7.71195785722 7.12759071738 8.04935525518 7.18779487561 7.44976544647 7.28977199565 7.41720972515 7.43676626879 7.40379196264 7.25259834293 8.0515633764 8.1647546423 7.19670071737 7.46248288658 7.29585858925 7.38777429659 7.38944078445 7.65466997598 7.29176987485 7.55190083639 7.3635142167 7.12374951435 7.51282868505 6.95403330225 7.37650611925 6.8471443651 7.28743817623 7.41554857775 7.39069659547 7.1749194603 7.32284941792 7.33667719091 7.89977219537 7.39561528912 7.36717711379 7.50665947507 7.39216229822 7.4448051572 7.40788842389 7.39593574531 7.38658841105 7.41412726016 7.03142312458 7.40107325164 7.65677743402 7.5270510567 7.43965709329 7.41217679208 7.33419471849 7.36937850995 7.2984179529 7.62190208746 7.39838871648 7.45985580423 7.55935176128 7.51402326071 7.36013211395 7.37688971297</DataArray>
        <DataArray type="Float64" Name="NodalPrincipalStress" NumberOfComponents="3" format="ascii">0.00502428833153 1.72403980075 5.69302051676 0.0041820874301 1.71071635127 5.69527219633 0.00175271362555 1.71496386251 5.70210925777 0.0019777677662 1.71742067737 5.70314110637 -15.1740375537 1.58025183083 20.3672892614 -15.0037551357 1.72564091255 20.6620642516 -14.8399499202 1.79491777948 20.6649910374 -15.0796912399 1.70155749284 20.4561195994 -0.0238539430666 1.70239773678 5.71261152309 0.00889315011406 1.71591173265 5.72236474423 0.0248375707354 1.71544163982 5.69916525624 0.0185193718028 1.71284391061 5.68864469934 -0.0062693606248 1.71010412168 5.70915437954 -0.00890977917389 1.71085496726 5.71903392369 0.00678169804594 1.71160795456 5.70040881035 0.00864303635819 1.71335125094 5.70168039571 -0.00373018197435 1.71231889656 5.71548156602 0.00401341102779 1.71774496977 5.69351591642 0.0942135885798 1.73477292273 5.7279743593 0.0675265638696 1.73557417638 5.71287067537 0.0782272925201 1.72482469234 5.71814520056 0.0512641585025 1.71711345039 5.71372097228 0.0123828247911 1.71788887588 5.70232724341 0.0464599121156 1.72021879785 5.69371365834 0.0259435219658 1.71033284354 5.71243683124 0.0506094857126 1.72610543973 5.7056134882 0.0304133267378 1.7162876122 5.70198624215 0.0217517994649 1.7246641853 5.72712860247 0.00513832385341 1.71127280634 5.71078164013 0.0313785135013 1.71729135512 5.68071480986 0.0204327224698 1.71629649137 5.70921866616 -0.000899177261848 1.71486008559 5.72012655619 0.0111488603226 1.71421534547 5.70476253768 0.0108054848395 1.71565024075 5.70259669243 -0.00839010450326 1.71226257349 5.71734404199 -0.000569295195322 1.71756613073 5.72611973883 0.00483186863185 1.70954346141 5.70018576096 0.00365285527638 1.71645513154 5.70459292391 0.0999439885363 1.7378285139 5.71722394509 0.107438911664 1.7375014377 5.74587614116 0.0549988135543 1.72783536139 5.70060732072 0.0438875884492 1.72648889844 5.70866164713 0.0229592211855 1.7147989791 5.7123533118 0.0730780881707 1.72656808594 5.70802821774 0.0241792466333 1.71971484931 5.70836153264 0.0413256793254 1.71981080842 5.70033398213 0.0287669552915 1.71621149174 5.6959703524 0.00219694766897 1.70645392739 5.68598185603 -6.63397898226 1.78412836736 12.6849326252 -2.89999529634 1.73152520175 8.71186745551 -1.0916154161 1.73290863484 6.87186382461 -10.1412852356 1.79920046576 16.2952976195 -4.31194667014 1.79671832932 10.5137481331 -1.88428545569 1.75277939721 7.74946784668 -0.520056616688 1.71091389328 6.20870305545 -14.7060569194 1.83344272731 20.8667482946 -14.3198442776 1.91223497812 20.7022711238 -14.5243667618 1.76860370715 20.5344737878 -14.2311149932 1.77662971207 20.2841236483 -13.9802450962 1.88617217094 20.5843469143 -13.8269719633 1.98118215166 20.4891810259 -13.761458795 1.94782240371 20.7274781839 -6.36496231075 1.79299247826 12.2976274688 -2.98607890693 1.72103123728 8.70455600381 -1.07476168941 1.71741008576 6.83172202902 -10.0542291202 1.815887359 16.1180470161 -4.39792308942 1.79993076232 10.4702435581 -1.9206989012 1.74192570385 7.77051467768 -0.471347032801 1.72889313919 6.27086560896 -6.5701500186 1.74360367502 12.4540402755 -2.89059635529 1.73085112088 8.66540714819 -1.07879796998 1.71450665626 6.81316407903 -10.0363537873 1.80039825226 16.2680233537 -4.4119277527 1.79241653473 10.3785344354 -1.91610873069 1.74622222572 7.77355399103 -0.469988937838 1.73120771677 6.26058109324 -14.423181014 2.06038043973 21.2911112999 -6.51291309636 1.79398723352 12.4480232562 -2.9130350634 1.72271155696 8.68148602538 -1.09335315825 1.72511022977 6.83331217226 -10.0398507493 1.82691397527 16.2070150476 -4.4433759628 1.81597674963 10.4459482668 -1.87176944417 1.76387015759 7.73369325984 -0.528001441921 1.70762748184 6.19631047823 -15.1134849608 1.62564947418 20.6777424924 -14.7350508287 1.96489382258 21.229161702 -15.0418901768 1.72383614301 20.8096854086 -14.2367649638 1.81750620506 20.4346439747 -14.1719324356 1.90328585632 20.3908244571 -13.4585123017 1.9877804729 20.686403979 -14.050166755 1.8941016471 20.4747555263 -14.3141928001 2.12826027416 21.4084016422 0.0329660973864 1.72335561321 5.70713076685 0.0114398801442 1.71863253397 5.71690948722 0.000533214857578 1.70829763504 5.69292096164 0.0339276635186 1.72692628925 5.71060557854 0.0130311461223 1.71589349784 5.70562053027 0.0366535335711 1.73152345986 5.72431456695 0.00474628441442 1.71828150547 5.74920018998 0.0230638108016 1.72396216743 5.71396459695 0.0440672001611 1.72960621758 5.72224620022 0.0123846043141 1.7214866093 5.71329951618 0.00695990944779 1.71061765205 5.71354869776 0.00855276605091 1.7166610286 5.70797811866 -0.028407863587 1.70778222278 5.73055208537 0.0058820594422 1.7119667353 5.69970504266 0.00806317897767 1.71475707819 5.70654860923 0.0318158639559 1.72704802627 5.72037784771 0.0396484314616 1.72528073219 5.71277011356 -0.029725938081 1.70975228763 5.73154502135 0.0615067425586 1.7398545597 5.72460879522 0.041985167355 1.73670890817 5.73549368212 0.00308434855085 1.71239321703 5.70491705319 0.0788372205854 1.73705410972 5.7237894212 0.0384726719901 1.7354811033 5.73328203649 0.0481976391952 1.73181272302 5.71483506402 0.0583843054583 1.73686409219 5.73260339613 0.0104577807372 1.70850096666 5.68439489223 0.0546082285631 1.73469640294 5.72464785528 0.0439049776656 1.73268561158 5.74158929849 0.0580394144009 1.73160565737 5.70500858561 0.0324045245085 1.72733194656 5.71437489139 0.0302523659016 1.72191383886 5.70947134427 0.0583952498997 1.73991836312 5.74811997666 0.0179707910732 1.72269262283 5.72687620161 0.0319485429212 1.72342507108 5.71444209213 0.039325313778 1.72761351597 5.70902087576 0.00645067108148 1.71209990867 5.70045765313 0.0181607924862 1.7287997984 5.73652939143 0.0041345295232 1.71794282605 5.7155249368 0.00824975582021 1.71780688078 5.71916672023 0.0176993785211 1.7218816469 5.73016224003 0.00734260093494 1.71485821103 5.70883653916 0.0358564037249 1.72441980366 5.7045442711 0.0289956098092 1.7243854368 5.71477559459 0.0389180979749 1.72507976694 5.70299767414 0.0477122718595 1.72871757905 5.71210330318 -0.00184909821476 1.71036774407 5.7030619713 0.0115976588862 1.7213454541 5.72422437435 0.0136807138356 1.7211116113 5.72920508164 0.00688500853457 1.71558672364 5.71332351234 0.0318824258286 1.7235009042 5.71268981323 -0.00166109604826 1.71178229236 5.70755271332 0.0104659639019 1.72414442998 5.72268226768 0.0548004638182 1.73417178373 5.72015664726 -0.00368212003594 1.70484270456 5.68364235746 0.0397152438344 1.73142597435 5.72849399549 -0.000257920304053 1.71180233905 5.70622891304 0.0135149857116 1.72420905908 5.7225620852 -0.00503668937758 1.70193459016 5.67952723954 0.0119023307557 1.7193662333 5.71932084038 -7.81089328506 1.69071015136 13.4933242796 -0.993872203455 1.70889255567 6.69341133882 -0.984898928775 1.70366598819 6.66913463044 -4.33295576546 1.7021998079 10.0091096982 -0.847830121897 1.71268503143 6.55313848773 -7.06839877904 1.61942459679 12.5620630652 -4.33895636994 1.66984155269 9.8342881742 -3.9498755122 1.69386378713 9.59984206319 -0.811895940754 1.70974155863 6.49335581002 -3.0935443541 1.70838011118 8.79226485985 -1.08943804646 1.71267426628 6.78688200449 -2.82950109586 1.73132027037 8.56968378137 -1.76877555337 1.72345263289 7.48843452416 -1.78129194303 1.71745993441 7.51202321779 -1.02012310741 1.71241418187 6.72401780174 -2.57067231903 1.72977083602 8.32582031647 -8.05671377143 1.66782833269 13.6074919244 -7.08698450125 1.71325603059 12.6835917068 -2.07933151894 1.72086036135 7.79302898761 -0.622396681352 1.71711917779 6.36818973432 -0.645503006869 1.71837620907 6.3645486616 -3.78533280436 1.69941021606 9.45333985025 -1.96921896841 1.70376353205 7.71158938396 -0.692394608625 1.7146735177 6.40099676851 -2.39440846062 1.71242818726 8.08781374372 -0.538375675261 1.69483730371 6.1956030891 -0.350925834852 1.70025689884 6.00882784621 -0.342512734545 1.71176805707 6.04477011565 -0.883861363879 1.71255254202 6.60012111376 -6.76588376419 1.70417605889 12.4817965323 -10.8639413412 1.48030557158 15.6368552156 -10.576603962 1.78884249467 16.4334111739 -11.0659463771 1.62581753388 16.5680248407 -11.3477002578 1.52479489342 16.3461757612 -7.06394423451 1.71111497511 12.7675800598 -0.520789513551 1.69367674597 6.17861563948 -0.520617197683 1.70687783755 6.20274517481 -1.03225222296 1.73519853353 6.8089026204 -0.475617622624 1.70174589136 6.14747608173 -0.484259335613 1.69740135001 6.14991262518 -0.957162777195 1.74123206291 6.76744522374 -0.489012475079 1.71219887898 6.17669450297 -0.506078910934 1.69897777607 6.16890308937 -0.921498645776 1.74955605261 6.74988753817 -0.399644726955 1.71002879397 6.10741010256 -0.411827094918 1.70017559735 6.08069118309 -0.884383332599 1.73501536445 6.6824054531 -0.325598218599 1.70278234084 6.0039941791 -0.322606623418 1.70816217075 6.00463611922 -0.728026244867 1.72168971375 6.44967885678 -0.466203940611 1.71279411214 6.16365208513 -0.46596981019 1.71135131076 6.18211132636 -0.813988312352 1.71005035306 6.51227622442 -0.310738369486 1.70300416615 5.996054098 -0.314069844304 1.70097710976 6.00415283481 -0.805965909843 1.70285937597 6.51325018936 -0.414539329318 1.7000925204 6.06848633962 -0.3918212718 1.71350761634 6.09013527341 -0.696847579011 1.72160796598 6.44137255587 -0.670803832291 1.74383299999 6.46907632556 -3.59756544143 1.64636764359 9.12912817461 -5.43646441154 1.62577582452 10.9013074411 -5.4023427491 1.76472435133 11.1858594565 -1.75894744264 1.66960030548 7.31789537445 -2.67818484641 1.70242229948 8.33386665493 -3.2272537379 1.76211290081 9.0365112506 -1.70641107374 1.71064131292 7.41471168435 -11.8635658822 1.24558787358 16.0693096624 -11.1192927097 1.60489337359 16.5065142332 -6.7890482636 1.91262610223 13.1409930423 -10.6581193535 1.6967306674 16.1534633974 -10.8110614383 1.59833774215 15.9979526971 -6.82736988534 1.89669184263 13.4060754178 -6.91742458467 1.88671909804 13.2870406217 -5.44108157343 1.65319400907 10.8911919066 -3.65984843998 1.6889800421 9.25267465525 -6.02831552758 1.69152210551 11.6835312443 -2.51596834646 1.70575717741 8.14976224312 -1.57233050596 1.68405083267 7.20053563333 -3.00883816571 1.77778094791 8.95760318376 -1.31997473487 1.73212726412 7.08658882078 -5.75515021285 1.65345581261 11.3084972558 -5.55991949575 1.55257065514 10.7890213249 -5.26985233381 1.68574720329 10.8767179656 -3.18331474421 1.82858284885 9.29017831798 -4.99829529238 1.61314282591 10.3440751345 -2.40614790149 1.65804530208 7.89790529111 -1.39628117342 1.70302739556 7.05689713738 -1.79558541237 1.75272266966 7.64353729575 -1.39549224382 1.70409580281 7.03217865423 -2.32136507524 1.67457612903 7.90495244756 -1.18729753225 1.73912994996 6.96379558412 -1.11918800534 1.75308988802 6.96444879642 -1.99465140781 1.70460083282 7.67497774875 -2.01208522576 1.6962213772 7.66691974707 -2.73545349264 1.76542082364 8.61265486024 -1.78221447264 1.68333452276 7.4069301339 -1.83256539043 1.68551677279 7.44469562289 -5.61221260553 1.76307555453 11.4934053923 -3.72615124591 1.79481616395 9.74445275721 -2.93536919965 1.65839263548 8.43088287375 -1.35300760273 1.68708637963 6.93847917986 -1.70177195566 1.76669776132 7.62225362554 -1.37249083815 1.72993114923 7.14751453617 -1.55369368433 1.66536438811 7.13041111749 -3.26229890438 1.74518448691 9.00391782243 -4.65374527102 1.74719492814 10.5602283939 -3.33231380628 1.68332586889 8.94155951911 -5.387737044 1.6066657234 10.762161229 -4.44679959711 1.7535491954 10.2566453124 -3.42724333163 1.67227384764 8.93017782312 -2.34713783996 1.7706508244 8.26962905647 -2.50204309112 1.68762015449 8.17357182726 -2.87841369333 1.72323799353 8.70426880117 -2.79681337806 1.72974300866 8.54969245821 -1.41733664439 1.71923329412 7.0963072078 -1.83743251747 1.72181523552 7.60122582452 -1.31619899779 1.67443621722 6.89458823431 -2.6671656881 1.76839384273 8.58089251294 -0.482753466255 1.71692004872 6.20425270403 -4.37003616218 1.76143199209 10.2738643672 -1.92410296811 1.71103531373 7.61218926288 -10.0630992773 1.71321222719 15.7157405947 -0.230526030948 1.71569197889 5.93868621203 -0.227417513238 1.71313905062 5.940508951 -0.741485946709 1.7400347493 6.55214410258 -0.73565788488 1.74763206925 6.54435692871 -12.2802052192 1.72178459479 17.9348495693 -12.232070417 1.71424149422 17.9208683048 -8.0086411962 1.93240385774 14.2978303248 -8.05783516288 1.91803834689 14.5015687043 -3.57476261846 1.77111969576 9.50710546047 -5.26369188852 1.78992494986 11.2079037301 -6.56773505771 1.73374650517 12.3467060681 -5.26887249836 1.7734917197 11.2053107882 -1.5229337876 1.69156507329 7.16116112222 -2.3697641145 1.77530094554 8.26303046633 -2.97929017185 1.70635959166 8.66717670493 -3.55971724672 1.78165982639 9.46604878326 -2.35909835664 1.76849619772 8.2405515464 -1.04829676476 1.73873211398 6.84406586085 -1.5253964091 1.6968539367 7.16637828463 -7.86965665783 1.56844684245 13.1580615899 -1.00455977961 1.70820213785 6.70438576149 -0.996195450982 1.70438685803 6.67354180267 -4.43501387981 1.67786313369 10.0459684407 -0.825551990675 1.71184879139 6.52651467701 -7.19251062942 1.6482141779 12.6405837125 -4.25404147884 1.67841841225 9.88916699763 -3.87869732713 1.7020297788 9.56944475835 -0.811114904159 1.71072725646 6.52287516026 -3.09736461148 1.7073928789 8.79066221444 -1.10373370128 1.70982619472 6.80048039075 -2.9210914489 1.70609155939 8.60138956559 -1.81976705504 1.70825378186 7.52036565169 -1.74688440467 1.71385506312 7.45600724485 -1.03846835234 1.71055405947 6.73986119483 -2.56311219295 1.73282691427 8.3665125694 -7.84619964906 1.64885319354 13.2815256876 -7.22674917076 1.68612242198 12.8416856431 -2.07584762825 1.70838393949 7.78192967637 -0.632020852834 1.71306352034 6.32840910156 -0.649993027527 1.71181643192 6.36396661572 -3.76843655174 1.7273466441 9.50040521998 -2.01433074322 1.72001867658 7.70216260623 -0.718763228293 1.70957159784 6.41261372025 -2.47667102899 1.68074005496 8.09750079791 -0.339511125724 1.70582685459 6.03366915564 -0.356380895213 1.70298965403 6.0143124194 -0.901105273311 1.70793474203 6.58969299917 -0.536497204444 1.69129746452 6.18566494104 -7.03674027991 1.73099992705 12.8656617094 -11.2014863777 1.60643908371 16.3113344951 -11.3237093509 1.55465530634 16.3789940229 -10.8301992448 1.54026523308 15.6674427087 -6.78169099441 1.69924147668 12.4710267285 -10.593911968 1.72025655575 16.4230618202 -0.51071142827 1.7118883038 6.22726117132 -0.526680851005 1.70206393279 6.17473564815 -1.02840250564 1.73501047337 6.82046791549 -0.486598613669 1.7002322935 6.14323548119 -0.490892055146 1.69902710367 6.15826851943 -0.91512080858 1.75852625094 6.78495248498 -0.489893637118 1.70385699579 6.168324282 -0.488240134869 1.70264152251 6.18949572548 -0.909591256305 1.75330797111 6.75744827579 -0.41806772771 1.70138556039 6.08108978936 -0.401226300554 1.70975627517 6.09291017554 -0.897828996026 1.7276186358 6.65053535701 -0.321760791696 1.7050280111 6.01116710375 -0.319252905511 1.70555475408 6.00406239843 -0.71514071178 1.72462190415 6.46808351029 -0.472476985654 1.71377040229 6.17723630994 -0.484319953064 1.70310391942 6.16881719729 -0.812238308212 1.70780017118 6.51498660484 -0.319679452791 1.70698131784 5.99486361294 -0.313489622826 1.7074234262 5.99656718281 -0.819775767857 1.71429124802 6.51322543716 -0.395351678671 1.7037813945 6.08942323299 -0.399784566317 1.6975649658 6.06737673925 -0.699377740435 1.72128077337 6.43598408745 -0.683497773187 1.73488365819 6.47794700958 -3.65489288857 1.67782605393 9.25057369779 -5.45270028608 1.65754886801 10.9500988543 -5.89264438166 1.7284554242 11.6419346411 -1.57013548657 1.68634913048 7.20470113493 -2.49281571621 1.68131122633 8.14271432116 -3.06424777577 1.75305394819 8.92730829183 -1.32137211312 1.73771172578 7.08720934077 -5.38831429708 1.64755260595 10.8490707285 -3.5502378546 1.66180334287 9.16219487302 -5.42672176321 1.73180585405 11.3194908691 -2.69665926829 1.68769219293 8.3270847459 -1.77035556746 1.67482093278 7.32648145752 -3.2326423039 1.73784744724 9.04351194646 -1.68078129826 1.72499961321 7.42197742046 -11.2313908016 1.59499333518 16.4719610142 -11.7850458892 1.26449238775 15.9137364639 -6.57700570803 1.98084865302 13.3876197588 -10.9955721699 1.46091173301 15.8287509404 -10.9131876475 1.50607980078 15.9461312808 -6.83218914052 1.95547690787 13.3413405772 -6.89802798928 1.8706773891 13.1912768987 -5.51966221436 1.59701383104 10.821270145 -5.78194077104 1.62282660558 11.2364231438 -3.13900817651 1.829386813 9.20358157256 -5.24586852348 1.69377279689 10.9358177016 -5.13137369407 1.55449728186 10.3502566098 -1.77685541273 1.76443375099 7.67129075253 -1.38508801051 1.70189688119 7.05670799538 -2.39563794035 1.6612214794 7.91262710913 -2.35592861533 1.68008062537 7.92028628371 -1.36529946744 1.69465063936 7.03106372962 -1.17948843897 1.72898064719 6.96163438106 -1.13139987522 1.74308548876 6.92435170314 -2.01535391224 1.69668433623 7.67408286141 -1.986586994 1.71765833553 7.69257620066 -1.82342287429 1.65913419868 7.34852551901 -2.70795159129 1.76021747097 8.61028142138 -1.83488463894 1.7015409827 7.49486096348 -3.84332780113 1.77689138883 9.74724134139 -5.60831113029 1.74307150636 11.3693754896 -2.89117984519 1.68131697497 8.47809854908 -1.30907285299 1.69576135655 6.97042883179 -1.37413391028 1.73511833364 7.12808173702 -1.78924854305 1.76140111699 7.61882767376 -1.57151640534 1.68652091552 7.15468486684 -4.60137591236 1.78257741842 10.5401323767 -3.21765558793 1.72165033367 9.09302453128 -5.42640138372 1.60843040856 10.8126121513 -3.31236317045 1.7029427118 8.96340464837 -3.37111951596 1.67354204279 9.00810545286 -4.50075267632 1.70060632995 10.246543507 -2.3860875724 1.76269802283 8.25973393178 -2.948695477 1.72885001367 8.59257412668 -2.58422100381 1.68874229173 8.14698361945 -2.7839803451 1.73703282561 8.58279446884 -1.29021837601 1.68964726741 6.91712027494 -1.86013282345 1.72596761391 7.60585056665 -1.40309571813 1.69987189246 7.09104677356 -2.62976802304 1.77163067326 8.53848493233 -0.538615546066 1.71081971074 6.24257051936 -4.42450124623 1.72944252506 10.1419969965 -1.94292617505 1.71087414955 7.65189797483 -10.1541237982 1.69481937283 15.7627539508 -0.222564141916 1.72634850144 5.96524209815 -0.220458060859 1.72673107469 5.97767277557 -0.814411015097 1.72210358662 6.56287282417 -0.828939666223 1.71259981686 6.527558695 -12.2963095384 1.72023216246 17.8862845035 -12.2734791432 1.70176074415 17.9477268981 -8.24456816609 1.9000596524 14.588717516 -8.03357958161 1.97071224329 14.5160317026 -5.12060205342 1.85131712714 11.3440106541 -3.71645399697 1.681648548 9.30532757229 -6.56276126188 1.80989859606 12.5944094963 -5.29212633564 1.81581738858 11.2678234299 -2.24104108738 1.80523968698 8.27719977691 -1.51033659895 1.72345311301 7.26438502195 -2.84707899367 1.76434346452 8.72813896523 -3.71662000723 1.69364830085 9.33616456638 -2.2558601824 1.79942208867 8.23204055653 -1.08047991907 1.75402100654 6.9272155535 -1.52010620073 1.72071060108 7.23838725955 -14.5991153701 1.79677298443 20.577142831 -14.4101825502 1.83263925417 20.6525867585 -14.2562938867 1.97537688618 20.798875638 -14.6064213662 1.68846486616 20.217572529 -14.7559501052 1.69879597772 20.5575730528 -14.7952876402 1.76557880942 20.5915439664 -13.6111484152 2.18328918551 20.926333352 -14.7439706822 1.80673688965 20.6468718259 -14.7705609234 1.73719726709 20.6433029831 -13.6747581679 2.13656574562 20.9650146764 -14.1792294671 2.08338485838 20.7912710748 -13.8875160565 2.11149377655 20.8790291565 -13.2595710893 2.40868715125 21.433051322 -14.8814146672 1.56613860214 20.2388732066 -14.4763617973 1.94170563612 20.9487658869 -15.1714041119 1.47298667858 19.9535044288 -14.2542577457 1.95651570412 20.7725716674 -14.1102990916 2.045846949 20.903222792 -14.8074690455 1.72834376964 20.565729654 -14.2106755695 2.09495250928 21.0392973188 -13.7663522402 2.38599554513 21.4111001989 -14.9236389114 1.67192490982 20.4949317144 -14.3645192582 2.00371553204 20.874236033 -2.191482569 1.67872205166 7.78775002967 -2.42999857686 1.70028448285 8.09758793998 -2.21529918977 1.65939911679 7.75524537173 -1.47173183373 1.70455088476 7.15983823181 -1.69013354907 1.71135043998 7.39397306711 -12.3648157193 1.49078057994 17.5578761727 -8.36492110892 1.67178560231 13.8955939328 -10.6139752624 1.68321635368 16.1530277935 -8.26895567737 1.67246288129 13.8680433376 -10.6467844794 1.64452994379 16.1964616193 -0.39825020052 1.70843619795 6.0901831872 -0.405445654734 1.69965687881 6.07245801851 -0.399730762112 1.70724137332 6.08591446243 -0.835082465292 1.71303590389 6.54519135607 -1.49063416786 1.6983482934 7.14593303171 -1.11264918345 1.70247167345 6.78757145682 -10.651162666 1.56975526009 16.1153202742 -0.463420015442 1.70820247999 6.16083778356 -0.481185238833 1.70106311831 6.15143908659 -10.7665219192 1.51661931722 15.768842075 -4.44715346238 1.67919151207 10.067437785 -3.66365628841 1.68706437741 9.29671264459 -4.36971672118 1.69844947217 10.0310830827 -4.44700859567 1.68450310286 10.0751109536 -0.497021512824 1.70228165313 6.16544647432 -0.499656042763 1.69794104076 6.16088617435 -0.49304086422 1.70036085339 6.16370898403 -1.01663966342 1.71942330922 6.74811400043 -5.52324844477 1.61805173277 10.9317863652 -0.469455646631 1.7146971451 6.18179310908 -0.455341220543 1.71815078696 6.18193288454 -10.6086065907 1.59810662301 15.971318451 -0.998471190576 1.71096935529 6.70164699116 -10.5929914513 1.60606080588 15.9320707564 -1.96189084296 1.71008146064 7.66615674846 -1.30029359354 1.69142083098 6.93451959851 -1.29424668683 1.6909239773 6.92945742418 -0.703391218088 1.7108759713 6.40630778911 -1.34013217971 1.70569261564 7.03481568766 -1.08026856073 1.7153378619 6.80049200709 -0.778036128634 1.70874381197 6.46988661694 -0.758692204398 1.71194438075 6.46117511686 -11.1624133482 1.6509212801 16.4934011315 -0.399716003314 1.70808261773 6.0876015899 -0.39207381025 1.70815008943 6.09185809443 -11.1566933393 1.61566448732 16.6459512447 -7.08462060855 1.67114348876 12.6556498919 -3.84621324493 1.77503273258 9.75078715969 -3.03190170726 1.76525462583 8.92557521004 -8.66531573362 1.67915595259 14.2801755113 -8.75517640714 1.68942025491 14.3283866425 -0.811018729552 1.71157314537 6.51626653034 -0.698968496164 1.73147646213 6.46920682203 -0.336305463235 1.70651900227 6.02051075994 -4.22038916688 1.73043632541 9.99347258554 -4.30772763985 1.71478729126 9.97305338863 -4.27712741925 1.67843863895 9.8718907837 -5.45903445218 1.63692884619 10.8792135185 -1.96252385193 1.71660822965 7.66146831898 -11.2799996476 1.49450041171 16.3263810539 -11.1930631334 1.57763160328 16.3240061269 -0.331996342493 1.70507530915 6.02180475625 -7.15181852298 1.66614216598 12.705442334 -12.4330608224 1.49285005605 17.5601534565 -0.341634030219 1.71012361169 6.04390829668 -0.814571863388 1.71196507929 6.51784124274 -0.328597949316 1.70244165888 5.99751871478 -0.647171043584 1.71453162085 6.36227127367 -0.343259072886 1.71143324006 6.03961160445 -1.38436805975 1.6945797495 7.04059094842 -1.7815393926 1.75391396173 7.62262295569 -0.313704112051 1.7053799185 5.99695007521 -0.839472473977 1.69447968553 6.50093176172 -0.622610399739 1.71924643717 6.35334910542 -10.5228005866 1.70005218408 16.1739224862 -10.465686493 1.62764908099 15.9294594429 -0.502842566399 1.7059930611 6.184056012 -0.520176798091 1.69602625938 6.16720404092 -1.17250765057 1.73757609093 6.96701617336 -2.35717945715 1.67113592378 7.92886818448 -1.76499113973 1.71420894196 7.47898453293 -0.301762875249 1.71337964711 6.01113513427 -0.3061117051 1.71025235254 6.00991184197 -1.36712294339 1.72387207849 7.12503313931 -1.77942940139 1.7480579666 7.62682277753 -1.99819948462 1.71082716989 7.70088214484 -2.06503473253 1.7190096179 7.79502270145 -1.39326233574 1.71989661614 7.12311885943 -1.28895499615 1.68844482683 6.91727831234 -0.301406825016 1.71206995362 5.99376455739 -1.13796241706 1.73141269144 6.91253108389 -0.28950490173 1.71489173249 6.01416265433 -3.27263586751 1.69968091628 8.94656731557 -3.40159570506 1.68589282219 8.98104773446 -2.51650783261 1.68713848005 8.13470488373 -2.87734221701 1.70245323557 8.55217621956 -0.478697289014 1.71596634807 6.19739381498 -1.40109550701 1.69408097835 7.05474141995 -1.80952628565 1.70794047634 7.50273188802 -2.37368354609 1.6712365332 7.94518843479 -6.91163434607 1.65780556132 12.4676881798 -5.92368033138 1.69564078233 11.5783500804 -4.63510314962 1.77368040681 10.4963290252 -3.25524010184 1.74251050425 9.0684280353 -0.911719144315 1.7263618819 6.66503142964 -5.50757753049 1.60821163544 10.8407682926 -3.91467343363 1.70313768596 9.59257034953 -0.884928726932 1.72036993534 6.62208934781 -1.31632851436 1.69371487754 6.96766488239 -2.9227308207 1.70122411565 8.60892268585 -5.48075307577 1.77619003307 11.4165208999 -5.3499956868 1.64878105217 10.828805352 -7.10640746071 1.86597831827 13.2897843976 -7.93586882741 1.65867453967 13.4649891634 -0.727174433175 1.71832885335 6.4586110263 -3.38883198757 1.68268396478 8.99592001844 -0.333690530106 1.71208291779 6.03881733747 -3.30873718113 1.71366732529 9.03183612463 -7.17130882957 1.70507913581 12.8700216564 -7.83226491521 1.67343407345 13.4114291847 -6.98106231266 1.85908678197 13.1735389071 -7.05596143414 1.89260521011 13.3281108663 -5.70682684198 1.66387705514 11.2396505042 -1.8602478324 1.72043441469 7.60229630428 -3.82278382606 1.68367524022 9.43496717508 -0.604456757554 1.70742226717 6.28480878697 -0.598276496193 1.70410565752 6.28361162312 -2.63683356087 1.76796996539 8.52353357146 -2.53669384756 1.67732706841 8.151136654 -0.926387642196 1.74295703608 6.7353314425 -2.00026091607 1.69933883293 7.66443629985 -10.5338267354 1.65742529763 16.0001509521 -2.75948465054 1.7351819955 8.53713134009 -11.0056255844 1.58534571626 16.3743131703 -0.245015638414 1.69917139693 5.92235036074 -11.0172869441 1.56129797598 16.3031333332 -1.54754223324 1.68006146195 7.15491894752 -2.67401912113 1.70790757772 8.38166012116 -0.322289494753 1.70479609964 6.00818999059 -2.93040093493 1.65339918627 8.45192120896 -0.53460497881 1.68551011008 6.17194428664 -0.495234103435 1.6950782401 6.13683305424 -3.1877487036 1.823482444 9.26403845497 -5.21537631044 1.70815734416 10.9028342554 -0.478946491538 1.69986657535 6.14625702998 -5.54883029585 1.73059248948 11.3248972814 -3.30242735417 1.71161147711 8.98297817528 -0.706124341235 1.71721694601 6.43371255243 -0.390395720775 1.70930956181 6.08897458286 -0.307707421399 1.70719050647 5.99645266024 -0.46456559194 1.70450957781 6.14664442518 -0.395268732276 1.71114295486 6.09825303757 -4.93977181306 1.62486656187 10.3463283758 -3.10536509282 1.7079037929 8.79853455157 -2.76166498934 1.76799236409 8.65045005927 -4.43349675734 1.73887013214 10.2216776819 -2.59664493849 1.71685514925 8.31944688252 -0.985009752581 1.71049149644 6.68669504822 -2.00580358951 1.69237237945 7.64762592854 -0.480718279656 1.70095212608 6.14914466353 -1.78266018289 1.68531710189 7.3957610339 -2.39550971842 1.75688220885 8.26052959704 -1.78844065286 1.7076421449 7.47918722444 -0.486973023684 1.72263834831 6.2241904796 -0.960725429884 1.74512570933 6.77495148183 -0.211479536386 1.72943867999 5.99606411711 -0.259822337064 1.69832837521 5.92162607581 -0.254993246674 1.70078544131 5.93109751833</DataArray>
        <DataArray type="Float64" Name="ShellTopNodalVonMises" format="ascii">0 0 0 0 0 0 0 0 0 0 0 0 0 0 0 0 0 0 0 0 0 0 0 0 0 0 0 0 0 0 0 0 0 0 0 0 0 0 0 0 0 0 0 0 0 0 0 0 0 0 0 0 0 0 0 0 0 0 0 0 0 0 0 0 0 0 0 0 0 0 0 0 0 0 0 0 0 0 0 0 0 0 0 0 0 0 0 0 0 0 0 0 0 0 0 0 0 0 0 0 0 0 0 0 0 0 0 0 0 0 0 0 0 0 0 0 0 0 0 0 0 0 0 0 0 0 0 0 0 0 0 0 0 0 0 0 0 0 0 0 0 0 0 0 0 0 0 0 0 0 0 0 0 0 0 0 0 0 0 0 0 0 0 0 0 0 0 0 0 0 0 0 0 0 0 0 0 0 0 0 0 0 0 0 0 0 0 0 0 0 0 0 0 0 0 0 0 0 0 0 0 0 0 0 0 0 0 0 0 0 0 0 0 0 0 0 0 0 0 0 0 0 0 0 0 0 0 0 0 0 0 0 0 0 0 0 0 0 0 0 0 0 0 0 0 0 0 0 0 0 0 0 0 0 0 0 0 0 0 0 0 0 0 0 0 0 0 0 0 0 0 0 0 0 0 0 0 0 0 0 0 0 0 0 0 0 0 0 0 0 0 0 0 0 0 0 0 0 0 0 0 0 0 0 0 0 0 0 0 0 0 0 0 0 0 0 0 0 0 0 0 0 0 0 0 0 0 0 0 0 0 0 0 0 0 0 0 0 0 0 0 0 0 0 0 0 0 0 0 0 0 0 0 0 0 0 0 0 0 0 0 0 0 0 0 0 0 0 0 0 0 0 0 0 0 0 0 0 0 0 0 0 0 0 0 0 0 0 0 0 0 0 0 0 0 0 0 0 0 0 0 0 0 0 0 0 0 0 0 0 0 0 0 0 0 0 0 0 0 0 0 0 0 0 0 0 0 0 0 0 0 0 0 0 0 0 0 0 0 0 0 0 0 0 0 0 0 0 0 0 0 0 0 0 0 0 0 0 0 0 0 0 0 0 0 0 0 0 0 0 0 0 0 0 0 0 0 0 0 0 0 0 0 0 0 0 0 0 0 0 0 0 0 0 0 0 0 0 0 0 0 0 0 0 0 0 0 0 0 0 0 0 0 0 0 0 0 0 0 0 0 0 0 0 0 0 0 0 0 0 0 0 0 0 0 0 0 0 0 0 0 0 0 0 0 0 0 0 0 0 0 0 0 0 0 0 0 0 0 0 0 0 0 0 0 0 0 0 0 0 0 0 0 0 0 0 0 0 0 0 0 0 0 0 0 0 0 0 0 0 0 0 0 0 0 0 0 0 0 0 0 0 0 0 0 0 0 0 0 0 0 0 0 0 0 0 0 0 0 0 0 0 0 0 0 0</DataArray>
        <DataArray type="Float64" Name="ShellBottomNodalVonMises" format="ascii">0 0 0 0 0 0 0 0 0 0 0 0 0 0 0 0 0 0 0 0 0 0 0 0 0 0 0 0 0 0 0 0 0 0 0 0 0 0 0 0 0 0 0 0 0 0 0 0 0 0 0 0 0 0 0 0 0 0 0 0 0 0 0 0 0 0 0 0 0 0 0 0 0 0 0 0 0 0 0 0 0 0 0 0 0 0 0 0 0 0 0 0 0 0 0 0 0 0 0 0 0 0 0 0 0 0 0 0 0 0 0 0 0 0 0 0 0 0 0 0 0 0 0 0 0 0 0 0 0 0 0 0 0 0 0 0 0 0 0 0 0 0 0 0 0 0 0 0 0 0 0 0 0 0 0 0 0 0 0 0 0 0 0 0 0 0 0 0 0 0 0 0 0 0 0 0 0 0 0 0 0 0 0 0 0 0 0 0 0 0 0 0 0 0 0 0 0 0 0 0 0 0 0 0 0 0 0 0 0 0 0 0 0 0 0 0 0 0 0 0 0 0 0 0 0 0 0 0 0 0 0 0 0 0 0 0 0 0 0 0 0 0 0 0 0 0 0 0 0 0 0 0 0 0 0 0 0 0 0 0 0 0 0 0 0 0 0 0 0 0 0 0 0 0 0 0 0 0 0 0 0 0 0 0 0 0 0 0 0 0 0 0 0 0 0 0 0 0 0 0 0 0 0 0 0 0 0 0 0 0 0 0 0 0 0 0 0 0 0 0 0 0 0 0 0 0 0 0 0 0 0 0 0 0 0 0 0 0 0 0 0 0 0 0 0 0 0 0 0 0 0 0 0 0 0 0 0 0 0 0 0 0 0 0 0 0 0 0 0 0 0 0 0 0 0 0 0 0 0 0 0 0 0 0 0 0 0 0 0 0 0 0 0 0 0 0 0 0 0 0 0 0 0 0 0 0 0 0 0 0 0 0 0 0 0 0 0 0 0 0 0 0 0 0 0 0 0 0 0 0 0 0 0 0 0 0 0 0 0 0 0 0 0 0 0 0 0 0 0 0 0 0 0 0 0 0 0 0 0 0 0 0 0 0 0 0 0 0 0 0 0 0 0 0 0 0 0 0 0 0 0 0 0 0 0 0 0 0 0 0 0 0 0 0 0 0 0 0 0 0 0 0 0 0 0 0 0 0 0 0 0 0 0 0 0 0 0 0 0 0 0 0 0 0 0 0 0 0 0 0 0 0 0 0 0 0 0 0 0 0 0 0 0 0 0 0 0 0 0 0 0 0 0 0 0 0 0 0 0 0 0 0 0 0 0 0 0 0 0 0 0 0 0 0 0 0 0 0 0 0 0 0 0 0 0 0 0 0 0 0 0 0 0 0 0 0 0 0 0 0 0 0 0 0 0 0 0 0 0 0 0 0 0 0 0 0 0 0 0 0 0 0 0 0 0 0</DataArray>
      </PointData>
      <CellData Scalars="VonMises">
        <DataArray type="Int32" Name="ElementIndex" format="ascii">0 1 2 3 4 5 6 7 8 9 10 11 12 13 14 15 16 17 18 19 20 21 22 23 24 25 26 27 28 29 30 31 32 33 34 35 36 37 38 39 40 41 42 43 44 45 46 47 48 49 50 51 52 53 54 55 56 57 58 59 60 61 62 63 64 65 66 67 68 69 70 71 72 73 74 75 76 77 78 79 80 81 82 83 84 85 86 87 88 89 90 91 92 93 94 95 96 97 98 99 100 101 102 103 104 105 106 107 108 109 110 111 112 113 114 115 116 117 118 119 120 121 122 123 124 125 126 127 128 129 130 131 132 133 134 135 136 137 138 139 140 141 142 143 144 145 146 147 148 149 150 151 152 153 154 155 156 157 158 159 160 161 162 163 164 165 166 167 168 169 170 171 172 173 174 175 176 177 178 179 180 181 182 183 184 185 186 187 188 189 190 191 192 193 194 195 196 197 198 199 200 201 202 203 204 205 206 207 208 209 210 211 212 213 214 215 216 217 218 219 220 221 222 223 224 225 226 227 228 229 230 231 232 233 234 235 236 237 238 239 240 241 242 243 244 245 246 247 248 249 250 251 252 253 254 255 256 257 258 259 260 261 262 263 264 265 266 267 268 269 270 271 272 273 274 275 276 277 278 279 280</DataArray>
        <DataArray type="Float64" Name="VonMises" format="ascii">8.31738140833 24.3149657752 24.3300139796 5.72522491085 7.73961717403 26.5932739992 5.40431958562 5.44074298036 5.44180054002 26.4969844993 11.9487215898 5.46431491309 5.86244730224 26.5817636926 7.76718965783 7.75691133538 26.5340366335 13.4190155299 5.44739589859 5.44569597212 26.685123299 5.84362130566 5.84353228836 5.45759223198 26.6692523742 5.4547816173 7.27435371055 6.64567667141 5.39165835778 27.0283478009 5.38959310822 5.37855966817 12.71800264 12.6870964121 5.38063831757 11.2833687848 27.0306369866 22.9065120831 11.1127465437 21.2983403859 21.2603904856 22.9021578147 6.01760156669 13.2954927683 8.4198558423 8.42108676702 12.5848402981 12.6075590664 20.9171535306 20.9293209421 26.987725449 26.9950344153 5.97012816559 6.66707910606 21.1154586383 14.2653723123 24.7820755681 24.8506283189 5.34163765068 6.01595077135 5.34401707424 7.78484827675 6.00863005799 7.23959391589 26.7616300471 5.46994607931 6.78380259897 8.14238560622 5.32472213914 5.32955760274 7.83415704507 7.86708652358 7.31059595469 5.31603050604 6.75082336074 5.32294937148 11.4774176377 10.7888234076 8.57275661729 5.45186934471 7.26604265528 8.19799622184 5.73018788627 5.72558509764 6.16430910107 6.16371515794 18.0087101304 7.26798460952 14.7197587137 11.8791684578 6.18317516831 12.3501952216 6.89658939845 7.74690963808 9.08490542816 16.1298882131 6.92406035625 6.7123475152 10.69020857 5.80896094927 7.80149085528 5.62320544004 11.8443853339 18.2703715003 20.4940080924 6.90615744063 14.3981389019 14.1760101752 7.33659758939 7.7317675116 14.3600017458 15.8522937768 5.99856527114 6.00212019571 9.2845015755 8.96180116011 13.5707582415 9.67856620168 7.56815080508 23.2860526544 23.3271287232 9.39386826732 23.3645687604 7.21524754788 5.87066430906 5.54225080424 5.543433269 23.3053391174 8.45086833589 7.17992398589 10.4007219005 5.34792578389 5.58350908714 10.2454280534 13.5164293439 12.2683237678 15.9380034442 10.1061644338 5.89904216998 6.79167453917 9.02296253847 5.66068621341 5.66590842957 8.58199919298 5.44554288256 12.6359656596 5.44048270572 15.6874656669 12.3930970288 7.874845708 20.5924484649 7.05775051972 6.27312935498 16.2156891467 9.09832084605 15.7556683851 10.8547446398 13.4092609554 10.1776980843 14.3749851915 6.6579238215 20.285554905 5.7106294176 7.52929055631 20.267013989 5.58645400874 9.80936914387 18.1509991776 6.74560127278 7.4579671629 7.45958065575 21.8659927876 22.8621602834 20.2627194349 6.84653770792 5.57307580513 5.57383285064 5.44798289365 20.6479870061 5.46523729557 10.9507472817 10.9541130311 14.2175145486 5.45811875986 9.87444086229 5.33336258623 10.309880214 6.80687227931 18.7859927627 5.95994207142 5.92848044707 5.72871407833 13.6330757925 8.8901505626 5.37947001086 6.00814457455 15.4046809531 11.2611154312 9.92283326179 9.80371215356 7.55827701061 8.41024337029 5.39010519113 6.31897293081 5.86284576672 5.44748438087 7.0401019831 10.4725253913 7.11290692136 5.3318336508 8.94828874099 5.32640062656 5.33083306239 6.03463634916 8.00179998441 8.54269226576 8.52675907553 16.2742893104 9.32872966036 5.64921516996 12.2966044724 5.66854160862 5.85464142728 15.4898859232 11.6588314163 9.83929952631 11.5125726309 12.9425738086 8.58227145034 7.36989262135 8.22553172072 9.20483182928 7.13822859639 10.7246205375 10.2103521587 14.8665783968 5.84116551005 6.30975445764 5.87072170912 13.1791952317 13.4843288045 9.9401917313 5.83896086754 10.1398782747 27.0955816298 15.7298646484 27.0755033836 8.85922810742 26.5548316814 8.73764254119 5.90345202121 23.7000705127 8.01544984003 9.37965598953 6.34891004336 23.6361481538 5.63124733121 10.0848550811 5.45545608115 9.16497334514 6.33564505226 6.32119370702 5.34310695371 8.04137329635 22.9581593045 6.49782682066 7.42528460102 7.38445606001 5.26465243704 5.25951741063 28.4896746024 28.4958505752 5.28878107021 5.7023660443 6.14537179197 5.69637807528 5.28183615924 6.15118424509 6.14622097738 5.68227985488 5.28453277133</DataArray>
        <DataArray type="Int32" Name="HasVonMises" format="ascii">1 1 1 1 1 1 1 1 1 1 1 1 1 1 1 1 1 1 1 1 1 1 1 1 1 1 1 1 1 1 1 1 1 1 1 1 1 1 1 1 1 1 1 1 1 1 1 1 1 1 1 1 1 1 1 1 1 1 1 1 1 1 1 1 1 1 1 1 1 1 1 1 1 1 1 1 1 1 1 1 1 1 1 1 1 1 1 1 1 1 1 1 1 1 1 1 1 1 1 1 1 1 1 1 1 1 1 1 1 1 1 1 1 1 1 1 1 1 1 1 1 1 1 1 1 1 1 1 1 1 1 1 1 1 1 1 1 1 1 1 1 1 1 1 1 1 1 1 1 1 1 1 1 1 1 1 1 1 1 1 1 1 1 1 1 1 1 1 1 1 1 1 1 1 1 1 1 1 1 1 1 1 1 1 1 1 1 1 1 1 1 1 1 1 1 1 1 1 1 1 1 1 1 1 1 1 1 1 1 1 1 1 1 1 1 1 1 1 1 1 1 1 1 1 1 1 1 1 1 1 1 1 1 1 1 1 1 1 1 1 1 1 1 1 1 1 1 1 1 1 1 1 1 1 1 1 1 1 1 1 1 1 1 1 1 1 1 1 1 1 1 1 1 1 1 1 1 1 1 1 1</DataArray>
        <DataArray type="Float64" Name="StressTrace" format="ascii">7.39878614795 6.77623151099 6.72658398191 7.42306106927 7.46337813951 8.47076922552 7.43998591391 7.45724358881 7.45208693881 8.06971688934 7.35303384306 7.45330727711 7.38925485329 8.29685175932 7.35933986242 7.32709745419 8.44676954894 7.39502466657 7.43726353586 7.44128775407 7.82182361721 7.41083210681 7.41198745026 7.46621139262 7.84629574854 7.44956892094 7.38663755066 7.40464478843 7.46001733489 8.25249549748 7.45591970977 7.45466226914 7.51068424631 7.49028455361 7.44574143774 7.4822099858 8.57195276787 7.2274518522 7.50656034492 7.72428905895 7.60472155008 7.25561348331 7.4404033648 7.2425794544 7.45330253568 7.4848511378 7.57543976294 7.52824646975 7.5773226585 7.67237480352 8.68336380543 8.24462340392 7.42497333792 7.49066413523 7.68246423918 7.53936167971 6.82622075794 6.81175992943 7.4547214698 7.40618164099 7.44715498215 7.40602418647 7.4057037672 7.39521669727 7.91818610892 7.43670104407 7.46323441573 7.35831621207 7.44989213706 7.4570587885 7.46411893438 7.47397333321 7.41531725555 7.4491427412 7.42984411872 7.46688825278 7.50599937004 7.42799308404 7.50957446776 7.44112362238 7.46275311653 7.39972034887 7.39901153737 7.41063081957 7.44858610722 7.43646354948 7.72314610863 7.48107324683 7.298525494 7.53402249651 7.41384554783 7.37618785432 7.43399892233 7.38842706527 7.42230521982 7.7237751315 7.38309108612 7.43002619903 7.34480322797 7.41142871077 7.47177717044 7.42133368102 7.50270680531 7.67599976598 7.65337708766 7.40265046267 7.21903830492 7.65460055046 7.40999521598 7.35317754439 7.26630520111 7.35463804197 7.43895925025 7.45308172072 7.46325731418 7.4932868307 7.38266660242 7.34594617979 7.48672382052 6.88375509919 6.73388195345 7.37742902189 6.99414966873 7.49424584246 7.39479529264 7.38914628226 7.3879490479 7.05652902154 7.36970782963 7.39799015767 7.44144244755 7.4286785149 7.4234580492 7.36452115719 7.41664023027 7.32010511321 7.49984316218 7.45980483697 7.38176433369 7.41799105729 7.52743413813 7.40693723952 7.39286603302 7.40183873038 7.46533873131 7.49482617412 7.45690553241 7.56497667909 7.43183484774 7.43916899855 7.44351411239 7.42204725351 7.46729895161 7.62805204431 7.38126867496 7.23295567534 7.35235834788 7.42621164092 7.40211900987 7.38297425591 7.44897686514 7.46477819177 7.3965479909 7.38603941848 7.45460297219 7.43337123135 7.38678303111 7.1134987492 7.4011406373 7.34792808447 7.38349743608 7.7169725385 7.53065726364 7.45403821333 7.44635066548 7.43372873381 7.43578240639 7.44626440488 7.48102989765 7.46903600023 7.29715754338 7.36506743057 7.21356920417 7.43852330475 7.38854708665 7.44496135203 7.46567632981 7.44631783535 7.1981755106 7.42703209034 7.41069083668 7.40636324978 7.26275850392 7.35174785024 7.43145285077 7.43649817288 7.37631892268 7.57234158075 7.32714360459 7.44184359408 7.46364650659 7.35023585234 7.44456386755 7.43641332715 7.3707755444 7.45735154671 7.46829202863 7.55424528649 7.44068367267 7.45078948548 7.38375256944 7.43397585704 7.44570606124 7.44533096619 7.3711401719 7.50196086092 7.46104800623 7.62015746576 7.41701552218 7.41632272291 7.5342730645 7.40262380466 7.43493643442 7.2021934261 7.41392221013 7.3075917469 7.3311843321 7.3970518911 7.44380039416 7.40045947373 7.34428337574 7.54529204277 7.40717278799 7.33566253955 7.56173828222 7.13409833652 7.38994610281 7.44331490948 7.40083887438 7.70863326704 7.4026656157 7.49058029335 7.37801617416 7.41959238397 8.22882582564 7.55427509983 8.06384702362 7.42743774198 7.85738241432 7.49707406922 7.38482433173 7.15561366009 7.3922176248 7.49925175325 7.422986407 7.01449393341 7.40222374667 7.42110520979 7.44487736961 7.36275964485 7.4086489837 7.45684793753 7.43097335487 7.39314524074 6.99518867041 7.45429104643 7.45555065519 7.44364327348 7.45217524748 7.45246395911 8.33221064421 8.70675684525 7.46335157274 7.46457439554 7.37375341844 7.45744805648 7.45422637315 7.39580233499 7.46615758092 7.40563850978 7.44786335658</DataArray>
        <DataArray type="Float64" Name="HydrostaticPressure" format="ascii">-2.46626204932 -2.258743837 -2.24219466064 -2.47435368976 -2.48779271317 -2.82358974184 -2.47999530464 -2.48574786294 -2.4840289796 -2.68990562978 -2.45101128102 -2.48443575904 -2.4630849511 -2.76561725311 -2.45311328747 -2.44236581806 -2.81558984965 -2.46500822219 -2.47908784529 -2.48042925136 -2.60727453907 -2.47027736894 -2.47066248342 -2.48873713087 -2.61543191618 -2.48318964031 -2.46221251689 -2.46821492948 -2.48667244496 -2.75083183249 -2.48530656992 -2.48488742305 -2.50356141544 -2.49676151787 -2.48191381258 -2.49406999527 -2.85731758929 -2.4091506174 -2.50218678164 -2.57476301965 -2.53490718336 -2.41853782777 -2.48013445493 -2.41419315147 -2.48443417856 -2.49495037927 -2.52514658765 -2.50941548992 -2.5257742195 -2.55745826784 -2.89445460181 -2.74820780131 -2.47499111264 -2.49688804508 -2.56082141306 -2.5131205599 -2.27540691931 -2.27058664314 -2.4849071566 -2.46872721366 -2.48238499405 -2.46867472882 -2.4685679224 -2.46507223242 -2.63939536964 -2.47890034802 -2.48774480524 -2.45277207069 -2.48329737902 -2.48568626283 -2.48803964479 -2.4913244444 -2.47177241852 -2.4830475804 -2.47661470624 -2.48896275093 -2.50199979001 -2.47599769468 -2.50319148925 -2.48037454079 -2.48758437218 -2.46657344962 -2.46633717912 -2.47021027319 -2.48286203574 -2.47882118316 -2.57438203621 -2.49369108228 -2.43284183133 -2.51134083217 -2.47128184928 -2.45872928477 -2.47799964078 -2.46280902176 -2.47410173994 -2.5745917105 -2.46103036204 -2.47667539968 -2.44826774266 -2.47047623692 -2.49059239015 -2.47377789367 -2.50090226844 -2.55866658866 -2.55112569589 -2.46755015422 -2.40634610164 -2.55153351682 -2.46999840533 -2.45105918146 -2.4221017337 -2.45154601399 -2.47965308342 -2.48436057357 -2.48775243806 -2.4977622769 -2.46088886747 -2.4486487266 -2.49557460684 -2.29458503306 -2.24462731782 -2.4591430073 -2.33138322291 -2.49808194749 -2.46493176421 -2.46304876075 -2.46264968263 -2.35217634051 -2.45656927654 -2.46599671922 -2.48048081585 -2.47622617163 -2.4744860164 -2.45484038573 -2.47221341009 -2.44003503774 -2.49994772073 -2.48660161232 -2.46058811123 -2.47266368576 -2.50914471271 -2.46897907984 -2.46428867767 -2.46727957679 -2.48844624377 -2.49827539137 -2.48563517747 -2.52165889303 -2.47727828258 -2.47972299952 -2.4811713708 -2.47401575117 -2.48909965054 -2.54268401477 -2.46042289165 -2.41098522511 -2.45078611596 -2.47540388031 -2.46737300329 -2.46099141864 -2.48299228838 -2.48825939726 -2.46551599697 -2.46201313949 -2.4848676574 -2.47779041045 -2.46226101037 -2.37116624973 -2.4670468791 -2.44930936149 -2.46116581203 -2.5723241795 -2.51021908788 -2.48467940444 -2.48211688849 -2.47790957794 -2.47859413546 -2.48208813496 -2.49367663255 -2.48967866674 -2.43238584779 -2.45502247686 -2.40452306806 -2.47950776825 -2.46284902888 -2.48165378401 -2.4885587766 -2.48210594512 -2.39939183687 -2.47567736345 -2.47023027889 -2.46878774993 -2.42091950131 -2.45058261675 -2.47715095026 -2.47883272429 -2.45877297423 -2.52411386025 -2.44238120153 -2.48061453136 -2.48788216886 -2.45007861745 -2.48152128918 -2.47880444238 -2.45692518147 -2.4857838489 -2.48943067621 -2.51808176216 -2.48022789089 -2.48359649516 -2.46125085648 -2.47799195235 -2.48190202041 -2.48177698873 -2.45704672397 -2.50065362031 -2.48701600208 -2.54005248859 -2.47233850739 -2.4721075743 -2.51142435483 -2.46754126822 -2.47831214481 -2.40073114203 -2.47130740338 -2.43586391563 -2.4437281107 -2.4656839637 -2.48126679805 -2.46681982458 -2.44809445858 -2.51509734759 -2.469057596 -2.44522084652 -2.52057942741 -2.37803277884 -2.4633153676 -2.48110496983 -2.46694629146 -2.56954442235 -2.46755520523 -2.49686009778 -2.45933872472 -2.47319746132 -2.74294194188 -2.51809169994 -2.68794900787 -2.47581258066 -2.61912747144 -2.49902468974 -2.46160811058 -2.38520455336 -2.4640725416 -2.49975058442 -2.47432880233 -2.33816464447 -2.46740791556 -2.4737017366 -2.48162578987 -2.45425321495 -2.46954966123 -2.48561597918 -2.47699111829 -2.46438174691 -2.3317295568 -2.48476368214 -2.48518355173 -2.48121442449 -2.48405841583 -2.48415465304 -2.77740354807 -2.90225228175 -2.48778385758 -2.48819146518 -2.45791780615 -2.48581601883 -2.48474212438 -2.465267445 -2.48871919364 -2.46854616993 -2.48262111886</DataArray>
        <DataArray type="Float64" Name="PrincipalStress" NumberOfComponents="3" format="ascii">-1.91310808245 1.71053558188 7.60135864852 -11.4247927776 1.57434847983 16.6266758087 -11.4423563519 1.54349380846 16.6254465253 -0.383155490238 1.7117507725 6.09446578701 -1.54540853245 1.71742536862 7.29136130334 -12.0713372559 1.94399275703 18.5981137243 -0.188963545508 1.71851415756 5.91043530186 -0.202473775933 1.72099017659 5.93872718816 -0.205335640572 1.72002619531 5.93739638407 -12.1965748406 1.89757746184 18.3687142681 -4.0358440245 1.69054328156 9.698334586 -0.21883705691 1.72132642538 5.95081790864 -0.477784779091 1.7042688105 6.16277082189 -12.1522665 1.94068250602 18.5084357533 -1.60570959609 1.69788603454 7.26716342397 -1.61459791087 1.69373735016 7.24795801491 -12.0503058512 1.94559291432 18.5514824858 -4.87109875947 1.69916086888 10.5669625572 -0.213432642524 1.71486850095 5.93582767743 -0.211830988493 1.71729347032 5.93582527224 -12.3745533477 1.79012653203 18.4062504329 -0.458623838519 1.71014038339 6.15931556195 -0.458837016742 1.71149353505 6.15933093194 -0.206808399788 1.72015374093 5.95286605148 -12.3551361304 1.79441852905 18.4070133499 -0.214660363376 1.72038118778 5.94384809654 -1.30748385975 1.70494364565 6.98917776476 -0.933175291826 1.71033703353 6.62748304673 -0.170127054517 1.71839491934 5.91174947006 -12.443230396 1.95942548626 18.7363004073 -0.174205127192 1.72273848553 5.90738635143 -0.167394063222 1.72128650204 5.90076983033 -4.42672464722 1.73854900818 10.1988598853 -4.41932794899 1.73818220812 10.1714302945 -0.17055973236 1.71680867815 5.89949249195 -3.60410272754 1.72905697058 9.35725574276 -12.2593484384 1.9205587974 18.9107424089 -10.4301613435 1.66872164372 15.9888915519 -3.4983668248 1.73956631097 9.26536085875 -9.29181245159 1.75566418926 15.2604373213 -9.33765528639 1.76672996374 15.1756468727 -10.4189982735 1.6794760635 15.9951356934 -0.54970989802 1.71787812806 6.27223513476 -4.86617249608 1.67595354105 10.4327984094 -1.94861853062 1.71895501786 7.68296604844 -1.93668056903 1.72601804729 7.69551365954 -4.31164150923 1.73207040607 10.1550108661 -4.35618046519 1.743260105 10.1411668299 -9.15036746774 1.76132859219 14.9663615341 -9.10134513462 1.74860825777 15.0251116804 -12.1849949388 1.93495826266 18.9334004816 -12.4221527554 1.94853577744 18.7182403819 -0.526216913172 1.71166648403 6.23952376707 -0.909924129383 1.72807427124 6.67251399337 -9.20482725238 1.75051507975 15.1367764118 -5.30696023886 1.73611839906 11.1102035195 -11.6745464941 1.58447274447 16.9162945076 -11.7098890457 1.56270996189 16.9589390132 -0.144171406255 1.71930452866 5.8795883474 -0.56173726224 1.70885468707 6.25906421616 -0.149541337727 1.71887010011 5.87782621977 -1.60137764174 1.71492110213 7.29248072608 -0.559467100467 1.71150683916 6.2536640285 -1.28372202905 1.70688896656 6.97204975975 -12.3868751861 1.82266415309 18.4823971419 -0.226175480275 1.7135713457 5.94930517864 -0.988681919401 1.72079639866 6.73111993647 -1.82467128691 1.69717347314 7.48581402583 -0.138287612724 1.72132415779 5.86685559199 -0.135549959237 1.71907017553 5.8735385722 -1.60526678846 1.72548703624 7.3438986866 -1.61570880571 1.72002983063 7.36965230829 -1.31395812904 1.7064200745 7.02285531009 -0.134515572114 1.72269105816 5.86096725516 -0.986746823813 1.7193096269 6.69728131563 -0.124907324423 1.71735043713 5.87444514008 -3.70580485315 1.73191927598 9.47988494721 -3.34095401575 1.72088585855 9.04806124123 -2.0129832728 1.72804470874 7.79451303182 -0.214320609499 1.71547450123 5.93996973065 -1.27293946057 1.7235497847 7.0121427924 -1.83930429985 1.70456064562 7.5344640031 -0.39571698646 1.70613122952 6.08859729431 -0.38843261966 1.70896965053 6.09009378869 -0.633150401105 1.72050504238 6.36123146595 -0.635733501545 1.71479357217 6.35740347885 -7.4121273871 1.79643505256 13.3388384432 -1.26497936684 1.72497719425 7.02107541942 -5.66936326511 1.6892108144 11.2786779447 -3.92130545323 1.72716266358 9.72816528617 -0.657643535523 1.71168462286 6.35980446049 -4.27162984277 1.71670296356 9.93111473353 -1.06464365654 1.71129568648 6.78734689239 -1.58307601171 1.70582701275 7.26567606423 -2.35694468877 1.72614927889 8.0531006297 -6.31613751653 1.78157569502 12.258336953 -1.10387568208 1.70390580542 6.78306096278 -0.960724445705 1.71409579045 6.67665485429 -3.30921783642 1.6894234732 8.96459759119 -0.436195592523 1.7076322717 6.1399920316 -1.58143786349 1.72452250782 7.32869252611 -0.323817258819 1.71150108534 6.0336498545 -3.92145713003 1.73362379098 9.69054014435 -7.58333037624 1.78811150274 13.4712186395 -8.87282922112 1.77300327554 14.7532030332 -1.08659749209 1.70999131246 6.7792566423 -5.51223741166 1.66732316367 11.0639525529 -5.21153226188 1.76535510589 11.1007777064 -1.33193820685 1.70622534299 7.03570807984 -1.59002298387 1.70050225956 7.24269826869 -5.47063088852 1.67643982008 11.0604962696 -6.30101130345 1.69853349694 11.9571158485 -0.540799287208 1.72009681698 6.25966172048 -0.533188195532 1.71733139656 6.26893851969 -2.44502823557 1.71612703147 8.19215851828 -2.25124616811 1.73276296598 8.01177003283 -4.9663038825 1.7005497295 10.6484207554 -2.73403627183 1.71137088167 8.36861156995 -1.43852162877 1.72684727525 7.19839817404 -10.7797611133 1.58311312649 16.080403086 -10.8723269961 1.56818151039 16.0380274392 -2.54330916104 1.69746784122 8.22327034172 -10.7688886195 1.58392711927 16.1791111689 -1.22569033571 1.72303697264 6.99689920553 -0.482991004546 1.7094208668 6.16836543039 -0.28941833597 1.70461801385 5.97394660437 -0.291583446249 1.70578701262 5.97374548154 -10.7052788803 1.58889294627 16.1729149556 -2.00471579736 1.70754290114 7.66688072584 -1.25003908273 1.71114686235 6.93688237805 -3.11042759513 1.72422472359 8.82764531909 -0.15924259775 1.71449788433 5.87342322831 -0.30031095886 1.71310945339 6.01065955468 -3.03980160443 1.68843391337 8.71588884826 -4.92379662815 1.71239040363 10.6280464548 -4.23599650569 1.68616353329 9.86993808562 -6.28024633706 1.70791563504 12.0721738642 -2.92736217442 1.72060203803 8.66656497336 -0.502917943918 1.70341504127 6.18126723634 -1.01015250104 1.70845650435 6.71968705398 -2.26884480474 1.73332302833 8.06295591455 -0.3519496728 1.7085234826 6.05036342972 -0.363717881851 1.70973861049 6.04684530438 -2.0658421803 1.71087137386 7.75680953682 -0.200268087119 1.72027951655 5.94532730188 -4.38388606687 1.73228671723 10.1464255238 -0.203884510308 1.72299213853 5.93779790419 -6.12237255489 1.74536771543 11.9419815185 -4.25621875142 1.69778778993 9.99026580923 -1.6378039499 1.71792911077 7.35904383768 -9.007897629 1.71797087825 14.7334408631 -1.1689598239 1.71664833032 6.87435874709 -0.68976661953 1.72513292667 6.43193264447 -6.41580552421 1.78183110202 12.2620264665 -2.37225247332 1.70231825801 8.05120289027 -6.28946626726 1.66477725495 11.8576446877 -3.40127114934 1.69032187306 9.06330762416 -4.86118913051 1.72025202854 10.5671487429 -2.98821311018 1.70146488738 8.68886723267 -5.43077799544 1.69836807585 11.1153841755 -0.922653199164 1.72062390078 6.65100616353 -8.83871924177 1.75310989394 14.5503875396 -0.387365138925 1.70878653792 6.0751265919 -1.45812289828 1.707097025 7.13706529175 -8.8230894245 1.73456127975 14.5431311169 -0.297979918734 1.71529256103 6.01605858906 -2.7827354418 1.70214434614 8.46737412676 -7.72500231331 1.64256241078 13.1959386517 -0.991983174672 1.70777796751 6.68534584447 -1.43560805629 1.7045786042 7.07895753655 -1.41901527107 1.70744976717 7.09506293999 -9.62927532991 1.7655478575 15.5807000109 -10.2839258993 1.73383252668 16.0807506362 -8.81004216656 1.71478105739 14.5492993225 -1.03052589897 1.71434801421 6.76252855024 -0.289937519984 1.7153651424 6.00830111139 -0.288979163493 1.7149929745 6.00976859539 -0.211932667961 1.71955005276 5.93864702008 -9.03924206057 1.7519133122 14.768358646 -0.21164411208 1.7229326007 5.95774751161 -3.49484312369 1.70494047457 9.0870601925 -3.45892490054 1.70167938941 9.1223129417 -5.40707832131 1.66130206135 10.9593454641 -0.223619757262 1.72152663904 5.94061642297 -2.81462682141 1.69384372209 8.50933018596 -0.144057819033 1.71825949816 5.8707596729 -3.05358807385 1.73902625607 8.78023814759 -1.01160736175 1.72097956311 6.73694563398 -8.05993147098 1.66333825145 13.5947687301 -0.521133723072 1.7147366188 6.23342919461 -0.508816560365 1.71040118038 6.20910621667 -0.392793579187 1.70916691135 6.08998991762 -5.05444066356 1.6816778743 10.6355212932 -2.26756032655 1.70332650583 7.91598167096 -0.175784609235 1.71371867965 5.89351878036 -0.546228407755 1.71774189042 6.26498469022 -6.02973301058 1.69699480097 11.7090571323 -3.55428279311 1.74746005256 9.3791643213 -2.86802479659 1.68136342097 8.51380498021 -2.76179606544 1.72166613292 8.48197352659 -1.44298348173 1.72316141776 7.18346857057 -1.98459819787 1.69628441162 7.63854963859 -0.178114177428 1.71869339737 5.90398464762 -0.727063563627 1.71496552723 6.44851136355 -0.486510727507 1.70158402535 6.15570224655 -0.207466705989 1.72255215339 5.94226609931 -1.13811120748 1.72410935738 6.88229387873 -3.09755400078 1.73335102315 8.91844826412 -1.19037280163 1.71562448103 6.91543199326 -0.140387181767 1.71900886873 5.87216779851 -2.28406694627 1.70308031336 7.96473920235 -0.145001927161 1.7166224687 5.8623553155 -0.143619276742 1.72039842554 5.86892691244 -0.557297037262 1.718340702 6.28428730146 -1.73688308836 1.69898993545 7.40903332481 -1.9993941716 1.72775821222 7.7735968203 -2.01192895916 1.72736444833 7.74561251707 -6.44020727413 1.75757721382 12.3027875261 -2.49522717789 1.71561716132 8.19662553876 -0.34066287059 1.70959465166 6.04739094183 -4.17042493712 1.73934182276 9.96535617886 -0.358170417555 1.70731103569 6.05348318653 -0.45402527907 1.71363871268 6.17532300081 -6.14557946545 1.65399734792 11.6937755436 -3.85308515918 1.72057715403 9.54643021528 -2.82965225996 1.68094439044 8.45629961642 -3.79875540917 1.69801682949 9.43192291177 -4.59488543696 1.70085414469 10.2910831834 -2.05186506349 1.72461737755 7.77104808009 -1.35851658725 1.70924333153 7.04973272946 -1.87853246752 1.69364360434 7.52917223893 -2.37120776745 1.74328597419 8.17321383603 -1.21738177917 1.70605536005 6.91849920711 -3.3313588677 1.68487986519 8.98214154206 -2.94899054192 1.74633553437 8.76439328978 -5.81221972429 1.6397812577 11.3065368031 -0.465059459684 1.70454593091 6.15045963158 -0.719953221808 1.7181789087 6.44508922259 -0.475610290606 1.70339162088 6.17305754411 -4.61337579399 1.77907513895 10.5429339221 -4.91451648891 1.71586618691 10.6013159177 -2.821014861 1.73147891107 8.58011624329 -0.468049271271 1.70103190252 6.1450335429 -2.95973303223 1.70615487389 8.6731705423 -12.4687732367 1.91219443116 18.7854046312 -6.15888305165 1.75669713373 11.9564610177 -12.5411711029 1.91106183123 18.6939562953 -2.21252297661 1.70925592653 7.93070479206 -12.3142825416 1.85187974671 18.3197852092 -2.1151614207 1.72703282199 7.88520266793 -0.500933668451 1.69912658255 6.18663141763 -10.906504996 1.63315712242 16.4289615337 -1.73540774371 1.70215476515 7.42547060336 -2.49099947348 1.73241315971 8.25783806703 -0.752427528071 1.71552395021 6.45988998486 -10.9386981333 1.62702557422 16.3261664925 -0.336778211538 1.70785331465 6.03114864355 -2.93384079656 1.71766132965 8.63728467669 -0.21853461356 1.72160709234 5.94180489083 -2.41777376818 1.69708225432 8.08345115871 -0.746703700539 1.70661782799 6.44873485625 -0.722235842849 1.72280821066 6.45627556972 -0.156741442731 1.71687555712 5.87083924049 -1.75293401821 1.7068143592 7.43926489975 -10.5393597782 1.59485106007 15.9396973886 -0.82858155957 1.72478049818 6.55809210783 -1.36755363483 1.71978768084 7.10331660918 -1.34890870285 1.71777863776 7.07477333857 -0.0995966046105 1.71860613326 5.83316571883 -0.0931753202816 1.71396831252 5.83167096687 -13.2171153033 1.90418508248 19.645140865 -13.0703764184 1.98196705775 19.7951662059 -0.109046518006 1.72074774606 5.85165034469 -0.35472613038 1.72393356287 6.09536696304 -0.651204283106 1.70194831369 6.32300938785 -0.352551822728 1.72005324555 6.08994663366 -0.111800864974 1.72322290575 5.84280433238 -0.643241250014 1.70322385352 6.33581973148 -0.614184482566 1.72262872366 6.35771333983 -0.367065248052 1.71097857048 6.06172518735 -0.11477163932 1.72002534288 5.84260965302</DataArray>
        <DataArray type="Float64" Name="PrincipalStrain" NumberOfComponents="3" format="ascii">-0.00470667635157 4.06041205969e-06 0.00766213039869 -0.0168851000642 1.37835704826e-05 0.0195818090981 -0.016893038452 -1.14332435737e-05 0.0195951052883 -0.00272502045809 -1.64231653127e-06 0.00569588720233 -0.00424804453404 -6.36046264799e-06 0.00723975625249 -0.0182339692003 -1.40401835166e-05 0.021636317074 -0.00247764838333 2.07263065529e-06 0.00545157011825 -0.00250038898536 1.14152919248e-07 0.00548317226796 -0.00250256241439 4.07972258128e-07 0.00548298921765 -0.0182764623595 4.59356335969e-05 0.0214584134817 -0.00745250738476 -8.20388689582e-06 0.0104019248089 -0.00252048035712 1.73216986668e-06 0.00550007109809 -0.00283789666881 -1.22700234247e-06 0.00579482561247 -0.0182870019778 3.38317300271e-05 0.0215719109515 -0.00429522443364 -5.50113828421e-07 0.00723951049244 -0.00429710652039 3.72931894585e-06 0.00722421618312 -0.0181994284712 -4.76007605932e-06 0.0215828963668 -0.00855093578728 -9.59827043091e-06 0.0115185439243 -0.00250864149604 -1.85000952028e-06 0.0054853969199 -0.00250776661126 9.5185196037e-08 0.00548418652769 -0.0184334664372 -1.93825935256e-05 0.0215815784776 -0.00281946062212 -6.7133641325e-08 0.00578386059849 -0.00282008435684 1.34536049153e-06 0.00578353397645 -0.00250871433751 -3.66355457809e-06 0.00549886244914 -0.0184155656941 -2.11446368015e-05 0.0215752286304 -0.00251392914867 1.62486782818e-06 0.00549213184922 -0.00391572028287 4.35474147187e-07 0.00686993982899 -0.0034345213159 2.04470705522e-06 0.00639433452422 -0.00245917037134 -4.09180532451e-06 0.00544726911062 -0.0186519481641 7.15044828889e-05 0.0218814418802 -0.00246324257828 2.78411825756e-06 0.00544282634393 -0.00245401096293 1.27377190388e-06 0.00543460209869 -0.00800794731527 6.90843673752e-06 0.0110053125771 -0.00799221169976 1.25515044745e-05 0.0109757740167 -0.00245545008339 -1.87114972968e-06 0.00543561780822 -0.00692999654154 3.11106601073e-06 0.00991976946985 -0.0185087388003 -7.4859393746e-05 0.0220123793012 -0.0157274453021 1.10258117089e-06 0.0186173234619 -0.00679984497571 9.46810077974e-06 0.0097930010129 -0.0143966429048 -3.49232716437e-05 0.0175212818 -0.0144203683373 1.53324878345e-05 0.0174469244695 -0.0157213818006 6.63483755781e-06 0.0186169923564 -0.00294674387687 1.12055703704e-06 0.00592178466575 -0.00849879808123 5.96576704026e-06 0.0113898640959 -0.00476919485052 -1.349237489e-06 0.00775186510227 -0.00476314008108 -1.63187986143e-06 0.00775871241606 -0.00787776589088 -2.0940400997e-05 0.0109288821971 -0.00792150854567 7.76419557197e-06 0.010925042938 -0.0141686745056 1.65303723013e-05 0.0171830731967 -0.0141334611161 -2.85217059588e-05 0.0172309327434 -0.0184455025621 -8.9563400174e-05 0.0220084114844 -0.0186221856032 5.97094894943e-05 0.0218603254752 -0.0029115739885 -2.32557214328e-06 0.00588388889581 -0.00343010060877 -7.02687952335e-07 0.00642706895081 -0.0142710146998 -2.90696680807e-05 0.0173730700636 -0.00916085681443 -4.85458513184e-06 0.0121814560714 -0.0172247766697 1.19483404239e-05 0.0199433166325 -0.0172663837382 -1.20050283775e-05 0.0200030927384 -0.00242383926907 -1.32055368549e-06 0.00540704841068 -0.00295211293321 -3.43399100819e-07 0.00591492898871 -0.00242855023369 3.84635496397e-07 0.00540702759106 -0.0043035981902 7.59017682798e-06 0.00725841768796 -0.00294901836077 3.2477607539e-06 0.00590805210689 -0.00388740364694 3.90647351186e-07 0.0068450996785 -0.0184783935746 -5.99243366128e-06 0.0216516604519 -0.00252503843758 -3.36756380954e-06 0.00550308641901 -0.00352425681994 -1.93500646573e-06 0.00651148559269 -0.0045795675366 -1.16934853468e-06 0.00752406336996 -0.00241474153766 2.75376400851e-06 0.00539194462847 -0.00241333258356 -2.32640835517e-06 0.00539848250731 -0.00432608250531 3.8974667975e-06 0.00730783261226 -0.00434261344738 -6.15322014746e-06 0.00733835600081 -0.00393274074442 -6.24907980991e-06 0.00690511672645 -0.00240961306611 4.75555324223e-06 0.00538451460935 -0.00351172410657 6.14927935689e-06 0.0064775124747 -0.00240244599758 -7.51090756985e-06 0.00539671220627 -0.00706934612011 -3.04752240339e-07 0.0100720506204 -0.00657163814568 8.75369090964e-06 0.00953408168839 -0.00486975059497 -6.41421896517e-06 0.00787999460104 -0.00251095387906 -2.22023511394e-06 0.00548962356313 -0.0038936472337 1.7887851538e-06 0.00687695969516 -0.00461101169446 -3.98726534983e-06 0.00757488709936 -0.00273413554361 -1.73286283135e-06 0.00569547302139 -0.00272815165143 -1.52870017632e-06 0.00569393267943 -0.0030576713536 2.08072293108e-06 0.00603502507356 -0.00305739261685 -1.70742101938e-06 0.00603368545766 -0.0119527094358 1.8421735743e-05 0.0150235461435 -0.00388879515093 -1.85162152736e-06 0.00688307607119 -0.00955972989284 6.41641051621e-06 0.0124727236799 -0.00735790383815 -1.48952863053e-05 0.0103864081231 -0.00307909026053 1.03634537239e-06 0.00604359213429 -0.00776597515189 1.88574963299e-05 0.0106975927973 -0.0036142364302 -5.51528427709e-06 0.00659335128341 -0.0042745269348 1.04699699066e-06 0.00722885076392 -0.00529071966135 1.73024966102e-05 0.00824233925267 -0.0105281113109 -1.08413592558e-06 0.0136187054995 -0.00364996571254 1.50221214436e-07 0.00660305192577 -0.00347794963913 -6.83332120119e-07 0.00645064345086 -0.00650542415574 -7.19045322905e-06 0.00945053590016 -0.00279048288351 -3.50666002361e-06 0.00575856102784 -0.00429740237366 3.46109028919e-07 0.00728576713281 -0.00264736254077 -1.44869336451e-06 0.00561734470654 -0.00734870631063 2.89888668743e-06 0.0103468901461 -0.0121611294189 2.17450237733e-05 0.0152097843015 -0.0138306911138 8.89113190143e-06 0.0168831508169 -0.00363337187852 2.19356739652e-06 0.00659223849619 -0.00933162012663 1.80862130002e-06 0.0122174268273 -0.00907137210558 -1.41852747903e-06 0.0121346308532 -0.0039545182337 -4.90561890547e-06 0.006923421939 -0.00427298314235 4.69967411779e-06 0.00720955448598 -0.00929171171542 -5.19794229301e-07 0.0121987535901 -0.0103977061071 1.70213343516e-06 0.0133378591904 -0.00293472684844 4.43808699337e-06 0.00590587246155 -0.00292906917041 -3.39370068246e-06 0.00591369555938 -0.0054175139005 -8.01205333625e-06 0.00841082887951 -0.00517460606775 4.60580656816e-06 0.00816731499346 -0.00867099502798 -4.08533238249e-06 0.0116281470013 -0.00575803100732 2.09982922331e-05 0.008675411187 -0.00411609526355 -1.11568833341e-06 0.0071119004801 -0.016078815977 -7.07946532357e-06 0.018839397482 -0.016154189681 1.84713774762e-05 0.0188292710849 -0.00551953061592 -6.52051298319e-06 0.00847702273767 -0.0160978001059 -3.91396455738e-05 0.018934599619 -0.00384167118916 -8.3256883029e-06 0.00684769521445 -0.0028463268937 3.80853904586e-06 0.00580043647171 -0.00259298772144 -7.40466668739e-07 0.00554938670101 -0.0025954431945 1.13840202897e-06 0.00554948441163 -0.0160338212509 -5.13978763069e-05 0.0189078307358 -0.00481704288545 8.89342259535e-06 0.00775603259471 -0.00384444785485 5.09387375822e-06 0.00679855004416 -0.00627598860794 9.05940640345e-06 0.00924350618055 -0.00243561893154 2.43695160869e-07 0.00540684664234 -0.00261744166128 4.87464263739e-09 0.00558682000632 -0.00616109843292 -1.43922597799e-05 0.00912129915558 -0.00862592768567 1.11545563761e-06 0.0115914683221 -0.00770282699136 -4.01894068996e-06 0.0106348879773 -0.0104142731868 -2.96626230957e-05 0.0134438730748 -0.00604351227784 -1.15880165485e-06 0.00902859301428 -0.0028683226272 -8.97464605487e-08 0.00582111810714 -0.00353859556854 -4.40386153541e-06 0.00651019585299 -0.0052077284876 -4.91030461409e-06 0.00822361244747 -0.0026796157465 -1.00064447576e-06 0.00564339128678 -0.00269069305631 4.80038373143e-06 0.00564303908579 -0.00490614645351 3.58116690159e-06 0.00786330077876 -0.00249995013265 -3.23824787459e-06 0.00548932387305 -0.00794749973917 3.52488015968e-06 0.0109419053287 -0.00250212152312 2.81812037129e-06 0.00548206561572 -0.0102285773251 -5.14973663612e-07 0.0132550829704 -0.00776263483117 -2.24263274124e-05 0.0107577950977 -0.00436089583444 1.55714443291e-06 0.00733500628942 -0.0139433211514 3.07908004771e-07 0.0169204188884 -0.00374626194712 5.02865336002e-06 0.00671005219516 -0.00313688629087 2.48311919138e-06 0.00612132275233 -0.0106289627948 2.79648193372e-05 0.0136522187932 -0.00529830881781 -1.36686707391e-06 0.00825218315486 -0.01034619285 -5.67627116796e-06 0.0132450513913 -0.00662735999851 -8.28906938752e-06 0.00957659240705 -0.00854740936194 8.46414482801e-06 0.0115094298735 -0.00610531274619 -8.73134936529e-06 0.0090748916995 -0.00927490367085 -7.01377817097e-06 0.0122351071514 -0.00343414221846 2.11801147189e-06 0.00641161495304 -0.0137297684718 3.96094045879e-05 0.0166760703439 -0.00272253907787 2.45810202335e-06 0.00567870017221 -0.00411137159331 3.41430696074e-06 0.00706237305374 -0.0137063971435 1.85487720249e-05 0.0166696895604 -0.00261738526376 -1.31040069072e-07 0.00559086479637 -0.00583359098367 -3.24725934477e-06 0.00879155145546 -0.0121765526321 1.28150925688e-06 0.0150206706225 -0.00350992031826 -2.30833433323e-07 0.00647060740662 -0.00407066889851 1.15737601256e-05 0.00699826637217 -0.00405976908322 4.63546649066e-06 0.00700853259116 -0.0148331496904 -1.98795467966e-05 0.0179398182526 -0.0156283008482 -5.21489440715e-06 0.018645778648 -0.0136892662805 -6.99608939227e-06 0.0166778776553 -0.0035735888683 -5.25278117297e-06 0.00655738191567 -0.00260703739612 -1.43935020073e-07 0.00558067282467 -0.00260640763446 -1.24385507399e-06 0.00558196445209 -0.00250939178981 1.53574712388e-06 0.00548636180464 -0.013995323648 3.31783365623e-05 0.0169545572705 -0.00251584814577 -8.98419156613e-07 0.00550436096502 -0.00673244332381 2.72753539321e-05 0.00962403098723 -0.00670612259987 2.66297705707e-06 0.00964948659504 -0.00919327257895 -4.37808149464e-06 0.0120830783421 -0.00252226267587 6.42763933211e-06 0.00549124435843 -0.00587557899383 -1.45672872705e-05 0.00884556511575 -0.00242076357035 2.48942004568e-07 0.00539849916916 -0.00620936739495 2.10312339513e-05 0.00917460669292 -0.00354898492088 3.3780814439e-06 0.00652413397357 -0.0126373635655 2.88707371048e-06 0.015513746696 -0.0029055834671 1.04797733842e-06 0.00587534832589 -0.00288466877948 3.14283484728e-07 0.00584863083066 -0.00273254062788 8.00982019954e-09 0.00569507791797 -0.0087496004138 7.35368541529e-06 0.01164735013 -0.00515335277958 8.80010251121e-06 0.00808525181717 -0.00245795584724 -1.60157168891e-06 0.00543213855923 -0.00294104638195 2.11500567885e-06 0.00591353064542 -0.0100515485906 -6.80243554004e-06 0.0130088785952 -0.00689227010527 -4.40589966907e-09 0.00992121114347 -0.00592657531694 -1.2370634121e-05 0.0088698033929 -0.00582288796329 5.61289457676e-06 0.00879401250635 -0.00411497247823 1.01589110762e-06 0.00709941518976 -0.00478504841293 9.89794031399e-08 0.00772504377447 -0.00246491759092 9.32256310079e-07 0.00544181088163 -0.00317610663086 -1.46881274939e-06 0.00615214077447 -0.00284369660908 8.26569639345e-07 0.0057911802572 -0.0025069121818 2.11233539172e-06 0.00548774046509 -0.00372003217831 8.54556002014e-07 0.00670649443376 -0.00629309378696 -1.29172558574e-05 0.00932770915742 -0.00377968974391 -1.8932764637e-06 0.00675785648944 -0.00241774018194 -5.25316289239e-07 0.00539858129242 -0.00518441280099 -1.12136345831e-06 0.00813903519222 -0.00241869526242 1.41645219885e-06 0.00539086915304 -0.00242041687814 2.80613483471e-06 0.0053958931678 -0.0029580854383 2.43622738567e-07 0.00593597420204 -0.00446929006644 -2.65513548455e-06 0.00742040127069 -0.00484980068136 -4.50258238936e-06 0.00785508760812 -0.00485382204878 7.25938095354e-06 0.00783098187032 -0.0106583166961 -1.19686175639e-06 0.0137075765442 -0.00546889998792 5.19765306289e-06 0.00843050854373 -0.00266775854864 -2.42376970971e-06 0.00563671140751 -0.00768183433761 8.62450242903e-07 0.0106946811132 -0.00268640868422 -1.28279500385e-06 0.00564874100109 -0.00282071379312 -2.75060384149e-06 0.00579743897073 -0.0101499113329 -1.04614755389e-05 0.0130412501789 -0.00723318736997 1.25736371936e-05 0.0101861826168 -0.00587082546202 -7.04981650136e-06 0.00880091197728 -0.00713773733154 8.066578711e-06 0.0100621444857 -0.00819246663538 -8.00517923291e-06 0.0111592925711 -0.00490056470078 8.86247256803e-06 0.00786922238588 -0.00398620940554 1.8784888649e-06 0.00694451470617 -0.0046453772205 -1.54832708622e-06 0.00758463889788 -0.00534615771052 2.68415361065e-06 0.00836159037401 -0.00380474814932 -4.27986833081e-06 0.00677189713284 -0.00653146528987 -1.03549371211e-05 0.00947608524281 -0.00610220918916 1.71471000937e-06 0.00912518979204 -0.00969611514254 -8.51386594884e-06 0.0125582683431 -0.00282156112843 -1.07412066401e-06 0.00577861369022 -0.0031689336612 6.38108460962e-07 0.00614562151653 -0.0028385450401 -5.84255516779e-06 0.00580472314502 -0.00830997851229 2.07700528901e-07 0.0113932241186 -0.00860967112029 9.82635827822e-06 0.0115609110083 -0.0059144934073 3.74849637929e-06 0.00890697702826 -0.0028218689049 -2.06337896719e-06 0.00577513875353 -0.00607353065709 -7.87637912686e-06 0.00904924398981 -0.0186780529554 1.72050128089e-05 0.0219523782728 -0.0102728304971 1.74237438976e-05 0.0132771167931 -0.0187226765408 6.52262735127e-05 0.0218829890768 -0.00510451119218 -6.19861811189e-06 0.00808168490709 -0.0183657820283 5.02289464219e-05 0.0214585060477 -0.00499883206767 -3.97955217918e-06 0.00800164124754 -0.00286666106851 -6.58274219882e-06 0.0058271735434 -0.0163251405928 -2.35798388863e-05 0.0192109658958 -0.00447369535427 -4.86409274475e-06 0.00743544649693 -0.0054880748415 2.36158164162e-06 0.00848541396116 -0.00320505170859 3.2852131698e-06 0.00617096105822 -0.0163246557533 1.07850664689e-05 0.0191196682602 -0.002658478799 -4.57814952988e-07 0.00561982611262 -0.00604032459846 6.62816561244e-06 0.00900213851677 -0.00251755820851 4.62600916158e-06 0.00549088314719 -0.00535193379209 -2.62096283677e-06 0.00829965861287 -0.00319330950581 -3.99151872143e-06 0.00616076061801 -0.00317596097696 2.596292598e-06 0.00615610385938 -0.00243305588201 2.64621778926e-06 0.00540279900617 -0.0044967577959 9.15094738885e-07 0.00745310079746 -0.0157997243128 -2.52502230304e-05 0.018623050004 -0.00331344334137 5.9273337004e-06 0.00628923242624 -0.00401448492183 -9.41211462453e-07 0.00699764639537 -0.00398667429575 1.92470462234e-08 0.0069641123581 -0.00236512816024 -1.46460100494e-06 0.00534746286023 -0.0023568671041 -7.58038145193e-06 0.00534543306919 -0.0196819130875 -2.42225860451e-05 0.0230390199312 -0.0196035163975 -3.5469878497e-05 0.0231216890141 -0.00238076594523 -2.03340195018e-06 0.00536813997628 -0.00270051628815 1.74131307306e-06 0.0056846047333 -0.00305869159357 4.06782269597e-07 0.00600778617867 -0.00269555178649 -1.16519773367e-06 0.00567969620682 -0.00238160903641 3.92186552541e-06 0.00535937772015 -0.00305495432552 -4.54969091892e-06 0.00601782495043 -0.00303828710161 -4.29933519122e-07 0.0060251800675 -0.0026988763754 2.58058868953e-06 0.00565855119062 -0.00238356213809 1.67393876877e-06 0.00536103354196</DataArray>
        <DataArray type="Float64" Name="ShellTopVonMises" format="ascii">0 0 0 0 0 0 0 0 0 0 0 0 0 0 0 0 0 0 0 0 0 0 0 0 0 0 0 0 0 0 0 0 0 0 0 0 0 0 0 0 0 0 0 0 0 0 0 0 0 0 0 0 0 0 0 0 0 0 0 0 0 0 0 0 0 0 0 0 0 0 0 0 0 0 0 0 0 0 0 0 0 0 0 0 0 0 0 0 0 0 0 0 0 0 0 0 0 0 0 0 0 0 0 0 0 0 0 0 0 0 0 0 0 0 0 0 0 0 0 0 0 0 0 0 0 0 0 0 0 0 0 0 0 0 0 0 0 0 0 0 0 0 0 0 0 0 0 0 0 0 0 0 0 0 0 0 0 0 0 0 0 0 0 0 0 0 0 0 0 0 0 0 0 0 0 0 0 0 0 0 0 0 0 0 0 0 0 0 0 0 0 0 0 0 0 0 0 0 0 0 0 0 0 0 0 0 0 0 0 0 0 0 0 0 0 0 0 0 0 0 0 0 0 0 0 0 0 0 0 0 0 0 0 0 0 0 0 0 0 0 0 0 0 0 0 0 0 0 0 0 0 0 0 0 0 0 0 0 0 0 0 0 0 0 0 0 0 0 0 0 0 0 0 0 0 0 0 0 0 0 0</DataArray>
        <DataArray type="Float64" Name="ShellBottomVonMises" format="ascii">0 0 0 0 0 0 0 0 0 0 0 0 0 0 0 0 0 0 0 0 0 0 0 0 0 0 0 0 0 0 0 0 0 0 0 0 0 0 0 0 0 0 0 0 0 0 0 0 0 0 0 0 0 0 0 0 0 0 0 0 0 0 0 0 0 0 0 0 0 0 0 0 0 0 0 0 0 0 0 0 0 0 0 0 0 0 0 0 0 0 0 0 0 0 0 0 0 0 0 0 0 0 0 0 0 0 0 0 0 0 0 0 0 0 0 0 0 0 0 0 0 0 0 0 0 0 0 0 0 0 0 0 0 0 0 0 0 0 0 0 0 0 0 0 0 0 0 0 0 0 0 0 0 0 0 0 0 0 0 0 0 0 0 0 0 0 0 0 0 0 0 0 0 0 0 0 0 0 0 0 0 0 0 0 0 0 0 0 0 0 0 0 0 0 0 0 0 0 0 0 0 0 0 0 0 0 0 0 0 0 0 0 0 0 0 0 0 0 0 0 0 0 0 0 0 0 0 0 0 0 0 0 0 0 0 0 0 0 0 0 0 0 0 0 0 0 0 0 0 0 0 0 0 0 0 0 0 0 0 0 0 0 0 0 0 0 0 0 0 0 0 0 0 0 0 0 0 0 0 0 0</DataArray>
      </CellData>
    </Piece>
  </UnstructuredGrid>
</VTKFile>
