<?xml version="1.0"?>
<VTKFile type="UnstructuredGrid" version="0.1" byte_order="LittleEndian">
  <UnstructuredGrid>
    <Piece NumberOfPoints="200" NumberOfCells="585">
      <Points>
        <DataArray type="Float64" NumberOfComponents="3" format="ascii">3 1.22460635382e-16 0.5 0 1.22460635382e-16 0.5 3 -0.270320408728 0.420626766416 3 -0.454815997677 0.207707506501 3 -0.49491072094 -0.0711574191366 3 -0.377874787177 -0.327430366973 3 -0.140866278421 -0.479746486807 3 0.140866278421 -0.479746486807 3 0.377874787177 -0.327430366973 3 0.49491072094 -0.0711574191366 3 0.454815997677 0.207707506501 3 0.270320408728 0.420626766416 0.272727272727 1.22460635382e-16 0.5 0.545454545455 1.22460635382e-16 0.5 0.818181818182 1.22460635382e-16 0.5 1.09090909091 1.22460635382e-16 0.5 1.36363636364 1.22460635382e-16 0.5 1.63636363636 1.22460635382e-16 0.5 1.90909090909 1.22460635382e-16 0.5 2.18181818182 1.22460635382e-16 0.5 2.45454545455 1.22460635382e-16 0.5 2.72727272727 1.22460635382e-16 0.5 0 -0.270320408728 0.420626766416 0 -0.454815997677 0.207707506501 0 -0.49491072094 -0.0711574191366 0 -0.377874787177 -0.327430366973 0 -0.140866278421 -0.479746486807 0 0.140866278421 -0.479746486807 0 0.377874787177 -0.327430366973 0 0.49491072094 -0.0711574191366 0 0.454815997677 0.207707506501 0 0.270320408728 0.420626766416 1.5 -0.22950630473 0.444214876033 1.22790311124 0.22948731862 0.444224684808 2.75828156504 0.269708775755 -0.421019211296 0.261482666435 -0.295292320161 -0.403487850689 2.75685452833 -0.454815997677 -0.207707506501 2.0457957548 0.228720899996 0.444619781279 0.236140589501 0.454983921905 -0.207339409684 2.04105690404 -0.247361755501 0.434525214361 0.954545454545 -0.22950630473 0.444214876033 2.75373510583 0.498349603277 0.0405915374609 0.24905397776 -0.495200868446 0.0691093328717 0.683796009232 0.227857743902 0.445062746749 2.59090909091 -0.22950630473 0.444214876033 0.273351064982 0.390468210858 0.312305261418 0.441915888574 -0.249356969358 0.433383319744 2.58127410894 0.219923560865 0.449036331911 0.955026926324 0.229252130295 0.444346104692 1.09062756151 0.408355185701 0.288523902495 1.36528456828 0.408267015932 0.288648650962 1.22803155824 0.495469547107 0.0671559966764 1.50347270358 0.495462089157 0.0672109976752 0.95284805886 0.495469324494 0.0671576390695 1.09067009945 0.469893576642 -0.170880152828 0.833969408018 0.466667878713 -0.179502342541 0.955011639384 0.335147112208 -0.371047723587 1.22892635091 0.336738186341 -0.369604374785 0.703652375132 0.340430787396 -0.366206060836 0.813488632595 0.125252619304 -0.484057621939 0.674077412774 0.495975865238 0.0633083019966 0.51072711344 0.133968021279 -0.481718350569 0.681061341474 -0.119042431446 -0.485622177743 0.953505806186 -0.116483624642 -0.486242290623 0.814756681682 -0.329791345789 -0.375816003175 1.0908745723 -0.329201060547 -0.376333179157 0.952181186248 -0.466675951019 -0.179481354855 1.22902958624 -0.466601785013 -0.17967407777 1.36736481936 -0.3295435077 -0.376033344975 1.50557959736 -0.466646070579 -0.17955902877 1.64389902265 -0.329697273146 -0.375898534288 1.78206703219 -0.466779523362 -0.179211820396 1.92095907209 -0.329700459081 -0.375895739909 1.78247163352 -0.116474879502 -0.486244385515 2.06028644174 -0.116455481093 -0.486249031797 1.92143937647 0.124174322922 -0.48433535647 2.05878063278 -0.466785600395 -0.179195991206 2.19969524284 0.124113768801 -0.484350877354 2.06056370196 0.336249514241 -0.370049002394 2.33876127846 -0.117096521859 -0.486095057132 1.78284190508 0.335906700354 -0.370360214733 1.92080529535 0.470105826344 -0.170295367047 2.19914609609 0.470120398312 -0.170255135285 0.675102027523 -0.466715066216 -0.179379616922 1.63809213763 0.407483422937 0.289753792092 1.64350901479 -0.496797122423 0.0565032667406 0.814038402833 -0.496756701957 0.0568575330133 2.05469145003 0.495295361851 0.0684288282037 2.31055383703 0.493747572858 0.0788247061312 2.49626548549 0.479992086872 -0.140027127871 2.51544805477 0.135461103925 -0.481300622609 2.57151457727 -0.120083664632 -0.485365752282 2.50474971198 -0.348218745075 -0.35880873119 0.541715874073 -0.49691706259 0.0554385507299 0.675276697514 -0.411831917763 0.283539188671 0.412034184415 -0.462845894326 -0.189139308727 1.77862557179 0.495366143956 0.0679145302734 2.756773121 0.448178028646 -0.221667441541 1.09069891311 -0.496870627687 0.0558531945518 1.36735614715 -0.496930349607 0.0553193242822 1.22942237189 -0.413310675104 0.281379256245 1.22907495416 -0.115991502223 -0.486359919619 1.09058062332 0.124568023618 -0.484234248574 1.92037851532 -0.496782480011 0.056631859889 2.1613190436 -0.494866038982 0.07146749934 1.78134612395 -0.412683341363 0.282298529506 2.20439236312 -0.334011898614 -0.372069955229 1.50083925686 0.229322893008 0.444309588848 2.33289876438 0.344377494049 -0.36249709184 1.50544672716 -0.116429567564 -0.486255237295 1.64309771512 0.123636366612 -0.484472959876 1.50595565444 0.335480301917 -0.370746499681 1.64332864897 0.469821925919 -0.171077052599 1.36737896147 0.469714193373 -0.17137262484 2.31667077939 0.227387782537 0.445303038787 0.817403472831 0.408112333082 0.288867311384 1.36721705246 0.12414810153 -0.484342078377 2.31818181818 -0.22950630473 0.444214876033 2.46294990441 -0.406640342062 0.290935787087 2.74933655717 -0.399441813501 0.300742809768 2.59319652185 -0.496027059911 0.0629059284646 0.5407049764 -0.327480980301 -0.377830924543 1.7731537246 0.228615458528 0.444674006574 2.30898971353 -0.472372141498 -0.163904118121 1.91210910192 0.407448859734 0.289802392505 0.239974636012 0.496647407714 0.0578044324539 0.236095101584 0.267528967685 -0.422407683937 0.24322009145 0.00114344510173 -0.499998692532 2.18229800609 0.406965986481 0.290480095441 2.45300528851 0.397499589522 0.303305252723 0.225786497144 -0.378195152273 0.327060280067 2.74355288009 0.389813174944 0.31312248185 0.423337957532 0.220569189355 0.448719547944 0.553060016406 0.398405180885 0.302114732914 1.22727272727 -0.218459835596 0.449750264293 1.50464871282 -0.43473887639 0.246986050932 0.952716474799 -0.434493904707 0.247416747154 1.77272727273 -0.217971927841 0.44998693167 2.03018737685 -0.426195679979 0.261452179887 0.681818181818 -0.217192165165 0.450363812257 0.436717089158 0.493321708349 -0.0814474804473 2.77065528172 -0.288005977639 -0.408720634229 0.448984211596 0.37970281153 -0.325308737842 0.436211662457 -0.138954719578 -0.480303639281 2.77833226184 0.0392729186238 -0.498455251615 0.434489950679 -0.430262859154 0.254703498272 2.82272967934 -0.49491072094 0.0711574191366 2.56195699229 0.359231337896 -0.347782756723 0.179873224417 -0.455849864207 -0.205428579565 0.203034990078 0.201214174853 0.457725743037 2.55026407942 -0.477539723947 -0.148174937331 0.195167224966 -0.197968664922 0.459138767378 2.80198684753 0.196642504475 0.459708304726 2.80198684753 -0.196642504475 0.459708304726 2.54514514994 0.485458119814 0.119709706819 0.608938095881 0.454192175636 -0.209068093193 2.24371654366 -0.394557468556 0.307122783275 2.3827186054 -0.49423506886 0.0757079699172 0.445822864525 0.482595633746 0.130772528804 3 0.226457377238 -0.0970238743297 3 -0.19770671856 0.177277578672 3 -0.141210253759 -0.219727443825 3 0.24358522274 0.126372509113 3 -0.00323431920099 0.000844270411042 3 0.00710736416331 0.274291315171 3 -0.278404018252 -0.0400284547856 3 0.0766479319091 -0.267138398055 0 0.226457377238 -0.0970238743297 0 -0.19770671856 0.177277578672 0 -0.141210253759 -0.219727443825 0 0.24358522274 0.126372509113 0 -0.00323431920099 0.000844270411042 0 0.00710736416331 0.274291315171 0 -0.278404018252 -0.0400284547856 0 0.0766479319091 -0.267138398055 1.97881513229 0.0010410436422 0.00132038306391 1.15928245178 9.73173643778e-05 9.6707429104e-05 0.615510437292 0.000342542599623 0.00364971481329 2.47901597124 0.000215005926232 0.000396594698378 1.56889644608 0.021250823579 0.0867891010656 0.326104616647 -0.150360782442 0.096564733909 0.327104763528 0.177895420523 -0.0201306253749 1.72391656317 -0.0951234944793 -0.17033176791 1.41537919458 -0.00711848691461 -0.194555168507 0.888590870803 0.0429307774105 0.181726988374 0.886612130323 -0.15132391792 -0.107703185095 2.2294039891 0.120961600347 0.157730669206 2.22763733013 -0.18422179015 0.0696323762713 1.75689536489 0.19791911473 -0.0814536308665 0.912072286542 0.163554174122 -0.109301543617 2.70172915561 -0.11806799708 0.178490000665 2.2288046262 0.116403332632 -0.162728578807 1.35962302281 0.22773435866 0.0115822600234 1.3779714169 -0.200240318363 0.0293162956751 2.70363986883 0.156305481098 -0.140339906224 2.71385774318 -0.145276009612 -0.122330165974 0.297683967622 -0.0701920127105 -0.198202770683 1.81079155249 -0.0343830716124 0.231969000278 1.32393476296 0.0461324409496 0.224518218831 1.8369548308 -0.233286372348 0.041234218225</DataArray>
      </Points>
      <Cells>
        <DataArray type="Int32" Name="connectivity" format="ascii">47 178 131 190 132 177 13 180 101 102 63 176 131 190 178 194 72 76 106 175 76 106 175 187 47 129 131 178 74 72 106 175 177 180 132 181 106 187 178 191 74 175 106 191 175 187 106 191 101 176 63 185 102 63 176 185 176 189 49 192 65 183 176 193 51 49 189 192 154 131 178 194 13 132 43 177 136 184 176 185 136 176 98 185 176 184 134 198 65 176 67 193 133 43 132 177 129 154 131 178 87 175 124 188 75 74 175 182 68 183 65 193 76 175 72 199 101 65 176 185 106 178 79 191 51 49 53 189 133 177 132 181 132 180 149 181 102 185 176 189 106 92 178 187 68 65 67 193 67 176 98 193 101 176 65 183 124 175 87 186 15 134 184 198 57 176 102 183 72 175 74 182 134 193 176 198 131 162 190 194 98 176 67 185 124 188 175 197 117 178 20 190 115 133 60 177 102 176 101 183 117 20 178 186 176 184 49 189 84 188 124 197 115 133 177 184 93 177 86 185 95 83 121 177 65 67 176 185 102 176 57 189 75 175 74 191 106 92 79 178 115 177 60 184 117 20 44 190 179 197 135 199 175 187 186 197 101 63 65 185 60 133 158 177 118 187 117 190 158 177 133 181 12 149 132 180 47 178 20 186 75 182 175 188 93 86 83 185 93 83 177 185 117 186 178 187 95 93 83 177 59 177 185 189 43 177 133 184 60 177 158 181 152 47 131 190 179 188 84 197 87 186 175 191 20 178 47 190 76 187 175 199 95 177 121 196 106 123 92 187 57 189 176 192 117 187 178 190 139 177 13 184 122 84 124 197 121 177 83 185 60 184 177 189 62 143 121 196 175 182 72 199 102 63 185 189 115 43 133 184 43 13 177 184 62 121 177 196 59 177 62 185 57 54 189 192 49 184 176 198 88 178 186 191 95 93 177 180 59 58 177 189 60 155 177 181 136 40 176 184 135 193 179 199 176 192 49 198 157 178 150 187 57 176 183 192 47 129 178 186 95 180 177 196 60 177 155 189 117 44 118 190 88 178 154 186 59 61 62 177 59 58 61 177 132 13 12 180 149 180 172 181 58 155 142 177 51 189 54 192 115 184 60 189 142 177 155 181 121 62 177 185 88 89 178 191 62 177 61 196 91 194 178 195 152 131 162 190 61 58 142 177 91 178 92 195 62 61 143 196 81 188 78 191 60 140 155 181 88 89 154 178 47 20 114 186 79 92 91 178 98 136 100 176 68 101 65 183 134 176 40 184 33 184 49 198 79 91 90 178 53 49 184 189 52 84 179 188 120 150 157 178 52 188 179 192 129 154 178 186 51 53 54 189 92 178 150 195 90 178 91 194 84 52 179 192 136 94 184 185 122 179 84 197 18 37 186 197 39 186 187 197 177 184 94 185 155 177 58 189 33 48 49 184 79 178 90 191 120 150 178 195 183 188 111 192 14 139 13 184 93 94 86 177 87 81 82 191 98 176 100 193 139 177 94 180 66 98 67 185 86 177 94 185 187 197 175 199 182 183 69 193 84 179 107 192 147 89 191 194 60 158 140 181 85 193 135 199 70 69 182 183 18 186 19 197 172 149 12 180 139 94 177 184 96 87 124 188 134 100 176 193 154 178 89 194 75 73 74 182 129 88 154 186 39 19 186 197 47 114 129 186 18 37 19 186 157 150 123 187 110 111 183 188 84 96 124 188 154 41 131 194 152 162 164 190 136 86 94 185 100 40 134 176 90 147 191 194 84 107 50 192 33 15 184 198 132 149 45 181 107 192 179 198 136 40 100 176 107 84 122 179 178 191 89 194 15 134 40 184 43 14 13 184 162 163 190 194 70 68 69 183 112 111 188 192 116 57 102 183 69 71 182 199 121 64 62 185 110 183 182 188 135 179 32 197 33 15 48 184 121 83 64 185 120 178 190 195 53 115 60 189 107 17 179 197 80 75 78 188 139 94 46 180 107 179 122 197 75 110 182 188 65 66 67 185 107 122 17 197 69 85 71 199 90 191 178 194 124 87 128 186 53 49 115 184 170 149 172 181 94 177 93 180 179 193 182 199 50 192 107 198 105 135 197 199 122 124 37 197 53 184 115 189 39 187 138 199 87 82 186 191 69 183 68 193 87 82 88 186 39 197 187 199 57 183 111 192 21 47 152 190 75 80 110 188 117 19 20 186 41 162 131 194 74 106 79 191 55 60 155 189 133 132 45 181 21 20 47 190 19 39 186 187 73 72 74 182 108 147 89 191 102 57 56 189 19 186 117 187 94 93 145 180 59 185 63 189 104 187 76 199 52 96 84 188 102 59 63 189 88 186 82 191 50 49 192 198 116 102 101 183 108 90 147 191 45 149 170 181 142 181 126 196 81 78 82 191 86 136 98 185 107 179 17 198 172 180 171 181 104 76 103 199 32 179 135 193 124 128 37 186 57 111 113 192 13 46 12 180 39 18 19 197 63 59 62 185 112 113 111 192 112 188 52 192 104 138 187 199 179 188 183 192 142 126 61 196 104 103 138 199 76 123 106 187 88 82 89 191 96 81 87 188 50 33 49 198 75 74 77 191 46 94 145 180 57 54 56 189 111 110 80 188 158 133 45 181 71 76 72 199 81 80 78 188 164 162 163 190 95 148 180 196 148 173 180 196 75 110 73 182 113 54 57 192 136 94 40 184 139 40 94 184 116 111 57 183 19 117 39 187 70 109 68 183 69 71 70 182 71 72 182 199 70 182 109 183 66 86 98 185 49 48 115 184 84 50 52 192 172 171 170 181 179 182 175 197 110 109 182 183 175 182 179 188 91 144 194 195 179 193 32 198 134 32 193 198 67 69 68 193 55 53 60 189 105 135 32 197 38 167 126 181 174 126 167 181 163 190 194 195 32 17 179 198 126 181 174 196 172 12 151 180 175 188 179 197 16 107 17 198 142 155 140 181 50 49 51 192 17 32 179 197 175 197 182 199 19 114 20 186 87 88 128 186 179 183 176 192 148 42 95 180 176 183 179 193 182 183 179 188 173 42 148 180 179 192 176 198 21 44 20 190 176 193 179 198 78 75 77 191 182 197 179 199 21 152 164 190 146 160 165 190 165 146 190 195 146 120 190 195 67 98 99 193 105 32 137 197 172 151 168 180 64 63 62 185 179 183 182 193 55 155 58 189 144 90 91 194 52 112 96 188 102 56 59 189 148 169 173 196 110 111 116 183 118 156 117 187 174 167 171 181 74 79 77 191 18 122 37 197 110 109 73 182 112 52 113 192 41 159 162 194 130 42 168 180 82 108 89 191 95 42 93 180 144 161 166 195 174 181 171 196 171 181 180 196 32 16 17 198 135 105 85 199 160 146 119 190 163 165 160 190 130 168 151 180 85 69 99 193 154 89 41 194 167 38 125 181 83 86 66 185 173 171 180 196 48 43 115 184 173 168 42 180 112 111 80 188 76 104 123 187 151 12 46 180 128 88 129 186 77 79 90 191 163 162 159 194 65 63 64 185 144 166 194 195 173 169 171 196 113 51 54 192 35 169 148 196 186 187 175 191 172 168 171 180 178 194 190 195 97 159 41 194 14 40 139 184 97 34 159 194 38 126 142 181 39 117 156 187 161 144 141 195 127 61 126 196 72 70 71 182 165 190 163 195 145 93 42 180 68 109 101 183 39 138 105 199 85 99 135 193 125 45 170 181 134 32 100 193 39 156 138 187 125 170 167 181 110 116 109 183 17 137 32 197 180 181 177 196 71 103 76 199 8 159 97 34 118 119 120 190 67 99 69 193 109 70 73 182 95 121 35 196 120 119 146 190 83 66 64 185 48 14 43 184 48 15 14 184 35 127 169 196 16 134 15 198 166 161 163 195 166 163 194 195 146 36 120 195 34 166 159 194 173 171 168 180 39 105 197 199 66 65 64 185 176 185 184 189 95 35 148 196 54 53 55 189 42 23 130 168 178 187 186 191 33 50 107 198 125 158 45 181 97 41 89 194 98 100 99 193 37 114 19 186 184 185 177 189 38 28 126 167 114 128 129 186 108 77 90 191 91 141 144 195 59 56 58 189 126 174 127 196 165 36 146 195 100 32 135 193 26 169 35 127 120 36 150 195 72 73 70 182 174 169 127 196 8 159 34 166 101 109 116 183 118 157 156 187 153 21 164 190 165 161 36 195 37 128 114 186 167 38 29 125 140 38 142 181 127 143 61 196 118 44 119 190 39 105 137 197 173 23 42 168 130 151 46 180 134 16 32 198 170 171 167 181 147 90 34 194 153 160 119 190 121 143 35 196 33 16 15 198 15 40 14 184 144 6 161 141 157 123 104 187 156 104 138 187 153 164 160 190 90 144 34 194 174 171 169 196 91 92 141 195 96 112 81 188 174 126 28 167 161 141 36 195 160 164 163 190 161 5 165 36 159 41 9 97 89 147 97 194 35 25 148 169 130 145 42 180 56 54 55 189 127 26 169 174 112 80 81 188 140 158 125 181 145 130 46 180 36 92 150 195 166 34 144 194 159 166 163 194 17 122 18 197 140 125 38 181 6 166 144 161 131 11 152 162 56 55 58 189 170 167 29 125 51 52 50 192 146 3 160 119 164 152 11 162 33 107 16 198 103 71 85 199 36 161 5 141 78 108 82 191 157 104 156 187 165 163 161 195 172 170 31 149 153 44 21 190 162 41 9 159 113 52 51 192 170 45 31 149 18 39 137 197 2 160 119 153 100 135 99 193 170 125 30 45 0 153 21 164 78 77 108 191 10 131 41 162 137 17 18 197 173 148 25 169 0 21 152 164 146 160 3 165 92 36 141 195 130 22 151 168 147 34 97 194 127 27 174 126 2 160 153 164 148 173 24 42 35 25 169 26 172 151 22 168 34 7 8 166 153 119 44 190 138 103 105 199 172 12 1 151 165 4 146 36 9 8 159 97 24 173 23 42 172 1 12 149 125 29 170 30 45 30 170 31 143 127 35 196 3 2 160 119 28 38 29 167 10 11 131 162 9 10 41 162 5 4 165 36 26 127 27 174 103 85 105 199 27 174 126 28 166 34 7 144 22 130 23 168 153 0 2 164 151 1 172 22 11 0 152 164 161 6 5 141 166 7 6 144 172 31 1 149 25 148 173 24 146 3 4 165 186 197 124 175 124 197 186 37 191 188 87 81 191 87 188 175 188 191 75 78 75 191 188 175 187 92 150 123 187 150 92 178 180 139 13 46 180 13 139 177 120 190 157 118 120 157 190 178 187 157 190 118 187 190 157 178 199 69 193 182 199 193 69 85 196 142 177 61 196 177 142 181</DataArray>
        <DataArray type="Int32" Name="offsets" format="ascii">4 8 12 16 20 24 28 32 36 40 44 48 52 56 60 64 68 72 76 80 84 88 92 96 100 104 108 112 116 120 124 128 132 136 140 144 148 152 156 160 164 168 172 176 180 184 188 192 196 200 204 208 212 216 220 224 228 232 236 240 244 248 252 256 260 264 268 272 276 280 284 288 292 296 300 304 308 312 316 320 324 328 332 336 340 344 348 352 356 360 364 368 372 376 380 384 388 392 396 400 404 408 412 416 420 424 428 432 436 440 444 448 452 456 460 464 468 472 476 480 484 488 492 496 500 504 508 512 516 520 524 528 532 536 540 544 548 552 556 560 564 568 572 576 580 584 588 592 596 600 604 608 612 616 620 624 628 632 636 640 644 648 652 656 660 664 668 672 676 680 684 688 692 696 700 704 708 712 716 720 724 728 732 736 740 744 748 752 756 760 764 768 772 776 780 784 788 792 796 800 804 808 812 816 820 824 828 832 836 840 844 848 852 856 860 864 868 872 876 880 884 888 892 896 900 904 908 912 916 920 924 928 932 936 940 944 948 952 956 960 964 968 972 976 980 984 988 992 996 1000 1004 1008 1012 1016 1020 1024 1028 1032 1036 1040 1044 1048 1052 1056 1060 1064 1068 1072 1076 1080 1084 1088 1092 1096 1100 1104 1108 1112 1116 1120 1124 1128 1132 1136 1140 1144 1148 1152 1156 1160 1164 1168 1172 1176 1180 1184 1188 1192 1196 1200 1204 1208 1212 1216 1220 1224 1228 1232 1236 1240 1244 1248 1252 1256 1260 1264 1268 1272 1276 1280 1284 1288 1292 1296 1300 1304 1308 1312 1316 1320 1324 1328 1332 1336 1340 1344 1348 1352 1356 1360 1364 1368 1372 1376 1380 1384 1388 1392 1396 1400 1404 1408 1412 1416 1420 1424 1428 1432 1436 1440 1444 1448 1452 1456 1460 1464 1468 1472 1476 1480 1484 1488 1492 1496 1500 1504 1508 1512 1516 1520 1524 1528 1532 1536 1540 1544 1548 1552 1556 1560 1564 1568 1572 1576 1580 1584 1588 1592 1596 1600 1604 1608 1612 1616 1620 1624 1628 1632 1636 1640 1644 1648 1652 1656 1660 1664 1668 1672 1676 1680 1684 1688 1692 1696 1700 1704 1708 1712 1716 1720 1724 1728 1732 1736 1740 1744 1748 1752 1756 1760 1764 1768 1772 1776 1780 1784 1788 1792 1796 1800 1804 1808 1812 1816 1820 1824 1828 1832 1836 1840 1844 1848 1852 1856 1860 1864 1868 1872 1876 1880 1884 1888 1892 1896 1900 1904 1908 1912 1916 1920 1924 1928 1932 1936 1940 1944 1948 1952 1956 1960 1964 1968 1972 1976 1980 1984 1988 1992 1996 2000 2004 2008 2012 2016 2020 2024 2028 2032 2036 2040 2044 2048 2052 2056 2060 2064 2068 2072 2076 2080 2084 2088 2092 2096 2100 2104 2108 2112 2116 2120 2124 2128 2132 2136 2140 2144 2148 2152 2156 2160 2164 2168 2172 2176 2180 2184 2188 2192 2196 2200 2204 2208 2212 2216 2220 2224 2228 2232 2236 2240 2244 2248 2252 2256 2260 2264 2268 2272 2276 2280 2284 2288 2292 2296 2300 2304 2308 2312 2316 2320 2324 2328 2332 2336 2340</DataArray>
        <DataArray type="UInt8" Name="types" format="ascii">10 10 10 10 10 10 10 10 10 10 10 10 10 10 10 10 10 10 10 10 10 10 10 10 10 10 10 10 10 10 10 10 10 10 10 10 10 10 10 10 10 10 10 10 10 10 10 10 10 10 10 10 10 10 10 10 10 10 10 10 10 10 10 10 10 10 10 10 10 10 10 10 10 10 10 10 10 10 10 10 10 10 10 10 10 10 10 10 10 10 10 10 10 10 10 10 10 10 10 10 10 10 10 10 10 10 10 10 10 10 10 10 10 10 10 10 10 10 10 10 10 10 10 10 10 10 10 10 10 10 10 10 10 10 10 10 10 10 10 10 10 10 10 10 10 10 10 10 10 10 10 10 10 10 10 10 10 10 10 10 10 10 10 10 10 10 10 10 10 10 10 10 10 10 10 10 10 10 10 10 10 10 10 10 10 10 10 10 10 10 10 10 10 10 10 10 10 10 10 10 10 10 10 10 10 10 10 10 10 10 10 10 10 10 10 10 10 10 10 10 10 10 10 10 10 10 10 10 10 10 10 10 10 10 10 10 10 10 10 10 10 10 10 10 10 10 10 10 10 10 10 10 10 10 10 10 10 10 10 10 10 10 10 10 10 10 10 10 10 10 10 10 10 10 10 10 10 10 10 10 10 10 10 10 10 10 10 10 10 10 10 10 10 10 10 10 10 10 10 10 10 10 10 10 10 10 10 10 10 10 10 10 10 10 10 10 10 10 10 10 10 10 10 10 10 10 10 10 10 10 10 10 10 10 10 10 10 10 10 10 10 10 10 10 10 10 10 10 10 10 10 10 10 10 10 10 10 10 10 10 10 10 10 10 10 10 10 10 10 10 10 10 10 10 10 10 10 10 10 10 10 10 10 10 10 10 10 10 10 10 10 10 10 10 10 10 10 10 10 10 10 10 10 10 10 10 10 10 10 10 10 10 10 10 10 10 10 10 10 10 10 10 10 10 10 10 10 10 10 10 10 10 10 10 10 10 10 10 10 10 10 10 10 10 10 10 10 10 10 10 10 10 10 10 10 10 10 10 10 10 10 10 10 10 10 10 10 10 10 10 10 10 10 10 10 10 10 10 10 10 10 10 10 10 10 10 10 10 10 10 10 10 10 10 10 10 10 10 10 10 10 10 10 10 10 10 10 10 10 10 10 10 10 10 10 10 10 10 10 10 10 10 10 10 10 10 10 10 10 10 10 10 10 10 10 10 10 10 10 10 10 10 10 10 10 10 10 10 10 10 10 10 10 10 10 10 10 10 10 10 10 10 10 10 10 10 10 10 10 10 10 10 10 10 10 10 10 10 10 10 10 10 10 10 10</DataArray>
      </Cells>
      <PointData Vectors="Displacement">
        <DataArray type="Float64" Name="Displacement" NumberOfComponents="3" format="ascii">-5.54847258856e-10 -3.66920013741e-07 -8.72028232691e-10 0 0 0 3.54401179335e-10 -3.08980971454e-07 -2.0305279527e-07 4.97818928969e-10 -1.55855843246e-07 -3.34027005314e-07 3.32102937202e-10 5.05200259038e-08 -3.63467596168e-07 7.11342739581e-10 2.42201139559e-07 -2.77063744985e-07 -5.14813273025e-10 3.5138500344e-07 -1.06752086884e-07 -1.46741422729e-09 3.50420000904e-07 1.01532930521e-07 -1.32123056555e-10 2.37251504741e-07 2.78495071425e-07 9.29629583218e-10 5.31424930817e-08 3.60996205701e-07 6.06179581483e-10 -1.52464189919e-07 3.30150547482e-07 -1.51523025662e-09 -3.06758254867e-07 1.97594976279e-07 -3.82728280556e-10 -3.46374667966e-08 1.20349841841e-09 2.04761588059e-10 -6.93101566301e-08 -2.61325014295e-09 4.15912986832e-10 -9.86729018214e-08 1.26141691033e-09 -6.90484812022e-10 -1.34887018966e-07 6.42386209029e-10 5.11049438084e-10 -1.6464744713e-07 3.64503482978e-10 1.43221085678e-09 -1.92408374407e-07 3.4777259138e-10 7.8486944957e-10 -2.4041864584e-07 -2.02130944617e-09 5.91013008371e-10 -2.61566874581e-07 -1.75283917082e-09 -5.15889409899e-10 -2.99543154767e-07 2.23874296478e-09 -5.00717647447e-10 -3.33649142309e-07 -2.39349096281e-09 0 0 0 0 0 0 0 0 0 0 0 0 0 0 0 0 0 0 0 0 0 0 0 0 0 0 0 0 0 0 6.07591205202e-10 -1.60400298927e-07 -8.2418190659e-08 -3.54828604558e-10 -1.29024394007e-07 6.48084970443e-08 -4.24478046395e-10 2.82613439078e-07 1.80076163012e-07 -6.52481541218e-10 2.77595002591e-08 -2.10473338413e-08 9.3003282022e-10 1.36567580674e-07 -3.06111957182e-07 2.86544876583e-10 -2.19314849258e-07 1.10544119726e-07 -9.24802811197e-11 1.35086051604e-08 2.96617748913e-08 3.36385001812e-10 -2.16792239605e-07 -1.27092262434e-07 -9.07734556977e-10 -1.09237876586e-07 -5.46394116886e-08 6.13894760424e-10 -2.74397894103e-08 3.31256800413e-07 3.08076887172e-10 -4.70229740617e-09 -3.08652964632e-08 8.65270799575e-10 -7.00574441056e-08 3.66777601358e-08 -1.38140957852e-10 -2.78574445835e-07 -1.45435821585e-07 -4.23203423768e-10 -2.37699349321e-08 2.91574226141e-08 -6.79469174025e-10 -5.11889664773e-08 -2.82211384791e-08 8.64823691156e-11 -2.8019269111e-07 1.39195948876e-07 -8.36355576805e-10 -1.02352434183e-07 5.44622451583e-08 5.89546918539e-10 -7.6795930259e-08 1.08540399871e-07 8.0170964904e-10 -9.78985822383e-08 1.33785667083e-07 5.70673135926e-10 -1.93949835593e-08 1.41409237314e-07 1.55017975277e-10 -2.67804731563e-08 1.85038163828e-07 1.90468645144e-09 -1.68064141456e-08 1.10304933295e-07 2.69271524351e-10 4.36421574184e-08 1.2585743147e-07 -3.90422678551e-10 3.51132428621e-08 9.21591881081e-08 -1.36851490517e-10 8.54898145706e-08 7.80357200718e-08 -2.14134751019e-10 1.05375107131e-07 9.86867116581e-08 -8.9150464305e-10 6.44461942996e-08 5.62108156021e-08 -1.56039577026e-09 9.56792398276e-08 2.46914985067e-08 -2.31393888113e-10 -9.27806366514e-09 8.11621986804e-08 -1.20366622252e-09 6.5316127574e-08 1.80871665791e-08 -2.70930038221e-10 8.13214302288e-08 -1.7173724823e-08 -7.17032117294e-10 1.20273559054e-07 -2.681072457e-08 6.03180874195e-10 7.38404411531e-08 -6.59474572571e-08 -7.50046579694e-10 1.014416394e-07 -9.02669056366e-08 -1.50334247225e-09 4.03926139648e-08 -1.08228136112e-07 -9.14848589829e-10 5.02767635734e-08 -1.34536660983e-07 -3.78138934442e-10 1.22066025224e-07 -1.09762864723e-07 7.51484020275e-10 6.74718695549e-08 -1.71922692878e-07 -2.32813948608e-10 1.47800207968e-07 -1.30147175846e-07 6.63286080136e-10 7.94617288228e-08 -2.00564021552e-07 -1.60270121136e-09 1.78762120085e-07 -1.5804152539e-07 -9.48031144956e-10 2.13083308876e-07 -5.29966090434e-08 -1.73206593832e-09 2.42309383715e-07 -6.31906172335e-08 -5.64661281338e-10 2.29607778299e-07 5.56255863001e-08 1.79024630915e-10 9.29160684398e-08 -2.36216554574e-07 -6.01367262232e-11 2.56345761651e-07 6.48481341384e-08 6.26063508499e-10 1.82490023363e-07 1.64534591617e-07 2.90022769554e-10 2.74529808326e-07 -6.46104550037e-08 -1.12756763411e-09 1.62071067662e-07 1.44930494943e-07 6.28265277659e-10 8.04508476492e-08 2.22347338415e-07 2.36960763671e-09 9.04187039993e-08 2.50699953886e-07 1.01252954636e-11 2.79202863622e-08 -7.48970541171e-08 -8.13198724985e-10 -1.1671645791e-07 1.62938304376e-07 -2.38635117434e-11 -2.19453369976e-08 -1.94144580752e-07 -2.85263659632e-10 -1.07863972997e-08 -9.16237088072e-08 1.54669340628e-09 -3.37214451106e-08 2.43348311575e-07 1.76420966122e-09 -4.533104858e-08 2.81193940524e-07 2.35873439554e-10 8.53904050717e-08 2.87676943794e-07 -3.39116308487e-10 2.89372892159e-07 8.38345580603e-08 -4.58152606848e-10 2.97486345695e-07 -7.40465415732e-08 1.43625199554e-09 2.09746323219e-07 -2.09687207813e-07 -1.64339269432e-09 -1.18397680662e-08 -7.31746984527e-08 -1.05508651753e-09 -4.80891459193e-08 -7.11625828926e-08 -7.31857601992e-10 2.09722276199e-08 -5.31218746069e-08 8.68231118719e-10 -3.05552383377e-08 2.14199742464e-07 1.89057896007e-10 1.47336721379e-07 2.98406872012e-07 -3.47219893795e-10 -1.27575888528e-08 -1.30892445273e-07 -5.24840283317e-10 -1.86846261652e-08 -1.63771879197e-07 1.39205721297e-09 -7.97848614384e-08 -1.18594041566e-07 4.4922386485e-10 1.3618538323e-07 -3.42166841701e-08 6.90625748678e-10 1.26957559012e-07 3.27714199315e-08 -6.86224041511e-10 -2.63477591755e-08 -2.3533584778e-07 -8.92644953323e-10 -3.88910618436e-08 -2.59247992303e-07 1.00598175902e-10 -1.22910537457e-07 -1.77106039645e-07 -9.79762787743e-10 2.01006136594e-07 -1.81790307181e-07 -7.16243784798e-10 -1.64515088296e-07 8.78412276291e-08 3.78864326623e-10 2.04458356107e-07 1.9514413115e-07 9.1667035305e-13 1.79587011505e-07 -4.40156690559e-08 -8.48168064459e-10 1.93560605198e-07 4.83023315963e-08 -1.0207485879e-09 1.34091064487e-07 1.22042095808e-07 -4.19429823524e-10 6.60706850951e-08 1.84199926214e-07 -7.65424970726e-10 5.56465807164e-08 1.54243996079e-07 1.42353543291e-10 -2.52587617398e-07 1.26982824736e-07 1.3260991422e-09 -5.45508073981e-08 7.3108686753e-08 -4.05791831431e-10 1.56866651478e-07 3.91676244497e-08 -5.04310664838e-10 -2.54732598621e-07 -1.30893281147e-07 -7.28458142339e-10 -1.74844196504e-07 -2.4253131741e-07 5.75533189503e-10 -2.01593909203e-07 -2.67952453456e-07 -1.95436030803e-10 -4.2026094406e-08 -3.08506089924e-07 3.20041807639e-10 5.4878526203e-08 -4.41978448466e-08 1.55507710675e-09 -1.85411814239e-07 9.36283456614e-08 -8.26935822283e-10 9.21884399818e-08 -2.67234868776e-07 8.65381245698e-10 -1.33998505502e-07 1.88826495181e-07 2.71556023202e-10 -3.19218255761e-09 3.14182312439e-08 -2.57364944176e-10 2.43370950865e-08 1.94677799284e-08 3.70276124779e-11 2.96551928276e-08 -1.63701185576e-09 -4.70680606664e-10 -1.54479181523e-07 2.134024836e-07 7.01691419976e-10 -1.84156559559e-07 2.38667017634e-07 -1.73781131488e-10 -1.82879664551e-08 -2.39774706432e-08 -1.40151225801e-10 -2.06426111335e-07 2.5536110695e-07 1.23058586462e-11 -4.99686656052e-08 2.53234166463e-08 2.26474062747e-10 -4.15082202446e-08 5.90376392564e-08 8.16970908793e-10 -1.30540948119e-07 -5.97066648697e-08 2.3681378697e-10 -8.96493156587e-08 -1.62457698212e-07 -1.26178264996e-11 -5.70723590311e-08 -1.02265110032e-07 -1.37404498746e-10 -1.93361719988e-07 -9.40090898105e-08 -4.58488175841e-10 -1.31716010147e-07 -2.13774183033e-07 -7.68962250949e-10 -7.3061974408e-08 -3.7716691393e-08 -4.73557609143e-12 1.00724109766e-08 6.0113654802e-08 6.52748566887e-10 2.72358087486e-07 -1.94363000826e-07 -2.42178993781e-10 3.96337021356e-08 4.57446412902e-08 5.41629751695e-10 5.59958011859e-08 -1.62820867349e-08 -1.4163643794e-09 3.34574081845e-07 2.79203006828e-08 6.57916775714e-11 -2.83818319613e-08 -5.11648752212e-08 -5.48004442663e-11 -4.927536467e-08 -3.38972939091e-07 -3.21385912745e-10 2.1241955005e-07 2.19795567113e-07 -1.91022342624e-10 1.19217769472e-08 -2.23316467375e-08 -2.44115650011e-10 -2.55658187285e-08 1.46426171667e-08 1.18842144003e-09 8.70475016126e-08 -2.92815659425e-07 -5.61231820649e-11 -2.32080455747e-08 -1.07626030755e-08 -9.35080730964e-10 -3.1347059393e-07 1.31067330773e-07 2.96396969947e-10 -3.15308337196e-07 -1.36460868291e-07 -2.11057444665e-11 -7.86639428097e-08 2.95846955526e-07 -8.5843339726e-10 3.10557350947e-08 6.94527434163e-08 -8.71965709488e-10 -1.71454730808e-07 -2.16332418747e-07 -1.29038287492e-10 -4.46205792426e-08 -2.92623052085e-07 -6.02648855207e-10 -1.77356484974e-08 6.30746388259e-08 -2.77050872712e-10 7.05167465874e-08 1.68311395923e-07 -1.52753898535e-10 -1.33052194641e-07 -1.50393887762e-07 -7.52664965019e-11 1.63916868182e-07 -1.05742017597e-07 2.54805106004e-10 -9.36494599077e-08 1.76675111792e-07 2.18202278883e-11 -5.55369241932e-10 -2.28615777673e-09 3.61790245774e-10 -2.04635442336e-07 4.6342409445e-09 1.82906398524e-10 2.71799125263e-08 -2.05659094795e-07 -5.71411106596e-10 1.9489943586e-07 5.41331766004e-08 0 0 0 0 0 0 0 0 0 0 0 0 0 0 0 0 0 0 0 0 0 0 0 0 -4.18069029271e-11 -1.85736141057e-09 -3.95453743895e-10 -4.78635868554e-10 -1.53747362338e-09 -8.33669269231e-10 5.6519358724e-10 -2.8843496339e-10 1.00880672892e-09 -1.29758121418e-10 -1.69764796968e-09 -1.01770606059e-09 6.22484654107e-11 -3.35245190537e-08 7.06049010963e-09 4.76989980046e-11 -5.44866277907e-09 -1.16939839935e-08 2.70607836784e-10 2.03316994011e-09 1.23169003701e-08 -4.91382517275e-11 7.10681427701e-08 -4.23830211769e-08 -3.95809149123e-10 6.58213619062e-08 -2.92251302793e-09 -1.15957934201e-11 -3.88072234771e-08 1.21965352787e-08 -3.58711824429e-10 2.13249027513e-08 -3.39081431104e-08 7.43000885244e-12 -8.58096874954e-08 6.23316288936e-08 -1.10222648727e-09 -3.9856677857e-08 -9.87235561545e-08 3.75707400389e-10 3.46497869265e-08 8.36423680739e-08 1.92585451303e-10 2.27966444661e-08 3.67457352763e-08 6.24226823857e-11 -1.18793640466e-07 -8.02677730721e-08 6.28998551082e-10 8.60210887405e-08 6.1340502343e-08 6.16199419406e-10 -4.29662955301e-09 7.37640173621e-08 -3.83546659459e-11 -1.04746265296e-08 -6.77698789348e-08 -3.98950476129e-10 9.2023499587e-08 1.02978865374e-07 6.95964206927e-11 7.9107744077e-08 -9.82247074877e-08 2.85045720431e-10 1.22296985715e-08 -6.30143053827e-09 1.36042269395e-10 -1.01131723118e-07 -1.61206477629e-08 -6.27341509774e-10 -7.2375983722e-08 1.48026371098e-08 -5.69595274206e-10 -1.74270386472e-08 -1.04291581054e-07</DataArray>
        <DataArray type="Float64" Name="DisplacementMagnitude" format="ascii">3.66921469489e-07 0 3.69729365872e-07 3.68599148095e-07 3.66961955485e-07 3.68003011941e-07 3.67243371253e-07 3.64835944389e-07 3.65852154246e-07 3.64887995572e-07 3.63655167245e-07 3.64892720539e-07 3.46604817546e-08 6.93597059949e-08 9.86818408325e-08 1.34890315868e-07 1.64648643726e-07 1.9241401902e-07 2.40428423818e-07 2.61573415353e-07 2.99551964907e-07 3.33658102974e-07 0 0 0 0 0 0 0 0 0 0 1.80336860388e-07 1.44386846497e-07 3.35108878746e-07 3.48425867097e-08 3.35195613608e-07 2.45599445478e-07 3.25931258962e-08 2.51299485631e-07 1.22144189271e-07 3.32391917365e-07 3.12229569072e-08 7.90825660734e-08 3.14253590521e-07 3.76210606086e-08 5.84568612263e-08 3.12863330888e-07 1.15943332803e-07 1.32962328778e-07 1.65781120335e-07 1.42734240646e-07 1.86966146256e-07 1.11594183074e-07 1.33209622278e-07 9.86225542506e-08 1.15750165144e-07 1.44371140172e-07 8.55205386494e-08 9.88262205463e-08 8.16911164273e-08 6.77848871689e-08 8.31154933923e-08 1.23227667732e-07 9.90042508963e-08 1.35790585193e-07 1.1552987816e-07 1.43626957957e-07 1.64158898557e-07 1.84690092414e-07 1.96934616201e-07 2.15732549786e-07 2.38611793456e-07 2.19576947458e-07 2.50419431345e-07 2.36250410685e-07 2.53833978181e-07 2.64420940233e-07 2.45712499522e-07 2.82030513718e-07 2.17423896447e-07 2.36455223045e-07 2.66517586571e-07 7.99319160817e-08 2.004302469e-07 1.95380952554e-07 9.22568791887e-08 2.45678507134e-07 2.84829859019e-07 3.00082656789e-07 3.01272333349e-07 3.06563575948e-07 2.96587774604e-07 7.41445705433e-08 8.58940764358e-08 5.71165782295e-08 2.16369836361e-07 3.32798447222e-07 1.31513150919e-07 1.64835127105e-07 1.42940927075e-07 1.40418808866e-07 1.31120802005e-07 2.36807171697e-07 2.62150401524e-07 2.1557727064e-07 2.71020557649e-07 1.86498816494e-07 2.82638629424e-07 1.84902335909e-07 1.99498226838e-07 1.81316652992e-07 1.95691400341e-07 1.63976639029e-07 2.82710386271e-07 9.12273489995e-08 1.61683065959e-07 2.8639483616e-07 2.98985724788e-07 3.35319180452e-07 3.1135548546e-07 7.04642076096e-08 2.07716697055e-07 2.82690409068e-07 2.31542207046e-07 3.15811498627e-08 3.11665668515e-08 2.9700364316e-08 2.63447640094e-07 3.01456590748e-07 3.01562433899e-08 3.28361164004e-07 5.60191317716e-08 7.21694290358e-08 1.43549616534e-07 1.85552040105e-07 1.17112796288e-07 2.15003447888e-07 2.51095039521e-07 8.22264690776e-08 6.09516610025e-08 3.34598759696e-07 6.05265330447e-08 5.8317488472e-08 3.35740026688e-07 5.85096331421e-08 3.42535717849e-07 3.05666909977e-07 2.53153649218e-08 2.94631450663e-08 3.05482716838e-07 2.55822234016e-08 3.39769528991e-07 3.43570959092e-07 3.06126505612e-07 7.60846841238e-08 2.76038403925e-07 2.96005512371e-07 6.55234803432e-08 1.82486751037e-07 2.00801472377e-07 1.95064398662e-07 1.99960949671e-07 2.35274913608e-09 2.04688229612e-07 2.07447449663e-07 2.02278316727e-07 0 0 0 0 0 0 0 0 1.8994533135e-09 1.81326277404e-09 1.19177579078e-09 1.98357541444e-09 3.42600025283e-08 1.29011419229e-08 1.24865144589e-08 8.27466241937e-08 6.58873996335e-08 4.06786946849e-08 4.00579869779e-08 1.06059108443e-07 1.06471170806e-07 9.05361509404e-08 4.32431861576e-08 1.4336962128e-07 1.05653587611e-07 7.38916164706e-08 6.85745999832e-08 1.38105504421e-07 1.26119519416e-07 1.3760625169e-08 1.02408589545e-07 7.38768884192e-08 1.05739112885e-07</DataArray>
        <DataArray type="Float64" Name="NodalVonMises" format="ascii">7030.71872624 7483.06125604 7192.04388582 7350.31505671 7433.0193189 7371.97381651 7186.92089687 7215.09961203 7107.50498691 7166.44128537 7152.97954471 7208.6771983 6224.50338388 4908.5243972 7000.42493856 5512.20845892 6893.88270998 5717.43946991 6723.39488194 6145.44716855 5668.43196917 6353.80013923 7186.69892476 6976.99491981 7200.25998515 7405.11129816 6896.18956576 7029.5401737 7260.04551513 7299.22580278 7375.0892204 7774.27527265 5652.42177748 5898.30093917 6522.23769105 6538.52144331 6847.56087252 6276.12018148 6476.25031964 5556.76085331 5904.84431782 6285.93090255 6403.42425062 5018.30823992 6782.06304527 6732.24863499 6655.15969941 5274.08627999 7073.26914497 5322.86331508 7144.53215832 6296.24005084 5663.16278254 7337.73903688 5884.02925874 6545.04326177 6508.9625451 5163.63002185 5256.94938404 5655.74694896 4248.45496692 5678.29024763 5202.01815596 5827.46500199 7011.55180077 4980.19568781 6878.28039731 5347.09878872 6861.45891794 5678.24585073 5983.37487981 7068.92293882 5842.79870204 6987.19821784 5236.22639741 5178.11768576 5645.49138329 6437.72124431 5698.34857215 5280.75213899 6991.38911118 5902.79686618 7248.98523148 5017.58448195 4948.72515013 6102.18621666 5675.8686847 5354.89169256 6105.61490911 5303.73664748 5519.01365416 5616.84047999 5599.59372001 5089.49451773 5023.01509895 5934.72375164 6376.85676471 6542.39250576 5242.59507968 7018.36363475 5669.51382626 5282.68328145 4503.13710719 7339.94000857 5998.68574039 7096.8906435 4505.64223753 5665.86025336 6605.9641448 6448.57851801 6122.23205037 6195.11067614 6313.02710419 7096.95582325 7179.90213438 5999.01388445 7167.49145736 5585.48935705 5414.24091089 6658.04327204 5730.53885859 5049.11282605 6578.27490676 6098.41854743 5163.53768076 6627.60553671 6185.8468367 6238.17343327 7286.08420256 5405.75626599 6374.17976704 5164.21268685 5348.52166669 4652.73486209 5135.51608371 5386.01241454 5061.64204236 7694.80190351 5776.12624865 5124.82571753 6309.85273996 6671.99869642 5720.94665163 6683.96589587 6221.27945354 7059.92309565 6281.80590368 5869.31710561 6121.56914231 6077.56336391 4994.80950707 6134.2432527 6262.06658119 6446.88434738 5147.12408153 4456.09612373 6646.38653641 5198.97721509 5626.39676246 5646.32112452 5737.06533617 5687.81721992 5523.19756236 3229.78972364 5663.66303048 5559.101774 5290.31531275 5232.82798098 5101.60852829 5279.04961515 5594.8163894 2547.57526113 5194.6341475 5028.08332752 5002.29372442 3171.20950117 3136.02767063 3591.28711353 3715.52084989 3101.08935553 4771.40120672 4598.72468091 4538.42509978 4848.56220453 4824.55229693 4707.01862046 5156.17734683 4583.20729777 4521.08903231 4852.50097036 4719.26281427 4467.02722774 4848.58981349 4777.92177686 4478.0333024 4772.40990408 4698.75914373 4933.05603112 4762.96793422 5086.28494237</DataArray>
        <DataArray type="Float64" Name="NodalStressTrace" format="ascii">294.521645624 -355.776433542 491.774190057 -941.810072726 59.2514444159 557.887083711 -793.849694121 -161.061145133 354.102559476 -962.121476104 -99.8096254249 646.567894274 -568.885392345 205.200902831 456.904833134 665.686021412 -133.47020859 552.63298121 1344.99202184 737.421061191 241.203409285 709.006824192 -1191.7324471 550.219839109 649.458254539 -1305.49855279 507.868093328 352.68909884 -793.709347319 664.631991452 176.459742586 1886.26285569 150.947003239 -209.500558655 -176.935641869 -971.370569743 303.222575918 -430.04262975 -327.454289157 -424.330542238 -1007.02059156 -754.322082924 359.932649407 122.757830827 219.660905227 932.942060128 -100.238610417 33.8755429358 191.146097782 -42.0495516601 31.9867918203 197.31634363 262.494474733 -434.43791727 -111.555408917 -114.165462454 458.310969984 -26.2433334618 -1028.18868056 -420.554269444 351.049933495 64.0586218687 -154.778125688 -1253.33665458 249.809623136 176.459604714 772.211380117 267.339899974 -145.445991795 177.827982836 -688.938724429 398.510002482 -129.845054586 -146.772692007 -723.258520808 303.381240718 830.248551253 -71.1905348486 172.614722786 858.74363244 106.774042704 -78.4009199925 430.102850468 441.75738009 328.011175604 -698.878829345 -1705.76317022 10.6694622696 227.001408512 -703.679000505 -34.9641211494 197.171053869 -291.367299345 -1029.37658685 309.696641196 -236.387745668 471.370100121 -178.982658279 157.756665771 -564.970800149 336.574256275 -1343.37730985 554.848598 -270.44000356 -665.974002323 -174.709170438 -695.384925264 -984.350578942 91.1218648031 -169.101559577 34.0818912459 37.546965992 -46.0312790862 -157.543813078 -352.668711973 -261.29502107 -268.523400996 1133.76144502 -543.489995873 -468.687250465 340.585831561 -44.1463658305 -729.721362141 -272.886766002 -769.71135094 310.055612694 380.187643716 -211.040994442 -323.598581081 -489.674140104 -8.9000413044 -254.907755061 6.44125209992 -1065.55934898 -384.478723762 410.744760214 -680.481823944 -623.663537081 -594.232871833 472.256696882 480.846627981 -110.234130703 383.671355762 -514.766329378 210.842547986 732.312589243 212.486425625 -106.071019488 365.847782666 336.28028946 -184.77493712 -218.042102817 393.312039924 187.08578202 696.342093179 571.460794284 -786.128600486 633.135092167 489.55254363 -228.370359591 -99.1113883728 266.111945784 -94.5104444522 -475.99594203 328.663395397 -25.964723682 -155.486469365 143.632691712 -228.676803765 -140.797261963 -25.2056652775 114.192964079 147.187551486 114.464332833 -106.918416516 18.3855999702 -387.16524195 -148.799825155 210.636558902 -250.998465127 267.905080849 -4.41020454564 -31.5480033737 -188.405873867 234.72252694 35.7120195515 165.670374811 119.675341055 110.351439006 -93.3480965415 492.281956482 17.9166510082 112.441295423 -200.182174956 -329.67125952 12.8091910471 -330.359289355 -220.792764826 276.741966576 -80.365590718</DataArray>
        <DataArray type="Float64" Name="NodalPrincipalStress" NumberOfComponents="3" format="ascii">-3833.60518382 -124.690281314 4252.81711075 -4501.43446532 12.3177054206 4133.34032636 -3960.55647686 169.883381137 4282.44728578 -4603.73108339 -198.591791986 3860.51280265 -4168.25691467 -173.707797439 4401.21615653 -4085.19119146 264.893433862 4378.18484131 -4428.33925977 -209.368822532 3843.85838818 -4119.21998766 -241.467563547 4199.62640607 -4026.52440513 246.422925346 4134.20403926 -4519.22174045 -169.159421426 3726.25968577 -4294.86317721 250.953467208 3944.10008458 -3852.35396667 79.4805694391 4419.44129151 -3774.8715212 -152.774785035 3358.76091389 -2578.09514549 -253.571371285 3036.8674196 -3593.1721326 -374.64055693 4424.71752266 -2831.85929759 9.21030885338 3488.33501014 -4093.03422159 129.568389062 3829.99562393 -3216.36931438 447.2612269 3321.74106869 -3048.58542055 -114.556483286 4508.13392567 -3134.05102295 32.0931786764 3839.37890546 -3331.00986839 401.358502486 3170.85477519 -3405.43709446 224.652866458 3889.79105219 -4461.90866689 -549.196310895 3819.37253068 -3912.35444232 337.232241738 4125.34203969 -3910.86472904 158.790113523 4401.53287006 -4654.91527245 -535.529692941 3884.9464126 -3907.61023117 391.32175432 4024.15657018 -3904.0771526 46.9286259753 4209.83762546 -4363.88789671 -427.734198541 3997.91274794 -4054.49349275 359.845395023 4359.28008918 -4135.62487136 -60.7034135036 4372.78802745 -3964.67032427 869.342415557 4981.5907644 -3149.49914043 10.670568122 3289.77557555 -3412.35109315 -135.103634844 3337.95416934 -3817.73892117 -41.6254344128 3682.42871371 -4011.4243855 -456.125738249 3496.17955401 -3848.89630766 120.37482438 4031.7440592 -3533.75896531 -496.91825817 3600.63459373 -3796.48196692 -184.215824906 3653.24350267 -3352.95866724 -99.1084036686 3027.73652867 -3721.51583148 -247.919719036 2962.41495896 -3957.5640852 -50.1315914874 3253.37359376 -3664.09384798 322.556522784 3701.4699746 -2799.10606321 -31.5780844614 2953.4419785 -3939.71706674 294.710713944 3864.66725802 -3637.10060752 512.95227858 4057.09038907 -3721.27371027 -306.561524688 3927.59662454 -3093.79040654 160.243817691 2967.42213178 -3770.03119791 -384.503931591 4345.68122729 -3027.71697459 -84.8481678339 3070.51559076 -4098.37173483 49.1414300802 4081.21709657 -3623.21736063 240.562697191 3579.97100707 -3003.45246788 -193.129853317 3459.07679593 -4391.82636912 -76.8139197945 4034.20237164 -3586.11402006 333.62143109 3140.93718005 -3821.74212483 -5.8010942812 3713.37775666 -3616.12247489 202.709005592 3871.72443929 -2932.35653578 -92.3135259543 2998.42672827 -3519.61829981 -29.8141813794 2521.24380063 -3404.68275866 -113.122993882 3097.2514831 -2286.09353053 62.753099736 2574.39036429 -3354.48506292 242.515463502 3176.02822129 -2961.06694258 -211.028411522 3017.31722842 -3819.31123611 -258.889559745 2824.86414127 -3731.83598345 -334.508076218 4316.15368281 -2737.3886551 16.0881265148 2897.7601333 -3497.8947161 -134.440564477 4404.54666069 -2717.44713698 -369.946011407 3354.73304836 -3960.67770805 -58.3828567471 3873.614573 -3149.39529809 21.5540865263 3305.6691944 -3592.41619442 -383.498020875 3286.97549087 -3741.22253315 -177.822598489 4317.55513412 -3322.23699486 -186.932161678 3379.32410195 -4067.75263305 -55.2611160477 3976.24105709 -3353.24179408 -28.0827161362 2658.06598941 -2937.63137779 231.329890184 3009.68272832 -2865.06695216 88.3203786187 3606.99512479 -3735.8109153 -4.35856337171 3668.97894382 -3070.96880913 -203.06241964 3446.64595155 -2672.55828106 122.643508995 3408.65840451 -3926.83655459 -59.2229043019 4092.8335016 -3290.07980962 -252.598197086 3464.27708671 -4022.52869208 143.078103552 4309.55343899 -2748.01004102 197.376589772 2992.39083134 -2779.8683499 244.768669672 2863.11085584 -3742.61029787 -211.507196527 3255.23866505 -3956.76662264 -220.081826984 2471.08527941 -3158.86579223 171.968470497 2997.56678401 -3374.39068844 -32.6182384075 3634.01033536 -3301.81230525 -191.058828493 2789.19213324 -3144.06075512 -91.0455206335 3200.1421546 -3096.62666128 -65.8049201601 3359.60263531 -3397.46006223 108.9568844 2997.13587849 -3455.17009222 71.2402282802 2354.55327709 -2722.86461633 55.6428861489 2976.91837138 -3507.96076213 -41.493934813 3313.06695127 -3442.53290416 63.9405042169 3849.96250007 -3886.73153212 72.5617044197 3635.18716942 -2807.53845276 -244.713688557 3210.00880709 -4176.85494853 -300.205311584 3912.08945997 -3091.11048528 25.4720405702 3402.21270098 -3614.06833171 -126.948990064 2397.64001193 -2374.92301337 146.141893284 2783.62971809 -4433.66251136 140.018329187 4023.20417862 -3634.46955592 -279.913892466 3248.40944606 -4147.7320928 -14.342553511 3987.36547588 -2833.49442657 -164.469439397 2302.57894071 -3746.88658349 39.777542972 2722.75846157 -3795.42734496 82.2865783826 3804.26263138 -3699.73921898 -168.41425001 3699.05190941 -3619.36198928 298.783920053 3354.65996047 -3588.679002 166.994781115 3459.23118688 -3440.80520104 -379.375132357 3774.14905431 -4050.2116401 -182.965326436 4075.63315345 -4435.02620022 274.455658091 3807.90183016 -3524.79239617 -65.4145742404 3328.91194934 -4211.81526806 -93.226208843 4036.5180759 -2745.32165715 228.809029836 3650.27407233 -3017.82078658 -640.812807779 3115.14359849 -4076.03784684 34.4926014728 3572.8579949 -3121.08337389 13.3459393041 3448.32326615 -2794.75637781 -232.042536975 2982.65254895 -4065.49388584 -20.1080072156 3355.88053091 -3663.57003093 84.8359961147 3305.84726881 -3320.57763933 -47.6679931066 2598.5342815 -3699.957042 71.6925468018 3938.32010789 -3399.21608557 63.5843114116 3715.81941787 -3688.33109408 -18.3154510047 3495.60555064 -4417.08634156 121.798480943 3971.68927953 -3240.2180615 -216.323896774 2966.86781817 -3677.14574054 4.37740917409 3663.86829006 -3020.69329187 -135.360863309 2901.14640011 -3114.34734375 85.7933078925 3034.99528796 -3158.46310927 -42.8040672525 2135.70782754 -3221.91679486 216.879326911 2620.55874419 -2871.05602787 0.0543502761095 3281.74643781 -3152.58357298 -147.453687677 2619.55543671 -4676.73095406 -125.210643777 4178.27806076 -3476.68899027 -267.511779806 3149.96789824 -2533.43304 -297.016461838 3302.70619872 -3344.85050345 -89.6053688541 3915.30250028 -3873.85620259 -36.0476315893 3799.66970348 -3149.87243385 115.818205112 3417.7255845 -3992.69862163 -219.955251276 3697.88754352 -3496.31324434 62.2876884969 3644.86810383 -3877.9661111 356.171310424 4254.10738992 -3631.65621833 271.594203517 3572.54844043 -3485.18940707 104.961372423 3274.15701516 -3373.15350385 59.2965980058 3679.70468851 -3437.24923526 223.236765836 3550.29275888 -3066.86860003 243.692885809 2638.4007771 -3652.67211785 46.5267174052 3388.10329763 -3243.20600562 -250.987156265 3887.50520181 -3592.43997685 -12.5457373753 3792.07149625 -2569.59745424 -47.3067292388 3313.24627666 -2308.24895518 68.1965274187 2811.51322205 -4015.27112483 -407.421647015 3636.56417136 -2634.14446193 -9.59565063976 3276.87520474 -3120.53673786 307.571857895 3302.51742359 -3370.17896018 48.0494576462 3093.75914295 -3397.19728156 149.028930479 3149.05696271 -3227.54388825 204.901696051 3288.75413798 -3169.65017526 -43.6307009352 3118.77043174 -1980.99491133 -209.664276752 1714.66324605 -2956.82548496 -218.362348466 3503.85122882 -3223.00999256 52.2192189975 3144.82604988 -3070.71428553 -73.9294219524 2989.15723812 -2980.45243813 77.9074080958 3046.17772174 -3036.43155641 -24.5753430133 2832.33009565 -3115.04765046 16.8623360995 2957.38805239 -3188.91275464 -78.9904830695 3242.69757243 -1431.18803415 46.0592245141 1499.32177371 -2976.85040609 134.224179139 2989.81377844 -2883.90168825 85.6153840441 2912.75063704 -2903.78038702 -61.6761472299 2858.53811774 -1807.43227352 19.6237517558 1806.19412173 -1929.17489188 -84.246771963 1626.25642189 -2150.27309996 43.6664528315 1957.80682197 -2027.64693463 13.8804041363 2224.4030894 -1886.82959302 30.0356612789 1605.79546661 -2658.85697533 104.528582892 2822.23347328 -2633.07651029 -13.7263756221 2642.39268137 -2613.47335942 46.9495130199 2534.97584303 -2923.75502594 140.63509309 2594.71405898 -2630.30742393 1.62176871972 2863.40818215 -2661.79442305 0.846439751349 2696.66000285 -2888.71471413 50.5969294743 3003.78815947 -2527.92711596 -52.5207011537 2700.12315817 -2564.25294996 86.8934171558 2587.71097181 -2855.84679452 63.8333449271 2698.66535305 -2486.62497694 89.6907948699 2889.21613856 -2563.5663447 14.1867281001 2567.29626761 -2723.86492371 22.6582240632 2813.64799507 -2752.46192272 -122.22401777 2674.50376554 -2680.25834966 -107.792384908 2458.37947505 -2769.10272587 71.7434903618 2710.16842655 -2812.27700843 -107.049053509 2588.96677259 -2884.0660136 -34.2994177584 2697.57266653 -2694.48818037 219.099594087 2752.13055286 -2936.91659871 1.32053575552 2855.23047224</DataArray>
        <DataArray type="Float64" Name="ShellTopNodalVonMises" format="ascii">0 0 0 0 0 0 0 0 0 0 0 0 0 0 0 0 0 0 0 0 0 0 0 0 0 0 0 0 0 0 0 0 0 0 0 0 0 0 0 0 0 0 0 0 0 0 0 0 0 0 0 0 0 0 0 0 0 0 0 0 0 0 0 0 0 0 0 0 0 0 0 0 0 0 0 0 0 0 0 0 0 0 0 0 0 0 0 0 0 0 0 0 0 0 0 0 0 0 0 0 0 0 0 0 0 0 0 0 0 0 0 0 0 0 0 0 0 0 0 0 0 0 0 0 0 0 0 0 0 0 0 0 0 0 0 0 0 0 0 0 0 0 0 0 0 0 0 0 0 0 0 0 0 0 0 0 0 0 0 0 0 0 0 0 0 0 0 0 0 0 0 0 0 0 0 0 0 0 0 0 0 0 0 0 0 0 0 0 0 0 0 0 0 0 0 0 0 0 0 0</DataArray>
        <DataArray type="Float64" Name="ShellBottomNodalVonMises" format="ascii">0 0 0 0 0 0 0 0 0 0 0 0 0 0 0 0 0 0 0 0 0 0 0 0 0 0 0 0 0 0 0 0 0 0 0 0 0 0 0 0 0 0 0 0 0 0 0 0 0 0 0 0 0 0 0 0 0 0 0 0 0 0 0 0 0 0 0 0 0 0 0 0 0 0 0 0 0 0 0 0 0 0 0 0 0 0 0 0 0 0 0 0 0 0 0 0 0 0 0 0 0 0 0 0 0 0 0 0 0 0 0 0 0 0 0 0 0 0 0 0 0 0 0 0 0 0 0 0 0 0 0 0 0 0 0 0 0 0 0 0 0 0 0 0 0 0 0 0 0 0 0 0 0 0 0 0 0 0 0 0 0 0 0 0 0 0 0 0 0 0 0 0 0 0 0 0 0 0 0 0 0 0 0 0 0 0 0 0 0 0 0 0 0 0 0 0 0 0 0 0</DataArray>
      </PointData>
      <CellData Scalars="VonMises">
        <DataArray type="Int32" Name="ElementIndex" format="ascii">0 1 2 3 4 5 6 7 8 9 10 11 12 13 14 15 16 17 18 19 20 21 22 23 24 25 26 27 28 29 30 31 32 33 34 35 36 37 38 39 40 41 42 43 44 45 46 47 48 49 50 51 52 53 54 55 56 57 58 59 60 61 62 63 64 65 66 67 68 69 70 71 72 73 74 75 76 77 78 79 80 81 82 83 84 85 86 87 88 89 90 91 92 93 94 95 96 97 98 99 100 101 102 103 104 105 106 107 108 109 110 111 112 113 114 115 116 117 118 119 120 121 122 123 124 125 126 127 128 129 130 131 132 133 134 135 136 137 138 139 140 141 142 143 144 145 146 147 148 149 150 151 152 153 154 155 156 157 158 159 160 161 162 163 164 165 166 167 168 169 170 171 172 173 174 175 176 177 178 179 180 181 182 183 184 185 186 187 188 189 190 191 192 193 194 195 196 197 198 199 200 201 202 203 204 205 206 207 208 209 210 211 212 213 214 215 216 217 218 219 220 221 222 223 224 225 226 227 228 229 230 231 232 233 234 235 236 237 238 239 240 241 242 243 244 245 246 247 248 249 250 251 252 253 254 255 256 257 258 259 260 261 262 263 264 265 266 267 268 269 270 271 272 273 274 275 276 277 278 279 280 281 282 283 284 285 286 287 288 289 290 291 292 293 294 295 296 297 298 299 300 301 302 303 304 305 306 307 308 309 310 311 312 313 314 315 316 317 318 319 320 321 322 323 324 325 326 327 328 329 330 331 332 333 334 335 336 337 338 339 340 341 342 343 344 345 346 347 348 349 350 351 352 353 354 355 356 357 358 359 360 361 362 363 364 365 366 367 368 369 370 371 372 373 374 375 376 377 378 379 380 381 382 383 384 385 386 387 388 389 390 391 392 393 394 395 396 397 398 399 400 401 402 403 404 405 406 407 408 409 410 411 412 413 414 415 416 417 418 419 420 421 422 423 424 425 426 427 428 429 430 431 432 433 434 435 436 437 438 439 440 441 442 443 444 445 446 447 448 449 450 451 452 453 454 455 456 457 458 459 460 461 462 463 464 465 466 467 468 469 470 471 472 473 474 475 476 477 478 479 480 481 482 483 484 485 486 487 488 489 490 491 492 493 494 495 496 497 498 499 500 501 502 503 504 505 506 507 508 509 510 511 512 513 514 515 516 517 518 519 520 521 522 523 524 525 526 527 528 529 530 531 532 533 534 535 536 537 538 539 540 541 542 543 544 545 546 547 548 549 550 551 552 553 554 555 556 557 558 559 560 561 562 563 564 565 566 567 568 569 570 571 572 573 574 575 576 577 578 579 580 581 582 583 584</DataArray>
        <DataArray type="Float64" Name="VonMises" format="ascii">4016.01890037 3742.69096088 3685.55074857 421.126527598 5797.14194382 4165.87856977 4904.77077056 5989.08548448 2429.44472045 797.359732898 4526.22501507 598.860353897 5458.53144257 2380.07762494 3322.77548138 3727.81358488 2889.3315879 4891.20357737 4714.94979838 1543.41921337 3881.39612837 2950.78213137 3548.52350913 4871.99345628 5100.99078474 3668.77268774 3438.93754366 5467.52422019 4592.45540151 2627.73266673 3090.73919286 6720.28409548 4293.44816968 6532.16775933 2742.79735179 6996.70044902 6369.98037673 3272.65888326 3464.17387853 3401.66258938 3215.27220102 3435.45828192 3259.3415533 3227.17529269 3966.38270557 3190.1101226 2224.73656307 3892.39514654 4247.26874476 2952.14319895 3770.20026865 3201.67284349 6088.24170916 5369.74397716 5194.47931973 4783.02122421 2328.95728132 3083.374525 3565.88818475 4693.15588405 2775.78563445 5704.19611108 4657.14688492 4139.76535025 3926.58719206 4077.55322891 3496.98864118 2849.52132222 6438.36782527 3780.88498737 3142.11763937 4089.13020061 2905.08764349 2679.64412567 5071.04611277 1668.08798 2698.94569752 3973.53542281 6490.82129833 2065.4415707 2658.9940433 4012.20959463 4509.15327811 4165.41516139 4807.12162875 3058.95640079 5436.62685588 3290.35160453 7050.13102753 2675.35323323 3188.02526095 5618.8445059 3480.36004555 4318.23537422 4161.45747794 2540.69737865 3410.03332168 3884.21094595 3346.46021137 2919.49298739 2669.28495242 4435.10610106 3599.76574882 3135.89444474 2641.95114762 2853.24655864 3567.98562824 2949.69396575 3079.10156219 3325.8949069 3379.42712982 2496.66945444 5912.17089032 5884.36411466 5292.00001018 5557.38734811 7023.0891319 3066.90170451 5189.75336122 2393.52922303 3971.18936383 4508.20478116 3223.67359575 3890.3647171 3569.84440798 3488.32051817 4717.34647023 5454.35387157 3723.86655585 5296.85081465 2352.7338824 4953.6297271 4993.47263363 6307.73748831 5519.95537575 4820.36037512 7010.8354861 6014.36068198 2949.08508539 5679.4184867 7029.33428902 3429.7425444 4357.83821725 3076.59779293 3343.51914775 7021.02791909 3363.17608058 3271.07263818 3225.36183961 5911.72055445 3033.51561775 3181.26360023 2887.70818469 2657.46734086 3229.04164646 5984.36981828 4188.47579149 3268.27099975 3250.42496876 5976.66619514 3862.02830563 6607.74200332 3056.84980757 3104.75305828 5549.57289883 2706.53943088 3252.32025195 3167.42168316 4100.53931333 3146.74649264 4069.88940563 2982.9872473 3214.77497709 6136.01921103 3215.03848679 2513.73323462 5794.20637958 2813.24222922 3502.91250451 6530.55256636 5131.51453128 2915.9944317 6497.18257665 4769.55034098 5427.05982222 4720.47798872 5874.60200701 6613.00437983 5541.65573603 7106.38437509 4630.39128448 3010.87744041 6831.31314709 2655.89426415 6740.98568141 3943.31621984 5257.08417438 4719.18984887 3209.9465038 4545.94640078 6318.24569667 3591.83699743 6270.89300652 3953.3889467 6065.21133532 6727.82231252 5888.46694727 2932.32765858 3438.01063416 6276.16213554 6291.56405923 2997.60475326 6235.82167095 3561.32090724 6122.0013742 6234.15456571 6456.78877092 7131.27168496 6410.52442433 5099.317687 6898.54099635 3124.75654145 6575.26915932 8067.29833787 5140.62528607 3446.31641681 3299.98114832 6601.71719079 5675.9248452 7861.77699489 9756.55567154 2857.37427327 7373.48537472 6447.75514709 8027.66733301 4788.80642145 7388.67976025 6606.06228548 6899.11474107 7771.84862199 3879.72976654 6413.49539419 5974.80737537 6698.07916335 6799.27999126 4364.36600257 6348.93110063 5810.88708812 5826.91130496 8936.35864343 6171.79754607 8527.97209446 3226.27408732 5744.76833588 6776.33047486 8938.21826723 6257.8731338 6467.91751794 5830.40677305 4262.35249495 7594.29879516 6600.74718973 7879.22819499 3298.54679304 4087.36818099 6466.36150957 3127.17601376 6887.1465146 7033.35604378 6813.57832651 4275.80960527 8052.51068016 6559.76483196 2983.14530519 3373.04532298 3784.86026998 7615.83894712 5872.72677837 6191.94320154 6364.23105174 6394.8949758 6512.05616107 5922.51399906 6464.00907639 6137.00667022 7149.55810496 7259.33738303 7101.36907855 6230.69459234 2986.23238087 7596.01609237 3341.55315572 7182.10636748 6401.61065751 6513.23421783 8607.05816368 7107.43350884 7107.09013861 6702.58394947 5962.36140347 6012.81318159 2809.07941518 7469.52410285 7991.38612477 7221.85484025 2034.53710965 2626.68369691 3666.28340356 999.153231667 7121.1793865 2558.5529954 7559.33119899 7903.49283476 6129.84483597 7068.51084166 3308.62182985 5302.15661488 595.14335558 3299.0676495 3220.15971065 3914.83322523 1717.2032533 6831.12719393 5083.6555273 7107.14083707 3129.83797415 1132.63720621 7635.62542993 7793.59062373 1481.76073271 7353.64389311 1050.05663606 3949.92698116 3220.00256326 1349.95872896 7009.94205195 2117.41088637 6128.33610441 2923.33089345 4217.88249165 5724.7199186 3551.44949134 7290.93074718 6834.25681131 6878.58658855 4505.50526848 7783.74633012 3758.95427794 5533.20879578 7315.76985736 6439.98588428 6303.63754785 4802.03788398 7424.67691742 5628.43345094 2034.53710965 6367.2931326 8736.86087982 6691.54853272 7008.28300514 6160.88160737 3334.14649324 6403.15568352 8050.21730575 5529.19080869 4244.68870972 796.314424655 5785.53055809 6899.71431898 4348.44154007 3700.83057965 3220.1922867 6628.29251024 6863.13505998 3101.28398998 7099.63554782 3647.14313403 7413.63184128 4971.36962906 7363.34569 6532.13145393 7178.31604527 7363.4408663 6293.48385425 3507.23762723 7365.10805798 3476.16737459 2463.718262 6736.71846645 3784.93547142 621.234527524 2108.38278506 542.700220233 3825.45915599 7731.7397564 3908.99325222 7347.287595 6689.91939032 4137.97397206 7393.90606626 7737.25554692 4709.25595517 7669.73622539 8718.60632269 7662.5422489 6199.67754954 3550.67009642 7631.96142784 6807.50735224 4947.73548603 7424.95510423 7265.35738627 811.874804136 7872.20530873 7593.06672094 7008.05922724 8062.91074493 7060.81705586 7211.65785645 7203.82849801 7225.83783426 7426.54457262 7347.52037729 3548.01362632 6593.34517875 3264.86392464 3900.05340248 7547.81243853 5567.38052245 2108.38278506 6786.37762388 7514.58757576 1012.90868859 7301.68663951 7741.74547509 7427.24431749 678.174422169 7964.41561347 8672.56588319 6799.21536633 6471.99347188 7541.80926 961.503881939 7613.67519072 7578.73654373 6517.62350629 7054.09463203 6895.56665916 3218.15392002 3704.64031125 8430.69094522 7467.16539626 8220.11396172 8109.233684 4912.28184897 6504.19802555 8514.75436039 6377.41205481 4622.58800872 6040.15170559 7518.32150767 7813.71083907 7365.84643642 7590.03985125 6980.44781152 7311.02855192 6681.35981151 7242.35723835 7308.86889368 2034.53710965 8061.57349709 4552.75725651 7223.09835543 6261.69408061 7201.83303322 7432.95689096 8143.89980085 6164.81183035 5372.74326686 7415.69180943 2463.718262 7377.88686933 8012.68300574 7035.32542281 4182.04158411 3140.58230736 6910.55778385 7513.83342462 7357.03602085 7517.31197192 7629.81931277 7294.13544719 6507.88257321 8183.62016451 8482.37469144 7364.25331763 8328.27192806 3683.14967993 3210.68946069 9668.61842733 7903.7206519 6702.7917179 7508.57025797 6596.5176412 7013.66817393 8659.88634303 7414.22484161 7162.00479503 8582.73035484 8239.0156824 7857.23294416 7676.63494854 8210.2351398 2920.96096889 7733.75572964 7579.42102925 6843.94889463 8842.00193469 8294.64752529 7783.36686823 7582.23770422 7913.05072059 7776.65738123 6946.26583587 7397.07686926 7525.96222603 9235.6701226 7500.65275017 7048.95941969 7147.59661696 7746.53556041 7657.40943136 7867.69242711 7545.41252507 6797.39247435 7418.76739377 7101.82772037 6985.68526445 6858.91152313 7506.20037751 7694.87593445 7518.20525 7652.9739603 7473.84367803 6681.35981151 7694.59878008 7013.66817393 7334.94210604 7690.99595212 7326.19219163 7355.85602418 7098.83726393 6834.13914419 7132.83741975 6507.88257321 7894.45483793 7035.32542281 7761.71945265 7118.01573876 7062.3531731 6985.68526445 7065.29647629 7587.26711829 7024.66786033 7733.75572964 7500.65275017 7513.24657665 2823.67418316 3712.23235363 2839.2591156 3123.15602523 3078.56361627 2996.00840748 5488.35537727 3550.50521101 5289.44932597 3375.5255534 4578.28314029 4832.64660264 3332.13207083 3780.57133648 3779.87800214 3074.80659053 3334.39091151 3715.83628981</DataArray>
        <DataArray type="Int32" Name="HasVonMises" format="ascii">1 1 1 1 1 1 1 1 1 1 1 1 1 1 1 1 1 1 1 1 1 1 1 1 1 1 1 1 1 1 1 1 1 1 1 1 1 1 1 1 1 1 1 1 1 1 1 1 1 1 1 1 1 1 1 1 1 1 1 1 1 1 1 1 1 1 1 1 1 1 1 1 1 1 1 1 1 1 1 1 1 1 1 1 1 1 1 1 1 1 1 1 1 1 1 1 1 1 1 1 1 1 1 1 1 1 1 1 1 1 1 1 1 1 1 1 1 1 1 1 1 1 1 1 1 1 1 1 1 1 1 1 1 1 1 1 1 1 1 1 1 1 1 1 1 1 1 1 1 1 1 1 1 1 1 1 1 1 1 1 1 1 1 1 1 1 1 1 1 1 1 1 1 1 1 1 1 1 1 1 1 1 1 1 1 1 1 1 1 1 1 1 1 1 1 1 1 1 1 1 1 1 1 1 1 1 1 1 1 1 1 1 1 1 1 1 1 1 1 1 1 1 1 1 1 1 1 1 1 1 1 1 1 1 1 1 1 1 1 1 1 1 1 1 1 1 1 1 1 1 1 1 1 1 1 1 1 1 1 1 1 1 1 1 1 1 1 1 1 1 1 1 1 1 1 1 1 1 1 1 1 1 1 1 1 1 1 1 1 1 1 1 1 1 1 1 1 1 1 1 1 1 1 1 1 1 1 1 1 1 1 1 1 1 1 1 1 1 1 1 1 1 1 1 1 1 1 1 1 1 1 1 1 1 1 1 1 1 1 1 1 1 1 1 1 1 1 1 1 1 1 1 1 1 1 1 1 1 1 1 1 1 1 1 1 1 1 1 1 1 1 1 1 1 1 1 1 1 1 1 1 1 1 1 1 1 1 1 1 1 1 1 1 1 1 1 1 1 1 1 1 1 1 1 1 1 1 1 1 1 1 1 1 1 1 1 1 1 1 1 1 1 1 1 1 1 1 1 1 1 1 1 1 1 1 1 1 1 1 1 1 1 1 1 1 1 1 1 1 1 1 1 1 1 1 1 1 1 1 1 1 1 1 1 1 1 1 1 1 1 1 1 1 1 1 1 1 1 1 1 1 1 1 1 1 1 1 1 1 1 1 1 1 1 1 1 1 1 1 1 1 1 1 1 1 1 1 1 1 1 1 1 1 1 1 1 1 1 1 1 1 1 1 1 1 1 1 1 1 1 1 1 1 1 1 1 1 1 1 1 1 1 1 1 1 1 1 1 1 1 1 1 1 1 1 1 1 1 1 1 1 1 1 1 1 1 1 1 1 1 1 1 1 1 1 1 1 1 1 1 1 1 1 1 1</DataArray>
        <DataArray type="Float64" Name="StressTrace" format="ascii">-4545.22436694 4256.35729581 695.040372918 -612.66619155 677.042728122 5839.58320954 -1043.852957 -1779.99318331 921.292909629 789.308279131 -6076.62747079 660.646004107 -13249.2362919 4736.15642793 -4605.31951275 1213.76035682 -1947.17336342 5058.29110723 2072.69675535 1379.91573261 5353.81304908 1434.86693898 -1009.45489343 -2629.69798296 1330.51189821 -3503.91328135 -2732.64261661 -721.076801361 -3126.46061936 -800.642799856 2681.5472201 3368.1194149 -4707.44640204 1079.16843269 -2217.6256606 -13340.1713294 554.94808183 2045.91064227 -1895.49605765 -4681.69458324 1542.01875389 2714.40306428 4720.72234971 -99.9440577246 -362.500678984 3333.75529164 492.048676081 -2124.53991233 1555.12449227 -740.221164384 -2569.71784249 -1662.88186077 -867.208665803 -12536.8327857 -10254.0880564 2513.36013365 -855.625565935 3332.01712497 -2466.79213086 3014.30214317 4725.27703365 410.971562014 5144.32075962 -2150.21577377 466.788614447 1480.00859559 937.728648397 3528.60245583 -763.308363419 -2495.91025665 1730.54644655 2008.53130513 807.264645196 -781.78561563 -2336.83954777 2434.27124853 1108.77929001 -6720.63430334 2804.78519966 -791.442981121 977.178140852 -2082.92663772 6147.85963684 3141.70388206 1812.2162094 -2684.73397735 12193.8691963 2622.62464971 -3703.38128681 -2914.8897855 -1804.82991875 -933.793334129 -3004.70415963 3419.5221652 775.834553177 -3573.70975911 1140.7004117 5113.7408789 -1777.47932702 3766.18147336 -1843.02505516 -4398.98577293 -4270.55115667 1005.26610787 -2406.55741895 156.130300184 826.554375641 2093.41104511 -494.256574368 2917.70454895 -1355.90210267 1682.66290612 1437.8640427 10629.3004162 1406.84794982 -1241.18699202 -2813.81906468 -363.660287652 167.064972507 3967.44845911 4984.61381306 7876.78539583 2754.7348964 -4142.01523924 -3067.90227185 -1738.86235633 1389.50349776 -754.436305829 4239.79144214 -5.10318459776 -3338.36129936 -1149.17969441 -955.424526231 783.607417822 2600.88181574 1331.03076994 658.224301484 -12200.4389259 3696.80138587 -2113.18532195 1391.48145153 2459.57913599 -1736.82414388 1317.97504125 -1008.43496802 -1493.42978462 -2128.68678508 -2299.36271601 3456.19834691 2450.17735475 3973.92398007 -1552.99762558 1494.08282989 1793.41571369 -4133.80486329 -1473.48392159 3460.14634965 -1044.15418905 913.355945846 -1805.33498694 -1.90977685366 -3078.2350967 -3187.89769988 1698.23828687 -1428.96334195 2827.82847927 -4746.28309948 2693.90370289 -2217.81360187 -662.299920268 3722.77892307 752.640707422 3063.10989495 11284.3063085 2738.37886051 -76.0155707804 1387.80715978 796.683158777 387.410657171 672.550379388 -2993.99218669 -3991.98660186 112.464686162 -514.629595342 -830.453170013 -2233.12073671 1295.72209691 -2268.65217444 -634.961339381 -4993.80439138 963.530436902 654.068467327 1672.82582825 -2643.75861108 -208.106152086 -1362.21976981 -3571.24054702 530.344163895 -2724.89705489 3365.94364846 542.523093206 1316.76481387 -2883.42768763 2382.92784384 -2094.85197179 4832.63045588 -1654.50328038 1112.58592914 3000.05557829 382.453759717 140.341903566 458.795556145 -4952.77699467 -191.70011793 -1787.97730829 -1604.67511512 -12613.4033521 -1157.42764452 1175.89714495 3042.97529937 -3881.21572305 -942.219714904 473.408154861 -1874.69765037 -4591.30677203 -1946.67251171 -1600.84487154 1175.05313389 231.468090456 -5747.58575045 3790.69488635 -2408.27516987 -579.834964492 -32.2559809969 760.117734438 4945.39582712 1572.64565333 417.70485483 -328.440886248 5402.88029285 -1132.01699734 -1766.85830082 1084.04206245 2857.27509271 3470.40294024 -1761.54177763 -210.308515002 -1085.8437158 -145.783440833 -1066.97097504 1157.66365797 734.499858195 -2976.16790616 -1522.34693163 -5111.21301992 -1523.16937415 1362.22497905 1177.83000574 1183.18824567 -2419.80616549 -3573.9549056 1510.92687503 -6137.96230726 959.504466858 4046.92828482 -207.364733451 1206.15410785 1072.00915409 -609.290272973 -987.083245138 -4188.37132742 -5256.90869641 -1823.51110254 -3183.63274713 1769.06956171 -372.889589857 3885.77012057 -566.658695267 -855.614612478 4150.77375789 895.721477605 -1658.88871475 1424.15189946 622.379311772 -972.437860639 526.334590913 -2087.24079872 1957.8132304 1097.08191435 151.886569537 608.901792565 581.759505568 1390.44247023 2121.51954269 470.291342744 1629.13955433 -1276.67196184 3548.1513101 1342.70550163 -1385.51117398 1216.87182985 -4810.01280477 317.429865999 -1092.71093297 -350.265977545 165.456371754 8182.9993173 3657.19677047 230.25838002 -1454.55032237 2055.19080207 -2042.02040832 665.573959783 -1048.70388747 -5451.41890913 -840.140214143 6674.37183895 735.417832769 -1991.5623568 -681.284692395 -1564.61720143 -4107.89634127 -328.686271111 -1442.41967638 -684.900846974 -2055.43675956 -2516.25137198 435.893012166 284.266070452 2337.32508259 1049.55215007 -1696.28160979 -3983.23010632 -1058.67876977 3661.2013943 1181.37351695 -2624.97032343 906.446950581 -5881.69943909 -1703.25331824 3557.43392386 769.793985432 -592.392461451 -1806.10257841 -113.517429197 3321.27789645 -1045.59462634 -4709.72359052 52.7299378571 2661.36050568 625.591566897 892.90927249 5522.18756835 80.9509648762 -1784.21930446 165.456371754 983.212380752 3610.57759771 -2207.10587291 351.003029581 4637.5335942 388.626326011 540.264684176 2694.18797647 3852.75261637 -3435.30997041 845.246651247 1993.50329746 4022.52071001 1048.15864676 -2580.71224381 1055.34239049 1872.12754141 -3911.93138478 -21.2252917334 2587.86951976 -1138.6369784 2012.52337446 -4737.19789095 841.848735173 -329.757648055 -35.5078890128 -2096.81751234 -1990.09722711 -4467.40094269 2077.57865002 -43.7671894063 191.50895005 -1102.37641297 1732.8963475 -152.782472616 29.2538011237 574.861645566 -154.082820219 48.5791637662 41.9474157657 474.646971382 -1999.09406225 -682.270055939 141.492479733 -312.158911872 -2292.54959346 1977.08221241 -748.259309093 275.440279979 -4373.97878711 1644.54734811 5110.20941671 -106.217023037 -4117.67392862 -500.596672782 -418.591526319 833.775545156 1175.55222713 1000.83484495 -1419.52988796 -2.53974098996 911.060681026 -2677.12053519 401.923760702 728.420866691 673.113322478 644.980984599 -1276.87747501 -3103.67614533 -1757.60043191 -2302.58127236 1074.67876225 -3583.42600797 29.2538011237 709.872724714 1252.61422526 2142.73053848 -1602.73543293 -2656.19077381 1860.01802113 4.14717999115 -613.605012636 -28.8749475107 365.327351446 1756.55296629 -1773.52003445 2058.17913205 -2660.47487107 -1134.9766301 -1073.31657801 42.0455841474 1092.04796264 332.223554035 -1175.39155216 666.184006844 2469.63966556 357.734530025 -1437.27529478 -5400.48414096 1692.59461058 1002.19922981 416.792616337 1368.84886209 -3149.34889577 -539.480723444 2284.21321629 -520.328727944 956.001638672 -1200.45930327 361.518904487 247.397684585 1372.27912224 3.56122220772 165.456371754 -183.758759499 -1441.9780994 -1951.99795048 2499.95835935 2637.5674217 -1324.75088701 -1772.87876785 -1622.81219415 -715.049508817 258.571416525 191.50895005 -163.579146226 145.72523117 -218.018029556 440.128321338 101.192156695 1730.2117872 -1926.99174343 298.166384971 -4298.13799089 -622.499970277 1020.50288592 30.4478238267 291.797210319 3532.22788049 526.937734345 3540.38360614 30.3473544317 2221.44549122 5068.77845117 -1257.99893694 -1492.41936793 -3579.51603921 862.62700033 226.320604307 -646.549054727 -3108.66754206 3520.47371318 -1865.48171411 -415.901914504 1627.84060026 1659.97918754 378.778364648 3638.18225781 -240.466581565 345.459495928 -1863.483537 117.392337737 8335.62554069 -2395.27296333 2453.98335236 -835.884202087 612.699578241 922.26611274 -677.540634763 -1341.95735459 -552.454671049 -212.396640181 -330.747870992 -986.950686525 -865.792921398 -4497.96992051 -946.017838821 1245.63750225 676.737027209 1913.37371921 -499.062939898 -57.5129170124 -1165.97435673 -857.243882946 -1500.1768622 -1498.15748956 926.013609026 -111.044860887 247.397684585 373.031253968 226.320604307 -309.640954789 -638.938816353 -94.3722983635 -78.3264590939 989.494241403 53.0342369078 -1171.00951182 30.4478238267 -108.090043069 -218.018029556 1085.52490209 -153.934033865 -1069.25132098 -57.5129170124 1655.81966172 44.5054592055 -402.73398075 -240.466581565 -212.396640181 422.750236043 2540.96617521 2005.28593946 1848.13632764 5345.0764074 2010.36209719 3979.35523175 339.167392981 -2253.55272032 -596.000192 2333.75448211 -2188.31466642 8093.94105525 -547.782112298 2424.68070078 650.673671658 -3459.13312588 -744.955837687 -1531.45844923</DataArray>
        <DataArray type="Float64" Name="HydrostaticPressure" format="ascii">1515.07478898 -1418.78576527 -231.680124306 204.22206385 -225.680909374 -1946.52773651 347.950985667 593.331061104 -307.097636543 -263.10275971 2025.54249026 -220.215334702 4416.41209729 -1578.71880931 1535.10650425 -404.586785606 649.057787808 -1686.09703574 -690.898918451 -459.971910869 -1784.60434969 -478.288979659 336.484964477 876.56599432 -443.503966068 1167.97109378 910.880872204 240.358933787 1042.15353979 266.880933285 -893.849073365 -1122.70647163 1569.14880068 -359.722810897 739.208553532 4446.72377645 -184.982693943 -681.970214089 631.832019216 1560.56486108 -514.006251296 -904.801021428 -1573.57411657 33.3146859082 120.833559661 -1111.25176388 -164.01622536 708.179970778 -518.374830756 246.740388128 856.572614164 554.293953589 289.069555268 4178.94426189 3418.02935213 -837.786711218 285.208521978 -1110.67237499 822.264043621 -1004.76738106 -1575.09234455 -136.990520671 -1714.77358654 716.738591255 -155.596204816 -493.336198531 -312.576216132 -1176.20081861 254.43612114 831.97008555 -576.848815518 -669.510435043 -269.088215065 260.59520521 778.946515922 -811.423749511 -369.593096671 2240.21143445 -934.928399887 263.81432704 -325.726046951 694.308879239 -2049.28654561 -1047.23462735 -604.072069801 894.911325785 -4064.62306545 -874.20821657 1234.46042894 971.629928501 601.609972917 311.26444471 1001.56805321 -1139.84072173 -258.611517726 1191.23658637 -380.233470566 -1704.58029297 592.493109007 -1255.39382445 614.341685053 1466.32859098 1423.51705222 -335.088702624 802.185806317 -52.0434333946 -275.518125214 -697.803681704 164.752191456 -972.568182984 451.967367558 -560.887635373 -479.288014232 -3543.10013872 -468.949316607 413.728997339 937.939688228 121.220095884 -55.6883241691 -1322.4828197 -1661.53793769 -2625.59513194 -918.244965466 1380.67174641 1022.63409062 579.620785442 -463.167832585 251.47876861 -1413.26381405 1.70106153259 1112.78709979 383.059898138 318.474842077 -261.202472607 -866.960605247 -443.676923312 -219.408100495 4066.81297531 -1232.26712862 704.395107318 -463.827150511 -819.859711997 578.941381293 -439.325013748 336.144989339 497.809928206 709.562261692 766.454238671 -1152.06611564 -816.725784918 -1324.64132669 517.665875194 -498.027609964 -597.805237897 1377.93495443 491.161307198 -1153.38211655 348.051396352 -304.451981949 601.77832898 0.636592284553 1026.07836557 1062.63256663 -566.079428957 476.321113983 -942.609493089 1582.09436649 -897.967900962 739.271200623 220.766640089 -1240.92630769 -250.880235807 -1021.03663165 -3761.43543618 -912.792953504 25.3385235935 -462.602386592 -265.561052926 -129.136885724 -224.183459796 997.997395562 1330.66220062 -37.4882287206 171.543198447 276.817723338 744.373578903 -431.907365635 756.217391479 211.653779794 1664.60146379 -321.176812301 -218.022822442 -557.608609416 881.25287036 69.3687173621 454.073256604 1190.41351567 -176.781387965 908.299018298 -1121.98121615 -180.841031069 -438.921604625 961.142562545 -794.309281278 698.283990596 -1610.87681863 551.501093459 -370.86197638 -1000.0185261 -127.484586572 -46.7806345218 -152.931852048 1650.92566489 63.9000393099 595.992436095 534.891705041 4204.46778403 385.809214841 -391.965714982 -1014.32509979 1293.73857435 314.073238301 -157.802718287 624.89921679 1530.43559068 648.890837236 533.61495718 -391.684377962 -77.1560301522 1915.86191682 -1263.56496212 802.758389956 193.278321497 10.7519936656 -253.372578146 -1648.46527571 -524.215217777 -139.23495161 109.480295416 -1800.96009762 377.338999113 588.95276694 -361.347354151 -952.425030902 -1156.80098008 587.180592544 70.1028383339 361.947905265 48.5944802777 355.65699168 -385.88788599 -244.833286065 992.055968721 507.44897721 1703.73767331 507.723124715 -454.074993018 -392.610001914 -394.396081889 806.602055162 1191.31830187 -503.642291678 2045.98743575 -319.834822286 -1348.97609494 69.1215778171 -402.051369282 -357.336384697 203.096757658 329.027748379 1396.12377581 1752.3028988 607.837034178 1061.21091571 -589.689853902 124.296529952 -1295.25670686 188.886231756 285.204870826 -1383.59125263 -298.573825868 552.962904915 -474.71729982 -207.459770591 324.145953546 -175.444863638 695.746932907 -652.604410134 -365.693971451 -50.6288565123 -202.967264188 -193.919835189 -463.480823411 -707.173180897 -156.763780915 -543.04651811 425.557320612 -1182.71710337 -447.568500544 461.837057994 -405.623943284 1603.33760159 -105.809955333 364.236977656 116.755325848 -55.1521239179 -2727.6664391 -1219.06559016 -76.75279334 484.850107457 -685.063600692 680.67346944 -221.857986594 349.567962489 1817.13963638 280.046738048 -2224.79061298 -245.13927759 663.854118934 227.094897465 521.539067144 1369.29878042 109.56209037 480.806558793 228.300282325 685.14558652 838.750457325 -145.297670722 -94.7553568173 -779.108360862 -349.85071669 565.427203264 1327.74336877 352.892923256 -1220.40046477 -393.791172315 874.990107809 -302.148983527 1960.5664797 567.751106082 -1185.81130795 -256.597995144 197.464153817 602.034192805 37.8391430658 -1107.09263215 348.531542114 1569.90786351 -17.5766459524 -887.120168562 -208.530522299 -297.636424163 -1840.72918945 -26.9836549587 594.739768153 -55.1521239179 -327.737460251 -1203.5258659 735.701957637 -117.00100986 -1545.8445314 -129.54210867 -180.088228059 -898.062658823 -1284.25087212 1145.10332347 -281.748883749 -664.501099155 -1340.84023667 -349.386215586 860.237414604 -351.780796829 -624.042513804 1303.97712826 7.07509724447 -862.623173252 379.545659468 -670.841124819 1579.06596365 -280.616245058 109.919216018 11.8359630043 698.939170782 663.365742371 1489.13364756 -692.526216673 14.5890631354 -63.8363166834 367.458804323 -577.632115834 50.9274908719 -9.75126704122 -191.620548522 51.360940073 -16.1930545887 -13.9824719219 -158.215657127 666.364687418 227.42335198 -47.164159911 104.052970624 764.183197819 -659.027404135 249.419769698 -91.8134266597 1457.99292904 -548.18244937 -1703.4031389 35.4056743456 1372.55797621 166.865557594 139.530508773 -277.925181719 -391.850742377 -333.611614983 473.17662932 0.846580329985 -303.686893675 892.37351173 -133.974586901 -242.806955564 -224.371107493 -214.993661533 425.625825004 1034.55871511 585.866810636 767.527090785 -358.226254084 1194.47533599 -9.75126704122 -236.624241571 -417.538075086 -714.243512827 534.245144309 885.396924604 -620.006007044 -1.38239333038 204.535004212 9.62498250358 -121.775783815 -585.517655431 591.173344815 -686.059710684 886.824957023 378.325543366 357.77219267 -14.0151947158 -364.015987545 -110.741184678 391.797184054 -222.061335615 -823.213221852 -119.244843342 479.091764926 1800.16138032 -564.198203526 -334.066409936 -138.930872112 -456.282954029 1049.78296526 179.826907815 -761.404405429 173.442909315 -318.667212891 400.153101091 -120.506301496 -82.4658948615 -457.42637408 -1.18707406924 -55.1521239179 61.252919833 480.659366468 650.665983494 -833.319453116 -879.189140565 441.583629003 590.959589283 540.93739805 238.349836272 -86.1904721751 -63.8363166834 54.5263820752 -48.5750770567 72.6726765187 -146.709440446 -33.7307188984 -576.7372624 642.330581145 -99.3887949905 1432.71266363 207.499990092 -340.167628639 -10.1492746089 -97.2657367731 -1177.4092935 -175.645911448 -1180.12786871 -10.1157848106 -740.481830405 -1689.59281706 419.33297898 497.473122643 1193.17201307 -287.542333443 -75.4402014356 215.516351576 1036.22251402 -1173.49123773 621.827238038 138.633971501 -542.61353342 -553.326395848 -126.259454883 -1212.72741927 80.1555271884 -115.153165309 621.161179001 -39.1307792457 -2778.5418469 798.42432111 -817.994450787 278.628067362 -204.233192747 -307.42203758 225.846878254 447.319118195 184.151557016 70.7988800604 110.249290331 328.983562175 288.597640466 1499.32330684 315.339279607 -415.21250075 -225.57900907 -637.791239738 166.354313299 19.1709723375 388.658118911 285.747960982 500.058954066 499.385829852 -308.671203009 37.0149536289 -82.4658948615 -124.343751323 -75.4402014356 103.213651596 212.979605451 31.4574327878 26.108819698 -329.831413801 -17.6780789693 390.33650394 -10.1492746089 36.0300143562 72.6726765187 -361.841634029 51.3113446217 356.417106992 19.1709723375 -551.939887241 -14.8351530685 134.24466025 80.1555271884 70.7988800604 -140.916745348 -846.988725069 -668.428646487 -616.045442546 -1781.6921358 -670.120699063 -1326.45174392 -113.05579766 751.184240105 198.666730667 -777.918160703 729.43822214 -2697.98035175 182.594037433 -808.226900259 -216.891223886 1153.04437529 248.318612562 510.486149744</DataArray>
        <DataArray type="Float64" Name="PrincipalStress" NumberOfComponents="3" format="ascii">-4000.94971133 -1133.21533756 588.940681948 -662.730036298 1268.02606845 3651.06126366 -1749.8693095 -35.6619344308 2480.57161684 -459.864968447 -176.903744566 24.1025214632 -3054.08965363 95.0821621018 3636.05021965 -14.4316876044 1223.82610511 4630.18879204 -3246.76258457 -208.733692807 2411.64332037 -4114.05706125 -463.84143769 2797.90531563 -1066.00770056 249.78415461 1737.51645557 -150.632660756 180.929355329 759.011584559 -4920.67716209 -1314.55557741 158.605268719 -63.3386671901 118.594676461 605.389994836 -7948.49304987 -3408.76352376 -1891.97971824 161.421098748 1669.54333683 2905.19199235 -3400.21920857 -1637.58392771 432.483623532 -1629.62764753 185.297313727 2658.09069062 -2327.64664731 -627.993310765 1008.46659465 -920.400840073 1292.51045935 4686.18148796 -1904.63252449 453.196330165 3524.13294968 -308.147968369 251.122488888 1436.94121209 -191.37286024 1325.74090585 4219.44500347 -1388.85778631 875.491274051 1948.23345124 -1645.0045105 -1389.02692176 2024.57653883 -3803.98297529 -631.37262917 1805.6576215 -2439.10681251 322.348053521 3447.27065719 -3335.44647698 -1065.64506854 897.178264165 -3067.26331535 -506.936053836 841.556752576 -3573.4306794 148.45177814 2703.9020999 -3476.81780513 -1432.4665715 1782.82375728 -1854.45895318 -114.462860474 1168.27901379 -733.209924924 612.512287757 2802.24485726 -2969.30336895 1588.9442024 4748.47858145 -4117.08124855 -1424.60539809 834.240244606 -3547.32608722 647.624685815 3978.86983409 -2340.33180202 -703.466534399 826.172675819 -8984.1782673 -3114.24922948 -1241.74383257 -2777.11702669 -969.308777287 4301.3738858 -885.568404323 151.503725618 2779.97532097 -2857.24992437 -53.7287600637 1015.48262679 -3617.77537394 -1358.40770949 294.488500191 -1225.56656633 299.169875597 2468.41544462 -1058.78182811 865.621667805 2907.56322459 -99.5272334287 1209.43692282 3610.81266032 -1814.47052251 -187.804406992 1902.33087178 -2476.13649612 15.9168659756 2097.71895117 -659.189515094 975.972138926 3016.97266781 -1064.22625579 58.1493428903 1498.12558898 -2949.92650781 -719.197159283 1544.58375476 -1802.41601344 273.941203987 3083.59930172 -2047.61802769 -33.8185629528 1341.21542625 -2959.19297864 -997.897074531 1387.37221068 -2501.8973657 -336.821349675 1175.83685461 -3939.18567525 -1.23353608313 3073.21054553 -7650.11102263 -3201.40735067 -1685.31441236 -6788.05368025 -2423.23972847 -1042.79464767 -1881.86988843 755.961448137 3639.26857394 -1693.4321026 -147.395033202 985.201569863 -462.957611982 752.134736362 3042.84000059 -2960.77971605 -652.21839285 1146.20597804 -1652.24551327 902.499244229 3764.04841221 91.1524887333 1359.58093703 3274.54360789 -3253.29679612 340.351680362 3323.91667777 -900.19452141 1572.73057452 4471.78470651 -3154.76457838 -617.803429642 1622.35223426 -2367.78141592 814.137965938 2020.43206443 -1783.77464049 346.115024578 2917.66821151 -1134.13796039 -547.282859237 2619.14946802 -364.460673775 984.054441434 2909.00868817 -4134.72928299 96.6791558959 3274.74176368 -3062.38070184 -733.613729446 1300.08417464 -1165.47573983 440.937803364 2455.08438302 -1938.29515158 1285.53645936 2661.28999735 -1453.59967873 363.987194894 1896.87712903 -1900.78782476 -53.5434899246 1172.54569905 -3889.63998226 -370.127516753 1922.92795124 37.5770703376 506.699184316 1889.99499388 -1137.74744563 272.354446016 1974.17228963 -4766.61928595 -1666.89308714 -287.12193025 -2769.84903222 850.940299251 4723.69393263 -1207.65363563 -660.164108845 1076.37476335 -1169.7408403 249.181706104 1897.73727504 -2915.53759934 -874.256092105 1706.86705373 -258.971259362 1535.64832073 4871.18257548 -1417.82244228 1172.43241295 3387.09391139 -2348.55259218 1001.35158297 3159.41721862 -2611.75590467 -989.591832262 916.613759581 1453.16201767 3193.77203708 7546.9351416 -997.957844935 820.316379419 2800.26611523 -5719.9699021 -207.546722151 2224.13533744 -2701.54284467 -482.69113536 269.344194532 -2466.16668619 -552.737649055 1214.07441649 -3593.47563651 -233.527582171 2893.20988455 -3203.53620053 -533.938191293 732.770232191 -1679.26403167 2044.21470645 3054.57149042 -2327.79910294 682.658505564 2420.97515055 -2801.14656816 -842.194720808 69.6315298573 -1526.15435847 260.872878785 2405.98189138 -408.927464334 1465.63155241 4057.03679083 -2756.16320673 18.3528070048 960.331072701 -543.917545832 1512.39456403 2797.70445516 -2211.41366 -495.546983559 863.935588401 -4118.84118026 -1271.37895916 991.234366482 -3610.51097526 -1185.72506376 525.684882349 -1393.04802429 180.284038656 2218.03009351 -2493.75851589 -381.336640981 468.537737918 -1390.03376336 -301.153507462 1847.31757101 -1904.11138641 540.45801668 2190.20774537 -799.934249477 343.125043286 2550.2202513 -2073.91472637 136.673182229 1442.98496977 -799.402328884 704.307932376 3012.79894546 -2508.78997637 -219.767807709 1372.6556814 -738.543489285 309.828427972 2111.37796743 -3044.98174878 713.058784352 3769.78700712 667.242103963 2670.40281224 7291.65549995 -2578.27532826 452.787464461 3532.33581362 -3736.87425252 -170.740378076 2666.42763858 -4621.51305052 -1599.09643066 3406.7904165 -1949.77470447 0.853707036303 1585.26070979 -3088.83911882 378.229268283 2877.67482305 -80.2380278135 1365.10097081 2682.58551612 -948.523125245 2582.55337793 3350.58356037 267.082469624 2191.5628035 5418.14012271 -1004.15217992 1047.38841446 2711.49866186 -3636.46582696 -1361.16272948 855.613317206 -3244.02902886 -651.519676546 827.646433558 -2696.70411466 -354.502969803 1312.34472814 -1809.01660429 -283.734723363 3482.25482541 -3551.14458074 75.1712835073 2721.5369914 -685.871242443 1314.95589046 3610.70679411 -3069.02758044 16.759063896 3047.16533195 -2485.2305361 -1084.15048466 231.019721398 -3190.0713667 -486.205235805 2527.09690809 -2967.92707867 -739.28353642 2751.78608886 -3601.07809379 751.992441829 3632.69306978 -2090.06560879 448.467449601 4242.47997492 -2182.90260968 153.501270887 3360.43210873 -4253.69935166 1282.32629448 3629.59735866 -8020.94009143 -2665.22359838 -1514.27523611 -553.408349481 1412.67480411 2837.53493124 -4018.27208929 -633.519654255 2538.60642159 -3563.64074069 402.677893469 4552.44429875 -955.921269181 460.354487328 2955.14591784 -3173.90927918 -412.765310849 1849.85044615 -1237.5476227 254.909951112 2300.61271284 -2334.55438455 -192.009497879 1518.12891442 -4981.51104325 580.455975444 2907.62528319 -2882.28835799 -102.536011451 856.137584369 -2424.02954144 -1164.84702287 1289.5138483 -514.381059455 808.485404135 3162.09400223 -2248.04108679 203.21011133 4495.00833021 -659.163224391 1976.25652483 2656.83067964 -1970.24302097 -1129.65757616 1546.90297155 -1336.11536832 908.582395151 1921.61580306 -769.094161078 305.174127516 2257.33574725 -3369.87013094 -1088.87307015 324.93833779 -3596.89057687 -1107.02786477 3230.43452005 -1092.08617575 838.694753012 3713.53777239 -2310.57616318 -186.486628288 1452.90860242 -1817.33992551 984.226583294 1746.46928807 -3731.59140219 -1172.29888418 3098.55529944 -2358.74079438 283.28275873 2073.5482588 -4650.86459505 -1381.58247788 2954.21197623 -2857.84012113 -1000.31274859 670.255169846 -1036.80230022 233.39443075 2501.64615635 -3483.05822424 -839.920354194 2894.01523648 -850.763839023 1667.12096042 2011.47135787 -3517.32266632 -1461.25699418 232.296561023 -1184.57386792 1636.82922543 2241.64834538 -3159.56345817 -629.782418357 1571.53227466 -2140.12413625 5.61730749775 1472.20690849 -914.573980794 891.54746765 3745.80543621 -1365.35426856 55.5481904825 2062.4467855 -841.814020489 1034.71109992 2870.21281551 1535.18225972 1902.51028947 7846.61375934 -993.722815178 1017.88278747 2714.21888822 -1558.92091265 156.321303688 1326.58403818 -3048.8962509 824.445140246 3612.25827043 -1094.63891393 -172.597722188 2063.9197949 -2049.91082413 491.374474185 1945.94700712 -3714.20966002 586.260339663 3800.49969975 -3510.97652874 -1751.7770569 2268.76139895 -3021.50622058 -1315.97844688 345.498065592 -3995.86323664 686.617211764 3421.71071104 -2469.11509767 -926.370307629 2880.85580996 -3734.53889906 529.664069655 2374.42165939 -3883.43316986 631.852973035 1018.45946012 -2956.33375846 424.994082044 3827.06177332 -4655.97696266 -587.118925362 2974.44371359 -2431.83687421 -1658.85371043 3455.72924526 -6226.01927591 -492.345061464 1724.55994599 -2527.60152926 715.911856869 2775.22010929 -1574.44806883 331.902595536 1896.61394062 -3478.73091748 749.146083038 4402.41066269 -2502.12634136 -687.934443914 546.302174195 -4087.44847899 196.616682302 3682.7256446 -2975.4371952 162.178328515 1451.03909688 -4317.19721178 -998.053806977 1744.01047174 -2610.36344442 306.450311385 2834.25729693 -2714.49324875 -999.099443303 988.695637163 -1698.05305146 1570.6982199 3493.29848002 -2931.09310979 -721.573952159 4195.19015515 -1564.55333557 304.878669721 2576.43947972 -4593.12019657 -938.080649377 2647.77315831 -1254.70359519 383.224878779 3254.40656025 -4134.00690502 -826.802475016 2865.95740825 -1469.01943189 327.078554637 5974.57133314 -3665.19746171 -1065.08415051 3075.77833184 -1525.57756642 908.205090142 1729.95840542 -1061.21660962 1162.61843283 2898.65375507 -3005.99851147 -707.030439535 4095.48271072 -3131.75826523 -734.025994022 4006.12616282 -1562.36203175 122.582967339 1898.57462056 -5229.9995836 -1692.91713391 1970.13972284 -2264.69291513 265.100322363 1807.89247483 -3853.42914767 -1096.78024243 3162.23208181 -3688.47330918 -1302.47431236 3386.27250641 -8381.9739807 -3014.62433635 -1216.80503504 -4617.17064305 -147.191089676 3606.9340882 -2888.98092564 -339.230486592 4404.10855718 -2303.82541622 2033.01909964 3313.78161595 -4657.74803889 -2327.58905447 3104.1213703 -1934.4430454 -637.688323265 1629.91165376 -3898.88236395 747.789329814 3624.501189 -5073.92962064 -1017.32188954 4216.55385981 -4212.27887934 -2037.3406541 1658.31276141 -2659.1606727 -607.158054166 1319.64621516 -2642.73753609 -20.9577060721 1062.85037062 -3255.34944948 81.679597746 4348.72298562 -3456.270597 671.316650229 3016.42203722 -6312.07187729 -2189.09584361 2753.58197044 -4113.21482374 782.127487274 7121.78222281 -2527.59088829 -640.516322941 759.832041366 -4490.48721231 -111.86012844 4022.51237626 -3946.07529654 459.321033122 3454.49828242 -4441.17206272 375.316706075 4825.97309108 -1180.35470437 1781.25306936 4344.49746214 -3439.52727455 -26.5186422777 5038.69157016 -3553.74962287 -92.2730032166 4063.72748092 -4040.5371897 -211.806253345 3923.90255679 -2944.97326992 2373.65892515 5974.19463762 -2758.19641088 -62.1661657584 1688.3455793 -4306.52608438 -559.294551642 3098.9623352 -2905.2304593 20.6699240147 3968.60259774 -3198.02205264 1601.08045961 4454.21668573 -2992.33115389 1650.67214683 4812.0619473 -2994.63126609 -798.505128498 2031.59461695 -3912.14875317 312.960074714 3388.88016345 -3841.03881093 -98.0089162932 2853.20401143 -3230.513009 -387.448067656 3472.17763582 -5405.12444266 -568.926330618 4907.07979823 -3139.39471741 311.053952156 3986.00442322 -4820.62568468 541.953963284 5013.17157959 -2823.86676132 -1052.35072809 900.049583243 -3482.57270828 -1108.49115095 3068.71692761 -5754.0387794 -1411.36348995 2054.18924943 -5759.25405498 -320.532878288 4556.61755912 -2840.96446894 -114.414059306 4317.6035073 -2990.12248433 -231.729486381 4399.68197645 -2994.87182921 441.042886444 3737.01718843 -2984.08995442 -1298.93140137 1863.21519031 -5434.11736984 -1462.29209056 3322.45455479 -2799.61759611 -362.5926151 4673.13708624 -6522.32134906 -2188.1366357 2572.4956775 -1659.38877597 479.501376421 2139.39186641 -786.467003793 950.828745651 3882.56654297 -3972.12064928 297.167432374 3467.58848345 -1145.58871536 -33.8190033316 2385.56182654 -3860.07526273 894.098098404 4037.98631842 -4186.41888472 -353.683198559 3930.8118103 -3844.90507527 -1061.8529913 3919.67482142 -3714.24094307 -1673.70439275 1199.57400841 -6085.79127078 -2329.63748637 3158.52006074 -4086.74190523 -1163.25290798 3426.48371068 -2678.42246394 -1255.02990693 749.819623743 -906.434513762 -116.100484926 2791.60456039 -2572.48173199 570.789769762 1628.80237237 -3463.04874248 2140.6022204 5208.21664265 -3738.96658926 156.467374381 3015.84051961 -3659.99384431 -656.487890499 3460.86712233 -2452.92124266 1732.76352172 4870.93147883 -3724.37674745 1087.97624347 3532.12198159 -4666.24553843 301.054351344 2706.30247234 -3073.01303834 747.827844679 3749.33709312 -3497.87020213 154.68470502 3965.56480888 -3728.71509514 -586.795311286 3343.07254579 -4172.27556012 657.642470363 4040.96768067 -5399.23591732 669.140624208 2642.85449439 -3455.68808912 669.285612521 4744.215707 -2716.90005649 -504.176555803 4318.15852664 -1789.34962478 312.296492273 1628.93970205 -4026.38872119 -94.3175234189 4729.60803718 -1675.45608703 79.2900448211 2177.92554778 -3788.14554468 682.209266064 4496.37874885 -3128.66867855 1004.92613822 4245.26208302 -3883.4912791 799.214179066 3554.56844277 -3480.46746174 -988.121580748 6097.72859682 -4376.8553045 -714.631316011 3814.81465868 -2625.42726734 645.388580466 5528.18999698 -3026.16744954 -249.643661083 4618.51661225 -4073.41026151 -93.8689711951 2781.76805872 -2475.86215076 -566.947301203 4259.68128182 -3323.95877633 -1383.26613623 -102.787892203 -3833.10410715 -563.226355075 4713.76032823 -4660.40478642 -944.636904561 4512.33075802 -4674.58114603 818.755079697 3505.56008879 -1110.91154261 38.1822396355 1238.18567473 1756.07491544 1951.78480639 4475.13959547 -514.313681146 593.410797917 3578.09965369 -505.715700006 88.1354707638 647.838609263 -4344.3380679 -949.264949026 3839.05269456 -331.028049515 6.63026645974 2379.58858513 -5345.76443769 0.955879489384 3302.78814989 -4100.39681005 -226.6732328 4992.64400264 -3671.40173036 -749.976999333 3372.67484222 -5271.29431926 -2866.0714345 2685.94684463 -2276.58103016 -93.8023254265 1530.24314145 -948.839742603 2463.64151177 5159.57006978 -73.5752606371 199.84809959 609.144993816 -2635.85816099 -521.267275763 1165.56307995 -1895.76744819 -562.427432584 1776.91018838 -3062.55668901 233.157945588 1264.78154198 -2475.0974259 -1072.98476732 -559.814148045 -4357.69121463 593.300355841 3435.70458767 -3181.65580282 -903.39571587 2642.63184231 -3785.45803993 -1160.27887538 4260.83606834 -2707.94954644 -117.019314163 769.53210104 -1573.70747779 -621.275215454 -321.268678735 -4638.52809551 1030.38712441 4044.03398327 -4540.64514792 379.850985245 4445.06023313 24.8201009817 603.840924348 1708.66405726 -3816.66181835 195.811859787 4670.40210863 -1240.03466749 -390.043893624 -66.2030486734 -3791.15008325 -901.869752526 709.789729457 -2306.21274981 -147.300501963 1394.834482 626.859181014 931.300459661 2103.04175363 -3992.85348703 1191.48676164 3982.74024233 -2236.05098379 -518.668331226 129.748991592 -3503.05094455 916.659432012 3492.83846312 -3894.1433878 -1204.92116713 -782.634884162 -2913.81510694 -737.16662754 1947.72841623 -2549.76240236 2376.6519516 3730.54437461 -1959.43704537 642.704149017 2086.52688179 -4472.84969104 -62.2779647541 3942.73519434 -4522.53561254 -652.075381574 3368.5084157 -4008.65682801 -38.9111932277 3934.05059204 -1735.60865809 1688.31653746 3368.57001708 -4435.63911654 -1073.95459364 4463.99908385 -3857.27452406 -1312.72199028 460.272923821 -3174.06467412 11.6683061631 3215.12630582 -3573.6947157 1409.89451342 4825.16070796 -2946.97379954 -734.940648026 4307.50601447 -3212.99347054 52.4788227407 4053.42392029 -1157.68341367 2368.51178882 4311.3591932 -4440.29934295 414.598951923 4106.65135591 -3776.8249785 -725.761231507 2718.36690555 -1110.91154261 38.1822396355 1238.18567473 -3364.21591674 359.533670194 3987.8946273 -2793.52959957 -466.993514116 6871.10071139 -4538.23556991 -854.623472149 3185.75316915 -3285.6783105 -954.444988611 4591.12632869 -2388.98940596 2493.47452523 4533.04847493 -1808.21034913 155.366109252 2041.47056589 -3807.24728354 853.654646485 3493.85732123 -4118.23197536 1754.06268711 5058.35726472 -2279.32188462 2249.72711426 3882.34738673 -3790.72719643 -691.946389223 1047.36361524 -169.320839782 264.849632081 749.717858948 -2820.15453331 974.929493219 3838.72833756 -2928.17663517 1992.00545356 4958.69189163 -2338.98358619 754.165915051 2632.9763179 -2856.12408571 -1118.36319478 1393.77503668 -1482.855589 303.631165345 2234.56681414 -3081.10554157 391.271897818 4561.96118517 -4914.76576083 -1932.20734588 2935.04172193 -1790.6606942 -20.8783874948 1790.31378996 -3136.8347838 670.352986335 5054.35131722 -2554.43764491 -233.517738303 1649.31840481 -3532.67837177 521.27602449 5023.92572173 -4451.32250043 -1574.99173978 1289.11634926 -4229.19505738 856.488018591 4214.55577396 -3539.20144056 -719.698751021 3929.14254353 -4148.63379354 -27.0040686337 4140.12997316 -4890.3733857 -816.213224709 3609.76909806 -4123.84493537 -987.745126938 3121.4928352 -3494.02333404 -1528.58687999 555.209271343 -3513.03080147 600.635458195 4989.9739933 -1828.24313532 -357.124818726 2141.60076464 -1348.66939822 44.1943730885 1495.98397518 -4583.13545868 399.169375937 3081.58966977 -1591.80540579 546.375456935 2778.32629636 -393.991863111 -80.3287268226 321.538117317 -1206.02113323 6.75087718238 1228.52405717 -89.9612764504 135.667295747 529.155626269 -2336.74933011 111.131312452 2071.53519744 -4021.30228581 -740.049981339 4809.93143092 -2343.52940944 230.962600768 2154.51422444 -3999.36962918 -5.77459341404 4479.79119397 -4402.3481285 -907.913504275 3311.16757053 -2661.4916874 -134.708104778 2113.92973624 -4153.76529534 -85.6257082487 4380.88348332 -4427.08258044 -379.462944461 4494.38661303 -3630.98715161 -439.131437092 1777.56899524 -4087.74308926 1386.3834891 4678.44181257 -5415.41485394 26.5443608318 4640.61118402 -4059.25741429 -411.018089605 4745.71578387 -5222.31168774 -1053.81487057 1902.1477712 -1273.84157403 150.534565796 2767.85435634 -3061.14706844 2539.74559958 5631.61088556 -4006.9285616 48.3463273274 3852.36521124 -4258.47290387 -1312.94793292 1453.74690817 -4673.63162493 313.540466258 3859.49448589 -4071.44260553 -623.10293835 4275.95401756 -206.026380023 310.004011017 729.797914163 -4395.48833127 923.198094471 4647.84246393 -4430.72649833 1234.55398426 4197.00735902 -4402.79114811 -696.876169349 3680.1374295 -4519.18823816 -263.305791208 4779.95428838 -3450.21584938 -278.94296179 4640.2194922 -4656.76361893 -1600.1646267 3579.80771045 -4135.26582241 363.713844649 4173.47573846 -3850.53973347 90.0192755896 4488.94132457 -3953.76840761 13.0313202103 4613.85040988 -3870.44653333 -82.6357253776 4598.06324331 -2490.982466 -391.376281776 1605.48127277 -4843.3351267 -1030.34161572 2770.00059709 -2561.94578403 -388.04632333 1192.39167545 -3173.23858411 -418.810094887 1289.46740664 -3871.29705053 112.230895555 4833.74491723 -4257.52596234 -1478.21839762 2152.31835198 -1206.02113323 6.75087718238 1228.52405717 -4016.14290848 1026.17607941 3699.83955379 -3794.8505223 175.361547078 4872.10320048 278.81611765 484.970736212 1378.94368462 -4644.59801786 -737.451322377 3779.31390731 -5531.61004173 -508.50089416 3383.92016207 -3956.10813618 1270.26865881 4545.85749851 -354.349156911 -62.4089172796 420.905254181 -4857.8246221 -92.4203531907 4336.63996266 -4956.83669101 -127.342194336 5055.30393783 -3878.59030794 275.99569855 3967.92196083 -2937.49172413 189.816548276 4504.22814214 -5062.14588633 -347.528526367 3636.15437825 290.279790806 447.278249993 1320.62109125 -4887.21836283 -1592.2377515 3818.98124326 -4704.70523037 -475.130899559 4044.85949983 -3834.01980269 -877.209528649 3637.91275333 -4005.16177071 -90.9678511856 4138.17520605 -3876.36743119 946.685492123 4021.7299017 -1619.61607627 -122.519697567 2074.35932787 -2580.04735787 -289.366351699 1694.02215741 -4062.6783021 -785.638360477 5514.50066942 -3847.25895966 1666.40254626 4650.49607896 -4790.85405838 466.778909666 4681.80967874 -5003.56042112 -779.429942787 4345.71506913 -4527.33174859 -2006.73881771 1133.58642534 -3019.54898854 242.047745909 4470.09585321 -4655.97594662 485.666606169 5172.50857026 -3150.81853443 -548.637307925 4116.24845869 -1819.00648759 -206.090871478 3393.94622115 -4332.66388401 -1427.78893096 2611.10391921 -4607.83665867 0.396596464984 4067.95933876 -4016.45480599 1353.00125328 4947.66676899 -4094.78549411 -772.563696587 4347.02046275 -4224.93236845 661.820125257 4519.11388187 -4305.06315069 -639.951561832 3744.55540925 -4069.87201595 59.8677004364 4371.52322 -3762.26933902 57.0917733657 3952.57525023 -3768.1434065 547.259754485 4593.16277426 -4420.70964938 439.667233815 3984.60363777 -1110.91154261 38.1822396355 1238.18567473 -4934.5036278 412.833329839 4337.91153846 -3365.19200126 143.803090153 1779.4108117 -4368.8270819 -1441.58703532 3858.41616674 -2458.51719318 256.072718603 4702.40283393 -3050.83105685 455.683881269 5232.71459727 -4440.7268952 -976.064593337 4092.04060153 -5340.45994726 -494.231816739 4061.81299615 -4235.63880673 -252.49264342 2865.319256 -3106.77282782 -661.888474401 3053.61179341 -4080.45447481 -134.859149238 4473.88504058 -1348.66939822 44.1943730885 1495.98397518 -4031.50280056 -572.459687784 4440.38334212 -4496.04416035 -110.34064148 4752.110033 -4145.65395287 -50.3118529745 3977.94777628 -2236.53586981 85.3635083965 2591.30068275 -1533.01730781 -385.695282448 2019.90474695 -3242.83062914 255.651690978 4717.39072536 -4733.43792179 -1100.04706334 3906.49324169 -3916.45083709 -331.290790486 4545.90801255 -5503.40367493 -1928.92118247 3134.18686652 -4677.83198876 -73.9555348995 4129.28755338 -3898.87060859 396.26238676 4523.11110775 -3745.61608071 7.02642088309 3769.03748365 -4548.6823162 -56.7048631887 4897.1843897 -3658.25597566 1056.38072888 6134.10312728 -3986.99055795 2.68994074504 4511.23835155 -3823.72520304 1598.51688478 5765.5919244 -1985.38509981 -231.224576465 2246.95703071 -790.078066216 209.916337904 2801.60721953 -3743.05364203 1401.67042265 7410.16167055 -5029.76040061 -323.395761391 4095.15722506 -4595.62395838 8.98264016865 3094.22195028 -4914.25223428 -2232.29520421 3567.03139927 -3749.2752349 795.070710868 3816.83152436 -3962.24692336 52.2278317631 4136.3396959 -5227.8196962 -190.39038331 4771.66102479 -5110.50302991 -1422.66542478 3424.50091264 -3046.27836947 1348.62474603 5218.12733662 -5657.79761231 -456.21785139 4248.53374959 -4975.48138128 25.7252217877 4533.85424499 -4377.61785426 1446.38880872 4559.0696458 -3778.66548926 359.458053837 5079.18662297 -4519.0677392 -58.0715222912 4955.91762614 -324.051490096 945.386568772 3016.84717913 -4557.52201285 -55.4922880535 4372.54771934 -4321.52658473 239.188308544 4427.79777211 -4817.88023236 -73.2448301942 3027.64152555 -5030.62660292 -30.5063776103 5178.52531827 -2389.80310853 3659.80984329 7065.61880594 -5634.04698723 -10.3875148847 3249.16153879 -3907.10824258 1625.3942709 4735.69732405 -4778.49688704 -413.124272247 4355.7369572 -4090.79352788 -162.882467323 4866.37557344 -3555.50835708 27.13161353 4450.64285629 -4516.7208541 -185.217671528 4024.39789087 -5024.96512467 62.7673703207 3620.24039976 -5599.63633359 -13.5192728582 5060.7009354 -4412.15380562 -49.0146092726 4248.77177471 -4094.70595555 -275.725396645 4039.6834812 -4695.44512053 202.009574449 3506.48485956 -4787.639909 -234.959410415 4156.80639802 -5568.25494172 -2134.71758176 3205.00260297 -4994.88853935 -27.3668055752 4076.23750611 -3820.96142422 184.071310017 4882.52761646 -3507.40848562 -132.813328343 4316.95884117 -3558.17104248 468.293176477 5003.25158522 -4291.94980361 -115.168370746 3908.05523446 -4055.30438538 -13.2722116182 4011.06367998 -4196.34272074 -677.464727514 3707.83309152 -4720.58063308 -75.8696894014 3939.20643954 -4862.00615796 -657.268619459 4019.09791523 -4997.38721205 -165.358872607 3664.5885951 -4024.50411958 142.800105086 4807.71762352 -4459.47941289 186.554698726 4161.87985328 -3762.26933902 57.0917733657 3952.57525023 -4395.52425102 283.394193961 4485.16131102 -3962.24692336 52.2278317631 4136.3396959 -4353.83416284 -71.4556049512 4115.648813 -4707.23044083 -103.240828043 4171.53245251 -4398.85300734 258.719137872 4045.7615711 -4277.02531829 -18.075336714 4216.77419591 -3793.5350122 379.993522196 4403.03573141 -4066.08939477 310.099509107 3809.02412257 -4270.14344864 -831.49304192 3930.62697874 -3745.61608071 7.02642088309 3769.03748365 -4657.91195912 94.820471566 4455.00144449 -4145.65395287 -50.3118529745 3977.94777628 -3934.48389053 12.4816515048 5007.52714111 -4168.77095507 -35.5232385843 4050.36015979 -4028.85617189 -1071.76655588 4031.37140679 -4055.30438538 -13.2722116182 4011.06367998 -3655.35025075 821.599213739 4489.57069874 -4450.1728338 189.026277674 4305.65201533 -4226.8333517 -59.4196146331 3883.51898558 -4557.52201285 -55.4922880535 4372.54771934 -4412.15380562 -49.0146092726 4248.77177471 -4210.12317579 167.569544517 4465.30386732 -899.014155329 1110.63196154 2329.34836899 -1195.05431923 189.805007652 3010.53525104 -898.922469195 390.785817945 2356.27297889 -89.1799660666 1925.77110141 3508.48527206 -914.135848731 332.300726551 2592.19721937 -554.365745509 1684.69530201 2849.02567524 -3358.67346218 848.418782324 2849.42207284 -2727.31772777 -891.479766847 1365.24477431 -3113.89962732 -459.233700782 2977.1331361 -1171.48221591 778.998189011 2726.23850901 -2649.26787418 -1824.4157902 2285.36899796 158.339379829 2250.97463927 5684.62703615 -1678.68089757 -856.63632653 1987.53511181 -1453.10657878 975.037815923 2902.74946363 -2273.49900285 1128.97980882 1795.19286568 -3052.79287062 -870.024882384 463.684627123 -2169.26838918 -256.615223133 1680.92777463 -2783.57768094 -226.742205009 1478.86143672</DataArray>
        <DataArray type="Float64" Name="PrincipalStrain" NumberOfComponents="3" format="ascii">-4.79708414331e-08 -1.37015785932e-09 2.66148774577e-08 -2.67307029491e-08 4.64408375295e-09 4.33684056752e-08 -3.10417776778e-08 -3.18590783294e-09 3.77028873753e-08 -5.17530751896e-09 -5.77187630885e-10 2.68916419209e-09 -5.2167867102e-08 -9.93825096304e-10 5.65469058389e-08 -2.21329519594e-08 -2.01126282783e-09 5.33421308349e-08 -4.88454434105e-08 5.22526080648e-10 4.31036525448e-08 -6.01784528079e-08 -8.62448925041e-10 5.21409358164e-08 -2.07774735451e-08 6.041441013e-10 2.4779793992e-08 -5.40768678402e-09 -1.98040226543e-11 9.37403220233e-09 -5.71736508686e-08 1.42582488252e-09 2.53646886321e-08 -3.50667585724e-09 -5.5025902291e-10 7.36016490068e-09 -7.94783759659e-08 -5.70777116653e-09 1.89399656731e-08 -1.51374937501e-08 9.36949261879e-09 2.94487832709e-08 -3.79836139665e-08 -9.34079065247e-09 2.42978070552e-08 -3.10330506105e-08 -1.54051999e-09 3.86423723845e-08 -3.0522357906e-08 -2.9029911871e-09 2.3689482276e-08 -3.39251053033e-08 2.03470331227e-09 5.71818575272e-08 -3.87228913556e-08 -4.08172467384e-10 4.94945475997e-08 -1.01820884833e-08 -1.09394355284e-09 1.81756106991e-08 -2.31866079129e-08 1.46649078605e-09 4.84891823723e-08 -2.79496900487e-08 8.84598218216e-09 2.62780425615e-08 -2.29458674453e-08 -1.87862316282e-08 3.66848246063e-08 -5.19533559124e-08 -3.9843778791e-10 3.92033037855e-08 -4.46249053216e-08 2.48736251455e-10 5.10287285611e-08 -4.10613304459e-08 -4.17705755863e-09 2.77188215978e-08 -3.95956190622e-08 2.00969893745e-09 2.39227070417e-08 -5.53642105351e-08 5.11637939988e-09 4.66424471284e-08 -4.47740620108e-08 -1.15533544644e-08 4.06951133784e-08 -2.71325474897e-08 1.14238901676e-09 2.19869444736e-08 -2.19704633554e-08 -1.02477399313e-10 3.54806768552e-08 -6.08816275513e-08 1.31898954831e-08 6.45323291427e-08 -4.92496462814e-08 -5.49691371131e-09 3.12093279825e-08 -6.16909305399e-08 6.47701952191e-09 6.06097531814e-08 -2.97142955555e-08 -3.11523495674e-09 2.17414022093e-08 -9.59672543586e-08 -5.80907493922e-10 2.98473052058e-08 -4.72092069905e-08 -1.78323229378e-08 6.78162703374e-08 -2.20626514787e-08 -5.21022936721e-09 3.75024340573e-08 -3.93222010549e-08 6.23501786515e-09 2.36097029015e-08 -4.12324951394e-08 -4.51777059212e-09 2.23417928153e-08 -2.569802703e-08 -9.21059848626e-10 3.4329180648e-08 -2.73842161979e-08 3.88734061077e-09 3.70688909086e-08 -1.93200263546e-08 1.95064118436e-09 4.09729969188e-08 -2.91103557744e-08 -2.67703139715e-09 3.12876668829e-08 -3.88778405158e-08 1.61802661829e-09 3.54473105026e-08 -2.32134119639e-08 3.35796491391e-09 3.65242235082e-08 -1.91388591918e-08 -9.00255713336e-10 2.24993582856e-08 -3.99692810807e-08 -3.7199291671e-09 3.30665106861e-08 -3.51209770644e-08 -1.38017228121e-09 4.42767718069e-08 -3.04979635835e-08 2.22627771846e-09 2.45705800431e-08 -3.84504439936e-08 -6.57938555179e-09 3.21812403329e-08 -3.44200252148e-08 7.62460045661e-10 2.53431558653e-08 -6.0759734726e-08 3.23198753541e-09 5.31917038616e-08 -7.73011811715e-08 -5.00974650211e-09 1.96267637454e-08 -7.18530420926e-08 -9.24815376202e-10 2.15074171868e-08 -4.00054861881e-08 2.85927303104e-09 4.97130138254e-08 -2.43096757949e-08 8.13426582729e-10 1.92181213825e-08 -2.00181254133e-08 -2.72874752743e-10 3.69510857909e-08 -3.88621998951e-08 -1.34807839307e-09 2.78763176339e-08 -3.81526226275e-08 3.36197968182e-09 4.98621536616e-08 -1.62385609343e-08 4.37340135048e-09 3.54915447521e-08 -5.44072162944e-08 3.98957144833e-09 5.24725026562e-08 -3.39193638215e-08 6.26566898738e-09 5.33752986322e-08 -4.32016152471e-08 -1.97599658006e-09 3.44265329583e-08 -4.02269053128e-08 1.14792846423e-08 3.10815637427e-08 -3.45363701415e-08 7.43369159094e-11 4.18620762035e-08 -2.19462242878e-08 -1.24098288941e-08 3.90446964239e-08 -1.91547451582e-08 2.75862546395e-09 3.40391319734e-08 -6.43269444858e-08 4.43344264613e-09 5.60769600225e-08 -4.04040229425e-08 -2.56155964106e-09 3.04860313003e-08 -2.54285299468e-08 6.75690130089e-10 3.34055720495e-08 -3.90292886073e-08 1.33579750703e-08 3.57139700627e-08 -2.66482371988e-08 2.88754949754e-09 2.77970109273e-08 -2.79561060937e-08 2.06161434734e-09 2.19855636682e-08 -5.44435014075e-08 2.7485761569e-09 4.00107275118e-08 -8.51788978901e-09 -8.94655436859e-10 2.15839014685e-08 -2.2646318329e-08 2.67837410204e-10 2.79223773689e-08 -5.22551847591e-08 -1.88463402856e-09 2.0536647271e-08 -5.55279912722e-08 3.3098353641e-09 6.62420819064e-08 -1.66564603997e-08 -7.75975558952e-09 2.04590010837e-08 -2.2672706683e-08 3.84784696e-10 2.71738126913e-08 -3.95665110979e-08 -6.39568660527e-09 3.55475645146e-08 -2.72627566028e-08 1.89981157365e-09 5.61022432133e-08 -3.48210042447e-08 7.27063715267e-09 4.32588865024e-08 -4.49597904082e-08 9.47615243798e-09 4.45447190173e-08 -3.23732810359e-08 -6.01311485918e-09 2.49627260083e-08 -2.21131266992e-08 6.1717861162e-09 7.69106865647e-08 -2.60516574166e-08 3.49529872914e-09 3.5669481936e-08 -7.90618310836e-08 1.05150455906e-08 5.0029879059e-08 -3.29692345303e-08 3.08710574604e-09 1.53076798568e-08 -3.33070964552e-08 -2.21387460183e-09 2.64968214633e-08 -5.48922540903e-08 -2.93098207303e-10 5.0516385627e-08 -4.078982266e-08 2.5911449901e-09 2.31751568717e-08 -4.01112486342e-08 2.03952808603e-08 3.68135785998e-08 -4.07361149971e-08 8.183821141e-09 3.6431466622e-08 -3.2117220136e-08 -2.84252616446e-10 1.45329239569e-08 -2.9077634869e-08 -3.84422636197e-11 3.48195791911e-08 -2.58215995913e-08 4.63998443076e-09 4.6750319555e-08 -3.8122104633e-08 6.96378059015e-09 2.22709274077e-08 -2.29618406449e-08 1.04532311405e-08 3.13395168712e-08 -2.90241280182e-08 -1.14129452599e-09 2.09502972684e-08 -5.04349725307e-08 -4.16371143778e-09 3.26037551038e-08 -4.26562365105e-08 -3.25346544854e-09 2.45569461757e-08 -2.64067782992e-08 -8.40132276362e-10 3.22732411149e-08 -3.14989855621e-08 2.82786990512e-09 1.66383285622e-08 -2.31735372803e-08 -5.47923312195e-09 2.94334219032e-08 -3.40413889378e-08 5.6828638624e-09 3.24912969536e-08 -2.08492229732e-08 -2.27450946578e-09 3.35907876645e-08 -3.18476521496e-08 4.0744013651e-09 2.53019679126e-08 -2.39316799029e-08 5.03611842538e-10 3.80165908052e-08 -3.5683204231e-08 1.51340600975e-09 2.73902877079e-08 -1.83113175988e-08 -1.27527394341e-09 2.79999060728e-08 -5.48729435777e-08 6.19521508561e-09 5.58670487056e-08 -2.90171923712e-08 3.53416913831e-09 7.86295253136e-08 -4.7172653896e-08 2.08211648566e-09 5.21247771595e-08 -5.60697553834e-08 1.87992007633e-09 4.7983900347e-08 -6.45477655784e-08 -1.54334955057e-08 6.59121657607e-08 -3.0320112869e-08 1.37759881803e-09 2.71242126127e-08 -5.08201293278e-08 5.51973196269e-09 4.61357222276e-08 -1.61817996736e-08 7.30495905394e-09 2.87140829152e-08 -3.41058025842e-08 2.32741905924e-08 3.57546810571e-08 -2.5197855103e-08 6.07495032252e-09 5.85068317596e-08 -2.66477287852e-08 6.68980587349e-09 3.37315973937e-08 -4.3560012541e-08 -6.58633720694e-09 2.94362735518e-08 -4.12108381996e-08 9.17438775568e-10 2.49538880648e-08 -3.7300708027e-08 7.60060576928e-10 2.78463356684e-08 -3.46071579363e-08 -9.82132737123e-09 5.13760027963e-08 -5.48769632901e-08 4.05066950385e-09 4.70541122571e-08 -2.70446255977e-08 5.46881531204e-09 4.27747674963e-08 -4.98525612399e-08 2.91471730551e-10 4.95355735864e-08 -2.7866141339e-08 -5.0985905031e-09 1.62729253453e-08 -4.75292358548e-08 -3.59141122778e-09 4.53747486105e-08 -4.4645973055e-08 -8.43051549345e-09 4.82993659173e-08 -6.1456046841e-08 9.28134936289e-09 5.60927345672e-08 -4.37168729518e-08 -2.46571075301e-09 5.91869927835e-08 -4.04635327945e-08 -2.49696973534e-09 4.96156563795e-08 -7.1590955595e-08 1.83694611547e-08 5.65126159477e-08 -8.45886305135e-08 2.44176249846e-09 2.11446733854e-08 -2.28558908761e-08 9.09296036974e-09 3.22469374357e-08 -5.73724764937e-08 -2.37024942431e-09 4.91767993082e-08 -6.31272174794e-08 1.32546032563e-09 6.87591644115e-08 -2.47571423842e-08 -1.74266134089e-09 3.8797699405e-08 -4.50629352471e-08 -1.94345761749e-10 3.65731602894e-08 -2.50525552736e-08 -8.00119699094e-10 3.24425501789e-08 -3.41548776189e-08 6.61476789524e-10 2.84512259893e-08 -7.53491927606e-08 1.50327712933e-08 5.28492725442e-08 -3.88546103734e-08 6.31636525796e-09 2.189481119e-08 -3.07678698633e-08 -1.03061539366e-08 2.95772102199e-08 -2.13194360171e-08 1.77144016262e-10 3.84232837354e-08 -4.57188327406e-08 -5.88600077122e-09 6.38557202856e-08 -2.56136173216e-08 1.72119536032e-08 2.82712836188e-08 -2.61927079948e-08 -1.25331945167e-08 3.09609143836e-08 -2.73146853473e-08 9.1616533091e-09 2.56234461877e-08 -1.92230890438e-08 -1.7662293542e-09 2.99563969665e-08 -3.92586213904e-08 -2.19241915253e-09 2.07820162264e-08 -5.29239071682e-08 -1.24636380966e-08 5.80201256568e-08 -3.07219491672e-08 6.5324092527e-10 4.73694399901e-08 -3.36312844428e-08 8.8517049927e-10 2.75253429982e-08 -3.29568585865e-08 1.25685971816e-08 2.49550411341e-08 -5.38683540846e-08 -1.2279850667e-08 5.71215298169e-08 -3.83223762455e-08 4.61050649257e-09 3.37023208687e-08 -6.4033168057e-08 -1.09073336529e-08 5.95493262263e-08 -3.44852855938e-08 -4.30046579009e-09 2.28462628845e-08 -2.32164309544e-08 -2.57573407609e-09 3.42833564648e-08 -5.12410836116e-08 -8.29009322335e-09 5.23863601252e-08 -2.44292691814e-08 1.64863588095e-08 2.20820527682e-08 -3.93579317047e-08 -5.94686453238e-09 2.15733807397e-08 -2.93514642396e-08 1.64963360274e-08 2.63246467266e-08 -4.30261051883e-08 -1.91716329129e-09 3.38542004703e-08 -3.22933925131e-08 2.57490594784e-09 2.64069869639e-08 -2.88222481494e-08 5.27225387803e-10 4.6908917377e-08 -2.5009409517e-08 -1.91974455749e-09 3.06923576116e-08 -2.5166139939e-08 5.32739326768e-09 3.51542961461e-08 -1.73694369366e-08 -1.1400356453e-08 8.51913249323e-08 -2.64169164736e-08 6.27167456949e-09 3.38371362066e-08 -2.50474064401e-08 2.82527957535e-09 2.18420490108e-08 -5.47488409263e-08 8.19295667983e-09 5.34949200453e-08 -2.07754441968e-08 -5.79227483097e-09 3.05511348216e-08 -3.47638408565e-08 6.53204524111e-09 3.01688489013e-08 -6.28779708981e-08 7.00466659681e-09 5.92360561982e-08 -4.5825897892e-08 -1.72389064745e-08 4.80948434331e-08 -3.41295263274e-08 -6.41470000479e-09 2.05842933229e-08 -6.53545201685e-08 1.07357871181e-08 5.51810564813e-08 -3.81932593547e-08 -1.31236565164e-08 4.87437678944e-08 -5.75720577222e-08 1.17212405194e-08 4.16985513527e-08 -5.47315862476e-08 1.86418135745e-08 2.49241689896e-08 -5.28993814384e-08 2.04719596983e-09 5.73307959531e-08 -6.71521799891e-08 -1.03323688299e-09 5.68421559999e-08 -3.71362441832e-08 -2.45752677719e-08 5.85367052582e-08 -8.24460467658e-08 1.07261592189e-08 4.675086559e-08 -4.46867639889e-08 8.02032853573e-09 4.14840876376e-08 -2.80375378709e-08 2.94066042498e-09 2.83672197826e-08 -6.2802474265e-08 5.90052699343e-09 6.52660764129e-08 -3.07454582556e-08 -1.26483992206e-09 1.87915051222e-08 -6.56406397132e-08 3.97541915773e-09 6.0624689795e-08 -4.32425302853e-08 7.74372197517e-09 2.8687709461e-08 -5.67623026402e-08 -2.82622231204e-09 4.17323222171e-08 -4.44071965865e-08 2.99102694541e-09 4.40678904605e-08 -3.38921513364e-08 -6.01700199781e-09 2.62846680598e-08 -4.02156507679e-08 1.29015573917e-08 4.41438116186e-08 -4.96647246335e-08 -1.37600383221e-08 6.61373784217e-08 -3.03618597551e-08 1.64103309398e-11 3.69292734935e-08 -6.38253493656e-08 -4.43095672375e-09 5.38391676512e-08 -2.93249128363e-08 -2.70857513423e-09 4.39481271897e-08 -5.93219173123e-08 -5.5798453248e-09 5.44275027782e-08 -4.19939299778e-08 -1.28073376967e-08 7.89644199539e-08 -5.33550714514e-08 -1.11032301443e-08 5.61857851939e-08 -2.89628326886e-08 1.05861354805e-08 2.39396268538e-08 -2.84949783249e-08 7.64234111496e-09 3.58529151014e-08 -5.02816774103e-08 -1.29234462414e-08 6.51173924503e-08 -5.14173539484e-08 -1.24542045412e-08 6.45732680075e-08 -2.71088663515e-08 2.71489883716e-10 2.91313542485e-08 -6.64145795035e-08 -8.93698969599e-09 5.05876842262e-08 -3.60823844286e-08 5.02675568063e-09 3.00971281583e-08 -5.59133087435e-08 -1.11177640334e-08 5.80911862355e-08 -5.39201595924e-08 -1.51476758941e-08 6.10444599108e-08 -8.8906814616e-08 -1.6873828953e-09 2.75271807509e-08 -7.06886692826e-08 1.94849845972e-09 6.29530326003e-08 -5.13555543352e-08 -9.92210970067e-09 6.71571497606e-08 -4.88483203862e-08 2.16254029965e-08 4.24377938866e-08 -6.11338466705e-08 -2.32687631737e-08 6.49965312289e-08 -2.79013755569e-08 -6.82911132217e-09 3.00193883045e-08 -6.51321189949e-08 1.03762960287e-08 5.71228637404e-08 -7.54212401465e-08 -9.50136451616e-09 7.55491164108e-08 -5.12321313942e-08 -1.58893852339e-08 4.4164982768e-08 -3.59113390124e-08 -2.5662964613e-09 2.87442729152e-08 -3.69413166932e-08 5.6626055446e-09 2.32744867909e-08 -5.73058778061e-08 -3.0791557887e-09 6.62602992643e-08 -5.70324025404e-08 1.0040890227e-08 4.81488527657e-08 -8.10177214417e-08 -1.40193608945e-08 6.62991535839e-08 -8.10548467095e-08 -1.50553415561e-09 1.01513855297e-07 -3.20423200477e-08 -1.37735836079e-09 2.13783025592e-08 -7.07960360832e-08 3.56654029695e-10 6.75402072311e-08 -6.40027636401e-08 7.58492671697e-09 5.62565570181e-08 -7.50194875234e-08 3.24845496957e-09 7.5571621226e-08 -3.77259982977e-08 1.04001280253e-08 5.2052849408e-08 -6.17897394115e-08 -6.328349137e-09 7.59813168152e-08 -5.93148245773e-08 -3.06582950788e-09 6.44691783593e-08 -6.44270760092e-08 -2.21019829343e-09 6.49950698713e-08 -6.81166167345e-08 1.83111564356e-08 7.68198617632e-08 -4.05756279368e-08 3.23486354644e-09 3.16806794037e-08 -6.33553302431e-08 -2.46281783611e-09 5.69838565751e-08 -5.12751526979e-08 -3.72927146896e-09 6.04246344791e-08 -6.2682639953e-08 1.53027758711e-08 6.16662395455e-08 -6.16393922766e-08 1.380941136e-08 6.51819956178e-08 -4.20569764078e-08 -6.36992667197e-09 3.96191941916e-08 -6.27837603077e-08 5.87425814536e-09 5.58579595873e-08 -5.83449667434e-08 2.47926904447e-09 5.043647912e-08 -5.19491484931e-08 -5.74934319629e-09 5.69695744852e-08 -8.38321310368e-08 -5.24391171615e-09 8.37411878777e-08 -5.53564028752e-08 7.1338800515e-10 6.04313331599e-08 -8.10895418443e-08 6.05237743514e-09 7.87096637001e-08 -3.47272052233e-08 -5.94006968329e-09 2.57864353758e-08 -5.0883005516e-08 -1.23041802094e-08 5.55754510672e-08 -7.43360813405e-08 -3.76760788699e-09 5.25476241279e-08 -8.78759932403e-08 5.03225880874e-10 7.97569204887e-08 -5.12740162917e-08 -6.96757213517e-09 6.50527133222e-08 -5.30063528918e-08 -8.18246667523e-09 6.70779695958e-08 -5.31036231459e-08 2.72999098347e-09 5.62895733908e-08 -3.94171886388e-08 -1.20333621518e-08 3.93515199631e-08 -7.49020763638e-08 -1.03599155755e-08 6.73922174113e-08 -5.11597617181e-08 -1.15581057768e-08 7.027250187e-08 -8.297036327e-08 -1.25398616778e-08 6.48204134115e-08 -3.05632093603e-08 4.19375561612e-09 3.11669760785e-08 -2.79560698797e-08 2.74986048739e-10 4.79157252551e-08 -6.37693428003e-08 5.60658852651e-09 5.71259306065e-08 -2.31388945291e-08 -5.07263670856e-09 3.42423017769e-08 -6.67462573472e-08 1.05090597712e-08 6.15972433464e-08 -6.5744468353e-08 -3.46251345293e-09 6.61605304411e-08 -5.87781453038e-08 -1.35535489393e-08 6.73962780174e-08 -4.46500228471e-08 -1.14913039044e-08 3.51994701144e-08 -7.91807005387e-08 -1.81432015419e-08 7.10393585985e-08 -5.95713893255e-08 -1.20646931202e-08 6.2518526933e-08 -3.15857422373e-08 -8.4556131859e-09 2.41231916876e-08 -2.1363571705e-08 -8.52064373644e-09 3.872956325e-08 -4.04044921828e-08 1.06736697206e-08 2.78663745129e-08 -7.08461800175e-08 2.02131481294e-08 7.0061882491e-08 -5.86332369682e-08 4.66756494095e-09 5.11323785509e-08 -5.62663451732e-08 -7.45937342381e-09 5.94476455346e-08 -5.54253717853e-08 1.25920056359e-08 6.35872349389e-08 -6.38800776871e-08 1.43206584154e-08 5.40380266598e-08 -6.96056573193e-08 1.11129658896e-08 5.01982478559e-08 -5.5277031496e-08 6.81163285307e-09 5.55861581402e-08 -5.91743132037e-08 1.79704037425e-10 6.21065057252e-08 -5.69449783186e-08 -5.888781831e-09 5.79715708464e-08 -6.97732325679e-08 8.71293542747e-09 6.3691970095e-08 -7.99104306613e-08 1.87006881386e-08 5.07735385291e-08 -6.34967310622e-08 3.53409158945e-09 6.97517056247e-08 -4.82636830967e-08 -1.23069262106e-08 6.60560188791e-08 -2.96465060385e-08 4.50524336367e-09 2.59006955225e-08 -6.77121984415e-08 -3.81604147768e-09 7.4572748882e-08 -2.94077595601e-08 -8.93134917539e-10 3.32096920055e-08 -6.67715243645e-08 5.87174131016e-09 6.78519954055e-08 -5.87965643115e-08 8.37435146091e-09 6.1029810564e-08 -6.48703258206e-08 1.12236378745e-08 5.59981446598e-08 -6.26668695821e-08 -2.21662490159e-08 9.29788163696e-08 -6.63363788413e-08 -6.8252390283e-09 6.67782580604e-08 -5.59687605072e-08 -2.81800298033e-09 7.65275200381e-08 -5.42103666861e-08 -9.09185512371e-09 7.0015749318e-08 -6.09972498471e-08 3.67029612051e-09 5.03993978566e-08 -4.47960293118e-08 -1.37761630065e-08 6.46565514676e-08 -3.59767820975e-08 -4.44052669589e-09 1.63672447696e-08 -6.34783037387e-08 -1.03427902675e-08 7.54082433362e-08 -7.16339117807e-08 -1.12526837005e-08 7.74230408164e-08 -7.46484462072e-08 1.46182674609e-08 5.82788488586e-08 -1.86727739614e-08 0 1.95000558202e-08 -2.15003006396e-09 1.03025566392e-09 4.20347709865e-08 -2.20720852079e-08 -4.0715624231e-09 4.44296314833e-08 -9.08134905018e-09 5.68732474837e-10 9.66390847544e-09 -6.51409298945e-08 -9.97099171278e-09 6.78391699954e-08 -1.30861713124e-08 -7.59922367781e-09 3.09613490006e-08 -7.92110955813e-08 7.6731095729e-09 6.13278839668e-08 -6.91273505125e-08 -6.17934238219e-09 7.86345626936e-08 -5.57276385403e-08 -8.25448666117e-09 5.87386057641e-08 -6.52157117787e-08 -2.61308399014e-08 6.40894571345e-08 -3.38439159371e-08 1.62623801486e-09 2.80169768515e-08 -4.04475402133e-08 1.50052801702e-08 5.88141192379e-08 -3.95341485824e-09 4.89714745451e-10 7.14078927663e-09 -3.53643362781e-08 -1.00223439315e-09 2.64087588873e-08 -2.82514034366e-08 -6.58462818302e-09 3.14296081576e-08 -4.3899231691e-08 9.65613112118e-09 2.64200145626e-08 -2.48157218911e-08 -2.03139118927e-09 6.30763137403e-09 -6.9579908721e-08 1.08737042991e-08 5.70627730664e-08 -4.62928330094e-08 -9.27110659646e-09 4.8351841224e-08 -5.89453149728e-08 -1.62861535487e-08 7.18069642866e-08 -3.62962922812e-08 5.8063239932e-09 2.02127844903e-08 -1.61368038691e-08 -6.5977960621e-10 4.21532661547e-09 -7.70106803477e-08 1.51091919761e-08 6.40809534325e-08 -7.4851481418e-08 5.10658074603e-09 7.11662310242e-08 -8.36164241875e-09 1.04744596096e-09 1.90008218707e-08 -6.59565751109e-08 -7.53877841217e-10 7.19582137025e-08 -1.37895073101e-08 2.28427653286e-11 5.28525649578e-09 -4.66690759541e-08 2.8172942015e-10 2.64711960024e-08 -3.35059117978e-08 1.57641222973e-09 2.66361057192e-08 -3.54304353715e-09 1.40412724086e-09 2.04449232678e-08 -6.93140198527e-08 1.49315091881e-08 6.02893782494e-08 -2.64921897738e-08 1.41527833042e-09 1.19520598262e-08 -6.03237539136e-08 1.14965397055e-08 5.3359448961e-08 -4.12234571552e-08 2.47640393075e-09 9.33855602896e-09 -4.09622955443e-08 -5.59175775411e-09 3.80377867072e-08 -5.47740162528e-08 2.52802169991e-08 4.7280968873e-08 -3.47275794327e-08 7.55721497615e-09 3.10193343837e-08 -7.04623357489e-08 1.20945480319e-09 6.62909186385e-08 -6.67183190347e-08 -3.82334028153e-09 6.15111464241e-08 -6.47149830956e-08 -2.0661653046e-10 6.43540124801e-08 -4.06584328057e-08 1.49803516221e-08 4.22844706659e-08 -6.81581557951e-08 -1.35307822979e-08 7.64609649613e-08 -4.50192475516e-08 -3.67026887761e-09 2.51408984766e-08 -5.17762882215e-08 -8.12729181306e-12 5.20480652026e-08 -6.80526410264e-08 1.29306839467e-08 6.84287596081e-08 -5.02342926184e-08 -1.42887539063e-08 6.76510043592e-08 -5.55595536681e-08 -2.4956289023e-09 6.25197289328e-08 -3.95205588534e-08 1.7780113187e-08 4.93513835081e-08 -7.24584304413e-08 6.43366685046e-09 6.64295184152e-08 -5.46825835089e-08 -5.10279762027e-09 5.08642846069e-08 -1.86727739614e-08 0 1.95000558202e-08 -5.83555550748e-08 2.15537571283e-09 6.11162412657e-08 -5.89345219844e-08 -2.11283105958e-08 9.81157205687e-08 -6.54696809877e-08 -5.61098439901e-09 6.00451360221e-08 -5.47085339065e-08 -1.68259924259e-08 7.32895414803e-08 -5.62118288251e-08 2.31282100568e-08 5.62712867393e-08 -3.08407668959e-08 1.06735055281e-09 3.17165479731e-08 -6.38937609232e-08 1.18458954397e-08 5.47491889044e-08 -7.70244745114e-08 1.84003137539e-08 7.20951006399e-08 -5.14868029365e-08 2.21102432953e-08 4.86403227229e-08 -4.8716904553e-08 1.63828356418e-09 2.99020711368e-08 -5.92113858864e-09 1.13413157915e-09 9.01324026573e-09 -5.33031485318e-08 8.36696689931e-09 5.49036981198e-08 -6.26673229841e-08 1.72856359577e-08 6.54942905764e-08 -4.1939078201e-08 8.32460119423e-09 3.88552702406e-08 -3.67343454785e-08 -8.49573100087e-09 3.23265152603e-08 -2.80539372856e-08 9.76472472522e-10 3.23541767655e-08 -5.70884433309e-08 -6.62309940761e-10 6.71113909787e-08 -6.51952009205e-08 -1.67286266777e-08 6.23641706743e-08 -2.90186414367e-08 -2.5967895279e-10 2.91721939309e-08 -6.06780759358e-08 1.18872532886e-09 7.24286982058e-08 -3.72397230607e-08 4.75225421593e-10 3.10713127471e-08 -6.49529861954e-08 9.23772743745e-10 7.4091830324e-08 -5.45694985409e-08 -7.82912368042e-09 3.87126327666e-08 -7.18813524393e-08 1.07609975452e-08 6.532959857e-08 -5.62754322289e-08 -1.04585135239e-08 6.50851575125e-08 -6.72821445612e-08 -3.056615315e-10 6.74102666476e-08 -7.16055018463e-08 -5.40039923023e-09 6.65218135148e-08 -5.95496155981e-08 -8.58799371107e-09 5.81871231736e-08 -4.0025125643e-08 -8.08678326481e-09 2.57749041944e-08 -6.48776704615e-08 1.9694062581e-09 7.32961574535e-08 -2.95448239886e-08 -5.63915134403e-09 3.49651393856e-08 -2.26340362838e-08 0 2.3591581034e-08 -7.03420396549e-08 1.06204139076e-08 5.42097436824e-08 -3.23651991473e-08 2.38023987206e-09 3.86494410127e-08 -5.82943350324e-09 -7.32407538558e-10 5.79792867872e-09 -1.97075451692e-08 0 1.98538141748e-08 -3.61760191319e-09 4.88623850237e-11 6.443047756e-09 -3.73943660384e-08 2.38369440317e-09 3.42402575342e-08 -6.55283340086e-08 -1.22079840609e-08 7.79792138883e-08 -3.82396557125e-08 3.59583945337e-09 3.4853553338e-08 -6.67696826168e-08 -1.87376328566e-09 7.10166807594e-08 -6.40415543547e-08 -7.25699171101e-09 6.13030757545e-08 -4.06907272105e-08 3.69506007126e-10 3.69098709237e-08 -6.80292828482e-08 -1.92201455804e-09 7.06587598049e-08 -7.07694960127e-08 -4.99567692797e-09 7.42043783813e-08 -5.04064802382e-08 1.46117512272e-09 3.74825571482e-08 -7.38398834971e-08 1.51146734013e-08 6.86106211578e-08 -8.51945189675e-08 3.23731827262e-09 7.82159041494e-08 -6.69958340321e-08 -7.711945006e-09 7.6084980438e-08 -6.84601444742e-08 -7.22071195072e-10 4.73123217337e-08 -2.68669781333e-08 -3.72086586123e-09 3.88105807351e-08 -6.89069251748e-08 2.21075806805e-08 7.23503915778e-08 -6.47142752896e-08 1.18394165546e-09 6.2999248519e-08 -5.37589074556e-08 -5.89412667758e-09 3.90646644901e-08 -7.40692763822e-08 6.97227009963e-09 6.45940229187e-08 -6.45912241161e-08 -8.55570452449e-09 7.1053971009e-08 -6.47458696971e-09 1.91090688468e-09 8.7325578108e-09 -7.58350062349e-08 1.05936481834e-08 7.11191191871e-08 -7.57524362664e-08 1.63083715757e-08 6.44482389155e-08 -6.6222119077e-08 -6.00100067208e-09 6.51254703092e-08 -7.34272848414e-08 -4.26919507842e-09 7.76837812148e-08 -5.94824851063e-08 -7.94930068294e-09 7.19870891944e-08 -6.56332068007e-08 -1.5963473177e-08 6.82110773017e-08 -6.87052837167e-08 4.40313587291e-09 6.63117666473e-08 -6.53028489189e-08 -1.26876502176e-09 7.02137182741e-08 -6.6772911583e-08 -2.31241600588e-09 7.24508942012e-08 -6.53134348589e-08 -3.76150922963e-09 7.22998490116e-08 -3.56901745413e-08 -1.57157404757e-09 3.08773612138e-08 -6.70654102639e-08 -5.10426571039e-09 5.66512952477e-08 -3.50406173708e-08 2.85248865548e-10 2.59673663457e-08 -4.29304472205e-08 1.82901572942e-09 2.95885251293e-08 -6.69386224295e-08 -2.20629330568e-09 7.45183095465e-08 -5.57469493581e-08 -1.05832014314e-08 4.84130207497e-08 -1.97075451692e-08 0 1.98538141748e-08 -6.79243449805e-08 1.40133385727e-08 5.74603700314e-08 -6.63636243321e-08 -1.8476782047e-09 7.44743736631e-08 -3.50447760749e-09 -1.54465055859e-10 1.43725953558e-08 -6.94644599168e-08 -5.97332611515e-09 6.74241088673e-08 -7.99279477762e-08 1.69757587168e-09 6.49494180355e-08 -7.12618247922e-08 1.36667981264e-08 6.68951167715e-08 -5.77372572476e-09 -1.02969683076e-09 6.82415845548e-09 -7.66386313118e-08 7.99188058037e-10 7.27714181906e-08 -8.04403151757e-08 -1.9610296048e-09 8.2256970043e-08 -6.43970700719e-08 3.11495253352e-09 6.31087542956e-08 -5.43213141407e-08 -3.5025547141e-09 6.66066336862e-08 -7.56091705237e-08 1.00336157571e-09 6.57382087758e-08 -3.00112514459e-09 -4.49900182801e-10 1.37419209877e-08 -6.94405176295e-08 -1.58970826954e-08 7.20352259695e-08 -7.21952976307e-08 -3.46471475497e-09 6.99851292352e-08 -5.82778846262e-08 -1.0229717673e-08 6.31410194091e-08 -6.52415497147e-08 -1.63589852232e-09 6.70876761577e-08 -6.70861506167e-08 1.12884593871e-08 6.12579310428e-08 -2.75645995669e-08 -3.23678341309e-09 3.24625007502e-08 -3.75180512447e-08 -2.94484894506e-10 3.19355783784e-08 -6.85167124348e-08 -1.52648133834e-08 8.71124458524e-08 -7.17791068403e-08 1.78178926309e-08 6.63094125373e-08 -7.91928829362e-08 6.24365279448e-09 7.47379027919e-08 -7.59180744877e-08 -7.27595421488e-09 7.60076522287e-08 -5.3317325386e-08 -1.23576902592e-08 3.86725949404e-08 -5.54149008534e-08 -2.41395391865e-09 6.62918278249e-08 -7.94178562443e-08 4.13383523846e-09 8.02950171549e-08 -5.27637734957e-08 -1.0478328565e-08 6.53260651424e-08 -3.46920386562e-08 -8.48215989434e-09 5.00184428609e-08 -5.8595729756e-08 -1.1391511769e-08 5.42404970462e-08 -7.28542929905e-08 2.02949740547e-09 6.81273919678e-08 -7.38331901583e-08 1.34204708047e-08 7.1833785435e-08 -6.45890315495e-08 -1.06029273397e-08 7.25903152496e-08 -7.22401571324e-08 7.16957089041e-09 6.98505944353e-08 -6.54555538115e-08 -5.8974904925e-09 6.53507477876e-08 -6.7491116151e-08 -3.82845759734e-10 6.96815564332e-08 -6.20646180762e-08 0 6.33016064991e-08 -6.63783770641e-08 3.74692430198e-09 6.94928483733e-08 -7.18498863857e-08 7.13123796622e-09 6.47364545305e-08 -1.86727739614e-08 0 1.95000558202e-08 -7.94965886036e-08 7.397636958e-09 7.11801578481e-08 -4.92769521476e-08 7.74421808775e-09 3.43228435629e-08 -6.36734477666e-08 -1.61057970097e-08 7.00192550238e-08 -4.93257482368e-08 -5.21366217026e-09 6.70392022038e-08 -5.94668825051e-08 -2.48601476074e-09 7.51407343744e-08 -6.71939962208e-08 -1.08932338154e-08 7.14634756012e-08 -8.01341787636e-08 -1.38297164258e-09 7.26527565669e-08 -6.27435848813e-08 1.9825402725e-09 5.26469836381e-08 -4.78036227941e-08 -8.07425205095e-09 5.23026273009e-08 -6.72770280277e-08 -3.16110398708e-09 7.17309890974e-08 -2.26340362838e-08 0 2.3591581034e-08 -6.48984987108e-08 -8.68904812815e-09 7.27696511078e-08 -7.36071872225e-08 -2.33950504095e-09 7.66753184193e-08 -6.65493091232e-08 0 6.54592189755e-08 -3.79941890894e-08 -2.63324193575e-10 4.04581548897e-08 -2.52910018395e-08 -6.64701892739e-09 3.24439815504e-08 -5.91842919255e-08 -2.33395422362e-09 7.01693050851e-08 -6.96921471912e-08 -1.06495457414e-08 7.07067342154e-08 -6.47604500464e-08 -6.50159928904e-09 7.27528812603e-08 -7.33122922518e-08 -1.52269517494e-08 6.70485540467e-08 -7.36803949288e-08 1.13259744642e-09 6.9435297631e-08 -6.71835332118e-08 2.61237796267e-09 6.96736696787e-08 -6.09804406508e-08 0 6.113267977e-08 -7.50103271769e-08 -2.01569356551e-09 7.8485006794e-08 -7.26925141563e-08 3.92033229242e-09 8.64333212664e-08 -6.67646130705e-08 -1.93230496669e-09 7.13316067089e-08 -7.54119730724e-08 1.26994608547e-08 8.04144302485e-08 -3.23763104511e-08 -3.87120194668e-09 3.63992491699e-08 -2.11691891681e-08 -4.91928010112e-09 3.71956967253e-08 -7.98325408748e-08 3.76922517611e-09 1.01407207955e-07 -7.70161104963e-08 -5.37685109084e-10 7.12638009207e-08 -6.9082316694e-08 5.74254053248e-09 5.58776793219e-08 -6.643341366e-08 -2.28516119213e-08 7.13874453852e-08 -6.41605738184e-08 9.68504780037e-09 5.87886610197e-08 -6.52352147707e-08 0 6.63668177923e-08 -8.25275111081e-08 -6.69284773569e-10 7.9964050608e-08 -7.13881709534e-08 -1.146080987e-08 6.73056431131e-08 -6.27037999283e-08 8.71337569855e-09 7.15927927956e-08 -8.49436547721e-08 -4.17983657159e-10 7.60342298587e-08 -7.92919402665e-08 1.97766703344e-09 7.52347636605e-08 -7.72406923826e-08 1.73994158907e-08 6.79804794933e-08 -6.76282361538e-08 -3.83728578431e-10 7.63118606699e-08 -7.48552696295e-08 -2.36408110466e-09 7.91132425574e-08 -1.89090201808e-08 1.71934827578e-09 3.53805831941e-08 -7.31579830279e-08 0 7.19556501201e-08 -7.15202801116e-08 2.59133690411e-09 7.06562406871e-08 -7.13024905121e-08 5.79783477311e-09 5.6187238054e-08 -8.2187903564e-08 -9.35949902682e-10 8.37108151553e-08 -7.00928962913e-08 2.82133141758e-08 8.35577098189e-08 -8.257098993e-08 8.8134764956e-09 6.17811486178e-08 -7.26929465133e-08 1.72102193307e-08 6.77526439444e-08 -7.45160086566e-08 -3.57870366619e-09 7.39152913124e-08 -6.87730182464e-08 -4.94446351239e-09 7.678097965e-08 -6.12355087253e-08 -3.01760920291e-09 6.88644484919e-08 -7.08559364988e-08 -4.69009781978e-10 6.7937243107e-08 -7.66233431961e-08 6.05230984741e-09 6.38612465758e-08 -8.89223854045e-08 1.85201683249e-09 8.43080952167e-08 -7.09010119407e-08 0 6.98390287398e-08 -6.52986672614e-08 -3.24023317926e-09 6.68851610857e-08 -7.25999181342e-08 6.98372065926e-09 6.06814440423e-08 -7.4552425066e-08 -5.71366964002e-10 7.0794827423e-08 -7.3616755601e-08 -1.78217735016e-08 6.89486795001e-08 -7.76193718689e-08 3.10285630498e-09 6.97864263699e-08 -6.67617637771e-08 -1.67998184565e-09 7.4669933134e-08 -5.95331517434e-08 -4.69598043761e-09 6.7612817317e-08 -6.49954308874e-08 4.34612670699e-10 7.41276868128e-08 -6.7872698284e-08 0 6.53773835845e-08 -6.56830228236e-08 0 6.53954582385e-08 -6.38181653743e-08 -6.63639798434e-09 6.4624691575e-08 -7.34947707266e-08 1.98178210827e-09 6.72267692036e-08 -7.33819368337e-08 -5.05495183298e-09 7.09360043557e-08 -7.558945161e-08 2.93100890598e-09 6.51676552563e-08 -6.88707429771e-08 -1.1520493262e-09 7.46528603484e-08 -7.20501222312e-08 3.44793208263e-09 6.80469658441e-08 -6.20646180762e-08 0 6.33016064991e-08 -7.28261362814e-08 3.20628844949e-09 7.14850041018e-08 -6.52352147707e-08 -1.46936793853e-39 6.63668177923e-08 -6.95886515657e-08 0 6.80404467917e-08 -7.40964741021e-08 7.18357105632e-10 7.01834229147e-08 -7.11274652504e-08 4.55808210929e-09 6.60975216493e-08 -6.92079372006e-08 0 6.88163049051e-08 -6.53555473535e-08 2.46429133042e-09 6.78387272301e-08 -6.62728310535e-08 4.84023863459e-09 6.16977636034e-08 -6.4998545371e-08 -9.12047626186e-09 6.82639740738e-08 -6.09804406508e-08 0 6.113267977e-08 -7.52857316742e-08 1.94617032446e-09 7.27991111344e-08 -6.65493091232e-08 0 6.54592189755e-08 -6.80060816039e-08 -3.86789154587e-09 7.73015976602e-08 -6.7165275393e-08 0 6.63956052236e-08 -6.14592203395e-08 -1.34065140793e-08 6.9519477814e-08 -6.56830228236e-08 0 6.53954582385e-08 -6.56087653062e-08 7.14166349179e-09 6.6746200123e-08 -7.24822040213e-08 2.90478154018e-09 6.97999497771e-08 -6.71757895373e-08 5.44683690026e-10 6.46174359435e-08 -7.31579830279e-08 0 7.19556501201e-08 -7.09010119407e-08 0 6.98390287398e-08 -6.99998149918e-08 1.13769171323e-09 7.09758744588e-08 -2.41376031811e-08 8.51914621805e-09 2.83232878391e-08 -2.69394549605e-08 -4.43549089863e-09 4.14013755564e-08 -2.15380013531e-08 -5.80241687037e-10 3.13589246783e-08 -2.14932109763e-08 1.12497438701e-08 3.69688491432e-08 -2.23935654063e-08 -2.138971058e-09 3.45843469503e-08 -2.39310254836e-08 1.24537165387e-08 3.13740851036e-08 -5.58503214841e-08 1.25149274891e-08 4.503123096e-08 -3.58680903751e-08 -6.03572351008e-09 3.06360502836e-08 -4.83658682239e-08 -5.2275469177e-09 5.06134141816e-08 -2.77881653165e-08 3.90714126353e-09 3.55497964635e-08 -3.48444229564e-08 -2.14405765917e-08 4.53434262159e-08 -2.7779264035e-08 6.226058931e-09 6.20229103802e-08 -2.52243816645e-08 -1.1866157385e-08 3.4351628488e-08 -3.2705534533e-08 6.75181188084e-09 3.80771261561e-08 -3.9384385065e-08 1.59058956246e-08 2.67318577987e-08 -3.66361349255e-08 -1.16615511669e-09 2.05066244128e-08 -3.24570269329e-08 -1.37641298459e-09 3.0108660729e-08 -3.94901681306e-08 2.05840835323e-09 2.97744675312e-08</DataArray>
        <DataArray type="Float64" Name="ShellTopVonMises" format="ascii">0 0 0 0 0 0 0 0 0 0 0 0 0 0 0 0 0 0 0 0 0 0 0 0 0 0 0 0 0 0 0 0 0 0 0 0 0 0 0 0 0 0 0 0 0 0 0 0 0 0 0 0 0 0 0 0 0 0 0 0 0 0 0 0 0 0 0 0 0 0 0 0 0 0 0 0 0 0 0 0 0 0 0 0 0 0 0 0 0 0 0 0 0 0 0 0 0 0 0 0 0 0 0 0 0 0 0 0 0 0 0 0 0 0 0 0 0 0 0 0 0 0 0 0 0 0 0 0 0 0 0 0 0 0 0 0 0 0 0 0 0 0 0 0 0 0 0 0 0 0 0 0 0 0 0 0 0 0 0 0 0 0 0 0 0 0 0 0 0 0 0 0 0 0 0 0 0 0 0 0 0 0 0 0 0 0 0 0 0 0 0 0 0 0 0 0 0 0 0 0 0 0 0 0 0 0 0 0 0 0 0 0 0 0 0 0 0 0 0 0 0 0 0 0 0 0 0 0 0 0 0 0 0 0 0 0 0 0 0 0 0 0 0 0 0 0 0 0 0 0 0 0 0 0 0 0 0 0 0 0 0 0 0 0 0 0 0 0 0 0 0 0 0 0 0 0 0 0 0 0 0 0 0 0 0 0 0 0 0 0 0 0 0 0 0 0 0 0 0 0 0 0 0 0 0 0 0 0 0 0 0 0 0 0 0 0 0 0 0 0 0 0 0 0 0 0 0 0 0 0 0 0 0 0 0 0 0 0 0 0 0 0 0 0 0 0 0 0 0 0 0 0 0 0 0 0 0 0 0 0 0 0 0 0 0 0 0 0 0 0 0 0 0 0 0 0 0 0 0 0 0 0 0 0 0 0 0 0 0 0 0 0 0 0 0 0 0 0 0 0 0 0 0 0 0 0 0 0 0 0 0 0 0 0 0 0 0 0 0 0 0 0 0 0 0 0 0 0 0 0 0 0 0 0 0 0 0 0 0 0 0 0 0 0 0 0 0 0 0 0 0 0 0 0 0 0 0 0 0 0 0 0 0 0 0 0 0 0 0 0 0 0 0 0 0 0 0 0 0 0 0 0 0 0 0 0 0 0 0 0 0 0 0 0 0 0 0 0 0 0 0 0 0 0 0 0 0 0 0 0 0 0 0 0 0 0 0 0 0 0 0 0 0 0 0 0 0 0 0 0 0 0 0 0 0 0 0 0 0 0 0 0 0 0 0 0 0 0 0 0 0 0 0 0 0 0 0 0 0 0 0 0 0 0 0 0 0 0 0 0 0 0 0 0 0 0 0 0 0 0 0 0 0 0 0</DataArray>
        <DataArray type="Float64" Name="ShellBottomVonMises" format="ascii">0 0 0 0 0 0 0 0 0 0 0 0 0 0 0 0 0 0 0 0 0 0 0 0 0 0 0 0 0 0 0 0 0 0 0 0 0 0 0 0 0 0 0 0 0 0 0 0 0 0 0 0 0 0 0 0 0 0 0 0 0 0 0 0 0 0 0 0 0 0 0 0 0 0 0 0 0 0 0 0 0 0 0 0 0 0 0 0 0 0 0 0 0 0 0 0 0 0 0 0 0 0 0 0 0 0 0 0 0 0 0 0 0 0 0 0 0 0 0 0 0 0 0 0 0 0 0 0 0 0 0 0 0 0 0 0 0 0 0 0 0 0 0 0 0 0 0 0 0 0 0 0 0 0 0 0 0 0 0 0 0 0 0 0 0 0 0 0 0 0 0 0 0 0 0 0 0 0 0 0 0 0 0 0 0 0 0 0 0 0 0 0 0 0 0 0 0 0 0 0 0 0 0 0 0 0 0 0 0 0 0 0 0 0 0 0 0 0 0 0 0 0 0 0 0 0 0 0 0 0 0 0 0 0 0 0 0 0 0 0 0 0 0 0 0 0 0 0 0 0 0 0 0 0 0 0 0 0 0 0 0 0 0 0 0 0 0 0 0 0 0 0 0 0 0 0 0 0 0 0 0 0 0 0 0 0 0 0 0 0 0 0 0 0 0 0 0 0 0 0 0 0 0 0 0 0 0 0 0 0 0 0 0 0 0 0 0 0 0 0 0 0 0 0 0 0 0 0 0 0 0 0 0 0 0 0 0 0 0 0 0 0 0 0 0 0 0 0 0 0 0 0 0 0 0 0 0 0 0 0 0 0 0 0 0 0 0 0 0 0 0 0 0 0 0 0 0 0 0 0 0 0 0 0 0 0 0 0 0 0 0 0 0 0 0 0 0 0 0 0 0 0 0 0 0 0 0 0 0 0 0 0 0 0 0 0 0 0 0 0 0 0 0 0 0 0 0 0 0 0 0 0 0 0 0 0 0 0 0 0 0 0 0 0 0 0 0 0 0 0 0 0 0 0 0 0 0 0 0 0 0 0 0 0 0 0 0 0 0 0 0 0 0 0 0 0 0 0 0 0 0 0 0 0 0 0 0 0 0 0 0 0 0 0 0 0 0 0 0 0 0 0 0 0 0 0 0 0 0 0 0 0 0 0 0 0 0 0 0 0 0 0 0 0 0 0 0 0 0 0 0 0 0 0 0 0 0 0 0 0 0 0 0 0 0 0 0 0 0 0 0 0 0 0 0 0 0 0 0 0 0 0 0 0 0 0 0 0 0 0 0 0 0 0 0 0 0 0 0 0 0 0 0 0 0</DataArray>
      </CellData>
    </Piece>
  </UnstructuredGrid>
</VTKFile>
