<?xml version="1.0"?>
<VTKFile type="UnstructuredGrid" version="0.1" byte_order="LittleEndian">
  <UnstructuredGrid>
    <Piece NumberOfPoints="285" NumberOfCells="898">
      <Points>
        <DataArray type="Float64" NumberOfComponents="3" format="ascii">3 1.22460635382e-16 0.5 0 1.22460635382e-16 0.5 3 -0.232361586022 0.442728012827 3 -0.411491932947 0.284032373366 3 -0.496354437049 0.0602683401277 3 -0.467508121343 -0.177302443521 3 -0.33156132912 -0.374255374086 3 -0.119657832144 -0.485470908713 3 0.119657832144 -0.485470908713 3 0.33156132912 -0.374255374086 3 0.467508121343 -0.177302443521 3 0.496354437049 0.0602683401277 3 0.411491932947 0.284032373366 3 0.232361586022 0.442728012827 0.25 1.22460635382e-16 0.5 0.5 1.22460635382e-16 0.5 0.75 1.22460635382e-16 0.5 1 1.22460635382e-16 0.5 1.25 1.22460635382e-16 0.5 1.5 1.22460635382e-16 0.5 1.75 1.22460635382e-16 0.5 2 1.22460635382e-16 0.5 2.25 1.22460635382e-16 0.5 2.5 1.22460635382e-16 0.5 2.75 1.22460635382e-16 0.5 0 -0.232361586022 0.442728012827 0 -0.411491932947 0.284032373366 0 -0.496354437049 0.0602683401277 0 -0.467508121343 -0.177302443521 0 -0.33156132912 -0.374255374086 0 -0.119657832144 -0.485470908713 0 0.119657832144 -0.485470908713 0 0.33156132912 -0.374255374086 0 0.467508121343 -0.177302443521 0 0.496354437049 0.0602683401277 0 0.411491932947 0.284032373366 0 0.232361586022 0.442728012827 2.78856856562 0.0142946554549 -0.499795621055 0.203889833369 0.0019485201247 -0.499996203255 1.37379177673 0.211697937807 0.452972386717 1.375 -0.211371082164 0.453125 2.12250719746 0.212023761115 0.452819969439 2.10067611639 -0.216103583981 0.45088717102 0.199014696789 -0.496202569807 -0.0615061762486 0.225050666361 0.495676032012 -0.0656145661352 0.858783936178 -0.217096335062 0.450410014656 0.873207311497 0.21144357602 0.453091176431 2.79202706719 -0.496902075846 -0.0555727183079 2.82719972538 0.497505255914 -0.0498850712896 0.392055349954 0.204592761452 0.456225604237 2.60767115855 0.203434351135 0.456743324832 0.375 -0.211371082164 0.453125 2.62275376361 -0.214822374097 0.451499000649 0.628566108867 0.209699199828 0.453901140769 0.74879688575 0.382236521341 0.322327848244 0.995795399622 0.382534854877 0.321973733097 0.871269097847 0.481617421661 0.134330410381 1.11649234966 0.482123534254 0.132502444198 0.992642973254 0.493828597982 -0.0783154889858 1.23717296018 0.493509593302 -0.0803011912695 1.11334836882 0.416780582372 -0.27621358793 1.35733041684 0.415672712775 -0.277878023338 1.48125311231 0.493105767306 -0.0827448019469 1.60102013872 0.414346806698 -0.279851252953 0.869546878776 0.417667617083 -0.274870445192 0.989986950839 0.266497180152 -0.423059396505 1.47700385245 0.263433343233 -0.42497396823 1.72078745531 0.261268651704 -0.426308212021 1.84405907417 0.412889256627 -0.281997272615 1.96274977819 0.259795067731 -0.427207821537 1.84000616197 0.0620818832437 -0.496130869603 2.08121409181 0.0602306724187 -0.496359009287 1.95322297269 -0.152089674388 -0.476307391234 1.71436868239 -0.147311712177 -0.477806717675 1.83495607553 -0.332278598486 -0.373618699998 1.59178970538 -0.330158500924 -0.375493494308 2.06473557438 -0.33135321004 -0.374439648269 2.08636978205 0.411600789933 -0.283874602115 1.71204177421 -0.456542605688 -0.203884401541 1.46729036782 -0.455598628491 -0.205985168682 1.34798801194 -0.328410989582 -0.377022840053 1.22282083295 -0.454463851197 -0.208476876308 0.746859446094 0.267849555477 -0.422204471353 0.867011846501 0.0694617226573 -0.495151561732 1.96731313801 0.492143751865 -0.0882866213005 2.21951815669 0.492112014217 -0.0884633566159 2.33668203671 0.409700555127 -0.286610284408 1.58801842612 -0.499990081205 0.00314939618577 1.83373922758 -0.499972432 0.00525045142668 1.10989988298 0.0679990735728 -0.495354545748 1.70912675379 -0.452724868282 0.212226750527 0.986521856121 -0.141136279924 -0.47966712467 0.743592623126 -0.139648456329 -0.480102393917 0.863310305571 -0.325407777728 -0.379617937134 0.62074143114 -0.324348349027 -0.380523518963 0.740178687956 -0.452375355074 -0.212970744754 0.62646748212 0.41814822742 -0.274138760312 0.626031824932 0.481850837861 0.133490711485 0.50816968959 0.271329651052 -0.419976452268 2.09253021162 0.485136579651 0.121006194405 1.84707454152 0.484573642415 0.123241166325 2.35847511158 0.483563833118 0.127145661742 1.95680528134 -0.45461603748 0.20814480168 2.08054097696 -0.4999540968 0.00677503451285 2.20216370871 -0.452784582849 0.212099319975 2.35458394444 -0.499785707819 -0.0146371533942 2.4340885485 -0.448940145694 0.220119843685 1.45872412293 -0.455566506231 0.206056202043 0.524385907458 -0.456329076014 -0.20436187116 0.623812366763 -0.499975359764 -0.00496383211491 0.861549932834 -0.499957821561 -0.00649435604378 0.378371294843 -0.323140615381 -0.381549659535 0.739726632939 -0.460134189021 0.195643880799 0.96844604714 -0.466810194499 0.179131913158 0.492077155325 -0.462180306883 0.190759964169 1.84360835083 -0.319120702896 0.384918143224 0.620743602318 -0.337630598588 0.368789342168 0.38645758151 0.418534668738 -0.273548407168 0.239920280124 0.255056896865 -0.430053461051 1.97142084938 0.390508685664 0.31225464996 1.72559546558 0.388839833883 0.314330373311 1.12250298975 0.211627407232 0.453005342693 2.36490153418 0.212166649304 0.452753037453 2.48400806724 0.384666933351 0.319423465617 2.76370114775 0.365373653958 0.341324029323 2.62424644708 0.487763162654 0.109941335073 2.45858019218 0.490182772469 -0.0985943688784 2.56357704898 0.40164986795 -0.297787480556 2.44210513506 0.250667810571 -0.43262645405 2.66508380304 0.241049815405 -0.438058199893 2.54410954073 0.043797096573 -0.498078120712 2.62165066822 -0.181158933082 -0.466027296373 2.39824082271 -0.146347789491 -0.478102838844 2.49337003699 -0.337638931766 -0.368781712882 2.72572018195 -0.353604999392 -0.35350177426 2.60531063129 -0.465047661127 -0.183659121418 2.37615928106 -0.210749678181 0.453414350398 1.12555666034 -0.211072724142 0.45326405673 0.631101980195 0.0745767301311 -0.49440703001 0.748910593923 0.493920327404 -0.0777348710517 0.524613659266 -0.132156568549 -0.482218458159 1.873188622 0.211694619581 0.452973937485 1.6224538826 0.211934129742 0.452861926696 1.26577240034 -0.375836867672 0.329767567991 1.23339215448 0.265180413491 -0.423886008617 1.4718661187 -0.144252137191 -0.478739303709 1.59632596791 0.0646838475251 -0.495798345973 1.36120675548 0.482805629329 0.129995093324 1.24114058105 0.384184790384 0.320003198168 1.34248199698 -0.49995332129 -0.00683202246921 1.35299478803 0.0664065209701 -0.495570553981 1.95568520619 -0.457562352481 -0.201585449853 1.7241121153 0.492627006875 -0.0855490040687 0.496626429823 0.494368318317 -0.0748329195251 0.381896788419 0.482669511275 0.130499589599 1.54448973371 -0.34229531518 0.364463876408 0.505582530865 0.383213489491 0.321165722754 0.234556415871 0.36682084364 0.339768257304 1.22905908621 -0.142669476683 -0.47921333498 2.2240831535 0.390176311366 0.312669867511 1.60376959314 0.483704279933 0.126610305955 1.10519144272 -0.326736008952 -0.378475336652 2.20271748002 0.259223627601 -0.42755480455 2.18142711624 -0.452625810618 -0.212437933435 0.981844043797 -0.452972837008 -0.211696974313 1.48298627202 0.38748118101 0.316003693591 1.09999920852 -0.49982306966 -0.0133003396892 0.249982732603 -0.466243384613 0.180602066171 2.80915835334 -0.46831554559 0.175158641689 2.80717957475 0.411491932947 -0.284032373366 0.195240224234 -0.33156132912 0.374255374086 2.80964690614 -0.332412621801 0.373499463008 0.175606018815 -0.409693376219 -0.286620546163 2.60040080007 -0.495429004273 0.0674544418513 2.30788777825 0.0553440712818 -0.496927594096 0.182154182303 -0.224879133527 -0.446575161988 0.414651392525 0.0646425832198 -0.495803727734 2.18027097731 -0.148239216087 -0.477519774265 0.172946464798 0.411491932947 -0.284032373366 0.408229902843 -0.499960294842 -0.00630107781546 2.8202568297 -0.207140726191 -0.455074411007 2.63237428803 -0.406679009354 0.290881734303 2.83583189614 0.476279131372 0.152178148954 0.17635208952 0.476036150979 0.152936532462 2.2819401817 -0.319127564022 -0.384912454827 0.625 -0.159953558299 0.473724454918 0.846224595868 -0.377785778485 0.327533060277 1.65200912698 -0.178484032883 0.467058294012 1.20771398948 -0.470993058287 0.167825918871 2.27180765194 -0.349437946334 0.357621478188 0.184903636148 0.178992244998 0.466863766243 2.81509636385 0.178992244998 0.466863766243 1.86975122697 -0.153565960009 0.475833474996 2.07531521228 -0.367843856994 0.338660444799 2.38586865007 -0.43957642532 -0.238269944187 1.0445086726 -0.370263263956 0.336013564257 0.17626503805 -0.16982327239 0.470276574108 0.393238606568 -0.3724820077 0.33355232564 2.83219788692 -0.168795479651 0.470646455473 2.86538930997 0.232361586022 -0.442728012827 2.49835579147 -0.324689817276 0.380232195582 2.82632625383 -0.44632274562 -0.225379694609 2.65083928521 0.482429402794 -0.131384440936 0.330464728723 -0.468277411984 -0.175260564376 0.33123938579 -0.116339326471 -0.486276835883 3 0.184492304241 0.20824876207 3 -0.224810724492 -0.173369989717 3 -0.203288615931 0.213244012782 3 0.138790355145 -0.231683652136 3 0.276188945359 -0.0335354094895 3 0.342131904899 0.129753516519 3 0.058659111411 0.00362668911883 3 -0.0406686117104 -0.148392565826 3 -0.0145521182397 0.191645913499 3 -0.126088877578 0.0125958885151 3 -0.321590451557 0.0365780302587 3 -0.0763750516964 -0.316440566532 3 0.0819052771728 0.347585207935 3 0.303512187742 -0.204194219808 3 -0.0736594086039 0.339040629408 0 0.0741130110088 0.283615889628 0 -6.67265953311e-17 -0.278217463916 0 0.283933223895 -0.0302761298137 0 -0.260137847761 0.0986572723654 0 -0.213300705713 -0.145580196064 0 0.239316928473 0.270132970055 0 0.155652228163 0.112785723972 0 -0.0535942424637 0.102115297417 0 0.0615555796598 -0.0767491804845 0 0.196642974077 -0.221322314502 0 -0.126355568812 0.281145734999 0 -0.359325277966 -0.040989256773 0 0.337441667074 0.127974743939 0 -0.166129966744 -0.320880985695 0.806590361285 0.000213087185652 -0.00114823946601 1.30890965391 0.000307392851545 0.000428005890455 2.35211692646 -0.000696131306015 -0.00291137341022 1.80982369752 0.000343464635401 4.69333187417e-05 0.409371529279 -0.09254672561 0.0350950788848 2.66611980544 -0.100396461888 0.120856310603 2.68364060814 0.145945170547 -0.1109297568 2.0798940397 -0.0709781364754 -0.173845007926 1.05763211768 -0.189938815608 0.0485886262051 1.05830586068 0.0712459430783 -0.181746905393 1.05722285898 0.106294410573 0.161288127401 1.55922103426 -0.030818696329 -0.194154046214 2.08202986803 0.0286435135036 0.182669402445 0.297379467579 0.200175970133 0.0236648042702 1.55944773669 -0.175832444642 0.090116030314 1.55937730708 0.187403640805 0.031920795965 0.562898721475 0.0668548881114 -0.187854289495 2.72892878769 -0.133290958134 -0.156816979077 2.06993466121 0.209024413971 -0.0598447484098 0.575737455366 0.140038955127 0.184804276805 0.284621196498 -0.0151919479567 -0.21682327984 0.632975894952 -0.203398949821 -0.111501524046 1.99158877962 -0.212989708357 0.0585489975552 2.54349410885 0.161902976109 0.142897287633 2.48542694254 -0.0362743395521 -0.241222832981 1.21376538799 -0.18524787251 -0.173616050585 1.66792238746 0.0339445304938 0.236646163185 0.262116573125 0.0267281677109 0.229852395335 0.889006184384 0.246424960636 -0.0691257410449 0.923836856801 -0.159092852006 -0.180077104626 2.38800672524 -0.190579919964 0.179288532684 1.35537191099 0.156283978265 -0.212023662939 2.77496847676 0.24118046403 0.0996130777956 2.78232038731 0.0596201942679 0.253567947315 1.24561681367 0.256767809531 0.0446669868364 1.84191901267 0.155391303576 -0.214083982391 2.24152028032 -0.245591301634 -0.0427684909555 1.375 0.0211889285032 0.261493656775 0.223860309668 -0.252913712155 -0.0115222877477 0.606007188428 -0.172013271641 0.212185645243 1.82061369272 -0.105594141672 -0.240647334447 2.31094177434 0.158924647831 -0.208872690273 1.30850363158 -0.251858416649 0.0575518392302 0.819791223606 0.0516087496699 0.254133570203 2.50297631089 -0.221142741081 -0.0551427328021 0.81386030291 0.0590470492217 -0.247562115958 1.88250073268 0.221466596077 0.127811685094 2.26057389497 0.212419435415 0.121814401097 1.75916877168 -0.26039873485 -0.046090702662 0.635734063368 0.267338468395 -0.048115541954 0.818211139749 -0.259912900178 0.0457277333818</DataArray>
      </Points>
      <Cells>
        <DataArray type="Int32" Name="connectivity" format="ascii">246 256 192 260 257 264 122 281 137 244 242 277 170 261 197 272 122 257 23 264 122 264 22 281 242 244 137 271 232 225 226 247 256 260 237 282 79 245 259 276 22 264 246 281 248 237 260 282 137 242 271 276 79 248 245 276 197 261 238 272 22 122 23 264 237 256 246 260 111 255 238 272 111 254 238 255 111 238 254 272 137 242 45 277 63 249 245 269 56 262 244 277 240 257 126 275 137 17 244 277 203 255 111 272 145 259 245 265 245 249 63 265 79 245 80 259 67 63 245 269 54 253 262 277 115 192 256 260 67 63 66 245 54 262 56 277 21 246 192 260 54 262 253 283 69 241 162 252 56 244 55 277 245 248 79 282 69 71 162 241 168 215 47 239 126 275 257 281 66 245 63 265 236 264 257 281 177 241 184 258 215 47 239 251 239 251 47 278 184 258 241 270 54 56 55 277 45 277 242 284 243 259 158 265 75 245 79 282 168 47 173 239 89 243 158 265 177 258 174 275 162 252 241 275 177 241 258 275 173 239 47 278 23 257 239 264 117 250 247 254 56 262 54 283 178 247 229 254 241 252 69 269 226 247 225 261 18 137 244 271 150 89 158 265 79 75 80 245 152 249 269 280 177 184 132 258 250 254 140 255 15 261 253 273 157 225 232 247 235 244 242 271 20 21 192 260 179 255 203 272 141 246 21 260 126 127 240 275 42 189 193 264 111 140 254 255 179 238 114 255 246 264 236 281 137 45 17 277 162 241 71 275 207 198 219 267 152 249 63 269 235 271 242 276 60 262 243 268 137 195 45 242 114 255 238 273 208 240 37 251 179 238 255 272 230 261 170 272 114 197 238 272 192 246 42 256 171 207 168 239 69 71 241 269 115 90 248 282 141 246 260 280 156 247 253 261 126 240 202 257 57 244 56 262 203 108 111 255 207 215 168 239 98 250 117 254 156 253 49 261 23 239 257 267 215 239 214 251 228 254 238 272 228 247 238 254 37 251 240 258 15 51 261 273 243 265 60 268 179 114 109 255 170 51 197 261 51 238 197 261 165 268 249 271 51 197 238 273 58 262 60 268 193 104 256 264 145 80 245 259 52 23 239 264 152 269 84 280 236 257 240 275 20 141 21 260 114 238 197 273 137 143 242 276 207 239 198 267 211 266 239 267 233 224 172 175 175 233 224 254 199 37 208 240 177 132 174 258 211 240 239 266 179 108 203 255 247 250 117 283 184 258 270 278 238 261 51 273 128 240 127 275 178 229 118 254 151 256 241 274 198 207 171 239 57 55 56 244 167 170 197 272 238 247 227 261 52 239 23 267 193 189 104 264 223 230 170 272 18 137 17 244 87 79 248 282 245 235 259 276 257 275 236 281 184 270 194 278 128 258 240 275 111 254 172 272 216 208 37 251 109 255 114 273 91 158 243 259 244 262 57 268 256 274 151 282 148 244 268 271 216 212 208 251 37 240 129 258 207 214 215 239 63 249 62 265 250 255 92 279 241 256 151 270 212 240 208 251 37 129 130 258 160 249 152 280 121 244 148 271 75 79 78 282 246 264 256 270 114 238 179 272 67 66 146 245 249 260 165 271 87 248 79 276 133 184 194 278 234 262 253 277 85 275 126 281 22 42 246 264 92 250 140 255 225 247 157 261 101 126 257 281 165 148 268 271 253 261 238 273 218 209 169 240 114 167 197 272 151 241 76 274 214 239 211 251 115 256 90 282 56 54 97 283 133 258 184 278 91 158 89 243 98 117 118 254 273 277 45 284 160 152 100 280 241 258 236 270 91 259 243 263 213 211 214 239 70 71 269 274 62 265 249 268 241 269 71 274 125 202 240 257 227 238 228 247 239 240 211 251 104 256 264 270 168 173 181 239 228 238 227 272 255 263 92 279 84 269 252 280 77 69 162 252 187 115 248 260 245 248 235 276 152 68 84 269 125 126 202 257 187 260 248 271 183 157 232 247 237 260 246 280 93 92 255 263 186 273 45 284 181 264 239 278 94 140 111 255 238 234 250 253 240 251 239 278 178 222 229 247 240 258 251 278 41 22 246 281 234 242 277 284 253 262 234 283 80 75 145 245 218 169 208 240 129 37 199 240 207 213 214 239 165 260 142 271 171 168 181 239 145 158 80 259 125 240 202 266 129 240 128 258 57 262 58 268 94 93 92 255 111 175 172 254 146 67 245 269 126 127 202 240 146 269 245 274 115 192 42 256 59 58 60 268 94 92 140 255 211 239 213 267 234 253 238 273 238 250 234 255 49 253 15 261 75 274 245 282 149 87 79 276 212 214 211 251 242 243 234 244 172 254 224 272 53 16 15 253 61 265 62 268 236 258 241 275 212 211 240 251 173 181 239 278 61 63 62 265 128 129 127 240 207 219 213 267 146 70 269 274 82 64 96 283 232 222 183 247 239 240 236 257 164 242 166 259 52 23 24 267 125 257 240 266 54 253 97 283 236 246 241 270 165 39 148 271 255 273 109 284 235 243 242 244 184 241 76 270 237 269 249 280 23 257 50 267 72 241 71 274 121 18 244 271 41 122 22 281 144 60 243 265 238 255 234 273 112 109 114 273 22 23 136 264 70 72 71 274 16 253 53 277 165 147 249 268 246 236 264 270 245 259 235 265 120 165 249 260 224 172 175 254 154 253 247 283 238 254 250 255 218 209 48 169 112 109 273 284 242 244 234 277 74 151 76 274 111 172 203 272 195 137 143 242 241 246 236 252 144 243 89 265 131 251 37 258 164 242 259 263 238 250 247 253 68 152 63 269 246 256 241 270 178 44 222 247 121 148 39 271 164 110 166 242 240 258 236 275 152 62 63 249 198 239 52 267 48 240 209 266 243 262 244 268 138 250 92 279 207 213 239 267 198 171 52 239 82 250 279 283 115 42 193 256 60 65 243 262 237 246 241 252 153 247 117 283 85 252 275 281 111 140 204 254 110 242 164 284 238 261 227 272 121 18 17 244 61 62 59 268 154 97 253 283 92 138 140 250 98 176 250 254 82 96 250 283 120 260 249 280 192 21 42 246 22 136 42 264 96 117 250 283 89 83 91 243 247 253 250 283 120 249 160 280 126 86 127 275 187 248 155 271 100 152 84 280 91 243 83 279 102 90 256 282 220 226 225 261 242 263 164 284 79 259 81 276 245 249 237 269 248 249 235 271 245 248 237 249 235 248 245 249 62 249 147 268 161 259 91 263 148 244 57 268 186 195 113 284 39 165 142 271 131 37 130 258 120 142 165 260 164 166 81 259 51 15 185 273 227 247 226 261 52 239 200 264 187 19 260 271 148 55 57 244 218 208 209 240 115 102 90 256 150 144 89 265 135 47 251 278 169 218 208 199 167 223 170 272 241 246 237 256 91 263 243 279 101 85 126 281 87 78 79 282 163 184 76 270 202 240 48 266 54 55 46 277 77 252 162 275 248 260 249 271 234 244 262 277 146 245 66 265 57 56 58 262 91 161 158 259 208 212 211 240 195 242 113 284 200 239 181 264 150 146 66 265 119 280 99 281 76 184 177 241 60 64 65 262 99 280 252 281 187 192 115 260 199 208 169 240 114 179 167 272 215 214 206 251 146 70 67 269 85 86 126 275 103 151 256 270 98 118 176 254 243 244 235 268 154 156 247 253 48 169 209 240 235 259 243 265 141 41 246 280 232 226 222 247 98 96 117 250 79 81 149 276 166 259 242 276 247 250 238 254 227 261 230 272 52 136 23 264 234 243 242 263 200 52 181 239 249 268 235 271 144 60 65 243 230 196 170 261 122 50 23 257 115 90 155 248 234 244 243 262 239 257 236 264 38 233 175 254 65 243 262 279 146 245 73 274 242 243 235 259 41 119 159 281 189 42 136 264 251 258 133 278 65 262 64 279 69 70 71 269 181 52 171 239 140 250 176 254 146 73 70 274 164 263 95 284 223 227 230 272 225 190 220 261 51 170 196 261 228 229 247 254 154 97 156 253 101 126 125 257 225 157 190 261 55 244 46 277 237 249 248 260 38 221 233 254 187 155 40 271 69 252 77 269 130 129 128 258 187 40 19 271 166 81 259 276 162 71 174 275 117 44 178 247 107 248 87 276 133 132 184 258 187 115 155 248 226 227 228 247 110 113 166 242 77 85 252 275 93 255 95 263 68 252 84 269 74 151 274 282 75 73 245 274 241 252 236 275 216 37 180 251 155 248 107 276 102 88 90 282 108 179 109 255 62 160 147 249 89 65 83 243 143 188 242 276 154 247 153 283 15 49 53 253 243 235 265 268 147 160 165 249 152 160 62 249 120 165 160 249 133 251 131 258 91 92 263 279 202 169 48 240 198 52 24 267 165 148 147 268 135 173 47 278 103 163 151 270 236 252 246 281 141 119 41 280 235 268 244 271 37 131 180 251 110 164 95 284 68 77 252 269 240 257 239 266 120 160 100 280 110 113 242 284 149 107 87 276 164 259 161 263 102 256 88 282 46 244 17 277 94 95 93 255 38 118 221 254 228 224 254 272 94 111 108 255 77 86 85 275 154 156 157 247 82 96 98 250 237 252 241 269 141 260 120 280 23 50 24 267 72 76 241 274 83 243 65 279 46 121 17 244 118 229 221 254 183 222 44 247 199 169 129 240 140 176 204 254 79 80 81 259 65 64 82 279 73 145 75 245 40 155 143 276 53 253 54 277 231 223 27 272 68 77 84 252 195 143 188 242 95 263 255 284 250 253 234 283 144 65 89 243 252 280 246 281 258 236 270 278 51 116 197 273 209 240 211 266 52 200 136 264 148 121 55 244 219 24 217 267 40 137 18 271 43 172 231 272 88 256 151 282 143 155 107 276 237 248 245 282 238 253 247 261 235 249 245 265 21 141 41 246 116 114 197 273 72 177 71 241 234 277 273 284 59 57 58 268 249 265 235 268 246 252 237 280 239 266 257 267 46 55 121 244 43 231 27 272 139 262 56 283 119 99 159 281 243 259 242 263 135 251 133 278 180 134 206 251 208 211 209 240 84 252 99 280 122 123 257 281 82 250 138 279 45 273 185 277 66 63 61 265 241 256 237 274 47 201 135 251 16 45 185 277 90 87 248 282 72 76 177 241 153 44 117 247 210 182 48 266 21 22 42 246 228 229 222 247 139 56 97 283 175 111 204 254 144 61 60 265 174 258 128 275 91 83 92 279 73 146 145 245 206 216 180 251 222 34 232 183 99 252 85 281 220 14 1 196 142 260 19 271 142 120 141 260 248 271 235 276 257 266 124 267 233 221 224 254 91 92 93 263 166 149 81 276 249 260 237 280 54 156 97 253 112 273 186 284 121 39 18 271 100 84 99 280 174 130 128 258 133 134 131 251 234 263 255 279 68 63 67 269 127 169 202 240 236 275 252 281 86 128 127 275 113 195 188 242 138 82 98 250 68 69 77 269 113 188 166 242 164 81 161 259 187 20 192 260 103 151 88 256 193 102 115 256 90 87 107 248 72 74 76 274 62 147 59 268 127 129 169 240 237 274 256 282 164 93 95 263 252 269 237 280 133 135 134 251 15 51 14 261 172 224 231 272 262 279 234 283 166 242 188 276 95 255 109 284 49 15 14 261 234 255 250 279 154 153 97 283 176 140 138 250 236 239 264 278 101 257 123 281 74 78 151 282 51 185 116 273 21 41 22 246 210 48 209 266 245 269 237 274 237 245 274 282 237 269 241 274 50 257 124 267 250 234 279 283 64 262 139 283 212 206 214 251 226 228 222 247 46 53 54 277 64 139 96 283 39 142 19 271 60 58 64 262 194 184 163 270 157 35 232 225 105 264 106 278 112 114 116 273 154 157 183 247 104 103 256 270 219 24 0 217 221 38 31 118 205 266 211 267 201 206 134 251 198 24 219 267 124 210 205 266 156 53 49 253 230 220 1 196 124 257 125 266 105 270 264 278 41 159 122 281 8 208 199 37 106 200 181 264 124 182 210 266 110 95 109 284 104 264 105 270 75 74 73 274 205 211 213 267 228 227 224 272 104 102 193 256 96 153 117 283 106 105 104 264 54 53 156 253 99 85 101 281 206 180 6 134 153 154 44 247 123 101 125 257 31 221 118 229 8 208 37 216 125 202 48 266 14 220 190 261 116 45 186 273 191 205 217 267 30 233 175 38 122 123 50 257 173 105 106 278 161 91 93 263 112 116 186 273 30 233 38 221 49 190 157 261 77 162 86 275 84 85 99 252 164 161 93 263 221 228 224 254 122 159 123 281 3 207 168 171 124 266 205 267 176 138 98 250 198 2 207 219 243 234 262 279 242 234 263 284 167 26 170 223 84 77 85 252 242 259 235 276 83 138 92 279 243 263 234 279 38 176 118 254 231 28 172 43 123 125 124 257 50 123 124 257 167 27 223 272 210 12 124 205 104 103 102 256 255 263 234 284 83 65 82 279 222 178 33 44 90 88 87 282 20 142 141 260 206 212 216 251 103 88 102 256 253 273 234 277 17 45 16 277 90 107 155 248 206 5 215 201 43 27 167 272 174 132 130 258 132 133 131 258 194 270 105 278 175 204 38 254 34 222 44 183 80 158 161 259 14 51 196 261 183 44 154 247 233 172 29 175 228 221 229 254 220 1 14 190 131 134 180 251 232 183 35 157 116 185 45 273 12 124 182 210 218 48 10 169 58 56 139 262 191 124 205 267 201 134 135 251 166 188 149 276 201 206 6 134 191 217 24 267 234 273 255 284 47 215 5 201 209 48 10 218 135 133 194 278 109 95 108 255 220 227 226 261 210 182 11 48 83 82 138 279 219 217 213 267 19 142 20 260 171 2 207 198 3 207 215 168 88 151 78 282 203 172 43 272 46 16 53 277 66 144 150 265 162 174 128 275 9 218 169 199 216 180 6 206 159 101 123 281 73 72 70 274 100 99 119 280 147 148 57 268 19 20 187 260 112 186 113 284 26 230 170 223 205 210 209 266 94 108 95 255 67 70 69 269 264 270 236 278 48 11 210 209 110 109 112 284 222 33 178 229 231 172 28 224 80 161 81 259 141 120 119 280 48 182 125 266 99 101 159 281 179 43 167 272 191 50 124 267 130 132 131 258 217 191 13 205 198 24 0 219 14 190 49 261 64 58 139 262 194 105 135 278 46 17 16 277 205 209 211 266 204 176 38 254 224 172 29 233 218 9 208 199 88 78 87 282 59 147 57 268 173 135 105 278 66 61 144 265 189 106 104 264 179 203 43 272 104 105 103 270 223 224 227 272 68 67 69 269 19 40 18 271 149 188 107 276 191 0 24 217 39 19 18 271 162 128 86 275 73 74 72 274 182 124 125 266 168 215 4 47 106 189 200 264 188 143 107 276 191 24 50 267 110 112 113 284 178 32 118 229 27 26 167 223 32 31 118 229 124 13 191 205 105 194 163 270 120 100 119 280 139 97 153 283 163 103 105 270 12 13 124 205 139 153 96 283 33 222 44 34 224 223 231 272 213 217 205 267 220 225 36 190 230 227 220 261 5 4 215 47 180 7 37 216 25 26 230 170 189 136 200 264 225 157 35 36 207 3 2 171 38 31 30 221 36 225 157 190 196 25 230 170 37 7 8 216 4 3 215 168 10 11 48 209 172 29 28 224 6 5 206 201 10 9 218 169 1 220 36 190 32 178 33 229 208 9 8 199 180 6 7 216 1 25 230 196 34 232 183 35 29 233 175 30 11 12 182 210 198 0 2 219 231 27 28 43 13 0 191 217 260 282 115 248 115 282 260 256 265 145 146 245 265 146 145 150 158 265 145 150 145 265 158 259 275 177 71 174 275 71 177 241 254 178 117 118 254 117 178 247 261 156 157 49 261 157 156 247 256 42 264 246 256 264 42 193 278 240 236 239 278 236 240 258 284 195 45 186 284 45 195 242 276 40 137 143 276 137 40 271 106 278 181 173 181 278 106 264 279 64 283 262 279 283 64 82 76 270 151 163 151 270 76 241 201 215 251 47 201 251 215 206 268 61 60 59 268 60 61 265 271 155 276 248 271 276 155 40 280 41 281 119 280 281 41 246 282 74 75 274 282 75 74 78 185 277 253 16 253 277 185 273 253 15 185 16 185 15 253 273 220 196 261 14 261 196 220 230</DataArray>
        <DataArray type="Int32" Name="offsets" format="ascii">4 8 12 16 20 24 28 32 36 40 44 48 52 56 60 64 68 72 76 80 84 88 92 96 100 104 108 112 116 120 124 128 132 136 140 144 148 152 156 160 164 168 172 176 180 184 188 192 196 200 204 208 212 216 220 224 228 232 236 240 244 248 252 256 260 264 268 272 276 280 284 288 292 296 300 304 308 312 316 320 324 328 332 336 340 344 348 352 356 360 364 368 372 376 380 384 388 392 396 400 404 408 412 416 420 424 428 432 436 440 444 448 452 456 460 464 468 472 476 480 484 488 492 496 500 504 508 512 516 520 524 528 532 536 540 544 548 552 556 560 564 568 572 576 580 584 588 592 596 600 604 608 612 616 620 624 628 632 636 640 644 648 652 656 660 664 668 672 676 680 684 688 692 696 700 704 708 712 716 720 724 728 732 736 740 744 748 752 756 760 764 768 772 776 780 784 788 792 796 800 804 808 812 816 820 824 828 832 836 840 844 848 852 856 860 864 868 872 876 880 884 888 892 896 900 904 908 912 916 920 924 928 932 936 940 944 948 952 956 960 964 968 972 976 980 984 988 992 996 1000 1004 1008 1012 1016 1020 1024 1028 1032 1036 1040 1044 1048 1052 1056 1060 1064 1068 1072 1076 1080 1084 1088 1092 1096 1100 1104 1108 1112 1116 1120 1124 1128 1132 1136 1140 1144 1148 1152 1156 1160 1164 1168 1172 1176 1180 1184 1188 1192 1196 1200 1204 1208 1212 1216 1220 1224 1228 1232 1236 1240 1244 1248 1252 1256 1260 1264 1268 1272 1276 1280 1284 1288 1292 1296 1300 1304 1308 1312 1316 1320 1324 1328 1332 1336 1340 1344 1348 1352 1356 1360 1364 1368 1372 1376 1380 1384 1388 1392 1396 1400 1404 1408 1412 1416 1420 1424 1428 1432 1436 1440 1444 1448 1452 1456 1460 1464 1468 1472 1476 1480 1484 1488 1492 1496 1500 1504 1508 1512 1516 1520 1524 1528 1532 1536 1540 1544 1548 1552 1556 1560 1564 1568 1572 1576 1580 1584 1588 1592 1596 1600 1604 1608 1612 1616 1620 1624 1628 1632 1636 1640 1644 1648 1652 1656 1660 1664 1668 1672 1676 1680 1684 1688 1692 1696 1700 1704 1708 1712 1716 1720 1724 1728 1732 1736 1740 1744 1748 1752 1756 1760 1764 1768 1772 1776 1780 1784 1788 1792 1796 1800 1804 1808 1812 1816 1820 1824 1828 1832 1836 1840 1844 1848 1852 1856 1860 1864 1868 1872 1876 1880 1884 1888 1892 1896 1900 1904 1908 1912 1916 1920 1924 1928 1932 1936 1940 1944 1948 1952 1956 1960 1964 1968 1972 1976 1980 1984 1988 1992 1996 2000 2004 2008 2012 2016 2020 2024 2028 2032 2036 2040 2044 2048 2052 2056 2060 2064 2068 2072 2076 2080 2084 2088 2092 2096 2100 2104 2108 2112 2116 2120 2124 2128 2132 2136 2140 2144 2148 2152 2156 2160 2164 2168 2172 2176 2180 2184 2188 2192 2196 2200 2204 2208 2212 2216 2220 2224 2228 2232 2236 2240 2244 2248 2252 2256 2260 2264 2268 2272 2276 2280 2284 2288 2292 2296 2300 2304 2308 2312 2316 2320 2324 2328 2332 2336 2340 2344 2348 2352 2356 2360 2364 2368 2372 2376 2380 2384 2388 2392 2396 2400 2404 2408 2412 2416 2420 2424 2428 2432 2436 2440 2444 2448 2452 2456 2460 2464 2468 2472 2476 2480 2484 2488 2492 2496 2500 2504 2508 2512 2516 2520 2524 2528 2532 2536 2540 2544 2548 2552 2556 2560 2564 2568 2572 2576 2580 2584 2588 2592 2596 2600 2604 2608 2612 2616 2620 2624 2628 2632 2636 2640 2644 2648 2652 2656 2660 2664 2668 2672 2676 2680 2684 2688 2692 2696 2700 2704 2708 2712 2716 2720 2724 2728 2732 2736 2740 2744 2748 2752 2756 2760 2764 2768 2772 2776 2780 2784 2788 2792 2796 2800 2804 2808 2812 2816 2820 2824 2828 2832 2836 2840 2844 2848 2852 2856 2860 2864 2868 2872 2876 2880 2884 2888 2892 2896 2900 2904 2908 2912 2916 2920 2924 2928 2932 2936 2940 2944 2948 2952 2956 2960 2964 2968 2972 2976 2980 2984 2988 2992 2996 3000 3004 3008 3012 3016 3020 3024 3028 3032 3036 3040 3044 3048 3052 3056 3060 3064 3068 3072 3076 3080 3084 3088 3092 3096 3100 3104 3108 3112 3116 3120 3124 3128 3132 3136 3140 3144 3148 3152 3156 3160 3164 3168 3172 3176 3180 3184 3188 3192 3196 3200 3204 3208 3212 3216 3220 3224 3228 3232 3236 3240 3244 3248 3252 3256 3260 3264 3268 3272 3276 3280 3284 3288 3292 3296 3300 3304 3308 3312 3316 3320 3324 3328 3332 3336 3340 3344 3348 3352 3356 3360 3364 3368 3372 3376 3380 3384 3388 3392 3396 3400 3404 3408 3412 3416 3420 3424 3428 3432 3436 3440 3444 3448 3452 3456 3460 3464 3468 3472 3476 3480 3484 3488 3492 3496 3500 3504 3508 3512 3516 3520 3524 3528 3532 3536 3540 3544 3548 3552 3556 3560 3564 3568 3572 3576 3580 3584 3588 3592</DataArray>
        <DataArray type="UInt8" Name="types" format="ascii">10 10 10 10 10 10 10 10 10 10 10 10 10 10 10 10 10 10 10 10 10 10 10 10 10 10 10 10 10 10 10 10 10 10 10 10 10 10 10 10 10 10 10 10 10 10 10 10 10 10 10 10 10 10 10 10 10 10 10 10 10 10 10 10 10 10 10 10 10 10 10 10 10 10 10 10 10 10 10 10 10 10 10 10 10 10 10 10 10 10 10 10 10 10 10 10 10 10 10 10 10 10 10 10 10 10 10 10 10 10 10 10 10 10 10 10 10 10 10 10 10 10 10 10 10 10 10 10 10 10 10 10 10 10 10 10 10 10 10 10 10 10 10 10 10 10 10 10 10 10 10 10 10 10 10 10 10 10 10 10 10 10 10 10 10 10 10 10 10 10 10 10 10 10 10 10 10 10 10 10 10 10 10 10 10 10 10 10 10 10 10 10 10 10 10 10 10 10 10 10 10 10 10 10 10 10 10 10 10 10 10 10 10 10 10 10 10 10 10 10 10 10 10 10 10 10 10 10 10 10 10 10 10 10 10 10 10 10 10 10 10 10 10 10 10 10 10 10 10 10 10 10 10 10 10 10 10 10 10 10 10 10 10 10 10 10 10 10 10 10 10 10 10 10 10 10 10 10 10 10 10 10 10 10 10 10 10 10 10 10 10 10 10 10 10 10 10 10 10 10 10 10 10 10 10 10 10 10 10 10 10 10 10 10 10 10 10 10 10 10 10 10 10 10 10 10 10 10 10 10 10 10 10 10 10 10 10 10 10 10 10 10 10 10 10 10 10 10 10 10 10 10 10 10 10 10 10 10 10 10 10 10 10 10 10 10 10 10 10 10 10 10 10 10 10 10 10 10 10 10 10 10 10 10 10 10 10 10 10 10 10 10 10 10 10 10 10 10 10 10 10 10 10 10 10 10 10 10 10 10 10 10 10 10 10 10 10 10 10 10 10 10 10 10 10 10 10 10 10 10 10 10 10 10 10 10 10 10 10 10 10 10 10 10 10 10 10 10 10 10 10 10 10 10 10 10 10 10 10 10 10 10 10 10 10 10 10 10 10 10 10 10 10 10 10 10 10 10 10 10 10 10 10 10 10 10 10 10 10 10 10 10 10 10 10 10 10 10 10 10 10 10 10 10 10 10 10 10 10 10 10 10 10 10 10 10 10 10 10 10 10 10 10 10 10 10 10 10 10 10 10 10 10 10 10 10 10 10 10 10 10 10 10 10 10 10 10 10 10 10 10 10 10 10 10 10 10 10 10 10 10 10 10 10 10 10 10 10 10 10 10 10 10 10 10 10 10 10 10 10 10 10 10 10 10 10 10 10 10 10 10 10 10 10 10 10 10 10 10 10 10 10 10 10 10 10 10 10 10 10 10 10 10 10 10 10 10 10 10 10 10 10 10 10 10 10 10 10 10 10 10 10 10 10 10 10 10 10 10 10 10 10 10 10 10 10 10 10 10 10 10 10 10 10 10 10 10 10 10 10 10 10 10 10 10 10 10 10 10 10 10 10 10 10 10 10 10 10 10 10 10 10 10 10 10 10 10 10 10 10 10 10 10 10 10 10 10 10 10 10 10 10 10 10 10 10 10 10 10 10 10 10 10 10 10 10 10 10 10 10 10 10 10 10 10 10 10 10 10 10 10 10 10 10 10 10 10 10 10 10 10 10 10 10 10 10 10 10 10 10 10 10 10 10 10 10 10 10 10 10 10 10 10 10 10 10 10 10 10 10 10 10 10 10 10 10 10 10 10 10 10 10 10 10 10 10 10 10 10 10 10 10 10 10 10 10 10 10 10 10 10 10 10 10 10 10 10 10 10 10 10 10 10 10 10 10 10 10 10 10 10 10 10 10 10 10 10 10 10 10 10 10 10 10 10 10 10 10 10 10 10 10 10 10 10 10 10 10 10 10 10 10 10 10 10 10 10 10 10 10 10 10 10 10 10 10 10 10 10 10 10 10 10 10 10 10 10 10 10 10 10 10 10 10 10 10 10 10 10 10 10 10 10 10 10 10 10 10</DataArray>
      </Cells>
      <PointData Vectors="Displacement">
        <DataArray type="Float64" Name="Displacement" NumberOfComponents="3" format="ascii">1.11930691392e-09 -4.00724379737e-07 1.79960830624e-09 0 0 0 -1.20018291396e-09 -3.5403783486e-07 -1.84781421148e-07 -9.73922421498e-10 -2.3031847032e-07 -3.25582390283e-07 -5.97855248953e-10 -4.93833703583e-08 -3.93429880181e-07 -1.22994535943e-09 1.38725145745e-07 -3.71680826183e-07 3.02956258648e-10 2.96574266155e-07 -2.63683470818e-07 1.20601657078e-09 3.86410197204e-07 -9.14899591484e-08 2.42969094786e-10 3.85010145172e-07 9.75174386178e-08 4.94975337266e-10 2.94142454119e-07 2.64479315816e-07 1.02210494722e-11 1.41005804566e-07 3.70526895543e-07 2.77680154588e-10 -5.23289114449e-08 3.97670950605e-07 7.57823991788e-10 -2.27651721745e-07 3.32141389175e-07 1.33120541202e-11 -3.55324815864e-07 1.88779069905e-07 -5.05321994665e-10 -2.99560020063e-08 2.81079382049e-10 -4.04039650581e-10 -6.60049559512e-08 -5.39301740802e-10 -1.04497093835e-10 -9.60122615484e-08 2.15008355087e-09 -9.83132265571e-10 -1.35646743286e-07 -1.99046245327e-09 4.10347848408e-11 -1.60401187385e-07 2.52088543526e-09 3.17663204674e-11 -2.01191828628e-07 1.10442594537e-11 3.58953240601e-10 -2.3419990294e-07 2.07396865275e-09 4.00856183128e-10 -2.61434301529e-07 2.6311660592e-09 1.43795386422e-11 -2.98001703448e-07 1.70262330813e-09 -3.14469895671e-10 -3.34598417172e-07 1.274223063e-09 2.22688440988e-11 -3.67956485748e-07 3.73013662987e-09 0 0 0 0 0 0 0 0 0 0 0 0 0 0 0 0 0 0 0 0 0 0 0 0 0 0 0 0 0 0 0 0 0 0 0 0 3.206707192e-10 3.68834066218e-07 1.272768637e-08 -5.92444672425e-10 2.48018356474e-08 1.74678783753e-10 -1.05131885254e-09 -1.64055559883e-07 7.7621977923e-08 5.36477863261e-10 -1.61900572197e-07 -7.67744986222e-08 1.29529212641e-09 -2.53301392426e-07 1.1932705035e-07 -4.97022483589e-10 -2.50587986685e-07 -1.18326657453e-07 -3.20747128843e-10 4.83031488122e-09 -2.4853642942e-08 3.07902251693e-10 2.79167099066e-09 2.90779543691e-08 -1.53087127867e-09 -1.04941890617e-07 -5.02063350362e-08 4.51187388561e-10 -1.07275588309e-07 5.11918725318e-08 -6.1563735982e-10 3.86095780008e-08 -3.65555353058e-07 5.44904156577e-10 3.4383729365e-08 3.73654096166e-07 1.14295949552e-10 -4.76994895213e-08 2.26171054856e-08 1.57525446068e-10 -3.16925313905e-07 1.4433317014e-07 -7.84682024122e-10 -4.38430634674e-08 -2.17818417936e-08 -1.06747079221e-09 -3.14788761723e-07 -1.49513967301e-07 -1.14873518867e-09 -7.63870859429e-08 3.6436278688e-08 3.40537901646e-11 -6.28742563176e-08 7.95279596307e-08 -6.10484049539e-10 -8.37513504951e-08 9.83082282135e-08 -6.46099302414e-10 -2.95651911914e-08 1.11330308432e-07 5.81363385777e-10 -3.87337665504e-08 1.39325710783e-07 -4.88860002096e-10 1.93174130843e-08 1.32916466931e-07 -4.26449003561e-10 2.65000633041e-08 1.62158513524e-07 3.14819620161e-10 8.05986269778e-08 1.24223566599e-07 3.03628393951e-11 9.79822650086e-08 1.50846216275e-07 -1.57653130015e-10 3.35043486904e-08 1.94663394157e-07 5.66033628905e-10 1.1932894273e-07 1.77533675841e-07 1.66004229635e-10 6.20562028151e-08 9.52640406735e-08 1.34523226403e-09 1.09191745055e-07 7.15488709902e-08 1.18298029432e-09 1.70510700878e-07 1.06868103994e-07 1.12742796234e-09 1.91034278818e-07 1.18889788763e-07 1.0507420297e-10 1.40705410006e-07 2.06885620305e-07 5.46279291423e-10 2.26945020932e-07 1.38841129014e-07 -4.29497649167e-10 2.42299281421e-07 3.15088902486e-08 -4.70714746505e-10 2.73417552134e-07 3.39469185804e-08 -2.05335186676e-10 2.51428549339e-07 -7.78581185307e-08 1.75745931522e-10 2.13052640413e-07 -6.44923998566e-08 2.96922514197e-11 1.8080410536e-07 -1.61120681987e-07 1.09558869698e-10 1.58336040673e-07 -1.36730276356e-07 -3.33227667593e-11 2.07089061211e-07 -1.7849441459e-07 1.89356944849e-09 1.56190147656e-07 2.28480853749e-07 4.24826895903e-10 9.22076981713e-08 -2.03926199166e-07 1.14258172628e-10 8.03684389746e-08 -1.7653418442e-07 -8.74057551328e-11 1.37779421734e-07 -1.18969349033e-07 2.71468694472e-10 6.88629417757e-08 -1.47021099531e-07 7.40616658578e-10 8.09991146293e-08 5.27640255093e-08 5.94263098621e-10 1.16682502568e-07 1.62429497968e-08 1.25531128769e-09 4.46629198589e-08 2.56577869832e-07 1.0156239686e-09 5.14178520145e-08 2.92275025519e-07 1.17998526998e-09 1.77713659311e-07 2.5645328405e-07 -4.23249718287e-10 -4.21315795894e-09 -2.07074318191e-07 4.52547970061e-10 -2.10353243996e-09 -2.43458634931e-07 3.96770553524e-10 1.47019816669e-07 1.98068080322e-08 -1.77337385171e-10 -1.00413672898e-07 -2.05096933738e-07 4.51720453213e-10 1.25703325643e-07 -3.64683945062e-08 8.93360352855e-10 9.32433594768e-08 -2.66774900825e-08 4.6603876268e-10 8.39089238683e-08 -7.14966400432e-08 9.3314370526e-10 6.19555855789e-08 -5.24949982749e-08 -1.16416785083e-09 4.43042629453e-08 -8.82384575938e-08 -1.29259349887e-10 4.51288538767e-08 6.65124098407e-08 3.12375752642e-10 -2.26616855569e-08 7.89152110954e-08 4.63028248814e-10 5.42034064727e-08 3.34336551643e-08 3.08645712412e-11 -6.7069636702e-08 2.70368829893e-07 2.30181061578e-10 -6.05745095376e-08 2.37585445812e-07 4.34879034389e-11 -8.0900889446e-08 3.08384146996e-07 -1.6928482289e-09 -1.0541089746e-07 -2.30092008871e-07 -1.53145961648e-09 -6.79869350251e-09 -2.72126274818e-07 -3.165976894e-10 -1.23613998295e-07 -2.60518668412e-07 -8.81505450383e-10 7.35784811681e-09 -3.10571089007e-07 -6.42986147713e-10 -1.45469941318e-07 -2.90476875629e-07 -2.83453649414e-10 -8.24603921479e-08 -1.76556462893e-07 -5.27749337817e-10 2.84344351367e-08 -6.02120434067e-08 -2.1018676844e-10 3.4065837519e-09 -8.01135629427e-08 -6.34639313054e-10 3.61741301956e-09 -1.16303687102e-07 1.08478566685e-09 3.87781284861e-08 -3.18838249335e-08 -1.20676918017e-10 -3.9259965773e-08 -8.84972337313e-08 -2.25515779556e-10 -4.68750221792e-08 -1.18926415037e-07 -4.92009363974e-10 -2.28168943145e-08 -5.69760970858e-08 -1.02501150351e-09 -1.86231274151e-07 -1.53245011436e-07 -5.51629045824e-10 -6.10533965775e-08 -5.35191787616e-08 -2.02253047367e-10 2.84872805098e-08 4.1030737941e-08 3.14089969605e-10 2.58574757922e-08 1.32582316365e-08 2.82871220601e-10 -1.66567177412e-07 2.08205135564e-07 1.13458363842e-09 -1.43264873669e-07 1.76617467115e-07 -1.22800779166e-09 -1.36259992297e-07 6.56403628113e-08 1.16750458325e-09 -2.8561465891e-07 1.35687451152e-07 8.72034861413e-10 -2.10018400082e-07 2.54183350538e-07 8.21353490364e-10 -2.51812409954e-07 2.70419392697e-07 4.84218689387e-10 -7.86592517584e-08 3.41698865303e-07 6.95115655859e-10 6.26487953682e-08 3.22884973305e-07 5.68639882561e-10 1.99176164289e-07 2.72870510466e-07 -5.65184505832e-10 2.82418438964e-07 1.66699789006e-07 3.12113560113e-10 3.0844182342e-07 1.69966783374e-07 -5.5801058647e-10 3.36762647515e-07 3.24290839294e-08 -4.46694932245e-10 3.25638331777e-07 -1.22916948979e-07 -5.48785508582e-10 3.01670348685e-07 -9.05719402625e-08 -7.90851669125e-10 2.43316462241e-07 -2.22897873008e-07 3.02857029787e-11 2.56877514205e-07 -2.56634880934e-07 6.58438961719e-11 1.2420281824e-07 -3.24223324765e-07 -6.04201258105e-10 -2.87227289334e-07 -1.32681592651e-07 2.61433869836e-10 -1.35472835502e-07 -5.97739982319e-08 6.78938823574e-10 8.37412343149e-08 1.26017167799e-08 3.11506889342e-10 1.56989818068e-08 1.00400042296e-07 1.46613638307e-09 6.63889149297e-08 -1.82257388804e-08 -7.6393515513e-10 -2.28068496563e-07 1.06842970735e-07 -2.4294561785e-10 -1.92975761979e-07 9.00558397512e-08 3.09632997453e-10 -1.071252907e-07 -1.22554918684e-07 9.99918545365e-10 1.34782978324e-07 8.56300651177e-08 6.18321821609e-10 1.84293637033e-07 -5.35303927466e-08 -5.50122377953e-10 2.10210229396e-07 2.95995049756e-08 2.16373261756e-10 -4.82122782801e-08 1.79569071033e-07 -1.5969715275e-09 -1.05047591996e-07 1.27223522997e-07 -2.48890725448e-10 9.80766206304e-10 -1.78017185649e-07 -1.98096180748e-10 1.76388207715e-07 2.57478405257e-08 -2.62178057987e-10 1.05146721701e-07 -2.37180239155e-07 -2.19609375272e-10 3.92528518221e-08 2.27186854943e-07 -3.41435115096e-10 9.45683369748e-09 6.06620427467e-08 -4.39202083417e-10 -1.4878932404e-08 4.99428989654e-08 -5.2546048706e-10 -1.48579063965e-07 -1.3793460652e-07 -2.16651951442e-10 -4.00105779908e-08 4.69747488157e-08 -1.72925259236e-11 -1.96662294811e-08 2.17183903343e-08 -7.4717114505e-10 1.54441813983e-07 -4.52001667542e-08 7.35311888067e-10 -1.85000374531e-07 2.31670684971e-07 -1.3419720383e-10 -5.46891824776e-08 2.09508674669e-07 -4.32279658994e-10 1.07134458883e-07 -9.24942078463e-08 1.91881497451e-10 2.44869430214e-07 1.50547633564e-07 -3.99275874581e-10 1.19572613249e-07 -2.59708923918e-07 -3.19593165589e-10 5.50528990793e-08 -1.16204187069e-07 -3.80540226878e-11 -1.23935564631e-07 1.5370938752e-07 2.17564567441e-11 1.94365388281e-09 -1.45075633308e-07 1.86475312882e-10 -1.29121803131e-08 -2.75228321388e-08 -1.04528058976e-09 -1.31721418345e-07 -3.48041947086e-07 1.77211929367e-10 2.11228354749e-07 3.09136971291e-07 -2.7700251779e-10 -1.67921121079e-08 -1.84432710802e-08 -6.84379768791e-10 -2.79570167991e-07 -2.45389176731e-07 8.4595646174e-12 1.50425162571e-08 -1.89259722912e-08 -1.72956335921e-10 -4.75169188947e-08 -3.44735200478e-07 7.03985691925e-10 3.03162299562e-07 3.82561192546e-08 -9.70863954705e-11 1.94660409436e-08 -1.1231794472e-08 5.15102418796e-10 5.61969944163e-08 6.88266767677e-09 3.80557091597e-10 2.77506043714e-07 -8.60303343812e-08 -5.64471258083e-11 1.20851884183e-08 2.01252648959e-08 1.07251910148e-10 -5.93186368651e-10 -5.33975432422e-08 7.16608701841e-10 3.41264954011e-07 -1.52634006682e-07 -4.32274365618e-10 -2.03668655935e-07 -2.82696637078e-07 8.02677770491e-10 -1.15592017927e-07 3.59168906636e-07 -1.46631379023e-10 -6.77906679801e-09 2.15852597602e-08 -1.10828831357e-09 2.31744374225e-07 -1.90464203808e-07 3.61049921148e-10 -7.85726402577e-08 -2.61637074963e-08 -4.20215567222e-10 -7.51990801855e-08 -8.27838056222e-08 1.54169090973e-10 -2.03469630626e-07 -7.69287233462e-08 -7.39404696488e-10 -5.48663833517e-08 -1.46473079104e-07 -4.09470187892e-10 -2.14098007157e-07 -2.075712367e-07 -8.11501060527e-10 -2.1572353827e-08 7.34698290268e-09 2.52494769432e-10 -3.51964721954e-07 1.36450247849e-07 5.77257181575e-10 -2.37735706907e-07 -7.45557190766e-08 5.6379718653e-11 -1.86976918925e-07 -2.01065035037e-07 -1.31865821674e-10 1.46885004486e-07 -2.76246586783e-07 -1.02433108771e-09 -9.02347699646e-08 -1.00604469347e-07 -3.17274145839e-12 -2.0757114865e-08 -6.53619269641e-09 -5.00878348088e-10 -3.23305923355e-08 -3.81112978385e-08 -7.35811819969e-10 -3.53443577211e-07 -1.25188572703e-07 -7.68379978103e-12 3.33850654987e-07 1.76700652743e-07 -7.13102988916e-10 -2.5708936837e-07 -2.18296435305e-07 -6.07644076151e-10 1.6825266352e-07 -3.33633965062e-07 -1.18813372837e-10 8.96571691678e-08 3.39331363739e-07 -1.57234168747e-10 1.71165958801e-08 -4.24931963785e-08 6.68453161465e-10 4.26522535361e-08 -1.09680206608e-08 -1.04662759982e-10 -1.70211799623e-07 1.51060682892e-07 -2.14472784643e-10 1.39355850621e-07 -1.79520843687e-07 -7.91779886552e-10 -1.74186863064e-07 -1.61324557256e-07 -9.61707392662e-11 1.8478830511e-07 1.12312690012e-07 1.25569698076e-09 2.76732885054e-08 2.22043580071e-07 7.81209185731e-10 -1.06324453429e-07 2.76954699873e-07 -4.72423986469e-10 -3.53629643972e-09 4.85337848644e-08 9.97957857163e-11 1.17933521184e-07 -2.52519083538e-08 3.8306960175e-11 -1.55112488975e-07 -1.26470166938e-08 -7.40909056753e-10 -1.22685642705e-08 -9.90823826181e-08 -6.0107599958e-10 -3.05487519064e-08 -2.54624335157e-07 8.20812515422e-10 2.52428010643e-07 -5.69858579271e-08 2.3789472392e-10 -2.81627775506e-07 6.62255788189e-08 3.32937559548e-10 1.60669277246e-07 2.40665349881e-07 1.96241970166e-10 -2.7382014638e-07 -5.76947246301e-08 0 0 0 0 0 0 0 0 0 0 0 0 0 0 0 0 0 0 0 0 0 0 0 0 0 0 0 0 0 0 0 0 0 0 0 0 0 0 0 0 0 0 -3.93291975818e-10 1.73944335079e-09 1.13304021779e-09 -5.63981879184e-10 -8.68110008353e-10 3.33900810467e-09 -4.12130986523e-11 3.81750043746e-10 1.17264085346e-09 -1.14638393993e-10 7.12752532169e-10 -3.88249189304e-10 -3.25634665036e-10 -3.28982601148e-09 -9.84578696619e-09 -2.24076690263e-10 -8.78710097306e-08 -6.85677830801e-08 6.20182769065e-10 7.73372920231e-08 1.0665258547e-07 2.75506889127e-11 9.45094048405e-08 -3.74550765042e-08 4.37358621999e-11 -1.35680133955e-08 -5.29423043671e-08 4.8804570525e-10 4.93959030844e-08 2.06204393616e-08 -7.48299089246e-11 -4.50787779484e-08 3.19928140259e-08 -6.84259773935e-11 7.95976761746e-08 -1.28574988047e-08 -1.66354193974e-10 -1.03173783989e-07 1.77238393033e-08 3.12736680725e-10 -3.24524210619e-09 1.33947359101e-08 -2.24409312677e-10 -3.67181610672e-08 -7.14021601161e-08 2.35348980794e-10 -1.39758989687e-08 7.82168951108e-08 3.67553181472e-10 2.72981823431e-08 1.09827861712e-08 -1.98364034181e-10 1.13943459153e-07 -9.65589738211e-08 1.0110726701e-10 3.2241367812e-08 1.17359544656e-07 -3.00470855407e-10 -2.70831375831e-08 2.18368913631e-08 6.94239622342e-10 1.55335910457e-08 -2.78687326363e-09 -1.51738916226e-11 1.91932149236e-08 -3.32698017244e-08 -3.92800861433e-10 -3.16054087196e-08 -1.10925074474e-07 3.6592103131e-10 -9.66769133738e-08 1.1059215351e-07 -2.91900401983e-10 1.56502136157e-07 -2.21351279536e-08 3.8118280475e-10 5.53123481666e-08 -5.84865179062e-08 -2.05601438994e-10 -1.05976496193e-07 1.79548884775e-08 -2.57625452391e-10 -1.3221225656e-08 1.6672947046e-09 -4.87519506371e-11 1.39400247617e-08 5.77042541731e-08 2.62077550999e-10 4.47853190737e-08 -3.87220225522e-08 -3.80706029661e-11 -1.14048866499e-07 -1.20044010698e-07 2.5951391559e-10 7.62143649798e-08 5.73810000081e-08 3.7393200898e-10 -7.45416904592e-08 1.81266168284e-07 3.31799994403e-10 -1.91615180316e-07 4.77604704585e-08 1.00633232564e-10 -1.36115419566e-08 8.53739951352e-08 1.71803404439e-10 1.04543904398e-07 7.68338676284e-08 -3.91442737482e-10 2.18615905384e-08 -1.45002508934e-07 -1.16563529091e-10 -9.45382266167e-08 8.50910420621e-09 4.03034659558e-11 -4.88425823338e-10 -1.40552496674e-08 -9.03301842775e-11 -3.34169619608e-08 -2.52240317657e-08 2.72051812471e-10 1.16258356412e-07 -4.94030840861e-08 -2.96328982423e-11 1.29070004234e-07 9.93517300157e-08 -1.47839583874e-10 -2.30538793215e-08 -8.66347376709e-08 -1.95840782993e-10 -5.45536830817e-08 1.25680548271e-08 -4.36707763858e-11 3.59711834596e-08 -1.46163765125e-07 1.00131281768e-10 5.19057794525e-08 1.27283784386e-08 1.20654621375e-11 -6.32806702343e-08 1.123622615e-07 2.01478342281e-11 -7.53706718183e-08 1.29360135338e-07 -5.11017456551e-11 2.24804338595e-08 -1.18089215189e-07 -1.66355349057e-10 9.2470733014e-09 4.51666478811e-08 3.09211292514e-10 -7.77721102519e-09 -5.44906242404e-08</DataArray>
        <DataArray type="Float64" Name="DisplacementMagnitude" format="ascii">4.00729983847e-07 0 3.99359991177e-07 3.9881253636e-07 3.96517522082e-07 3.96727633749e-07 3.96844251452e-07 3.9709533818e-07 3.97168127818e-07 3.95562051783e-07 3.96450270963e-07 4.01099210962e-07 4.02670812344e-07 4.02359617979e-07 2.99615822703e-08 6.60083957124e-08 9.60363896997e-08 1.35664908705e-07 1.60421000688e-07 2.01191831439e-07 2.34209360894e-07 2.61447848981e-07 2.98006567697e-07 3.34600991196e-07 3.67975392953e-07 0 0 0 0 0 0 0 0 0 0 0 0 3.69053743014e-07 2.48095254862e-08 1.81495188522e-07 1.79182607205e-07 2.80003960922e-07 2.77120522456e-07 2.53207106547e-08 2.92132788473e-08 1.16343543229e-07 1.18864894862e-07 3.67589165608e-07 3.75233155981e-07 5.27900352785e-08 3.48243798811e-07 4.89620115192e-08 3.48493228656e-07 8.46398776937e-08 1.01379828517e-07 1.29147857648e-07 1.15190952552e-07 1.44610844475e-07 1.34313769264e-07 1.64310129701e-07 1.48080154919e-07 1.79875251612e-07 1.97525702785e-07 2.13911016604e-07 1.13693611565e-07 1.30552241566e-07 2.01236403783e-07 2.25011441152e-07 2.50199287238e-07 2.66047364304e-07 2.44339797024e-07 2.75517281977e-07 2.63207606665e-07 2.22599928375e-07 2.42177619859e-07 2.0920201302e-07 2.73397396519e-07 2.76771473169e-07 2.23804233174e-07 1.93967567668e-07 1.82035388599e-07 1.62349567762e-07 9.66718545995e-08 1.17809137898e-07 2.6043915893e-07 2.96765088142e-07 3.12012538163e-07 2.07117606916e-07 2.43468142825e-07 1.48348554306e-07 2.28358685804e-07 1.30887256549e-07 9.69887140669e-08 1.10239259043e-07 8.12101606049e-08 9.87433461071e-08 8.03774273228e-08 8.21051771396e-08 6.36869921259e-08 2.78563531888e-07 2.4518598706e-07 3.1881928725e-07 2.53094163475e-07 2.72215497443e-07 2.88358279575e-07 3.10659486106e-07 3.24867253711e-07 1.9486400696e-07 6.65904331876e-08 8.01862329749e-08 1.16361660686e-07 5.02145228119e-08 9.68148741336e-08 1.27831180684e-07 6.13769368615e-08 2.41178713096e-07 8.11918962925e-08 4.9950850975e-08 2.9060082811e-08 2.66634737201e-07 2.27419966137e-07 1.51251283413e-07 3.1620907775e-07 3.29723618367e-07 3.69508879968e-07 3.50636031954e-07 3.28907374094e-07 3.37830998066e-07 3.27947120364e-07 3.52172064905e-07 3.38320909229e-07 3.4806479139e-07 3.14973930357e-07 3.29980284313e-07 3.63108138622e-07 3.47198946882e-07 3.16392613418e-07 1.48073928736e-07 8.46868262973e-08 1.01620487891e-07 6.88608389375e-08 2.51855599733e-07 2.12954826212e-07 1.62774788816e-07 1.59687066274e-07 1.91911515862e-07 2.12284652936e-07 1.85928808596e-07 1.64995065702e-07 1.78020061328e-07 1.78257651602e-07 2.59442416863e-07 2.30553034383e-07 6.13956978275e-08 5.21139970163e-08 2.02736207998e-07 6.1705107694e-08 2.92993064721e-08 1.60921991181e-07 2.96474257795e-07 2.16529003717e-07 1.41538537618e-07 2.87446803155e-07 2.85913438689e-07 1.28585912639e-07 1.97450250546e-07 1.45088654427e-07 3.04017345298e-08 3.72135488222e-07 3.74410358127e-07 2.49440575604e-08 3.71988971964e-07 2.41758101017e-08 3.47994606199e-07 3.05567351221e-07 2.24741937085e-08 5.66192425442e-08 2.90535656255e-07 2.34751198616e-08 5.34009456596e-08 3.73844115053e-07 3.48422870786e-07 3.7731215511e-07 2.26252223487e-08 2.99972159075e-07 8.28150333217e-08 1.11840228519e-07 2.1752687841e-07 1.5641364916e-07 2.98201178132e-07 2.28035773812e-08 3.77488939429e-07 2.4915287438e-07 2.74567878135e-07 3.12869619236e-07 1.35146669279e-07 2.17618850872e-08 4.99798869829e-08 3.74960107779e-07 3.77729242413e-07 3.37266638598e-07 3.73658869366e-07 3.50976062598e-07 4.58112902631e-08 4.40449660978e-08 2.27577234365e-07 2.27261594685e-07 2.37417992059e-07 2.1624261211e-07 2.23764919329e-07 2.96663791971e-07 4.86647392904e-08 1.20606733865e-07 1.5562722363e-07 9.98418006687e-08 2.5645104716e-07 2.58781688483e-07 2.89309674605e-07 2.89369207296e-07 2.79832436155e-07 0 0 0 0 0 0 0 0 0 0 0 0 0 0 2.11284686713e-09 3.49580686962e-09 1.23390363749e-09 8.1969236088e-10 1.03859768007e-08 1.11458088257e-07 1.31742989762e-07 1.01660764891e-07 5.46532752177e-08 5.35293933237e-08 5.5277861483e-08 8.0629461179e-08 1.04685203616e-07 1.37858025033e-08 8.02903616939e-08 7.94560496243e-08 2.9426985008e-08 1.49354566912e-07 1.21707759583e-07 3.47913272021e-08 1.57968693739e-08 3.84091061616e-08 1.15340488555e-07 1.46891742095e-07 1.58060013024e-07 8.05001486758e-08 1.07486920309e-07 1.33284301533e-08 5.93641947371e-08 5.92046325866e-08 1.65582939652e-07 9.54006076431e-08 1.95994967297e-07 1.97477973347e-07 8.64523177643e-08 1.29741669012e-07 1.46641774285e-07 9.49204653027e-08 1.40637913582e-08 4.18682849511e-08 1.26320006986e-07 1.62879811911e-07 8.96497684304e-08 5.59830214755e-08 1.50524995207e-07 5.34437235279e-08 1.28956276234e-07 1.497156745e-07 1.20209963239e-07 4.61038189259e-08 5.50436985773e-08</DataArray>
        <DataArray type="Float64" Name="NodalVonMises" format="ascii">7296.79939726 6712.34217745 7648.22308778 7383.42319519 7384.83445329 7491.25073513 7036.27945628 7056.40868144 7170.27456736 6989.65602201 7004.39413577 7830.91596661 7721.77800982 7426.77410577 6557.65793903 6484.17615127 6725.81758378 6303.34956736 6349.24245623 7054.21469155 7341.14630179 6039.5339269 6514.62421798 5990.47255855 6651.64139195 6886.9601525 6760.28958173 5963.49317387 7264.69793745 7122.82859457 6655.68362897 6601.64248034 7005.02537966 7222.09711647 6934.26774525 6884.21865238 6820.85763416 5886.83355135 6343.5982672 7419.75659248 7412.99276391 6267.68797806 6442.57920332 6904.00427138 6302.17105517 6517.09682932 6552.76022106 5682.2918432 6650.16839103 6632.7964174 6771.3527719 6288.6607545 6207.62223891 6753.21554694 6360.77634052 6213.95562185 5953.39387478 6627.49231278 6427.23831752 7525.02737114 5881.54525608 7324.34148338 6308.78999926 5803.55056934 6341.77191874 6095.37887115 6620.43240688 6657.43531243 6977.26016826 5879.12620618 7822.92705971 5775.92574028 6646.65667558 6731.59558228 7693.4486172 6137.20984945 6232.36111391 6171.66858169 7455.46810503 5440.43539566 6501.09207923 7433.83563847 6318.18319995 6537.13928848 6063.86019721 6596.09094429 7619.2863414 6159.62370103 6543.11211063 6268.18181934 6146.98340102 6070.60146216 6087.30444831 6382.12357568 7263.35033144 6457.64860493 7180.80201563 7480.45310693 6235.68933762 6353.37365559 7241.78578414 6344.76709565 6599.78044069 6441.73726825 6518.28676919 6782.20063345 7375.44337028 6695.68735235 7117.00424268 6763.17792144 6389.0144908 6026.28265179 7107.39116756 6107.07918933 6037.19667058 5755.06101233 7654.7893811 5815.32243058 6269.15727054 6568.61435766 6535.40956756 6230.931132 6285.83544014 6367.91286642 6340.08176915 5974.56499403 5686.61604213 6103.87019278 6398.94626303 6682.27292147 7169.15550243 6902.59126109 7493.14375903 6813.68906016 6485.99001206 6796.4088188 7903.23551952 5568.86275487 6398.1582404 6819.03619796 6062.77801826 6364.79937975 6688.06752318 6515.25337794 6669.3139204 6149.26693749 5973.97844782 6780.55862736 6520.14099626 7358.71846324 7722.94775931 5757.6886536 6178.82039351 6548.69973696 6073.61576758 6433.54157941 6269.36886452 6395.49660709 6648.88964812 7420.83401573 6233.65127794 6786.86811063 6094.0907789 6999.33371814 5861.51081734 5967.97020133 6212.07838024 6613.78554155 6363.35394308 6178.38000579 6053.41743196 6646.96728039 6530.86710002 6169.33153883 6900.94488588 6536.223723 6399.07352248 5717.80758594 5895.7272646 5827.19564249 6325.00241782 5616.83053196 7064.32786471 6442.17930192 6115.46536775 6687.82197254 6721.44253532 6480.42129412 6438.76773194 8181.284401 6209.37817583 6787.61440571 5906.08398691 6545.86670209 6647.07237073 6148.06380732 6043.31033642 5792.09565098 6411.29136384 6279.97942647 6384.32508018 6396.24749282 6602.95925168 6125.83701052 7438.31370597 5449.82656328 5511.13593438 5334.69526537 5008.73149564 5085.52197089 6681.61881368 3402.25598944 3693.05046222 3498.92703419 3229.92013956 5633.42619027 5641.82340868 6075.58171461 6105.95356168 5886.7912409 4913.42348297 4898.84594464 5119.59515139 4934.17864219 4921.26648663 5086.1478575 2961.2861795 3241.98741796 3136.41209936 5137.1309011 5097.30673835 5594.34567528 5443.63135171 6017.8446444 3068.36312648 2992.47077704 3159.78495526 3101.47386796 3364.13777563 4240.75745712 4602.60619038 3958.1729806 4335.52881146 4080.25887681 4387.58623689 4022.61488216 4083.5453191 4379.87542131 4120.38844105 4207.3582302 4446.47600409 4769.88743104 4294.99129559 4835.60429566 4891.93942742 4944.15186312 4900.4489173 4766.45684271 5336.95444899 5153.43233942 5016.45398139 4791.07356356 4809.46952797 4577.8617455 5393.23846463 5486.49129384 4918.51617809 5193.53618115 5179.98797701 5310.11465929 4937.6586521 5204.46602648 4913.57402733 5457.95302661 5434.02983045 5135.67356347 5377.44903423 5201.05939173 5100.39973538 4777.8084926 5040.91321992 5001.74292149 5283.30470624 5420.80398102 5123.12061058</DataArray>
        <DataArray type="Float64" Name="NodalStressTrace" format="ascii">-66.3228571953 815.714104756 282.306508144 -517.483553946 108.967465289 667.129351182 21.965128958 115.109019842 -781.36064353 -791.574682235 34.1763186969 825.770325879 -81.1636126862 549.884627955 638.395244269 133.735453461 332.036751985 638.1424308 -433.99391564 -542.172585729 -627.672891672 102.074164917 399.926136714 -112.876442474 -949.884861026 195.891577346 -915.61951491 -55.5287910294 1551.46497167 -1632.92198696 1082.60244622 605.789392043 851.234978338 -1056.76098181 655.688696958 1465.63125683 1494.10943585 -298.147864258 1178.36968057 62.5517020722 -349.858077448 -336.047464129 97.3588056092 1813.04682771 11.2063090373 468.679283274 -176.636409857 -102.179120982 655.073404181 -52.4398346507 325.983496207 -573.758261394 -665.656511541 581.635173588 -291.337885718 477.969810956 570.219408273 188.355681906 440.373734026 -453.909246263 -33.9659370149 -120.455687316 117.74598913 -183.754277511 108.150398577 11.0125957873 -630.08519462 695.193407807 -442.976049284 702.781751857 -194.964540457 -299.116711243 -47.7270377242 -388.788175221 15.5799985242 -260.46934832 475.419185874 -433.969700386 539.25332303 57.5919482875 -854.261539006 146.65583142 -40.4597761369 -289.684138798 443.427892156 193.625053333 -484.317019059 -176.549991818 724.210475582 -126.834287898 938.124636311 210.484687285 209.762101456 -146.583222985 -703.457282927 -238.233566131 697.415960787 -94.1559897916 426.352178491 -27.8320171727 -44.9226229226 95.508271196 633.096255896 191.318278505 -167.994234681 466.218205652 -294.118846192 1140.98127091 -582.826990202 64.800158177 412.974258676 -161.553728073 107.571095404 594.993153699 108.060599356 -363.906990265 -1102.65861001 298.498611772 106.283807796 -331.109185717 -183.480641042 236.151696893 -122.91905781 113.368990239 206.786068668 71.8975057828 197.157276094 -83.5867656597 -223.984173875 -427.944092989 -7.65099107025 -105.700036407 -676.356712 265.623144812 -419.464164049 -21.3649568352 573.16361155 -226.812792434 -203.329746579 457.616920919 80.8600635502 -689.915177627 -275.718252036 452.268840487 -498.726034969 71.2848736482 -80.794819323 31.1341396439 143.662224264 258.468981653 552.964652574 165.918312857 -217.323249165 394.750680488 -284.228440537 352.856118587 77.2116131338 832.695699321 193.074847511 -234.121103563 134.600474747 -415.685252508 -95.1735092409 -101.293096428 -122.274186848 -99.2039792867 -35.8782645971 -1408.55460216 -118.517807884 187.485193451 668.202065622 -355.01886774 202.403263717 585.044305531 -30.3056233619 539.414240346 72.8868520835 -562.89874213 502.155843766 -302.760285681 -295.449939628 -141.619238844 103.131302616 -85.8795047433 251.122846167 -188.006888698 -638.328977335 -657.849719993 732.955869647 -100.35143954 1612.666756 60.4084430823 -302.25557555 -517.322126322 138.977002241 287.474222885 -618.709350079 -29.6720200518 373.288974895 -877.842026729 -509.048698421 458.948890072 -168.937763069 519.420631513 392.377661733 487.588919671 226.009072071 -162.995214176 -1000.94921868 753.720813891 342.534088515 -93.5992737275 -1877.27063271 -613.167915196 -1211.90340414 130.169355581 485.133022321 -40.0553967873 253.925012606 619.232025518 -95.0561661632 -270.074058893 -415.21012121 -205.075304101 -398.466869739 768.238798357 -646.803548808 764.319369064 109.80652686 -123.270472075 -90.0516710634 1283.07176175 -740.752403164 372.351714199 9.04082081502 27.0173380592 -1075.38336625 203.583198909 622.586410524 -44.222615811 -330.560756235 231.200266505 -24.626643414 -178.172930857 -138.408453095 -125.439189118 -143.641392613 -11.0450177885 -11.6381463594 102.737688196 143.651966328 -115.479389117 138.402909173 52.3353931142 -470.434245975 47.8419696696 242.678250463 -31.3021525432 257.000868628 54.7804774261 -216.374330558 -185.826148128 13.5961839594 -177.169464104 21.0032498426 12.2548681941 34.6090776532 -69.4930442344 94.9679967242 -226.26614565 115.213036891 -48.7671730286 -73.5143334092 -379.226642501 -305.531278322 39.9327001438 450.495680815 226.48109291 -122.521361001 -180.126769922 29.118605523 -177.777881878 90.0462144508 385.866185234 40.2196530273</DataArray>
        <DataArray type="Float64" Name="NodalPrincipalStress" NumberOfComponents="3" format="ascii">-4329.19869127 268.865737681 3994.0100964 -3702.0885806 488.113932046 4029.68875331 -4302.32587399 71.7322744149 4512.90010772 -4380.76891571 -254.441653582 4117.72701534 -4292.57937042 172.347771952 4229.19906376 -4017.21284045 121.62938944 4562.71280219 -4085.96399197 90.6417908022 4017.28733013 -4142.11443799 260.7393272 3996.48413063 -4491.79114549 -55.5478020003 3765.97830396 -4294.31236764 -270.553570604 3773.29125601 -3814.70846806 -380.643492663 4229.52827942 -4099.87032043 97.7695550918 4827.87109121 -4395.98671317 -141.360334305 4456.18343479 -4173.46338617 386.932344958 4336.41566917 -3618.73327212 324.799096262 3932.32942013 -3732.17106677 198.372424757 3667.53409547 -3757.32920342 110.394127186 3978.97182822 -3304.87584244 70.6474817823 3872.37079146 -3815.99280778 -74.1134137731 3456.11230592 -4189.03920765 -249.168420594 3896.03504252 -4379.71484546 -312.340771184 4064.38272497 -3422.89256964 4.00267292189 3520.96406163 -3702.23987527 342.429703283 3759.7363087 -3438.70088517 -92.7782159586 3418.60265866 -4132.45892628 -315.340792396 3497.91485765 -3936.13287428 116.764064792 4015.26038684 -4174.16193032 -369.136761589 3627.679177 -3365.56220571 -12.1051415564 3322.13855624 -3758.03880019 700.11925648 4609.38451538 -4583.40459575 -677.615946586 3628.09855538 -3600.71485249 646.765524717 4036.551774 -3665.32414933 324.703152445 3946.41038892 -3736.16446133 235.812085282 4351.58735438 -4438.59638265 -503.707004642 3885.54240548 -3845.29821661 352.055521181 4148.93139239 -3579.95347924 709.362657896 4336.22207817 -3556.76340206 767.590197757 4283.28264015 -3536.10311265 52.2078831512 3185.74736524 -3234.49871122 367.565650766 4045.30274102 -4233.96843523 44.7817451074 4251.73839219 -4328.02409212 -154.625329717 4132.79134439 -3770.56439306 7.38757180983 3427.12935712 -3690.56654145 128.382380611 3659.54296645 -3147.17763447 232.59273896 4727.63172322 -3663.05477714 91.1215097447 3583.13957643 -3657.02332591 402.286721748 3723.41588743 -3660.93396491 -332.192277266 3816.48983232 -3273.71657709 -10.7460353152 3182.28349142 -3552.81545491 167.158397679 4040.73046141 -3631.25290367 -369.739969647 3948.55303867 -3815.19870489 207.247160904 3933.93504019 -3929.41228503 91.9289142781 3263.72510935 -3577.53879749 -609.69530691 3521.57759286 -3728.32886235 287.153624782 4022.81041116 -3623.6962467 -322.173810172 3654.53217115 -3250.62582281 -160.804156781 3889.39979055 -3340.79223296 452.013898767 3458.99774247 -3732.49745616 135.842656408 3785.01048166 -3716.69369645 524.440751774 3632.6266787 -4408.02083776 -277.364831436 4231.47642293 -3340.52413775 -46.7264655538 3353.28466629 -4111.50477291 -278.558462001 4269.60754759 -3571.73797805 70.4034189791 3619.08054821 -3335.4916724 -141.187477857 3292.92487275 -3513.95493068 -121.342101033 3743.44743029 -3482.53475956 -5.7310013885 3499.27835673 -3998.32668911 -227.559863078 3595.80135756 -3563.77826672 178.142203314 4080.82947122 -4250.21869764 112.608280627 3694.63436773 -3108.03935706 170.496999806 3640.32410911 -4543.22088704 -37.7333723037 4385.98971889 -3456.10686057 24.5775154961 3132.41263383 -3838.61488252 13.6688175603 3777.21902723 -3908.93995736 -283.925108039 3804.07689018 -4438.85004618 61.53417584 4392.89586887 -3510.14780807 -213.078291322 3462.75675107 -3148.58000569 -335.613090602 3959.61228217 -3714.09530064 -33.016004414 3313.14160467 -4171.72340934 305.250982042 4405.72575033 -3092.88796266 67.9741716898 3082.50573926 -4113.29541619 -77.9714765825 3337.00535377 -4079.77590081 -215.190755066 4441.6224873 -3586.89124948 -73.1531632893 3619.58463663 -3879.51370907 -30.347137644 3620.17670791 -3317.76334322 127.723993612 3633.46724176 -3694.84363067 31.5138161781 3856.95486783 -4474.42033053 -276.603396971 4266.70670844 -3787.7906749 393.290342449 3217.95034063 -3489.32426042 202.75770547 4010.77703053 -3780.70550054 247.677316482 3406.19389616 -3286.72814861 543.105135941 3681.74764898 -3285.85017773 -139.376900423 3635.71176544 -3401.20313683 68.3079556091 3542.65728268 -3799.24729256 124.39527529 3528.26879429 -4439.73056827 -179.576698661 3915.849984 -3769.39994662 -62.4167320809 3593.58311257 -3897.29276913 267.13049233 4327.57823759 -4192.20819163 -245.324110611 4343.37631245 -3594.94113141 451.134809397 3570.1585005 -3642.27125567 5.09139153743 3609.34784696 -4115.94578691 -140.830227511 4211.8533915 -3700.0683948 212.257972334 3583.31869366 -3485.37862654 27.6636237911 4090.81125864 -3615.05984261 62.5065564142 3743.8715647 -3647.18394489 -274.904988821 3754.09469903 -3728.49584471 169.270164936 4025.44388543 -4471.94690926 259.509459845 3918.31860323 -3395.32238526 245.532767137 4290.77088904 -4310.93200859 -164.506967977 3892.61198637 -3863.52218839 94.6326000869 3833.68974648 -3591.25085068 257.700573955 3746.5245354 -3275.92924961 -426.936138267 3541.3116598 -4236.87512214 491.75448016 3852.69173739 -3345.93280817 270.674675021 3670.25128685 -3457.80596164 77.8335318738 3488.03302913 -3565.7128621 316.013027439 2885.7928444 -4821.04844994 -292.847526491 4011.23736642 -3192.76813197 48.2375139596 3443.02922979 -3543.75132796 -9.83851451757 3659.87365027 -3842.33449908 -200.004619243 3711.2299326 -3686.15095049 -239.546507334 3742.21681678 -3573.21211918 235.315443846 3574.04837222 -3680.10271631 37.4662765619 3519.71738194 -3682.7747288 155.726844113 3640.41687493 -3490.61528905 -26.7277770491 3724.12913477 -3255.48832344 -236.726453733 3564.11228296 -3150.4723127 16.7672645141 3330.86232428 -3647.63753395 199.193324219 3364.85744407 -3741.83135272 5.82073009573 3512.02644875 -4178.04421786 298.126942772 3451.9731821 -4093.28008789 -77.4079359092 4163.03703273 -3757.79738697 -444.664076592 4096.76142716 -4543.74968162 -223.279218146 4090.67218777 -3813.5912355 148.278920883 3930.93545943 -3848.41706183 -200.585200329 3629.53809811 -4062.9204279 392.906069933 3648.64940113 -4307.45131941 158.555433129 4722.05949783 -3200.06657722 -157.982521238 3131.23630603 -3816.43342673 76.681814927 3536.42186522 -3714.71348808 63.6649741869 4108.66543481 -3261.09828867 -289.687785934 3631.64613816 -3754.84464675 -396.060346311 3460.98981543 -3727.48402304 -485.366235838 3937.13200684 -3491.10631939 -41.7209276397 3985.09608751 -4051.02620115 -35.6259215974 3587.92608778 -3458.50672161 -26.9064891091 3556.69808437 -3306.65005595 -277.728505761 3503.58374238 -3853.80428438 -39.8934421071 3924.83186613 -3643.8214025 4.16396544248 3783.31966133 -4067.73844906 -70.8251043105 4397.03253502 -4174.15223296 91.4776946443 4635.63919089 -3165.31281578 -51.7175856798 3382.94871432 -3574.78551849 -131.894979268 3489.35724859 -3483.00467118 -119.40909599 3997.16444766 -3577.74507118 -33.6716288565 3327.1882595 -3515.32371122 28.7895415763 3839.39028823 -3557.77992656 28.3985586437 3606.59298105 -3441.41974998 394.453007688 3879.66244161 -3741.83009105 75.6485201016 3859.25641845 -4456.34562041 136.474507983 4085.75000886 -3642.24008934 248.607576255 3528.23298783 -4036.3528371 -139.213301696 3759.88088629 -3557.91570969 25.7959286391 3436.94627181 -3907.60657723 -331.352807392 4137.6662882 -3466.05923193 119.171905289 3224.61313979 -3490.44897343 59.6303021648 3331.61469198 -3576.31208103 34.4737165235 3505.96009991 -4250.66782469 -437.329841615 3279.44306415 -3732.11941109 32.0272950211 3581.57430819 -3493.60975207 100.435374465 3580.65957106 -3306.19731217 346.971657953 3627.42771984 -3879.77701266 -250.072115169 3774.83026009 -3642.4326896 34.3164352772 3810.51951804 -3219.64940332 -18.4639050377 3823.15761389 -3804.63174535 -249.886479496 4024.21260149 -3710.05481656 520.416617785 3729.05243912 -3694.94782653 132.070685753 3635.76399286 -3505.64762954 -88.9442930507 3031.69318046 -3238.6312697 199.901442639 3540.88567082 -3500.44953309 18.9579248163 3178.7313226 -3780.91316918 -27.3193474359 3512.78257699 -3117.12394381 -261.565667 3237.07037197 -3948.64142251 -93.7099286216 4145.48265375 -3906.11220459 343.08469244 3477.14800741 -3380.0275116 59.3055966035 3571.84476116 -3673.29957585 -460.103382167 3945.39606932 -4250.26324039 202.803208826 3409.13105423 -4018.92685599 -22.6794629271 3383.75659892 -3417.36814431 175.83193365 3974.49208031 -4868.2241617 217.453266479 4550.41945568 -3110.87788615 696.477088068 4027.06755408 -3748.50484678 -197.942835287 4006.85612514 -3622.27072707 294.443156695 3025.57199483 -3831.67770926 -330.997635745 3645.35321868 -3840.45311416 171.685585674 3807.74453073 -3469.06064387 171.52556312 3585.00930364 -3709.59799642 -167.251682942 3258.14032928 -3357.00394344 30.2228640136 3297.10905937 -3516.99843073 94.2696792899 3796.01772633 -3869.93887685 -342.922240306 3335.01909043 -3764.71914473 -234.691173336 3490.36161965 -3351.45461913 -138.144482967 3948.54799217 -3758.768298 -220.427526904 3810.25806184 -3388.19121448 262.871069799 3644.7407762 -3951.77724661 -262.937815918 4607.09272426 -2879.29272936 36.4245638422 3330.45708519 -3096.32300009 142.114049669 3180.21802249 -3158.36134534 50.95510426 2944.4110269 -3252.81007193 -203.106642017 2454.96749526 -2544.02155563 59.0229870001 3238.71938252 -3607.03542615 -25.113935546 3974.68345021 -1914.67991829 -149.107551253 1970.18819581 -2885.84666935 -239.980231567 1248.55626821 -2271.41064804 -64.5650273804 1722.80776023 -2240.329155 -404.303009545 1432.72876041 -3134.87497064 -38.729214631 3303.77354085 -3241.13818842 539.635106829 3186.63610391 -3524.69060433 84.3302505845 3400.30495695 -3380.8132825 35.7322031191 3599.00609199 -3318.21920999 547.581788807 3389.8694467 -2884.42517076 16.8435648664 2772.52543973 -2853.18067657 -194.578046267 2777.68466394 -3164.7726739 47.7970555863 2701.7654971 -3016.50410904 239.553304607 2571.87550033 -2966.9271867 -50.353341243 2618.8136582 -2728.04016019 371.341194139 3124.93776441 -1946.9812977 -168.470786164 1468.64853506 -1527.6763362 122.856666318 2169.13903895 -1692.18635697 -79.8611248002 1881.85400863 -3020.56911421 9.14447515517 2888.15416698 -2986.44318015 31.4681769768 2864.92333211 -2549.1154281 76.5467548747 3755.64043497 -3441.65975703 -104.026192152 2804.93354602 -3422.18298627 361.714091251 3432.82060922 -1735.55022944 -20.1836678582 1764.77471811 -1677.21246905 -29.4073251584 1733.63713226 -2153.03416163 -360.194586023 1437.8453814 -1659.62251768 -5.55616622813 1868.76188282 -1632.64936405 80.4856000929 2174.75017448 -2374.0403299 -124.838509623 2454.65622371 -2774.05971116 -31.9298778374 2475.42883276 -2134.17395298 -15.526046747 2380.90026623 -2528.61516965 111.542823455 2392.44570278 -2396.4820288 -31.8811657944 2250.19026373 -2447.86996477 -216.218885154 2525.68039683 -2296.51807686 -106.463799723 2277.54268747 -2404.41220131 11.082549313 2249.68825938 -2531.815091 61.1847205931 2459.58535262 -2443.01750986 216.866441353 2214.51292215 -2349.43262023 15.3332054823 2436.83710294 -2469.17244469 37.5858821682 2575.23852885 -2751.56675131 -3.27882860913 2639.3661908 -2440.96866249 123.887387247 2455.48418442 -2692.1976444 -74.1605442683 2818.69358178 -2876.0861476 -276.907569461 2682.55947109 -2762.33802027 -44.762554198 2854.94254414 -2712.24893459 153.449458202 2801.47772685 -2701.96588687 -31.3842876098 2702.04802193 -2908.24785291 33.7875446756 3131.46117687 -2918.91327106 44.3750725365 2929.31867595 -2935.65928274 -10.6548403964 2729.93979258 -2812.90152405 -35.8692520595 2662.94462798 -2734.30348892 12.4605802044 2735.43909267 -2671.19003981 -50.2353607295 2544.25593644 -3050.88159204 -0.0460658885382 3071.93090777 -3129.0979491 30.7947938186 3110.55802348 -2672.89998284 -215.456104426 2922.96516492 -2962.66489623 -61.3337563329 2954.50560833 -2868.07133137 -31.99589874 2995.03522684 -3052.19086531 -179.436205697 3005.36092536 -2745.23869025 4.82176169587 2855.62996544 -2958.60432817 -58.0697827756 2967.90693792 -2765.78255731 -113.704841806 2805.9730657 -3281.15723892 -29.5928144256 2931.52341085 -3117.64293565 -243.323388703 3055.43504603 -2918.17793575 37.5217796268 2920.58885626 -2891.32194778 118.38471738 3223.43291121 -2849.26392925 22.6422707971 3053.10275136 -3019.31344222 161.500405671 2735.29167555 -2757.73396896 -76.5396278839 2654.14682692 -2795.13080193 -121.347082354 2945.5964898 -2990.64800823 87.4241595622 2725.44596679 -2997.58366368 131.47874688 2956.15113125 -2806.41828988 -133.751261278 3326.03573639 -2992.70930839 214.13165509 2818.79730633</DataArray>
        <DataArray type="Float64" Name="ShellTopNodalVonMises" format="ascii">0 0 0 0 0 0 0 0 0 0 0 0 0 0 0 0 0 0 0 0 0 0 0 0 0 0 0 0 0 0 0 0 0 0 0 0 0 0 0 0 0 0 0 0 0 0 0 0 0 0 0 0 0 0 0 0 0 0 0 0 0 0 0 0 0 0 0 0 0 0 0 0 0 0 0 0 0 0 0 0 0 0 0 0 0 0 0 0 0 0 0 0 0 0 0 0 0 0 0 0 0 0 0 0 0 0 0 0 0 0 0 0 0 0 0 0 0 0 0 0 0 0 0 0 0 0 0 0 0 0 0 0 0 0 0 0 0 0 0 0 0 0 0 0 0 0 0 0 0 0 0 0 0 0 0 0 0 0 0 0 0 0 0 0 0 0 0 0 0 0 0 0 0 0 0 0 0 0 0 0 0 0 0 0 0 0 0 0 0 0 0 0 0 0 0 0 0 0 0 0 0 0 0 0 0 0 0 0 0 0 0 0 0 0 0 0 0 0 0 0 0 0 0 0 0 0 0 0 0 0 0 0 0 0 0 0 0 0 0 0 0 0 0 0 0 0 0 0 0 0 0 0 0 0 0 0 0 0 0 0 0 0 0 0 0 0 0 0 0 0 0 0 0 0 0 0 0 0 0 0 0 0 0 0 0</DataArray>
        <DataArray type="Float64" Name="ShellBottomNodalVonMises" format="ascii">0 0 0 0 0 0 0 0 0 0 0 0 0 0 0 0 0 0 0 0 0 0 0 0 0 0 0 0 0 0 0 0 0 0 0 0 0 0 0 0 0 0 0 0 0 0 0 0 0 0 0 0 0 0 0 0 0 0 0 0 0 0 0 0 0 0 0 0 0 0 0 0 0 0 0 0 0 0 0 0 0 0 0 0 0 0 0 0 0 0 0 0 0 0 0 0 0 0 0 0 0 0 0 0 0 0 0 0 0 0 0 0 0 0 0 0 0 0 0 0 0 0 0 0 0 0 0 0 0 0 0 0 0 0 0 0 0 0 0 0 0 0 0 0 0 0 0 0 0 0 0 0 0 0 0 0 0 0 0 0 0 0 0 0 0 0 0 0 0 0 0 0 0 0 0 0 0 0 0 0 0 0 0 0 0 0 0 0 0 0 0 0 0 0 0 0 0 0 0 0 0 0 0 0 0 0 0 0 0 0 0 0 0 0 0 0 0 0 0 0 0 0 0 0 0 0 0 0 0 0 0 0 0 0 0 0 0 0 0 0 0 0 0 0 0 0 0 0 0 0 0 0 0 0 0 0 0 0 0 0 0 0 0 0 0 0 0 0 0 0 0 0 0 0 0 0 0 0 0 0 0 0 0 0 0</DataArray>
      </PointData>
      <CellData Scalars="VonMises">
        <DataArray type="Int32" Name="ElementIndex" format="ascii">0 1 2 3 4 5 6 7 8 9 10 11 12 13 14 15 16 17 18 19 20 21 22 23 24 25 26 27 28 29 30 31 32 33 34 35 36 37 38 39 40 41 42 43 44 45 46 47 48 49 50 51 52 53 54 55 56 57 58 59 60 61 62 63 64 65 66 67 68 69 70 71 72 73 74 75 76 77 78 79 80 81 82 83 84 85 86 87 88 89 90 91 92 93 94 95 96 97 98 99 100 101 102 103 104 105 106 107 108 109 110 111 112 113 114 115 116 117 118 119 120 121 122 123 124 125 126 127 128 129 130 131 132 133 134 135 136 137 138 139 140 141 142 143 144 145 146 147 148 149 150 151 152 153 154 155 156 157 158 159 160 161 162 163 164 165 166 167 168 169 170 171 172 173 174 175 176 177 178 179 180 181 182 183 184 185 186 187 188 189 190 191 192 193 194 195 196 197 198 199 200 201 202 203 204 205 206 207 208 209 210 211 212 213 214 215 216 217 218 219 220 221 222 223 224 225 226 227 228 229 230 231 232 233 234 235 236 237 238 239 240 241 242 243 244 245 246 247 248 249 250 251 252 253 254 255 256 257 258 259 260 261 262 263 264 265 266 267 268 269 270 271 272 273 274 275 276 277 278 279 280 281 282 283 284 285 286 287 288 289 290 291 292 293 294 295 296 297 298 299 300 301 302 303 304 305 306 307 308 309 310 311 312 313 314 315 316 317 318 319 320 321 322 323 324 325 326 327 328 329 330 331 332 333 334 335 336 337 338 339 340 341 342 343 344 345 346 347 348 349 350 351 352 353 354 355 356 357 358 359 360 361 362 363 364 365 366 367 368 369 370 371 372 373 374 375 376 377 378 379 380 381 382 383 384 385 386 387 388 389 390 391 392 393 394 395 396 397 398 399 400 401 402 403 404 405 406 407 408 409 410 411 412 413 414 415 416 417 418 419 420 421 422 423 424 425 426 427 428 429 430 431 432 433 434 435 436 437 438 439 440 441 442 443 444 445 446 447 448 449 450 451 452 453 454 455 456 457 458 459 460 461 462 463 464 465 466 467 468 469 470 471 472 473 474 475 476 477 478 479 480 481 482 483 484 485 486 487 488 489 490 491 492 493 494 495 496 497 498 499 500 501 502 503 504 505 506 507 508 509 510 511 512 513 514 515 516 517 518 519 520 521 522 523 524 525 526 527 528 529 530 531 532 533 534 535 536 537 538 539 540 541 542 543 544 545 546 547 548 549 550 551 552 553 554 555 556 557 558 559 560 561 562 563 564 565 566 567 568 569 570 571 572 573 574 575 576 577 578 579 580 581 582 583 584 585 586 587 588 589 590 591 592 593 594 595 596 597 598 599 600 601 602 603 604 605 606 607 608 609 610 611 612 613 614 615 616 617 618 619 620 621 622 623 624 625 626 627 628 629 630 631 632 633 634 635 636 637 638 639 640 641 642 643 644 645 646 647 648 649 650 651 652 653 654 655 656 657 658 659 660 661 662 663 664 665 666 667 668 669 670 671 672 673 674 675 676 677 678 679 680 681 682 683 684 685 686 687 688 689 690 691 692 693 694 695 696 697 698 699 700 701 702 703 704 705 706 707 708 709 710 711 712 713 714 715 716 717 718 719 720 721 722 723 724 725 726 727 728 729 730 731 732 733 734 735 736 737 738 739 740 741 742 743 744 745 746 747 748 749 750 751 752 753 754 755 756 757 758 759 760 761 762 763 764 765 766 767 768 769 770 771 772 773 774 775 776 777 778 779 780 781 782 783 784 785 786 787 788 789 790 791 792 793 794 795 796 797 798 799 800 801 802 803 804 805 806 807 808 809 810 811 812 813 814 815 816 817 818 819 820 821 822 823 824 825 826 827 828 829 830 831 832 833 834 835 836 837 838 839 840 841 842 843 844 845 846 847 848 849 850 851 852 853 854 855 856 857 858 859 860 861 862 863 864 865 866 867 868 869 870 871 872 873 874 875 876 877 878 879 880 881 882 883 884 885 886 887 888 889 890 891 892 893 894 895 896 897</DataArray>
        <DataArray type="Float64" Name="VonMises" format="ascii">3628.34394965 3098.32849994 4051.40083106 6669.14650967 5466.61843557 5796.30944017 3419.61286003 2470.78858424 3515.6816803 4100.7444412 2805.84597691 3052.94058417 4876.20466444 3329.71181465 3377.89410261 7529.78261583 4309.47930878 3964.02875771 4470.24883311 3552.32018588 7151.61045654 3739.79256897 3049.19957661 3108.77828076 4364.0905093 3623.4988516 3460.5038555 3905.16286976 3760.73810299 3786.98436019 3363.89600266 4378.18155852 5097.21303153 7033.0439385 3726.6922327 4886.81125073 4773.60940436 4339.74625793 3760.00659862 4996.61248944 4334.01476024 3679.27047485 3901.34053226 3163.75399151 3797.66764666 4177.97018941 3589.64359089 2982.5306612 6179.15982848 3780.72308594 3579.9672704 4653.67605781 5986.03298839 4527.34737432 4270.57671704 3851.33110446 3356.74955216 4961.00841956 3081.16922291 3143.50635262 4675.69535734 3444.85461697 3632.2561317 3851.87608162 3571.59784355 7029.27668687 6003.12285203 3389.91249141 6908.38181395 3247.52473931 3595.26793672 5923.67527181 4375.19416459 6453.20556719 3766.12111599 3660.2281574 3547.63406308 7258.76843165 5176.42241322 3761.71671747 3156.40859773 6769.54283466 3828.15736239 6057.58055861 4960.50067259 2735.80384609 3966.27741386 6288.23537377 3351.13996912 3821.24041339 4376.4827545 3738.72658896 4596.56641696 6284.39649985 4263.14963027 3676.45895233 3582.06241283 3246.19073015 4258.13091851 7073.93493597 7000.34780205 6528.68679066 5635.88494167 3861.51784542 3426.31756737 5052.77349048 3935.45407909 2649.34627259 1137.98536226 4446.36103555 5122.11375231 4118.88595661 7160.58299546 7169.14927953 3888.81883617 3864.36752082 3856.07854299 4372.2889821 4515.86167225 3446.67471267 4373.62672214 6513.19446343 4412.88063496 6476.15045766 4401.3995522 3978.84991077 3971.96890983 1925.34584219 7532.86021111 6250.90934818 3679.94082945 6362.72106607 1708.79238913 5784.41008574 4557.97302402 4732.25442292 4201.88757622 3346.23860046 3352.16162193 3162.46252413 4277.19718409 6283.57721813 6951.66302911 1628.48599946 5452.11024197 6659.15210484 5212.29152779 5531.68967092 4280.2655169 2938.19042876 2883.12002468 4047.43249141 3220.92765218 7162.74424653 5160.62485782 7516.49154324 7127.43474774 3774.04239793 5108.21645122 2819.55342561 2695.74080688 5375.05204217 2733.78713817 5103.69884795 3344.62078947 4083.20797573 5242.30555124 6875.55006638 4295.76114794 4260.58615683 6800.71847313 4576.21333291 3931.7744925 5637.26217246 4081.39243314 3929.27766378 7545.76700644 3349.79442128 7267.36146616 5299.31017858 7023.2457177 4463.42508047 3313.53758004 7301.50648081 4590.95303697 5205.31134301 7204.27693993 4430.77252993 4109.69243774 3696.6292163 7465.45252436 7526.83338972 6811.66627506 6910.68975274 4504.95085355 6542.53651986 3120.62879468 3430.53164299 2684.8966984 6886.01521011 4158.5103675 4920.97923602 3420.29124825 5197.0601579 1674.82099123 3681.35415004 6743.64959875 2736.59049935 3847.20981301 3412.41491456 5222.85704592 5831.09561865 4290.85754025 6930.14790439 6524.04785547 4250.71717631 4413.10269117 3159.14940239 4214.17071213 4895.65031303 4139.45452121 7135.5489288 917.226410059 3531.25282992 4861.22420281 5383.31586733 5223.88062513 3196.44451265 5524.07351038 6314.49855407 5625.98665942 6924.76133982 2605.65180981 4532.32922979 7204.48667266 7672.30133537 4897.53855825 6713.84705022 4010.73035066 6669.36794325 7324.96031234 3890.57688878 6384.45511827 4519.16017677 6741.12661426 6629.14782719 6883.96608884 4554.16742403 1263.65765029 2141.22238369 4358.82459905 4407.81352401 6907.74278348 3314.26867531 737.241811883 3452.7450726 6782.19989683 5933.04761929 2920.28034733 4618.08732927 2998.25553266 7495.9054473 6368.37097476 2930.77428482 7008.64597953 7322.15317484 5997.16203757 2552.29140843 5264.86230251 7039.45345666 4218.91201106 6898.28616453 2646.53846523 7054.09302017 3707.62179625 764.449097639 7527.75122513 2842.71184299 4926.5909976 3411.13511525 3482.02716198 7746.43860532 3833.80128834 1088.37970102 7691.4287887 7669.50452608 7393.21524647 3712.18697084 3508.32843529 3148.43882778 3011.25105329 6648.60126978 3757.66012119 4217.4252614 5042.7764441 5778.9851795 5526.9546588 4906.1304716 7687.71888537 7434.45242336 6918.29268872 321.564616328 3828.84933036 5285.62438181 3696.08527499 3539.5234558 8213.27036639 3537.88403643 3746.80110736 6855.11113442 6618.34487993 3180.81254841 7097.47459084 7793.15636976 3550.53931835 3775.78218269 3542.52854039 4331.28910511 6995.4027404 3418.64348845 7921.7309278 5214.13215115 683.656507812 4187.66435354 3198.68878218 6873.88682799 3976.89831508 3173.28519572 5729.18954678 7279.43711827 6727.91526313 6854.1793819 2924.1650297 5827.80796596 3379.33615188 6333.69043178 7794.46446313 6794.14241908 6928.15918899 3437.06610955 3906.15998551 6540.21830768 5139.95046696 6517.26839438 3843.0091169 6585.53676233 2710.12190561 3831.9566301 7424.45011727 4278.24207404 3080.88752226 577.671977918 696.514275922 3755.90179346 3592.0581801 5539.11387145 6675.74855651 6911.82080664 6867.00133971 6439.09442744 7561.8638272 7471.54571388 4535.01520618 3614.06291331 4799.43993991 7542.02250068 3772.09530426 5715.16199994 7209.76883535 5239.36413317 5751.48028889 4173.20623589 1741.79294771 3701.61848335 7225.8128367 6892.47468198 6557.84011947 8128.51452428 6483.85964311 4175.08008047 3995.66414497 2962.17244826 3861.89411982 7109.98576654 7121.84008207 3162.39858737 4117.78604288 4031.44497107 8435.29316899 3996.54960331 6918.82590544 7308.42622266 3790.73889213 7743.01072147 3576.97990605 7593.54582206 3232.18895832 7934.11013068 7072.38517547 4271.21426492 7385.12551163 2924.46178347 3011.87965743 3941.64591302 3499.91885337 6507.37070845 2470.78858424 6651.19716586 7062.85592534 4263.94171302 3250.23887407 3697.96959704 7103.99459533 2169.02223816 4878.72172538 3402.70957684 6291.90793094 3645.19599085 6846.98659869 7472.40273406 3396.88424546 4083.53518756 4232.33052647 3753.26599616 3230.82487127 3012.03180503 6801.69314306 8023.66914082 3456.89578147 5953.94135157 7770.18961568 7029.15937616 3666.29719422 7291.71748465 6768.23459396 3348.13665479 4671.13854043 7249.71723242 4387.12162671 6899.28874009 6501.95641107 4489.98690177 3479.35287927 2567.95451027 4487.35965091 7564.29087401 4092.733929 5964.46807141 7798.95153329 6140.2980295 7508.33366426 6917.81555893 3774.05825506 7862.94859333 6676.64319801 2470.78858424 6507.24342558 5529.19508689 3814.33401818 3750.24391208 6866.18318878 3977.53330471 4573.51203657 4403.31813384 3331.36316087 5928.35039501 6719.15394269 6974.19538678 7044.29799887 3364.50858651 3757.21954829 7246.92899533 3542.59482859 6952.13725314 7328.13738385 6978.34889655 5535.01390317 7681.89594484 7891.47323143 6407.82048988 7343.62264233 5626.83256713 6879.8114041 3404.50534745 6226.16147499 2853.54684641 6939.23587942 6790.52108318 6827.9238843 3840.96663822 6891.93364993 3848.76920572 6606.41591859 3670.73512389 4465.94226554 4526.02067036 7053.93262692 3721.54293764 4850.66802336 7466.43652987 7550.43523792 6781.60521758 7266.37802413 4198.75727021 6133.394187 7343.05979941 3549.68159117 3593.17361297 6764.62622694 5466.29892093 3781.55145505 7211.44762012 7034.46873154 7260.31051008 7260.66978657 6854.81880054 7560.75431915 4660.50088832 3348.13665479 6231.58848933 6624.16431962 3452.80362293 1578.53549875 6766.08886489 3795.93493504 4309.21986592 8091.3883336 4485.04170218 7596.33599699 7957.57047567 6336.48721035 7271.48961471 4867.15349391 4739.50552678 8725.75422434 3145.12433085 4108.7695369 3598.04831474 6385.59881982 7506.670618 6434.74372505 3783.96493338 7266.41114973 3090.28052787 3866.42576128 4890.14431354 7446.35617153 6389.766297 3740.19826398 6642.64668999 3292.30087707 4919.91505684 4818.6989818 3090.1310521 5291.60379474 4005.82035853 3669.98503551 7909.76465563 7759.03990534 4228.31597359 6476.30137783 7496.05798509 5845.80558595 6643.14116667 6489.09187796 5713.61059038 7722.51087988 2470.78858424 7344.04622354 7628.43937214 7152.67878869 5852.44592071 7620.6981595 6763.33133989 5761.74201712 6837.42463934 5298.39976426 6840.27939999 4083.7551001 8059.70592092 2570.27616713 3985.4906982 2958.83542129 7642.15811404 7381.51290854 4062.34207117 8641.56030995 5652.39380346 7351.98218182 7069.62793832 7479.60350617 7611.38732393 3611.00085039 8582.22363898 7842.47713534 3348.71774315 6776.8811358 6634.43165178 7631.65920512 6295.43221656 6555.16249976 7841.75019665 7866.1083068 6358.25792132 7862.81907137 7208.43500807 7675.16312679 7961.59143732 8024.68620687 3690.04929155 7145.55445519 3475.52209036 7530.33264726 7806.40903894 5079.78722131 3547.65484331 3978.36198667 5269.17708081 7917.05738661 3537.50810995 7267.03182677 6732.24015906 3273.05447963 3264.72113215 7848.09484299 6993.56318834 7558.1948688 6510.61880254 3023.84339399 3189.73315397 2420.08318587 5632.33789234 3644.83658425 3882.39448603 3223.4213196 2470.78858424 7417.79115168 7986.36229359 7360.42632725 7592.16576182 6977.35113732 6657.13425246 5607.66519687 7730.76619134 7854.20340858 4433.22694403 7051.72278044 7010.52476278 5115.28875462 4461.20421899 5061.15172864 6093.63356351 7670.88138454 6579.72286245 4962.88435666 3636.25851602 8060.52159461 7512.10414553 6211.18135618 5707.40596905 8078.59046099 6026.23054637 7668.36542394 3633.50860911 3348.13665479 7771.58876997 7036.30727025 8321.93815123 8623.2590266 7896.11893243 6926.67848917 6490.17140455 6708.28363979 6455.28780232 6836.80136697 7263.90065783 3705.22815679 8196.05625249 6491.89112544 7076.37402315 7135.11181902 8016.13835851 7346.1476103 7610.8040545 6485.46955396 7656.84668838 8318.24691901 7449.31923338 7171.32312542 2958.83542129 7172.4364337 7635.78588809 4544.82189546 7254.78216639 7462.76813774 3330.43347205 3733.01635917 6941.74483938 7473.19292749 3477.45735439 7723.61217467 3602.23046512 8282.13806497 7603.99891248 7725.51294233 7433.65420063 6331.59406692 7245.32231884 7607.24412752 3298.57026573 7767.88479577 7502.46904245 8020.29822531 8716.23247733 3595.13096587 6861.60013387 4582.98781642 8349.5381158 7415.15167042 7406.35690015 6449.28974803 7851.86531386 7996.50104988 3776.47690755 7741.40227588 7144.14603302 8753.44697348 7324.59680514 7729.41734795 7241.87965471 2958.83542129 6988.03503984 7009.52149371 7385.18146525 7454.27702942 8131.91513261 6712.98516882 7220.27373986 4662.94497124 6509.16768488 7849.1922297 7020.92925674 5174.64569331 3737.72603215 7781.53722023 7687.21116872 8151.2958495 7832.48823615 2710.12190561 8227.00767246 7776.27926019 3624.27387259 7401.17589597 8040.79628833 7009.33937546 7839.47904601 7962.87772258 7911.97606141 9395.62408614 8809.12844614 6659.95804317 6795.64989399 7497.76240518 8955.66146777 7748.78787954 8528.23025461 7134.0051058 7355.03328777 6809.01035483 3611.87471936 8370.84987098 9343.86134278 3589.51503762 7401.33093324 8129.28971125 7233.92187705 7337.00666937 8797.64359315 8236.96086382 6772.67748792 8349.94382784 7397.35641472 7383.07996351 7976.44471708 7398.44866881 7096.795133 7746.87197109 7216.90296229 8648.69731438 8392.09896415 3555.14335943 7913.37132232 7337.00666937 7769.99908133 8131.4633712 9220.46181597 8065.7727382 8875.79223851 8787.58813035 7780.81208373 7378.68309533 3348.13665479 8987.25093401 8870.85754553 8344.5910138 7535.2767238 8985.10608456 9457.5512725 9110.51196549 6724.20976574 7662.38852114 9127.08420355 8159.72956768 7470.00090401 7162.45884464 7325.86645961 6481.3927779 6455.28780232 7531.60671416 7382.48588848 8680.5603228 8600.04380304 7743.86025494 7336.40615298 8562.06781131 6918.07566931 3348.13665479 3626.85446962 6573.95072254 2710.12190561 7333.30778465 7275.83826529 6809.01035483 9231.4443948 6657.13425246 7729.76046312 6485.46955396 7478.3948391 7272.14724022 6899.04917303 7158.80705409 7521.85682589 7337.00666937 7443.80103548 6095.52337965 6573.95072254 7233.92187705 7433.14358391 6994.33860602 6579.72286245 6837.42463934 6575.42138482 8173.46843484 7359.56746193 6780.77949858 7440.63488711 3342.29330094 3852.63578608 5616.0438993 7498.88114167 6768.84263685 7096.77309899 7072.8844528 5412.38381352 6595.8063391 6638.15720739 7038.64274683 6342.12307627 3657.55773208 3831.14593674 2610.8107992 2496.11035106 6664.41147949 5261.44034579 6789.97340678 6981.4879029 6956.96210745 5974.98945806 3654.3318851 5240.37126291 6454.65350451 4878.06308466 5019.10056578 5447.82917534 6793.11487835 7305.71587125 3982.9682314 6466.13691488 4215.55488378 3951.46505665 7470.97328937 7220.57821487 4463.49760024 3860.2773872 6698.9850759 7842.42911717 4132.78571388 4765.6249204</DataArray>
        <DataArray type="Int32" Name="HasVonMises" format="ascii">1 1 1 1 1 1 1 1 1 1 1 1 1 1 1 1 1 1 1 1 1 1 1 1 1 1 1 1 1 1 1 1 1 1 1 1 1 1 1 1 1 1 1 1 1 1 1 1 1 1 1 1 1 1 1 1 1 1 1 1 1 1 1 1 1 1 1 1 1 1 1 1 1 1 1 1 1 1 1 1 1 1 1 1 1 1 1 1 1 1 1 1 1 1 1 1 1 1 1 1 1 1 1 1 1 1 1 1 1 1 1 1 1 1 1 1 1 1 1 1 1 1 1 1 1 1 1 1 1 1 1 1 1 1 1 1 1 1 1 1 1 1 1 1 1 1 1 1 1 1 1 1 1 1 1 1 1 1 1 1 1 1 1 1 1 1 1 1 1 1 1 1 1 1 1 1 1 1 1 1 1 1 1 1 1 1 1 1 1 1 1 1 1 1 1 1 1 1 1 1 1 1 1 1 1 1 1 1 1 1 1 1 1 1 1 1 1 1 1 1 1 1 1 1 1 1 1 1 1 1 1 1 1 1 1 1 1 1 1 1 1 1 1 1 1 1 1 1 1 1 1 1 1 1 1 1 1 1 1 1 1 1 1 1 1 1 1 1 1 1 1 1 1 1 1 1 1 1 1 1 1 1 1 1 1 1 1 1 1 1 1 1 1 1 1 1 1 1 1 1 1 1 1 1 1 1 1 1 1 1 1 1 1 1 1 1 1 1 1 1 1 1 1 1 1 1 1 1 1 1 1 1 1 1 1 1 1 1 1 1 1 1 1 1 1 1 1 1 1 1 1 1 1 1 1 1 1 1 1 1 1 1 1 1 1 1 1 1 1 1 1 1 1 1 1 1 1 1 1 1 1 1 1 1 1 1 1 1 1 1 1 1 1 1 1 1 1 1 1 1 1 1 1 1 1 1 1 1 1 1 1 1 1 1 1 1 1 1 1 1 1 1 1 1 1 1 1 1 1 1 1 1 1 1 1 1 1 1 1 1 1 1 1 1 1 1 1 1 1 1 1 1 1 1 1 1 1 1 1 1 1 1 1 1 1 1 1 1 1 1 1 1 1 1 1 1 1 1 1 1 1 1 1 1 1 1 1 1 1 1 1 1 1 1 1 1 1 1 1 1 1 1 1 1 1 1 1 1 1 1 1 1 1 1 1 1 1 1 1 1 1 1 1 1 1 1 1 1 1 1 1 1 1 1 1 1 1 1 1 1 1 1 1 1 1 1 1 1 1 1 1 1 1 1 1 1 1 1 1 1 1 1 1 1 1 1 1 1 1 1 1 1 1 1 1 1 1 1 1 1 1 1 1 1 1 1 1 1 1 1 1 1 1 1 1 1 1 1 1 1 1 1 1 1 1 1 1 1 1 1 1 1 1 1 1 1 1 1 1 1 1 1 1 1 1 1 1 1 1 1 1 1 1 1 1 1 1 1 1 1 1 1 1 1 1 1 1 1 1 1 1 1 1 1 1 1 1 1 1 1 1 1 1 1 1 1 1 1 1 1 1 1 1 1 1 1 1 1 1 1 1 1 1 1 1 1 1 1 1 1 1 1 1 1 1 1 1 1 1 1 1 1 1 1 1 1 1 1 1 1 1 1 1 1 1 1 1 1 1 1 1 1 1 1 1 1 1 1 1 1 1 1 1 1 1 1 1 1 1 1 1 1 1 1 1 1 1 1 1 1 1 1 1 1 1 1 1 1 1 1 1 1 1 1 1 1 1 1 1 1 1 1 1 1 1 1 1 1 1 1 1 1 1 1 1 1 1 1 1 1 1 1 1 1 1 1 1 1 1 1 1 1 1 1 1 1 1 1 1 1 1 1 1 1 1 1 1 1 1 1 1 1 1 1 1 1 1 1 1 1 1 1 1 1 1 1 1 1 1 1 1 1 1 1 1 1 1 1 1 1 1 1 1 1 1 1 1 1 1 1 1 1 1 1 1 1 1 1 1 1 1 1 1 1 1 1 1 1 1 1 1 1 1 1 1 1 1 1 1 1 1 1 1 1 1 1 1 1</DataArray>
        <DataArray type="Float64" Name="StressTrace" format="ascii">743.960190454 713.72483803 -0.403038072546 497.189227226 1017.20880066 -194.637724905 208.462471391 210.328361451 -3770.64728715 1166.95930242 1572.01827482 -3122.13716462 -4549.80445898 1552.44534786 -62.3613810843 -446.333142259 -4225.99651691 -3675.59007338 973.115666308 -772.423192542 -5566.17106168 -402.806632967 1293.15603559 949.673057586 1653.55717037 1477.4324992 1470.43193778 -357.048933022 -2815.49975051 -2080.8758509 1286.87455914 -609.626845082 318.526316394 2319.54425584 -4465.21856711 -5658.33927961 1290.47369145 4509.24493786 612.480043024 1085.75907164 -604.903089548 2605.69396028 2349.26505619 -3499.69779996 -2514.81199653 -214.818763493 1431.8123324 1404.84740642 -447.066666129 254.120333911 904.930618276 2146.28376888 -1429.45436606 -3759.64782779 2836.49538405 1086.35521434 954.55238237 4384.85121737 -1585.57171868 -2220.48418784 -4520.97553391 390.060134808 1290.68480815 3740.89990858 -2196.80958004 2359.66550616 266.397756243 -438.467337148 -764.899302597 -1417.24771553 106.094996145 -5422.63957576 4343.54437149 2561.72167321 -301.11099247 1268.95909478 -2042.50577264 -79.2815517209 1313.0079583 -1665.39091338 -6833.21617075 3528.8039231 3539.42329334 -1291.89815668 1856.44410924 1938.03178154 -181.830983287 -1530.68052179 -1453.09321373 -90.3495647997 -3380.20175607 109.037044629 4429.7662286 1693.279397 -692.209963108 -1780.04756908 -1564.74947701 -292.843127967 1064.7242968 6207.97051958 -4443.65745336 1034.10617482 3116.21951174 -4255.63545742 -3169.62969492 -593.804825003 399.025284044 -4110.44568751 -619.666358309 -1022.59373098 -2186.29990027 475.349877414 2089.69707142 1315.67894314 -1071.83618334 49.4927281226 -674.922565688 -2420.5366927 3389.93759715 2007.83733856 2585.34408113 163.045691774 -8160.03981641 -1126.41655299 3448.24397296 8408.05242852 1577.15966825 -2069.99625613 7958.02989981 -6584.18659478 2137.62648279 -364.687023121 2188.77217784 -226.56408029 1108.71048009 3789.32426704 -814.002813929 1979.1719827 -1343.68624565 -2360.23211032 -448.30141081 899.956123577 -1358.68138008 -1696.62165521 2008.6012418 83.9215456781 6722.96851001 -81.481494571 -1078.26605305 -300.763697245 -1183.23366634 -4656.24173011 -332.911326659 -2474.93313746 -879.587207713 -917.616819656 5849.39907575 456.390660411 -692.63349039 1266.52123356 5358.2398816 -2032.33501657 -2369.144711 -1901.39284219 1264.07294413 -347.679139973 -10650.004845 -1101.66122102 -3397.68013197 -2999.88999771 115.861236413 7647.30149726 -1022.47857673 -196.770007987 -1090.93232745 -2847.46240679 241.060503485 1049.05491207 1098.47355167 -3303.7483068 2660.43616904 189.912387829 -3971.38599135 -3358.69252542 -4281.87665228 -3787.39043327 -2181.39696246 3324.48631225 1901.17085195 -2343.7417622 1778.88115685 -440.369060485 -232.975654931 3195.49169118 -272.571140504 300.095496774 -1806.96321914 -1038.7491715 -1321.02719548 -990.149787202 -55.6063116637 -3583.3068924 -156.561621775 9336.79729619 664.731461961 -1969.83165164 896.985215553 3556.47426271 178.364693545 -462.191888066 -750.25235107 1482.35030158 -6360.3986073 -2445.07271094 -3339.93908295 -2005.22883419 2465.45113615 4166.32229574 -3848.38590802 -2106.75035516 2263.62269309 -301.346578748 -1998.5318316 -1675.58470981 5592.60188485 6601.05756036 3700.12208285 160.182281738 8469.28717489 -3038.00656146 6640.6954309 66.4618585646 193.165276583 4215.25952736 107.732287741 1377.329654 -2222.80463453 -5189.07343398 2089.22520736 1188.53801603 883.148218383 3680.2180994 -1461.46284349 1389.45240013 -947.28622684 834.811684305 -791.602281021 2477.8552261 -1047.0435919 1749.42667373 2022.8931266 -997.581520354 559.671738297 -5306.70967531 919.768981662 -344.090244474 -292.890367983 1925.87117972 866.86908337 3274.57568781 -639.595146953 -142.393517622 1263.33941852 4241.43566095 -901.765072134 363.728005445 -9841.21592003 -143.838339607 -2603.39494678 -1467.30426755 539.446383749 1327.40620936 -2337.98588892 454.689301206 113.161515744 -106.620985028 7008.46090374 -470.726675625 -193.619661589 3392.5414777 3106.80351879 -711.925024552 -2347.5616044 2590.83044373 698.525253976 318.740708103 1007.13187209 4944.38159028 3941.3578293 -1115.6020209 -694.088620021 -2821.64482905 931.692885276 -1376.63822136 8193.46983604 6982.04566436 -1676.43536179 -7737.67508679 -839.568093929 517.941294686 -1690.46219953 852.785746744 3139.91928533 1772.64683927 574.302564562 198.738624643 -1968.62457504 -1809.65912168 1359.73965326 1873.36524658 -867.456287729 2622.27831893 619.202584465 6128.52751012 -1538.21495946 -1981.54016701 -5051.07049665 -6408.23133415 -1891.13128012 -1618.43960521 628.447441019 2118.07037318 754.272335767 2178.38905102 -573.446621703 301.17673671 4096.70446646 10054.3944702 -1103.41340669 -373.068139099 1691.84587161 -101.962077317 3064.58675453 -678.992953619 -893.770972076 1019.45520709 1628.98286833 -1753.13676506 1662.12251709 1700.10471939 2736.32017177 1705.1083101 -3351.04122354 1436.78737674 -5049.2495012 11282.6780369 -196.573188272 -625.866203558 3490.02249297 1452.4048714 -799.301110323 183.945501389 713.844420228 -2487.80553467 -3295.53995213 3614.87851409 -300.670598427 -1783.62740714 930.101635185 304.321149746 -38.9343403162 964.755880951 -9363.4953683 -7027.30760581 4201.38830959 498.97885182 -154.672444467 -1367.16558462 -94.8716812119 -4042.57764626 -7242.30857922 2554.90381155 -139.179428336 -889.131140888 -789.816584778 -134.713471039 -1963.32075629 -5668.31826938 577.91837936 -2593.15158037 681.533682795 839.810604458 -4560.51389715 2371.47494641 -1762.00056201 -2759.94068534 -1484.67948381 2444.66773433 -1523.81350996 -2192.02768526 -1726.64286158 107.027548188 -289.463053292 -2799.1056364 -1080.66517024 -1993.2997667 583.019259232 1363.0688163 189.28958383 -1252.28617007 122.190996678 -945.985805796 2989.9750139 2.66097833657 -2135.38792588 -6901.11266774 210.328361451 1660.71193676 181.846674558 -229.079678972 48.1751118647 -2640.92163925 -3244.18862409 -196.489573726 -2270.11238271 -2098.4317952 984.072608124 1418.42962008 1429.5902054 3159.02604187 -2728.9172747 7395.6685528 2086.49528335 -204.44134215 -4436.92121845 307.981285534 -2170.76866942 507.216089591 -1766.72685698 -952.797753699 -712.676304309 -2202.25855319 -3440.74544622 -159.652361088 -2977.11995785 36.0076924896 4133.55425972 -304.462656005 -1532.49230936 -2518.50676754 1214.78860528 -1044.30389354 -4019.90888531 1355.59699222 1298.51734114 1328.69958835 1511.7323788 2284.78723173 -615.869199945 1864.67731689 -128.096402674 1616.72236688 4580.58526433 1966.51309781 -509.711426068 210.328361451 1760.56958399 3935.03868143 2893.03463824 3145.81222913 -1644.58890808 2493.21826659 -2512.45373133 -1760.93500071 -2928.3557873 -719.547654515 17.1738394999 2579.32003141 -1545.389652 -1125.27369836 -2261.50120808 -1593.89053437 2393.12768288 -2058.63843942 1701.03700445 -619.853903776 2541.68853955 4262.83418207 522.442666624 -3746.76025761 1577.82114509 -171.827814023 -1164.73507968 1054.43704895 1500.7361162 -2363.14550922 -1968.58072036 -109.761489806 -8556.44733111 2375.57509208 -163.796431264 -3511.93312729 139.94280601 3891.67538827 -1145.68140041 2501.63074886 -1457.3135637 991.200909856 -6955.64985285 -1731.57143038 -1140.4849935 -775.481307403 1612.31601994 2960.43759785 2319.80148073 -1183.18010762 -4935.64351764 4222.98361482 -1360.14487893 -8034.14814233 -1078.28463169 688.992765769 76.1344829069 -2409.73940324 -471.957275394 -3744.45032029 -2170.21844604 -2278.88964291 36.0076924896 568.437335507 -132.289588405 -66.763824628 476.97506409 -2543.49679583 685.765627064 -4975.84294612 -3970.8110533 -1147.6723659 3804.36851107 141.661085163 705.676462068 -2317.22407772 -1961.93338608 2881.09085473 -1635.12315229 2668.94741706 1199.47335432 -210.034574633 122.050832811 -697.261066535 -2095.28644034 281.463503542 -988.412680163 2118.87529111 -33.8999722991 -4671.28721742 1662.9746613 7655.19458657 4870.54919111 953.146239524 -1022.22073398 -1971.90625407 1667.06851009 1229.95109416 2236.1526933 -3503.00327734 3291.36308486 6468.57469064 -643.775244746 5960.52297079 2430.06981442 951.834197384 -2950.96960718 1370.98529013 -1191.3177728 817.572677238 758.486812893 210.328361451 -413.153564363 355.737399148 -2344.26982206 2569.74379241 282.878635415 855.424468394 2997.99422678 -166.293894699 -2605.12668538 1754.47379485 -3201.81320187 -225.761162094 2075.56711974 1569.81002977 487.834097308 260.626159911 -638.042197786 3196.89777916 -383.868965045 -1602.04681114 567.857346645 -108.600059566 886.29197004 546.741017653 -1497.10964942 148.428200063 -834.83352914 2606.52454669 -1873.44734441 2136.92035189 -464.080960863 2763.19210381 2259.2854057 -122.672649254 82.5206277467 861.619428259 -2289.62213971 -1207.59085372 505.473564873 -687.704563488 595.935653077 198.621250724 -394.632227034 -1903.90933574 -284.036609833 169.984325034 -1696.92766898 -464.919315236 -2371.72503117 2322.54702274 1001.41377055 -4922.67925535 -1667.58421667 2510.74938738 -2877.90561193 4171.94336585 882.599260977 -545.332497632 677.554818664 -1165.93412675 -1956.24812908 -1015.01925117 -2188.54127297 -744.962654887 3930.18855627 -3154.72900691 -3774.72632313 210.328361451 1470.61006496 -491.679045227 -622.761531336 -106.143166671 669.553683093 -14.7448756491 -509.39925319 561.031984502 266.832626853 -2078.93405315 508.54761201 2480.64229005 -490.094268036 -3266.30997989 -474.466242031 69.1503105964 1940.8026272 -3.59996683799 1379.09573917 -215.829708964 -1864.38393646 640.031643536 -531.982824225 -129.254098594 -2.21981440525 1384.27394273 1509.09431168 -2862.46969323 36.0076924896 -4162.16642463 3190.73562645 675.53351652 1031.85083349 1922.41534808 -1543.64637044 1801.90674493 -1370.72552985 261.828611939 -625.320175889 5433.06692743 2221.63937776 -143.422497938 3727.47248321 5599.29171797 240.135894675 1035.97604051 2475.60165984 -486.786859221 -581.14194576 777.509772791 -654.501999955 -676.832498929 -2290.13455914 487.834097308 2090.43278865 -1168.9088325 946.168956564 -1524.76355288 -1548.19961507 -2818.97867003 -2021.17660334 -3244.15744944 576.740752612 2609.4987632 2212.41518035 1405.70096434 -739.006535084 6508.92558628 -420.340024843 788.621606786 -8093.93365541 1682.10812468 1388.1978016 323.451044155 -1603.94536737 -4370.11921486 -493.672679332 -2633.22166726 717.671530425 2078.07741258 1870.22114492 1643.46557139 5586.97990296 3940.22824846 242.703193317 -1767.88646506 -1849.64148173 1232.49486237 714.890960542 2681.71330372 -1068.50010318 805.907645706 -993.132941605 -6444.35932468 487.834097308 3209.05231677 -1541.01702352 6058.30867331 -2436.02827995 -3433.92967208 -4421.90334395 -1375.3205302 1774.61932466 1370.28192075 505.317530198 -304.794777202 -1950.26828469 1584.13920207 -4448.58221806 4995.72847167 3672.90855272 -1462.65858512 -196.573188272 3915.80125345 -2499.2885375 1348.35397647 1741.85827632 3717.60997585 -937.945902738 664.822499043 -1072.7525583 -568.893181956 1075.82861874 -2695.87835868 4427.21689879 -1302.06009081 -1090.11290202 -694.158822178 -194.944328551 -1632.71061172 -4392.49970705 1428.38981872 -283.755582516 1901.00800079 -1127.44785974 -471.514665143 823.685428558 -48.0647405368 -534.17254063 -65.2769929405 9.63470919104 -1153.91124246 -931.344122737 -274.317174739 676.959858351 1247.68023496 1154.83111223 -1277.5390973 797.94484858 2861.13969436 -774.633648585 3117.89110387 -1208.87740477 -1677.27818713 2910.46380741 513.948729358 9.63470919104 -4844.58005158 1666.97534429 -982.566739348 13.6808295669 -1859.42888844 -1130.99039918 2206.89208294 740.115778101 36.0076924896 2800.46635433 -1333.47088802 802.077338642 -5868.68479385 -114.212743515 -1131.86567042 1067.14027357 9.16297667127 -772.296625153 -406.836437903 3789.33464868 1116.45157466 2472.06327882 2357.15331602 149.190554836 261.828611939 -3153.57464099 1021.9405489 -1539.07779167 -568.267642532 958.491110398 1610.28394029 1675.64486161 273.629273507 36.0076924896 -2574.42523881 -877.755654169 -196.573188272 799.595335784 -90.923832368 -283.755582516 423.862116294 -14.7448756491 -262.68316578 -581.14194576 7746.69392739 875.030281394 -446.79995279 299.603685235 -381.538365761 9.63470919104 2377.27603855 -55.5814871752 -877.755654169 -65.2769929405 -2693.35408898 883.050844685 -3.59996683799 -166.293894699 -106.598041553 -183.116843636 -777.50116242 -322.335117977 2944.88436393 1071.45008165 1358.94435837 3574.01283058 -52.2783799186 1553.25736164 -3290.70959281 -1578.42788385 -1746.26496983 1615.62638115 -1563.83000915 -623.984096472 1216.23419132 357.886483186 -1192.49135205 -5173.90756832 2890.77072858 -1257.01553817 6558.67136133 -1825.86926868 2784.65061359 589.738468297 -2074.98988037 1005.46374783 1664.69982834 -129.688084983 2139.64910217 1411.98237086 620.388592775 -526.515039786 2999.93397351 2697.86862905 1350.43705888 1925.40675619 361.845050178 -1395.48548939 39.9750684931 -5621.66615794 -2619.49306969 3277.34055184 -2132.04731388 -3280.67562793 -6829.88727514</DataArray>
        <DataArray type="Float64" Name="HydrostaticPressure" format="ascii">-247.986730151 -237.908279343 0.134346024182 -165.729742409 -339.069600221 64.879241635 -69.4874904637 -70.1094538169 1256.88242905 -388.986434138 -524.006091605 1040.71238821 1516.60148633 -517.481782621 20.7871270281 148.777714086 1408.66550564 1225.19669113 -324.371888769 257.474397514 1855.39035389 134.268877656 -431.052011862 -316.557685862 -551.185723457 -492.477499733 -490.14397926 119.016311007 938.499916837 693.625283633 -428.95818638 203.208948361 -106.175438798 -773.181418613 1488.40618904 1886.1130932 -430.15789715 -1503.08164595 -204.160014341 -361.919690547 201.634363183 -868.564653425 -783.088352063 1166.56593332 838.270665511 71.6062544975 -477.270777467 -468.282468808 149.022222043 -84.7067779703 -301.643539425 -715.427922959 476.484788688 1253.2159426 -945.498461349 -362.11840478 -318.184127457 -1461.61707246 528.523906225 740.161395945 1506.99184464 -130.020044936 -430.228269385 -1246.96663619 732.269860012 -786.555168718 -88.799252081 146.155779049 254.966434199 472.415905176 -35.3649987149 1807.54652525 -1447.84812383 -853.907224402 100.370330823 -422.986364927 680.835257547 26.427183907 -437.669319434 555.130304459 2277.73872358 -1176.26797437 -1179.80776445 430.632718892 -618.81470308 -646.010593846 60.6103277623 510.226840597 484.364404575 30.1165215999 1126.73391869 -36.3456815429 -1476.58874287 -564.426465667 230.736654369 593.349189693 521.583159002 97.614375989 -354.908098934 -2069.32350653 1481.21915112 -344.702058274 -1038.73983725 1418.54515247 1056.54323164 197.934941668 -133.008428015 1370.1485625 206.55545277 340.864576994 728.766633423 -158.449959138 -696.565690474 -438.559647714 357.278727781 -16.4975760409 224.974188563 806.845564234 -1129.97919905 -669.279112854 -861.781360377 -54.3485639246 2720.01327214 375.472184331 -1149.41465765 -2802.68414284 -525.719889416 689.998752042 -2652.67663327 2194.72886493 -712.54216093 121.56234104 -729.590725948 75.5213600966 -369.570160029 -1263.10808901 271.33427131 -659.723994233 447.895415217 786.744036774 149.433803603 -299.985374526 452.893793362 565.540551736 -669.533747268 -27.9738485594 -2240.98950334 27.1604981903 359.422017683 100.254565748 394.411222112 1552.0805767 110.97044222 824.977712485 293.195735904 305.872273219 -1949.79969192 -152.130220137 230.87783013 -422.173744519 -1786.07996053 677.445005524 789.714903666 633.797614063 -421.357648042 115.893046658 3550.00161501 367.220407008 1132.56004399 999.963332571 -38.6204121377 -2549.10049909 340.826192243 65.5900026622 363.64410915 949.154135598 -80.3535011617 -349.684970691 -366.157850557 1101.2494356 -886.812056346 -63.3041292764 1323.79533045 1119.56417514 1427.29221743 1262.46347776 727.132320819 -1108.16210408 -633.723617317 781.247254066 -592.960385616 146.789686828 77.6585516436 -1065.16389706 90.8570468348 -100.031832258 602.321073046 346.249723832 440.342398495 330.049929067 18.5354372212 1194.4356308 52.1872072584 -3112.2657654 -221.577153987 656.610550546 -298.995071851 -1185.4914209 -59.4548978482 154.063962689 250.084117023 -494.116767194 2120.1328691 815.024236981 1113.31302765 668.409611397 -821.817045382 -1388.77409858 1282.79530267 702.250118387 -754.540897695 100.448859583 666.1772772 558.528236604 -1864.20062828 -2200.35252012 -1233.37402762 -53.3940939127 -2823.09572496 1012.66885382 -2213.56514363 -22.1539528549 -64.3884255275 -1405.08650912 -35.9107625804 -459.109884667 740.934878178 1729.69114466 -696.408402452 -396.179338678 -294.382739461 -1226.73936647 487.154281162 -463.150800045 315.762075613 -278.270561435 263.867427007 -825.951742032 349.014530633 -583.142224576 -674.297708867 332.527173451 -186.557246099 1768.9032251 -306.589660554 114.696748158 97.630122661 -641.957059905 -288.956361123 -1091.52522927 213.198382318 47.4645058742 -421.113139507 -1413.81188698 300.588357378 -121.242668482 3280.40530668 47.9461132023 867.798315594 489.101422517 -179.81546125 -442.468736452 779.32862964 -151.563100402 -37.720505248 35.5403283428 -2336.15363458 156.908891875 64.5398871962 -1130.84715923 -1035.60117293 237.308341517 782.520534799 -863.610147909 -232.841751325 -106.246902701 -335.710624031 -1648.12719676 -1313.7859431 371.867340299 231.36287334 940.548276351 -310.564295092 458.87940712 -2731.15661201 -2327.34855479 558.811787265 2579.22502893 279.85603131 -172.647098229 563.487399843 -284.261915581 -1046.63976178 -590.882279755 -191.434188187 -66.2462082145 656.20819168 603.219707227 -453.246551085 -624.455082193 289.15209591 -874.092772978 -206.400861488 -2042.84250337 512.738319821 660.513389002 1683.69016555 2136.07711138 630.377093372 539.479868403 -209.48248034 -706.023457728 -251.424111922 -726.129683672 191.148873901 -100.39224557 -1365.56815549 -3351.46482341 367.804468896 124.356046366 -563.948623871 33.9873591057 -1021.52891818 226.33098454 297.923657359 -339.818402362 -542.994289443 584.378921686 -554.04083903 -566.701573131 -912.106723924 -568.369436701 1117.01374118 -478.929125581 1683.08316707 -3760.89267895 65.5243960908 208.622067853 -1163.34083099 -484.134957133 266.433703441 -61.3151671295 -237.948140076 829.268511557 1098.51331738 -1204.9595047 100.223532809 594.542469048 -310.033878395 -101.440383249 12.9781134387 -321.58529365 3121.16512277 2342.4358686 -1400.46276986 -166.32628394 51.5574814889 455.72186154 31.6238937373 1347.52588209 2414.10285974 -851.63460385 46.3931427786 296.377046963 263.272194926 44.9044903464 654.440252096 1889.43942313 -192.639459787 864.383860125 -227.177894265 -279.936868153 1520.17129905 -790.491648802 587.333520669 919.980228446 494.89316127 -814.889244776 507.937836653 730.675895087 575.547620525 -35.6758493959 96.4876844307 933.035212135 360.221723414 664.433255567 -194.339753077 -454.356272101 -63.0965279433 417.428723355 -40.7303322261 315.328601932 -996.658337967 -0.886992778855 711.795975292 2300.37088925 -70.1094538169 -553.570645586 -60.615558186 76.3598929906 -16.0583706216 880.307213082 1081.39620803 65.4965245752 756.704127569 699.477265067 -328.024202708 -472.809873361 -476.530068466 -1053.00868062 909.639091568 -2465.22285093 -695.498427784 68.1471140501 1478.97373948 -102.660428511 723.589556474 -169.072029864 588.908952327 317.599251233 237.558768103 734.086184397 1146.91514874 53.217453696 992.373319282 -12.0025641632 -1377.85141991 101.487552002 510.830769788 839.502255846 -404.929535093 348.101297848 1339.96962844 -451.865664074 -432.839113714 -442.899862785 -503.910792933 -761.595743911 205.289733315 -621.559105631 42.6988008912 -538.907455628 -1526.86175478 -655.504365936 169.903808689 -70.1094538169 -586.856527997 -1311.67956048 -964.344879412 -1048.60407638 548.196302693 -831.072755531 837.484577109 586.978333572 976.118595767 239.849218172 -5.72461316664 -859.773343802 515.129884001 375.091232788 753.833736028 531.296844791 -797.709227626 686.21281314 -567.012334816 206.617967925 -847.229513184 -1420.94472736 -174.147555541 1248.92008587 -525.940381698 57.2759380077 388.245026561 -351.479016317 -500.245372066 787.715169741 656.193573453 36.5871632687 2852.14911037 -791.858364028 54.5988104213 1170.64437576 -46.6476020035 -1297.22512942 381.893800136 -833.876916286 485.771187902 -330.400303285 2318.54995095 577.190476794 380.161664501 258.493769134 -537.438673315 -986.812532616 -773.267160244 394.393369206 1645.21450588 -1407.66120494 453.381626312 2678.04938078 359.428210564 -229.664255256 -25.378160969 803.246467746 157.319091798 1248.15010676 723.40614868 759.62988097 -12.0025641632 -189.479111836 44.0965294684 22.2546082093 -158.99168803 847.832265278 -228.588542355 1658.61431537 1323.60368443 382.557455301 -1268.12283702 -47.220361721 -235.225487356 772.408025907 653.977795359 -960.363618244 545.041050763 -889.649139019 -399.82445144 70.0115248777 -40.6836109371 232.420355512 698.428813446 -93.8211678472 329.470893388 -706.291763704 11.2999907664 1557.09573914 -554.324887099 -2551.73152886 -1623.51639704 -317.715413175 340.74024466 657.302084691 -555.689503364 -409.983698054 -745.3842311 1167.66775911 -1097.12102829 -2156.19156355 214.591748249 -1986.84099026 -810.023271472 -317.278065795 983.656535727 -456.995096709 397.105924268 -272.524225746 -252.828937631 -70.1094538169 137.717854788 -118.579133049 781.423274019 -856.581264135 -94.2928784717 -285.141489465 -999.331408928 55.4312982331 868.375561793 -584.824598285 1067.27106729 75.2537206979 -691.85570658 -523.270009924 -162.611365769 -86.8753866369 212.680732595 -1065.63259305 127.956321682 534.015603714 -189.285782215 36.2000198553 -295.43065668 -182.247005884 499.036549806 -49.4760666877 278.277843047 -868.841515564 624.482448137 -712.306783962 154.693653621 -921.064034602 -753.095135235 40.8908830847 -27.5068759156 -287.206476086 763.207379902 402.530284573 -168.491188291 229.234854496 -198.645217692 -66.2070835746 131.544075678 634.636445246 94.6788699443 -56.6614416779 565.642556326 154.973105079 790.57501039 -774.182340913 -333.804590183 1640.89308512 555.861405557 -836.916462459 959.301870642 -1390.64778862 -294.199753659 181.777499211 -225.851606221 388.644708917 652.082709695 338.339750391 729.513757658 248.320884962 -1310.06285209 1051.57633564 1258.24210771 -70.1094538169 -490.203354986 163.893015076 207.587177112 35.3810555569 -223.184561031 4.91495854971 169.799751063 -187.010661501 -88.9442089509 692.978017718 -169.51587067 -826.880763351 163.364756012 1088.7699933 158.15541401 -23.0501035321 -646.934209068 1.199988946 -459.698579722 71.9432363214 621.461312155 -213.343881179 177.327608075 43.0846995314 0.739938135084 -461.424647577 -503.031437225 954.156564409 -12.0025641632 1387.38880821 -1063.57854215 -225.17783884 -343.950277829 -640.805116026 514.548790146 -600.635581642 456.908509948 -87.2762039797 208.44005863 -1811.02230914 -740.546459252 47.8074993128 -1242.49082774 -1866.43057266 -80.0452982251 -345.325346836 -825.200553281 162.262286407 193.71398192 -259.169924264 218.167333318 225.610832976 763.378186381 -162.611365769 -696.81092955 389.6362775 -315.389652188 508.254517628 516.066538356 939.659556678 673.725534446 1081.38581648 -192.246917537 -869.832921067 -737.471726784 -468.566988113 246.335511695 -2169.64186209 140.113341614 -262.873868929 2697.97788514 -560.702708225 -462.732600534 -107.817014718 534.648455789 1456.70640495 164.557559777 877.740555755 -239.223843475 -692.692470861 -623.407048305 -547.82185713 -1862.32663432 -1313.40941615 -80.9010644389 589.295488354 616.547160577 -410.83162079 -238.296986847 -893.904434574 356.166701061 -268.635881902 331.044313868 2148.11977489 -162.611365769 -1069.68410559 513.672341174 -2019.43622444 812.009426651 1144.64322403 1473.96778132 458.440176732 -591.539774886 -456.760640248 -168.439176733 101.598259067 650.089428231 -528.046400689 1482.86073935 -1665.24282389 -1224.30285091 487.552861708 65.5243960908 -1305.26708448 833.096179167 -449.451325491 -580.61942544 -1239.20332528 312.648634246 -221.607499681 357.584186099 189.631060652 -358.609539579 898.626119561 -1475.73896626 434.020030269 363.370967339 231.386274059 64.9814428504 544.236870574 1464.16656902 -476.129939573 94.5851941721 -633.669333596 375.815953246 157.171555048 -274.561809519 16.0215801789 178.057513543 21.7589976468 -3.21156973035 384.637080819 310.448040912 91.4390582465 -225.653286117 -415.893411653 -384.943704076 425.846365765 -265.981616193 -953.713231452 258.211216195 -1039.29703462 402.959134923 559.092729043 -970.154602471 -171.316243119 -3.21156973035 1614.86001719 -555.658448098 327.522246449 -4.56027652231 619.80962948 376.996799726 -735.630694312 -246.705259367 -12.0025641632 -933.488784775 444.490296008 -267.359112881 1956.22826462 38.070914505 377.288556806 -355.713424524 -3.05432555709 257.432208384 135.612145968 -1263.11154956 -372.150524888 -824.02109294 -785.717772005 -49.7301849452 -87.2762039797 1051.191547 -340.646849633 513.025930557 189.422547511 -319.497036799 -536.761313431 -558.548287202 -91.2097578358 -12.0025641632 858.141746271 292.585218056 65.5243960908 -266.531778595 30.3079441227 94.5851941721 -141.287372098 4.91495854971 87.56105526 193.71398192 -2582.23130913 -291.676760465 148.933317597 -99.8678950784 127.179455254 -3.21156973035 -792.425346184 18.5271623917 292.585218056 21.7589976468 897.784696325 -294.350281562 1.199988946 55.4312982331 35.5326805175 61.0389478785 259.16705414 107.445039326 -981.628121311 -357.150027217 -452.981452788 -1191.33761019 17.4261266395 -517.75245388 1096.9031976 526.142627949 582.088323278 -538.54212705 521.276669715 207.994698824 -405.411397108 -119.295494395 397.497117349 1724.63585611 -963.590242858 419.005179391 -2186.22378711 608.623089561 -928.216871198 -196.579489432 691.663293456 -335.154582611 -554.89994278 43.229361661 -713.216367389 -470.660790286 -206.796197592 175.505013262 -999.977991169 -899.289543016 -450.145686295 -641.802252062 -120.615016726 465.161829796 -13.325022831 1873.88871931 873.164356564 -1092.44685061 710.682437961 1093.55854264 2276.62909171</DataArray>
        <DataArray type="Float64" Name="PrincipalStress" NumberOfComponents="3" format="ascii">-2151.41718796 1182.28540997 1713.09196845 -1596.71497681 333.33307691 1977.10673793 -2208.53563818 -242.598356646 2450.73095675 -3315.72215263 -488.425918023 4301.33729787 -2178.59013662 -684.061923195 3879.86086048 -3817.28839297 1012.17773849 2610.47292958 -1805.02920686 -116.890104782 2130.38178303 -1345.49259259 48.5373141809 1507.28363986 -3444.05518257 -892.824942805 566.232838221 -2330.65648159 1507.92382821 1989.6919558 -1118.8887621 570.902299922 2120.00473699 -2911.49282685 -799.548944716 588.904606945 -3903.9120377 -2233.79730155 1587.90488027 -1609.52827085 1030.95823689 2131.01538183 -2170.47410948 473.088266159 1635.02446224 -4599.41992964 65.810530015 4087.27625737 -4215.84892944 -534.534106802 524.386519329 -3148.6753464 -1832.85652485 1305.94179787 -1408.65344962 -908.760394331 3290.52951026 -1725.21178463 -1133.15112307 2085.93971516 -6530.70083484 -326.817703404 1291.34747657 -2137.15684755 -418.649915022 2153.00012961 -1442.98043184 686.006785388 2050.12968204 -1611.86766072 623.21233006 1938.32838825 -1595.70462907 -75.8322779061 3325.09407734 -1672.17941048 646.217426495 2503.39448319 -1260.4943613 64.2542135594 2666.67208552 -2247.52595752 -353.036250658 2243.51327515 -3339.94209428 -361.630007775 886.072351551 -3000.61410412 -428.257432345 1347.99568557 -1428.90145612 270.137913566 2445.63810169 -3111.31747563 1034.81326134 1466.87736921 -2856.98930948 147.178796637 3028.33682923 -3376.58437145 957.962395059 4738.16623223 -3760.01846876 -1223.94665284 518.746554487 -4079.70051213 -2875.32962902 1296.69086154 -2340.86624229 460.365144167 3170.97478958 -976.451168142 1451.82637918 4033.86972682 -2004.70212842 282.313394454 2334.86877699 -2571.23126142 461.193233418 3195.79709964 -2912.70562168 288.570430954 2019.23210117 -1582.66729077 2017.10787297 2171.25337807 -1274.90833054 434.780182939 3189.39320379 -3076.23536631 -987.178463354 563.716029698 -3281.10348882 -192.920540123 959.212032412 -2567.95385045 106.677450354 2246.4576366 -1766.43713828 878.353300367 2319.89617032 -1199.34736426 364.322837148 2239.87193353 -3561.05052318 -441.979277573 3555.96313463 -2387.59778499 896.118006779 1745.60011212 -1734.15080913 240.786225032 2398.29520238 -1525.61286979 -22.0620163695 3693.95865504 -4131.65081136 -35.9915326881 2738.18797799 -3811.26717953 -1361.47970197 1413.09905371 -1052.96155607 188.626726282 3700.83021383 -1888.63510855 417.526988055 2557.46333484 -1734.39335429 572.386875897 2116.55886076 -832.327983962 545.28394268 4671.89525865 -2308.36049709 -526.677046986 1249.4658254 -2186.52394754 -1330.33609754 1296.37585724 -4011.42006903 -1862.02853527 1352.47307039 -2019.45279411 504.399891238 1905.11303768 -1583.70661539 272.802631514 2601.58879203 -1049.84694589 1400.82060834 3389.92624613 -2932.98518499 -419.149622004 1155.32522696 -3549.63579418 1415.71285735 4493.58844298 -3388.28866138 111.275205965 3543.41121166 -1701.06486619 -788.981324474 2051.57885351 -4427.03258553 141.694632666 3520.43865027 -2108.64659035 -882.117393189 1573.51626801 -2047.06150419 48.8256499283 2104.3308504 -5024.97407973 -2181.95222435 1784.28672831 -623.198867071 704.650750118 4262.09248844 -2877.53470911 865.297264173 4573.95911814 -2516.74319004 517.268832242 1698.36336533 -1513.77228974 105.8770083 2676.85437622 -2851.15179991 -409.636687241 1218.28271451 -4356.63236796 267.784707739 4009.5661085 -1381.77616456 -1192.09540617 3886.87952903 -2783.30230744 -437.675979163 1555.58737323 -3905.72989453 -2618.38823759 -309.098038624 -3069.82721583 1975.08870436 4623.54243457 -942.309850909 1013.10754975 3468.62559449 -4351.31080991 691.470149888 2367.94250335 -1539.77003307 -471.58713009 3867.8012724 -984.102180303 752.601395471 2169.53256637 -2560.86220729 444.303620621 1934.72760338 -4336.39089919 -80.7169035225 2886.42728092 -2489.1216049 -335.854133458 1371.88252464 -2302.41907341 108.651377444 2103.41813116 -3828.49423219 -729.741686757 1178.03416288 -1896.11137748 -360.718172089 2365.8665942 -1273.61978634 1681.19209208 4022.19392286 -2690.35308678 -92.7743132256 4476.406797 -2666.97215973 -280.181791057 2254.94398768 -2764.43611727 -492.811465692 1477.20001388 -2887.00372004 377.144339986 945.109903049 -1907.95571938 -219.372580832 1834.48517225 -2325.28669804 884.875964107 2505.13503074 -1388.91758306 1021.64524979 6575.24285285 -6023.0951579 -139.516426945 1718.95413149 -3460.64149602 417.773497778 4076.97417307 -2410.55697852 1473.23452065 4053.54196961 -3750.14490473 -1197.82303503 692.33248234 -2903.94248626 -1296.26715274 1030.57994409 -3445.7296496 651.982136888 2199.94268771 -1954.42566945 -199.706057849 2553.15701134 -2991.08938575 -1167.20732139 47.8510196244 -674.656888504 -489.545364483 544.535894679 -2684.73467444 -740.472361779 2402.61330524 -4121.65809876 633.665039331 1301.69315916 -2549.3662644 1117.55138932 1907.16475249 -3702.69540687 1291.14401995 4501.24845834 -4055.97606002 1278.13599548 4093.51900768 -2671.16901647 -212.956141846 1812.28897497 -1675.46472895 -819.997555852 2544.95501293 -2437.69069828 -251.912664036 2014.68079662 -3609.5235401 -99.0848129468 1288.07166035 -703.846603223 -20.8315457915 4114.61574617 -1364.68563436 760.466649412 2612.05632351 -1548.45221303 645.882960883 3487.91333328 -3707.55306893 57.3644902697 3813.23427043 -5535.32403195 -2051.743331 -572.972453461 -4270.81761285 -40.2162620877 3184.61732194 -1243.01823205 874.360226501 3816.9019785 521.708952554 2770.5906789 5115.75279707 -1439.1553041 -29.1436485999 3045.45862095 -1832.11157496 -626.225228914 388.340547752 -2020.76556322 3397.5860235 6581.20943953 -6318.69560118 -651.683189012 386.192195412 -1394.83634132 678.479116901 2853.98370721 -3846.64032585 -16.1759582691 3498.12926099 -6.17383964248 344.272047688 1850.6739698 -3490.14409445 79.8889041825 3183.69110998 -1454.20974112 -823.393688754 3386.31390997 -1866.91275891 2486.10814312 3170.12888283 -2925.21504669 279.092096139 1832.12013662 -1209.72532527 540.263176098 2648.63413187 -2370.76673775 -472.657969778 1499.73846188 -2555.95525974 -895.1851556 1090.90830502 -2581.72500325 -222.128079007 2355.55167144 -3412.39228658 475.459090985 3836.88931917 -4535.85172956 -310.264606552 3487.43495602 -1290.39233477 -903.065589178 496.836268741 -2548.95078063 816.066184237 3741.4858382 -3915.61916342 234.12848769 3765.41222141 -1161.99388158 3333.57037717 4551.39201442 -2996.5573609 -436.366827442 3351.44269377 -3122.17753637 403.669866805 1640.24161651 -1697.31696246 -283.913831424 1680.46709664 -2007.83875818 -492.369981366 1316.97507321 -4065.70581733 -1144.87729981 554.341387028 -1994.02453796 -63.146608265 1724.25981957 -4859.1132272 -1020.58888208 3404.76897182 -3677.86802812 864.96371021 1933.31711019 -4599.41533709 -396.658414776 4078.45693221 -1487.45534999 827.23021856 6509.62420717 -1802.25774242 -242.927394565 2501.57579739 -2172.43897206 -1683.0528276 3162.85830927 -1057.45097969 157.997305269 2165.97490798 156.776268886 1943.9467505 3257.51686221 -4097.33283658 105.854298548 1959.14352146 -2520.11887691 -419.966183573 570.940349482 -3910.23173276 209.865958792 1798.97293178 -1805.47013181 1435.98926413 1633.5538118 -2755.0988326 626.237995076 1781.18169755 -6853.62059514 -2885.69675268 -910.687497209 -4500.61824805 -16.3292518073 3415.28627883 -3840.02641915 -587.162997658 1029.50928484 -3583.24828761 -730.985966771 1314.34425667 -3691.53985072 -328.119093778 4135.52018091 -378.348274344 3269.11196047 4756.53781113 -2758.23226918 -9.6544149481 1745.4081074 -3337.48896271 -30.863856041 3171.58281076 -2450.87629553 -831.710659416 2191.6546275 -3459.21963416 -343.032819189 954.790046557 -3943.18294475 -522.815959613 4707.05940785 -1538.24590465 260.615085118 2326.6857316 -3628.45562555 -10.8026546224 4737.73183185 -4469.47675981 -340.271539403 1505.99999241 -2983.15491615 539.360396911 5104.23068828 -2528.86401731 93.9952301879 2624.78117495 -3280.88731838 -1232.48491843 541.986245461 -5687.27707478 -292.644504886 2621.22905424 -3955.4771304 -1657.12994012 1330.73041824 -4540.73098852 -608.965044627 1362.30559988 -4706.19418385 -1066.94366272 3591.74088411 -1379.9449918 973.481674705 3730.94962935 -1549.39959524 291.640536089 3158.92991111 -3067.94816792 -433.680510777 1157.88691649 -3760.0262302 679.886488014 4859.02089904 -4480.73576115 -170.042785826 4210.40948649 -3839.47154672 -399.667862033 4006.16375382 -3035.44068479 1296.67744261 4934.25493337 -2879.06863119 336.673424099 2269.82406658 -3825.34164499 415.950928089 3709.48621367 -2330.23438769 -741.7809332 1265.05210175 -2546.66255407 214.06165498 1293.8517276 -2031.54017368 -354.643027654 1065.15600585 -4398.96325495 -136.433676864 3545.24714461 -2777.70418255 1127.28901241 1594.80885848 -3720.64201139 -1743.98883536 1881.32395435 -1736.44844849 -541.188483838 2121.07531056 735.504747347 2117.43761309 6483.85493575 -611.346676708 -5.92278518905 1282.00092386 -2647.99184617 -903.198666772 1581.35886131 -3267.50796761 -288.191909846 4452.68509301 -19.1574132823 601.255651253 2974.37602474 -2409.8021808 693.457465308 1894.70940904 -1952.71651813 -461.038609957 1951.56324002 -3380.76125511 -4.55262992155 2635.06153396 -2389.80880079 -321.379645942 4193.53874831 -4840.85541127 -1524.88887441 5.34567837886 -5114.06696876 -130.991533057 2799.98579087 -4507.1648238 -1772.03161947 2939.25736033 -2784.09114232 -1243.29180134 2022.15410947 -1667.29518518 708.041334967 3424.70498636 -562.89087643 1679.04512432 3050.16804785 -3870.5129365 -936.318676856 958.445705338 -3786.26215088 -85.3295036434 1764.84129936 -967.413723692 -252.060113696 3483.09653047 -4008.83878283 -494.739720987 4202.23192507 -1207.08102471 -642.711464569 -148.739342327 -2430.99542025 -858.005843874 1613.41655431 -1220.7197229 2546.65107325 4266.67053451 -1160.6124158 2790.89648809 4970.77348808 -1380.26432274 546.959517211 4533.42688838 -1780.15358807 29.7798868653 1910.55598294 174.711240555 1931.13346749 6363.44246684 -4870.53353907 -542.716993991 2375.2439716 -810.002351791 1803.34342887 5647.35435382 -4046.80837586 168.046831351 3945.22340307 -1623.87559542 554.311602111 1262.72926989 -1233.47785986 1449.29236826 3999.44501895 -4114.7283539 18.2207813295 4204.23986031 -4377.35413026 1435.86193465 4318.82184961 -3431.38716736 -997.705769456 2206.28830228 -6105.38591162 -357.453278292 1273.76575593 -1716.89363224 906.081010359 2900.03782924 -3670.72950587 873.35221237 3985.91530953 -4190.05680934 862.57563963 4210.62938809 -838.992888161 901.263784815 3617.94720274 -4002.11259541 -808.350204273 3348.9999562 -2256.24332339 699.783036296 2945.91268722 -4661.23883403 864.393905818 2849.55870137 -3702.71186603 606.724524559 3930.79902577 -4263.38887415 -213.260583844 3685.04717697 -1608.76360115 472.449392186 3614.16943506 -1150.63915587 -172.53535395 276.130917919 -512.88198982 339.115218747 1923.1934448 -1213.41456047 -295.095770666 3531.40345774 -1904.9229512 -1696.20183725 2603.54326809 -3969.07518336 545.747230083 3982.99969157 -3481.1407353 -2122.18141982 296.612479812 -131.970679969 333.714206769 718.025454863 -1980.18374548 -349.76525317 1985.85875417 -4262.90715496 461.658276154 3508.35851082 -2475.09098426 91.7626792521 4309.19948472 -1132.70246363 -152.101261691 2151.67280869 -1570.92296267 1083.92991527 3761.56873521 -1694.0046943 -635.516852297 1689.92639965 -4486.3830201 184.148015938 4159.84148654 -3564.32740019 1146.58676047 3681.08005824 -382.177729794 1645.50200394 2978.11138681 -4434.43865173 -119.70866654 3652.38224613 -3848.91495492 -353.291369974 4565.93433034 -7109.51806946 -2361.87724938 -369.820601192 -1553.32735797 17.8910856419 1391.59793272 -4206.46278125 -136.326081635 1739.3939161 -4391.17677482 -796.010663712 3719.88317098 -1926.70272009 -380.92938739 2847.07849123 -3126.63858416 -284.595017651 4738.63981117 -2421.66679748 -516.519605323 600.200513882 -3896.9613246 103.669366995 4247.98125882 -1938.26098724 -260.280966226 2311.70346921 -407.145581193 -151.774608604 452.299204769 -1016.90950538 778.997136679 7246.37327245 -1683.37023782 -366.358550219 1579.00211241 -3185.9235599 611.190973532 2381.11292478 -670.771037912 829.889574148 3233.42294147 -959.014460958 1004.49480271 3061.32317704 -4718.86103925 -218.963338064 4225.89935276 -3192.44607122 -314.808258517 1159.69272534 360.894059593 661.852100862 1568.08428327 -4393.08128101 630.082512431 4461.52402256 -4326.70259257 116.181605128 4529.26169555 -4392.59373262 1494.77746927 3904.94813544 -409.625930756 1486.33878448 3867.66873655 -525.983693219 982.980858083 3484.36066444 -2112.25173288 -517.80455275 1514.45426473 -1903.69032841 -356.986525768 1566.58823416 -5052.69456397 -317.068106877 2548.11784179 -2094.18848692 905.040278812 2120.84109338 -3191.1344655 332.810425599 1481.68581854 -66.8184270242 2516.13261285 5744.15565021 -1376.60183431 3261.28950635 5097.35799232 -4201.02442304 779.46474313 1745.12431811 -5751.50935547 -1682.88804236 -303.277688959 -4413.64607687 -836.732234822 4410.81021776 -4371.35639616 730.671464992 4158.62622585 -4304.32212719 -1029.49349221 3643.35341987 154.722871211 201.103546057 496.959329477 -1121.47102375 964.004343837 3297.38596525 -1598.91086359 -705.081424821 4076.63912768 -1470.4717473 -553.123433118 2597.89774498 -1824.0208581 -211.830479685 2234.58996243 -5224.58069279 -986.10231902 4242.05843677 -2437.89098071 -969.509330093 1597.74118912 -1817.64852523 687.704164967 2489.68401352 -3597.71097374 1220.88691747 4250.18930285 -4068.92826626 -370.506950222 3571.97892875 -702.898743614 434.848273667 2890.32878888 -3918.7676772 261.842821116 4276.12744055 -1734.41435433 842.186758229 7020.75510622 -2419.15948434 -774.549784553 1655.49430943 -2358.85501699 -1420.34966522 1797.66451521 -3887.46244726 -1317.13407595 153.526026554 -4540.09507315 -2319.30397094 451.167709946 -4486.18978323 -974.346157807 3569.40466092 -1878.80981793 -1466.79774632 1727.16795904 -4001.5454137 -445.143669483 5075.1365242 -1898.49586444 14.6054396088 4001.96079802 -119.034350755 206.727697748 666.578988774 -1444.57316031 291.103591686 3331.85861964 -2179.12759833 134.639855884 1471.04112074 -3660.07410937 -287.474288843 4248.72513492 -1030.94208466 1581.75365592 3545.8928952 1604.10293472 3192.37063884 5257.92089668 -3805.00052056 -91.5887656279 2793.1758795 -4073.82118726 -591.896067559 4292.64911572 -2847.71188068 -251.869535882 4791.42728817 -3850.86176455 -301.217256269 4050.1169435 -691.23327468 1071.63382536 2684.18620385 -3830.23783453 318.639229825 2832.60565108 -2106.1851788 -557.528395656 1769.94260238 -2833.81162232 -485.405662854 4338.67249226 -4242.60297938 1182.29085434 4689.29499337 -4806.57375773 106.650371751 2946.78662092 -3548.14616418 766.971419206 4443.29726206 -1644.10629632 1150.51732059 2193.69369512 -1295.79492996 820.270644309 3211.84445742 -3376.19734602 931.787852414 4149.51780371 -4241.82289781 -772.410214731 1663.191889 -3309.92743998 531.704106128 4215.0107106 -4036.56142847 -1383.13444026 370.446367527 412.994428788 2975.14376107 7894.539847 -1640.19726241 -45.3630434475 1488.98711758 -2039.98418982 -835.411467525 2249.52945379 -2459.21387243 53.6635019784 5895.57286342 -1794.7790626 138.320415168 3108.86351883 -2105.92861846 -137.982535676 1444.61004381 -280.216124097 77.9631492769 386.198476209 -101.801026129 133.708531216 681.936915141 -3157.45915577 -463.241067019 1132.89468811 -3261.75225119 -906.421052317 872.633351375 -963.387477675 -299.489098977 4877.75509074 -3680.08314814 -600.197678176 3979.61022789 -4244.62749017 -1205.08649804 3666.08658106 -3706.56798892 416.033255316 4220.63636879 -3747.24795639 379.168559553 3672.40054658 -4418.04134662 66.5466070762 4312.56039923 -4107.81163523 563.131309255 4509.43620693 -5863.63854057 -2852.01006748 -647.846760247 -4565.17245328 -2036.2995119 -425.835640634 -1241.65147008 1158.6276448 4284.41213487 -3940.48426092 -292.494845671 4731.95795841 -2253.48478905 -2.51497207284 2101.32731666 -3949.28394082 -25.7400576098 2607.85841382 -4639.21155551 1087.04371011 3457.29616419 -4818.20656365 47.0889411933 728.539976194 -4994.69692106 -3579.80037763 1332.18871947 -1765.95093033 1344.09334565 2976.76139624 -1037.69064135 -74.4598151541 972.971028172 -2718.60031811 506.136639598 1323.33253763 -4072.68970144 -912.066410682 4194.93952735 -3885.94732117 -308.460658898 4059.69450903 -4102.00178269 -1258.92678899 3397.60781539 -6794.38122638 -1432.0647315 2558.1276885 -3082.82053145 -612.374904573 4273.11381538 -3460.01022964 -436.90052004 1303.7591693 -2239.9632739 590.870232792 2330.6267239 -1416.30066279 252.324196464 2003.78707079 -3916.58401174 -1137.0191211 493.089235696 -3772.97721302 1962.4078541 4182.04430532 -4273.01709808 -1336.53168991 3847.54822598 -2995.96860248 -200.250834176 436.278751317 -3032.94140642 -131.842158582 1680.10408119 -1086.78469478 120.963813596 3410.48861552 -4709.70562721 -1643.8606277 4829.75274495 -3189.94362914 -388.81334044 1386.72928432 -4249.65376825 -1153.53601933 3676.546926 -4119.72249732 -89.7734181022 4316.52346361 -2362.42874156 67.4452836425 2005.52040463 -5844.89629784 148.139406791 2897.65125464 -2440.52500635 -329.615575897 1689.475412 -4622.67937508 -1418.4149859 4047.79459428 -1459.15007709 -175.505079238 2217.67441556 -4508.68667557 1351.73085251 4520.02463936 -4021.41632432 65.6364476665 4145.06946048 -3164.72498321 307.865430932 1604.57338221 -4583.60734267 889.460726983 3816.33761237 -1971.176287 -378.725076242 1403.91555744 -780.020543357 1074.83392394 2695.16163331 -2434.159879 362.976298892 2073.84455844 -2883.14875995 -365.757539536 1113.51837361 -6447.14057207 -1330.85065786 876.878562187 -1345.49259259 48.5373141809 1507.28363986 -3177.55533233 344.244372658 4494.02289643 -3979.09524282 -14.4110007308 4175.3529181 -2904.5530813 1089.96238605 1585.51101628 -1661.26247301 -333.261427723 2042.6990126 -3115.06078878 -664.44788049 1138.58703002 -4869.47233436 -1649.08636898 3274.37007924 -1427.95622439 196.213562603 1035.25308807 -3430.87193917 -1022.92777526 2183.68733173 -2821.54004137 -332.790653076 1055.89889925 -3278.75505167 276.853856542 3985.97380326 -1620.17712238 449.861765859 2588.74497661 -3517.12304728 558.904680164 4387.80857251 -2935.36571008 462.254903779 5632.13684816 -2987.54067704 -650.44335216 909.066754494 527.923127742 1777.49950189 5090.24592316 -1804.76886162 813.213639983 3078.05050498 -1881.59845823 -654.476770041 2331.63388612 -3400.96652984 -1359.92007887 323.96539026 -1580.31470779 -4.43404131341 1892.73003464 -4685.74882445 -652.216790613 3167.19694564 -4833.17868802 1029.20034118 4311.19443644 -2649.84667734 -451.624235547 1334.74405591 -3989.35160751 212.463573109 2824.0902807 -3996.75408239 -1444.48345219 4728.56123028 -4654.61694188 -996.830652666 3449.18904135 -3516.77630984 -480.054959103 556.085822723 -3639.85112864 -1101.57127272 4581.77004027 -5188.91329411 -329.880364025 2541.67370029 -1919.19584055 8.30946749759 1946.89406554 -1381.94021715 1508.41101015 4007.08346672 -4342.59684889 11.7777304281 4026.35646245 -3188.88388995 -189.957277782 1846.34885837 -5137.59870886 -108.72887346 2727.82081479 -3482.13968295 687.18991598 4009.73837225 -3093.1736045 -9.2128840684 2058.08259502 -3269.27899465 -1490.49333759 739.863446937 -948.815744989 299.740055491 2004.67268172 -1858.1894395 -87.636807272 3244.34358791 -4269.34497621 1243.74302273 4354.30154184 -1851.93884414 489.791273574 2873.87994936 -2827.48066786 1073.8414659 4038.42643369 -5132.91652829 822.063095064 3694.98423328 -2593.23401068 34.2843418114 4423.62698576 -4772.92854494 904.53511784 3740.29702442 -3518.01388743 667.868382149 4466.86787217 -476.898984462 1210.96151073 3846.52273807 -4069.45917607 1052.10384846 4983.86842542 -4019.75685093 -179.702538359 3689.74796322 -1345.49259259 48.5373141809 1507.28363986 -3039.31628207 337.688811055 4462.197055 -1511.02406022 670.003288885 4776.05945277 -1092.19916148 697.362244078 3287.87155564 -1260.25572635 1372.38085606 3033.68709942 -4592.74276482 -382.278855784 3330.43271253 -1089.19216796 207.52994614 3374.88048841 -3582.18453617 -615.04939903 1684.78020388 -3258.63998846 -304.588628011 1802.29361576 -2809.97906973 -1144.10478785 1025.72807028 -3336.14236914 -818.869618853 3435.46433348 -4103.86422486 516.993979383 3604.04408498 -3083.54724972 698.173040705 4964.69424042 -4790.93655886 -59.1359947012 3304.68290156 -2476.90295203 -2.48960594171 1354.11885961 -2929.69249551 -740.518351516 1408.70963895 -4762.91795395 -434.404411185 3603.43183076 -1163.363717 638.521733694 2917.96966619 -4835.65449984 -399.602069513 3176.61812993 -3566.75637386 379.013166016 4888.78021229 -4457.78414892 282.462545887 3555.46769926 -1419.6682626 -540.830504001 4502.18730615 -2503.1360237 533.125258923 6232.84494684 -4557.25191311 547.65146068 4532.04311906 -4848.2107025 -1441.89903624 2543.34948112 -4077.33804497 1384.09932178 4271.05986828 -3405.17398728 151.261118973 3082.08505428 -3984.88778571 -1054.7540602 3874.90676623 -1552.24013509 233.08522731 2373.59195673 -3347.46071625 1075.74239337 3772.45443907 -1961.75069749 -1497.02824183 1095.63343009 -4612.67393448 -754.174855439 3398.26806956 -4277.49602676 712.221832399 3455.51270456 -7327.46658596 -1334.79006213 105.809316979 -1558.11805604 1086.00434974 2847.68879838 -4233.01544829 379.755352203 3689.46366482 -3658.12523906 -471.884692101 618.07680387 -3895.08714891 315.960062611 3719.0698923 -481.500414408 731.069541314 3642.10626137 -2810.63424922 -658.874745824 2323.82759464 -888.889960087 -450.046947548 3840.56765649 -4856.83838799 197.658171091 3201.86665319 -1565.52179621 -107.545145762 2664.26785183 -5172.06725334 -2209.39240708 425.80980757 -4675.90705975 -973.839121314 3918.17475069 -4450.6057351 -909.435270665 4219.55601226 -4589.10177776 782.340516117 3031.27995424 -3764.29806757 759.219447087 4617.39464042 -1119.29925387 443.077666713 3636.65918501 -1337.25876562 -1204.41701147 4861.47725782 -4344.50910656 -923.521659483 4084.85065842 -3859.30996344 -1261.64157152 185.308017319 -296.97598279 802.484945311 3717.4746523 -4401.37855158 -367.074753584 3408.30842623 -5545.11842756 -3192.61075039 703.581035628 -2759.29623451 171.786450853 1509.22515196 -3827.1889348 23.935773974 4492.24592659 -3755.75971529 -486.516368994 4318.41056719 -4535.43232994 -1606.19726398 3731.89019069 -4349.8621318 -156.132071259 4034.03692766 -5217.78118689 -1224.04075203 2697.37161863 -5027.78520262 -842.613257734 3700.18001432 -3776.22492218 104.303396327 1393.03188294 -1919.19584055 8.30946749759 1946.89406554 -3629.878683 683.668261365 3514.64775714 -3602.52735753 -529.764153446 4000.00192257 -1778.84648835 -432.267512254 2144.35017597 -562.052056438 -144.311250354 1183.33837088 -4945.50418156 -432.030239943 2834.03762567 -2037.0142254 385.006932175 2337.77292029 -4334.56556355 -1225.76610716 584.48872459 -5977.79579398 -1358.15823406 3365.14297474 -2866.54228592 -581.940844931 2300.81076495 -2275.39849512 -93.3841128074 6173.151119 -4269.14531091 -465.623413622 4876.42980969 -3598.80469827 616.38594595 3688.09521439 -4383.02771812 -1768.42336935 3834.22700975 -3161.8671285 -1183.08183741 2383.01557983 -1314.59265424 198.876769326 3996.80673964 -4908.79117097 -1694.51095341 4968.17897209 -800.952189873 660.859779821 2809.03982711 -2198.32897025 947.550289641 2450.25203493 -2277.55302953 221.11686822 1846.40158667 -3778.29188007 321.206323495 3579.13638939 -4539.53161518 -285.663848839 4127.93439748 -4475.85254979 -570.477587566 2951.04369702 -2156.56696748 231.790943545 2206.23952747 -4810.65337638 317.540625824 3504.70007039 -1044.4629489 641.232324753 2522.10591526 -2225.10472441 -47.8066380192 2239.01139013 -4063.34877188 -2109.56947504 1501.6310295 -3493.38350669 89.2470546116 5067.11111338 -136.497681358 1034.0683249 6757.62394302 -250.436375904 1135.97411454 3985.01145247 -3377.00557263 50.8315232101 4279.32028894 -2235.34522987 -353.091674523 1566.21617041 -3931.71780789 815.064512022 1144.74704179 -2114.48473384 343.979786683 3437.57345725 -1414.42145567 493.555265749 2150.81728408 -1672.71351737 -270.042720401 4178.90893108 -3611.98392019 -877.096743812 986.077386665 -746.562276467 626.044655754 3411.88070557 -1166.18875944 271.097184208 7363.66626587 -5039.36650086 582.639848933 3812.95140718 15.2880384402 1227.82916686 4717.4057655 -2700.60296251 388.767047474 4741.90572945 -3515.82633614 -542.99851589 5010.65904942 -4849.42644874 521.426031416 1377.03081014 -3222.03878352 161.336680741 4431.6873929 -4140.41658812 -403.434464028 3352.53327934 -2941.57472531 109.274872701 3649.87252985 -4211.06067794 263.439636901 4706.10785393 -1345.49259259 48.5373141809 1507.28363986 -4690.61218897 579.337380337 3698.12124427 -4024.59620858 -363.902364713 4744.23597244 -4379.25095516 -1692.73665651 3727.71778962 -1305.63193461 -874.902872328 4750.27859935 -3881.71845543 -656.651475518 4821.24856637 -3355.31735171 -198.505137027 4409.24695714 -2437.33356579 1231.76660981 4203.56118276 -4011.52051233 -38.3755141614 3883.60213179 -4334.80809241 276.993653951 1452.68775308 -3605.39463127 1121.72331713 4238.14510899 -3439.50736864 -1038.04088459 1275.73505136 -4386.33859976 -697.095581444 4857.67301911 -882.367957361 892.903193083 2065.03188402 -1717.2614082 406.714689726 2880.35674825 -1520.10629091 112.577099379 1895.36328884 -3993.04535565 -515.741002212 4769.41251778 -4271.68374839 -592.663642849 4226.30519345 -904.099964481 440.843751433 3660.1539922 -5095.13999723 -171.715458116 4882.98649031 -4259.3395873 837.400201188 1819.89257497 -4476.81534136 1223.16767558 3821.50501242 -3880.94496688 -474.618080886 4246.9629882 -3769.53670755 -173.122735892 4828.95141348 -4220.66607991 199.249474914 4568.15762265 -2584.37764266 -497.978587467 1585.24658071 -4389.60586287 -857.072311499 5395.10637443 -4885.20407952 -115.762068453 4166.13261883 -1184.87081106 1137.62813455 2653.7672232 -4837.17035734 68.1248227108 2895.59819022 -3180.25479495 839.833133375 4477.34201346 -4788.29188102 342.380295496 3981.83062467 -3012.85082171 1621.50747077 4154.53545474 -3054.21038047 798.871776295 4514.62400988 -4839.9532261 562.969795333 4154.31078151 -4669.84886123 357.185791086 4395.18369789 -3464.58332639 454.631431283 3871.57132337 -5508.97626035 -318.076264944 3537.43038559 -4873.37632887 306.733017465 3359.05245769 -3777.90725482 -678.858739481 4962.23955917 -4267.61821707 -1192.92336986 4772.83702345 -4455.21136796 240.532942028 4810.61407901 -2274.81167583 582.083257479 1891.34966907 -4506.18022624 422.810924906 3688.7370743 -2414.245698 -1029.80696032 1540.14332259 -4506.10897135 35.8414257015 4186.23093582 -4550.53304245 264.152786262 4456.36458122 -2456.32876485 -2053.48501498 2812.88611085 -1964.91045319 -568.480846955 2068.4719849 -3321.05684922 -213.290688314 1162.62250637 -1318.562298 -622.815405101 4263.92472584 -4314.82684681 493.418202186 4822.82241517 -3866.36726095 -1204.00341255 147.691418155 -3831.75817443 -2008.96879441 4173.14275216 -3081.70565966 901.237721151 4691.21732589 -3007.19052007 -587.719359033 717.004267176 -287.979018885 1030.18605187 3429.73633286 -4442.1271604 737.195752027 4587.53066935 -4096.43177048 -417.603377403 3968.70265026 -4137.83329632 225.769728288 4589.6183867 -3325.47901382 -1688.01348204 3847.55836911 -2195.32156075 -1003.71155454 1242.78498621 -2217.35209331 -261.069234585 1463.40207672 -2058.35725469 -857.492641705 727.308623418 -3937.15726032 988.829082433 2203.365523 -514.761846239 832.946855415 3612.0035471 -3408.60174701 -799.158867682 1053.03160777 -3302.98251692 -808.374446424 336.630640214 -1345.49259259 48.5373141809 1507.28363986 -3704.24259334 318.907889015 4855.94476928 -4235.18846327 -1099.62139052 4843.13080857 -3903.71575434 -1154.62581953 4435.58004253 -4184.00453516 -472.115459636 4549.97682812 -3858.28518606 331.559954865 4196.27891429 -3849.16913557 -3.40266361134 3837.82692353 -3813.8399791 929.241963751 2375.19876216 -4382.78014073 408.088971322 4535.72315391 -4558.79689728 324.343067688 4501.28645645 -3602.63302152 312.852975426 1210.84599294 -4024.70844784 427.617472056 4105.63858779 -3441.3761348 1312.07831483 4609.94011002 -2892.0775543 -570.350935088 2972.33422135 -3819.61086076 -743.641419087 1296.94229996 -2928.16029529 -441.602450692 2895.29650395 -3940.23350835 1232.19988516 2777.18393378 -3490.39352698 112.517246879 5318.67890731 -3800.189355 -0.830761577997 3797.42014974 -1512.81247453 -854.474944038 3746.38315774 -2085.10054595 -234.918727384 2104.18956437 -5256.32700273 -658.991555422 4050.93462169 -4425.68763191 898.812658651 4166.9066168 -4191.92025977 951.404172347 2708.5332632 -3318.72905953 -81.7995711114 3271.27453205 -4539.92840677 -241.398144008 4779.10673637 -2054.26463574 -993.410585904 4431.94916438 -4257.96555579 1270.7817153 4496.27815217 -3072.28289789 -912.909964659 1122.72316932 -1919.19584055 8.30946749759 1946.89406554 -5930.11359454 -1273.63372561 3041.58089552 -3367.66979045 1946.4479192 4611.9574977 -4670.33817541 412.332590191 4933.53910173 -4481.6051699 50.7390181683 5462.71698522 -4100.73262658 1031.35608476 4991.79188989 -4442.92380425 -652.46989323 3551.74732705 -2953.84343983 241.281046252 4514.4691385 -4539.05575126 2.2637581633 3166.06646325 -3626.18627671 60.4219873706 3827.59290128 -4157.73034819 -204.314464732 3736.72463703 -2526.04684487 2113.95842438 5845.15534792 -1154.83860484 316.424441607 3060.05354099 -4937.24656121 284.610299021 4509.21376425 -1698.78125695 -36.4013963154 5462.65513648 -2630.45484599 2879.8810065 5349.86555746 -3922.78945393 -144.054273176 4306.97962178 -4529.52407302 886.339303626 4679.1608099 -3340.63558716 678.099525897 5138.13772111 -4670.2091892 75.0496102112 4108.37271977 -3967.54790909 -134.109679791 3520.51564312 -4079.90235602 100.23606324 4757.17606557 -4417.38391919 -1255.33216743 5018.21408667 -4550.54367038 -177.067144855 4050.77831631 -5063.83717962 -422.061196953 3195.76381743 -1520.10629091 112.577099379 1895.36328884 -3581.92926373 987.604573711 4684.75747867 -4404.64863185 -1092.26519328 4328.00499263 -2173.95872645 64.238370021 3055.88931299 -4968.95756345 103.285400012 3340.90861055 -4677.13883438 -797.396341171 3926.33556048 -2971.88414506 -698.021140272 850.926615299 -2999.09581634 -278.91202014 1256.83123314 -4931.5384479 -1380.01152093 3067.39251938 -4099.03287238 145.880311458 4529.89331354 -940.107321171 520.215278474 3029.3908059 -3695.15505008 684.73394031 5222.83629013 -1537.03282322 327.456135815 2615.27765175 -4791.12401613 -689.319083996 4741.43656504 -2528.76591755 2870.41526429 6167.27623953 -4572.79591647 -194.897465439 4347.35335706 -3941.63479206 93.274672467 4636.98172638 -6903.90512237 -904.303557879 -285.724975159 -3806.61676648 957.43147627 4531.29341488 -3728.17838862 84.8799428714 5031.49624735 -1716.29323093 -43.7639020803 2083.50817716 -5274.14526141 27.8306655904 3642.36922845 -5462.33014872 -2047.84539264 3140.05632649 -5001.64160639 280.740606641 4227.22832042 -5640.1072251 -1379.98122384 4386.86678167 -2153.06754183 1308.76516636 1561.9739059 -3032.6946384 256.479699223 4854.29235176 -1854.76480617 314.831092814 3410.15485827 -4172.88456672 353.872738881 5462.47739923 -2380.0876229 1785.89888629 6181.16863957 -3063.64555552 1523.11153273 5480.76227125 -3510.38995172 -170.748646212 3923.84179125 -4906.28402001 -994.646735711 4133.04429066 -5163.88908734 -752.427482758 4066.67508837 -1752.47957739 377.14447467 2607.82996509 -4148.03746925 76.3657183499 4786.56271144 -3469.31496814 1421.82789608 4729.20037578 -5488.57351071 -195.11295778 4615.1863653 -3936.65712405 221.893517508 4520.67125225 -4957.79232858 17.7602870991 3946.89909988 -6031.67557364 -2690.31102715 2277.62727612 -1520.10629091 112.577099379 1895.36328884 -3172.39986044 1523.06686337 4858.38531385 -4490.80998398 -649.857462685 3599.65042314 -2609.9551335 2882.63147297 5785.63233384 -5143.34407877 -756.256105691 3463.57190451 -5183.52753366 -2257.01226904 4006.61013062 -5145.77023326 -1853.87115512 2577.73804443 -4811.48077934 -61.1694626197 3497.32971176 -1857.50724905 157.958412548 3474.16816116 -3267.13012421 389.310737921 4248.10130703 -3885.63406404 -669.829394028 5060.78098827 -3925.60193634 -527.094252848 4147.90141198 -3777.74542213 -346.80840449 2174.28554192 -1556.42449526 387.868591755 2752.69510557 -5295.44877601 -2623.24302759 3470.10958554 -2681.17666934 1487.02391772 6189.88122329 -3750.63758659 1818.27091548 5605.27522383 -4972.35437745 -561.227918613 4070.92371094 -1640.19726241 -45.3630434475 1488.98711758 -3904.80682794 2426.19966952 5394.40841187 -5512.47077132 -425.876161092 3439.05839491 -1896.6494263 1122.18965076 2122.81375201 -3224.84993009 -236.560807065 5203.26901348 -3635.6550029 1745.75560906 5607.50936969 -4489.94861026 -37.7157804489 3589.71848797 -4609.24868301 909.918925138 4364.15225691 -4602.80494618 -995.296745838 4525.34913372 -4938.71364674 197.168798413 4172.65166637 -5024.59603488 276.813576179 5823.61107744 -6061.28238366 -741.581362923 4106.9853879 -2472.04047703 1690.00037129 5209.25700452 -4457.17536676 -226.40605745 3381.5213334 -5004.02971389 348.534179118 3565.38263275 -5439.67547918 -155.070141803 4900.58679881 -4120.55839475 -808.256461504 4733.8705277 -5365.21029014 -743.775427168 4476.27510558 -5595.1307344 -1439.76938937 2642.40041672 -3873.29585603 690.219724397 4611.46595035 -4040.23992739 -65.4820575038 3821.96640238 -1109.05655204 66.0304713021 2944.03408152 -5162.68079901 -466.63114928 4501.86408856 -5534.80409123 -191.108090103 5254.39751619 -1819.31517912 318.189732572 2324.81087511 -3824.29619128 -828.993625749 4605.22507649 -4866.03514159 -188.978405304 4520.84100626 -4201.6092541 -15.0639214478 4151.39618261 -4232.31703178 2.2233944287 4239.72834654 -5541.55342954 -225.718379159 4613.36056624 -4919.30308666 -591.495870749 4579.45483468 -3854.36734639 -370.992762831 3951.04293448 -4833.03334503 743.085117895 4766.90808548 -3594.87126279 -63.8035295742 4906.35502732 -3777.34401621 190.900257063 4741.27487138 -4849.19289494 -770.22361326 4341.87741091 -4093.36314004 447.463344263 4443.84464436 -3602.19321394 2126.69840084 4336.63450746 -4737.76185979 -244.395156323 4207.52336753 -3125.30462935 1035.14173455 5208.05399867 -5534.4558264 -114.078818813 4439.65724044 -5508.76393476 -342.872016875 4174.35776451 -872.826900442 601.072165907 3182.21854195 -4170.41873055 -253.161775388 4937.5292353 -4232.31703178 2.2233944287 4239.72834654 -6056.08577041 -1703.12795127 2914.63367011 -4345.05655657 999.158576829 5012.87332403 -5517.62312436 -584.858823865 5119.91520887 -4652.25002119 4.62874944758 4661.3021013 -5826.97473543 -450.147704473 4417.69355146 -5301.0285798 -663.799138407 4833.83731903 -3603.46896804 443.574108745 5366.78694223 -3917.82544046 61.6297780959 4596.31144047 -1919.19584055 8.30946749759 1946.89406554 -4043.04423965 532.26588253 6311.24471144 -5690.56214823 -185.72003222 4542.81129242 -4405.85530682 -9.75388094928 5217.68652641 -5913.97219854 -2656.72108243 2702.00848712 -5283.97972714 80.6788281645 5089.08815546 -5743.74830118 -560.402066523 5172.28469729 -4870.77025886 289.39485669 5648.51567574 -3721.45038168 -295.182657118 4025.79601547 -4787.67677982 -36.4223727226 4051.80252739 -5505.533344 71.2749207619 5027.42198533 -3412.50344943 1193.07828221 6008.7598159 -3895.10840288 282.453554236 4729.10642331 -3249.23535826 702.708483903 5018.59015318 -3380.69785318 662.078189923 5075.77297927 -3684.62941861 34.4285895774 3799.39138387 -3626.18627671 60.4219873706 3827.59290128 -5020.43177329 -1729.6928327 3596.54996501 -3978.42486059 456.595832936 4543.76957655 -5325.88682656 -889.517209096 4676.32624399 -5048.17976853 -395.939073725 4875.85119972 -4024.95115659 76.4672536847 4906.9750133 -3877.76846948 920.596238026 4567.45617174 -4147.90395227 114.755358619 5708.79345526 -3888.83687367 63.1452169633 4099.32093021 -1919.19584055 8.30946749759 1946.89406554 -3015.90068697 -724.115904786 1165.59135294 -4132.26970127 -202.558997116 3457.07304421 -1640.19726241 -45.3630434475 1488.98711758 -3955.26313526 242.449891254 4512.40857979 -4364.55218754 250.896377231 4022.73197794 -4040.23992739 -65.4820575038 3821.96640238 -5297.35282699 366.13027991 5355.08466338 -3849.16913557 -3.40266361134 3837.82692353 -4493.68022454 -198.801437918 4429.79849668 -3967.54790909 -134.109679791 3520.51564312 -2113.34507012 3478.88144887 6381.15754864 -3967.96934047 416.605013457 4426.3946084 -4212.16616894 16.3416082061 3749.02460794 -4134.79819618 311.015797325 4123.3860841 -3954.34417942 -1019.67104094 4592.47685459 -4232.31703178 2.2233944287 4239.72834654 -3754.493895 1344.19916138 4787.57077218 -3477.54279022 -136.055692312 3558.01699535 -4132.26970127 -202.558997116 3457.07304421 -4201.6092541 -15.0639214478 4151.39618261 -5171.58043291 -933.031010126 3411.25735406 -3849.62495749 514.979996163 4217.69580601 -3800.189355 -0.830761577997 3797.42014974 -4011.52051233 -38.3755141614 3883.60213179 -3837.3087458 -24.5995480506 3755.3102523 -4716.03408307 -186.456782472 4719.3740219 -4402.82943415 -462.628732308 4087.95700404 -4038.75521964 -74.3850272255 3790.80512889 -3702.29016189 1909.36263025 4737.81189558 -1867.42130865 1359.42077839 1579.45061191 -2109.70442652 1585.72544771 1882.92333717 -1442.64886101 204.008209585 4812.65348201 -3838.87665963 -898.079192361 4684.67747207 -3282.88772638 311.235844286 4524.90924373 -5574.48776548 -181.549667179 2465.32783985 -4721.78849013 -291.824014968 3435.18462125 -4045.01139312 271.446274165 2027.30014912 -3015.23906102 72.7706411477 4558.09480102 -4416.85672811 -391.925268338 3244.95198731 -3546.8636391 -1393.92877856 4316.80832118 -3227.84671815 349.319180102 4094.76172937 -1891.32096444 -70.0966344678 2319.3040821 -2405.01056162 -761.211439818 1973.73064939 -3436.02262342 -1143.67417656 -594.210768341 -48.7303287874 325.95818591 2613.54287145 -4545.40618999 217.869808783 3070.52084303 -1070.55922759 2686.51594874 4942.71464017 -4717.72724787 -198.564919491 3090.42289868 -2537.92093296 -28.7838022891 5351.35534884 -3244.75568784 -775.524060197 4610.01821634 -4518.63517517 264.805926687 2178.83936812 -2003.27924268 912.614837193 2096.12815332 -1875.31949781 -403.548578001 3943.56790415 -3497.08869176 -539.059036641 3906.45964341 -1967.29923838 458.807992647 3648.1403479 -2111.15131482 -81.7476140266 3604.88129971 -2225.40614699 -912.962512644 3758.75725241 -4075.69725544 -218.775877712 3767.95809337 -2535.45354474 -133.461933872 5668.84945212 -1695.39562829 1708.0437295 2685.22052784 -2864.90798262 -278.703374449 4494.04841595 -1772.76894217 603.688801874 3094.48689649 -2180.94733457 161.531295812 2381.26108894 -5099.2204137 270.958521855 3432.77640246 -4056.42088419 -178.187609066 4274.58356175 -4418.07380033 -1938.31353658 734.721178965 -2671.43993145 -1568.36056371 1620.30742546 -2831.83825699 1208.2984889 4900.88031993 -5108.74161385 -959.925322589 3936.61962256 -3477.45420731 -1097.89120164 1294.66978102 -4835.75398337 -2627.57376607 633.440474302</DataArray>
        <DataArray type="Float64" Name="PrincipalStrain" NumberOfComponents="3" format="ascii">-3.77503800186e-08 1.64222871979e-08 2.5047893773e-08 -2.86230865158e-08 2.74019435717e-09 2.94515163487e-08 -3.58871927276e-08 -3.94071190273e-09 3.98258894399e-08 -5.57449445823e-08 -9.80138076996e-09 6.80322714884e-08 -3.92166227225e-08 -1.49305392544e-08 5.92332059802e-08 -6.13010449174e-08 1.71777797188e-08 4.3150076574e-08 -3.01134588791e-08 -2.68119847043e-09 3.38369697065e-08 -2.2652985985e-08 0 2.37046277922e-08 -4.18259693899e-08 -3.68477993761e-10 2.33412109479e-08 -4.224926521e-08 2.01276648244e-08 2.79563968977e-08 -2.40770109147e-08 3.38209384318e-09 2.85550084456e-08 -3.5603744069e-08 -1.2846559843e-09 2.12777142302e-08 -4.63768038915e-08 -1.9237439429e-08 4.28652210256e-08 -3.19765044558e-08 1.09314012949e-08 2.88073299002e-08 -3.50363491e-08 7.92153950414e-09 2.68030026904e-08 -7.30668245732e-08 2.74317039621e-09 6.80919884657e-08 -5.2660058165e-08 7.16130770288e-09 2.43687678775e-08 -3.73825116038e-08 -1.60004557537e-08 3.50050169905e-08 -2.6539802305e-08 -1.84165401565e-08 4.9821920793e-08 -2.51381045282e-08 -1.55171187779e-08 3.67931073434e-08 -8.52507470849e-08 1.5562353801e-08 4.18575379755e-08 -3.32182738991e-08 -5.29253624548e-09 3.64967769797e-08 -2.82977671509e-08 6.29827512911e-09 2.84652721997e-08 -2.97541234527e-08 6.56592639753e-09 2.79365623431e-08 -3.21310396112e-08 -7.43311390487e-09 4.78319393679e-08 -3.27132872924e-08 4.96066130854e-09 3.51397884798e-08 -2.59971531378e-08 -4.46998879634e-09 3.7819301623e-08 -3.51833633108e-08 -4.39790557435e-09 3.77960242201e-08 -4.37159349677e-08 4.68163643806e-09 2.49567997771e-08 -4.09566947511e-08 8.44101165272e-10 2.97082143313e-08 -2.80454282588e-08 -4.36038501325e-10 3.49158395558e-08 -4.827280831e-08 1.91018161658e-08 2.61228579188e-08 -4.76205499655e-08 1.19718175888e-09 4.80159997886e-08 -6.35677869955e-08 6.86859796031e-09 6.82969103144e-08 -4.43557304907e-08 -3.14456348196e-09 2.51742011371e-08 -4.50763610235e-08 -2.55053341731e-08 4.22899987985e-08 -4.28783527802e-08 2.64165724978e-09 4.66890639877e-08 -3.27769999993e-08 6.68251014476e-09 4.86407145439e-08 -3.48732097482e-08 2.29079249853e-09 3.56448174647e-08 -4.58541045167e-08 3.42279352438e-09 4.78601063505e-08 -4.50630797664e-08 6.95765608881e-09 3.50809082299e-08 -3.54896958261e-08 2.30066505848e-08 2.55115150427e-08 -2.9527004332e-08 -1.74456598796e-09 4.30178956009e-08 -3.68649579526e-08 -2.91778327964e-09 2.22842522325e-08 -4.38873867063e-08 6.29558621e-09 2.50177405137e-08 -4.09236797066e-08 2.53907893134e-09 3.73105069578e-08 -3.40738997436e-08 8.90394488446e-09 3.23290165211e-08 -2.47575724433e-08 6.52068329566e-10 3.11297411458e-08 -5.61905710037e-08 -5.50566326258e-09 5.94609009357e-08 -3.97514152583e-08 1.3608966358e-08 2.74130505698e-08 -3.1573440467e-08 5.19286338242e-10 3.55788072201e-08 -3.28397732674e-08 -8.40707189929e-09 5.19782640111e-08 -6.17788718119e-08 4.77559146655e-09 4.98560085151e-08 -4.78344123131e-08 -8.02536580276e-09 3.70615389769e-08 -2.77474829762e-08 -7.57167338809e-09 4.95016332845e-08 -3.47641525677e-08 2.71098150212e-09 3.74849471373e-08 -3.17634634411e-08 5.72171529943e-09 3.08145100535e-08 -2.99685218045e-08 -7.58232799658e-09 5.94751058879e-08 -3.15649641326e-08 -2.61260806849e-09 2.62497136077e-08 -2.72041984431e-08 -1.32911458806e-08 2.93929233845e-08 -4.82319178695e-08 -1.33043054461e-08 3.8931345646e-08 -3.42788334099e-08 6.73377272709e-09 2.94953613568e-08 -3.05753005306e-08 -4.07025268473e-10 3.74357498398e-08 -3.10883875279e-08 8.73496022838e-09 4.10579268424e-08 -3.94229733309e-08 1.42685456757e-09 2.70120708632e-08 -6.65303273034e-08 1.41565882838e-08 6.41720665504e-08 -5.60586823333e-08 8.0923051102e-10 5.65814406035e-08 -2.59980515612e-08 -1.11766940084e-08 3.49824088839e-08 -6.90709071302e-08 5.17091016556e-09 6.00755004516e-08 -2.89508281599e-08 -9.0197287061e-09 3.08843182883e-08 -3.36626056786e-08 3.95560575792e-10 3.37975200835e-08 -6.13209303864e-08 -1.51218252366e-08 4.93295577442e-08 -2.6415272983e-08 -4.83771670366e-09 5.29707115441e-08 -5.63663952975e-08 4.45462426829e-09 6.47203793952e-08 -3.97679106165e-08 9.5347847457e-09 2.87275709084e-08 -2.93573963137e-08 -3.03809522056e-09 3.87402870082e-08 -3.86718201011e-08 1.00280047973e-09 2.74564907581e-08 -7.04979701604e-08 4.64880731972e-09 6.54527550821e-08 -2.73776425177e-08 -2.42953301939e-08 5.82380125032e-08 -3.89834465708e-08 -8.67018736234e-10 3.15235107401e-08 -3.78435501458e-08 -1.69242482206e-08 2.06017175127e-08 -6.31177069688e-08 1.88621767342e-08 6.18995498501e-08 -2.85853724273e-08 3.19016033343e-09 4.30923285605e-08 -6.58641825735e-08 1.60810080232e-08 4.33236837669e-08 -3.1982928447e-08 -1.46249562736e-08 5.58901052668e-08 -2.32592796107e-08 4.96215349563e-09 2.79872850227e-08 -4.09321446811e-08 7.90180002242e-09 3.21211897423e-08 -6.47263001552e-08 4.42840227448e-09 5.26444952717e-08 -3.49991265282e-08 -8.53011722195e-12 2.77421905768e-08 -3.70754990748e-08 2.10439575146e-09 3.45193554994e-08 -4.95372746878e-08 8.17454175449e-10 3.1818811732e-08 -3.12206988014e-08 -6.27055921381e-09 3.80364432384e-08 -3.73079448852e-08 1.07077481391e-08 4.87490278892e-08 -5.00680353988e-08 -7.85738032867e-09 6.63918127125e-08 -4.0742510234e-08 -1.95716674302e-09 3.92386271614e-08 -3.82469085215e-08 -1.33300793344e-09 3.06796786096e-08 -4.10459999119e-08 1.19964060635e-08 2.12258464633e-08 -2.99061187101e-08 -2.46664270864e-09 3.09085457789e-08 -4.17786249562e-08 1.03865183037e-08 3.67157281365e-08 -4.58498001732e-08 -6.67815413929e-09 8.35678069104e-08 -8.12115808658e-08 1.43965735122e-08 4.45967200868e-08 -6.0113322466e-08 2.9109211833e-09 6.23729321568e-08 -5.085737407e-08 1.22542377915e-08 5.41842338371e-08 -4.49812217366e-08 -3.50599135394e-09 2.72090358034e-08 -3.53029540458e-08 -9.17822987614e-09 2.86330354474e-08 -5.37663387122e-08 1.28214778182e-08 3.7975836769e-08 -3.32557619437e-08 -4.74156825521e-09 3.99924566191e-08 -3.31910311902e-08 -3.55294764444e-09 1.61917503971e-08 -8.63942559454e-09 -5.63136332919e-09 1.11724571322e-08 -3.97922119685e-08 -8.19794938773e-09 4.28771927013e-08 -5.87783194788e-08 1.84956815151e-08 2.93511384623e-08 -4.32097638369e-08 1.63776480362e-08 2.92088651877e-08 -6.80051643795e-08 1.31447263064e-08 6.53089234302e-08 -7.08434070121e-08 1.58359138898e-08 6.1585887838e-08 -3.938711083e-08 5.58848382537e-10 3.34690815308e-08 -2.74118995759e-08 -1.3510558013e-08 4.11699212296e-08 -3.70815142257e-08 -1.56262116925e-09 3.52695225665e-08 -4.9577744929e-08 7.46688438724e-09 3.00081770783e-08 -2.41497732917e-08 -1.30507786084e-08 5.41502398859e-08 -2.9705531578e-08 4.82819303333e-09 3.49165252375e-08 -3.4857388766e-08 8.00557810107e-10 4.69835513616e-08 -6.08591587142e-08 3.20751622731e-10 6.13536355504e-08 -5.93488662076e-08 -2.74067981721e-09 2.12893469428e-08 -6.5176724135e-08 3.57054781479e-09 5.59740935553e-08 -3.31299611694e-08 1.27743878205e-09 4.90937422521e-08 -2.3052426128e-08 1.34919019252e-08 5.16007863454e-08 -2.93006224475e-08 -6.38793304568e-09 4.35743538344e-08 -2.20093271327e-08 -2.41367400938e-09 1.40730198614e-08 -6.26800525266e-08 2.53681607576e-08 7.71020412681e-08 -7.79881037888e-08 1.4100847909e-08 3.09663229059e-08 -3.06821898569e-08 3.00918633918e-09 3.83611359317e-08 -6.11403289583e-08 1.10471701483e-09 5.82121768278e-08 -8.30822056111e-09 -2.61347489198e-09 2.18655563423e-08 -5.58652262338e-08 2.14780999405e-09 5.25845958383e-08 -2.77885725936e-08 -1.75378117426e-08 5.08699367366e-08 -4.45472983337e-08 2.61892913243e-08 3.73046283446e-08 -4.44822339564e-08 7.58775711449e-09 3.28244627723e-08 -2.70799314707e-08 1.35738167647e-09 3.56184097077e-08 -3.34861360673e-08 -2.64186858771e-09 2.94095734268e-08 -3.2683402557e-08 -5.69588836479e-09 2.65781303702e-08 -4.02719010123e-08 -1.92845099332e-09 3.99588449515e-08 -5.88262101203e-08 4.35137476508e-09 5.89746159731e-08 -6.861253543e-08 5.32553188522e-11 6.17658732107e-08 -1.4606544233e-08 -8.31248461712e-09 1.44359205741e-08 -4.8952704842e-08 5.72882083709e-09 5.32668902139e-08 -6.39435172019e-08 3.48988212868e-09 6.08732428016e-08 -4.40935324882e-08 2.89593867164e-08 4.87489883218e-08 -4.838850151e-08 -6.78540534129e-09 5.47664993784e-08 -4.6691887267e-08 1.06031330345e-08 3.06974239672e-08 -2.64535367754e-08 -3.48573589597e-09 2.84354541851e-08 -2.81902535717e-08 -3.56388594842e-09 2.58379711884e-08 -4.86068130437e-08 -1.14334963393e-09 2.64689540271e-08 -3.11544812669e-08 2.22285090666e-10 2.9267639543e-08 -6.96795906766e-08 -7.30357006828e-09 6.46084950576e-08 -5.6466903428e-08 1.73541123198e-08 3.47148550696e-08 -7.1299436154e-08 -3.00463616639e-09 6.97159882221e-08 -4.61063959713e-08 -8.49275548245e-09 8.38461468325e-08 -3.09981532908e-08 -5.65903513822e-09 3.89391417311e-08 -3.2704757707e-08 -2.47522328596e-08 5.39938231146e-08 -2.19330330459e-08 -2.18199841522e-09 3.04476376289e-08 -1.75457851866e-08 1.14957351397e-08 3.28412494549e-08 -5.89604022823e-08 9.34138866354e-09 3.94573385359e-08 -3.20676390835e-08 2.05984218318e-09 1.81620733453e-08 -5.64110424991e-08 1.05405449886e-08 3.63635332996e-08 -3.40791631823e-08 1.85945520017e-08 2.18049759013e-08 -4.34665592548e-08 1.14801641949e-08 3.024799936e-08 -7.14338165021e-08 -6.95505406215e-09 2.51388463392e-08 -6.90038169519e-08 3.86587923697e-09 5.96296316098e-08 -4.96591288163e-08 3.19990178293e-09 2.94708263735e-08 -4.69781971823e-08 -6.28934468612e-10 3.26076816623e-08 -6.04220022107e-08 -5.76641491044e-09 6.67677233032e-08 -3.48255400728e-08 2.44456887429e-08 4.86163588162e-08 -4.09869797115e-08 3.67741041983e-09 3.2197176408e-08 -5.34963081141e-08 2.36349869283e-10 5.22761082049e-08 -3.57357435745e-08 -9.42430198757e-09 3.97053839248e-08 -4.55343350297e-08 5.10370071365e-09 2.6193322282e-08 -6.49806997403e-08 -9.39973623178e-09 7.55857384895e-08 -2.89304518708e-08 3.01039212892e-10 3.38746872183e-08 -6.3081679734e-08 -4.29481895638e-09 7.28688664487e-08 -6.02399411963e-08 6.85964363519e-09 3.68615560272e-08 -5.84529030213e-08 -1.21202918409e-09 7.29671130506e-08 -4.18062117356e-08 8.15251036194e-10 4.19405226385e-08 -3.84217214561e-08 -5.13518245693e-09 2.36999739563e-08 -7.98231554948e-08 7.83962376594e-09 5.51900691018e-08 -4.82194659229e-08 -1.0871324081e-08 3.76814067425e-08 -5.95841644387e-08 4.30703214955e-09 3.63401801228e-08 -6.82954168783e-08 -9.15759590996e-09 6.6546027976e-08 -3.48909297877e-08 3.35225354302e-09 4.8161107806e-08 -3.23071341175e-08 -2.39023198337e-09 4.42032203607e-08 -4.10651261204e-08 1.74172330812e-09 2.76046940013e-08 -6.7771230579e-08 4.37735109205e-09 7.22882852712e-08 -7.11605721419e-08 -1.11181129286e-09 7.00705381323e-08 -6.15177539282e-08 -5.62094405205e-09 6.59738197056e-08 -6.13090049698e-08 9.0879146005e-09 6.81985488253e-08 -4.57627234799e-08 6.49308491851e-09 3.79067828588e-08 -6.32871598439e-08 5.63384446854e-09 5.91537928592e-08 -3.10901967282e-08 -5.27782809273e-09 2.73332087252e-08 -3.74879571106e-08 7.37381128654e-09 2.49203999665e-08 -2.80586758392e-08 -8.09097216302e-10 2.22626370781e-08 -6.77700911909e-08 1.49601445297e-09 6.1323327802e-08 -4.49291692978e-08 1.85269701205e-08 2.6124167619e-08 -4.70230318385e-08 -1.49024177281e-08 4.40089151046e-08 -2.76301812063e-08 -8.20720678071e-09 3.50545798782e-08 -2.30610377163e-08 -6.0462864804e-10 7.03496528453e-08 -1.24271264789e-08 -2.58898824168e-09 1.83397720303e-08 -3.56429988066e-08 -7.29010964141e-09 3.30839501899e-08 -5.6460699032e-08 -8.04681309332e-09 6.89924382031e-08 -1.3648086451e-08 -3.56637415232e-09 3.49968319169e-08 -3.98281530389e-08 1.05998162105e-08 3.01201602961e-08 -2.99984238394e-08 -5.75865783156e-09 3.34461222306e-08 -5.2123924079e-08 2.73946608029e-09 4.56331962433e-08 -4.43932066437e-08 -1.07812328775e-08 6.25861910291e-08 -5.48124056557e-08 -9.27949431849e-10 2.3938362051e-08 -7.39345655763e-08 7.04041025385e-09 5.46687917677e-08 -6.07166568258e-08 -1.62707422553e-08 6.02877036664e-08 -3.77218729345e-08 -1.26838836435e-08 4.03796124071e-08 -3.63389885197e-08 2.26022993266e-09 4.64060142678e-08 -2.4770685351e-08 1.16607746611e-08 3.39415221685e-08 -4.84643880631e-08 -7.83731343836e-10 3.00061898668e-08 -5.36264461199e-08 6.51370939765e-09 3.65789849464e-08 -2.42090581091e-08 -1.25845619466e-08 4.81117335211e-08 -6.40135805508e-08 -6.90947079573e-09 6.94163184528e-08 -1.2120572283e-08 -2.94956693074e-09 5.07748005569e-09 -3.32202329173e-08 -7.65915230116e-09 3.25014616693e-08 -4.08089525654e-08 2.04108228721e-08 4.83611391176e-08 -4.36139176082e-08 2.05981020801e-08 5.60211033299e-08 -3.63047530553e-08 -4.98736565601e-09 5.97927291256e-08 -2.95281793627e-08 -1.16760394957e-10 3.04458511663e-08 -2.89207692468e-08 -3.78908059126e-10 7.16461131804e-08 -6.77536454044e-08 2.57337345314e-09 4.99902391439e-08 -3.80651460825e-08 4.40172285329e-09 6.68669003837e-08 -6.60098680773e-08 2.48152903984e-09 6.38606483302e-08 -2.71123482128e-08 8.28319374712e-09 1.97949808486e-08 -3.58512384503e-08 7.74377775663e-09 4.91837583304e-08 -6.72683318299e-08 -1.07908382425e-10 6.7914901651e-08 -7.62969908192e-08 1.81677702356e-08 6.50158688536e-08 -4.74245240901e-08 -7.87720137416e-09 4.41877022915e-08 -7.97534956864e-08 1.36504096052e-08 4.01577189113e-08 -3.57341160515e-08 6.88922189074e-09 3.92910201976e-08 -6.41063720304e-08 9.73495589089e-09 6.03141062197e-08 -7.14002289707e-08 1.07050483251e-08 6.51109217376e-08 -2.74344523054e-08 8.44718630503e-10 4.49908241718e-08 -5.95538440124e-08 -7.65520515636e-09 5.99017349513e-08 -4.18744005055e-08 6.16102783931e-09 4.26606346669e-08 -7.21928077023e-08 1.75987243202e-08 4.98576522479e-08 -6.32996116391e-08 6.72872970794e-09 6.07449403527e-08 -6.63115606511e-08 -4.96975933631e-10 6.28505251796e-08 -3.54343656165e-08 -1.61465447483e-09 4.94382962218e-08 -1.47714728132e-08 1.12271396792e-09 8.4135408858e-09 -1.48946823611e-08 -1.04972772184e-09 2.46915434515e-08 -2.73038358324e-08 -1.23811554981e-08 4.97994569634e-08 -2.72140672556e-08 -2.3822349154e-08 4.60485088078e-08 -6.65962407482e-08 6.76962347024e-09 6.26249759694e-08 -3.66683756662e-08 -1.45852867897e-08 2.47201140793e-08 -5.59365723073e-09 1.97372217876e-09 8.21877996028e-09 -3.08876474472e-08 -4.39334694723e-09 3.35605431721e-08 -6.81739023882e-08 8.60028586744e-09 5.81091646808e-08 -4.74422454182e-08 -5.73087338608e-09 6.28024747028e-08 -2.16571740966e-08 -5.72240456511e-09 3.17139240786e-08 -3.78071569727e-08 5.33420229387e-09 4.88458331179e-08 -2.51290944813e-08 -7.92866704875e-09 2.98597857953e-08 -7.23697483855e-08 3.52638095007e-09 6.81313998473e-08 -6.26578430726e-08 1.38945120382e-08 5.5080028127e-08 -2.21157718377e-08 1.08340238354e-08 3.24889263071e-08 -6.86780090701e-08 1.43635318923e-09 6.27328305202e-08 -6.39088480378e-08 -7.1049647825e-09 7.28324528476e-08 -7.86251089286e-08 -1.47594560228e-09 3.08949749307e-08 -2.47021757935e-08 8.30123915207e-10 2.31528601803e-08 -5.85922891449e-08 7.54743222387e-09 3.80278821871e-08 -6.58542315874e-08 -7.43278228201e-09 6.59504925317e-08 -3.33318431406e-08 -8.21302648414e-09 4.42421015435e-08 -5.57856502777e-08 -9.60244232191e-09 7.20251236464e-08 -3.05846383756e-08 3.7400349695e-10 1.8520705434e-08 -6.50307064043e-08 -2.04576658518e-11 6.73246105762e-08 -3.19210967267e-08 -4.65392138521e-09 3.71408256906e-08 -6.21628700054e-09 -2.06650869596e-09 7.74969077135e-09 -4.28065078515e-08 -1.3623024918e-08 9.14718372882e-08 -2.55895413309e-08 -4.18810140746e-09 2.74240093603e-08 -5.10451841174e-08 1.06579270509e-08 3.94191587586e-08 -2.36220599074e-08 7.63675038531e-10 3.98210922574e-08 -2.7234498186e-08 4.67252734852e-09 3.80959884315e-08 -7.40117730457e-08 -8.88435401465e-10 7.13405833244e-08 -4.30738926408e-08 3.6877218156e-09 2.76483628032e-08 -3.8510856956e-09 1.03948247503e-09 1.57657554392e-08 -7.40070405189e-08 7.61937112459e-09 6.98802956642e-08 -7.15041947847e-08 6.92673427945e-10 7.24052248973e-08 -7.51563926755e-08 2.05133893554e-08 5.96786626806e-08 -2.51978523383e-08 5.6115742843e-09 4.43081860054e-08 -2.33273268747e-08 1.19334708396e-09 4.18407689373e-08 -3.01405830809e-08 -4.23081640383e-09 2.87933893803e-08 -2.83321355116e-08 -3.19819871865e-09 2.80598911301e-08 -7.15251185555e-08 5.42881137219e-09 5.19880830381e-08 -3.75244112322e-08 1.12130562109e-08 3.09698194477e-08 -4.66935417343e-08 1.05705627461e-08 2.92397878814e-08 -3.18113113243e-08 1.01616430737e-08 6.26170174308e-08 -4.85524510488e-08 2.68132832368e-08 5.66493961338e-08 -6.19800142676e-08 1.89529346826e-08 3.46449027761e-08 -6.44457454509e-08 1.66935088705e-09 2.40880191299e-08 -6.85733683969e-08 -1.04485184636e-08 7.48240463909e-08 -7.29768212927e-08 9.93113145105e-09 6.5635396315e-08 -6.36060013185e-08 -1.03900360002e-08 6.55437263211e-08 -6.83699893118e-10 6.99860731312e-11 4.87764255371e-09 -2.9998601456e-08 3.89037326736e-09 4.18078246153e-08 -3.26297271806e-08 -1.81049988006e-08 5.95979601775e-08 -2.60488005107e-08 -1.11418904053e-08 4.00622037388e-08 -3.03856087865e-08 -4.18751513729e-09 3.5566817047e-08 -7.75170941015e-08 -8.64182052767e-09 7.63157917539e-08 -3.28295067303e-08 -8.9683049077e-09 3.27495160296e-08 -3.46358122347e-08 6.07616898101e-09 3.535834152e-08 -6.5487922998e-08 1.28142927343e-08 6.20404564966e-08 -6.28671232477e-08 -2.76777686213e-09 6.12976186712e-08 -2.12556482797e-08 -2.7672592489e-09 3.71342991233e-08 -6.60019844462e-08 1.93293615139e-09 6.71650612172e-08 -5.11662114208e-08 -9.29644334174e-09 9.11052923132e-08 -3.35430355225e-08 -6.81812790099e-09 3.26700886261e-08 -3.09006183998e-08 -1.56499064336e-08 3.66428239984e-08 -4.42297504055e-08 -2.46191437167e-09 2.1436312294e-08 -4.97456774356e-08 -1.36578220248e-08 3.13623427897e-08 -6.58088416771e-08 -8.74138276392e-09 6.50945680404e-08 -2.44615110219e-08 -1.77663148582e-08 3.4135627854e-08 -6.73817908764e-08 -9.59026253292e-09 8.01142906144e-08 -3.87933216966e-08 -7.7054255058e-09 5.70890990683e-08 -4.76282945889e-09 5.30803829276e-10 8.00338730845e-09 -3.16432727963e-08 -3.43852557642e-09 4.59737436278e-08 -3.32603986414e-08 4.3383224895e-09 2.60548430434e-08 -6.06056170399e-08 -5.80086995636e-09 6.79123706798e-08 -3.2115450625e-08 1.03408551595e-08 4.22581177978e-08 -1.16373065742e-08 1.41720436178e-08 4.77372353076e-08 -5.7693458184e-08 2.64948283363e-09 4.9526908317e-08 -6.48005887714e-08 -8.21930557622e-09 7.11545536522e-08 -5.26197400796e-08 -1.04373019766e-08 7.15162714143e-08 -6.2194145884e-08 -4.51242262443e-09 6.61967581219e-08 -2.2724741043e-08 5.92184933256e-09 3.21258254831e-08 -5.9695141235e-08 7.72411106073e-09 4.85760654062e-08 -3.08738680102e-08 -5.70819528412e-09 3.2113208434e-08 -4.98723958893e-08 -1.17107990479e-08 6.66804709727e-08 -7.50509841712e-08 1.31035406268e-08 7.0092357886e-08 -7.15325606941e-08 8.30733140992e-09 5.44595454589e-08 -6.3890334607e-08 6.23032612301e-09 6.59706210694e-08 -3.30921200129e-08 1.23205137618e-08 2.9272129848e-08 -3.13178682559e-08 3.06819732587e-09 4.19312717889e-08 -6.12573630357e-08 8.74739643884e-09 6.10355081474e-08 -5.63632175011e-08 1.47385989028e-11 3.95932727845e-08 -5.91742735625e-08 3.2522390618e-09 6.31059713844e-08 -4.66594375831e-08 -3.5412490247e-09 2.49544391018e-08 -3.55988831704e-08 6.03604347921e-09 8.59762298755e-08 -2.59160560581e-08 0 2.49331901167e-08 -3.08027448212e-08 -1.12284380839e-08 3.89018518874e-08 -5.30498097757e-08 -1.22155524415e-08 8.2715474682e-08 -3.4611678035e-08 -3.19881152127e-09 4.50725139133e-08 -3.12239608862e-08 7.5516295898e-10 2.64722923756e-08 -5.24330764678e-09 5.77105545542e-10 5.58592960818e-09 -4.33118325045e-09 -5.04152943591e-10 8.40455829518e-09 -4.19794405262e-08 1.80160341596e-09 2.77388094369e-08 -4.06451992614e-08 -2.37106727965e-09 2.65385667803e-08 -2.921084094e-08 -1.84224922862e-08 6.57077257967e-08 -5.86738364133e-08 -8.62569752627e-09 6.57961809474e-08 -6.22865939385e-08 -1.28940528163e-08 6.62625097191e-08 -6.3719610952e-08 3.27265926693e-09 6.5097459861e-08 -6.20339836029e-08 5.02028478119e-09 5.85353045704e-08 -7.16471681064e-08 1.22738614117e-09 7.02251102636e-08 -7.03697736261e-08 5.53304922183e-09 6.9660503809e-08 -6.01710186531e-08 -1.12320559655e-08 2.45855977771e-08 -4.78316488439e-08 -6.73746354659e-09 1.94325743615e-08 -3.59320425498e-08 3.07249306707e-09 5.38664910307e-08 -6.59040399342e-08 -6.62421193648e-09 7.50231461298e-08 -3.60391061553e-08 5.39153370566e-10 3.47265905624e-08 -5.90489930961e-08 4.70859500616e-09 4.75045701668e-08 -7.50314189725e-08 1.80202290938e-08 5.65368314726e-08 -6.31361904858e-08 1.59248614679e-08 2.69984407866e-08 -5.40051677952e-08 -3.10130989644e-08 4.88067238635e-08 -3.82775919112e-08 1.22606275734e-08 3.87914833955e-08 -1.63405500657e-08 -6.88049139996e-10 1.63327020641e-08 -4.0843013391e-08 1.15589621718e-08 2.48383955148e-08 -6.32193954556e-08 -1.18592669807e-08 7.11295795123e-08 -6.26414684526e-08 -4.50731019069e-09 6.64752112881e-08 -5.92950761326e-08 -1.3095107485e-08 6.25735798362e-08 -8.91525014186e-08 -2.01485837666e-09 6.28257684483e-08 -5.22630275586e-08 -1.21182861219e-08 6.72709055774e-08 -4.65008478052e-08 2.62468497576e-09 3.09104049276e-08 -3.89551545113e-08 7.04588997238e-09 3.53169329529e-08 -2.61641755371e-08 9.50978425818e-10 2.94122501336e-08 -4.65425630766e-08 -1.37463360355e-09 2.51146271944e-08 -7.02039107605e-08 2.29960965802e-08 5.90651889124e-08 -6.28290257363e-08 -1.51111378535e-08 6.91301607798e-08 -3.83347122202e-08 7.09570151465e-09 1.74393072789e-08 -4.371774979e-08 3.42511298733e-09 3.28692393836e-08 -2.6827755294e-08 -7.20184203279e-09 4.62529359984e-08 -7.08184157798e-08 -2.09984345377e-08 8.41977827677e-08 -4.36164801538e-08 1.90188703759e-09 3.07544546899e-08 -6.25819630031e-08 -1.22700495832e-08 6.62187982784e-08 -6.73468438871e-08 -1.86017134986e-09 6.97421529779e-08 -3.73039806005e-08 2.18147230904e-09 3.3675193025e-08 -8.44829187033e-08 1.29039114969e-08 5.75834790244e-08 -3.56060369647e-08 -1.30375871992e-09 3.15064698334e-08 -6.76436657199e-08 -1.55743693958e-08 7.32515362821e-08 -2.58975109748e-08 -5.03827975974e-09 3.38508870307e-08 -7.83776665391e-08 1.68541182922e-08 6.83388923284e-08 -6.60578512095e-08 3.56756335219e-10 6.66475427935e-08 -4.67307078394e-08 9.69888639039e-09 3.07703905987e-08 -7.4941835556e-08 1.39955205759e-08 6.15572699634e-08 -2.8484167892e-08 -2.6068357172e-09 2.63610745802e-08 -2.38877401317e-08 6.25364496198e-09 3.25839702392e-08 -3.95650767025e-08 5.88838618824e-09 3.3689995406e-08 -3.88434626272e-08 2.06414470459e-09 2.61023782932e-08 -7.88868617922e-08 4.25284931387e-09 4.01284491396e-08 -2.2652985985e-08 0 2.37046277922e-08 -5.78629439132e-08 -6.33698707145e-10 6.68002023041e-08 -6.53422227253e-08 -9.16103791467e-10 6.71675598896e-08 -4.63399387749e-08 1.85709375694e-08 2.66236028107e-08 -2.71761718559e-08 -5.59615486998e-09 3.30132022852e-08 -4.07162816705e-08 -8.93821910782e-10 2.84054953851e-08 -6.69632180929e-08 -1.46319461555e-08 6.53742211279e-08 -2.24674527449e-08 3.92530629377e-09 1.75596985825e-08 -4.72387475764e-08 -8.10965491281e-09 4.39978405757e-08 -3.79809064403e-08 2.46127111951e-09 2.50274763447e-08 -5.69700418702e-08 8.08602888337e-10 6.10818020224e-08 -3.16469893141e-08 1.99114261991e-09 3.67479947946e-08 -6.25142127885e-08 3.72123778242e-09 6.59409260331e-08 -5.95460404458e-08 -4.33470547058e-09 7.96758761257e-08 -3.83140962217e-08 -3.36264692455e-10 2.50057745407e-08 -1.91550062472e-08 1.15060983277e-09 5.49827391784e-08 -3.71518513138e-08 5.39036433716e-09 4.21939633934e-08 -2.98093199131e-08 -9.86859248011e-09 3.86557056825e-08 -3.86272515408e-08 -5.46024671241e-09 2.19028921609e-08 -2.68350438224e-08 -1.2269829921e-09 2.96019332421e-08 -6.80030358869e-08 -2.45814033714e-09 5.9607332877e-08 -8.04412140164e-08 1.48224452082e-08 6.81548492561e-08 -3.64347827932e-08 -7.1366811397e-10 2.83148166222e-08 -6.12539720457e-08 7.0255246394e-09 4.94644586378e-08 -6.22747176978e-08 -2.0800319957e-08 7.95116561332e-08 -6.7379055731e-08 -7.94002853135e-09 6.43077914964e-08 -4.42448196115e-08 5.10190233789e-09 2.19391900426e-08 -5.85488844863e-08 -1.73018368275e-08 7.50524595084e-08 -7.31556411874e-08 5.80364392651e-09 5.24663974716e-08 -3.13219612558e-08 0 3.15019997182e-08 -3.79573570027e-08 9.01085044097e-09 4.96142778603e-08 -6.94254638344e-08 1.33312307948e-09 6.65700274749e-08 -4.60725170516e-08 2.66004039616e-09 3.57500151086e-08 -7.40415786408e-08 7.67755618454e-09 5.37714886185e-08 -6.11402271178e-08 6.61137886488e-09 6.06027912793e-08 -4.63479314723e-08 3.76643023468e-09 3.73599817699e-08 -3.80511253432e-08 -9.14585841594e-09 2.70974393326e-08 -2.05017445769e-08 -2.12712819109e-10 2.74924423571e-08 -3.50650184212e-08 -6.29353814745e-09 4.78511432743e-08 -7.43594793198e-08 1.5228200663e-08 6.57747765986e-08 -3.57630026377e-08 2.29011177509e-09 4.10315527566e-08 -5.45145129717e-08 8.88197170188e-09 5.70564774285e-08 -8.11003840849e-08 1.56680347946e-08 6.23530032906e-08 -4.91325926119e-08 -6.43541938391e-09 6.48913985803e-08 -7.70797273452e-08 1.51790571749e-08 6.12601881569e-08 -6.32304345466e-08 4.79015233412e-09 6.65238940469e-08 -2.49268032388e-08 2.50092980811e-09 4.53287997523e-08 -7.35031357279e-08 9.72226342068e-09 7.36134377962e-08 -6.34096309799e-08 -1.00874840057e-09 6.18698222501e-08 -2.2652985985e-08 0 2.37046277922e-08 -5.59910255235e-08 -1.11469276032e-09 6.59085662038e-08 -3.9310536034e-08 -3.868841611e-09 6.28545710521e-08 -2.85971162674e-08 4.83256572876e-10 4.25790328857e-08 -3.22759514124e-08 1.05043930517e-08 3.75006195063e-08 -6.84648615231e-08 -4.48230011876e-11 6.02867399839e-08 -2.70489412291e-08 -5.97720687495e-09 4.5492239437e-08 -4.87887972203e-08 -5.72851241753e-10 3.67993798055e-08 -4.63493935598e-08 1.6539410475e-09 3.58907775088e-08 -3.46808256807e-08 -7.61036860022e-09 2.76494153444e-08 -5.1514009794e-08 -1.06083276019e-08 5.85245991234e-08 -6.67521955521e-08 8.33675026685e-09 5.85013144828e-08 -5.97800929256e-08 1.67286179368e-09 7.1003831289e-08 -7.20575078865e-08 4.83425128111e-09 5.94963083453e-08 -3.60298966017e-08 4.17932027231e-09 2.62242078376e-08 -3.91268735218e-08 -3.55279368183e-09 3.13721611632e-08 -7.14203272477e-08 -1.08198217786e-09 6.45328567537e-08 -2.78788892121e-08 1.40174936174e-09 3.84427782648e-08 -7.08594914745e-08 1.22636051825e-09 5.93399387592e-08 -6.43386798419e-08 -2.19924818926e-10 7.3063789683e-08 -7.01145402808e-08 6.91446850983e-09 6.01008022521e-08 -3.26009412906e-08 -1.83198277133e-08 6.36292117017e-08 -5.66615885678e-08 -7.32234272524e-09 8.52981022034e-08 -7.60145035879e-08 6.94017623621e-09 7.16865406848e-08 -6.47330729496e-08 -9.38050837281e-09 5.53797800343e-08 -7.21735725248e-08 1.65747846849e-08 6.34878935654e-08 -5.46897229907e-08 3.1023474859e-09 5.07282364346e-08 -6.0386669969e-08 -1.27719969295e-08 6.73349915001e-08 -2.91780411289e-08 -1.66503989773e-10 3.46167303634e-08 -6.00239970747e-08 1.18530534566e-08 5.56746241991e-08 -2.30166531745e-08 -1.54649132701e-08 2.66658388985e-08 -6.7573773734e-08 -4.87316369953e-09 6.26040338317e-08 -6.90977048482e-08 1.19852103632e-08 5.65636870359e-08 -8.69846545302e-08 1.0396338982e-08 3.38060788926e-08 -3.4227825006e-08 8.73916408803e-09 3.73665363784e-08 -6.81722644174e-08 6.78526109053e-09 6.05680211706e-08 -4.62747859074e-08 5.50162298071e-09 2.32134972902e-08 -6.38199516923e-08 4.6095654949e-09 5.99101002274e-08 -2.24181644401e-08 -2.71390265967e-09 4.45904440412e-08 -4.13765012983e-08 -6.4104093681e-09 4.20585036644e-08 -2.38255771596e-08 -1.66943782059e-08 5.30281091098e-08 -7.34586979409e-08 8.67687114412e-09 5.74952589782e-08 -2.91567326003e-08 -5.46461203059e-09 3.95773491802e-08 -5.79624059185e-08 -9.81893966691e-09 3.30030963212e-08 -6.94900968571e-08 -9.33149285742e-09 7.01637325626e-08 -6.80455244697e-08 -1.05015044227e-08 7.28446039249e-08 -7.16648489859e-08 1.56210882897e-08 5.21663541592e-08 -6.72160286728e-08 6.29113094037e-09 6.89864778321e-08 -2.92902538673e-08 -3.90162890785e-09 4.79940707644e-08 -3.0429710494e-08 -2.82710319892e-08 7.02997498868e-08 -6.6161347578e-08 -1.0570301563e-08 7.0815748603e-08 -4.42051237148e-08 -1.99301234603e-09 2.15199184726e-08 -2.06620482759e-08 -2.79580819429e-09 4.45727745443e-08 -6.64218581672e-08 -8.64421449743e-10 6.04855552223e-08 -5.99801189141e-08 -2.17518691602e-08 4.15612473627e-08 -4.07949964419e-08 6.8350971952e-09 2.85684760883e-08 -6.47755430621e-08 -2.19476654456e-09 7.04152734355e-08 -6.13165996844e-08 -8.19139530705e-09 6.9888667406e-08 -6.46642525994e-08 -1.70641827776e-08 6.96797383608e-08 -6.8915419859e-08 -7.67306375223e-10 6.73229398572e-08 -7.07472555858e-08 -5.84897351939e-09 5.78739775038e-08 -7.356319037e-08 -5.55414626554e-09 6.82662444053e-08 -5.28178188244e-08 1.02407663512e-08 3.11826042587e-08 -3.13219612558e-08 0 3.15019997182e-08 -6.11171686069e-08 8.97796923904e-09 5.49813860454e-08 -5.80449836033e-08 -8.11258153697e-09 6.54961171983e-08 -2.86558910933e-08 -6.77398273177e-09 3.50960547019e-08 -1.09220024075e-08 -4.1337143086e-09 1.74405920365e-08 -7.0826329966e-08 2.51762158531e-09 5.55912244016e-08 -3.56731022642e-08 3.68474154635e-09 3.54171888532e-08 -5.17772793598e-08 -1.25928819334e-09 2.81573528225e-08 -8.22486402023e-08 -7.17952985359e-09 6.95741147894e-08 -4.2277540774e-08 -5.15276735799e-09 4.16919463025e-08 -5.12416074622e-08 -1.57838737496e-08 8.60473237672e-08 -6.99048403716e-08 -8.09760954072e-09 7.87107553382e-08 -6.11268630796e-08 7.36998488894e-09 5.7285260501e-08 -6.2534610128e-08 -2.00472894604e-08 7.09957791999e-08 -4.40230906403e-08 -1.18678296601e-08 4.608125337e-08 -3.21662213366e-08 -7.5723432037e-09 5.41440188139e-08 -7.36361447072e-08 -2.14040911718e-08 8.68646201175e-08 -2.30240258994e-08 7.30418608135e-10 3.56383443765e-08 -4.02208708452e-08 1.0899667128e-08 3.53185704889e-08 -3.62226070749e-08 4.38077876346e-09 3.07916554383e-08 -6.18549336742e-08 4.76191213375e-09 5.77032757045e-08 -7.11526597472e-08 -2.02730854413e-09 6.96936629586e-08 -6.48752797828e-08 -1.41293664669e-09 5.58117842278e-08 -3.60997013598e-08 2.71111469432e-09 3.47959041832e-08 -7.44665698155e-08 8.86658272025e-09 6.06579236944e-08 -2.49183052612e-08 2.47424293557e-09 3.30384387812e-08 -3.60308268755e-08 -6.4973297169e-10 3.65110599857e-08 -4.85120904777e-08 -1.67631769041e-08 4.19188312947e-08 -6.30036369636e-08 -4.78589034243e-09 7.61044006125e-08 -3.09250670217e-08 -1.190336942e-08 8.11044093745e-08 -2.23341505751e-08 1.95019894628e-10 4.6491876636e-08 -5.84506389534e-08 -2.74828614605e-09 6.59646562971e-08 -3.24910322329e-08 -1.90441195858e-09 2.92843405216e-08 -5.64957659254e-08 2.06394467731e-08 2.59967878819e-08 -4.06118838377e-08 -6.61835379238e-10 4.96090617674e-08 -2.75966652577e-08 3.40795646531e-09 3.03384642632e-08 -3.55671672572e-08 -1.27737668064e-08 5.95216975301e-08 -4.55584764131e-08 -1.11655979692e-09 2.91600198233e-08 -2.44742485608e-08 -2.1693859122e-09 4.31004498973e-08 -4.32077224308e-08 -1.98518258465e-08 9.54024217305e-08 -7.94755484711e-08 1.1882054713e-08 6.43746175345e-08 -2.21035305158e-08 -2.39973717907e-09 5.43058825488e-08 -5.29975599448e-08 -2.79529728261e-09 6.79432062995e-08 -6.07015562025e-08 -1.23931041234e-08 7.78538313128e-08 -6.7737043765e-08 1.95393090374e-08 3.34428866917e-08 -5.74993250701e-08 -2.51947377593e-09 6.68737252967e-08 -6.28143279089e-08 -2.08836839245e-09 5.89461074373e-08 -5.08664868259e-08 -1.29018085826e-09 5.62445310703e-08 -7.12740615648e-08 1.43656855129e-09 7.3629927078e-08 -2.2652985985e-08 0 2.37046277922e-08 -7.46731222044e-08 1.09635582968e-08 6.16437960858e-08 -6.67337036362e-08 -7.24742867339e-09 7.57598193053e-08 -6.23718161887e-08 -1.87159588356e-08 6.9366425914e-08 -3.0853058159e-08 -2.38537108969e-08 6.75554880179e-08 -6.41387197836e-08 -1.173138136e-08 7.72844943207e-08 -5.77317487218e-08 -6.43355023317e-09 6.8442421297e-08 -5.08491487946e-08 8.77372905904e-09 5.70653908694e-08 -6.45636062202e-08 0 6.37321367467e-08 -6.06714064314e-08 1.42703719469e-08 3.33754010577e-08 -6.51669394888e-08 1.16487271727e-08 6.22905812904e-08 -4.38851952334e-08 -4.86136486765e-09 3.27374940917e-08 -7.04313978882e-08 -1.04811988406e-08 7.97837909183e-08 -2.21218560061e-08 6.72630018858e-09 2.57733914163e-08 -3.3792285495e-08 7.22326096409e-10 4.09190095474e-08 -2.65311050922e-08 0 2.89702755788e-08 -6.5864335129e-08 -9.35813938562e-09 7.65256053142e-08 -6.70222026697e-08 -7.23812595461e-09 7.10701176353e-08 -2.66799910946e-08 -4.82465571105e-09 4.74891357015e-08 -8.13565163361e-08 -1.35086757547e-09 8.07880390864e-08 -6.32065927518e-08 1.96154288111e-08 3.5580929885e-08 -7.48777143471e-08 1.77470096783e-08 5.9969991402e-08 -6.26581054885e-08 -7.30529359102e-09 6.94203987817e-08 -6.45785663853e-08 -6.1368393459e-09 7.51468655814e-08 -7.06361026147e-08 1.18752515115e-09 7.21822825518e-08 -3.6381975508e-08 -2.47799086102e-09 3.13744181219e-08 -7.18877010218e-08 -1.44840308121e-08 8.71138728342e-08 -7.62539405579e-08 1.24949212192e-09 7.08302807902e-08 -2.90286177298e-08 8.71199013632e-09 3.33492503269e-08 -7.15785907652e-08 8.13245591059e-09 5.40788981326e-08 -5.96925917375e-08 5.63383709777e-09 6.47433563992e-08 -7.60694394634e-08 7.30398340504e-09 6.64450512541e-08 -5.9320796242e-08 1.59875260107e-08 5.71492307503e-08 -5.8103238954e-08 4.5093460934e-09 6.48903198891e-08 -7.81892174895e-08 9.60828160887e-09 6.79675726343e-08 -7.6194496349e-08 5.49481675109e-09 7.11122827366e-08 -5.95305519098e-08 4.15668790238e-09 5.96819611487e-08 -8.09347812068e-08 3.41734371855e-09 6.60693267897e-08 -7.46638996428e-08 9.51287723526e-09 5.91130681389e-08 -6.32865187591e-08 -1.29269803848e-08 7.87408669683e-08 -6.67699039143e-08 -1.68061126472e-08 8.01374937441e-08 -7.46319434285e-08 1.67390160891e-09 7.59377200849e-08 -3.77105194224e-08 8.71402324382e-09 2.99896024322e-08 -7.17455578251e-08 8.35054838111e-09 6.14218483088e-08 -3.20918325835e-08 -9.59470309624e-09 3.21669890011e-08 -7.21591334976e-08 1.64756045452e-09 6.90913899939e-08 -7.45836031587e-08 3.65504155787e-09 7.1778483226e-08 -3.35518636701e-08 -2.70056527348e-08 5.207287806e-08 -3.01863474321e-08 -7.49436633088e-09 3.53561171868e-08 -4.5073204933e-08 5.42799518179e-09 2.77865845953e-08 -3.01361886778e-08 -1.88303016682e-08 6.05792254597e-08 -7.38712379002e-08 4.26274414596e-09 7.4615562607e-08 -4.4368420783e-08 -1.10500824634e-09 2.08600327526e-08 -5.60126295219e-08 -2.63923020966e-08 7.40670105351e-08 -5.94930271722e-08 5.22980276603e-09 6.68169713431e-08 -3.80746999064e-08 1.24170646044e-09 2.24434653863e-08 -2.03244466788e-08 1.09573572093e-09 4.00884277871e-08 -7.54943135852e-08 8.66968374177e-09 7.12376261483e-08 -6.45220194043e-08 -4.74105801668e-09 6.65364149328e-08 -6.97806216353e-08 1.12792751469e-09 7.20404682139e-08 -4.96667809992e-08 -2.30579661079e-08 6.68950764734e-08 -2.83380448782e-08 -8.97438227715e-09 2.75311865099e-08 -3.22256493244e-08 -4.36052870102e-10 2.75866059386e-08 -2.5241275615e-08 -5.72722565405e-09 2.00257949042e-08 -6.11851955244e-08 1.88620825454e-08 3.85982997046e-08 -2.31030870874e-08 -1.20282068552e-09 4.39568505543e-08 -4.35595446129e-08 -1.1560978239e-09 2.89419974023e-08 -3.95182421882e-08 1.01913895733e-09 1.96254716152e-08 -2.2652985985e-08 0 2.37046277922e-08 -6.57087298854e-08 -3.32534547097e-10 7.33943147572e-08 -6.69780161086e-08 -1.60250511764e-08 8.05446720588e-08 -6.11000252655e-08 -1.64273138249e-08 7.44135314337e-08 -6.75920368213e-08 -7.27383934407e-09 7.4335160332e-08 -6.5207960585e-08 2.87702295496e-09 6.56787060456e-08 -6.24937051693e-08 0 6.24199807911e-08 -6.0064652461e-08 1.70104291104e-08 4.05072270846e-08 -7.33240472287e-08 4.52757584211e-09 7.16016313091e-08 -7.50810719315e-08 4.26995249923e-09 7.21452825665e-08 -5.07467839004e-08 1.287986355e-08 2.74722500846e-08 -6.73085658224e-08 5.04173037587e-09 6.48095735066e-08 -6.52247707782e-08 1.20188640283e-08 6.56091182002e-08 -4.51584067522e-08 -7.43034919005e-09 5.0138284602e-08 -4.98200140628e-08 1.64489364421e-10 3.33239747989e-08 -4.58033563909e-08 -5.39679141612e-09 4.88278165968e-08 -6.42881081754e-08 1.97639344692e-08 4.48699252593e-08 -6.39969046654e-08 -5.44960459023e-09 7.91505223917e-08 -6.17395771431e-08 0 6.17215773089e-08 -2.9754811733e-08 -1.90568268625e-08 5.57071172913e-08 -3.3073522463e-08 -3.00806791138e-09 3.50024418296e-08 -7.84238740327e-08 -3.71717301386e-09 7.28191273642e-08 -7.43175426819e-08 1.22055870398e-08 6.53121138597e-08 -6.61237686304e-08 1.74552533915e-08 4.60086011178e-08 -5.34446443476e-08 -8.44540160832e-10 5.36429140155e-08 -7.3765512306e-08 -3.91439553611e-09 7.766880877e-08 -3.85728276161e-08 -2.13339493062e-08 6.68281466359e-08 -7.48510439504e-08 1.49910992049e-08 6.74054163039e-08 -3.91903357412e-08 -4.1005255761e-09 2.89785128511e-08 -3.13219612558e-08 0 3.15019997182e-08 -8.07562218189e-08 -5.08842394876e-09 6.50338136445e-08 -6.66898926939e-08 1.96645200878e-08 6.29790507384e-08 -7.84262460373e-08 4.16715390366e-09 7.76367597162e-08 -7.66955246364e-08 -3.04493158034e-09 8.48997103842e-08 -7.38459627372e-08 9.55047882208e-09 7.39075606555e-08 -6.640883793e-08 -4.81396187585e-09 6.35045679537e-08 -5.47571061907e-08 -2.83633329188e-09 6.66029732072e-08 -6.8619435221e-08 5.17700680707e-09 5.65888007647e-08 -5.99073842913e-08 0 6.1216527351e-08 -6.52181674984e-08 -9.75159392317e-10 6.30667260113e-08 -6.14222622071e-08 1.39778234183e-08 7.46097734259e-08 -2.70972749952e-08 -3.18925049047e-09 4.13947223745e-08 -7.96924222524e-08 5.16275172635e-09 7.38125580364e-08 -4.15832172376e-08 -1.45695445022e-08 7.47901241558e-08 -6.37422351898e-08 2.58007224133e-08 6.59379713663e-08 -6.46458382314e-08 -3.24139154414e-09 6.90879092489e-08 -7.74896763384e-08 1.0518103532e-08 7.21514530089e-08 -6.35688345158e-08 1.73561107142e-09 7.42112317436e-08 -7.40654486025e-08 3.04500688801e-09 6.85865074184e-08 -6.22933712261e-08 0 5.93876614973e-08 -6.92140749332e-08 -1.28682562031e-09 7.43884494175e-08 -6.9328106187e-08 -1.79447652209e-08 8.40003614082e-08 -7.14082127727e-08 -3.39219232908e-10 6.8363269511e-08 -7.3699349572e-08 1.7295101463e-09 6.051916663e-08 -2.65311050922e-08 0 2.89702755788e-08 -6.6045473493e-08 8.20945136536e-09 6.82881860709e-08 -6.71921321457e-08 -1.3365901269e-08 7.47134892521e-08 -3.88749628919e-08 -2.50426007428e-09 4.6110067749e-08 -7.50276970827e-08 7.39625107351e-09 6.00076282448e-08 -7.01977575021e-08 -7.15194198753e-09 6.96087014143e-08 -3.77219473446e-08 -7.71673516789e-10 2.43987275112e-08 -4.1155894753e-08 3.04709193524e-09 2.80029198011e-08 -6.7971909343e-08 -1.02595967796e-08 6.20107188754e-08 -6.87720619985e-08 2.07777238888e-10 7.14479885227e-08 -2.5062364331e-08 -1.3321220868e-09 3.94419802338e-08 -6.83428264902e-08 2.83036960371e-09 7.65745327882e-08 -3.02481619937e-08 4.97835907207e-11 3.72268832246e-08 -7.50844907555e-08 -8.43016060838e-09 7.98196186885e-08 -6.55009171087e-08 2.22357770962e-08 7.58097679439e-08 -7.27316585495e-08 -1.59080872022e-09 7.22207671455e-08 -6.70088963964e-08 -1.44161759786e-09 7.23936220282e-08 -8.18362070307e-08 1.56573183923e-08 2.57092203615e-08 -6.81654279228e-08 9.25035602185e-09 6.73256125243e-08 -6.57886405711e-08 -3.82644268435e-09 7.65560722635e-08 -2.91027064181e-08 -1.92410482438e-09 3.26440664633e-08 -7.96900653702e-08 6.46704344347e-09 6.52032950899e-08 -7.23749178609e-08 -1.68895405746e-08 6.74138623612e-08 -7.94254035564e-08 6.41330740541e-09 7.05437327544e-08 -8.17771611556e-08 -1.25501136352e-08 8.11611664544e-08 -3.76786157938e-08 1.85761657142e-08 2.26908077317e-08 -5.70740781712e-08 -3.62499518481e-09 7.1089460419e-08 -3.71532573937e-08 -1.8973240352e-09 4.84016871534e-08 -7.39723701019e-08 -4.12563885892e-10 8.26022618447e-08 -5.96275985082e-08 8.06968226608e-09 7.94928157569e-08 -6.45600962089e-08 9.97470647507e-09 7.42865309761e-08 -5.79539736904e-08 -3.68480247588e-09 6.28522921328e-08 -7.30975410812e-08 -9.53343521132e-09 7.37915439673e-08 -7.69770421128e-08 -5.29079103832e-09 7.30196257424e-08 -3.30996488665e-08 1.5067419795e-09 3.77553811989e-08 -7.00864499774e-08 -1.43989817885e-09 7.51008029589e-08 -6.64327931212e-08 1.30482784224e-08 6.67930812174e-08 -8.51824441621e-08 8.36289823012e-10 7.90036538231e-08 -6.69928319372e-08 5.83615988111e-10 7.04387541777e-08 -7.68398768085e-08 4.01285319638e-09 6.7861358904e-08 -7.38483806041e-08 -1.95512067237e-08 6.11777907044e-08 -2.65311050922e-08 0 2.89702755788e-08 -6.35854439201e-08 1.27158903418e-08 6.69148151621e-08 -6.71968484014e-08 -4.78136993041e-09 6.42731332142e-08 -6.51304284442e-08 2.41241039108e-08 7.12978679e-08 -7.44442352303e-08 -3.15405566766e-09 6.54181494982e-08 -7.13550861516e-08 -2.37992131016e-08 7.79846508929e-08 -6.70366287506e-08 -1.35432687309e-08 5.84703807618e-08 -7.30291106761e-08 4.16344822067e-09 6.19890598044e-08 -3.68393152645e-08 -4.08799826356e-09 4.98004101513e-08 -5.82294217212e-08 1.18774228842e-09 6.38930890365e-08 -6.50364942789e-08 -1.27796683912e-08 8.03427503211e-08 -6.2648051051e-08 -7.42230119427e-09 6.85463783592e-08 -5.40748570419e-08 1.67786949463e-09 4.26456461238e-08 -3.12324200557e-08 3.62342608262e-10 3.87907734577e-08 -6.93688592924e-08 -2.59455158807e-08 7.30714640828e-08 -6.23031026455e-08 5.43015689415e-09 8.18515881097e-08 -7.47212678548e-08 1.57734953039e-08 7.73123153146e-08 -7.53157889393e-08 -3.63498398325e-09 7.1637479997e-08 -2.59160560581e-08 0 2.49331901167e-08 -7.81373656545e-08 2.47414899293e-08 7.29748819924e-08 -8.02053180184e-08 2.45184439789e-09 6.5257030933e-08 -3.58768805892e-08 1.31792544131e-08 2.94393960584e-08 -5.89357799002e-08 -1.0376081651e-08 7.80211529328e-08 -7.30204312065e-08 1.44274912378e-08 7.7180989848e-08 -6.94443677814e-08 2.90441570297e-09 6.18502225648e-08 -7.73933754703e-08 1.22930981621e-08 6.84243898034e-08 -7.07727582818e-08 -1.21507500263e-08 7.75597455166e-08 -7.81207473271e-08 5.33734240655e-09 6.99389390108e-08 -8.56840428871e-08 4.63863292643e-10 9.05993226881e-08 -8.83862948894e-08 -1.94115330243e-09 7.68480563984e-08 -5.67727211221e-08 1.08604426631e-08 6.8048362953e-08 -6.75463743693e-08 1.20362690696e-09 5.98324470083e-08 -7.72275594681e-08 9.75160379324e-09 6.20253911648e-08 -8.57916309536e-08 8.3205778868e-11 8.22376310638e-08 -6.62280326826e-08 -1.24031262674e-08 7.76564373072e-08 -8.10620024208e-08 -5.96368589752e-09 7.88621352597e-08 -7.44490005326e-08 -6.92437867584e-09 5.94108806732e-08 -6.82975194807e-08 5.85960870126e-09 6.9579859873e-08 -6.45898153857e-08 0 6.31710374731e-08 -2.51509489735e-08 -6.0557848443e-09 4.07117738218e-08 -7.966563351e-08 -3.35482670179e-09 7.7383220913e-08 -8.81723864882e-08 -1.33732646988e-09 8.71521396324e-08 -3.26526920178e-08 2.0817627972e-09 3.46893563634e-08 -6.19645703312e-08 -1.32909036414e-08 7.501515027e-08 -7.70699240234e-08 -1.06775205883e-09 7.54668133791e-08 -6.80313616556e-08 0 6.77049766909e-08 -6.88112819259e-08 0 6.88594554718e-08 -8.57230760707e-08 6.5924349788e-10 7.92942763606e-08 -7.6446134698e-08 -6.11926743941e-09 7.79086815238e-08 -6.16047799735e-08 -4.99994299073e-09 6.52331370906e-08 -8.10753913255e-08 9.53653369697e-09 7.49236569203e-08 -6.30954589014e-08 -5.71560823668e-09 7.50494683129e-08 -6.57124569343e-08 -1.22848749359e-09 7.2715099989e-08 -7.40086129279e-08 -7.72536210062e-09 7.53462795421e-08 -6.95094442078e-08 4.27898616209e-09 6.92201822886e-08 -6.92649135804e-08 2.38295751598e-08 5.97410368924e-08 -7.40837540394e-08 -1.06654510806e-09 7.12771309045e-08 -6.24782918665e-08 5.12896154689e-09 7.29387858389e-08 -8.5401616911e-08 2.67950946217e-09 7.6677720425e-08 -8.32276207382e-08 7.18122927527e-10 7.4123106875e-08 -2.509767641e-08 -1.14681658181e-09 4.07968120289e-08 -6.96966121065e-08 -6.04118658515e-09 7.83075423385e-08 -6.88112819259e-08 0 6.88594554718e-08 -8.02442185758e-08 -9.50865401477e-09 6.55299723327e-08 -7.68583265853e-08 9.98516933236e-09 7.52080339745e-08 -8.59767504982e-08 -5.81933061525e-09 8.68832474167e-08 -7.56503659551e-08 2.39140676471e-11 7.56948560353e-08 -8.77154811191e-08 -3.42041866035e-10 7.87603785429e-08 -8.19005004248e-08 -6.5455220022e-09 8.27910704311e-08 -6.68322160416e-08 -1.06776604391e-09 7.89344425002e-08 -6.64400975754e-08 -1.77395027382e-09 7.19146267397e-08 -3.13219612558e-08 0 3.15019997182e-08 -7.6201217723e-08 -1.85242823761e-09 9.20559777323e-08 -8.74711190786e-08 1.98256530652e-09 7.8821199332e-08 -7.46029387557e-08 -3.16629058533e-09 8.17796160343e-08 -7.40944802494e-08 -2.11641496125e-08 6.59152058926e-08 -8.54363727778e-08 1.73932874585e-09 8.31259803144e-08 -8.90914136301e-08 -4.86203731694e-09 8.8294122595e-08 -8.31517927324e-08 7.00890395308e-10 8.77866037049e-08 -6.05079298648e-08 -4.83107934069e-09 6.53848240888e-08 -7.49036353278e-08 2.30424878758e-09 6.87379034145e-08 -8.79392801979e-08 2.68385410452e-09 8.32212439038e-08 -6.96631859858e-08 5.17751715335e-09 8.34323420758e-08 -6.74822049518e-08 4.03176851345e-10 7.26612859737e-08 -6.20703118673e-08 2.14877556784e-09 7.22818526935e-08 -6.37756650492e-08 1.91944565118e-09 7.36419859781e-08 -6.04346926331e-08 0 6.11806454073e-08 -5.99073842913e-08 0 6.1216527351e-08 -6.97561114123e-08 -1.62816036277e-08 7.02698418351e-08 -6.8481681043e-08 3.58740522684e-09 7.00039785606e-08 -8.07741192128e-08 -8.68311292905e-09 8.17618431835e-08 -7.99019175791e-08 -4.30300628853e-09 8.1363585655e-08 -6.89997979585e-08 -2.35174879162e-09 7.61440023021e-08 -6.90523024051e-08 8.92112409182e-09 6.81825980147e-08 -7.36871074554e-08 -4.41889365346e-09 8.64842254169e-08 -6.42197089727e-08 0 6.55878553403e-08 -3.13219612558e-08 0 3.15019997182e-08 -3.93542915177e-08 -2.11278880722e-09 2.85949541308e-08 -6.38577989425e-08 0 5.94690206716e-08 -2.59160560581e-08 0 2.49331901167e-08 -6.72715084572e-08 9.41328223686e-10 7.03281569124e-08 -7.05830086761e-08 4.41803050139e-09 6.57103590129e-08 -6.45898153857e-08 0 6.31710374731e-08 -8.76714663747e-08 4.36013411244e-09 8.54306428438e-08 -6.24937051693e-08 0 6.24199807911e-08 -7.20372417771e-08 -2.2454614945e-09 7.29692874427e-08 -6.22933712261e-08 0 5.93876614973e-08 -6.33919596171e-08 2.74817213164e-08 7.46437079376e-08 -6.77608653378e-08 3.48846791345e-09 6.86475488313e-08 -6.67722004223e-08 1.94105095631e-09 6.2597149702e-08 -6.83139845076e-08 3.9304928869e-09 6.58815100469e-08 -6.2827324044e-08 -1.51388855436e-08 7.60585177588e-08 -6.88112819259e-08 0 6.88594554718e-08 -6.99253109384e-08 1.29284512278e-08 6.88832399033e-08 -5.63016397641e-08 -2.00247442316e-09 5.80262067514e-08 -6.38577989425e-08 0 5.94690206716e-08 -6.80313616556e-08 0 6.77049766909e-08 -7.39381042011e-08 -5.06167608089e-09 6.55330098371e-08 -6.58678462268e-08 5.05698427008e-09 6.52261161802e-08 -6.17395771431e-08 0 6.17215773089e-08 -6.45636062202e-08 0 6.37321367467e-08 -6.19565244635e-08 0 6.14235342557e-08 -7.59488656862e-08 -2.34323455153e-09 7.73765160196e-08 -6.86303489458e-08 -4.60208754093e-09 6.93449306747e-08 -6.44210156268e-08 0 6.28093400369e-08 -7.12055314955e-08 1.99838263768e-08 6.59461269384e-08 -3.43635340717e-08 1.80726498427e-08 2.16481346373e-08 -3.93787382749e-08 2.06719971815e-08 2.55014628852e-08 -3.68455921061e-08 -1.00874147089e-08 6.4803070968e-08 -6.21857017943e-08 -1.43977429512e-08 7.63220528459e-08 -5.91716406598e-08 -7.67132636502e-10 6.77050601045e-08 -7.8245265216e-08 9.38997888136e-09 5.24017383706e-08 -7.08099584001e-08 1.17696432119e-09 6.17408546597e-08 -5.91829415013e-08 1.09594955921e-08 3.94921210601e-08 -5.50562336708e-08 -4.87607601066e-09 6.80104415873e-08 -6.59095592975e-08 -5.04423076197e-10 5.8594832328e-08 -5.52965937735e-08 -2.03114022898e-08 7.2488075581e-08 -5.70133873874e-08 1.1155584592e-09 6.19789998848e-08 -3.20760399842e-08 -2.48114462205e-09 3.63466170221e-08 -3.46095790562e-08 -7.89784332687e-09 3.65449656228e-08 -3.64332142494e-08 8.17448012113e-10 9.74622839566e-09 -1.1632258075e-08 -5.54356971112e-09 3.1629681429e-08 -6.91490423191e-08 8.25419266087e-09 5.46097719674e-08 -4.19916050533e-08 1.90608665621e-08 5.57240952979e-08 -6.98160580204e-08 3.62032981584e-09 5.70663818611e-08 -5.16836549616e-08 -1.09101765882e-08 7.65170846177e-08 -5.49387991835e-08 -1.48137852343e-08 7.27012767593e-08 -6.56466095451e-08 1.208430836e-08 4.31873517833e-08 -3.63237767479e-08 1.105950205e-08 3.02915934371e-08 -3.67165661956e-08 -1.28002887488e-08 5.78403540861e-08 -5.63413609224e-08 -8.27337902673e-09 6.39662995242e-08 -3.99922967568e-08 -5.68054252607e-10 5.12585965202e-08 -3.96011427566e-08 -6.62333261865e-09 5.32843872295e-08 -3.84893071115e-08 -1.71620980534e-08 5.87533481288e-08 -6.42556490017e-08 -1.58067661362e-09 6.32037504164e-08 -5.24508725026e-08 -1.34185088261e-08 8.08690511962e-08 -3.76671863186e-08 1.76387032455e-08 3.35178262184e-08 -5.16188936883e-08 -9.59306880562e-09 6.79641477884e-08 -3.6027770646e-08 2.58966769476e-09 4.30651367322e-08 -3.6797313125e-08 1.26796461878e-09 3.73385737571e-08 -7.76292611374e-08 9.63614656536e-09 6.10156871251e-08 -6.60667458749e-08 -3.04545515418e-09 6.93120763715e-08 -5.07124511631e-08 -1.04163468771e-08 3.30204672504e-08 -3.35877998746e-08 -1.5662760149e-08 3.61530946751e-08 -5.83073987455e-08 7.34482337516e-09 6.73492781295e-08 -7.50218737981e-08 -7.60360906502e-09 7.19652462937e-08 -4.4206097264e-08 -5.5381984219e-09 3.33409175463e-08 -5.2968924948e-08 -1.70859964168e-08 3.59054849892e-08</DataArray>
        <DataArray type="Float64" Name="ShellTopVonMises" format="ascii">0 0 0 0 0 0 0 0 0 0 0 0 0 0 0 0 0 0 0 0 0 0 0 0 0 0 0 0 0 0 0 0 0 0 0 0 0 0 0 0 0 0 0 0 0 0 0 0 0 0 0 0 0 0 0 0 0 0 0 0 0 0 0 0 0 0 0 0 0 0 0 0 0 0 0 0 0 0 0 0 0 0 0 0 0 0 0 0 0 0 0 0 0 0 0 0 0 0 0 0 0 0 0 0 0 0 0 0 0 0 0 0 0 0 0 0 0 0 0 0 0 0 0 0 0 0 0 0 0 0 0 0 0 0 0 0 0 0 0 0 0 0 0 0 0 0 0 0 0 0 0 0 0 0 0 0 0 0 0 0 0 0 0 0 0 0 0 0 0 0 0 0 0 0 0 0 0 0 0 0 0 0 0 0 0 0 0 0 0 0 0 0 0 0 0 0 0 0 0 0 0 0 0 0 0 0 0 0 0 0 0 0 0 0 0 0 0 0 0 0 0 0 0 0 0 0 0 0 0 0 0 0 0 0 0 0 0 0 0 0 0 0 0 0 0 0 0 0 0 0 0 0 0 0 0 0 0 0 0 0 0 0 0 0 0 0 0 0 0 0 0 0 0 0 0 0 0 0 0 0 0 0 0 0 0 0 0 0 0 0 0 0 0 0 0 0 0 0 0 0 0 0 0 0 0 0 0 0 0 0 0 0 0 0 0 0 0 0 0 0 0 0 0 0 0 0 0 0 0 0 0 0 0 0 0 0 0 0 0 0 0 0 0 0 0 0 0 0 0 0 0 0 0 0 0 0 0 0 0 0 0 0 0 0 0 0 0 0 0 0 0 0 0 0 0 0 0 0 0 0 0 0 0 0 0 0 0 0 0 0 0 0 0 0 0 0 0 0 0 0 0 0 0 0 0 0 0 0 0 0 0 0 0 0 0 0 0 0 0 0 0 0 0 0 0 0 0 0 0 0 0 0 0 0 0 0 0 0 0 0 0 0 0 0 0 0 0 0 0 0 0 0 0 0 0 0 0 0 0 0 0 0 0 0 0 0 0 0 0 0 0 0 0 0 0 0 0 0 0 0 0 0 0 0 0 0 0 0 0 0 0 0 0 0 0 0 0 0 0 0 0 0 0 0 0 0 0 0 0 0 0 0 0 0 0 0 0 0 0 0 0 0 0 0 0 0 0 0 0 0 0 0 0 0 0 0 0 0 0 0 0 0 0 0 0 0 0 0 0 0 0 0 0 0 0 0 0 0 0 0 0 0 0 0 0 0 0 0 0 0 0 0 0 0 0 0 0 0 0 0 0 0 0 0 0 0 0 0 0 0 0 0 0 0 0 0 0 0 0 0 0 0 0 0 0 0 0 0 0 0 0 0 0 0 0 0 0 0 0 0 0 0 0 0 0 0 0 0 0 0 0 0 0 0 0 0 0 0 0 0 0 0 0 0 0 0 0 0 0 0 0 0 0 0 0 0 0 0 0 0 0 0 0 0 0 0 0 0 0 0 0 0 0 0 0 0 0 0 0 0 0 0 0 0 0 0 0 0 0 0 0 0 0 0 0 0 0 0 0 0 0 0 0 0 0 0 0 0 0 0 0 0 0 0 0 0 0 0 0 0 0 0 0 0 0 0 0 0 0 0 0 0 0 0 0 0 0 0 0 0 0 0 0 0 0 0 0 0 0 0 0 0 0 0 0 0 0 0 0 0 0 0 0 0 0 0 0 0 0 0 0 0 0 0 0 0 0 0 0 0 0 0 0 0 0 0 0 0 0 0 0 0 0 0 0 0 0 0 0 0 0 0 0 0 0 0 0 0 0 0 0 0 0 0 0 0 0 0 0 0 0 0 0 0 0 0 0 0 0 0 0 0 0 0 0 0 0 0 0 0 0 0 0 0 0 0 0 0 0 0 0 0 0 0 0 0 0 0 0 0 0 0 0 0 0 0 0 0 0 0 0 0 0 0 0 0 0 0 0 0 0 0 0 0 0 0 0 0 0 0 0 0 0 0 0 0 0 0</DataArray>
        <DataArray type="Float64" Name="ShellBottomVonMises" format="ascii">0 0 0 0 0 0 0 0 0 0 0 0 0 0 0 0 0 0 0 0 0 0 0 0 0 0 0 0 0 0 0 0 0 0 0 0 0 0 0 0 0 0 0 0 0 0 0 0 0 0 0 0 0 0 0 0 0 0 0 0 0 0 0 0 0 0 0 0 0 0 0 0 0 0 0 0 0 0 0 0 0 0 0 0 0 0 0 0 0 0 0 0 0 0 0 0 0 0 0 0 0 0 0 0 0 0 0 0 0 0 0 0 0 0 0 0 0 0 0 0 0 0 0 0 0 0 0 0 0 0 0 0 0 0 0 0 0 0 0 0 0 0 0 0 0 0 0 0 0 0 0 0 0 0 0 0 0 0 0 0 0 0 0 0 0 0 0 0 0 0 0 0 0 0 0 0 0 0 0 0 0 0 0 0 0 0 0 0 0 0 0 0 0 0 0 0 0 0 0 0 0 0 0 0 0 0 0 0 0 0 0 0 0 0 0 0 0 0 0 0 0 0 0 0 0 0 0 0 0 0 0 0 0 0 0 0 0 0 0 0 0 0 0 0 0 0 0 0 0 0 0 0 0 0 0 0 0 0 0 0 0 0 0 0 0 0 0 0 0 0 0 0 0 0 0 0 0 0 0 0 0 0 0 0 0 0 0 0 0 0 0 0 0 0 0 0 0 0 0 0 0 0 0 0 0 0 0 0 0 0 0 0 0 0 0 0 0 0 0 0 0 0 0 0 0 0 0 0 0 0 0 0 0 0 0 0 0 0 0 0 0 0 0 0 0 0 0 0 0 0 0 0 0 0 0 0 0 0 0 0 0 0 0 0 0 0 0 0 0 0 0 0 0 0 0 0 0 0 0 0 0 0 0 0 0 0 0 0 0 0 0 0 0 0 0 0 0 0 0 0 0 0 0 0 0 0 0 0 0 0 0 0 0 0 0 0 0 0 0 0 0 0 0 0 0 0 0 0 0 0 0 0 0 0 0 0 0 0 0 0 0 0 0 0 0 0 0 0 0 0 0 0 0 0 0 0 0 0 0 0 0 0 0 0 0 0 0 0 0 0 0 0 0 0 0 0 0 0 0 0 0 0 0 0 0 0 0 0 0 0 0 0 0 0 0 0 0 0 0 0 0 0 0 0 0 0 0 0 0 0 0 0 0 0 0 0 0 0 0 0 0 0 0 0 0 0 0 0 0 0 0 0 0 0 0 0 0 0 0 0 0 0 0 0 0 0 0 0 0 0 0 0 0 0 0 0 0 0 0 0 0 0 0 0 0 0 0 0 0 0 0 0 0 0 0 0 0 0 0 0 0 0 0 0 0 0 0 0 0 0 0 0 0 0 0 0 0 0 0 0 0 0 0 0 0 0 0 0 0 0 0 0 0 0 0 0 0 0 0 0 0 0 0 0 0 0 0 0 0 0 0 0 0 0 0 0 0 0 0 0 0 0 0 0 0 0 0 0 0 0 0 0 0 0 0 0 0 0 0 0 0 0 0 0 0 0 0 0 0 0 0 0 0 0 0 0 0 0 0 0 0 0 0 0 0 0 0 0 0 0 0 0 0 0 0 0 0 0 0 0 0 0 0 0 0 0 0 0 0 0 0 0 0 0 0 0 0 0 0 0 0 0 0 0 0 0 0 0 0 0 0 0 0 0 0 0 0 0 0 0 0 0 0 0 0 0 0 0 0 0 0 0 0 0 0 0 0 0 0 0 0 0 0 0 0 0 0 0 0 0 0 0 0 0 0 0 0 0 0 0 0 0 0 0 0 0 0 0 0 0 0 0 0 0 0 0 0 0 0 0 0 0 0 0 0 0 0 0 0 0 0 0 0 0 0 0 0 0 0 0 0 0 0 0 0 0 0 0 0 0 0 0 0 0 0 0 0 0 0 0 0 0 0 0 0 0 0 0 0 0 0 0 0 0 0 0 0 0 0 0 0 0 0 0 0 0 0 0 0 0 0 0 0 0 0 0 0 0 0 0 0 0 0 0 0 0 0 0 0 0 0 0 0 0 0 0 0 0</DataArray>
      </CellData>
    </Piece>
  </UnstructuredGrid>
</VTKFile>
