<?xml version="1.0"?>
<VTKFile type="UnstructuredGrid" version="0.1" byte_order="LittleEndian">
  <UnstructuredGrid>
    <Piece NumberOfPoints="426" NumberOfCells="1462">
      <Points>
        <DataArray type="Float64" NumberOfComponents="3" format="ascii">3 1.22460635382e-16 0.5 0 1.22460635382e-16 0.5 3 -0.203368321538 0.456772728821 3 -0.371572412739 0.334565303179 3 -0.475528258148 0.154508497187 3 -0.497260947684 -0.0522642316338 3 -0.433012701892 -0.25 3 -0.293892626146 -0.404508497187 3 -0.103955845409 -0.489073800367 3 0.103955845409 -0.489073800367 3 0.293892626146 -0.404508497187 3 0.433012701892 -0.25 3 0.497260947684 -0.0522642316338 3 0.475528258148 0.154508497187 3 0.371572412739 0.334565303179 3 0.203368321538 0.456772728821 0.2 1.22460635382e-16 0.5 0.4 1.22460635382e-16 0.5 0.6 1.22460635382e-16 0.5 0.8 1.22460635382e-16 0.5 1 1.22460635382e-16 0.5 1.2 1.22460635382e-16 0.5 1.4 1.22460635382e-16 0.5 1.6 1.22460635382e-16 0.5 1.8 1.22460635382e-16 0.5 2 1.22460635382e-16 0.5 2.2 1.22460635382e-16 0.5 2.4 1.22460635382e-16 0.5 2.6 1.22460635382e-16 0.5 2.8 1.22460635382e-16 0.5 0 -0.203368321538 0.456772728821 0 -0.371572412739 0.334565303179 0 -0.475528258148 0.154508497187 0 -0.497260947684 -0.0522642316338 0 -0.433012701892 -0.25 0 -0.293892626146 -0.404508497187 0 -0.103955845409 -0.489073800367 0 0.103955845409 -0.489073800367 0 0.293892626146 -0.404508497187 0 0.433012701892 -0.25 0 0.497260947684 -0.0522642316338 0 0.475528258148 0.154508497187 0 0.371572412739 0.334565303179 0 0.203368321538 0.456772728821 1.5 -0.170587221092 0.47 1.7 0.170587221086 0.470000000002 1.09998575638 0.170268858878 0.470115428056 2.1 -0.170587221092 0.47 0.9 -0.170587221092 0.47 0.173398053057 0.0166594701873 -0.499722384983 2.81501794146 -0.199998915937 -0.458258042618 2.82371130914 0.372613885222 -0.333404997773 0.179724988651 0.475528258148 -0.154508497187 0.168553707082 -0.47771676764 -0.147603150086 2.30007191389 0.170663909623 0.469972158699 2.81159077849 -0.493950082415 0.0775455742291 0.699945105853 0.169170619096 0.470511744417 0.5 -0.170587221092 0.47 2.81587091097 0.443778709603 0.230348555244 0.172244072768 0.441363940062 0.23494227464 2.5 -0.170587221092 0.47 0.173325631822 -0.439391067996 0.238611586822 2.69272736324 0.163537143577 0.472499314995 2.81374455628 -0.300238947269 0.399820677983 0.307451658748 0.162487856017 0.472861181159 1.90000757031 0.170648451338 0.469977771874 1.79988623478 0.321188571366 0.383194339238 1.59966659415 0.320926794564 0.383413605042 1.69944792439 0.433251456903 0.249586007403 1.9005102255 0.433274061706 0.24954676406 1.80029576343 0.492770467792 0.0847187468767 1.59806178 0.492704538824 0.0851013361972 1.69886682434 0.491714110325 -0.0906489586678 1.49594593924 0.491786314137 -0.0902564193142 1.90190309497 0.491679155273 -0.0908383634255 1.8002656429 0.429771115459 -0.255532362563 2.00367375425 0.429695553363 -0.255659405109 1.90166054926 0.314152080494 -0.388983894681 2.10548084794 0.31412945235 -0.389002168589 2.00360989433 0.159292554392 -0.473947130084 1.7996479247 0.159444145731 -0.473896153595 1.9014451103 -0.0153446708799 -0.499764485609 1.69755023745 -0.0151160100598 -0.499771454007 1.79922608956 -0.187996086175 -0.463311419655 1.59543942536 -0.187736171896 -0.463416799179 2.00220044573 -0.188385866031 -0.463153069168 1.69704022531 -0.337087099488 -0.369286186255 1.49322318564 -0.336939942974 -0.369420458054 1.39150018807 -0.187400795356 -0.463552523345 1.28920528023 -0.336870586496 -0.369483704585 1.18735979427 -0.187058534893 -0.463690742331 1.08495349998 -0.336819513322 -0.369530263234 0.98266039616 -0.186739627091 -0.463819266174 1.08523257536 -0.0132305729568 -0.499824921287 2.10454171076 0.491682295938 -0.0908213623633 1.18708952817 -0.444352282242 -0.229240156313 0.982976624456 -0.444418996849 -0.2291107925 0.880351782713 -0.0128345636638 -0.499835246832 0.98262950998 0.162700383282 -0.47278809765 0.777854031969 0.162907398589 -0.472716806857 0.879945602113 0.318237685159 -0.385648513215 0.778019383969 -0.186356555889 -0.463973311816 2.20780059287 0.159104744291 -0.474010211224 1.59475671851 -0.444206127628 -0.229523236684 1.79809407705 -0.444335677058 -0.229272340446 1.18725858023 0.162027592467 -0.473019089762 1.69631055434 -0.496206156737 -0.0614772316881 1.89914714625 -0.496253314578 -0.0610953989269 1.08506706924 -0.496327238927 -0.060491915979 0.881081464787 -0.496356913064 -0.0602479448108 1.79711066679 -0.486731139258 0.11442376535 1.39490240323 0.492585004981 0.0857905173564 0.675492385664 0.318190590777 -0.38568737073 0.778081078375 0.432819064025 -0.250335091061 1.29269584397 0.491874366648 -0.0897753163987 2.30988134457 0.314371751962 -0.388806380565 2.41183282896 0.158459514223 -0.474226298672 1.19185052363 0.492441191473 0.0866121985678 1.5928970146 -0.486568334264 0.115114100314 2.00021039101 -0.486736911593 0.114399208447 2.10206088484 -0.496276411821 -0.0609074960074 2.20352205605 -0.486592912255 0.115010163652 2.30562362039 -0.496284554177 -0.0608411150864 0.983028970195 -0.486403827758 0.115807237867 0.779248010866 -0.486355951452 0.116008139744 0.676965667311 -0.496339546797 -0.060390846042 2.40703795654 -0.486466312136 0.11554448129 1.1863608224 -0.48643124681 0.1156920141 1.59565546488 0.159812544505 -0.473772044995 2.30896512629 -0.0162546141824 -0.499735717673 0.572560369793 0.163012681582 -0.472680511174 0.575282184733 -0.486253755006 0.116435758007 1.39362575053 0.430244224018 -0.254734975414 0.573338366009 0.432956577747 -0.250097184682 0.676061450502 0.493042269646 -0.083122321564 2.20365373327 -0.444149676932 -0.229632455201 2.40821358925 -0.444187325345 -0.229559621892 1.2957762714 0.432556192835 0.250789034929 1.89622819329 -0.417680635407 0.274850662735 2.30379602385 -0.417885791551 0.274538640667 1.08707104392 -0.417433588151 0.275225724604 1.28821798956 -0.417724282799 0.274784321896 1.09405416618 0.43215756405 0.251475326491 0.684595552216 -0.417339285369 0.275368699906 2.50582894309 -0.418361769224 0.273812764588 0.986792719906 0.492029785481 0.088919571521 0.88826930621 0.431363676934 0.25283468556 2.51433491092 -0.0164885135722 -0.499728054966 0.983660847547 0.432096305513 -0.251580569126 2.30656032352 -0.336846494841 -0.36950566831 2.50061430708 -0.333127574667 -0.372861930205 2.62789553727 -0.440940988491 -0.235735115477 0.482822095775 0.493992610609 -0.0772741914474 0.5746823937 0.490761463621 0.0956722834716 2.61794221794 0.159114258765 -0.474007017519 0.497995590952 -0.413501100135 0.281099342203 0.48215260837 -0.496569799963 -0.0584673735094 0.575923810775 -0.443973357747 -0.229973167155 1.1934966041 -0.305496069391 0.395818331544 0.358999946792 0.486792563395 0.114162166338 0.495699286128 0.421778693708 0.2685195217 2.60502703036 -0.48753993473 0.11092705731 0.347604036473 0.436787694659 -0.243344426265 0.691028270991 0.427597334276 0.259153467506 1.38968921645 -0.486504891431 0.115381933654 1.49199629908 -0.418616087781 0.273423793864 1.69576760617 -0.418493078527 0.273612030483 1.79385706884 -0.304214028735 0.396804517011 1.19018697877 0.430309949311 -0.254623933526 2.7062402925 -0.00814087028689 -0.499933721838 2.81112065471 0.185936476565 -0.464141817425 0.889233053447 -0.418412956813 0.273734538506 2.09842464061 -0.418656118927 0.273362495754 0.34491519752 -0.444708806752 -0.228547756929 0.467898208343 -0.336237419171 -0.370059992365 0.247515594911 -0.32126979262 -0.383126245968 0.375738142491 -0.190527031488 -0.462276378666 1.90001796225 -0.337147633913 -0.369230920898 1.39121019595 -0.444198965205 -0.229537097897 1.4928996866 -0.496208113764 -0.0614614337207 1.28916430844 -0.496256655243 -0.0610682579353 1.08720888402 0.492262722921 -0.0876208401128 2.10463774796 -0.0157536055981 -0.499751762289 1.50018876161 0.170483204164 0.470037740078 1.28948281355 -0.0140114698735 -0.499803640155 0.880593512892 -0.336617236793 -0.369714532977 2.10000792297 0.170707884731 0.469956187416 2.2 0.321358050195 0.383052220428 2.40048451179 0.321166060819 0.383213206163 2.30072938457 0.433730303975 0.248752936493 2.49020113858 0.430412696197 0.254450213112 2.4020288036 0.492920377233 0.0838421237138 2.63149943919 0.489200184393 0.103359467827 2.51024997717 0.491822963117 -0.09005649866 2.68237446081 0.493489927758 -0.0804219572091 2.63151868654 0.429022081164 -0.256787955079 2.49875937112 0.169321257525 0.470457555737 0.676467872554 -0.012952857391 -0.499832195327 1.3 0.170587221092 0.47 1.49804803688 0.43303150739 0.249967425093 0.899970825274 0.16962237275 0.470349073203 0.501868554494 0.166079944598 0.471611547783 1.49353330879 -0.0146669991951 -0.499784832838 1.69805449924 0.314384369612 -0.38879617815 0.7 -0.170587221092 0.47 2.00169567561 0.49275546523 0.084805963739 1.59676234574 0.429932811374 -0.25526021567 2.50368880957 -0.496279384135 -0.0608832726039 2.3 -0.170587221092 0.47 2.20668745663 0.429604436275 -0.255812486662 0.779027997621 -0.444222772942 -0.229491019432 2.00103760359 -0.444272219874 -0.229395280352 0.467340096806 0.319587149872 -0.384530952768 0.246293838059 0.310525333105 -0.391885209596 1.39189356756 0.16064733975 -0.473489632655 1.49472238301 0.314970660193 -0.388321365904 0.3 -0.170587221092 0.47 2.00023159379 0.321254415507 0.383139139892 0.783135291572 0.491418813469 0.0922363798529 0.676195457461 -0.336032955005 -0.370245665945 1.28975548107 0.316208186269 -0.387314320593 2.10293728345 -0.337219524878 -0.369165263861 0.573802504302 -0.185612202844 -0.464271590941 1.39894715666 0.320680582493 0.383619556347 2.69580063537 -0.424362339372 0.264417482257 0.346189004849 0.145415820344 -0.47838712273 1.08492643511 0.317735362757 -0.386062481023 0.88256640378 0.492662624384 -0.0853436496454 2.10097446713 0.433279235729 0.249537780478 2.60319694437 -0.186926259479 -0.463744081921 0.179346032131 -0.497188884085 0.0529453826301 0.36472672306 -0.483090530662 0.128932304659 2.59730042315 0.312517657314 0.390298237079 2.20579455632 -0.18831911477 -0.463180214401 2.82416109696 -0.476626750639 -0.151085871529 2.8230985627 -0.376993926006 -0.328444180577 2.20237996038 0.492839709365 0.0843150097727 0.483466493931 -0.0206893258104 -0.499571768415 2.30514116099 0.491559571194 -0.0914832660539 2.4118478907 0.429261398467 -0.256387698195 1.19817529284 0.320280928462 0.383953287346 2.4077267611 -0.187658419979 -0.4634482899 0.173461732389 0.497949257102 0.0452386709801 0.996804690825 0.319734516801 0.384408427022 0.796031853407 0.317145231848 0.386547412249 2.50758598919 0.310878052176 -0.391605460477 2.81086676767 0.305529696189 0.395792375807 0.187430612833 0.303946593734 0.397009405628 0.187028883134 -0.302814746665 0.39787338338 1.30871805713 -0.165778657286 0.471717539199 2.69274783013 -0.16658782788 0.471432387095 2.82642360304 0.498243064736 0.0418789737471 0.597992485439 0.31355622518 0.389464367627 1.99561625186 -0.305681532052 0.395675120475 0.192479989482 -0.166906348204 -0.47131971201 0.400765178699 0.306223886494 0.395255526641 1.89495792532 -0.16351259763 0.4725078099 1.69927283512 -0.164130019577 0.472293697474 2.19937936247 -0.308824795831 0.393226710028 2.40130884349 -0.309056949246 0.393044275016 1.59368275814 -0.30844808468 0.393522272631 1.39249893051 -0.309846826624 0.392421895453 1.10284760024 -0.16435462444 0.472215583632 2.60237665904 -0.307898843855 0.393952156934 1.00003848029 -0.305763537258 0.395611753217 0.797061349525 -0.306636866719 0.394935225029 0.157410315162 0.177611949996 -0.467390623803 0.6 -0.303738993727 0.397168256145 0.399530268762 -0.301710311034 0.398711535092 2.6775030753 -0.497195461648 -0.052883578896 2.67969765966 0.300039414358 -0.399970436197 2.85418874678 0.474900434238 -0.156427547321 0.306809025138 -0.497320589364 -0.0516936301149 2.86841734599 -0.432047377833 0.251664584929 2.66808007391 -0.320900347929 -0.383435739986 0.309788610966 0.496651760604 -0.0577670207708 0.15581482285 0.404107668131 -0.294443530337 2.66474267062 0.414329079932 0.27987749735 2.85115863407 -0.149294197153 0.477190991843 2.85503265058 0.145687349529 0.478304501533 0.144700887842 0.14269797332 0.479204850153 0.144967349415 -0.145687349529 0.478304501533 2.87312378625 -0.00105879374315 -0.499998878955 0.152429381887 -0.40844847833 -0.288391817758 0.321187592682 -0.397404855552 0.303429367042 0.328666890574 0.407566612095 0.289636766839 0.323430967002 -0.0415999836312 -0.498266436118 3 0.229644380354 -0.206772728821 3 -0.210926312022 0.291202884061 3 -0.236158491375 -0.213197466835 3 0.277426517959 0.155458352411 3 -0.000287247066894 -0.328116158544 3 0.0642482457919 0.302264231634 3 -0.307324166947 0.0323010715456 3 0.3553329153 -0.115454662901 3 0.189936780737 -0.0199631600882 3 0.101911856673 0.131254865231 3 0.00667219161396 -0.0309323457865 3 -0.114702109172 0.15285102681 3 0.0775436559957 -0.174165902949 3 -0.0885868671607 0.347714313875 3 0.219607818977 0.302264231634 3 -0.303882941114 0.191292560036 3 -0.151964593762 -0.341318065921 3 0.151964593762 -0.341318065921 3 0.367026010125 0.0337342733204 3 -0.3553329153 -0.115454662901 3 -0.170955237509 -0.0555467238407 3 -0.0791916203504 -0.190546110646 0 0.229644380354 -0.206772728821 0 -0.210926312022 0.291202884061 0 -0.236158491375 -0.213197466835 0 0.277426517959 0.155458352411 0 -0.000287247066894 -0.328116158544 0 0.0642482457919 0.302264231634 0 -0.307324166947 0.0323010715456 0 0.3553329153 -0.115454662901 0 0.189936780737 -0.0199631600882 0 0.101911856673 0.131254865231 0 0.00667219161396 -0.0309323457865 0 -0.114702109172 0.15285102681 0 0.0775436559957 -0.174165902949 0 -0.0885868671607 0.347714313875 0 0.219607818977 0.302264231634 0 -0.303882941114 0.191292560036 0 -0.151964593762 -0.341318065921 0 0.151964593762 -0.341318065921 0 0.367026010125 0.0337342733204 0 -0.3553329153 -0.115454662901 0 -0.170955237509 -0.0555467238407 0 -0.0791916203504 -0.190546110646 1.64986096349 0.000109215719623 0.000157571852095 2.34997748214 -1.0513475105e-05 0.000134841681315 0.749340652612 4.70626373367e-06 0.00217106367855 1.19970601344 -0.0162179654354 0.0473719570732 0.371642051178 -0.0209983212445 -0.118949055174 1.99993128079 0.0463804534169 0.12750105302 2.6619488787 -0.00372956440749 -0.154553719902 2.63021885095 0.0381493492745 0.172423633487 1.92193862321 -0.05437134738 -0.17474043655 0.481006514334 0.013238461192 0.185359109527 1.40184562648 0.132463862591 -0.146338591969 0.997258046365 0.00869033383384 -0.195720497736 2.1259575185 0.166351994824 -0.122988445164 1.42390917022 -0.198937262583 -0.0505803351705 0.974841144227 0.18640067191 0.09141393075 2.12219375053 -0.200027773016 0.00011499673981 1.4379377708 0.0993675072016 0.18632881774 0.968582672964 -0.204649294053 0.0134226283145 0.276789918119 0.201591739901 0.0837521198086 2.5562291023 -0.208587971425 0.0291353623368 1.84457604512 -0.197805468119 0.0900490622625 1.84505901161 0.207949720739 -0.0587129069437 0.548980880198 -0.213506611712 0.0127082723688 2.72377450984 0.22678925902 -0.0103686121424 0.539999190113 0.193399204483 -0.0298435539995 0.270344056519 -0.233005608403 0.0335072094975 0.903403040717 -0.0427022806148 0.226260394106 2.21981809316 -0.0815156927903 0.225254301808 2.2270797487 0.193999056907 0.144860290007 1.25197412348 -0.0799811484435 -0.223159586224 2.21062816867 -0.0710058425885 -0.220004821635 0.618752233468 -0.0444365635961 -0.234183207798 1.75760963783 0.0467160163114 0.240273054014 2.48173533478 0.198444087786 -0.130887443442 1.53342707724 -0.149756756786 0.187684328287 1.1492624523 0.210289301868 -0.109189327825 0.237057689349 -0.0511764073456 0.247860334983 0.697106720767 0.159553304093 0.202732878642 1.59550597851 -0.02391466839 -0.256766764783 1.69536864987 -0.226491198038 -0.123616652985 0.838482735116 0.207123291648 -0.131492768738 1.59232334357 0.253303732278 -0.0166589773977 2.45469391543 -0.149047329307 -0.199400455546 1.21002523039 0.228248979452 0.151868718105 0.673836228549 -0.140298741333 0.223767857111 0.803337057201 -0.201777881081 -0.174016691238 2.40537176176 0.0745157603614 0.264115909484 1.28991469578 -0.181177329876 0.206388211959 2.7805978752 -0.104720096911 0.0376049202702 1.12756597377 0.0346020247991 0.272202565748 1.19185617848 -0.272952088224 -0.0561587963823 2.51144749882 0.23924039407 0.106483875027 2.33238360213 -0.253725731524 0.102166820735 0.214905069855 0.070367166677 -0.267186941692 0.214997545322 -0.154914874464 -0.22099898951 2.49570855081 -0.137369033977 0.240933500672 2.79548932805 -0.122798241311 0.261097496199 2.8104897356 -0.0806453605574 -0.282793047787 2.80240532283 0.135425252892 -0.248538605286 2.71514603678 -0.243350357034 -0.14141603801 2.0236838501 0.266094009929 0.0707786710958 1.78171627015 0.107200362883 -0.252922753654 1.79998150043 0.252828157948 0.158060044476 1.91654349671 -0.271175379436 -0.111212915441 2.00677490718 -0.149041784328 0.236275870319 2.30559883807 0.131199571697 -0.256017214668 0.314120940328 0.252907311499 -0.151488427749 2.79595154681 0.19004554989 0.201328449204 1.06697387014 -0.194433213114 0.213792168827 0.759977547951 -0.269716229881 0.0625431249532 2.2950026923 -0.277716708877 -0.115076608839 1.03466327243 -0.208749941112 -0.197047617612 1.37829871087 0.292563138469 9.31026708709e-05 0.421291333574 -0.203288124222 0.197615973434 2.29705054999 0.277988388195 -0.0446652155223 2.5067886042 0.0571765200953 -0.294837242992 0.421138548843 -0.235248038977 -0.17288772252 1.58948717968 0.204251271232 -0.227815524176 0.804659150882 0.0565601921055 -0.284836017502 0.211656022511 -0.00383605023453 0.0330991378046 0.629073332364 0.173760661981 -0.228413365997 0.723511437114 0.291431411603 0.032273193054 2.05810693465 0.0584554760527 -0.294040889455 1.65181229968 -0.286193183695 0.0756708294705 1.72930660536 -0.159523348924 0.260296238261 1.44067879068 -0.166439405046 -0.25782062652 1.59428841234 0.237900204563 0.191727310321 0.47224119966 0.229147272991 0.172608778705 0.448215249742 0.0747677757968 -0.299177078952 1.23845613031 0.121340469454 -0.275175363654 1.40250455766 -0.00256063853618 0.0100945479135 2.08022356298 0.0378330116914 0.315558917516 0.99798692019 -0.00104439063312 0.00979693697875 1.32190330739 -0.0104368257032 0.312379037774 2.14680566937 0.00165525810143 -0.00570257536913</DataArray>
      </Points>
      <Cells>
        <DataArray type="Int32" Name="connectivity" format="ascii">200 345 357 368 200 244 345 368 52 327 316 349 64 367 349 418 202 416 369 420 331 339 336 351 23 347 363 365 221 346 361 394 333 353 340 355 273 302 379 387 221 361 339 394 336 339 331 352 202 369 214 420 343 352 77 413 217 65 393 422 214 369 341 420 332 338 337 364 64 340 367 418 369 416 341 420 340 353 335 355 333 335 353 355 181 366 345 371 324 310 248 367 200 357 345 380 217 393 336 422 77 343 76 352 243 200 244 345 181 345 227 371 55 273 302 379 323 349 247 367 339 369 83 370 243 200 345 380 221 361 346 401 226 342 366 371 23 347 183 363 247 349 64 367 85 339 221 361 352 392 77 413 317 316 327 349 221 211 346 394 226 100 342 371 337 338 332 350 135 221 211 346 52 242 327 349 273 379 224 387 135 221 346 401 333 353 335 362 202 184 416 420 347 365 23 424 19 18 368 375 226 100 98 342 360 416 184 420 52 349 316 397 183 363 347 417 55 350 224 379 316 349 317 397 164 365 344 378 55 350 379 390 335 355 333 362 83 369 339 392 83 177 339 370 338 354 337 364 171 265 357 400 85 221 339 394 55 224 273 379 346 383 358 395 293 55 302 379 148 366 181 371 171 357 399 400 19 368 357 375 336 217 391 393 358 383 172 395 338 364 332 382 29 338 62 398 255 64 349 418 224 379 350 387 341 416 360 420 346 172 383 395 317 321 384 410 324 248 356 367 56 19 18 368 344 365 164 414 339 370 177 394 202 214 184 420 44 23 365 424 85 177 221 394 340 368 18 375 336 352 331 363 314 349 323 367 181 145 227 345 25 395 363 422 349 367 340 418 247 64 280 367 219 376 362 407 148 181 227 371 85 339 177 394 164 165 365 378 331 351 336 363 226 366 148 371 265 375 357 400 337 297 354 379 256 363 25 395 256 24 25 363 29 387 338 398 354 364 338 382 164 378 344 381 384 397 317 410 342 371 100 409 201 18 340 368 346 351 119 395 297 337 354 389 98 342 100 409 23 183 45 363 55 269 350 390 92 376 342 409 199 347 137 403 171 357 265 399 183 45 363 417 200 357 19 368 165 164 365 414 217 336 391 422 217 391 359 422 255 64 247 349 62 29 28 338 23 365 363 415 314 323 247 367 76 352 343 391 224 350 386 387 347 374 137 403 77 78 76 343 77 78 343 413 309 317 321 384 309 316 317 397 199 223 137 347 201 340 64 418 64 340 17 367 337 229 388 390 247 280 314 367 55 269 161 350 345 374 243 380 61 324 248 356 172 346 119 395 92 101 376 409 161 224 55 350 339 346 336 351 226 366 342 420 125 376 353 400 362 376 353 407 29 28 338 387 93 360 342 402 146 345 244 368 342 376 92 402 296 354 379 398 200 19 56 368 127 381 348 399 201 17 64 340 123 127 348 399 74 352 76 391 86 83 369 370 85 339 361 413 337 373 229 390 127 378 164 381 275 242 52 349 157 376 219 407 93 90 360 402 157 353 376 407 336 343 339 352 83 339 81 392 123 348 127 381 339 361 346 394 83 82 369 392 223 137 347 374 309 317 384 397 349 317 397 410 324 320 310 367 83 86 177 370 132 341 366 420 98 226 342 420 44 22 23 424 258 172 358 383 226 148 100 371 270 389 364 406 284 356 248 404 201 56 18 368 199 347 403 417 132 366 341 403 76 343 94 391 125 157 353 376 52 275 349 397 119 351 346 394 341 369 214 408 352 372 75 408 339 343 336 425 243 244 146 345 323 314 247 280 28 386 338 387 240 243 374 380 17 340 57 404 296 354 297 379 350 373 207 401 75 352 72 372 132 366 168 420 17 367 340 404 176 407 362 419 223 347 198 374 17 57 216 404 250 386 28 387 65 25 363 422 293 55 379 390 24 65 25 363 356 367 248 404 339 336 346 425 217 359 187 422 53 328 356 385 385 407 176 419 232 338 196 377 57 340 18 375 17 216 367 404 337 388 229 406 129 361 373 406 132 168 220 420 227 345 145 412 119 351 138 395 75 372 72 408 178 89 381 416 227 371 345 412 297 295 299 389 198 374 347 424 287 354 294 389 74 76 94 391 135 211 120 346 176 286 385 419 142 345 145 374 297 354 295 389 90 93 92 402 299 308 297 388 196 62 28 338 314 318 349 367 378 381 127 399 93 342 92 402 196 232 62 338 339 331 369 370 229 373 337 406 314 318 323 349 337 350 332 373 352 363 336 393 335 353 340 404 164 179 344 414 172 121 346 383 222 362 176 407 258 358 172 395 335 340 356 404 201 64 255 418 340 335 356 410 338 377 232 382 146 345 368 412 196 338 28 377 142 145 117 374 263 224 386 387 142 243 345 374 340 356 404 410 103 344 179 370 195 354 364 389 331 339 369 392 84 86 83 369 171 399 348 400 132 168 366 403 29 62 279 398 339 351 331 370 61 248 284 356 243 46 200 380 82 83 81 392 297 308 379 388 129 361 241 373 337 373 332 406 178 381 344 416 159 349 275 397 348 399 357 400 92 97 101 409 217 228 359 391 359 377 54 422 136 207 373 401 179 370 344 414 89 360 381 416 127 141 164 378 337 332 364 406 143 353 155 375 331 363 352 393 296 295 297 354 256 363 395 415 222 176 362 419 152 159 275 397 171 265 264 399 335 349 340 355 92 342 97 409 18 57 17 340 199 223 347 417 198 380 374 424 120 346 211 394 334 341 366 374 23 44 365 415 334 341 374 421 75 77 76 352 338 379 354 398 132 220 341 420 83 177 85 339 297 379 337 388 334 342 360 402 86 370 369 416 195 364 270 389 331 363 347 365 330 384 321 410 201 368 340 418 332 350 338 386 129 373 241 406 223 198 240 374 344 370 103 416 335 407 385 419 98 342 93 420 109 348 96 376 334 342 402 423 151 136 207 373 86 369 84 416 172 119 138 395 337 354 338 379 353 375 143 400 180 164 344 381 324 356 320 367 106 110 394 414 132 73 403 408 72 352 70 372 224 350 144 386 129 396 361 406 89 381 360 402 28 377 338 386 121 119 172 346 316 309 276 397 372 403 73 408 128 214 369 408 70 372 352 393 66 217 65 393 193 194 354 364 335 356 353 404 240 374 198 380 342 360 93 420 187 359 54 422 232 62 338 398 316 276 52 397 294 354 271 389 189 188 359 382 338 350 337 379 274 229 373 390 338 382 232 398 206 75 72 408 217 228 187 359 18 17 201 340 106 110 107 394 351 394 110 414 96 376 348 402 384 385 286 419 29 279 292 398 334 341 360 420 189 382 359 405 29 292 387 398 341 403 374 421 334 366 341 420 20 357 200 380 366 374 341 403 188 377 359 382 285 255 247 349 120 119 346 394 334 360 381 402 331 352 339 392 83 85 81 339 155 375 353 404 123 140 127 399 178 344 103 416 132 114 168 403 19 204 18 375 274 388 229 390 143 131 155 353 222 237 176 419 340 349 335 410 339 352 343 413 53 356 173 385 89 95 381 402 352 75 392 408 140 378 127 399 208 358 377 386 26 54 377 422 193 364 354 382 334 402 381 423 164 118 179 414 131 353 143 400 169 229 388 406 23 257 44 415 75 77 352 392 258 139 172 383 114 366 168 403 346 351 339 394 125 210 157 376 339 392 352 413 142 240 243 374 240 46 243 380 132 403 341 408 350 338 386 387 379 387 296 398 113 411 371 412 259 258 358 383 108 348 123 381 120 135 346 401 330 321 319 410 127 140 141 378 26 377 358 422 337 364 354 389 19 357 204 375 340 353 333 375 287 295 294 354 344 369 331 370 245 270 364 406 85 221 233 361 106 394 370 414 259 383 358 386 305 290 58 398 347 363 331 417 331 369 344 421 57 340 375 404 149 361 221 401 332 338 377 386 352 392 331 408 333 357 345 368 206 72 372 408 352 331 372 408 207 383 350 401 359 391 336 422 208 377 27 386 123 348 171 399 109 108 96 348 202 128 214 369 330 385 384 410 179 103 178 344 195 354 194 364 381 402 348 423 353 362 333 376 164 141 165 378 173 385 356 407 365 378 44 424 338 332 377 382 333 355 340 368 285 255 349 418 96 348 108 402 312 323 318 349 201 252 368 418 350 379 338 387 308 307 379 388 44 365 261 378 364 389 337 406 277 382 354 398 329 356 328 385 98 93 105 420 54 359 188 377 241 361 149 373 171 348 123 400 66 65 363 393 165 118 164 414 54 187 188 359 178 89 95 381 272 356 156 407 334 381 348 423 332 350 383 401 44 378 261 424 108 123 127 381 222 362 237 419 327 59 312 349 338 387 379 398 70 352 74 391 92 93 97 342 109 348 376 400 332 373 350 401 156 356 353 407 363 395 336 422 132 206 73 408 19 48 204 357 208 259 358 386 173 53 272 356 193 194 192 354 121 120 346 401 295 305 294 354 81 339 85 413 186 217 187 422 24 363 256 415 378 380 262 424 180 164 179 344 242 59 327 349 341 416 369 421 262 357 20 380 86 87 370 416 331 352 372 393 94 391 343 405 342 333 376 423 85 361 182 413 204 357 48 375 276 309 384 397 89 360 91 402 186 187 54 422 331 393 372 417 231 353 156 356 227 145 218 412 215 220 214 341 340 333 368 375 262 380 378 399 331 363 393 417 342 376 333 409 133 134 355 412 133 355 411 412 233 149 241 361 121 120 119 346 126 144 350 383 214 341 220 420 85 233 182 361 106 370 179 414 129 361 102 413 152 355 153 418 357 380 262 399 345 333 368 412 345 371 366 423 366 371 342 423 361 396 102 413 344 369 416 421 188 232 377 382 352 391 70 393 51 354 195 389 224 144 263 386 189 191 382 405 343 352 336 391 102 361 129 396 48 357 265 375 92 101 185 376 89 91 95 402 27 377 28 386 71 199 403 417 306 234 293 390 333 348 357 400 336 351 346 395 348 381 108 402 69 391 217 393 103 179 106 370 214 215 341 408 92 376 185 402 93 98 97 342 109 376 210 400 101 362 376 409 71 372 70 393 66 363 45 417 346 383 121 401 76 209 94 343 210 376 125 400 215 132 220 341 87 103 370 416 350 383 144 386 71 403 372 417 200 56 244 368 344 370 331 414 193 354 192 382 81 392 339 413 259 139 258 383 126 350 207 383 332 377 358 386 154 389 270 406 262 48 20 357 219 101 362 376 138 167 395 415 178 180 344 381 209 343 78 396 138 395 351 415 89 90 91 360 277 354 58 398 334 344 378 381 53 283 328 385 271 354 51 389 75 76 74 352 344 331 365 414 272 231 156 356 358 377 359 422 295 354 287 389 94 236 391 405 206 372 73 408 328 315 53 356 353 356 231 404 336 363 351 395 144 161 126 350 182 361 129 413 332 359 377 382 146 368 163 412 308 289 307 388 259 258 208 358 347 372 331 421 318 349 367 410 331 341 369 421 332 358 383 386 29 250 28 387 224 161 144 350 355 397 133 411 70 72 74 352 207 350 269 390 357 368 333 375 201 252 56 368 204 48 265 375 348 376 333 423 180 127 164 381 364 332 396 406 334 381 378 399 344 381 360 416 334 360 341 421 341 331 369 408 109 210 125 400 332 359 382 405 104 177 370 394 262 48 357 399 327 312 317 349 66 393 363 417 353 376 333 400 221 149 233 361 182 129 102 413 94 343 209 405 360 416 341 421 192 354 277 382 344 334 360 381 296 295 354 398 203 392 75 408 123 348 109 400 293 234 55 390 86 104 177 370 91 360 90 402 122 383 207 401 202 184 88 416 345 371 333 412 379 388 307 390 77 392 79 413 146 142 243 345 340 404 367 410 277 232 382 398 149 373 361 401 334 348 381 399 86 84 87 416 178 180 179 344 109 123 108 348 20 200 46 380 233 241 129 361 98 97 342 409 249 378 262 424 198 223 183 347 347 403 372 421 369 370 344 416 152 153 159 418 342 334 366 423 27 28 60 386 341 372 331 408 126 207 122 383 154 169 389 406 86 87 103 370 111 71 199 403 121 122 120 401 184 93 360 420 143 375 265 400 333 362 355 411 317 319 321 410 333 357 375 400 200 20 19 357 205 70 74 391 23 363 257 415 351 370 339 394 346 361 339 425 347 374 334 424 332 346 361 401 351 363 331 415 342 376 348 423 193 195 194 364 171 143 265 400 98 105 226 420 249 44 261 424 343 396 209 405 173 356 272 407 351 331 414 415 71 372 393 417 119 110 138 351 257 23 24 363 261 365 165 378 81 79 392 413 239 209 396 405 347 331 372 417 146 244 163 368 355 362 335 419 120 107 119 394 109 96 210 376 53 315 230 356 198 347 183 424 236 189 359 405 215 132 341 408 204 57 18 375 332 383 350 386 76 78 209 343 183 67 45 417 172 139 121 383 341 331 372 421 189 190 188 382 71 72 70 372 100 409 371 411 359 391 236 405 365 414 331 415 374 380 334 424 334 366 345 374 219 101 222 362 250 60 28 386 351 395 363 415 364 382 193 405 222 176 174 407 239 209 115 396 133 355 152 397 346 332 358 383 340 355 349 418 183 347 223 417 349 355 335 397 188 232 196 377 138 351 166 415 355 411 362 419 332 361 346 425 342 333 371 409 84 83 82 369 330 329 385 410 329 328 311 385 64 16 280 367 334 344 360 421 80 81 79 392 146 145 142 345 150 274 373 390 333 355 371 411 72 75 74 352 346 358 332 425 178 103 87 416 100 112 409 411 78 396 343 413 100 371 112 411 208 27 60 386 58 277 192 354 262 378 158 399 370 394 351 414 372 403 341 421 341 403 372 408 138 110 166 351 248 367 216 404 332 359 358 377 333 345 357 423 369 331 392 408 16 64 17 367 249 261 378 424 333 342 371 423 340 367 349 410 332 396 343 405 163 412 368 418 165 365 260 414 184 93 90 360 355 333 371 412 199 137 111 403 332 383 346 401 263 386 250 387 332 382 364 405 158 262 249 378 166 165 260 414 71 393 68 417 302 298 379 387 362 409 197 411 143 155 267 375 345 366 334 423 363 365 331 415 335 385 384 419 362 407 335 419 177 211 221 394 184 360 88 416 345 334 374 380 46 240 198 380 333 376 362 409 115 209 78 396 335 362 353 407 332 396 361 425 57 375 267 404 166 351 110 414 332 343 396 425 283 53 173 385 325 254 313 385 212 133 397 411 344 334 378 421 374 403 347 421 67 66 45 417 195 51 271 354 289 307 388 390 195 245 270 364 378 421 334 424 123 171 140 399 333 357 348 423 231 131 156 353 228 236 359 391 335 397 384 410 260 414 365 415 281 310 322 367 150 274 229 373 293 379 307 390 135 149 221 401 153 412 163 418 150 373 151 390 101 197 362 409 65 45 66 363 283 311 328 385 267 375 155 404 166 414 260 415 257 363 24 415 292 296 387 398 55 234 269 390 331 344 365 421 306 293 307 390 259 144 383 386 285 247 59 349 131 125 353 400 134 152 355 412 333 371 345 423 207 269 151 390 361 396 343 425 303 235 289 388 151 150 136 373 296 379 298 387 122 121 383 401 281 248 310 367 26 54 27 377 161 207 126 350 271 194 195 354 71 70 68 393 324 61 315 356 272 53 230 356 133 134 152 355 359 405 332 425 356 385 329 410 371 409 333 411 187 189 188 359 362 333 409 411 275 159 242 349 344 416 360 421 129 241 147 406 69 70 391 393 106 104 370 394 213 309 326 384 348 333 376 400 268 248 216 404 239 396 364 405 331 365 347 421 347 334 421 424 332 361 373 401 113 371 227 412 75 203 77 392 205 69 70 391 351 414 166 415 192 251 58 354 336 359 358 425 334 399 380 423 329 315 328 356 219 157 210 376 223 240 137 374 358 359 332 425 346 395 358 425 156 125 157 353 348 376 342 402 345 334 380 423 344 378 365 421 124 123 109 400 153 355 152 412 253 138 167 395 115 245 364 396 78 102 396 413 260 365 44 415 361 413 339 425 124 171 123 400 343 332 405 425 77 79 78 413 380 399 357 423 367 404 356 410 330 319 329 410 358 359 336 422 157 219 174 407 21 262 380 424 191 193 382 405 207 161 269 350 228 217 69 391 134 153 152 412 168 148 226 366 336 358 395 425 351 331 370 414 276 384 213 397 80 79 77 392 239 115 364 396 153 355 412 418 140 158 378 399 332 364 396 405 128 369 82 392 337 388 379 390 140 158 141 378 168 366 226 420 236 191 189 405 113 227 134 412 100 113 112 371 147 229 169 406 130 362 197 411 114 181 168 366 183 223 67 417 182 233 129 361 343 339 413 425 307 289 306 390 289 235 306 390 336 395 346 425 256 395 167 415 141 261 165 378 355 368 333 412 230 315 61 356 130 197 409 411 214 128 215 408 163 368 252 418 343 405 359 425 333 375 353 400 189 228 236 359 276 309 213 384 334 374 347 421 27 196 28 377 254 384 313 385 176 237 286 419 99 100 112 409 106 107 104 394 350 373 337 390 345 380 357 423 20 48 19 357 353 356 335 407 257 260 44 415 137 374 117 403 289 388 235 390 239 115 245 364 302 298 293 379 384 385 335 410 23 45 24 363 258 47 358 395 181 148 168 366 320 367 356 410 112 371 113 411 212 411 397 419 245 154 270 406 65 217 186 422 89 88 90 360 307 297 308 379 156 353 157 407 352 336 391 393 138 166 167 415 139 259 144 383 74 94 205 391 156 131 125 353 254 49 313 384 57 268 216 404 101 197 222 362 88 360 89 416 188 190 232 382 324 315 320 356 73 372 71 403 369 392 128 408 268 284 248 404 150 151 274 390 334 348 399 423 340 368 355 418 220 168 226 420 286 384 254 385 354 382 338 398 231 356 284 404 50 235 303 388 213 326 266 384 343 359 391 425 273 224 63 387 372 403 347 417 21 249 262 424 300 29 292 387 262 264 48 399 80 82 81 392 111 137 117 403 51 195 270 389 318 317 349 410 133 152 162 397 175 325 311 385 314 280 16 367 178 95 180 381 312 318 317 349 91 90 92 402 364 396 245 406 261 44 260 365 295 287 299 389 355 335 397 419 320 356 329 410 88 184 90 360 153 163 160 418 26 208 47 358 349 397 335 410 16 17 216 367 336 391 359 425 213 397 384 419 65 24 45 363 251 194 271 354 261 260 165 365 185 376 96 402 192 194 251 354 61 284 231 356 66 69 217 393 159 59 242 349 73 71 111 403 334 378 380 399 172 138 253 395 197 237 362 419 253 167 256 395 325 313 330 385 304 282 291 389 197 362 130 419 227 113 148 371 128 82 80 392 239 364 193 405 99 130 197 409 206 203 75 408 129 116 396 406 136 373 149 401 81 85 182 413 176 286 254 385 26 358 47 422 72 73 206 372 343 391 336 425 189 191 190 382 371 411 355 412 235 388 274 390 234 306 235 390 184 105 93 420 258 172 253 395 205 94 236 391 322 314 16 367 337 379 350 390 204 267 57 375 353 375 340 404 343 413 361 425 187 228 189 359 285 349 159 418 335 385 356 410 256 25 47 395 252 201 255 418 343 391 359 405 257 24 256 415 355 397 411 419 146 163 218 412 47 208 258 358 263 63 224 387 84 369 202 416 99 130 409 411 208 60 259 386 96 185 210 376 25 47 395 422 212 133 162 397 100 148 113 371 198 183 22 424 163 252 160 418 334 380 378 424 326 213 276 309 99 409 112 411 286 49 254 384 186 54 26 422 250 263 60 386 116 245 396 406 59 159 285 349 212 397 213 419 282 388 291 389 281 322 16 367 101 97 197 409 130 362 411 419 358 395 47 422 150 149 136 373 203 128 392 408 169 388 282 389 98 100 99 409 313 384 330 385 232 246 62 398 198 21 380 424 197 130 237 419 126 122 121 383 46 198 21 380 94 209 238 405 315 329 320 356 292 296 298 387 173 272 156 407 197 237 222 362 230 61 231 356 241 150 229 373 115 78 102 396 357 399 348 423 229 274 50 388 82 128 202 369 238 239 193 405 219 185 101 376 213 384 225 419 128 80 203 392 118 106 179 414 348 402 342 423 356 385 335 407 215 206 132 408 236 94 238 405 276 38 326 309 235 50 274 388 171 124 143 400 311 175 35 325 296 290 295 398 176 385 175 407 57 267 268 404 150 241 149 373 68 393 66 417 191 193 192 382 131 124 125 400 230 231 272 356 117 137 142 374 109 125 124 400 318 367 320 410 131 143 124 400 267 265 143 375 104 103 106 370 88 84 202 416 58 290 301 398 126 139 144 383 152 275 162 397 228 205 236 391 72 71 73 372 244 56 252 368 120 211 107 394 21 262 20 380 258 253 47 395 190 277 232 382 278 29 300 387 310 320 322 367 154 169 170 389 67 68 66 417 137 240 142 374 304 170 282 389 368 412 355 418 115 116 245 396 244 252 163 368 289 303 7 235 120 122 135 401 36 313 325 254 132 73 114 403 104 86 103 370 216 248 281 367 112 113 133 411 302 288 298 387 136 122 207 401 82 202 84 369 62 246 279 398 171 264 140 399 296 297 298 379 191 238 193 405 238 209 239 405 54 188 196 377 153 160 159 418 225 384 286 419 52 162 275 397 129 147 116 406 279 301 292 398 178 87 89 416 175 311 283 385 170 169 282 389 304 287 51 389 239 245 195 364 102 129 116 396 203 80 77 392 166 118 165 414 193 239 195 364 313 321 330 384 259 263 144 386 263 250 63 387 325 175 254 385 58 301 246 398 212 213 225 419 303 50 7 235 248 31 310 324 282 303 291 388 249 22 44 424 228 69 205 391 58 14 301 290 199 67 223 417 91 92 185 402 299 291 308 388 276 162 52 397 111 117 114 403 343 396 361 413 302 273 3 288 4 55 273 302 213 38 326 276 108 127 180 381 96 95 91 402 79 102 78 413 291 388 299 389 173 175 385 407 246 232 277 398 219 210 185 376 314 320 318 367 204 265 267 375 155 231 284 404 304 51 170 389 279 246 301 398 326 309 321 384 46 21 20 380 173 175 283 385 158 249 261 378 174 176 175 407 50 169 229 388 336 395 358 422 147 169 154 406 42 312 59 323 16 1 314 322 68 199 71 417 98 99 97 409 318 319 317 410 281 16 216 367 154 170 270 389 27 54 196 377 282 50 303 388 139 126 121 383 246 14 301 58 190 192 277 382 290 58 13 305 227 218 134 412 29 0 300 292 49 37 313 326 63 3 273 288 55 4 293 302 326 266 38 213 298 307 293 379 184 214 105 420 99 112 130 411 104 211 177 394 294 11 287 51 384 397 335 419 190 191 192 382 267 155 268 404 247 42 59 323 289 6 306 235 225 49 286 384 256 47 253 395 236 238 191 405 141 158 261 378 305 58 13 251 51 10 287 304 283 175 35 311 91 185 96 402 254 36 313 49 303 289 308 388 327 312 59 41 285 159 160 418 108 180 95 381 220 226 105 420 278 300 288 387 25 65 186 422 319 320 329 410 1 16 314 280 322 320 314 367 304 51 10 170 242 327 59 41 264 262 158 399 37 49 266 326 153 218 163 412 110 106 118 414 63 278 288 387 278 250 29 387 79 81 182 413 212 162 213 397 167 166 260 415 311 325 330 385 326 321 313 384 311 330 329 385 156 157 173 407 0 29 279 292 154 245 116 406 259 60 263 386 324 248 31 61 97 99 197 409 257 256 167 415 130 411 212 419 50 8 282 303 300 292 298 387 303 8 282 291 25 26 47 422 68 70 69 393 325 175 35 254 162 276 213 397 166 110 118 414 115 102 116 396 73 111 114 403 304 291 299 389 234 306 6 235 252 255 160 418 136 149 135 401 9 304 282 291 269 234 151 390 79 182 102 413 140 264 158 399 107 211 104 394 112 133 212 411 214 220 105 420 87 84 88 416 203 215 128 408 16 1 322 281 153 134 218 412 9 304 170 282 68 69 66 393 305 12 294 271 318 320 319 410 87 88 89 416 11 294 271 51 198 22 21 424 213 266 225 384 254 175 176 385 112 212 130 411 49 225 266 384 246 277 58 398 235 274 151 390 29 0 278 300 297 307 298 379 12 305 251 271 154 116 147 406 234 235 151 390 173 174 175 407 257 167 260 415 68 67 199 417 203 206 215 408 173 157 174 407 270 170 51 389 230 33 32 315 281 30 310 248 122 136 135 401 303 308 291 388 50 282 169 388 285 160 255 418 22 249 21 424 225 286 237 419 2 63 278 288 39 276 316 309 25 186 26 422 130 212 225 419 288 300 298 387 310 322 30 281 155 284 268 404 13 14 58 290 288 278 2 300 7 6 289 235 290 296 301 398 5 4 293 55 36 37 313 49 301 296 292 398 287 11 10 51 312 59 41 42 299 287 304 389 328 283 34 311 63 2 3 288 30 31 310 248 250 278 63 387 130 225 237 419 39 276 52 316 50 7 8 303 43 323 247 280 39 38 276 309 40 39 52 316 301 279 15 246 327 242 40 41 314 323 43 280 13 12 305 251 43 1 314 280 10 9 304 170 15 279 301 292 283 35 34 311 279 15 0 292 35 36 325 254 53 283 34 328 31 32 324 61 34 33 53 328 323 247 42 43 282 8 9 291 15 14 301 246 278 0 2 300 306 6 5 234 322 1 30 281 38 37 266 326 3 4 273 302 12 11 294 271 393 422 363 336 363 422 393 65 366 374 181 345 145 181 374 345 145 374 181 117 424 183 23 347 424 23 183 22 389 297 388 299 389 388 297 337 398 305 295 354 398 295 305 290 412 145 146 345 412 146 145 218 327 52 40 242 327 40 52 316 420 334 342 360 420 342 334 366 388 406 389 169 389 406 388 337 418 152 349 159 418 349 152 355 397 349 152 159 397 152 349 355 390 207 373 151 390 373 207 350 412 133 113 411 412 113 133 134 377 208 26 358 377 26 208 27 407 222 219 174 407 219 222 362 354 58 305 251 354 305 58 398 394 110 119 351 394 119 110 107 406 241 229 373 406 229 241 147 406 361 332 396 406 332 361 373 399 48 265 264 399 265 48 357 53 315 33 230 33 315 53 328 421 424 365 347 365 424 421 378 353 155 231 131 353 231 155 404 271 305 354 294 271 354 305 251 108 402 95 96 95 402 108 381 294 51 389 271 389 51 294 287 59 323 349 247 349 323 59 312 288 273 387 302 288 387 273 63 293 234 5 55 5 234 293 306 61 315 32 324 32 315 61 230 49 326 384 266 384 326 49 313 374 181 403 366 374 403 181 117 114 403 181 366 114 181 403 117</DataArray>
        <DataArray type="Int32" Name="offsets" format="ascii">4 8 12 16 20 24 28 32 36 40 44 48 52 56 60 64 68 72 76 80 84 88 92 96 100 104 108 112 116 120 124 128 132 136 140 144 148 152 156 160 164 168 172 176 180 184 188 192 196 200 204 208 212 216 220 224 228 232 236 240 244 248 252 256 260 264 268 272 276 280 284 288 292 296 300 304 308 312 316 320 324 328 332 336 340 344 348 352 356 360 364 368 372 376 380 384 388 392 396 400 404 408 412 416 420 424 428 432 436 440 444 448 452 456 460 464 468 472 476 480 484 488 492 496 500 504 508 512 516 520 524 528 532 536 540 544 548 552 556 560 564 568 572 576 580 584 588 592 596 600 604 608 612 616 620 624 628 632 636 640 644 648 652 656 660 664 668 672 676 680 684 688 692 696 700 704 708 712 716 720 724 728 732 736 740 744 748 752 756 760 764 768 772 776 780 784 788 792 796 800 804 808 812 816 820 824 828 832 836 840 844 848 852 856 860 864 868 872 876 880 884 888 892 896 900 904 908 912 916 920 924 928 932 936 940 944 948 952 956 960 964 968 972 976 980 984 988 992 996 1000 1004 1008 1012 1016 1020 1024 1028 1032 1036 1040 1044 1048 1052 1056 1060 1064 1068 1072 1076 1080 1084 1088 1092 1096 1100 1104 1108 1112 1116 1120 1124 1128 1132 1136 1140 1144 1148 1152 1156 1160 1164 1168 1172 1176 1180 1184 1188 1192 1196 1200 1204 1208 1212 1216 1220 1224 1228 1232 1236 1240 1244 1248 1252 1256 1260 1264 1268 1272 1276 1280 1284 1288 1292 1296 1300 1304 1308 1312 1316 1320 1324 1328 1332 1336 1340 1344 1348 1352 1356 1360 1364 1368 1372 1376 1380 1384 1388 1392 1396 1400 1404 1408 1412 1416 1420 1424 1428 1432 1436 1440 1444 1448 1452 1456 1460 1464 1468 1472 1476 1480 1484 1488 1492 1496 1500 1504 1508 1512 1516 1520 1524 1528 1532 1536 1540 1544 1548 1552 1556 1560 1564 1568 1572 1576 1580 1584 1588 1592 1596 1600 1604 1608 1612 1616 1620 1624 1628 1632 1636 1640 1644 1648 1652 1656 1660 1664 1668 1672 1676 1680 1684 1688 1692 1696 1700 1704 1708 1712 1716 1720 1724 1728 1732 1736 1740 1744 1748 1752 1756 1760 1764 1768 1772 1776 1780 1784 1788 1792 1796 1800 1804 1808 1812 1816 1820 1824 1828 1832 1836 1840 1844 1848 1852 1856 1860 1864 1868 1872 1876 1880 1884 1888 1892 1896 1900 1904 1908 1912 1916 1920 1924 1928 1932 1936 1940 1944 1948 1952 1956 1960 1964 1968 1972 1976 1980 1984 1988 1992 1996 2000 2004 2008 2012 2016 2020 2024 2028 2032 2036 2040 2044 2048 2052 2056 2060 2064 2068 2072 2076 2080 2084 2088 2092 2096 2100 2104 2108 2112 2116 2120 2124 2128 2132 2136 2140 2144 2148 2152 2156 2160 2164 2168 2172 2176 2180 2184 2188 2192 2196 2200 2204 2208 2212 2216 2220 2224 2228 2232 2236 2240 2244 2248 2252 2256 2260 2264 2268 2272 2276 2280 2284 2288 2292 2296 2300 2304 2308 2312 2316 2320 2324 2328 2332 2336 2340 2344 2348 2352 2356 2360 2364 2368 2372 2376 2380 2384 2388 2392 2396 2400 2404 2408 2412 2416 2420 2424 2428 2432 2436 2440 2444 2448 2452 2456 2460 2464 2468 2472 2476 2480 2484 2488 2492 2496 2500 2504 2508 2512 2516 2520 2524 2528 2532 2536 2540 2544 2548 2552 2556 2560 2564 2568 2572 2576 2580 2584 2588 2592 2596 2600 2604 2608 2612 2616 2620 2624 2628 2632 2636 2640 2644 2648 2652 2656 2660 2664 2668 2672 2676 2680 2684 2688 2692 2696 2700 2704 2708 2712 2716 2720 2724 2728 2732 2736 2740 2744 2748 2752 2756 2760 2764 2768 2772 2776 2780 2784 2788 2792 2796 2800 2804 2808 2812 2816 2820 2824 2828 2832 2836 2840 2844 2848 2852 2856 2860 2864 2868 2872 2876 2880 2884 2888 2892 2896 2900 2904 2908 2912 2916 2920 2924 2928 2932 2936 2940 2944 2948 2952 2956 2960 2964 2968 2972 2976 2980 2984 2988 2992 2996 3000 3004 3008 3012 3016 3020 3024 3028 3032 3036 3040 3044 3048 3052 3056 3060 3064 3068 3072 3076 3080 3084 3088 3092 3096 3100 3104 3108 3112 3116 3120 3124 3128 3132 3136 3140 3144 3148 3152 3156 3160 3164 3168 3172 3176 3180 3184 3188 3192 3196 3200 3204 3208 3212 3216 3220 3224 3228 3232 3236 3240 3244 3248 3252 3256 3260 3264 3268 3272 3276 3280 3284 3288 3292 3296 3300 3304 3308 3312 3316 3320 3324 3328 3332 3336 3340 3344 3348 3352 3356 3360 3364 3368 3372 3376 3380 3384 3388 3392 3396 3400 3404 3408 3412 3416 3420 3424 3428 3432 3436 3440 3444 3448 3452 3456 3460 3464 3468 3472 3476 3480 3484 3488 3492 3496 3500 3504 3508 3512 3516 3520 3524 3528 3532 3536 3540 3544 3548 3552 3556 3560 3564 3568 3572 3576 3580 3584 3588 3592 3596 3600 3604 3608 3612 3616 3620 3624 3628 3632 3636 3640 3644 3648 3652 3656 3660 3664 3668 3672 3676 3680 3684 3688 3692 3696 3700 3704 3708 3712 3716 3720 3724 3728 3732 3736 3740 3744 3748 3752 3756 3760 3764 3768 3772 3776 3780 3784 3788 3792 3796 3800 3804 3808 3812 3816 3820 3824 3828 3832 3836 3840 3844 3848 3852 3856 3860 3864 3868 3872 3876 3880 3884 3888 3892 3896 3900 3904 3908 3912 3916 3920 3924 3928 3932 3936 3940 3944 3948 3952 3956 3960 3964 3968 3972 3976 3980 3984 3988 3992 3996 4000 4004 4008 4012 4016 4020 4024 4028 4032 4036 4040 4044 4048 4052 4056 4060 4064 4068 4072 4076 4080 4084 4088 4092 4096 4100 4104 4108 4112 4116 4120 4124 4128 4132 4136 4140 4144 4148 4152 4156 4160 4164 4168 4172 4176 4180 4184 4188 4192 4196 4200 4204 4208 4212 4216 4220 4224 4228 4232 4236 4240 4244 4248 4252 4256 4260 4264 4268 4272 4276 4280 4284 4288 4292 4296 4300 4304 4308 4312 4316 4320 4324 4328 4332 4336 4340 4344 4348 4352 4356 4360 4364 4368 4372 4376 4380 4384 4388 4392 4396 4400 4404 4408 4412 4416 4420 4424 4428 4432 4436 4440 4444 4448 4452 4456 4460 4464 4468 4472 4476 4480 4484 4488 4492 4496 4500 4504 4508 4512 4516 4520 4524 4528 4532 4536 4540 4544 4548 4552 4556 4560 4564 4568 4572 4576 4580 4584 4588 4592 4596 4600 4604 4608 4612 4616 4620 4624 4628 4632 4636 4640 4644 4648 4652 4656 4660 4664 4668 4672 4676 4680 4684 4688 4692 4696 4700 4704 4708 4712 4716 4720 4724 4728 4732 4736 4740 4744 4748 4752 4756 4760 4764 4768 4772 4776 4780 4784 4788 4792 4796 4800 4804 4808 4812 4816 4820 4824 4828 4832 4836 4840 4844 4848 4852 4856 4860 4864 4868 4872 4876 4880 4884 4888 4892 4896 4900 4904 4908 4912 4916 4920 4924 4928 4932 4936 4940 4944 4948 4952 4956 4960 4964 4968 4972 4976 4980 4984 4988 4992 4996 5000 5004 5008 5012 5016 5020 5024 5028 5032 5036 5040 5044 5048 5052 5056 5060 5064 5068 5072 5076 5080 5084 5088 5092 5096 5100 5104 5108 5112 5116 5120 5124 5128 5132 5136 5140 5144 5148 5152 5156 5160 5164 5168 5172 5176 5180 5184 5188 5192 5196 5200 5204 5208 5212 5216 5220 5224 5228 5232 5236 5240 5244 5248 5252 5256 5260 5264 5268 5272 5276 5280 5284 5288 5292 5296 5300 5304 5308 5312 5316 5320 5324 5328 5332 5336 5340 5344 5348 5352 5356 5360 5364 5368 5372 5376 5380 5384 5388 5392 5396 5400 5404 5408 5412 5416 5420 5424 5428 5432 5436 5440 5444 5448 5452 5456 5460 5464 5468 5472 5476 5480 5484 5488 5492 5496 5500 5504 5508 5512 5516 5520 5524 5528 5532 5536 5540 5544 5548 5552 5556 5560 5564 5568 5572 5576 5580 5584 5588 5592 5596 5600 5604 5608 5612 5616 5620 5624 5628 5632 5636 5640 5644 5648 5652 5656 5660 5664 5668 5672 5676 5680 5684 5688 5692 5696 5700 5704 5708 5712 5716 5720 5724 5728 5732 5736 5740 5744 5748 5752 5756 5760 5764 5768 5772 5776 5780 5784 5788 5792 5796 5800 5804 5808 5812 5816 5820 5824 5828 5832 5836 5840 5844 5848</DataArray>
        <DataArray type="UInt8" Name="types" format="ascii">10 10 10 10 10 10 10 10 10 10 10 10 10 10 10 10 10 10 10 10 10 10 10 10 10 10 10 10 10 10 10 10 10 10 10 10 10 10 10 10 10 10 10 10 10 10 10 10 10 10 10 10 10 10 10 10 10 10 10 10 10 10 10 10 10 10 10 10 10 10 10 10 10 10 10 10 10 10 10 10 10 10 10 10 10 10 10 10 10 10 10 10 10 10 10 10 10 10 10 10 10 10 10 10 10 10 10 10 10 10 10 10 10 10 10 10 10 10 10 10 10 10 10 10 10 10 10 10 10 10 10 10 10 10 10 10 10 10 10 10 10 10 10 10 10 10 10 10 10 10 10 10 10 10 10 10 10 10 10 10 10 10 10 10 10 10 10 10 10 10 10 10 10 10 10 10 10 10 10 10 10 10 10 10 10 10 10 10 10 10 10 10 10 10 10 10 10 10 10 10 10 10 10 10 10 10 10 10 10 10 10 10 10 10 10 10 10 10 10 10 10 10 10 10 10 10 10 10 10 10 10 10 10 10 10 10 10 10 10 10 10 10 10 10 10 10 10 10 10 10 10 10 10 10 10 10 10 10 10 10 10 10 10 10 10 10 10 10 10 10 10 10 10 10 10 10 10 10 10 10 10 10 10 10 10 10 10 10 10 10 10 10 10 10 10 10 10 10 10 10 10 10 10 10 10 10 10 10 10 10 10 10 10 10 10 10 10 10 10 10 10 10 10 10 10 10 10 10 10 10 10 10 10 10 10 10 10 10 10 10 10 10 10 10 10 10 10 10 10 10 10 10 10 10 10 10 10 10 10 10 10 10 10 10 10 10 10 10 10 10 10 10 10 10 10 10 10 10 10 10 10 10 10 10 10 10 10 10 10 10 10 10 10 10 10 10 10 10 10 10 10 10 10 10 10 10 10 10 10 10 10 10 10 10 10 10 10 10 10 10 10 10 10 10 10 10 10 10 10 10 10 10 10 10 10 10 10 10 10 10 10 10 10 10 10 10 10 10 10 10 10 10 10 10 10 10 10 10 10 10 10 10 10 10 10 10 10 10 10 10 10 10 10 10 10 10 10 10 10 10 10 10 10 10 10 10 10 10 10 10 10 10 10 10 10 10 10 10 10 10 10 10 10 10 10 10 10 10 10 10 10 10 10 10 10 10 10 10 10 10 10 10 10 10 10 10 10 10 10 10 10 10 10 10 10 10 10 10 10 10 10 10 10 10 10 10 10 10 10 10 10 10 10 10 10 10 10 10 10 10 10 10 10 10 10 10 10 10 10 10 10 10 10 10 10 10 10 10 10 10 10 10 10 10 10 10 10 10 10 10 10 10 10 10 10 10 10 10 10 10 10 10 10 10 10 10 10 10 10 10 10 10 10 10 10 10 10 10 10 10 10 10 10 10 10 10 10 10 10 10 10 10 10 10 10 10 10 10 10 10 10 10 10 10 10 10 10 10 10 10 10 10 10 10 10 10 10 10 10 10 10 10 10 10 10 10 10 10 10 10 10 10 10 10 10 10 10 10 10 10 10 10 10 10 10 10 10 10 10 10 10 10 10 10 10 10 10 10 10 10 10 10 10 10 10 10 10 10 10 10 10 10 10 10 10 10 10 10 10 10 10 10 10 10 10 10 10 10 10 10 10 10 10 10 10 10 10 10 10 10 10 10 10 10 10 10 10 10 10 10 10 10 10 10 10 10 10 10 10 10 10 10 10 10 10 10 10 10 10 10 10 10 10 10 10 10 10 10 10 10 10 10 10 10 10 10 10 10 10 10 10 10 10 10 10 10 10 10 10 10 10 10 10 10 10 10 10 10 10 10 10 10 10 10 10 10 10 10 10 10 10 10 10 10 10 10 10 10 10 10 10 10 10 10 10 10 10 10 10 10 10 10 10 10 10 10 10 10 10 10 10 10 10 10 10 10 10 10 10 10 10 10 10 10 10 10 10 10 10 10 10 10 10 10 10 10 10 10 10 10 10 10 10 10 10 10 10 10 10 10 10 10 10 10 10 10 10 10 10 10 10 10 10 10 10 10 10 10 10 10 10 10 10 10 10 10 10 10 10 10 10 10 10 10 10 10 10 10 10 10 10 10 10 10 10 10 10 10 10 10 10 10 10 10 10 10 10 10 10 10 10 10 10 10 10 10 10 10 10 10 10 10 10 10 10 10 10 10 10 10 10 10 10 10 10 10 10 10 10 10 10 10 10 10 10 10 10 10 10 10 10 10 10 10 10 10 10 10 10 10 10 10 10 10 10 10 10 10 10 10 10 10 10 10 10 10 10 10 10 10 10 10 10 10 10 10 10 10 10 10 10 10 10 10 10 10 10 10 10 10 10 10 10 10 10 10 10 10 10 10 10 10 10 10 10 10 10 10 10 10 10 10 10 10 10 10 10 10 10 10 10 10 10 10 10 10 10 10 10 10 10 10 10 10 10 10 10 10 10 10 10 10 10 10 10 10 10 10 10 10 10 10 10 10 10 10 10 10 10 10 10 10 10 10 10 10 10 10 10 10 10 10 10 10 10 10 10 10 10 10 10 10 10 10 10 10 10 10 10 10 10 10 10 10 10 10 10 10 10 10 10 10 10 10 10 10 10 10 10 10 10 10 10 10 10 10 10 10 10 10 10 10 10 10 10 10 10 10 10 10 10 10 10 10 10 10 10 10 10 10 10 10 10 10 10 10 10 10 10 10 10 10 10 10 10 10 10 10 10 10 10 10 10 10 10 10 10 10 10 10 10 10 10 10 10 10 10 10 10 10 10 10 10 10 10 10 10 10 10 10 10 10 10 10 10 10 10 10 10 10 10 10 10 10 10 10 10 10 10 10 10 10 10 10 10 10 10 10 10 10 10 10 10 10 10 10 10 10 10 10 10 10 10 10 10 10 10 10 10 10 10 10 10 10 10 10 10 10 10 10 10 10 10 10 10 10 10 10 10 10 10 10 10 10 10 10 10 10 10 10 10 10 10 10 10 10 10 10 10 10 10 10 10 10 10 10 10 10 10 10 10 10 10 10 10 10 10 10 10 10 10 10 10 10 10 10 10 10 10 10 10 10 10 10 10 10 10 10 10 10 10 10 10 10 10 10 10 10 10 10 10 10 10 10 10 10 10 10 10 10 10 10 10 10 10 10 10 10 10 10 10 10 10 10 10 10 10 10 10 10 10 10 10 10 10 10 10 10 10 10 10 10 10 10 10 10 10 10 10 10 10 10 10 10 10 10 10 10 10 10 10 10 10 10 10 10 10 10 10 10 10 10 10 10 10 10 10 10 10 10 10 10</DataArray>
      </Cells>
      <PointData Vectors="Displacement">
        <DataArray type="Float64" Name="Displacement" NumberOfComponents="3" format="ascii">5.47174613617e-10 -4.12052603278e-07 -1.89271199885e-09 0 0 0 3.58953188592e-10 -3.76373799481e-07 -1.70890711797e-07 4.47944565691e-10 -2.78086810497e-07 -3.0471983646e-07 -1.0303938287e-11 -1.29534928481e-07 -3.90942959387e-07 -1.14180911201e-09 3.96417153316e-08 -4.09168326645e-07 -8.15555884617e-10 2.00282332183e-07 -3.57317240736e-07 -9.14049841089e-10 3.30244515804e-07 -2.42724873009e-07 -4.7569312297e-10 3.989505195e-07 -8.98223298557e-08 9.10913320801e-10 3.98329534008e-07 8.7398132926e-08 1.22320076741e-09 3.29895010297e-07 2.39882680728e-07 8.29848965671e-10 1.99601172779e-07 3.535064683e-07 9.04054407238e-10 3.88657699193e-08 4.06455858939e-07 2.5369324834e-10 -1.26778765094e-07 3.89291191469e-07 -1.87937422619e-10 -2.78544030205e-07 3.03363051947e-07 -7.00350908789e-11 -3.75651963115e-07 1.68387747567e-07 1.39683478171e-10 -2.40046547294e-08 1.0121324523e-09 7.17268481235e-10 -5.20178916024e-08 3.17515594743e-10 6.69567771218e-10 -8.03888720633e-08 2.76378036491e-10 -4.86508844935e-10 -1.0721223649e-07 4.19336581913e-10 5.02282062842e-10 -1.33744192233e-07 -2.47417319782e-09 3.50633507432e-10 -1.6088380263e-07 1.66633766455e-09 4.65548481415e-10 -1.91116695663e-07 -3.98093128983e-10 3.45429553083e-10 -2.13419537107e-07 -9.27818588728e-10 1.9848093094e-10 -2.43610770944e-07 -1.48771628646e-09 5.22026553498e-10 -2.70024559193e-07 -1.46025349856e-09 2.38279602537e-10 -3.02322421781e-07 -5.08822074827e-10 -5.60049167869e-10 -3.30428077868e-07 1.701238742e-10 1.44521622315e-10 -3.58418440974e-07 -3.50609398621e-10 7.89735920453e-10 -3.83218994741e-07 -1.83981460697e-09 0 0 0 0 0 0 0 0 0 0 0 0 0 0 0 0 0 0 0 0 0 0 0 0 0 0 0 0 0 0 0 0 0 0 0 0 0 0 0 0 0 0 3.58686334834e-10 -1.90296827756e-07 -7.011534997e-08 4.27134539232e-10 -2.14329573941e-07 7.72408160579e-08 2.47755123975e-10 -1.39013273788e-07 4.92558807567e-08 -8.7121666638e-10 -2.70340902096e-07 -9.90342005166e-08 -7.47454360026e-10 -1.12629193296e-07 -4.02016047397e-08 1.17650739892e-11 2.31361042134e-08 5.68576486785e-10 -1.13368320402e-09 3.49521782558e-07 -1.54824211857e-07 7.23035565417e-10 2.53326767157e-07 2.86305657111e-07 2.85430937218e-10 6.18543764353e-09 2.29602949455e-08 -3.62313517572e-10 5.47764016856e-09 -2.10152734498e-08 2.43523278695e-10 -2.94242288729e-07 1.06573226432e-07 -1.02755631886e-10 -6.17643980835e-08 -3.78900469339e-07 6.72991483039e-10 -8.84099628438e-08 3.21007353475e-08 2.57492490053e-11 -6.30992886513e-08 -2.16995739861e-08 2.78854942172e-10 -1.78455603992e-07 3.40700854531e-07 1.74918314057e-11 -9.82149493585e-09 1.82362735607e-08 5.54670421255e-11 -3.23454698852e-07 -1.16658853359e-07 1.4882471109e-10 -9.46700745443e-09 -2.00336346133e-08 2.81665886913e-10 -3.50168455475e-07 1.1755507251e-07 6.43372968796e-11 -3.08996918931e-07 -2.31512645078e-07 7.51379861795e-10 -3.84711000406e-08 1.42740146941e-08 2.957535777e-10 -2.43913049717e-07 8.55110542087e-08 1.02256641622e-09 -1.86993973251e-07 1.54307250562e-07 7.94536541825e-10 -1.65477156032e-07 1.3722203125e-07 4.08973975635e-10 -1.15934570637e-07 1.96439850274e-07 8.99034062254e-10 -1.30656592015e-07 2.21118241486e-07 7.78702010733e-10 -4.19349416734e-08 2.36735847574e-07 2.05798162686e-10 -3.79867515575e-08 2.11157835344e-07 3.38023996087e-10 4.22413623082e-08 2.2528235169e-07 2.25172213749e-10 3.49109057331e-08 1.97973358644e-07 4.68816543856e-10 4.62756408137e-08 2.50564176263e-07 -5.80385243182e-11 1.20801273903e-07 2.07961894255e-07 6.42755306171e-10 1.36309597905e-07 2.31848016735e-07 3.43247992705e-10 2.00201270686e-07 1.61904577725e-07 3.35525452305e-10 2.20919274678e-07 1.78417159398e-07 -6.0038643105e-10 2.53573319434e-07 8.54236134945e-08 -1.79134195445e-10 2.29436804214e-07 7.70935272135e-08 -1.24299132651e-09 2.55475259609e-07 -8.43663963634e-09 -7.53359918386e-10 2.27261240634e-07 -9.5063384741e-09 -4.98485718016e-10 2.22768166302e-07 -9.28659008574e-08 1.07532512576e-10 1.97128183399e-07 -8.23327793363e-08 1.50058104684e-11 2.50201534195e-07 -1.0478575668e-07 -2.82888059795e-10 1.66671688789e-07 -1.52557307347e-07 8.99826674803e-11 1.50296687377e-07 -1.37282829552e-07 -1.32379367489e-09 1.6914331423e-07 -6.95327498067e-08 -3.88722016976e-10 1.26308052622e-07 -1.14759294219e-07 2.55631439974e-10 1.46168325446e-07 -6.05766109146e-08 -5.93060857903e-10 1.09896075996e-07 -1.01921645016e-07 -5.7227803447e-10 1.21394275137e-07 -4.88443102076e-08 -6.18015124155e-10 1.44762022518e-07 -4.83619178117e-09 1.82681141885e-10 4.99039515294e-08 2.80602060083e-07 -1.52464037513e-09 7.33738919508e-08 -1.42560376261e-07 -4.32032841966e-10 5.98645671679e-08 -1.17902199364e-07 -1.76508854772e-10 1.20750186729e-07 -4.13557957448e-09 -2.99537160868e-10 1.24545020281e-07 4.21467092519e-08 -7.27926097932e-10 9.83829495182e-08 3.45914847756e-08 1.11026910373e-09 9.12623715746e-08 7.60407836907e-08 -6.3581968715e-10 9.58847355807e-08 -3.93661341807e-08 -2.42771842143e-10 2.84592162745e-07 9.32427315076e-08 -7.68992542685e-10 9.65412143297e-08 -1.88243588792e-07 -4.23942481027e-10 1.11502159866e-07 -2.15925668354e-07 -4.17045922686e-12 1.48922507078e-07 5.10641009832e-08 -6.80762672094e-10 2.71178975824e-08 -2.28409439684e-07 -1.1025487107e-09 2.93345709967e-08 -2.56861061092e-07 -5.47878379229e-11 1.70511367929e-08 -1.43401474339e-07 -7.9285140409e-10 1.45031723555e-08 -1.19974734935e-07 -8.13076623137e-10 -5.73428292635e-08 -2.3795018261e-07 -4.76882358831e-10 -3.26027035801e-08 1.84024800296e-07 7.73720275354e-10 7.49977875547e-08 6.17253929751e-08 1.63593079546e-09 5.11503035857e-08 9.17588071212e-08 1.30553432255e-09 2.96467578139e-08 1.65079391028e-07 5.10072567355e-10 2.45132951738e-07 1.98121460549e-07 -4.9796060719e-10 3.09025403947e-07 1.03696741026e-07 9.93132099871e-10 -3.07654786545e-08 1.55253211845e-07 -1.42382487809e-09 -5.12312017484e-08 -2.0814415542e-07 -8.75380483587e-10 -6.27494297506e-08 -2.6574928483e-07 -8.64835430862e-10 3.33962841556e-08 -2.82976527887e-07 -5.26562230356e-11 -7.01495684318e-08 -2.91448643784e-07 -8.15784372675e-10 3.84936707059e-08 -3.12956567544e-07 -7.5908631516e-10 -3.2375960532e-08 -1.3163635433e-07 -6.14510689937e-10 -2.35310001187e-08 -1.03186375265e-07 -2.92515490795e-10 1.17927088403e-08 -9.00329110087e-08 -6.62132408769e-10 -7.84159775686e-08 -3.2331264177e-07 1.96404647336e-10 -3.59902504559e-08 -1.50961092026e-07 -1.71307986102e-10 2.01349198693e-07 6.7473714889e-08 -6.55480611837e-10 3.1193694859e-07 -1.13723884943e-08 4.96989660607e-10 7.59300174211e-08 2.45506795953e-08 4.01499419204e-10 -1.87620417091e-08 -7.5877635493e-08 1.05635184924e-09 9.27247778563e-08 1.5692855689e-07 -4.46664744467e-10 3.78942960987e-08 6.58510471045e-08 7.23725643856e-11 1.31765746393e-08 8.47713805513e-08 1.38769709831e-10 1.33857379981e-07 -2.635376105e-07 -1.03700773188e-10 1.48707934738e-07 -2.94675607081e-07 -4.01916016346e-10 -9.00874411e-08 1.52137785905e-07 1.82981669842e-10 -1.42210648842e-07 -2.15396975726e-07 -2.47108900197e-10 -1.73374396531e-07 -2.61906003823e-07 -6.17598738488e-10 -8.08942576809e-08 -1.22950362587e-07 9.81343516157e-11 -9.50025589625e-08 -1.4363482681e-07 7.59138065344e-10 -7.31540779073e-08 1.23718037312e-07 -6.85022010924e-10 -4.97900718035e-08 -7.54760092356e-08 -8.68215820952e-10 -1.89746891338e-07 -2.87491997997e-07 6.25548194567e-10 -2.34696668155e-08 1.30930370929e-07 2.11505982087e-10 -5.95990092285e-08 1.03385643362e-07 -1.41365016924e-09 3.40037582558e-07 -1.32287378462e-08 1.89902090762e-10 6.68521710015e-08 1.17400327385e-07 -7.68369875692e-10 2.29923172281e-07 -2.12058066939e-07 -1.81346810606e-10 2.55502125682e-07 -2.29951391482e-07 -1.33823684877e-09 1.66333521501e-07 -3.14377878991e-07 -4.34224240357e-10 9.28431195856e-09 6.34920849608e-08 1.6973730097e-11 -1.55365395009e-08 7.29029104611e-08 1.96624265686e-10 3.36984693173e-07 1.12110409981e-07 2.03817231054e-11 -3.91028609818e-08 -5.59798513152e-08 3.83904079603e-10 8.33864435156e-09 -6.14860886891e-08 -9.10590976531e-10 3.66911894068e-08 -6.83951353584e-08 -5.13818978998e-10 -1.23965890457e-07 -9.75787934615e-08 -4.70223591166e-10 -9.18458769381e-09 4.7709099187e-08 5.89239792991e-10 -3.61097674143e-08 5.38151857599e-08 -8.5316217065e-10 -8.07516457582e-08 -3.4844770089e-07 4.45273679264e-11 2.21455179472e-08 4.06959133074e-08 1.06941280853e-10 -4.7377382799e-08 7.89566468126e-08 -8.03157044698e-10 -4.38117058829e-08 -1.8167769346e-07 -5.47818821607e-10 -1.10919868113e-07 -1.65062666745e-07 -8.15413177339e-10 -1.27318105175e-07 -1.94094282637e-07 -2.005981192e-10 -1.95621979606e-07 -1.50111149978e-07 -5.89872300877e-10 8.24099984798e-08 1.37516004605e-07 2.77064592789e-10 3.66799665355e-07 -8.44578247394e-09 5.57120824796e-10 3.53505494948e-07 1.40902650217e-07 3.0008388404e-10 -6.78073573815e-08 -1.02231363722e-07 2.54869475345e-10 -1.5809295043e-07 -2.41946174465e-07 -4.86482031635e-10 1.94859167606e-08 -3.80325064274e-08 -6.31149741736e-10 4.64946354637e-08 -4.16095064866e-08 8.77785874253e-10 2.52779129671e-08 -2.00609817393e-08 -2.1684695523e-10 4.83940472299e-08 -2.0042444709e-08 -5.9601580416e-11 1.88050956411e-07 -1.74511740901e-07 -4.20608807646e-10 8.46314087922e-08 -1.66142383238e-07 -1.35120555311e-09 2.39609220426e-08 -1.99952979039e-07 -1.11344180749e-09 1.9263981647e-08 -1.75139215399e-07 6.54633311696e-10 2.53873109652e-08 1.42823840193e-07 -3.917751996e-10 2.86146613572e-07 -8.76526739269e-09 -3.95473230151e-10 -1.92143453695e-07 6.64948690305e-08 -1.97181956851e-10 1.733987187e-07 -6.51253826113e-09 -4.82802099083e-10 8.89681506913e-08 -8.14050650795e-08 -5.00993504825e-11 -2.68972466623e-07 9.6807522915e-08 3.28701682107e-10 -2.30375498181e-07 1.89607991324e-07 1.41555239619e-09 -2.52721503158e-07 2.08532162705e-07 9.07495284933e-10 -1.58823654028e-07 2.71208411515e-07 1.30462853931e-09 -1.74985588674e-07 2.90522486259e-07 2.22810039682e-10 -5.59852795973e-08 3.22785599445e-07 1.1664337136e-09 -7.73230735688e-08 3.4872467304e-07 2.78022050222e-10 6.01117181923e-08 3.38191518404e-07 1.0840423451e-09 5.62095988481e-08 3.55994680915e-07 9.22266997397e-10 1.83226590949e-07 3.07809543186e-07 9.99821695292e-11 -3.27028075891e-07 1.15876571527e-07 -6.76675238771e-10 8.89035675837e-08 -3.11962799563e-09 9.47435377581e-10 -1.66359765223e-07 5.95171767992e-08 -8.02096767112e-11 -9.95892491197e-08 1.72487775141e-07 4.82560571523e-10 -1.14504792409e-07 4.06192186616e-08 8.08678995787e-10 -6.30232502996e-08 2.2211758397e-08 -8.77168995976e-10 1.9599377509e-07 -7.75246322094e-09 3.98865234989e-11 1.75323942223e-07 1.44585676223e-07 5.57786068113e-10 -9.32081963158e-08 -3.3837636018e-08 4.86358833326e-10 -4.6871695519e-08 2.65908413325e-07 5.65200524107e-10 1.08620618313e-07 1.845279559e-07 -8.60882968469e-10 3.95068927679e-08 -3.40101635499e-07 -8.92057995203e-10 -2.96884330295e-07 -1.09478887533e-07 7.79466002192e-10 1.51334014809e-07 2.56218805929e-07 -8.38890408025e-10 4.81387312277e-08 -9.29356464118e-08 2.71357906051e-10 1.23699429755e-07 -2.44769241521e-07 -6.00454492019e-10 4.85452168156e-08 3.92817721684e-08 3.26813206879e-11 2.43199952384e-08 1.95364884235e-08 1.01411580679e-11 1.77908296495e-07 5.80390045567e-08 6.65935236264e-10 1.52425449768e-07 1.22172254053e-07 -1.35857985012e-10 -3.70732820081e-08 -1.06774900586e-08 6.30937816257e-10 -2.10106487099e-07 1.73279319903e-07 -5.52143244231e-10 -1.9343434346e-08 1.0459332654e-07 -2.33274884494e-11 6.55353275374e-08 -5.87112514182e-08 -6.25931143676e-10 1.34728438122e-07 1.1046710605e-07 5.94634111019e-11 2.08264438523e-07 -1.91198633531e-07 -8.76641067072e-10 6.74723659583e-08 -2.73133120299e-08 1.28053265055e-09 -1.44772581991e-07 1.19138160391e-07 -4.81433393504e-11 -1.9831101099e-07 -3.1430944414e-07 -8.39470404627e-11 4.24038329145e-08 1.13399147364e-08 -2.89613426378e-10 1.09394463942e-07 9.03312751883e-08 -6.78722333312e-11 2.02491073467e-08 1.20990087351e-07 8.95872337158e-10 -1.41470875972e-07 2.46824296971e-07 -9.66911389553e-11 3.27721325362e-07 -1.34871366311e-07 -2.59841156334e-10 -2.33632159264e-09 -2.37922676207e-08 -8.69218618436e-10 -1.19211916105e-08 -4.91716233369e-08 -4.19072562735e-11 -2.79647872123e-07 2.20115183774e-07 -1.16914044522e-09 2.75455404944e-07 -1.14470416134e-07 -1.10110520312e-09 1.1428666082e-07 -3.69664632188e-07 -6.43338584678e-10 2.50059477892e-07 -2.9344931429e-07 1.55291609951e-09 -5.21495556856e-08 2.92959995427e-07 5.08257888038e-10 6.66521026253e-08 -3.3610002521e-09 6.07300962013e-10 5.50313724416e-08 3.06907589457e-07 1.69160501731e-09 1.65838612703e-07 2.81060492612e-07 1.09507140567e-09 -1.25149854125e-07 1.02262905641e-07 -1.05962432177e-09 2.99386990117e-07 -1.24573161071e-07 2.47267314512e-10 -2.31162203145e-09 2.29871485859e-08 1.2117457096e-09 -1.02904276661e-07 8.61286011565e-08 7.40303474395e-10 -8.53692557602e-08 7.00076989071e-08 8.59079630898e-10 2.64551885552e-07 2.10447252391e-07 1.15325096766e-11 -3.05876578468e-07 2.32400189542e-07 7.67179326131e-10 -2.04096027898e-08 1.26111697825e-08 2.19305799275e-10 -2.0174341981e-08 -1.40731359854e-08 6.20143029394e-10 -1.66313342223e-07 -5.98954243613e-08 4.96228972341e-10 -3.47142374175e-07 -1.24206081497e-07 1.65368465021e-10 -3.49556520792e-08 3.82142898114e-07 1.11030907746e-10 -6.09486778027e-08 5.06430405596e-08 -1.74892654051e-10 -2.16479323428e-07 -1.66083431337e-07 4.06674333882e-10 2.43948720046e-08 -9.20393700427e-09 1.01732490369e-09 -3.99485851813e-08 3.02951023993e-08 -8.58581855986e-11 -2.43118295393e-07 -8.28905795716e-08 -1.82061575381e-10 -2.1659425835e-07 -7.64799425966e-08 -8.16012816056e-10 -2.36729413913e-07 -1.84542417366e-07 2.42737554161e-10 -2.57277476567e-07 -2.01852222526e-07 3.70424511971e-10 -1.68717017787e-07 -1.32247899084e-07 -4.99142197252e-10 -1.49747192612e-07 -1.16902568456e-07 5.1006884454e-10 -1.38236799238e-07 -4.94540519507e-08 2.71062837975e-10 -2.83556413561e-07 -2.22250462939e-07 -3.56147565612e-10 -1.04833673932e-07 -8.2637817183e-08 7.17713277126e-10 -8.75751805479e-08 -6.78076097635e-08 2.341557214e-10 2.02849812127e-08 8.52516129907e-09 -4.65837829574e-10 -6.30533003456e-08 -4.75846610351e-08 -2.96179233433e-10 -4.27571355952e-08 -2.9797225837e-08 -5.95535064401e-10 3.52836618322e-08 -3.63145404836e-07 2.72226870386e-10 2.88084731044e-07 2.16211748265e-07 1.35723835355e-09 1.18788935851e-07 3.68339144789e-07 -2.06928187502e-10 3.50079291446e-09 -4.16203468512e-08 1.04993620108e-10 -1.98960381882e-07 -3.37525332707e-07 -1.19117066817e-09 2.73802697135e-07 -2.35194360214e-07 -2.04552254345e-11 2.9389924203e-09 4.06602796356e-08 2.70051663036e-10 1.33406854986e-08 1.62564516871e-08 -3.88206636444e-11 -2.06394191399e-07 2.99792510869e-07 3.81799854822e-10 -3.73008598612e-07 -1.18520560984e-07 2.72988981266e-10 -3.73980085107e-07 1.12978301103e-07 -1.23365708879e-11 -1.82143083283e-08 6.40110637149e-09 3.36885478999e-10 -1.80701552769e-08 -4.51218099717e-09 2.11521559884e-10 3.90268534734e-07 -1.95439000849e-09 -5.14975698159e-10 1.28816126424e-08 -1.60302461788e-08 -3.37425049583e-10 -2.40674599159e-08 -3.32454750494e-08 3.40996249647e-10 -2.559592652e-08 3.46348924568e-08 1.26933890292e-10 4.31202740161e-08 -3.85232579223e-09 2.80337617385e-10 1.63477145204e-07 1.9028744342e-07 8.05950975094e-11 -2.43232037336e-07 -1.7697476977e-07 -6.09040593678e-10 1.7110923727e-07 -1.96799277096e-07 3.82206041805e-10 -1.29697993799e-07 2.28640209306e-07 -3.417431017e-10 2.66475768677e-07 -8.38789961206e-11 7.65181330368e-10 -2.51403924812e-07 5.1816891153e-08 -4.82590059339e-10 -2.83805174661e-08 -2.55213400685e-07 5.34286201833e-10 9.19065416632e-08 2.89534896204e-07 -1.69881568381e-10 1.38315125805e-08 1.54795675371e-07 4.74870385456e-10 -1.07766806428e-07 8.18007176582e-08 -3.09916424623e-10 2.38852568316e-08 5.79991939627e-09 -1.00221627135e-09 -1.2825857627e-07 -9.6602935641e-08 -1.55211547898e-10 1.38563562007e-07 6.22446705673e-08 2.50534057074e-10 -2.89279242889e-07 -7.42981539162e-08 -1.5931381758e-10 -2.52181773405e-07 1.80987475667e-07 1.97442157017e-10 -1.59393336928e-07 -2.50954377742e-07 -3.63004325149e-10 2.78536512017e-07 -1.28512638553e-07 6.78768452148e-10 2.78369940307e-07 1.25536436338e-07 6.25917317849e-10 -2.99198423143e-08 3.00811502007e-07 -9.09045510249e-10 9.22079277453e-08 -2.93380592443e-07 -5.46124256324e-10 4.45956763819e-08 -1.43234584283e-07 -1.84377678752e-10 1.50132725416e-07 -6.71039761419e-08 0 0 0 0 0 0 0 0 0 0 0 0 0 0 0 0 0 0 0 0 0 0 0 0 0 0 0 0 0 0 0 0 0 0 0 0 0 0 0 0 0 0 0 0 0 0 0 0 0 0 0 0 0 0 0 0 0 0 0 0 0 0 0 0 0 0 -1.21824982641e-10 -8.22964454545e-10 -1.0688124537e-11 -2.69128552464e-10 -1.44307870778e-09 -5.12759024906e-10 -5.85462790309e-11 -4.48033944932e-10 -4.47862658396e-10 2.36768547378e-10 -1.47544300881e-08 -8.60072342766e-09 -7.37161900438e-11 1.25126339968e-08 -8.70408045172e-10 4.15521812484e-10 -6.9868736612e-08 2.29972120149e-08 2.46669787031e-11 1.10866811707e-07 -6.05978429339e-09 2.09188181395e-10 -1.26535663535e-07 2.6670743062e-08 -3.11084287616e-10 8.96953360084e-08 -2.88150506063e-08 1.60276918658e-11 -2.35239680126e-08 2.93667517935e-09 4.52556595038e-10 5.46348449137e-08 4.89566083924e-08 -1.62512352374e-10 5.1953552163e-08 2.57013748816e-09 -2.24463554673e-10 7.09074948555e-08 9.48984720579e-08 -3.39468631251e-10 1.75707889627e-08 -7.60270921021e-08 1.86228511446e-11 -2.52553193095e-08 4.94222722279e-08 -2.72139577888e-10 -7.43941283819e-10 -1.15647030964e-07 4.49712496517e-10 -7.2647335352e-08 3.77274683555e-08 -2.91953297619e-10 -4.4261571073e-09 -5.34781851086e-08 -7.2406547201e-11 -6.13373478451e-09 1.41524552319e-08 -3.17207455817e-10 -2.06143288372e-08 -1.4660034117e-07 -1.32883171561e-10 -4.70943326945e-08 -9.98542954285e-08 1.42324810114e-10 2.67740537603e-08 1.04115445162e-07 -5.34753034792e-10 -1.94719331643e-09 -2.92715137948e-08 1.73140725969e-10 4.26984741403e-09 1.6906091098e-07 1.87421215049e-10 2.7696338347e-09 2.660591174e-08 2.38683333805e-10 -1.96902039822e-09 -1.65330149206e-08 -7.18402474585e-12 -5.57622075366e-08 -1.03765498406e-08 -5.56827350189e-10 -1.35405141142e-07 -5.03686266506e-08 3.49220426747e-10 -8.88572503058e-08 1.16393267545e-07 -8.52641062919e-11 7.6232514358e-08 -2.86207532646e-08 1.51081427398e-10 1.29409415221e-07 -4.48961356858e-08 -5.15170242312e-10 3.86718540015e-08 -8.47799969122e-09 3.43740517772e-10 -1.16224602725e-07 2.16457231349e-08 -3.86549586901e-11 8.74005544418e-08 1.33139853021e-07 5.17048442062e-11 -7.86170352043e-08 -6.38134144067e-08 -2.58586973133e-10 3.35010145501e-08 6.29574163931e-08 5.66278597674e-11 -1.40129203761e-08 -1.69995403774e-09 2.01537106482e-10 -3.71955281498e-08 2.95864267591e-08 -3.81834281906e-10 1.08400901514e-07 -1.02087870715e-08 -6.88531864826e-10 5.59093271218e-08 -1.04808656245e-07 2.38354022908e-10 2.86893850429e-08 4.6842064087e-08 3.39251133371e-10 5.66078822669e-09 1.0535956642e-07 -6.81648021135e-12 1.32696714842e-07 -9.94126948194e-08 5.6074142669e-10 -5.10230739147e-08 7.5062382414e-08 -2.76189311795e-11 -3.96988128862e-08 -2.5533874501e-08 -2.71850355399e-10 3.83895630269e-08 -4.51722442703e-08 2.7386124829e-10 -1.74883958223e-07 4.75153303877e-08 -4.11909970191e-10 -7.1648394824e-08 -6.4512045611e-08 -3.5381261444e-10 -3.25549356232e-08 -8.17480464062e-08 2.6153478242e-10 -8.28051783593e-08 9.53280086873e-09 -6.74430796816e-10 1.50210222925e-08 -8.72582055579e-08 5.34472697663e-10 -7.5832104311e-08 1.62391129446e-07 -3.67407400511e-11 -6.73998872935e-08 -1.60404606468e-07 -3.6172248165e-10 1.32886695298e-08 4.75854489196e-09 -4.29812549667e-11 1.14091683874e-08 -8.5256789824e-09 -1.60999650327e-10 -1.66162165047e-07 -9.32773455538e-08 -1.96641561775e-11 -2.03597009622e-07 -9.62609122454e-08 -1.61037743572e-10 2.15852999303e-07 -6.4109439026e-08 -1.57691864583e-10 1.89132377056e-07 1.0318869652e-07 -7.16975833365e-10 1.03677155681e-07 -1.83158792785e-07 7.21487402987e-10 -3.94851834927e-08 1.46558049803e-07 1.25159002669e-10 1.19054750151e-07 5.06665901282e-08 3.67873534932e-10 -7.63757872187e-08 1.23344537154e-07 -2.83691416714e-10 5.48545814229e-08 -1.43638482464e-07 -2.79430983081e-10 -1.31175523369e-07 -8.12300786234e-08 -1.33803764901e-10 1.57884401434e-07 7.9540742696e-08 3.63230922964e-10 1.08103265813e-08 1.93280379052e-08 1.64699261597e-10 -1.58180998296e-07 1.4419069539e-07 -2.68055787867e-10 -6.25071288148e-08 -5.71734434326e-08 -2.91023650317e-11 -1.10816742646e-08 -5.53942313708e-08 -1.3893919494e-10 7.1556548368e-08 -1.74554320493e-07 -1.32769449427e-10 5.40752077502e-08 -5.89180018849e-08 6.3407407738e-10 4.51642300736e-10 1.08290195591e-07 -4.90422777441e-10 -2.20760979381e-08 -1.90203889789e-08 2.3818826752e-10 2.54043659743e-08 1.71279400604e-07 -2.01899966089e-10 1.98715032075e-07 3.67444966854e-08 -3.59260777764e-10 1.92060037796e-08 -2.60500074677e-08 1.64188089464e-10 9.62045008995e-08 8.58834267499e-08 -3.68126261418e-10 6.1584280249e-08 1.1954586495e-08 -2.53103522189e-10 -2.09979105367e-11 5.36511379085e-10 2.17796527305e-10 3.78487462918e-08 2.79203685425e-08 -3.77371012581e-11 -5.80267688584e-09 5.72494356413e-08 -2.84110581367e-10 1.61199319183e-07 3.26472503295e-08 -4.093729896e-10 -3.64175082787e-08 -1.27851533086e-07 1.59674901793e-10 -1.23045977067e-07 -7.43265909054e-08 -4.95782222912e-10 9.90629719457e-08 -6.39557390051e-08 4.07941296945e-10 -8.2377756337e-08 1.01637104433e-07 6.22783181335e-10 -2.2926776771e-08 2.57186679993e-08 1.23093193692e-10 3.53505916846e-08 8.37160548308e-09 1.67490351917e-10 9.12723031705e-08 4.03434664478e-08 3.67512271476e-11 -5.52048913532e-09 -2.17090526813e-09 6.70248525218e-12 -1.7844022074e-07 2.03107806253e-08 -7.5269146549e-12 -2.6427871138e-09 5.56274424279e-10 5.05026957788e-10 -1.12075635304e-07 -4.61356511479e-09 -7.90773621244e-11 1.95240130457e-09 -2.56730645351e-09</DataArray>
        <DataArray type="Float64" Name="DisplacementMagnitude" format="ascii">4.12057313522e-07 0 4.13353361135e-07 4.12536851152e-07 4.11844260974e-07 4.11085743917e-07 4.09620907966e-07 4.09850752937e-07 4.08937396473e-07 4.07805935545e-07 4.07892037863e-07 4.05965688149e-07 4.08310826028e-07 4.09414889072e-07 4.11844574287e-07 4.11665927455e-07 2.40263890806e-08 5.20238054836e-08 8.03921355447e-08 1.07214160386e-07 1.33768018511e-07 1.60892813928e-07 1.91117677295e-07 2.13421833437e-07 2.43615394452e-07 2.70029012181e-07 3.02322943867e-07 3.30428596282e-07 3.58418641596e-07 3.83224224875e-07 0 0 0 0 0 0 0 0 0 0 0 0 0 0 2.0280328797e-07 2.27823379781e-07 1.47481841122e-07 2.87910984918e-07 1.19591232514e-07 2.31430926155e-08 3.82279084305e-07 3.8229033866e-07 2.37805856455e-08 2.17204403977e-08 3.12947977102e-07 3.83901572144e-07 9.40597238856e-08 6.6726249726e-08 3.84608310667e-07 2.07128883094e-08 3.43849143307e-07 2.2158359478e-08 3.69374094406e-07 3.86105173339e-07 4.10406823227e-08 2.58468186987e-07 2.42442816454e-07 2.14972571081e-07 2.28099992775e-07 2.5683697167e-07 2.4042255975e-07 2.14547586968e-07 2.29208605713e-07 2.01028039772e-07 2.54802003815e-07 2.40501768408e-07 2.68950223051e-07 2.57475744279e-07 2.83968521616e-07 2.67576124748e-07 2.42042746545e-07 2.55617546714e-07 2.27461226403e-07 2.41350326181e-07 2.13631034278e-07 2.71257926597e-07 2.25949693282e-07 2.03557553589e-07 1.82882520964e-07 1.70656294556e-07 1.58223798782e-07 1.49885025814e-07 1.30853598261e-07 1.44844101907e-07 2.85005182187e-07 1.6034186424e-07 1.32230411288e-07 1.20821114747e-07 1.31483447247e-07 1.04289527045e-07 1.1879500809e-07 1.03653168328e-07 2.99477820569e-07 2.11557193532e-07 2.43016060449e-07 1.57433972004e-07 2.30014599414e-07 2.58533048902e-07 1.44411658498e-07 1.20850766007e-07 2.44763458395e-07 1.86891120232e-07 9.71354256649e-08 1.05065258344e-07 1.67725490045e-07 3.15186511976e-07 3.25960062506e-07 1.58275268998e-07 2.14361033645e-07 2.73058491193e-07 2.84941704689e-07 2.99772041204e-07 3.15316097523e-07 1.355614577e-07 1.05837203432e-07 9.08024152311e-08 3.32686892266e-07 1.55192100341e-07 2.12354023653e-07 3.12144871447e-07 7.98019449192e-08 7.8163872594e-08 1.82278831122e-07 7.59772175785e-08 8.57893601654e-08 2.95583980588e-07 3.30072376937e-07 1.76810108536e-07 2.58108037996e-07 3.14091542825e-07 1.47176947972e-07 1.72210508717e-07 1.4372977479e-07 9.0422057461e-08 3.44465216652e-07 1.33018715234e-07 1.19334311449e-07 3.4029774531e-07 1.35100280165e-07 3.12784077757e-07 3.43742653099e-07 3.5567131182e-07 6.41687763005e-08 7.45400476353e-08 3.55144289156e-07 6.82845363581e-08 6.20501367786e-08 7.76206615322e-08 1.57763832801e-07 4.85874048141e-08 6.48100048189e-08 3.57683318641e-07 4.63312346885e-08 9.20802905796e-08 1.86887385702e-07 1.98869809676e-07 2.32127454982e-07 2.46579310755e-07 1.60319703472e-07 3.6689699169e-07 3.80552233182e-07 1.22675097285e-07 2.89017987801e-07 4.27365085368e-08 6.23979206942e-08 3.22829115843e-08 5.23806301967e-08 2.56549241807e-07 1.86456278451e-07 2.01388046736e-07 1.76198994073e-07 1.45064101108e-07 2.86281099375e-07 2.03324447138e-07 1.7352108714e-07 1.20591664537e-07 2.8586340585e-07 2.98369181688e-07 3.27651987373e-07 3.14292505642e-07 3.39153318311e-07 3.27604860137e-07 3.57196186794e-07 3.43492356656e-07 3.60406585665e-07 3.58217181447e-07 3.46950648142e-07 8.89608582317e-08 1.76688322911e-07 1.99173435847e-07 1.21496918784e-07 6.68277356427e-08 1.9614899945e-07 2.27252071666e-07 9.91618101742e-08 2.70008289988e-07 2.14124554134e-07 3.42389629173e-07 3.16428077385e-07 2.97574642933e-07 1.04666496814e-07 2.74250987513e-07 6.24504303104e-08 3.11951537324e-08 1.87136015012e-07 1.95345900564e-07 3.85805066088e-08 2.72343269992e-07 1.06368403537e-07 8.79880147674e-08 1.74227223326e-07 2.82720705562e-07 7.27963301384e-08 1.87495710675e-07 3.71641878794e-07 4.38940287416e-08 1.41869559435e-07 1.22672866568e-07 2.84494367099e-07 3.5438899799e-07 2.39081139897e-08 5.06035462394e-08 3.55884290559e-07 2.9829603278e-07 3.86929701063e-07 3.85542029389e-07 2.97569398002e-07 6.67387251388e-08 3.11802965403e-07 3.26343848568e-07 1.61621121884e-07 3.24271745785e-07 2.3104409485e-08 1.34197222102e-07 1.10406230732e-07 3.38048050144e-07 3.84148837676e-07 2.40037924803e-08 2.45988887119e-08 1.76770965484e-07 3.68693944718e-07 3.83738347755e-07 7.92431145961e-08 2.72849838233e-07 2.60765722539e-08 5.01469603997e-08 2.5686058691e-07 2.29700429944e-07 3.0016226461e-07 3.27010823382e-07 2.14371350972e-07 1.89975475653e-07 1.46817492446e-07 3.60277089784e-07 1.33488706863e-07 1.10760097969e-07 2.20048555296e-08 7.89951622265e-08 5.21165523996e-08 3.64855966798e-07 3.60194956178e-07 3.87022452786e-07 4.17678302324e-08 3.91801728941e-07 3.60951136475e-07 4.07663640138e-08 2.10313822401e-08 3.63969934642e-07 3.9138559476e-07 3.90672849197e-07 1.93063549861e-08 1.86280374948e-08 3.90273485629e-07 2.05710946911e-08 4.10440993777e-08 4.30678941713e-08 4.32921997298e-08 2.50866830643e-07 3.00802093772e-07 2.60784772322e-07 2.62865100362e-07 2.66476001013e-07 2.56689518918e-07 2.56787006202e-07 3.03772207389e-07 1.55412485707e-07 1.35296960346e-07 2.45813060496e-08 1.60572083498e-07 1.51902217958e-07 2.98668309014e-07 3.10406408708e-07 2.97295096745e-07 3.06754329336e-07 3.05368107767e-07 3.02296457929e-07 3.07530974578e-07 1.50017394786e-07 1.64446991003e-07 0 0 0 0 0 0 0 0 0 0 0 0 0 0 0 0 0 0 0 0 0 0 8.32001235483e-10 1.5549367036e-09 6.36194186853e-10 1.70798627058e-08 1.25430878886e-08 7.35573570392e-08 1.110322995e-07 1.2931607186e-07 9.42107064857e-08 2.37065684791e-08 7.33615743527e-08 5.20173394103e-08 1.18463678862e-07 7.80318306669e-08 5.55012837005e-08 1.15649743966e-07 8.18608541587e-08 5.36618336062e-08 1.54246534549e-08 1.48042937032e-07 1.10402781421e-07 1.07503005225e-07 2.93410811399e-08 1.69114911217e-07 2.67503371531e-08 1.66515642937e-08 5.6719455459e-08 1.44470968901e-07 1.4643471452e-07 8.14281955636e-08 1.36976211705e-07 3.95936127558e-08 1.1822357534e-07 1.59264179505e-07 1.01256075156e-07 7.13163454055e-08 1.41157708933e-08 4.75279347324e-08 1.08881222348e-07 1.18790493556e-07 5.49301064509e-08 1.05512074432e-07 1.65805012191e-07 9.07635926807e-08 4.7201432758e-08 5.92820723695e-08 1.81224116678e-07 9.64129979806e-08 8.79925684818e-08 8.33525059968e-08 8.85442285234e-08 1.79225200874e-07 1.73989608693e-07 1.41196080156e-08 1.42428288198e-08 1.90553284431e-07 2.25206363009e-07 2.25172297172e-07 2.15450662582e-07 2.10467598549e-07 1.51785579755e-07 1.29387605873e-07 1.45076776398e-07 1.53756688402e-07 1.5429005699e-07 1.76788664423e-07 2.21487730306e-08 2.14037875118e-07 8.47113666547e-08 5.64918155188e-08 1.88651980432e-07 7.99717241722e-08 1.08292993734e-07 2.91439498281e-08 1.73153318234e-07 2.02083801362e-07 3.23666887178e-08 1.28962381885e-07 6.27349283015e-08 5.93588043242e-10 4.70332011534e-08 5.75427698706e-08 1.64472320401e-07 1.32937643306e-07 1.43752495923e-07 1.17915455995e-07 1.30829515602e-07 3.44597567556e-08 3.63285461139e-08 9.97910650514e-08 5.93211434727e-09 1.79592428104e-07 2.70070761439e-09 1.12171690119e-07 3.22632709277e-09</DataArray>
        <DataArray type="Float64" Name="NodalVonMises" format="ascii">7834.10254871 6840.03410316 7847.90353723 7885.211561 7914.54875086 7315.71141162 7286.61238338 7561.10264311 7859.0657981 7728.99596878 7725.41853596 7428.55272088 7472.39632119 7562.6904617 7637.73377178 7948.81399028 6222.47404676 6367.27310374 6571.87325151 6204.18151816 6496.90114557 7218.41664584 7235.05242247 5934.17047691 7670.60512469 6693.10159405 6709.7609785 7524.29620803 6288.30528071 6420.21234551 7008.98657737 7089.40328947 6965.27297722 7014.55737466 7303.47529038 7320.32652544 7284.11329129 7403.48071902 7238.97203746 7385.84585995 7159.92438902 6760.18765516 6772.92218816 7002.52636345 6036.86461863 7241.9961348 7294.47399764 6745.03786044 6356.11217233 6451.63474692 7467.60870185 6783.91126747 6461.20704318 6339.25562405 6890.37957084 6218.73248445 7547.02607087 6754.36690387 6800.5765087 6361.16986249 7701.25181174 6451.17693886 6418.23107956 6961.33803053 6062.99705579 6736.00289661 6983.79711612 7309.48589568 7036.7305063 7232.1130627 6419.01822042 6287.83379696 6686.24674868 6904.29603352 7069.89143923 6444.13221049 6458.12227626 6404.8924087 7010.62155739 7042.33346358 7621.0527597 6637.46518697 7122.62122677 6301.90854159 6980.81079201 6438.99790534 6792.84708301 7084.70599824 6505.89799357 5990.9262185 6291.48919935 6646.91147865 6062.28959057 6200.10277272 6552.33124295 6663.12840538 6129.50272552 6501.75821396 6007.1818171 7068.63726312 6151.06396714 6971.20704427 6750.43207236 6458.8418049 7501.31622014 7629.94518136 7025.33312339 7663.23892879 5990.24041805 6466.12777445 6787.90615282 7409.0633431 6927.97772229 6918.6136847 6971.78188517 7094.84565938 6900.80490656 6822.97529941 7849.55452106 6131.14676865 6348.39518795 6641.73121532 7959.43188199 5887.05920729 7809.61311681 6771.41799949 6875.92790779 6270.00847583 6908.28285452 6045.98708393 6536.69248728 6658.90447208 6137.21323322 6396.72635283 7266.92633693 7039.306617 7258.57649241 6436.93723707 6634.47859864 7619.20651592 5978.17774626 7655.35587996 6663.94039158 6851.39854136 6969.21941237 5888.96860883 6329.30358188 7728.73643091 6145.34329388 7061.63645731 6808.79796637 6670.22779805 5982.80635363 6548.005935 6935.75068634 6554.2950737 6308.56006862 6559.33054095 6619.70279589 6752.29920956 7396.68552454 7052.39465824 7291.99234252 7106.07367167 6129.12094133 6538.33490574 7031.23708307 6963.16397911 6753.64896132 6857.60177624 7348.59982313 6125.29266435 6050.9630335 6292.74917804 7096.10597947 6526.44980267 6251.53321926 6961.70823324 6476.15410297 6514.59504502 6731.77453374 5505.44895747 7397.04437236 6190.36486071 6334.41904533 6957.11682565 7563.34522869 7211.61833003 6859.65569925 6746.65892287 7351.33860904 7228.87207833 6506.35872306 6189.24734149 6549.26810697 6554.55610025 6761.09323808 6334.49487971 6344.82568922 6415.87835714 5732.60444003 6632.29792683 6446.99305343 7305.82317138 7064.14170532 7774.70340608 7771.59818236 6045.03852658 6541.63206958 6630.02522489 7761.49102628 6357.17749911 7237.80299045 6291.60065983 5896.19664854 6696.272901 6646.58715262 6051.53743406 8081.07931969 6662.78295928 6419.60240364 5840.37253268 6422.81096166 6115.26562678 6062.00663642 6839.57932505 6121.04663913 6721.22408674 6746.14672758 6223.63502283 6608.88954654 6358.7744599 6181.92977427 7219.31475572 6981.37478973 6922.21249114 6679.11755277 7007.54327554 7762.28247546 6796.12142164 7513.06201972 6890.11692898 6647.06167606 6244.47596081 6673.21580097 6775.50768733 7219.09431651 6617.79572018 6065.38929335 7677.32056463 6572.10196747 7139.70836014 7329.68537158 7648.31409993 6545.67581238 6459.13334135 6672.98293028 7890.64284038 6610.27262462 7090.04151077 6831.75372119 6710.43105436 6164.72557247 6881.97671853 6687.95165418 6290.0967656 6463.16925563 7098.6443628 7399.97994183 7192.46552185 6622.45267969 6532.62166298 6658.02291527 6697.64088883 6592.12891194 6831.35251566 6299.42430431 6411.1207192 7183.25051675 7178.01668902 6358.25611588 6241.98993248 6938.49083264 6456.34395356 6784.24030843 6454.26295178 6710.2041214 5408.24864043 6701.96951812 5386.19603647 5735.25689027 5490.32261595 5976.98081912 5300.03113685 5534.13865073 4129.08173383 3662.96670032 2750.30423001 3235.95411838 3712.07368725 6393.75168597 6561.76347666 5958.87462964 6464.71173173 6452.81964349 5857.4449723 5932.80908535 3472.47197276 3755.94683808 5305.70384631 5585.79671524 5572.48359148 4659.63240275 5390.67315883 5620.58999305 5442.78900358 5711.32730973 3202.22089359 2789.13709931 153.924769455 2927.4063748 2762.33367398 5316.20960732 6082.62632086 5491.4813523 5886.39666088 6109.40618629 5589.29915257 5545.30073094 2877.38596067 2974.9083253 3206.04483677 3242.45538537 3146.23790402 3301.53345717 3045.13665116 3386.11862586 3288.3587231 4090.11468568 4073.66020229 4139.07648446 3948.6250906 4123.43712001 4444.13463216 4277.25059917 4295.91269477 4114.73059695 4148.49441077 4215.8249845 4842.30831771 4813.94092081 4297.20048334 4531.88687806 4357.18923075 4864.77871982 4003.3308068 4692.57415536 4547.14090986 4502.41935469 4715.50298948 4555.45176106 4831.31492537 4783.41935024 5121.32758907 5019.32794545 4334.8810086 4589.24225285 4939.99313437 5330.87734674 4862.40797771 5404.00753181 4704.77437829 4884.85205155 5152.36352045 4998.03349775 5398.22521318 5088.57027498 5471.96491497 5336.3792873 3456.05927531 5185.44040239 5119.16899355 5224.35576521 5605.81449952 4609.30135369 4781.09991295 5707.94514809 5198.56175697 5025.17233118 5137.7721885 5354.09067074 5381.49161303 5616.74529786 5400.59026858 5732.46765873 5162.02843817 5276.28775708 5302.69193663 5125.72928378 4761.17356976 5682.23563889 5803.61309707 5017.8862115 5505.82768588 5335.96286495 5324.16485485 5662.69311763 5259.31111836 5743.56670553 5406.66958322 2500.77730057 5498.85411415 5895.64816991 5497.87738984 5688.55037982 5829.84988533 5309.94817527 5598.31113985 5567.44437098 5575.95903174 5423.06043589 2970.36890753 5372.90262316 3068.30742614 5547.91252158 3159.70183252</DataArray>
        <DataArray type="Float64" Name="NodalStressTrace" format="ascii">43.2954365709 -249.539887831 229.967660259 -228.166026964 798.611801673 826.06967915 288.564855152 523.724769169 -359.986449967 743.919143552 -72.8870755288 -114.600082281 -232.095300597 180.505616011 218.561170577 -913.492495539 -135.099826865 58.3144368205 617.34964207 -113.286223874 503.055954985 -1277.32721763 -601.151061396 -302.054287269 -121.002589296 371.38387153 187.42269126 -181.883411259 -324.497123562 -110.377958735 -652.09995658 -1236.45431738 -509.620962294 133.504296763 1614.44292802 -248.038715122 -883.86533722 -1040.79968421 1604.80373095 -1772.05968688 -797.414178442 869.964010163 -939.510552205 1355.67715877 322.411636351 -825.256722472 -174.916233149 279.053025468 475.869192785 -834.875143306 336.946874295 462.338222068 -250.525295337 -439.102629057 54.1400199856 -82.6840835943 -444.525837542 -3.12686431407 -135.967159595 -440.125170445 -536.113249613 4.42134215133 517.821803484 -85.2534121266 -400.663484116 45.5386295468 -333.504065806 29.4527097594 22.6396372387 270.859076313 214.851679782 141.609762819 -309.490557064 453.151568657 -217.21696669 -442.049788639 -194.52462551 -635.027252097 -233.777306336 277.793468288 240.328452884 102.876308743 -60.0290194568 309.340515877 -552.464686398 -72.7400157819 475.772684277 477.201219193 -192.667654021 -159.907665745 -84.5610110265 -881.391772451 -214.021264248 231.428170543 -4.88570687651 205.620438673 272.241878702 552.296058404 -398.12765051 1645.04890499 -571.621361718 -132.136342466 -909.85615778 -584.620791597 -345.973017291 140.588620522 -216.277076998 -457.21414388 202.391825828 -764.328741596 -74.9298335694 95.7971457088 -699.638009609 -731.612011342 -1062.48369296 -485.974750331 745.294155539 1050.55162345 -95.4345696933 -132.176475125 -109.50928145 -413.559781151 -279.916391497 -876.123012063 500.688010686 -161.221457642 -15.2177862583 -1026.6887019 370.993386094 -12.5320900963 627.31419785 -667.041083213 -428.147100849 -494.583588626 -1215.10415473 -277.608222227 -288.131328618 183.368369537 15.1382462667 354.260694749 -563.408073676 -479.406750801 187.360144408 -74.8575569049 8.53794636059 -39.4381193212 91.0447629962 451.028569519 573.479361171 208.077584612 568.526309723 488.401208828 -662.665349522 767.052230257 -122.670465575 260.719412421 -395.219067869 416.981269892 310.042257681 -121.823133444 384.026303928 268.780218971 -156.588667537 260.64130823 74.1395566667 96.3006475538 -50.1765453089 240.346267302 -208.984529461 -156.311260283 -209.828586023 515.935438558 -110.164883041 -730.528769694 -145.332410863 160.953218396 799.888252747 -202.295580735 -228.043057172 65.1818349951 -138.642305702 -507.648282457 1029.72184093 525.412617919 -119.316446406 -637.162713813 -370.987446204 7.30231399109 317.884540215 280.444629761 -221.311469724 -568.395028689 772.237020789 -527.635649286 -1154.75344979 -74.0542987659 594.326373907 606.372186226 -51.3493542357 -1051.44221119 -118.681315446 473.61294641 372.436910288 308.591261145 1516.45844245 103.717446051 149.305168252 20.0243471673 16.0013651839 -447.402104511 -776.238142497 -1001.62374452 -333.588558693 -642.650228453 215.994198888 -1059.36853504 96.0007749517 -465.844014495 -188.800828136 -461.455613172 -174.331257087 39.4029268387 138.73257229 -220.221224343 -178.633378725 -87.4289646009 640.489819696 -53.0116085472 -1029.14177333 82.0704874704 -294.802590479 235.160015993 -448.729116778 -116.686677547 360.205124441 -260.179981623 194.872164823 1553.88316319 275.079859223 906.304148702 -69.5168541017 -534.195150358 -115.727053434 -46.067189773 434.39242654 -35.7366542084 -256.784963122 1191.94630245 -498.189527929 153.089863132 78.4095024731 711.396242589 174.790279453 -41.306306475 -680.266728576 1004.60941528 2.5436099044 449.526261873 -287.339174969 -28.6035709887 388.242067346 -71.0197522651 -327.22253298 137.578572992 945.922854294 -111.305167018 111.096716312 -721.736929361 -358.568147063 -719.714982341 317.910104643 -418.654647518 -1173.41366626 -290.984700541 393.835707765 775.419082088 -1406.56537465 -309.49107 417.792783011 -990.180862303 505.772866326 -174.800823139 -51.4478429194 2126.6467327 597.557708527 304.141116516 -149.725698596 -396.089243584 -232.949537482 -304.603083241 26.0369436111 359.637895432 -286.190019464 530.286002948 -677.684518565 930.507402014 1377.46070833 -841.579021952 392.424880487 110.685308806 270.62584218 -256.686629259 80.0719877246 -328.268002781 -714.555852775 142.724467856 690.779004393 -282.339710751 -358.246003749 -1354.72432623 -204.86420724 824.793508531 -163.303016281 623.485689586 620.510561608 -381.152164413 -1146.26755854 -868.40072005 748.035393317 -239.164961324 431.010126329 330.068463242 -286.187250762 -699.379696591 981.092295132 -620.518168603 -244.90857636 673.470044492 -40.2857082125 -377.219171372 280.537579134 15.6528530068 11.1065599283 -221.173241523 355.475234727 -296.525960095 -190.870865349 114.272263519 -137.417121022 -36.1690717358 143.173275461 686.566858011 109.909427506 255.527344426 -38.6254333613 -86.282093998 -175.208146623 212.412229786 104.955331979 -286.548442004 -55.612050605 -1.13401544655 130.15352316 100.782699791 140.584894923 -398.442407008 -72.3422066085 259.048225597 -16.6550644799 -13.1702756741 -219.952274186 176.985948652 77.8684236598 22.9635672832 -189.334392287 -393.617608816 -902.98154985 814.099485173 71.7317625001 338.623080899 176.941053499 -700.808935478 405.930290058 194.177183287 366.6901878 490.887930841 23.727438251 13.8874287577 138.560186447 90.144999282 16.2078103922 -33.9935864396 -158.452079754 205.582798483 -10.9859222473 430.578586524 -108.430599532 -66.2777741854 -29.7877898079 23.8713897467 93.7272368124 -215.807990738 38.6427259095 -103.296105793 -134.386411769 344.899107887 -235.758985049 -210.088229052 26.8131120032 -128.974473322 -101.106134181 -52.5785968574 -280.753777386 80.9912445371 -135.859307562 418.00194494 234.297705482 -273.949974092 156.033649611 248.744383141 -441.664086015 -386.548834868 -237.057747604 272.948265372 -186.718832624 244.528282534 316.18904168 -325.808658798 182.699995809 429.569486212 269.091287068 22.0455536476 163.950602171 210.878455979 -401.530942692 195.439559998</DataArray>
        <DataArray type="Float64" Name="NodalPrincipalStress" NumberOfComponents="3" format="ascii">-4438.7853758 -66.3079589621 4548.38877133 -3992.89588974 -120.112906924 3863.46890883 -4375.26274979 -3.22727055642 4608.45768061 -4737.01746578 181.410903982 4327.44053483 -4262.45653826 230.147277361 4830.92106257 -3976.23804617 364.731609755 4437.57611557 -4031.07633121 -15.9745205695 4335.61570693 -4056.29455138 -36.4651699899 4616.48449054 -4644.68003643 -74.1167399096 4358.81032637 -4258.1295291 380.469133635 4621.57953901 -4600.14581658 321.671404839 4205.58733621 -4424.37052252 250.230738704 4059.53970153 -4285.13419801 -239.813346665 4292.85224408 -4143.04115318 -216.627955234 4540.17472442 -4326.94608789 101.523282575 4443.98397589 -4955.51237094 -113.392085972 4155.41196138 -3625.76755387 -32.1532565918 3522.8209836 -3566.77924559 -115.002246074 3740.09592848 -3492.18990216 68.074779131 4041.4647651 -3627.45398155 32.2640374579 3481.90372021 -3445.27054077 -22.2757431132 3970.60223887 -4745.16543721 -16.2054215033 3484.04364108 -4477.43585484 26.3029833051 3849.98181014 -3497.67711375 -112.81611116 3308.43893765 -4388.06308461 -191.088017812 4458.14851313 -3711.64195359 146.930274781 3936.09555034 -3766.02535972 16.5554132406 3936.89263774 -4510.20521972 194.986003094 4133.33580537 -3767.38269604 12.9620223427 3429.92355014 -3709.53263738 -14.8484798967 3614.00315854 -4131.59664562 -452.00120444 3931.49789348 -4413.11979956 -580.32585331 3756.99133549 -4100.36183069 -332.576392563 3923.31726096 -4089.2743036 230.21098691 3992.56761345 -3779.81870099 762.12795908 4632.13366993 -4215.49080674 -229.042132287 4196.4942239 -4419.6082664 -444.259808371 3980.00273755 -4446.79271337 -641.64261993 4047.63564909 -3763.98010395 824.820531753 4543.96330315 -4718.97155435 -832.356315035 3779.2681825 -4262.91253054 -505.992401261 3971.49075336 -3721.05558281 565.945177009 4025.07441596 -4014.96032787 -656.622716692 3732.07249236 -3636.24535876 553.831557301 4438.09096022 -3426.77694635 267.418584395 3481.7699983 -4544.00437631 -50.1816175578 3768.9292714 -4348.34030061 114.397558652 4059.02650881 -3745.61593295 31.8045929179 3992.8643655 -3424.14213252 60.1182443346 3839.89308097 -3987.67627063 -257.52377711 3410.32490443 -4133.78351897 8.84577657583 4461.88461669 -3713.01200479 140.608393369 4034.74183349 -3731.78025449 -198.249515542 3679.5044747 -3869.18262907 6.0314085499 3424.04859147 -3935.01307118 40.6642653861 3948.48882578 -3507.8642745 -180.276197316 3605.45638822 -4564.99953404 5.21433918974 4115.25935731 -3907.72769756 53.8121045542 3850.78872869 -3938.69812535 -45.2464575756 3847.97742334 -3763.9971345 -188.633398087 3512.50536214 -4502.84485653 -394.319707089 4361.05131401 -3642.22614806 -133.494330638 3780.14182085 -3428.8678747 -2.65431898255 3949.34399717 -4016.94783577 -54.2640724705 3985.95849611 -3437.59046233 -443.789717265 3480.71669548 -3893.73427778 130.953079957 3808.31982737 -4019.08033377 -281.750576464 3967.32684443 -4110.5684082 -170.088015532 4310.10913349 -3763.17972602 -478.849197289 4264.66856055 -3693.6502604 -534.300869536 4498.81020625 -3572.58901788 71.6975636745 3715.74313399 -3602.11424003 173.074002519 3570.65000033 -3986.65883381 2.63688234448 3674.5313944 -3563.87060478 -294.309826493 4311.33199993 -4318.2807954 314.92235245 3786.14147626 -3879.85915399 -46.9746147657 3484.78398012 -3689.3107243 -201.115211122 3695.90130991 -3838.73630412 -304.371614234 3508.08066626 -4083.1273308 -114.605037285 3963.95506175 -3967.44227749 115.422659093 4129.81308668 -4289.70855679 24.2918833503 4505.74512632 -3794.7975764 55.6251877202 3842.04869742 -4279.87849724 366.556902041 3853.29257574 -3590.0263051 274.751877373 3624.61494361 -4386.00242133 233.996355752 3599.54137918 -3736.0291272 17.289331 3645.99978042 -3586.55702009 -109.690642844 4172.02034721 -3676.38711931 -209.244805518 4362.83314402 -3828.72029877 8.92760621196 3627.12503854 -3556.98933268 127.208933916 3269.87273302 -3737.84476403 162.019658445 3491.26409456 -4222.3173646 -37.0516647759 3377.97725693 -3612.2213619 75.1560717296 3323.04402592 -3539.59226086 180.459881646 3590.56054975 -3620.8935035 -250.955669507 3866.96346613 -3564.12428347 -277.026679578 4046.77140173 -3325.94265549 -105.748238434 3703.93277262 -3511.93178568 102.317907342 3961.90993674 -3696.51226176 87.313994404 3211.07061685 -3265.49814904 104.373827581 4806.17322645 -3651.23428879 -283.97629499 3363.58922206 -3949.16404997 -210.381978098 4027.40968561 -4282.45394226 -71.9023701894 3444.50015467 -3811.55125874 -352.489630947 3579.42009809 -4282.90789314 -383.043431972 4319.97830782 -4447.59915953 247.015302898 4341.17247715 -4117.3962025 -21.4748240737 3922.59394958 -4436.77327115 -382.52641425 4362.08554152 -3224.28380277 -200.758460478 3627.43408907 -3983.10044643 -207.045265604 3425.81697044 -3930.29134269 -12.9042918573 3868.26580098 -4041.37841718 -331.377656336 4468.55321923 -4185.40776269 -223.431298361 3709.20105144 -4265.58410509 -132.968495702 3666.94058945 -4415.13293865 -190.329817108 3542.9790628 -4294.67905988 -50.0147392394 3858.71904879 -3504.88650572 -132.617205089 4382.79786635 -3409.12043027 81.6336355504 4378.03841817 -4436.39272573 -262.351710526 4603.30986656 -3572.04722547 -33.46974585 3473.34049619 -3696.12832571 -1.55581473381 3588.17485899 -3933.9526141 -188.09541296 3708.48824591 -4716.4128141 22.6228864427 4413.87353616 -3675.74871985 -265.022845744 3064.64855353 -4445.76795055 386.506048179 4559.94991306 -4076.80080039 224.197244592 3691.38209816 -3978.03826212 47.7920210301 3915.02845484 -3891.42488221 -404.571652027 3269.30783233 -3863.79106144 243.739708664 3991.04473887 -3414.67845478 -75.8205116806 3477.96687636 -3472.88186983 111.378008919 3988.81805876 -4052.36225648 -226.161042616 3611.48221588 -3604.46782509 -186.569971561 3362.8906958 -3899.33171981 -12.8750915031 3417.62322269 -4641.11922864 -265.601853181 3691.61692709 -4242.55367079 131.19284782 3833.75260074 -4412.16068548 268.385041502 3855.64431536 -3534.14220624 -121.040850491 3838.55142627 -3731.41022341 -146.572234562 3893.12070423 -4108.8595267 -192.270938199 4655.39115965 -3558.73343945 -309.508781295 3304.83414707 -4703.43314308 161.19495701 4062.83143527 -3768.65648539 72.9191327268 3883.09749708 -3984.73788902 20.6807970182 3889.1995351 -3934.80039531 -90.3220900293 4033.6604317 -3510.1590648 224.250689934 3246.47025554 -3617.45809294 61.4307569643 3647.07209898 -4163.51674637 -114.412815002 4728.95813089 -3270.30697311 58.8078561357 3784.97847815 -3993.31479687 131.580004134 4069.81237735 -3741.69417707 239.865622332 4070.35486446 -3675.72709996 175.125581188 3989.0027276 -3714.36444501 -97.2501762987 3148.94927178 -3410.65375646 82.4129954672 4095.29299125 -4119.62539271 179.520856827 3817.43407031 -3499.63846249 -250.876324814 4011.23419972 -3747.47950852 -92.5175435472 3444.7779842 -3639.1464731 177.111165596 3879.01657739 -3706.94452455 123.27239393 3893.7143883 -3962.46549788 39.4330331798 3801.20933125 -4315.14620894 510.583751695 4188.58876117 -4095.07198293 332.901782455 4030.95041944 -4332.52970055 102.852514536 4073.08851848 -3927.56725016 -13.6298337636 4201.83839215 -3410.41891968 -95.0585095078 3579.61698585 -3896.0121526 392.608924966 3599.70387519 -3997.97901991 -123.135344737 4070.93781934 -3798.14888546 -163.841365653 4202.33651842 -3984.26727975 39.6789491099 3735.60380118 -3882.99471034 -242.13443741 3968.81788747 -4351.57482267 34.9309371537 4106.81529949 -3154.21435106 -184.761445423 3854.91123504 -3585.97624967 124.188146044 3351.62322058 -3876.04593581 -192.734182331 3338.25134844 -4160.63556957 14.7093926176 4000.59376609 -3520.36155977 -258.644997317 3939.95977548 -3336.85187769 363.148651308 3773.59147913 -4132.75904448 84.0822421707 3846.38122158 -3815.90103382 4.81574437125 3583.04223228 -3640.40312987 -121.323854369 3826.90881923 -3757.34167897 -339.390068826 3958.08944209 -3331.39986463 -106.982461612 2930.73404379 -3716.76155594 30.7875026649 4715.69589421 -3301.54936506 30.1472706813 3796.8147123 -3565.23697244 -254.989286195 3700.90981223 -4242.8983866 -153.268879011 3759.0045518 -4451.78869743 -165.264446951 4246.06569818 -3984.80033821 -304.797075552 4296.89972775 -3732.42890771 -54.6088480956 4104.92229602 -3756.05696798 77.9831383707 3958.51845937 -4356.52151314 8.32009906232 4126.88994435 -4544.80414159 275.170064303 3701.2390486 -3429.0756016 149.235133975 4052.07748841 -3783.30756151 21.4853083813 3234.18660385 -4393.55270449 211.445008397 3027.3542463 -3707.49488656 -140.393158505 3773.8337463 -3649.0054219 132.939988021 4110.39180779 -3364.80325344 75.8433827852 3895.33205688 -3678.16106572 58.2991905738 3568.51252091 -4115.22784459 -168.762522765 3232.54815617 -3356.83407283 58.1524773997 3180.00027999 -3556.55603118 -8.85822417868 4039.02720176 -3554.12719275 124.580353241 3801.98374979 -3951.17146133 -140.897697699 4400.66042018 -3415.60426238 288.558053299 4643.50465153 -4391.54320286 -82.5410633373 4577.80171225 -4350.80758375 -92.2704787619 4592.38323076 -3555.85777966 232.793238254 3343.08888857 -3789.36763733 81.2482905504 3724.12071196 -3911.54953114 -247.828917969 3711.9763446 -4844.83842798 -17.9751668237 4086.57545231 -3924.99654529 -436.860507331 3360.23330811 -4181.62457299 -242.77567896 4090.81169326 -3792.86500067 -202.486281487 3352.70105371 -3285.98968037 58.2581123169 3443.72576694 -4254.4767325 -206.687493041 3401.7956905 -3841.18743119 163.458169922 3773.73003622 -3633.05414213 -82.2274859775 3249.43761361 -4674.00200545 -148.114420075 4633.31559739 -3952.3820902 -174.124774218 3665.05125125 -3838.69798578 153.844829814 3510.52189888 -3373.78165166 98.5729809238 3314.61159757 -3598.56538632 7.33496007338 3729.96299854 -3564.24494474 -110.544356769 3454.56807716 -3467.77227813 -189.588830083 3478.72772949 -4076.28611618 201.266824706 3787.59032687 -3200.83473055 47.0233427341 3794.30120751 -3937.41678566 126.524433685 3757.88074343 -4278.78102013 -172.629224866 3422.26847167 -3530.55763262 17.1738231878 3595.4542969 -3924.56734392 -56.953061535 3686.71781498 -3430.28452191 -158.140052732 3823.58459063 -3671.82566554 -166.986454587 3390.08300335 -4107.50150524 -227.672445664 4218.48727335 -3730.00489853 -168.074669741 4258.28469271 -3999.17086835 -140.380559742 3879.37144647 -3698.29780439 -26.4760692621 3919.64603848 -3300.11399686 165.744449629 4688.25271042 -4379.76569603 75.9946427966 4578.85091246 -3507.85888122 119.199435074 4294.96359485 -4241.73870242 -219.394155694 4391.61600401 -4241.57964877 51.6905048445 3655.69399357 -3954.57073004 180.487480927 3658.35619568 -3607.5310738 38.6003600094 3522.86352402 -3638.77424442 46.9149674388 4026.25170352 -3852.89685934 -70.422269421 3887.58247455 -4298.43468597 33.5249429806 4008.12477986 -3207.49259744 62.4935068578 4336.94539304 -3532.06688719 -358.8813904 3392.75874966 -4421.12582107 165.185923539 4409.02976066 -3635.68530472 -187.153146304 3901.24795349 -3869.17552785 239.457808701 4341.11396174 -4314.37735942 398.068248124 4091.09939075 -4324.24091671 -208.275803846 4491.21041408 -3929.49501206 -320.851341592 3570.07962507 -3434.05881639 464.26869584 3974.39953583 -3820.49521318 32.6092979776 3790.4295251 -4260.40109584 -110.22894453 4820.15630224 -3995.40720293 127.865904692 3580.20212327 -3967.91991975 -190.305677306 4129.62202607 -3788.20093421 132.392996733 4044.05000482 -3963.08881886 174.096781589 3717.97228501 -3675.20852244 38.3508434677 3309.63514599 -3748.97902749 -262.566839189 4149.12443967 -3424.2643928 91.2511988432 4278.93604825 -3611.2800791 -86.7139224258 3586.68883451 -3692.07975607 101.818815283 3701.3576571 -4321.3941737 -234.475427014 3834.13267135 -4209.89705925 -449.069612557 4300.39852475 -4622.63421331 367.769574837 3535.14965613 -3568.70153995 -79.0026146538 3965.61425925 -3892.19227816 -133.749825654 3607.28745629 -4470.61066981 173.5480297 3123.64897385 -4002.08479825 51.066452845 3660.03364486 -3608.33897867 56.3869777651 3945.78770867 -3658.50554706 238.090438477 4195.83419067 -4093.665476 -405.777392437 3092.87749379 -3888.46767522 135.907708606 3443.06889661 -3940.14724511 60.1731713878 4297.76685674 -4585.17752275 24.2748451352 3570.72181531 -3529.02165295 285.327958076 3749.4665612 -3473.20604614 -390.724053595 3689.12927659 -3964.18459212 -37.8437040503 3950.58045325 -2990.13987197 707.261644882 4409.52495978 -3357.00762444 -389.35770957 4343.92304254 -3720.31790633 324.161045618 3700.29797723 -4153.55236462 505.431393315 3498.39527271 -3208.43588416 -25.0861433951 2837.43278397 -4014.45462259 136.624514303 3644.88057081 -3089.23808742 -180.191378476 2964.82638266 -3182.52363133 -192.308144795 3400.86871974 -2964.62844154 83.7522498316 3240.51408714 -3555.03095548 60.1203774266 3208.72055859 -2791.55495241 56.8819698268 3264.95898553 -3253.09017477 -465.277836418 3040.68349263 -1956.75726109 162.886212827 2724.37845028 -1553.13452607 310.13935668 2620.45587772 -1938.72925841 -67.9751349918 1165.12537145 -1619.80940546 -7.01017602108 2019.24446197 -1981.31415019 -56.1554885036 2148.1549475 -3364.42565082 -289.110342021 3924.16183502 -3880.91319173 49.000367595 3575.22619488 -3395.73091624 103.455157425 3372.34774654 -3708.52513645 -247.708918108 3627.96605178 -3898.66991995 -264.947952385 3449.06201956 -3267.83275531 -40.6179526541 3451.17517582 -3178.59399887 281.353570341 3588.01943293 -2154.12869505 91.1617200848 1780.62726421 -2361.65781739 187.79954574 1815.6122679 -3395.36301395 -571.23733853 2611.87602625 -3085.92682576 -418.559243531 3299.62186205 -2935.01090487 300.000631248 3459.80378215 -2719.42765081 -101.258961943 2657.38359648 -2868.78663115 185.746615802 3306.52570494 -3031.35192933 244.019020236 3407.8434707 -3277.98995001 -96.1896007828 2993.02738638 -3670.03352122 -349.960829555 2873.72679224 -2068.35563325 -387.177758759 1587.13267196 -1342.51702428 219.890323922 1870.66209367 -178.278646379 -55.1919141517 -5.6944007934 -1554.40191375 162.658782639 1822.75325744 -1463.12801526 86.5148634947 1706.681615 -3110.13138532 -172.56786343 2996.51199799 -3570.58184207 -501.502471216 3372.70461669 -2736.96572698 150.206288985 3567.85173313 -3471.93402746 -414.078266675 3265.49412553 -3506.34567597 -185.142974791 3446.5800744 -3034.18842451 338.315319459 3369.34314954 -3287.23791663 146.112245677 3100.83996274 -1839.20308136 4.25173349178 1457.7321765 -1676.03442121 211.521081976 1745.05091837 -1831.83247148 27.7975741746 1819.68775031 -1851.19994963 13.3024333801 1849.00407618 -1875.8239744 -53.934108773 1708.58484165 -1690.54834238 39.0021292785 2007.02144783 -1783.90789155 -139.16732173 1626.54925318 -2027.76247135 43.3436905596 1793.54791544 -1823.81051882 59.2072182372 1878.8755641 -2370.23173659 -30.3288347485 2263.14345032 -2424.23030084 176.917985651 2211.14324345 -2229.06848362 -89.6676384074 2461.90939749 -2003.5589226 226.474722196 2463.65105841 -2295.97698481 17.9095903116 2387.97682201 -2365.19423225 -36.5600508173 2657.2816275 -2468.44235186 21.7503883502 2408.06653015 -2502.92397698 40.9988576994 2375.64302529 -2418.66315952 -26.3738730859 2269.82888598 -2236.38326883 -27.2802025956 2476.07570121 -2339.71855537 26.2267335871 2418.44715376 -2815.38113177 -199.94584799 2728.77853775 -2836.08058254 133.40044705 2647.06808488 -2430.74603388 -30.1291025915 2459.74112103 -2588.73645537 158.308725562 2560.58125296 -2392.69243743 -70.4531421109 2563.92827933 -2718.12345181 63.6666877193 2795.04165902 -2396.80180616 -130.345138817 2128.70453797 -2702.99929013 -13.1629875117 2643.82007103 -2430.26270289 -24.0505384081 2713.36146689 -2623.73857371 130.188598112 2476.89491111 -2712.47512831 58.3663385742 2640.93851406 -2632.93674572 -154.294815997 2567.27928753 -2660.48630795 0.280451020464 2837.19180558 -2654.14382269 -42.82757764 2774.83982399 -2892.7515048 -20.735105154 2936.45017724 -2918.56580851 -31.8255733453 2761.05698956 -2643.76560705 -51.4446642065 2301.59266244 -2861.30484771 -377.766057777 2336.08935564 -2504.65950311 183.367952988 3135.39103529 -3045.12537976 79.4767107723 3037.38043149 -2748.42409373 315.22632041 2771.82085422 -2991.0896641 20.1186944778 3147.91202313 -2897.3607164 -253.720885738 2450.27266666 -2636.53405392 114.592995194 2927.87134879 -2993.85028569 305.145358958 2882.88211002 -2665.26327914 12.3129973233 3019.64046962 -2948.39215269 221.960279665 3217.31980386 -2911.1966354 44.6287044065 2890.29536924 -3158.82929923 78.0997255801 3094.61700241 -3091.15466091 245.339753673 2984.37509369 -1925.84020344 28.786978402 1987.19822432 -2995.57935478 144.065711166 2867.721454 -2870.5764992 -90.024255765 2926.60716853 -3068.93770852 37.640928081 2872.84470069 -3053.26030416 -85.6543335538 3344.4974362 -2711.13902978 153.487841054 2546.66526647 -2625.16050403 239.539655426 2816.19943513 -3219.54302798 -201.391274162 3312.50370261 -2927.95133553 -125.920319938 2987.59388128 -2851.15361481 -21.3629272023 2842.72875221 -2824.29396135 -155.816606977 3003.98195808 -3035.11001901 82.9880792609 3045.84917657 -3100.67881206 -100.477158444 2985.34797977 -3192.800414 2.4648648787 3228.97827503 -3020.04878775 -165.354313339 3082.1069953 -3303.99011764 -77.390458402 3246.99416428 -2833.76418396 158.327766545 3020.3355253 -3064.86248351 -112.636499252 2941.73999772 -3078.89547766 -100.445667029 2969.25291563 -2944.05962485 84.8116978126 2886.06103905 -2740.39123994 -67.8337480897 2679.2505147 -3311.34099144 32.9904838534 3177.2443734 -3392.58206719 103.315683833 3236.6877865 -2941.72596262 -115.283407592 2776.25559282 -3036.09174944 -101.043499189 3218.12649317 -3007.56687563 -186.474589347 3058.18215742 -2858.82663797 83.5961975046 3193.23238541 -3082.84720196 -54.0285474849 3371.17345492 -3127.70771692 6.61819111442 2847.13955171 -3141.84943772 -94.4665745074 3392.34966184 -2960.52633868 -15.3297975662 3224.60051939 -1597.53457661 -109.475100289 1265.34559088 -3242.6618751 -154.963204295 3011.07624453 -3454.80341241 -64.8185120643 3282.56417687 -3014.46830707 46.0161361086 3241.40043634 -3259.19423643 -179.458051353 3251.93345516 -3206.30446905 -6.87047607264 3457.70322765 -2927.8205866 145.768623919 3098.24100436 -3260.17491309 -178.307705732 3112.67396003 -3096.01630922 44.9251293227 3233.79117571 -3082.38224381 258.965900638 3252.98582938 -3025.95881253 129.186265194 3165.8638344 -1645.06915522 -36.7140338627 1703.82874273 -3045.75364741 125.765648789 3083.93860079 -1630.26683511 53.4129527326 1787.73233836 -3397.02244675 88.0123628285 2907.47914123 -1724.2402724 91.1760721731 1828.50376022</DataArray>
        <DataArray type="Float64" Name="ShellTopNodalVonMises" format="ascii">0 0 0 0 0 0 0 0 0 0 0 0 0 0 0 0 0 0 0 0 0 0 0 0 0 0 0 0 0 0 0 0 0 0 0 0 0 0 0 0 0 0 0 0 0 0 0 0 0 0 0 0 0 0 0 0 0 0 0 0 0 0 0 0 0 0 0 0 0 0 0 0 0 0 0 0 0 0 0 0 0 0 0 0 0 0 0 0 0 0 0 0 0 0 0 0 0 0 0 0 0 0 0 0 0 0 0 0 0 0 0 0 0 0 0 0 0 0 0 0 0 0 0 0 0 0 0 0 0 0 0 0 0 0 0 0 0 0 0 0 0 0 0 0 0 0 0 0 0 0 0 0 0 0 0 0 0 0 0 0 0 0 0 0 0 0 0 0 0 0 0 0 0 0 0 0 0 0 0 0 0 0 0 0 0 0 0 0 0 0 0 0 0 0 0 0 0 0 0 0 0 0 0 0 0 0 0 0 0 0 0 0 0 0 0 0 0 0 0 0 0 0 0 0 0 0 0 0 0 0 0 0 0 0 0 0 0 0 0 0 0 0 0 0 0 0 0 0 0 0 0 0 0 0 0 0 0 0 0 0 0 0 0 0 0 0 0 0 0 0 0 0 0 0 0 0 0 0 0 0 0 0 0 0 0 0 0 0 0 0 0 0 0 0 0 0 0 0 0 0 0 0 0 0 0 0 0 0 0 0 0 0 0 0 0 0 0 0 0 0 0 0 0 0 0 0 0 0 0 0 0 0 0 0 0 0 0 0 0 0 0 0 0 0 0 0 0 0 0 0 0 0 0 0 0 0 0 0 0 0 0 0 0 0 0 0 0 0 0 0 0 0 0 0 0 0 0 0 0 0 0 0 0 0 0 0 0 0 0 0 0 0 0 0 0 0 0 0 0 0 0 0 0 0 0 0 0 0 0 0 0 0 0 0 0 0 0 0 0 0 0 0 0 0 0 0</DataArray>
        <DataArray type="Float64" Name="ShellBottomNodalVonMises" format="ascii">0 0 0 0 0 0 0 0 0 0 0 0 0 0 0 0 0 0 0 0 0 0 0 0 0 0 0 0 0 0 0 0 0 0 0 0 0 0 0 0 0 0 0 0 0 0 0 0 0 0 0 0 0 0 0 0 0 0 0 0 0 0 0 0 0 0 0 0 0 0 0 0 0 0 0 0 0 0 0 0 0 0 0 0 0 0 0 0 0 0 0 0 0 0 0 0 0 0 0 0 0 0 0 0 0 0 0 0 0 0 0 0 0 0 0 0 0 0 0 0 0 0 0 0 0 0 0 0 0 0 0 0 0 0 0 0 0 0 0 0 0 0 0 0 0 0 0 0 0 0 0 0 0 0 0 0 0 0 0 0 0 0 0 0 0 0 0 0 0 0 0 0 0 0 0 0 0 0 0 0 0 0 0 0 0 0 0 0 0 0 0 0 0 0 0 0 0 0 0 0 0 0 0 0 0 0 0 0 0 0 0 0 0 0 0 0 0 0 0 0 0 0 0 0 0 0 0 0 0 0 0 0 0 0 0 0 0 0 0 0 0 0 0 0 0 0 0 0 0 0 0 0 0 0 0 0 0 0 0 0 0 0 0 0 0 0 0 0 0 0 0 0 0 0 0 0 0 0 0 0 0 0 0 0 0 0 0 0 0 0 0 0 0 0 0 0 0 0 0 0 0 0 0 0 0 0 0 0 0 0 0 0 0 0 0 0 0 0 0 0 0 0 0 0 0 0 0 0 0 0 0 0 0 0 0 0 0 0 0 0 0 0 0 0 0 0 0 0 0 0 0 0 0 0 0 0 0 0 0 0 0 0 0 0 0 0 0 0 0 0 0 0 0 0 0 0 0 0 0 0 0 0 0 0 0 0 0 0 0 0 0 0 0 0 0 0 0 0 0 0 0 0 0 0 0 0 0 0 0 0 0 0 0 0 0 0 0 0 0 0 0 0 0 0 0 0</DataArray>
      </PointData>
      <CellData Scalars="VonMises">
        <DataArray type="Int32" Name="ElementIndex" format="ascii">0 1 2 3 4 5 6 7 8 9 10 11 12 13 14 15 16 17 18 19 20 21 22 23 24 25 26 27 28 29 30 31 32 33 34 35 36 37 38 39 40 41 42 43 44 45 46 47 48 49 50 51 52 53 54 55 56 57 58 59 60 61 62 63 64 65 66 67 68 69 70 71 72 73 74 75 76 77 78 79 80 81 82 83 84 85 86 87 88 89 90 91 92 93 94 95 96 97 98 99 100 101 102 103 104 105 106 107 108 109 110 111 112 113 114 115 116 117 118 119 120 121 122 123 124 125 126 127 128 129 130 131 132 133 134 135 136 137 138 139 140 141 142 143 144 145 146 147 148 149 150 151 152 153 154 155 156 157 158 159 160 161 162 163 164 165 166 167 168 169 170 171 172 173 174 175 176 177 178 179 180 181 182 183 184 185 186 187 188 189 190 191 192 193 194 195 196 197 198 199 200 201 202 203 204 205 206 207 208 209 210 211 212 213 214 215 216 217 218 219 220 221 222 223 224 225 226 227 228 229 230 231 232 233 234 235 236 237 238 239 240 241 242 243 244 245 246 247 248 249 250 251 252 253 254 255 256 257 258 259 260 261 262 263 264 265 266 267 268 269 270 271 272 273 274 275 276 277 278 279 280 281 282 283 284 285 286 287 288 289 290 291 292 293 294 295 296 297 298 299 300 301 302 303 304 305 306 307 308 309 310 311 312 313 314 315 316 317 318 319 320 321 322 323 324 325 326 327 328 329 330 331 332 333 334 335 336 337 338 339 340 341 342 343 344 345 346 347 348 349 350 351 352 353 354 355 356 357 358 359 360 361 362 363 364 365 366 367 368 369 370 371 372 373 374 375 376 377 378 379 380 381 382 383 384 385 386 387 388 389 390 391 392 393 394 395 396 397 398 399 400 401 402 403 404 405 406 407 408 409 410 411 412 413 414 415 416 417 418 419 420 421 422 423 424 425 426 427 428 429 430 431 432 433 434 435 436 437 438 439 440 441 442 443 444 445 446 447 448 449 450 451 452 453 454 455 456 457 458 459 460 461 462 463 464 465 466 467 468 469 470 471 472 473 474 475 476 477 478 479 480 481 482 483 484 485 486 487 488 489 490 491 492 493 494 495 496 497 498 499 500 501 502 503 504 505 506 507 508 509 510 511 512 513 514 515 516 517 518 519 520 521 522 523 524 525 526 527 528 529 530 531 532 533 534 535 536 537 538 539 540 541 542 543 544 545 546 547 548 549 550 551 552 553 554 555 556 557 558 559 560 561 562 563 564 565 566 567 568 569 570 571 572 573 574 575 576 577 578 579 580 581 582 583 584 585 586 587 588 589 590 591 592 593 594 595 596 597 598 599 600 601 602 603 604 605 606 607 608 609 610 611 612 613 614 615 616 617 618 619 620 621 622 623 624 625 626 627 628 629 630 631 632 633 634 635 636 637 638 639 640 641 642 643 644 645 646 647 648 649 650 651 652 653 654 655 656 657 658 659 660 661 662 663 664 665 666 667 668 669 670 671 672 673 674 675 676 677 678 679 680 681 682 683 684 685 686 687 688 689 690 691 692 693 694 695 696 697 698 699 700 701 702 703 704 705 706 707 708 709 710 711 712 713 714 715 716 717 718 719 720 721 722 723 724 725 726 727 728 729 730 731 732 733 734 735 736 737 738 739 740 741 742 743 744 745 746 747 748 749 750 751 752 753 754 755 756 757 758 759 760 761 762 763 764 765 766 767 768 769 770 771 772 773 774 775 776 777 778 779 780 781 782 783 784 785 786 787 788 789 790 791 792 793 794 795 796 797 798 799 800 801 802 803 804 805 806 807 808 809 810 811 812 813 814 815 816 817 818 819 820 821 822 823 824 825 826 827 828 829 830 831 832 833 834 835 836 837 838 839 840 841 842 843 844 845 846 847 848 849 850 851 852 853 854 855 856 857 858 859 860 861 862 863 864 865 866 867 868 869 870 871 872 873 874 875 876 877 878 879 880 881 882 883 884 885 886 887 888 889 890 891 892 893 894 895 896 897 898 899 900 901 902 903 904 905 906 907 908 909 910 911 912 913 914 915 916 917 918 919 920 921 922 923 924 925 926 927 928 929 930 931 932 933 934 935 936 937 938 939 940 941 942 943 944 945 946 947 948 949 950 951 952 953 954 955 956 957 958 959 960 961 962 963 964 965 966 967 968 969 970 971 972 973 974 975 976 977 978 979 980 981 982 983 984 985 986 987 988 989 990 991 992 993 994 995 996 997 998 999 1000 1001 1002 1003 1004 1005 1006 1007 1008 1009 1010 1011 1012 1013 1014 1015 1016 1017 1018 1019 1020 1021 1022 1023 1024 1025 1026 1027 1028 1029 1030 1031 1032 1033 1034 1035 1036 1037 1038 1039 1040 1041 1042 1043 1044 1045 1046 1047 1048 1049 1050 1051 1052 1053 1054 1055 1056 1057 1058 1059 1060 1061 1062 1063 1064 1065 1066 1067 1068 1069 1070 1071 1072 1073 1074 1075 1076 1077 1078 1079 1080 1081 1082 1083 1084 1085 1086 1087 1088 1089 1090 1091 1092 1093 1094 1095 1096 1097 1098 1099 1100 1101 1102 1103 1104 1105 1106 1107 1108 1109 1110 1111 1112 1113 1114 1115 1116 1117 1118 1119 1120 1121 1122 1123 1124 1125 1126 1127 1128 1129 1130 1131 1132 1133 1134 1135 1136 1137 1138 1139 1140 1141 1142 1143 1144 1145 1146 1147 1148 1149 1150 1151 1152 1153 1154 1155 1156 1157 1158 1159 1160 1161 1162 1163 1164 1165 1166 1167 1168 1169 1170 1171 1172 1173 1174 1175 1176 1177 1178 1179 1180 1181 1182 1183 1184 1185 1186 1187 1188 1189 1190 1191 1192 1193 1194 1195 1196 1197 1198 1199 1200 1201 1202 1203 1204 1205 1206 1207 1208 1209 1210 1211 1212 1213 1214 1215 1216 1217 1218 1219 1220 1221 1222 1223 1224 1225 1226 1227 1228 1229 1230 1231 1232 1233 1234 1235 1236 1237 1238 1239 1240 1241 1242 1243 1244 1245 1246 1247 1248 1249 1250 1251 1252 1253 1254 1255 1256 1257 1258 1259 1260 1261 1262 1263 1264 1265 1266 1267 1268 1269 1270 1271 1272 1273 1274 1275 1276 1277 1278 1279 1280 1281 1282 1283 1284 1285 1286 1287 1288 1289 1290 1291 1292 1293 1294 1295 1296 1297 1298 1299 1300 1301 1302 1303 1304 1305 1306 1307 1308 1309 1310 1311 1312 1313 1314 1315 1316 1317 1318 1319 1320 1321 1322 1323 1324 1325 1326 1327 1328 1329 1330 1331 1332 1333 1334 1335 1336 1337 1338 1339 1340 1341 1342 1343 1344 1345 1346 1347 1348 1349 1350 1351 1352 1353 1354 1355 1356 1357 1358 1359 1360 1361 1362 1363 1364 1365 1366 1367 1368 1369 1370 1371 1372 1373 1374 1375 1376 1377 1378 1379 1380 1381 1382 1383 1384 1385 1386 1387 1388 1389 1390 1391 1392 1393 1394 1395 1396 1397 1398 1399 1400 1401 1402 1403 1404 1405 1406 1407 1408 1409 1410 1411 1412 1413 1414 1415 1416 1417 1418 1419 1420 1421 1422 1423 1424 1425 1426 1427 1428 1429 1430 1431 1432 1433 1434 1435 1436 1437 1438 1439 1440 1441 1442 1443 1444 1445 1446 1447 1448 1449 1450 1451 1452 1453 1454 1455 1456 1457 1458 1459 1460 1461</DataArray>
        <DataArray type="Float64" Name="VonMises" format="ascii">3927.50546672 4187.5305979 6197.97223445 4091.7579842 3843.80762843 1292.70707446 3621.82405339 3915.71883801 903.348081653 4975.26930924 3651.79059959 1294.90624142 3864.96641389 3579.64228714 5805.27411878 4489.9147935 3105.43580244 3494.8390269 4025.57265008 1187.13515816 1590.68725015 3688.4968864 5803.87190578 3995.5262176 5010.6983453 4010.96330557 6250.22459165 6084.29058171 5006.13776284 4906.05661098 3962.98957448 5037.55776846 5174.00665373 3455.0566725 3966.17227021 6966.89371684 3655.65713922 4659.86791437 2969.91493072 3629.9139993 6654.1751468 1784.17637968 5633.00129373 4787.8195227 6219.48647061 5022.36366076 2818.64516533 6302.44974467 4875.73148956 7109.33832712 6235.0992824 3378.8324921 4640.79415156 4149.0658524 4015.77672615 6159.42800675 3870.33381932 3475.79998621 3117.90613095 3770.67595086 5153.99934794 3590.11584917 5570.91627726 5930.71059009 6280.59551561 4443.40855272 5961.07187198 3676.2396881 4389.70732112 3938.50758411 4484.99819551 4257.17840152 1486.42604125 5242.21904599 3862.46630481 3424.47142974 4786.23435903 3990.25912659 4325.42288489 4717.30507278 6965.01668427 4843.31619778 4081.04681741 6482.68973167 4850.97087435 7032.68805216 2924.98254707 2686.50751223 8476.1148987 5976.54227234 3793.25863764 6024.57130346 7222.45184739 4345.67548476 6094.67410947 8268.92563628 4415.75906803 2356.0121969 3347.4923621 4226.07669441 1342.24558234 4967.27215862 7062.60802358 3366.56477065 4338.32886521 4292.80726524 2988.4931029 3595.9856683 4935.80805029 2957.88460786 2201.67226427 4912.37451676 7096.57705111 6101.48372216 4051.25890031 5858.60848337 4498.4702087 6853.83104136 5362.42468862 5192.80321642 4045.91909293 3515.67117295 6664.87945128 6683.74586803 4922.63676667 8274.40622163 3631.71222454 5017.79562063 3225.82058755 7215.50609256 7141.41354665 3501.87584932 3757.93718446 6426.25575189 7055.84470741 4419.59056387 5137.06961272 3972.76490524 6979.61872704 4676.73153951 4580.92099118 6210.98231552 7098.69449035 7103.90377507 2829.20551444 4437.50562697 4142.85309997 4381.98361422 7340.79917904 3765.13010376 3777.2475096 3567.09955375 1574.15618037 7112.03424158 3281.56829724 7164.9094269 5347.45586309 5499.43749961 6730.49568734 3336.0695347 4209.1063754 8506.58134278 7003.5327303 4656.33406224 4900.79438804 4542.47879727 3360.956097 5758.61747202 6866.38856625 4478.08605757 4911.58208745 3850.76378204 4773.91490181 2984.70318229 3173.43045468 8152.93166357 4024.70064058 4408.1525543 6182.42980298 5301.81366424 6601.5013609 4822.43633338 5317.80261589 7501.27833521 4237.40325234 3691.14435035 6049.19789596 5237.22350864 6168.66411035 3485.62085446 4534.67512959 5453.76129395 3494.57723549 6622.41470702 7097.53004636 4688.49236866 7329.73185525 6496.22218055 3120.33767939 4402.54281046 4401.91432201 5888.88474379 3594.451413 3606.28399185 4172.92244186 7386.98979932 4892.15911029 4217.21062079 4785.0651078 7404.27700472 4072.67162864 2036.13919291 7386.98097978 4713.18163198 4140.0216313 4115.59844193 4849.91529384 4908.33300368 5188.697428 4444.67542594 6347.30859054 4601.31090952 5397.47051097 6325.00702995 6064.09048613 4431.62496278 2965.79973408 2942.75839689 4752.04454457 7902.95461294 5960.76688066 5836.14480157 3825.20164137 3936.44609413 7042.02262358 3157.52209023 6226.43292729 5348.08547459 3902.05772502 6423.6219327 6283.24763541 3236.75649954 4306.28546363 2969.91493072 2927.32505475 2097.70972837 2926.5280541 5345.09816862 4103.64962557 6204.9148589 4267.98165596 3829.16499266 7216.53181043 2348.41737419 4296.10491206 4484.63787266 4257.99557797 6850.26278062 4969.05465783 4254.62132493 5264.86185728 4060.00409239 4345.71101193 4021.37997286 7309.29040618 4580.2391479 7030.42037986 7263.01774782 3358.78539085 6742.26298488 6817.97144573 7314.75266871 4501.85951242 3875.60036949 1906.13417467 4044.92378846 5939.99684767 4628.9368989 7487.08824265 4477.10921784 4764.95280253 4998.32135698 4844.13333627 4087.6114516 8190.41994993 2047.57334352 6380.82768321 1204.70305392 3317.70783283 4899.83358988 6472.54062613 7230.13797824 6317.9096142 3014.79921559 3870.41737073 7384.96369492 4892.75090871 4546.95646516 3949.21650606 3448.98598465 4798.09466527 2530.58727162 7704.00651549 3067.68243392 4386.16479608 7817.38383267 2196.38351186 4298.19496574 4741.63115486 4389.66348878 3897.11285312 3457.89357077 3899.06595383 2539.42661921 5539.05261802 7004.55531635 4056.80591784 4227.0535433 5172.6145531 4443.43337744 1750.94884118 6344.62842206 5118.05498118 7866.69165623 2093.48590717 4116.91566329 3903.56698244 5038.92975292 5801.32790274 6799.2362777 4642.38982776 7736.54609315 4385.59468952 4369.01025737 4625.90247368 6892.72776734 4980.14722272 3535.10620721 6752.02095037 4416.50489267 8051.77136172 6918.80175267 3187.66363646 6605.2952685 4696.02312847 6026.51473636 5369.80489145 4716.82668754 4832.1170217 4713.37285559 2695.99850705 4398.59004844 4424.47724454 7019.32929756 6889.31181789 7508.41247253 7642.11578947 4540.01928668 3587.4339269 4776.71191088 5386.48072158 2742.44642171 4113.79163278 4701.36763831 3403.3747271 2883.32702564 4433.58312392 5030.55519616 3794.53394961 6882.6600747 4742.74489057 4224.91462753 2997.7072835 7554.83005815 4500.36201847 5335.99615008 6562.29153596 6512.83213408 7705.0093653 5238.09704487 6576.18866345 6115.18666127 2773.75597985 3970.80957649 6131.68472551 4605.0544529 4395.54791779 4304.5022982 4236.3341891 4741.91695107 3858.81973522 3796.96496838 7324.40817429 4897.66014922 5485.3871825 7441.7359039 7618.50293801 6977.86685327 5314.52902236 3000.97725021 7111.80493601 4525.58846054 7820.65430754 7021.49212916 4927.23061291 4702.80265819 1635.40575656 4141.41862878 7455.41896722 3759.34932973 4976.11176178 153.924769455 7101.270965 4504.22561851 4025.20214167 4175.17272949 3308.58451737 3330.36380648 3635.62941798 7105.04015651 7419.9199495 4477.55225032 4509.3543987 5654.46207428 3602.80502411 2879.88085324 4178.86564045 8032.22776398 2973.289046 4658.09334339 4196.91412611 8597.66634412 3920.62948756 4770.86473037 3446.00094139 6015.65078794 5798.87308505 6157.40652031 7196.98699474 2729.98110819 6908.90928377 3959.87047364 3676.33971907 4410.05410975 7248.47589402 4102.33766979 4667.40391239 3194.2236255 3728.39987943 3642.13611318 5377.3848968 2969.91493072 5251.24395267 4003.4703587 4230.38209038 4281.83658629 5530.10854717 4725.42764347 4175.11835783 7076.10201599 5528.26673597 4492.31964181 4530.58605726 6527.34375362 7348.45206321 7635.86127559 7091.44815203 6641.49706819 5671.14684359 3442.83101412 7029.5977587 5304.26865579 4959.28400929 4586.7660995 3088.53380957 5713.21952622 6393.30640971 3909.40511108 3843.73875616 3097.06338959 3412.42248163 8392.45606892 5759.4065364 4600.69054086 7023.88165809 5370.96733399 5642.7312604 3257.52186369 5408.48222868 6794.18805132 6933.21678097 5754.17464145 6636.16727299 4848.70533015 3424.78639236 4647.26824271 6848.17404346 4708.14349949 3998.24241161 3203.55512214 5750.20717306 6646.39615474 4217.19103158 6145.37591897 7205.36644504 4777.38412687 3765.50550374 7436.34219029 5608.43955672 2506.55703327 3780.84615355 5159.51445609 2607.19374359 4571.16972491 4277.26242305 6864.92897521 6913.44339107 4547.75100064 4545.84788767 7216.82612132 7424.2593693 4961.74081517 5616.5754737 3342.80715865 3455.01103296 3213.91463011 3269.43868627 4585.41030639 3140.63242584 7658.19592838 4398.31215589 7633.70943018 7584.24386077 5734.47510733 3501.86421955 5127.59564487 4561.71618416 7341.50377931 5863.38236407 7565.11390217 5929.88351356 6105.40379646 3924.53706408 3149.27819864 3557.22096747 5525.53031133 7922.90897423 4372.86883113 3999.03973052 6299.50748789 7611.92353123 3709.81258831 7381.98835844 6060.51677833 4252.87307124 7424.15502764 8288.6465004 5915.27508818 4816.24777427 4265.91339872 3807.76483752 7539.22418671 3302.90771952 4699.15308276 4504.39324932 7109.91577224 3887.44916446 4152.19005325 4774.42018613 7091.90383684 5768.8828374 4900.59986316 4183.42845069 4972.86115599 4700.11526847 5756.06545696 7183.30422106 3622.25530528 4767.69686523 4577.17168591 7529.13867557 3704.41712302 6674.34669841 4403.66011858 4986.86070323 4924.93545257 6463.69986727 6532.60524176 3137.02520603 4006.86225424 6832.15494245 7546.52978328 3930.60418253 7443.66715273 3278.13634068 7532.1159905 2067.20351502 2390.8986405 3471.44398971 4422.39708609 6818.66690552 7562.16512035 4472.06283906 6917.39496052 7527.67913483 3710.57053171 7675.45062418 5908.34723843 3607.56970401 8689.5037636 4952.72540193 3881.74871253 6039.3808497 3177.80951031 2673.21905794 7777.42017926 4156.01402195 5348.08668674 8027.2235582 2969.91493072 4868.13405393 3766.54527881 7625.60602692 6945.4709011 4574.93298203 3021.99560962 4252.29516286 3542.55309288 7060.67779659 4885.09683276 5069.52163564 4817.470016 8321.93521563 4431.61791213 7464.10617365 6325.30874124 3353.33283112 3256.04748309 4498.38373385 6613.35993887 3794.80315625 4891.02650511 3761.48646492 3317.18178256 5978.20414908 6883.31578194 6366.93767443 7118.40026398 7172.36112554 4081.75925073 7570.57503795 6907.89727081 3101.52004191 5048.82984383 6620.16990524 3362.63948995 7557.3344011 2624.27181348 7437.7762308 5173.88936779 6359.21930323 7392.95581381 7880.51760415 7589.42459343 7451.65380051 1793.11560131 153.924769455 3722.64549212 7009.27068751 7996.67957976 7803.10041153 4204.27019099 2987.45844209 2816.44866397 3736.72302955 2939.508135 3519.47674639 5656.00947554 8263.17113133 7008.18132478 7011.66000478 3178.91769058 4453.79971638 3433.29279202 4743.35724586 7186.20892962 7931.74668539 3957.24536485 4887.29667658 7556.76396753 2915.5477317 7991.16252796 3579.26423956 7086.70773369 7490.19276441 4103.81881584 7664.15031363 6601.43341558 4602.29857618 8834.00774459 4427.94090986 7614.15091278 6340.71354346 6758.905279 2926.84308558 7276.98372844 7154.92003074 4802.14541762 3715.71645141 3520.59905622 4480.67979121 3365.97703264 7903.68764455 7143.60708484 4650.64980353 4908.97760847 5578.54772639 7833.78130433 5006.55025103 3673.46830618 3265.29524749 5525.70740962 2967.68702361 7821.78538036 6985.55336043 4393.95841532 2140.77204242 2825.37080513 7185.35374976 3804.88871957 3530.53628024 7100.39322709 2690.94475583 7060.82920477 6354.64002059 5977.91773417 4236.84914716 6999.49178217 2201.4676838 7187.89285561 6288.72698463 4083.25381022 6884.88297616 7463.45999722 7255.37769981 3958.99473634 6004.67823785 2960.26389717 6331.22528159 6797.91007592 5080.82967226 4033.8052905 1101.7110481 3990.35678228 7495.4066024 7211.82795644 2930.96191183 2909.28063993 2371.5152982 4577.77723879 6025.01385444 7350.97058705 3178.9012187 6030.84192999 2812.82504144 4658.23125518 4903.97394685 7695.24555826 8571.74585967 5211.01790761 4068.04445056 4510.65354621 6486.76209078 3414.10598235 3825.17170977 4963.24230875 3669.62427777 7123.56781891 3531.90911253 3612.03069288 7683.42617853 3722.47873583 8661.83343458 3341.74902087 2290.35592791 5054.06076755 5002.79476485 3861.37930741 6224.36924385 6142.82567624 5217.52825695 2318.02900192 3293.45158959 7291.67829344 7037.97768416 4554.05127283 7724.27273985 1368.08771818 6531.16607032 1110.06517162 7540.13751137 4630.2590689 2609.36510757 4224.00125218 5055.18402424 6006.04307326 4429.21178235 7918.04307155 6241.07877201 4608.97528565 5392.35577162 8054.75278347 5107.63658356 4710.56516524 7195.0311435 8397.79818018 5091.69074364 7736.77090921 2428.6407447 4005.40221199 6544.37960155 7737.13679066 4486.98968228 6533.19636259 2586.41501469 6853.45511096 3594.90872937 6383.00053898 6515.2664931 4174.19836339 6755.22810791 4869.29990049 7678.30024398 6834.88542136 7953.47734518 6848.9691485 5647.80892624 7660.29603106 6114.05585069 1360.9724455 2678.28433986 4496.90154091 7907.01456852 4457.58526787 7201.90147418 3162.11597248 7566.39558753 5870.88938352 5045.18546043 5794.12287879 3063.18798719 7177.53417306 4724.70802895 2034.83429785 2678.70516186 3956.57590624 6283.43235427 7919.65265497 7991.08320742 3893.38260875 7626.20308427 2512.14552529 1604.57523353 3282.69361373 7644.7927373 7608.72538988 1152.0619585 3334.64587877 7633.43423716 3558.16258097 3418.08947279 3811.69777688 7924.52671527 4927.89100615 7233.2388486 6629.86727583 5800.68452428 4686.42770398 3146.21858258 7809.64068461 3924.51658367 7395.30484503 3540.56592973 4374.27346791 153.924769455 3618.49215897 7078.58419123 5531.02422525 6036.19278364 7001.63996317 7375.4730552 6108.38341274 7083.96929647 4069.27230743 3458.60860876 5073.46187063 7064.8266067 4623.63893701 5010.06556803 3931.59550949 4254.24707214 5574.93291727 2951.01826727 6950.62574465 7383.76016554 8111.59445343 9179.17455373 6054.71003874 7488.72864414 4308.1826007 6531.93150545 6967.36895409 7016.2463358 3265.02537896 4143.79421459 5206.85143842 3392.90740692 4512.63388542 7565.78344537 3418.63189903 4047.65383581 4770.36998178 7274.93405811 5158.90276519 3339.29612122 3825.38048478 7843.16613557 4283.2607539 4014.09651513 7659.41356998 4161.38478026 8162.06586639 6355.65230204 7673.91093432 4530.84190002 3390.98824834 6905.63433718 2869.46051434 7583.37956755 6216.65745175 4520.01134907 6539.78746083 1932.4172668 2031.01393527 8019.36980919 4606.13814981 6977.84476176 2499.8693781 4702.18705903 4443.83503828 7268.28338334 7318.43876504 6452.57307998 3281.22162631 5746.27524788 5457.1797992 6995.06423657 7881.82500579 8000.81487704 7808.23510183 4174.63129352 7491.36360671 8183.89582525 4156.57427182 7451.67546454 3282.69361373 4445.46915872 3922.68859626 6851.75377229 5797.4514396 2187.34877669 4091.49740825 8465.00901334 7136.95947582 4938.42995929 4754.4853986 5897.98971357 4992.15207603 4000.01820265 6265.98323854 4499.21755176 7913.38126788 6522.18544771 7113.7190845 7635.84219071 7558.91587552 7911.90609882 3919.50217324 7168.03937711 5790.46866645 3779.6450501 7112.12072774 2969.91493072 7621.8775473 4719.92008188 6363.36929871 3898.36407678 3880.11601663 4181.25886256 6775.99199974 7679.31249537 7279.23530901 1007.73695835 7313.45188024 4000.65107325 4821.85728349 8218.52977804 8293.77350206 6505.75561143 4056.92805358 7691.97686572 7385.18496563 8040.15959121 7673.92114281 7419.09114659 3957.86077427 8281.93323641 6831.28295643 7126.79940104 3530.53628024 5753.61414439 5075.73781015 7616.62159905 8020.96208624 5892.0015461 6999.74796774 7078.13726566 5438.00648259 5962.49500975 7876.2745482 7785.77641309 5674.9314149 7392.15136076 4511.53392814 7317.04856577 5762.25812042 7914.67271362 5105.15637529 7691.7154489 7701.5668203 7753.49701273 4931.6048402 3384.6398807 8793.53630845 4387.42366317 4897.11636107 7847.70876573 4270.56424936 2181.65144066 7859.76899374 8114.43393484 4119.70206144 7397.29473548 5556.30337038 7681.57229519 7799.80113583 6564.05712858 6076.14031529 7264.67123228 7894.28110957 7478.5666984 6877.06228164 7383.61383722 7764.40317315 7244.89772857 7476.66907914 4703.8817785 7277.22301994 5727.06715023 7014.29038649 7598.34414617 7263.43920056 5416.28957154 8064.72313855 7746.81380864 4290.00808837 4441.92647238 8427.53286957 4768.33654433 3521.27077107 8445.83108611 5493.94373342 7525.22093665 7663.11073816 5354.98562553 7157.85724364 5658.77144419 6607.26470717 8480.68031737 7732.94655155 7161.40943708 3282.69361373 4063.12114658 6371.45060189 6667.37688632 7826.18412308 8428.42654462 8613.98072622 3554.36372042 7592.6220934 8386.11935992 7981.56728054 8398.61639366 4918.34166153 7893.21800576 7796.7459964 3591.5781139 4315.7188666 8670.46868325 7733.17271989 7193.63248794 8059.17902136 8284.04018607 6951.85816669 4149.32703757 6156.16242368 7073.74400233 8690.47207442 5562.26441956 7119.08497721 7317.06251386 7780.88863286 8562.16740616 7910.51023544 3841.85991899 7611.89836558 8444.86768015 8345.60408615 8040.03685031 6161.20865151 8250.1704561 7227.65391194 7356.13796981 7412.20253124 8489.15235329 7653.68034195 7376.54125552 7350.10723679 7520.15359459 5491.66328217 3173.43045468 7044.24095575 7573.45653636 9030.61571254 6148.31718084 6038.00989737 6531.20387735 8528.76993363 7263.29290333 8678.0315092 7220.37555316 8732.56432267 8368.53422553 6892.91334399 8121.38766881 4859.15938454 7675.93481299 7951.42475411 7119.52327688 6928.79218837 1877.00947413 8254.83623107 7321.44633638 8808.8671055 6698.65094701 4460.78925785 7047.58055695 7538.47691858 6723.50958185 8723.11996735 5263.97319233 7636.98672209 6569.09845887 7912.96306408 7086.07247756 8050.63846403 8552.31467996 7574.55629063 3501.87584932 8487.04464413 6644.35392405 4987.46416162 6112.42896856 7722.04251392 7706.04017688 7009.54497597 5935.66504928 7545.46934467 7550.00778974 7291.60524247 7795.70904254 7851.5445059 3683.60599004 7325.97366625 7601.59189859 4747.60125644 7649.89116442 8218.24259957 7063.69863928 8410.08813295 7663.27354324 8607.22652559 4891.76988537 4466.06208445 7193.23004921 8688.58086321 3173.43045468 8691.25756517 8167.06964787 5941.4276816 6183.97970124 3501.87584932 7392.6074169 6764.22987839 8301.67523622 7442.53177257 7380.22445552 3249.17666382 7897.10333018 6408.75538479 6402.3324674 7706.38587098 7214.91644691 153.924769455 6921.2817417 7456.3506015 8915.4052662 6426.53647557 8736.55572909 7936.94914629 7405.68864055 7246.50749677 9508.22733423 7563.60831964 7113.02707163 7962.64509919 7757.05254581 7293.64744198 1817.10240894 7914.89800196 7084.39463411 8316.51726107 7223.94719004 4644.89341703 7136.48166036 7534.36132276 7447.79688591 7052.89074685 6926.40489101 8196.23905644 8121.26284782 8875.55928076 7946.95164483 7506.38047254 7633.24812945 7842.15458065 7582.67498719 4193.97712511 6408.75538479 7235.52158419 8036.00515756 8372.65686342 6700.02884374 7723.65375427 153.924769455 6867.7956101 3173.43045468 7979.36991206 7124.57372611 6502.45325743 7937.61960266 8281.82445666 8123.72047057 5843.80871746 7588.13127811 8373.33357261 7621.53887474 8366.88835908 3530.53628024 3501.87584932 3530.53628024 7807.65532613 8051.4727545 7907.44926212 8885.38907716 7525.25722979 8239.53763351 7774.16267761 5927.35671362 8263.80489111 3714.48377831 7311.52918844 8285.82425521 7695.8675736 7603.1296101 7269.5461734 7951.68574195 7324.67225887 8450.98339412 4181.18423438 7554.93533936 7942.86032972 8822.95445848 7283.17359417 8146.61108554 8451.46654352 6741.47304393 8590.75589123 9106.24423367 7716.11743314 8187.98113016 8567.0218431 6970.90257602 8296.10731311 7900.76006593 7807.89358958 7234.02084101 153.924769455 8576.8087628 7474.02950247 7973.33089459 6204.70224141 7518.22185795 8954.52417549 6351.5157903 7273.58295614 8344.58703876 7863.0498781 1729.37029646 7518.99830187 7964.26840389 8636.41308557 7740.04768832 8795.9245614 7887.9890042 8558.87657132 8134.72236563 8149.70112895 7104.59557691 7329.32615727 9303.18029984 3720.86992949 7872.95843191 7347.0987118 8168.73011085 8292.69408949 8030.23466001 7193.63248794 8740.08021033 8254.53245197 4124.63461411 6848.53758813 8271.12277385 7401.2911546 7789.23662128 7265.95443489 3787.07714998 7551.85835661 7113.02707163 4104.89124282 7535.67959976 6408.75538479 3837.44617416 7193.02116781 7797.26847892 7009.54497597 7568.2269812 8425.19102797 8104.28942695 8009.12305733 6962.5198083 7193.63248794 7051.82903695 8073.20796289 7098.66612494 7110.60227417 7656.01155063 7110.60227417 7880.24415948 7883.45105185 7193.02116781 7917.50740261 7220.37555316 7959.8993536 6813.26597614 6867.95947231 6826.38109715 7851.80605553 7921.08954375 7774.87438871 7272.66901244 6848.53758813 7450.24913017 8131.04150145 7480.55459124 4720.96088685 4038.7770256 3677.38610753 4851.93373797 6669.11874142 5272.54024012 6295.45665314 3080.89731296 1795.78620871 4326.25381175 4190.57631497 5041.93146551 7282.40232868 7437.37335726 7051.82903695 3367.25086886 3399.25356521 5071.27773587 5394.58970596 4901.69857286 3063.80305021 8438.00546509 4803.12833329 4784.66222123 4646.59381876 7497.70562797 7825.09614348 5255.0601402 7339.69149563 6602.20213269 5540.47324582 5243.03687058 4875.16191065 7501.01568438 7332.26288206 8354.16665198 7917.44570117 4368.26795886 3908.10379057 6523.36273661 5023.41205628 7217.7149771 6867.95947231 3646.52805109 3735.38087583 7033.06378904 5882.6275823 5856.56689766 5140.7150612 7198.25289346 5735.48995202 4992.05752137 4442.30137785 5069.86690585 4554.28217594 6989.29306882 5975.46404685 7490.13964467 6948.17863276 6813.26597614 7129.9643797 5012.29850684 5290.85786789 5022.39766801 5195.60654033 6700.34110324 5929.48170089</DataArray>
        <DataArray type="Int32" Name="HasVonMises" format="ascii">1 1 1 1 1 1 1 1 1 1 1 1 1 1 1 1 1 1 1 1 1 1 1 1 1 1 1 1 1 1 1 1 1 1 1 1 1 1 1 1 1 1 1 1 1 1 1 1 1 1 1 1 1 1 1 1 1 1 1 1 1 1 1 1 1 1 1 1 1 1 1 1 1 1 1 1 1 1 1 1 1 1 1 1 1 1 1 1 1 1 1 1 1 1 1 1 1 1 1 1 1 1 1 1 1 1 1 1 1 1 1 1 1 1 1 1 1 1 1 1 1 1 1 1 1 1 1 1 1 1 1 1 1 1 1 1 1 1 1 1 1 1 1 1 1 1 1 1 1 1 1 1 1 1 1 1 1 1 1 1 1 1 1 1 1 1 1 1 1 1 1 1 1 1 1 1 1 1 1 1 1 1 1 1 1 1 1 1 1 1 1 1 1 1 1 1 1 1 1 1 1 1 1 1 1 1 1 1 1 1 1 1 1 1 1 1 1 1 1 1 1 1 1 1 1 1 1 1 1 1 1 1 1 1 1 1 1 1 1 1 1 1 1 1 1 1 1 1 1 1 1 1 1 1 1 1 1 1 1 1 1 1 1 1 1 1 1 1 1 1 1 1 1 1 1 1 1 1 1 1 1 1 1 1 1 1 1 1 1 1 1 1 1 1 1 1 1 1 1 1 1 1 1 1 1 1 1 1 1 1 1 1 1 1 1 1 1 1 1 1 1 1 1 1 1 1 1 1 1 1 1 1 1 1 1 1 1 1 1 1 1 1 1 1 1 1 1 1 1 1 1 1 1 1 1 1 1 1 1 1 1 1 1 1 1 1 1 1 1 1 1 1 1 1 1 1 1 1 1 1 1 1 1 1 1 1 1 1 1 1 1 1 1 1 1 1 1 1 1 1 1 1 1 1 1 1 1 1 1 1 1 1 1 1 1 1 1 1 1 1 1 1 1 1 1 1 1 1 1 1 1 1 1 1 1 1 1 1 1 1 1 1 1 1 1 1 1 1 1 1 1 1 1 1 1 1 1 1 1 1 1 1 1 1 1 1 1 1 1 1 1 1 1 1 1 1 1 1 1 1 1 1 1 1 1 1 1 1 1 1 1 1 1 1 1 1 1 1 1 1 1 1 1 1 1 1 1 1 1 1 1 1 1 1 1 1 1 1 1 1 1 1 1 1 1 1 1 1 1 1 1 1 1 1 1 1 1 1 1 1 1 1 1 1 1 1 1 1 1 1 1 1 1 1 1 1 1 1 1 1 1 1 1 1 1 1 1 1 1 1 1 1 1 1 1 1 1 1 1 1 1 1 1 1 1 1 1 1 1 1 1 1 1 1 1 1 1 1 1 1 1 1 1 1 1 1 1 1 1 1 1 1 1 1 1 1 1 1 1 1 1 1 1 1 1 1 1 1 1 1 1 1 1 1 1 1 1 1 1 1 1 1 1 1 1 1 1 1 1 1 1 1 1 1 1 1 1 1 1 1 1 1 1 1 1 1 1 1 1 1 1 1 1 1 1 1 1 1 1 1 1 1 1 1 1 1 1 1 1 1 1 1 1 1 1 1 1 1 1 1 1 1 1 1 1 1 1 1 1 1 1 1 1 1 1 1 1 1 1 1 1 1 1 1 1 1 1 1 1 1 1 1 1 1 1 1 1 1 1 1 1 1 1 1 1 1 1 1 1 1 1 1 1 1 1 1 1 1 1 1 1 1 1 1 1 1 1 1 1 1 1 1 1 1 1 1 1 1 1 1 1 1 1 1 1 1 1 1 1 1 1 1 1 1 1 1 1 1 1 1 1 1 1 1 1 1 1 1 1 1 1 1 1 1 1 1 1 1 1 1 1 1 1 1 1 1 1 1 1 1 1 1 1 1 1 1 1 1 1 1 1 1 1 1 1 1 1 1 1 1 1 1 1 1 1 1 1 1 1 1 1 1 1 1 1 1 1 1 1 1 1 1 1 1 1 1 1 1 1 1 1 1 1 1 1 1 1 1 1 1 1 1 1 1 1 1 1 1 1 1 1 1 1 1 1 1 1 1 1 1 1 1 1 1 1 1 1 1 1 1 1 1 1 1 1 1 1 1 1 1 1 1 1 1 1 1 1 1 1 1 1 1 1 1 1 1 1 1 1 1 1 1 1 1 1 1 1 1 1 1 1 1 1 1 1 1 1 1 1 1 1 1 1 1 1 1 1 1 1 1 1 1 1 1 1 1 1 1 1 1 1 1 1 1 1 1 1 1 1 1 1 1 1 1 1 1 1 1 1 1 1 1 1 1 1 1 1 1 1 1 1 1 1 1 1 1 1 1 1 1 1 1 1 1 1 1 1 1 1 1 1 1 1 1 1 1 1 1 1 1 1 1 1 1 1 1 1 1 1 1 1 1 1 1 1 1 1 1 1 1 1 1 1 1 1 1 1 1 1 1 1 1 1 1 1 1 1 1 1 1 1 1 1 1 1 1 1 1 1 1 1 1 1 1 1 1 1 1 1 1 1 1 1 1 1 1 1 1 1 1 1 1 1 1 1 1 1 1 1 1 1 1 1 1 1 1 1 1 1 1 1 1 1 1 1 1 1 1 1 1 1 1 1 1 1 1 1 1 1 1 1 1 1 1 1 1 1 1 1 1 1 1 1 1 1 1 1 1 1 1 1 1 1 1 1 1 1 1 1 1 1 1 1 1 1 1 1 1 1 1 1 1 1 1 1 1 1 1 1 1 1 1 1 1 1 1 1 1 1 1 1 1 1 1 1 1 1 1 1 1 1 1 1 1 1 1 1 1 1 1 1 1 1 1 1 1 1 1 1 1 1 1 1 1 1 1 1 1 1 1 1 1 1 1 1 1 1 1 1 1 1 1 1 1 1 1 1 1 1 1 1 1 1 1 1 1 1 1 1 1 1 1 1 1 1 1 1 1 1 1 1 1 1 1 1 1 1 1 1 1 1 1 1 1 1 1 1 1 1 1 1 1 1 1 1 1 1 1 1 1 1 1 1 1 1 1 1 1 1 1 1 1 1 1 1 1 1 1 1 1 1 1 1 1 1 1 1 1 1 1 1 1 1 1 1 1 1 1 1 1 1 1 1 1 1 1 1 1 1 1 1 1 1 1 1 1 1 1 1 1 1 1 1 1 1 1 1 1 1 1 1 1 1 1 1 1 1 1 1 1 1 1 1 1 1 1 1 1 1 1 1 1 1 1 1 1 1 1 1 1 1 1 1 1 1 1 1 1 1 1 1 1 1 1 1 1 1 1 1 1 1 1 1 1 1 1 1 1 1 1 1 1</DataArray>
        <DataArray type="Float64" Name="StressTrace" format="ascii">443.04752109 2672.01685212 7916.30470152 -1847.99324001 -853.627878663 -937.140958613 -1068.33295063 605.789494477 768.91930187 162.613735949 5943.10705639 -1098.0252326 -1715.50830864 -3564.94939435 -1184.67979384 3875.50167104 -3339.32980732 -5675.53727234 4353.60315711 -73.3765470839 -2949.67163525 1322.42292587 -1430.62168838 -328.660814184 -1981.07007972 3280.76285784 -875.710361275 -3804.75357364 -2189.17900244 -1159.72327654 -2155.15719921 -2679.84384317 -488.537020379 -1344.70129032 2017.50857541 -376.932764779 -4351.36743931 1618.9402234 -52.3187749705 2378.81592924 6874.12853489 621.361313708 -1320.44174778 -87.9143056915 -410.018219513 -3026.21022161 -2177.27047646 3478.036073 -913.30752804 41.1459690839 -2304.71810868 -3250.70785963 -26.4990042541 1031.82628545 3926.88543071 -12160.0903113 -41.2127010733 -410.583997723 5289.85694711 1319.7748517 -3293.0215906 -755.759679712 659.705794957 -31.0243133641 -1099.89301071 -5548.47877384 -129.613958132 3178.11404369 -1936.09469676 832.200316893 -807.548420966 7048.59766687 3719.66523084 2005.00067683 -3521.19309307 -4582.20869744 8336.60043174 73.3638714917 6586.40360396 -63.6181912189 -883.426806849 485.836288868 -296.349125648 -1718.64865504 -1163.56662015 1828.60762085 156.156595025 3868.34616494 -20734.932893 58.1974619926 -1139.99832659 14538.0241666 3000.9607279 -346.77745463 2478.95104818 -1005.28427213 -3704.7485462 -2457.51311061 -1648.90990593 -184.515424723 177.993744494 -1168.53447145 245.536157281 -11.6452735282 3174.9198191 10.2031334555 1146.91989766 18.4398932029 4486.32863451 228.390938301 539.114407663 -4955.45462142 1751.49306329 -3176.32593185 1259.98307105 -1447.33337328 3847.39938136 -4141.44895408 -2086.43307713 -1282.44390253 -1899.20467075 -218.406417169 2001.93623163 864.960248781 -2917.62147732 20548.7222309 -510.951191964 -1737.29266199 -2072.79431611 -814.641056437 -2382.43507405 -336.634665617 231.268200448 67.3746113192 -467.703374416 3593.13108981 -928.688997478 -756.258996706 -696.170827597 -56.629454107 -717.928014168 -2607.33823898 -926.996523752 471.501161776 -961.266988029 -2930.7036868 1090.8705115 2277.46731625 -7893.60055034 105.786381129 -3274.82624158 -1061.74421888 1272.07878787 228.095524782 59.571908682 -599.176704675 2992.82641562 -2165.55440023 1608.10681561 -1394.97212906 -505.966665974 2647.74508657 592.280384981 807.072452777 -2465.02470872 459.848157324 -1182.45965926 2329.83423978 -15457.0796135 -7184.87645087 -1862.24590502 4795.47177029 -4013.68005691 -3217.91409195 47.7755941373 243.318045924 -3167.41977087 3342.62699221 -792.645441536 -1096.67789918 -590.620299781 1596.22727604 4245.72940375 -350.621947803 1648.6614313 2439.94548457 1259.44402429 -1427.4428431 1626.43898686 2259.41833402 369.053624447 4118.73677554 3139.31192807 1903.77020171 -5018.61498744 653.639302835 1477.44959203 814.820202011 3234.54945985 1062.63135504 -3927.28417339 4023.44077703 -157.60964685 -225.173827258 -3209.63567449 779.137904593 1592.53643414 2217.67542189 1841.00660653 -559.443150527 909.23916681 -3232.21741812 4223.53875506 918.700519948 803.945027876 -3279.03071163 -3534.41062062 -2197.94614263 4064.52530387 3794.22300873 593.091736051 3444.4876137 2978.20991927 -5969.5109624 -1684.61858775 -226.137991781 346.061873429 1131.0556169 -5384.77433861 985.472815273 463.391844036 -1530.25760773 4333.52990158 -5387.53536769 1373.39738878 4654.20478005 -749.806152982 11567.7329621 -1552.25644479 883.838594992 917.950414138 -376.602131026 362.56152759 -52.3187749705 386.646595407 -868.898808981 1122.41499423 3063.18171868 2362.91615657 -6676.50897313 -4225.09334531 274.418795348 2133.15892294 1209.4360787 -306.808183227 631.452240478 3580.28714399 -203.124218576 2641.1676746 -1840.92882868 -12899.8180597 3376.83144635 -1045.82555294 2882.2175071 2459.89905993 -5875.68607553 -9604.75906487 -1165.15626106 840.09873292 -790.85809464 -7.79128857361 634.975948643 -4872.37111409 -5109.08666465 564.874385586 1235.70970378 1620.21390858 4831.24217009 1242.22011705 -3277.21826326 -1595.32907691 -1415.3597861 -2234.53014606 2939.78290861 -1560.78996131 -1895.65306403 3672.0065506 -845.046715698 -3331.58031286 -1240.0001939 9153.53538482 675.498270574 1766.76726245 97.5737300313 -4405.52132831 190.65609956 -4021.22290346 197.411593023 -3847.41276848 1330.5019959 -2754.0999185 -2395.82670648 -2613.54784865 471.11820024 2258.22546694 1780.80740879 -3897.15488442 1339.8536751 -1185.74590302 -771.447843247 -15.0694156013 -2120.98731291 -397.041628852 -1580.61134316 -1885.96017905 1433.32294262 -2314.03128024 -535.170648421 -2144.4755527 2467.58366161 -1102.52978155 -710.568337167 -1501.67881759 -2002.3661903 332.317001078 1525.41448231 -4009.9703363 8924.714931 -1642.01920066 1745.12768547 3391.86024396 -2106.2042787 -807.901875054 2074.46948391 376.568539624 -2403.19244985 -506.706201567 -3799.69792119 474.359083082 1096.43807578 -779.477292065 -11279.7484332 156.497711527 784.894524413 987.433373359 1600.26576289 1981.39094109 -893.662237425 1141.58713107 3281.88681781 1145.51189652 -851.184172276 -1858.39768183 1850.02902478 -1944.19621977 -813.893414012 64.7209251481 893.324980269 1537.00149064 1550.44350943 -1717.96397112 -1616.20578844 -234.603547049 767.342494408 526.00768726 -3000.66565734 2403.7913381 -5235.60272949 -759.352736595 -1762.77401265 3669.74923243 1041.73347424 -2224.06964086 1210.98496656 1388.50600663 -346.893493567 -1223.94349983 895.273366219 3364.14407972 -1736.98133136 -817.063909886 1046.79966291 2177.30700561 6877.31509986 829.818400931 1258.84382207 374.06100928 1711.82493091 454.726186621 -1091.42253417 -412.92853862 -8717.45903176 1062.18621754 -4086.21997874 452.600897609 1960.86291703 -1349.38626857 749.279258606 -1229.56897362 3233.05922315 864.397813462 994.755934867 -1163.10854528 -368.960655235 1725.60130419 1113.45438872 -583.085756291 1619.90073025 -3162.98800005 1796.10271634 2516.13448621 -239.164961324 -4276.23216528 1159.20577348 3894.74987653 -1521.36558149 717.805230489 -1831.45482258 -280.541992333 1791.29210252 -27.0867635394 1342.96922549 -1013.56954497 -1686.22999536 1387.23607383 3483.59655317 -1165.02658517 2064.21700866 11.3755953597 -3198.14668058 -916.428975097 -2525.43013281 -1904.09252503 -1703.30492183 -2878.91621699 -1877.37495559 1723.54101404 84.8492453369 1745.47646999 -206.080390186 -1860.56255243 236.029123698 257.536364403 -209.822242517 2881.90680049 -75.0987866486 4908.6609218 -178.510850809 -2079.51224066 4073.71949015 -35.424410248 -52.3187749705 -2624.50820677 3668.77056845 4135.67905467 -4225.06449296 -1075.93091855 2735.38583111 -212.350483856 -17.3948139803 -2217.06394879 4164.57435178 5773.10936048 712.149893836 633.636564599 -446.868642232 -2733.26429368 -5084.67572951 18142.5888816 1536.48712879 -2081.46721972 974.075735115 663.141103624 585.960863351 -962.98193654 -2471.99376848 2364.31018692 1520.52914655 -74.4634260387 -937.39605125 2242.39238406 786.472574473 240.713348279 2829.93574127 -2216.66347699 3266.44950471 -2667.60141169 2229.6119152 -3284.01320705 -1052.73463791 1226.44880327 1902.5956197 1397.60734746 -568.704003887 -101.46845153 2425.32345663 8060.42755338 1820.52852902 -340.249272295 7733.04288346 3029.99784767 12067.8829567 1866.34546632 -7940.18817793 39.6044295002 376.272496153 2945.94503209 -567.316312737 -489.902966284 291.237200497 -310.84026052 -2361.29843422 564.13180781 2155.92854079 158.83883006 -908.443043022 330.265949184 -2897.39282932 -2624.85896735 990.581198872 -1106.30913965 -3254.1533182 203.294935325 -448.408305644 148.916332026 587.03128227 -543.456438059 894.809111193 1652.97726139 3312.37546558 1100.30288625 3495.65652648 1717.03816993 -1130.40608719 -182.444604741 -1910.29197235 -592.960678698 -516.600715915 2139.06962062 -3075.12725392 -2546.28312563 3511.09435763 2752.07553284 1267.90581035 -1219.19069762 2249.77289107 -62.3909953695 1490.15064431 3712.70001898 -529.132230539 -728.636089302 -907.08876572 -7115.739018 -1592.62223472 -1058.80431669 359.077063971 -1972.16578298 -1537.68256992 -732.626957372 -310.106653754 1934.29642871 -515.649292148 1690.41300637 953.194576 -1002.72578339 1419.6713467 4522.54537262 113.528195642 1230.47405698 1073.84642882 2352.73736726 2669.87332213 3350.76805873 4044.43791551 357.240690716 -29.7499593336 -2187.64204173 3857.04983881 352.563953115 879.582872225 287.866412101 -125.030915062 866.266274894 534.855845123 6374.07826594 1906.73174229 -575.516120833 -12889.3870258 552.369201882 -2741.58745348 1691.05818808 8187.98691874 -1112.38744179 530.803817038 -4165.4535718 -14.0121029499 -2899.30726861 -1213.96467691 -8130.17504708 241.570178037 2212.9568325 -126.585073256 978.539126708 32.179242224 -6277.73092574 -244.956342528 -1003.68937723 -1098.10085613 -8170.33166635 -545.183916913 -729.884202216 1935.13801245 -9935.0769931 5525.84131947 -1246.02233286 -720.862619593 794.185467893 3264.56879738 -10032.5556775 -52.3187749705 56.4247671761 -744.177205306 -347.881544198 -2849.79110444 -4401.63073715 -291.358952035 222.754800852 2257.60119653 16078.4339314 1297.42762929 -5839.8192185 -289.793026537 165.21406969 1607.29351375 2310.79371964 224.057620499 205.99576452 129.951192496 -2858.52262505 3151.08128484 3587.52665361 -1855.16106234 -1078.2192137 -1168.63753495 -2967.18159057 -2167.64285432 -2128.03976281 426.857274754 -547.431769069 3490.63090591 1006.02301368 -910.149755477 432.17205097 6075.60603223 1364.39723743 6918.09143491 -378.066137533 -761.475608193 -1192.08020317 -934.643501865 -119.023317469 -2148.9163682 1061.12898701 202.669304701 -1538.10241353 -1885.62480133 -239.164961324 115.652248492 -1103.89561972 -540.634167454 1090.30036521 2856.13855207 -1589.48621965 -988.004124716 1817.63920205 1774.7146884 27.5179094889 807.23571711 -1320.81846617 -380.725361739 1533.75267771 406.303504351 -611.936195805 2198.27131968 2307.55632914 1165.02667686 -39.789075551 4171.08927433 2585.02340081 1090.02152868 104.806022075 805.208913896 -3591.13563867 -2147.27608035 -2251.22820848 -620.003153072 6474.92692795 1281.30165969 -5108.71605661 3517.41783208 491.400650802 -2013.1749313 623.340706084 -593.143711507 7142.11752321 194.027406984 1928.62699209 -374.409791173 -1211.29431109 528.619441342 494.383837619 471.922271311 535.316859368 -2138.61569786 1817.91612378 -1025.03452624 307.325337187 -2143.40688519 -2853.74728778 244.173113562 -2288.19062487 2646.27496591 -1936.66870495 -267.659420684 -4947.29253296 -3482.38385584 1500.09601941 -2068.53923336 -565.190451584 -3314.93595721 -39.9830192501 -1063.16773708 -6347.0149469 -894.775725559 -606.385740706 7924.85095941 4129.57779011 1930.31176896 -3066.81004873 1720.86651993 6733.19633698 1981.52349174 -12382.0574038 250.799219039 -1437.57616156 4394.24779257 -9780.65065461 1184.37750315 14373.7258155 1059.73437456 -2299.78912993 -1404.32013748 -2118.00377338 -216.336404278 -1985.4445953 7.67675438015 -6054.86667563 1089.34181713 421.283746797 -1379.46894201 -1802.02419407 383.343455561 657.022818952 654.368488699 1623.89958525 -1935.26947125 -1163.70629946 420.837729976 1437.37563133 1348.87197567 1814.54917835 63.8642693278 -751.684084489 -7848.86470882 2331.93871844 -5287.82813618 1026.69456581 -1441.23795161 -3994.48071194 1302.6766261 168.947187657 345.406962612 -2124.87603052 -83.5978705956 5534.22624704 3564.43351809 2759.03692162 -11303.020208 109.820302042 2542.00032484 1575.71417094 2881.17361802 507.942742462 -1224.40001973 -978.590314558 -1152.26438716 -795.256811913 -1716.44903806 -103.467714447 1486.6685794 -2269.87821683 -3274.35262513 514.576429323 -1246.00152763 979.902732699 -1553.93026724 -1444.04091719 -1235.10913208 1394.6643328 -1866.11887936 -3778.66014986 365.27540256 4547.18192768 -2417.61953073 968.71204449 2168.32617847 -3927.89153843 866.67628888 -4433.91042164 58.3368116153 2337.00005337 -152.364478349 3631.98087415 -9227.62467733 3416.35361134 2394.65249715 3127.27683083 -1730.97076606 2102.86292237 3738.89951752 736.64956297 1350.04857616 1341.92671733 -423.054317015 -3602.42163351 1907.13820464 8863.71940901 -816.925529558 -739.740627269 -2163.67639879 1928.40793652 -2133.3047665 -563.050831966 -1858.18906873 679.585603245 1181.13023585 2047.35891664 2513.7021673 2662.78926582 401.133195224 -992.262072759 641.180998215 -1278.93388176 2276.64939357 -6040.35627968 239.058529009 2538.80994478 -2421.55581267 1617.73715217 -1766.98879481 1002.73556016 785.209030732 -631.737881069 176.577459758 -346.529283894 -1579.46446044 159.468737566 1674.36304293 207.56310409 822.040915213 5627.31774052 -2107.72893452 -750.959760709 1633.01631891 -2170.13349761 -6278.0699425 -2915.12490208 4083.08384198 -5607.67402417 853.12817723 10086.8693429 1468.5814053 -201.140751524 -1196.79623046 -239.164961324 2323.15567353 1185.11506352 -3002.98823212 -1895.30479464 695.932181834 748.084860972 2451.19381611 4352.98458585 -5202.36551163 1336.1756669 -1137.17190623 1165.3757096 4248.48962701 -2013.75320993 -3793.02124009 483.590547193 -2120.96558144 -877.161779763 1278.23585279 3200.15439253 1568.41848059 -2766.17078547 -2335.83542067 -409.87824242 -1012.74647237 -2393.67938688 -12.060294623 140.141855672 6642.91798616 1306.22291422 971.559732537 7146.64115011 -1908.98912727 -1093.00953545 699.074334273 498.633682247 383.619030485 -240.592113916 -2241.80093792 -1842.41270087 -1796.31989867 1369.00182044 -6189.60915745 10224.6027941 1060.30180802 -940.591765615 -1078.63809443 2233.95611848 -86.6362948667 1922.15338707 -1718.86698308 -244.040392312 -377.406882833 337.334251595 2819.29833006 624.680172846 94.5590751059 144.858993292 165.092178292 -1109.33958162 4887.7886988 -2860.77938421 1545.35938831 -952.611765042 -2300.47248503 867.375799641 -610.833541236 -931.723963508 -563.044102027 2638.38335824 1219.05138414 1243.33389951 457.336047836 204.616364087 -3100.37314298 -549.264862873 79.095021365 -501.8361378 3624.79534163 -1596.0525867 176.577459758 4945.40993532 553.496947833 -1699.19785593 -679.719969729 -3147.88061333 -2963.79783295 933.996657298 -839.396735099 -7569.48849886 1236.42299442 -636.767219093 709.70865952 -2011.95051233 104.495899617 -5318.99587457 -2822.87531812 -638.031120579 3024.9178879 -234.902535309 768.945342762 178.922057955 1109.8043106 -1089.00805967 -3613.60877654 2181.28872763 101.430887686 -52.3187749705 -2327.41881125 1456.70025059 1625.14251522 -3689.54486069 -270.161022775 -1968.17216754 1713.39499652 1570.07589318 -841.092330383 -4352.1221562 959.469575703 6885.02687922 1029.19363693 -1274.35216157 8.58267496428 -819.015330316 -3777.86382173 2480.59889771 -215.973147613 12.1566266487 -870.283597459 1440.49399674 237.832950553 -202.244199517 7219.68092889 2081.52534528 -39.9830192501 -1388.48179768 1432.5752761 130.228750537 -113.009063793 3381.58642744 -939.093617162 1118.25498206 1473.01660647 -2073.3458933 379.888892322 -916.114398845 -1860.69483641 743.980513715 -10034.5847855 -1163.98931804 -11867.2888273 -2087.55716833 -599.632585818 1632.38666701 1573.92048461 -603.101016225 -853.269792603 706.953289071 -1765.24861284 2295.19522101 3672.46095286 -1798.14010365 -778.910170498 1894.71911212 1787.85999113 4373.2765604 5320.53541168 -1625.40788412 8093.46453426 818.148849084 -1556.72349595 -942.486939724 -2164.81563628 7344.40222902 -1173.98582834 542.251456785 936.142913953 1196.88599596 -452.133948963 -2886.53775552 -490.367822274 -2158.11904424 -8412.06866123 2202.84789919 788.485083383 -582.280418168 1430.85013294 1048.05257301 591.639728844 3502.0186402 327.35744164 -428.328374738 2780.59524565 -259.336131797 -446.125403867 831.170522953 2226.1871655 266.320020946 676.052370313 9382.29309766 -15.9411024116 -3142.78260794 -1468.34426873 -1915.23972813 -981.458082318 125.053361259 176.577459758 2788.35620087 113.738560156 2462.86047514 -258.085131853 -1043.70467514 -1979.76034411 -646.304801715 3340.22119873 2901.60520232 1825.44998596 -1601.05072094 -2265.81539608 668.231473896 -816.552692242 1344.62045042 1192.97323645 -1317.33901052 455.728585737 346.6315439 -144.796796982 1331.58866276 709.277227213 -1343.39862162 6172.03096726 -2512.14340222 -1167.20013548 895.990790459 -1801.06717529 -889.478680911 -463.699566978 -862.967279352 703.296189943 -3395.70800924 1756.55347581 -520.249887711 -2625.71820643 948.293985152 -436.414605027 80.9980762395 397.102176616 497.894355522 -549.66808776 -141.863126006 -103.712564772 -670.343011214 -1448.55669496 -1024.89750511 2021.26195389 47.7755941373 1496.17792279 1758.43663054 -1309.21541857 -1237.56605649 8388.10113321 2474.36143484 2902.1924656 137.827016176 -369.760488077 422.562714156 274.67866597 -2005.60907312 1272.98145663 -2797.25529214 -4631.01698764 -1790.93953919 879.500230534 304.175663492 -527.947437674 -868.975201458 -898.319899294 184.174165272 2240.60387874 441.689814717 715.119423881 -163.185756245 903.787116326 618.590503565 980.826046155 4694.94244911 -113.788815031 139.435324616 914.242079877 -357.34680111 851.050858469 540.239713353 746.859364624 -336.634665617 -757.762236822 154.752440193 -909.675993476 723.830402709 -2652.58338516 1824.85364317 234.515434835 1182.9056072 436.94620375 -554.208011791 -730.243622601 -1412.12344508 -4166.42295062 -0.337556982202 -396.17973952 339.65696959 -2879.8503846 -811.362876995 -3123.77822906 4076.82655103 3032.12709572 1359.46513625 2397.69646259 5009.81767413 -4358.58243675 -1392.51796821 -1597.13242597 47.7755941373 -2673.77562678 1369.51649529 46.1142655763 603.266455222 -336.634665617 -287.09183518 -833.841469382 277.249330211 1253.51089282 851.470554269 4398.79980395 -1059.97938728 20.3105176562 139.683478171 -1752.4701089 -1158.68608448 -239.164961324 1533.87651567 -1180.34586692 1251.96403167 272.667995324 11.4231506204 1764.98937001 1447.92757656 2766.52026664 -1816.41224103 356.442255321 13.5700185576 -3230.39690421 2108.83137926 2956.41900695 77.5467637192 136.784645272 2166.96066948 -3269.57880999 -1034.51375518 -603.774107385 815.115607958 1302.39219178 -4617.29080399 1453.13955724 -2713.51120178 -82.3492766625 -41.6070435914 -106.551496059 -2957.81003127 246.875547816 3381.47302898 2306.81744891 -4394.15679575 -500.630273856 20.3105176562 44.0087151071 -2268.27472768 -1817.63467317 -2934.30634321 -266.243143166 -239.164961324 1603.66698741 47.7755941373 -2980.5167 3154.13775524 -1540.8965859 -4487.84878297 -1303.0434871 106.376342782 -609.326175943 291.620227143 -695.527109386 -1407.84928428 302.576854009 -39.9830192501 -336.634665617 -39.9830192501 668.236132408 -4157.95150134 -1930.62310325 -1207.66118593 -5586.5765899 633.951655043 709.346755489 -2508.97268152 -2554.48848631 753.991258872 -174.689945063 1414.28068903 -881.397853098 -5077.81568927 366.113994381 -2098.49356419 1820.90506272 -479.765555343 -644.335992044 -3127.8126015 625.082679818 1831.01292451 -328.714218539 1154.96184093 -945.503772011 1550.23667795 -872.813886805 -2220.10613441 1290.11525974 -1508.54427079 -2384.85572253 -3438.77305351 1928.98665112 1955.78197276 -3538.97522277 -575.697012466 -239.164961324 -1617.13422973 1679.59434882 323.81283237 26.5809078655 1288.20466148 354.524895853 1392.82879122 706.30690043 -666.381082332 5519.47256682 -1206.33086605 2194.72178946 530.200355311 329.479581968 -774.476240695 -1004.76341313 443.522681357 1113.98951515 -886.8312559 -56.0498292602 -289.765157608 -3772.46382601 -1079.88344303 -1554.01524595 -42.9986643284 113.668543018 365.108513466 2676.33873381 4408.53563532 346.6315439 246.562633753 1124.95468052 1312.36994741 464.774282427 37.2641644118 96.8802675703 -1268.33832431 9.85877345163 -899.488744604 1547.20132774 13.5700185576 371.630777674 2260.35701771 20.3105176562 -3850.4425589 -675.690856688 466.90294461 234.515434835 -981.554878023 909.226764316 -8099.1326104 122.359643878 4638.18334251 346.6315439 317.630775064 -4747.79305667 285.097250105 -17.051133648 816.431961096 -17.051133648 181.735832362 165.460930539 -675.690856688 1185.74347665 422.562714156 8239.06211609 171.728450692 -429.908690642 818.627559856 1166.87298763 -257.38133267 -2687.22961459 2819.07369142 464.774282427 297.510008996 2662.19272874 -3363.83794047 -1773.23878814 1835.31465958 899.961215694 -4229.52929896 424.565095289 763.368371549 -1053.5907209 -939.940888534 332.902164316 -1649.76118229 2440.67060388 -2855.63726665 -193.168428152 -4110.015514 317.630775064 -2238.95615939 -3094.39485924 -2068.39338752 737.970701783 -4730.79228625 -2726.5038999 -377.10169218 5742.7008821 2336.44230561 470.381458654 -594.058411937 -1706.99391476 2117.2319372 -29.4907190721 -1956.6382621 -3646.66972712 1429.14980029 -958.036344588 -3459.43883045 402.433038368 -1586.74096413 694.682658547 -2397.78262981 196.379082422 1402.45932104 -1083.47041028 1683.59972594 -429.908690642 -657.825734392 -1368.07361413 438.150913678 -1614.27467306 -2910.91297676 716.759288299 488.966787947 1298.72627618 -213.223997288 2809.09174404 -1669.1688404 -1796.36022166 4872.69690364 -138.202730982 -887.025464772 -174.970837796 171.728450692 -2092.17559295 -117.5215774 1705.09787599 1129.73823246 2596.18029575 -8428.32308173 2521.85845209</DataArray>
        <DataArray type="Float64" Name="HydrostaticPressure" format="ascii">-147.68250703 -890.672284039 -2638.76823384 615.99774667 284.542626221 312.380319538 356.110983542 -201.929831492 -256.306433957 -54.2045786497 -1981.03568546 366.008410867 571.836102879 1188.31646478 394.893264615 -1291.83389035 1113.10993577 1891.84575745 -1451.20105237 24.458849028 983.223878415 -440.807641958 476.873896126 109.553604728 660.356693242 -1093.58761928 291.903453758 1268.25119121 729.726334147 386.574425513 718.385733069 893.281281055 162.84567346 448.233763439 -672.502858468 125.644254926 1450.4558131 -539.646741132 17.4395916568 -792.93864308 -2291.3761783 -207.120437903 440.147249259 29.3047685638 136.672739838 1008.73674054 725.756825488 -1159.34535767 304.43584268 -13.715323028 768.23936956 1083.56928654 8.83300141802 -343.942095149 -1308.96181024 4053.3634371 13.7375670244 136.861332574 -1763.28564904 -439.924950566 1097.67386353 251.919893237 -219.901931652 10.341437788 366.631003569 1849.49292461 43.2046527106 -1059.3713479 645.364898921 -277.400105631 269.182806989 -2349.53255562 -1239.88841028 -668.333558944 1173.73103102 1527.40289915 -2778.86681058 -24.4546238306 -2195.46786799 21.2060637396 294.475602283 -161.945429623 98.7830418827 572.882885014 387.85554005 -609.535873616 -52.0521983416 -1289.44872165 6911.64429765 -19.3991539975 379.999442196 -4846.00805554 -1000.32024263 115.592484877 -826.31701606 335.094757378 1234.91618207 819.171036871 549.636635311 61.5051415744 -59.3312481648 389.511490485 -81.8453857605 3.88175784272 -1058.30660637 -3.40104448518 -382.306632553 -6.14663106763 -1495.44287817 -76.130312767 -179.704802554 1651.81820714 -583.831021097 1058.77531062 -419.994357017 482.44445776 -1282.46646045 1380.48298469 695.477692376 427.481300843 633.068223583 72.8021390564 -667.312077209 -288.320082927 972.54049244 -6849.57407695 170.317063988 579.097553995 690.931438703 271.547018812 794.145024683 112.211555206 -77.0894001494 -22.4582037731 155.901124805 -1197.71036327 309.562999159 252.086332235 232.056942532 18.8764847023 239.309338056 869.112746325 308.998841251 -157.167053925 320.422329343 976.901228934 -363.623503832 -759.155772085 2631.20018345 -35.2621270432 1091.60874719 353.914739627 -424.026262624 -76.0318415941 -19.857302894 199.725568225 -997.608805207 721.851466743 -536.035605202 464.990709687 168.655555325 -882.581695522 -197.426794994 -269.024150926 821.674902907 -153.282719108 394.153219754 -776.61141326 5152.35987118 2394.95881696 620.748635008 -1598.4905901 1337.8933523 1072.63803065 -15.9251980458 -81.1060153079 1055.80659029 -1114.2089974 264.215147179 365.559299728 196.87343326 -532.075758679 -1415.24313458 116.873982601 -549.553810432 -813.315161524 -419.814674764 475.814281033 -542.146328954 -753.139444672 -123.017874816 -1372.91225851 -1046.43730936 -634.590067237 1672.87166248 -217.879767612 -492.483197343 -271.606734004 -1078.18315328 -354.21045168 1309.09472446 -1341.14692568 52.53654895 75.0579424193 1069.87855816 -259.712634864 -530.845478047 -739.225140631 -613.668868844 186.481050176 -303.07972227 1077.40580604 -1407.84625169 -306.233506649 -267.981675959 1093.01023721 1178.13687354 732.64871421 -1354.84176796 -1264.74100291 -197.69724535 -1148.1625379 -992.736639756 1989.83698747 561.539529248 75.3793305936 -115.35395781 -377.018538966 1794.92477954 -328.490938424 -154.463948012 510.085869243 -1444.50996719 1795.84512256 -457.799129593 -1551.40159335 249.935384327 -3855.91098738 517.41881493 -294.612864997 -305.983471379 125.534043675 -120.85384253 17.4395916568 -128.882198469 289.632936327 -374.138331408 -1021.06057289 -787.638718858 2225.50299104 1408.36444844 -91.4729317826 -711.052974313 -403.145359565 102.269394409 -210.484080159 -1193.429048 67.7080728588 -880.389224866 613.642942892 4299.93935324 -1125.61048212 348.608517646 -960.739169034 -819.966353311 1958.56202518 3201.58635496 388.385420354 -280.032910973 263.61936488 2.5970961912 -211.658649548 1624.1237047 1703.02888822 -188.291461862 -411.903234593 -540.071302861 -1610.4140567 -414.073372349 1092.40608775 531.776358969 471.786595365 744.843382019 -979.927636203 520.263320436 631.884354678 -1224.00218353 281.682238566 1110.52677095 413.333397965 -3051.17846161 -225.166090191 -588.922420817 -32.5245766771 1468.50710944 -63.5520331868 1340.40763449 -65.8038643409 1282.47092283 -443.5006653 918.033306168 798.608902161 871.182616217 -157.03940008 -752.741822315 -593.602469598 1299.05162814 -446.617891699 395.248634339 257.149281082 5.02313853376 706.99577097 132.347209617 526.870447721 628.653393017 -477.774314206 771.343760079 178.39021614 714.825184232 -822.527887202 367.509927184 236.856112389 500.559605862 667.455396766 -110.772333693 -508.471494103 1336.65677877 -2974.904977 547.339733552 -581.70922849 -1130.62008132 702.068092902 269.300625018 -691.489827969 -125.522846541 801.06414995 168.902067189 1266.56597373 -158.119694361 -365.479358592 259.825764022 3759.9161444 -52.1659038422 -261.631508138 -329.144457786 -533.421920962 -660.46364703 297.887412475 -380.529043692 -1093.9622726 -381.837298842 283.728057425 619.465893943 -616.676341594 648.065406589 271.297804671 -21.573641716 -297.774993423 -512.333830213 -516.814503145 572.654657041 538.735262814 78.2011823498 -255.780831469 -175.335895753 1000.22188578 -801.263779366 1745.20090983 253.117578865 587.591337551 -1223.24974414 -347.244491415 741.356546952 -403.661655521 -462.835335542 115.631164522 407.98116661 -298.424455406 -1121.38135991 578.993777121 272.354636629 -348.933220969 -725.769001871 -2292.43836662 -276.606133644 -419.614607357 -124.687003093 -570.608310303 -151.57539554 363.807511391 137.642846207 2905.81967725 -354.062072513 1362.07332625 -150.86696587 -653.620972343 449.795422856 -249.759752869 409.85632454 -1077.68640772 -288.132604487 -331.585311622 387.702848427 122.986885078 -575.200434729 -371.151462908 194.361918764 -539.966910084 1054.32933335 -598.700905448 -838.711495403 79.7216537747 1425.41072176 -386.401924494 -1298.24995884 507.121860497 -239.268410163 610.484940859 93.5139974443 -597.097367505 9.02892117981 -447.656408496 337.85651499 562.07666512 -462.41202461 -1161.19885106 388.342195055 -688.072336219 -3.7918651199 1066.04889353 305.476325032 841.810044271 634.697508343 567.768307277 959.638738996 625.791651864 -574.513671348 -28.283081779 -581.825489998 68.6934633955 620.187517478 -78.6763745659 -85.845454801 69.9407475055 -960.635600164 25.0329288829 -1636.22030727 59.5036169362 693.170746888 -1357.90649672 11.8081367493 17.4395916568 874.836068922 -1222.92352282 -1378.55968489 1408.35483099 358.643639518 -911.795277035 70.7834946186 5.79827132675 739.021316263 -1388.19145059 -1924.36978683 -237.383297945 -211.2121882 148.956214077 911.088097894 1694.89190984 -6047.52962721 -512.162376263 693.822406573 -324.691911705 -221.047034541 -195.320287784 320.993978847 823.997922825 -788.10339564 -506.843048849 24.8211420129 312.465350417 -747.46412802 -262.157524824 -80.2377827596 -943.311913756 738.887825663 -1088.81650157 889.200470564 -743.203971734 1094.67106902 350.91154597 -408.816267756 -634.1985399 -465.869115819 189.568001296 33.8228171766 -808.441152211 -2686.80918446 -606.842843008 113.416424098 -2577.68096115 -1009.99928256 -4022.62765224 -622.115155439 2646.72939264 -13.2014765001 -125.424165384 -981.981677365 189.105437579 163.300988761 -97.0790668322 103.613420173 787.099478073 -188.043935937 -718.642846929 -52.9462766866 302.814347674 -110.088649728 965.797609772 874.952989115 -330.193732957 368.769713217 1084.71777273 -67.7649784417 149.469435215 -49.6387773418 -195.67709409 181.15214602 -298.269703731 -550.992420464 -1104.12515519 -366.76762875 -1165.21884216 -572.346056642 376.802029065 60.814868247 636.763990783 197.653559566 172.200238638 -713.023206873 1025.04241797 848.761041875 -1170.36478588 -917.358510948 -422.635270117 406.396899207 -749.924297024 20.7969984565 -496.716881437 -1237.56667299 176.37741018 242.878696434 302.362921907 2371.913006 530.874078239 352.93477223 -119.692354657 657.388594327 512.560856641 244.208985791 103.368884585 -644.765476236 171.883097383 -563.471002122 -317.731525333 334.241927798 -473.223782233 -1507.51512421 -37.8427318806 -410.158018993 -357.948809605 -784.245789087 -889.957774044 -1116.92268624 -1348.14597184 -119.080230239 9.91665311119 729.21401391 -1285.6832796 -117.521317705 -293.194290742 -95.9554707002 41.6769716874 -288.755424965 -178.285281708 -2124.69275531 -635.577247429 191.838706944 4296.46234195 -184.123067294 913.862484495 -563.686062695 -2729.32897291 370.795813931 -176.934605679 1388.48452393 4.6707009833 966.435756203 404.654892303 2710.05834903 -80.523392679 -737.6522775 42.1950244186 -326.179708903 -10.7264140747 2092.57697525 81.652114176 334.563125743 366.033618709 2723.44388878 181.727972304 243.294734072 -645.046004151 3311.69233103 -1841.94710649 415.340777621 240.287539864 -264.728489298 -1088.18959913 3344.18522583 17.4395916568 -18.8082557254 248.059068435 115.960514733 949.930368145 1467.21024572 97.1196506783 -74.251600284 -752.533732177 -5359.47797714 -432.475876431 1946.60640617 96.5976755124 -55.0713565634 -535.764504583 -770.264573212 -74.6858734996 -68.6652548401 -43.3170641653 952.840875016 -1050.36042828 -1195.84221787 618.387020781 359.406404566 389.545844982 989.06053019 722.547618106 709.346587603 -142.285758251 182.477256356 -1163.5436353 -335.341004559 303.383251826 -144.057350323 -2025.20201074 -454.799079142 -2306.0304783 126.022045844 253.825202731 397.360067724 311.547833955 39.6744391565 716.305456065 -353.709662336 -67.5564349002 512.700804509 628.541600443 79.7216537747 -38.5507494972 367.965206573 180.211389151 -363.433455069 -952.046184023 529.828739883 329.334708239 -605.879734017 -591.5715628 -9.17263649631 -269.07857237 440.272822056 126.908453913 -511.25089257 -135.43450145 203.978731935 -732.757106559 -769.185443046 -388.34222562 13.2630251837 -1390.36309144 -861.674466938 -363.340509561 -34.9353406915 -268.402971299 1197.04521289 715.758693451 750.409402827 206.667717691 -2158.30897598 -427.100553231 1702.9053522 -1172.47261069 -163.800216934 671.058310434 -207.780235361 197.714570502 -2380.70584107 -64.6758023279 -642.875664029 124.803263724 403.764770362 -176.206480447 -164.79461254 -157.30742377 -178.438953123 712.871899286 -605.97204126 341.678175414 -102.441779062 714.468961729 951.249095925 -81.391037854 762.730208291 -882.091655303 645.556234984 89.2198068948 1649.09751099 1160.79461861 -500.032006469 689.513077786 188.396817195 1104.9786524 13.3276730834 354.389245692 2115.67164897 298.258575186 202.128580235 -2641.61698647 -1376.52593004 -643.437256319 1022.27001624 -573.622173311 -2244.39877899 -660.507830579 4127.35246794 -83.5997396796 479.192053854 -1464.74926419 3260.21688487 -394.792501049 -4791.24193849 -353.24479152 766.596376644 468.106712494 706.001257795 72.1121347593 661.814865101 -2.55891812672 2018.28889188 -363.113939044 -140.427915599 459.822980669 600.674731358 -127.781151854 -219.007606317 -218.122829566 -541.299861751 645.089823749 387.902099819 -140.279243325 -479.125210442 -449.62399189 -604.849726116 -21.2880897759 250.561361496 2616.28823627 -777.312906148 1762.60937873 -342.231521936 480.412650537 1331.49357065 -434.225542034 -56.315729219 -115.135654204 708.292010173 27.8659568652 -1844.74208235 -1188.14450603 -919.678973872 3767.67340268 -36.6067673472 -847.333441613 -525.238056979 -960.391206006 -169.314247487 408.133339909 326.196771519 384.088129054 265.085603971 572.149679353 34.4892381491 -495.556193132 756.626072277 1091.45087504 -171.525476441 415.333842544 -326.634244233 517.976755747 481.346972395 411.703044028 -464.888110934 622.039626454 1259.55338329 -121.75846752 -1515.72730923 805.873176909 -322.90401483 -722.775392823 1309.29717948 -288.892096293 1477.97014055 -19.4456038718 -779.00001779 50.7881594498 -1210.66029138 3075.87489244 -1138.78453711 -798.217499052 -1042.42561028 576.990255352 -700.954307458 -1246.29983917 -245.549854323 -450.016192053 -447.308905776 141.018105672 1200.80721117 -635.712734881 -2954.57313634 272.308509853 246.58020909 721.225466265 -642.802645507 711.101588832 187.683610655 619.396356245 -226.528534415 -393.710078615 -682.452972212 -837.900722433 -887.596421939 -133.711065075 330.754024253 -213.726999405 426.31129392 -758.883131189 2013.45209323 -79.6861763364 -846.269981594 807.185270891 -539.24571739 588.996264936 -334.24518672 -261.736343577 210.57929369 -58.8591532528 115.509761298 526.488153481 -53.1562458552 -558.121014311 -69.1877013634 -274.013638404 -1875.77258017 702.576311507 250.319920236 -544.338772971 723.377832535 2092.68998083 971.708300694 -1361.02794733 1869.22467472 -284.376059077 -3362.28978097 -489.527135102 67.0469171747 398.932076818 79.7216537747 -774.385224511 -395.038354506 1000.99607737 631.768264879 -231.977393945 -249.361620324 -817.064605371 -1450.99486195 1734.12183721 -445.391888966 379.057302076 -388.458569867 -1416.163209 671.251069975 1264.34041336 -161.196849064 706.988527147 292.387259921 -426.078617597 -1066.71813084 -522.806160195 922.056928492 778.611806891 136.626080807 337.582157455 797.89312896 4.02009820766 -46.7139518908 -2214.30599539 -435.407638072 -323.853244179 -2382.2137167 636.32970909 364.336511815 -233.024778091 -166.211227416 -127.873010162 80.1973713055 747.266979306 614.137566958 598.773299557 -456.333940147 2063.20305248 -3408.20093136 -353.433936006 313.530588538 359.546031475 -744.652039494 28.8787649556 -640.717795689 572.955661027 81.3467974374 125.802294278 -112.444750532 -939.766110021 -208.226724282 -31.519691702 -48.2863310973 -55.0307260974 369.779860541 -1629.2628996 953.593128071 -515.119796104 317.537255014 766.824161675 -289.125266547 203.611180412 310.574654503 187.681367342 -879.461119412 -406.350461381 -414.444633171 -152.445349279 -68.2054546958 1033.45771433 183.088287624 -26.3650071217 167.2787126 -1208.26511388 532.0175289 -58.8591532528 -1648.46997844 -184.498982611 566.399285309 226.573323243 1049.29353778 987.932610983 -311.332219099 279.7989117 2523.16283295 -412.140998138 212.255739698 -236.569553173 670.650170776 -34.8319665389 1772.99862486 940.958439372 212.677040193 -1008.30596263 78.3008451032 -256.315114254 -59.6406859851 -369.934770201 363.002686556 1204.53625885 -727.096242543 -33.8102958952 17.4395916568 775.806270418 -485.566750197 -541.714171739 1229.8482869 90.0536742583 656.05738918 -571.131665506 -523.358631061 280.364110128 1450.7073854 -319.823191901 -2295.00895974 -343.064545643 424.784053856 -2.86089165476 273.005110105 1259.28794058 -826.866299238 71.9910492043 -4.0522088829 290.094532486 -480.16466558 -79.2776501844 67.4147331722 -2406.56030963 -693.84178176 13.3276730834 462.827265894 -477.525092032 -43.4095835122 37.6696879311 -1127.19547581 313.031205721 -372.751660686 -491.005535489 691.115297768 -126.629630774 305.371466282 620.231612135 -247.993504572 3344.86159518 387.996439348 3955.76294245 695.852389442 199.877528606 -544.128889003 -524.640161538 201.033672075 284.423264201 -235.651096357 588.416204279 -765.065073671 -1224.15365095 599.380034549 259.636723499 -631.573037372 -595.953330376 -1457.75885347 -1773.51180389 541.802628041 -2697.82151142 -272.716283028 518.907831984 314.162313241 721.605212092 -2448.13407634 391.328609446 -180.750485595 -312.047637984 -398.961998652 150.711316321 962.179251841 163.455940758 719.373014747 2804.02288708 -734.282633063 -262.828361128 194.093472723 -476.950044312 -349.35085767 -197.213242948 -1167.33954673 -109.119147213 142.776124913 -926.865081882 86.4453772656 148.708467956 -277.056840984 -742.062388498 -88.7733403154 -225.350790104 -3127.43103255 5.31370080387 1047.59420265 489.448089575 638.41324271 327.152694106 -41.684453753 -58.8591532528 -929.452066957 -37.9128533853 -820.953491714 86.0283772842 347.90155838 659.920114703 215.434933905 -1113.40706624 -967.201734106 -608.483328652 533.683573645 755.271798695 -222.743824632 272.184230747 -448.206816806 -397.657745483 439.113003507 -151.909528579 -115.543847967 48.2655989941 -443.862887585 -236.425742404 447.799540538 -2057.34365575 837.381134073 389.066711826 -298.66359682 600.355725097 296.492893637 154.566522326 287.655759784 -234.432063314 1131.90266975 -585.517825269 173.416629237 875.239402143 -316.097995051 145.471535009 -26.9993587465 -132.367392205 -165.964785174 183.22269592 47.2877086687 34.5708549239 223.447670405 482.852231653 341.632501703 -673.753984629 -15.9251980458 -498.725974265 -586.145543514 436.405139524 412.522018829 -2796.03371107 -824.787144945 -967.397488535 -45.9423387253 123.253496026 -140.854238052 -91.5595553232 668.536357707 -424.327152209 932.418430712 1543.67232921 596.979846398 -293.166743511 -101.391887831 175.982479225 289.658400486 299.439966431 -61.3913884241 -746.86795958 -147.229938239 -238.373141294 54.3952520817 -301.262372109 -206.196834522 -326.942015385 -1564.98081637 37.9296050105 -46.4784415386 -304.747359959 119.11560037 -283.68361949 -180.079904451 -248.953121541 112.211555206 252.587412274 -51.5841467311 303.225331159 -241.276800903 884.19446172 -608.284547723 -78.1718116118 -394.301869065 -145.648734583 184.73600393 243.414540867 470.707815026 1388.80765021 0.112518994067 132.059913173 -113.218989863 959.950128201 270.454292332 1041.25940969 -1358.94218368 -1010.70903191 -453.155045417 -799.232154196 -1669.93922471 1452.86081225 464.17265607 532.377475323 -15.9251980458 891.258542258 -456.505498429 -15.3714218588 -201.088818407 112.211555206 95.6972783933 277.947156461 -92.4164434036 -417.836964272 -283.82351809 -1466.26660132 353.326462428 -6.77017255208 -46.5611593904 584.156702966 386.228694826 79.7216537747 -511.292171891 393.448622307 -417.321343889 -90.8893317746 -3.80771687347 -588.329790003 -482.642525521 -922.173422215 605.470747011 -118.814085107 -4.5233395192 1076.79896807 -702.943793087 -985.473002317 -25.8489212397 -45.5948817572 -722.320223159 1089.85960333 344.837918393 201.258035795 -271.705202653 -434.130730592 1539.09693466 -484.379852412 904.503733926 27.4497588875 13.8690145305 35.5171653529 985.936677089 -82.291849272 -1127.15767633 -768.939149638 1464.71893192 166.876757952 -6.77017255208 -14.6695717024 756.091575895 605.878224389 978.102114403 88.7477143885 79.7216537747 -534.55566247 -15.9251980458 993.505566667 -1051.37925175 513.632195301 1495.94959432 434.347829033 -35.4587809275 203.108725314 -97.2067423809 231.842369795 469.28309476 -100.858951336 13.3276730834 112.211555206 13.3276730834 -222.745377469 1385.98383378 643.541034418 402.553728642 1862.19219663 -211.317218348 -236.448918496 836.324227173 851.496162103 -251.330419624 58.2299816876 -471.426896343 293.799284366 1692.60522976 -122.037998127 699.49785473 -606.968354239 159.921851781 214.778664015 1042.6042005 -208.360893273 -610.337641504 109.57140618 -384.987280311 315.167924004 -516.745559318 290.937962268 740.035378137 -430.038419912 502.848090263 794.951907511 1146.2576845 -642.995550373 -651.927324253 1179.65840759 191.899004155 79.7216537747 539.044743242 -559.86478294 -107.93761079 -8.86030262185 -429.401553828 -118.174965284 -464.27626374 -235.435633477 222.127027444 -1839.82418894 402.110288685 -731.573929818 -176.73345177 -109.826527323 258.158746898 334.92113771 -147.840893786 -371.329838384 295.610418633 18.6832764201 96.5883858694 1257.487942 359.961147676 518.005081984 14.3328881095 -37.8895143392 -121.702837822 -892.112911271 -1469.51187844 -115.543847967 -82.1875445844 -374.984893506 -437.456649136 -154.924760809 -12.4213881373 -32.2934225234 422.779441436 -3.28625781721 299.829581535 -515.733775915 -4.5233395192 -123.876925891 -753.452339236 -6.77017255208 1283.48085297 225.230285563 -155.63431487 -78.1718116118 327.184959341 -303.075588105 2699.71087013 -40.7865479595 -1546.06111417 -115.543847967 -105.876925021 1582.59768556 -95.0324167015 5.68371121599 -272.143987032 5.68371121599 -60.5786107874 -55.1536435129 225.230285563 -395.247825549 -140.854238052 -2746.3540387 -57.2428168974 143.302896881 -272.875853285 -388.957662542 85.7937775568 895.743204863 -939.691230474 -154.924760809 -99.1700029985 -887.397576247 1121.27931349 591.079596046 -611.771553195 -299.987071898 1409.84309965 -141.52169843 -254.45612385 351.196906967 313.313629511 -110.967388105 549.920394097 -813.55686796 951.879088883 64.3894760505 1370.00517133 -105.876925021 746.318719797 1031.46495308 689.464462508 -245.990233928 1576.93076208 908.834633301 125.70056406 -1914.23362737 -778.814101871 -156.793819551 198.019470646 568.997971588 -705.743979067 9.83023969068 652.212754034 1215.55657571 -476.383266763 319.345448196 1153.14627682 -134.144346123 528.91365471 -231.560886182 799.260876605 -65.4596941407 -467.486440345 361.156803428 -561.199908648 143.302896881 219.275244797 456.024538045 -146.050304559 538.091557686 970.304325586 -238.919762766 -162.988929316 -432.908758726 71.0746657626 -936.363914681 556.389613466 598.786740552 -1624.23230121 46.067576994 295.675154924 58.3236125985 -57.2428168974 697.391864317 39.1738591332 -568.365958663 -376.579410821 -865.393431917 2809.44102724 -840.619484032</DataArray>
        <DataArray type="Float64" Name="PrincipalStress" NumberOfComponents="3" format="ascii">-2087.14564315 83.604410576 2446.58875366 -1308.33375813 500.740236829 3479.61037342 -1214.80214186 3274.25570518 5856.85113819 -2388.58565004 -1525.33095395 2065.92336398 -2631.6425727 -1.66304228712 1779.67773632 -1122.99705119 -160.460810138 346.316902713 -2448.33832589 -353.776528579 1733.78190384 -2238.22812692 618.782072502 2225.23554889 -258.31541209 242.719124758 784.515589202 -2785.83486485 -9.59965681597 2958.04825762 -240.13832313 2228.49984485 3954.74553467 -1183.79402729 -196.588785992 282.35758068 -2855.43090777 -463.584959097 1603.50755823 -2930.97537592 -1728.94826016 1094.97424174 -4204.44890776 918.952906021 2100.81620789 -1105.57320495 938.407385821 4042.66749017 -3075.00898711 -704.690984503 440.37016429 -3266.17530359 -2834.01019152 424.64822277 -1206.73660035 2458.81239959 3101.52735787 -790.941145827 188.072132429 529.492466314 -2025.09652323 -633.473672818 -291.1014392 -1128.703725 -413.78979254 2864.91644341 -3096.88198794 -1632.63096977 3298.89126933 -2036.18148319 -739.189345176 2446.71001418 -3805.8873079 -61.378066893 1886.19529506 -702.899590763 276.580759315 3707.08168929 -3885.27802573 -322.102463578 3331.67012804 -5136.57639492 -390.770053344 1722.59287462 -3700.55318753 -561.29656551 2072.6707506 -2817.88864372 -1065.55814498 2723.72351217 -3257.33258844 -81.6896003663 1183.8649896 -4003.38573265 -435.696054896 1759.23794438 -3441.04879841 547.016152481 2405.49562555 -2659.75744543 99.8443651848 1215.21178993 -1349.84796796 208.523926039 3158.83261732 -3745.96280196 -835.241497575 4204.27153476 -3821.30293678 -753.829390808 223.764888279 -1864.84478012 38.3848304206 3445.40017309 -1734.79749318 -12.0735634547 1694.55228166 -1200.38214845 601.28256276 2977.91551493 -895.494400925 1212.31434071 6557.30859511 -819.513499038 200.23341987 1240.64139288 -3862.22488029 -68.4887782058 2610.27191072 -2932.57887084 273.715051887 2570.94951326 -3713.8221208 -163.86392517 3467.66782645 -4079.44606806 -629.281618128 1682.51746458 -2438.16950565 -539.614387067 800.513416249 -1961.15385382 282.967287422 5156.22263939 -3388.46863872 348.306242143 2126.85486854 -4096.79100939 25.5969897709 4112.3399887 -4501.41368445 -484.806712308 2681.50228807 -2932.91960064 -1272.64031469 954.852055699 -2509.78074827 -335.678180901 2818.95992492 -1916.16853806 92.9926712062 2855.0021523 -554.385823587 575.871599399 3905.3996549 -7899.18780206 -3376.81022062 -884.092288607 -2304.54710949 103.413820492 2159.92058792 -1957.56230519 -467.819761998 2014.79806947 338.233137714 1165.32908574 3786.29472366 -1744.54008239 454.93104456 2609.38388953 -4442.66654289 -105.499315972 1255.14426826 -1645.7467227 -1240.01261517 2129.99965816 -2607.40069594 -452.065594391 3719.17208529 -3358.67548448 -157.145868086 3484.7970392 -4011.24495492 -329.322217289 3240.6741615 -3493.29219073 -3161.77607856 1106.58949545 -3445.51853803 -120.526776639 3436.43135654 -807.080899559 617.03222268 3368.16272057 -2955.76667307 -1045.70556381 2065.37754011 -2214.39015138 806.461932029 2240.12853624 -2901.15861947 -181.851523433 2275.46172194 -352.722749367 2949.29377679 4452.02663944 408.248772054 1189.05086815 2122.36559064 -1979.6555834 17.1314390057 3967.52482123 -3359.00253848 -1260.6389663 1098.44841171 -3426.68660644 -1674.8219252 519.299834204 -173.40477632 3206.63126187 5303.37394619 -2358.89739779 192.844675142 2239.41659414 75.5127046267 1562.58683477 4948.30406457 -2607.12513495 -278.221571296 2821.72851503 -4434.93038838 -44.4024409672 3595.90602249 -2390.85584984 -273.857623141 3150.54976185 -2674.6228247 430.562681376 1947.71101767 -3839.6370421 -1389.94658524 3510.93497229 -3418.94140765 151.284989337 2104.08979817 -3311.63338223 344.23696986 4796.00403322 -1632.56413308 43.8359206496 1744.88480745 4.35618662718 851.635286676 3012.35469164 -12120.5780442 -6204.1306421 -2410.22420667 -3510.18948423 183.301364093 3385.08558213 -2626.57619824 -262.166196651 1748.7440683 1400.89016559 4780.59090819 8356.54309284 -3325.6899695 1332.43386384 4994.21683357 -2431.63720146 -464.858351412 2549.71809824 -2976.10179513 1487.40846149 3967.64438182 -5099.83270596 -353.697378869 4448.2458127 -3812.41644377 -1177.8364683 1285.50436587 -2271.83343851 -610.134192105 424.45452 -2493.85091897 -526.348840096 1371.28985314 -2239.52158496 -520.212878408 2575.21903864 -622.108479501 -102.214744838 902.316968833 -3658.04553399 784.199920314 1705.31114222 -3997.55357538 85.4484086205 4157.64132404 -2003.61876819 113.54220587 1878.43128879 -1779.98620831 1996.02852548 2958.87750193 -2839.44078484 1139.48153866 1710.16237964 -1331.67614287 359.680133809 2118.91590672 -1742.36847787 -539.945123924 2300.753495 -797.832766123 598.456758014 4685.70464262 -1683.94112448 186.119375026 1726.21268775 -1075.1807042 147.804175384 1466.49093647 -4627.95815087 -1347.28153608 1019.78506554 -3682.2225467 945.495194388 4488.22041561 -5020.01233178 121.331602805 1722.35479713 -2249.56362586 1399.81603952 2109.73065739 -4002.77551151 -187.389759836 2742.83189807 -679.722301565 299.439446835 4227.68223609 -5720.9418044 -446.637916489 2026.13076682 -4160.90735797 276.778437835 1797.69584301 -3484.15723975 -306.605906923 2508.31924415 -2978.89520525 -613.111336984 1692.80187149 -2248.98355596 261.526606977 1769.05053181 -2921.96449478 193.758800003 4730.1419264 -3555.15396907 257.725165275 4162.38905257 -3124.86134539 -2041.86069316 2249.10056123 2353.93229974 6329.03145407 11865.758477 -2073.50950822 -514.806661099 2077.36497735 -2843.91394403 -1578.75705718 2685.37833922 -2409.52823497 -951.212549393 1287.94646826 -4543.65292711 -50.2636909535 3779.27556163 -5079.66899427 -447.390383331 3144.62430355 -2151.06271805 -77.6849228348 1892.11297527 -2080.59949052 53.3695847188 2258.49810625 -3798.63508097 255.202043406 3610.80764888 -4277.07550022 -59.2189341044 3868.59105991 -970.256821707 553.728206364 4009.65970515 -3012.25216826 -779.783175117 2863.3463459 -2769.62361627 294.321318642 1719.04330092 -4399.51683429 59.3092764287 3644.03673026 -3110.95205147 1180.88470225 1873.43789512 -2930.5407212 -143.854012576 2356.46671961 -4759.014851 -153.089405411 2304.76601744 -4434.61265816 -254.085720916 3761.70185533 -3959.1866529 187.157426254 4243.53038842 -1598.98578909 -882.011626623 1519.73042768 -3819.03185896 -266.848460368 1155.17663252 -2124.31285663 568.983591924 2646.1997762 -1956.34603835 1184.09860313 3049.71475148 -7280.67220959 -1629.05692865 1016.12858789 -1959.64717968 -286.621769603 2352.05533041 -3352.04978291 -922.466266034 999.689807365 -2565.569687 -4.94692097877 1508.7723891 -405.537924831 282.160648278 1395.45606442 -4248.03839307 553.680976214 3922.45294164 -2011.088512 331.051984641 1739.60843605 -4379.97078007 -111.136917841 3891.93099324 -1827.62360707 527.3262448 4293.12377789 -4241.25925119 148.13473294 1927.57011802 -3013.29924499 -66.5903866029 4687.99644719 -2552.66348217 -85.2352244491 1242.92657755 -2806.11385743 320.383429682 1979.76376177 -3455.49703201 -111.675759293 6214.91787787 -4024.13585845 580.889349626 4035.52689381 -2158.05655933 -193.474988057 3158.60400016 -3824.78246966 -434.543504222 1794.30126516 -2519.83131215 257.409652963 2722.26981651 -2534.91763281 103.352247973 1249.10572557 -2295.63071742 319.020376129 4306.44458107 -9584.03411824 -3929.47869173 -1943.56680358 -4611.30252507 -3018.91965758 445.345731773 -3797.52910627 280.428209241 1654.85499201 -366.005979511 1149.5300073 4011.9477425 -3432.05190905 -2366.29701797 1784.6688701 -2717.92206649 -1219.15270449 719.160679028 -1813.80078439 11.0251371086 1850.55124142 -4745.39314922 329.766891913 4658.94430324 -3203.35899514 -1375.01964965 1410.95887391 -1429.50087198 1111.53471602 3660.59314817 -3876.73242051 -176.415694987 3260.50267396 -3648.49417363 141.669771438 2410.146503 -3636.52053965 -854.701573846 3900.60181372 -1702.01186877 -353.030126752 3651.26927156 -1003.9423495 380.510198601 4869.16155465 -4226.86278773 -529.142483952 4405.38332388 -2092.14238258 1003.63991027 2737.16390361 -1090.75212058 415.38162621 3115.31597895 -2449.82043422 -599.241066324 4308.50552484 -3833.53169798 374.107153503 2031.98170137 -2655.36713367 -98.7553313357 4380.56145186 -1417.43516721 1119.88287278 2556.97062845 -1953.81886523 -741.058970229 3063.93145991 -2063.55613824 2062.78961107 4119.50330272 -822.860209281 776.932794227 3185.23934313 -2964.21260036 219.20998886 4648.77281321 -4987.7105986 -2939.58050448 2908.67611564 -2400.67140076 49.0780316677 3005.23267193 -3373.50451999 -162.751537125 5013.70564915 -3175.36861631 -275.530667871 4265.71948619 -640.395933906 922.402821475 2952.54257228 -2181.98418095 343.0181259 2901.59741009 -4121.35096008 -629.16289442 823.229681114 -1825.73746128 915.164582556 4934.01365575 -1934.888881 -395.593978105 2172.87321225 -2185.40809912 -17.3353217777 1977.56959364 -3686.19720285 -580.611656929 1057.17318529 -4040.24766272 330.759841543 4488.62572577 -2147.63644284 258.552633983 3481.620243 -1266.92355053 36.4817805108 3448.11719191 -1948.03580426 248.151085676 3540.89132512 -4559.37697764 16.8443186204 3983.08950849 -2200.86977969 645.899700772 2464.20924573 -2402.35028596 -670.561938543 -159.305193613 -2185.99122082 288.875444233 6120.65453165 -2392.53551534 261.997544509 3049.23849078 -2235.11217062 512.478154164 2526.57904433 -3563.92167925 -890.510305461 1175.40127308 -4272.69918444 -442.226490561 1180.51505439 -3892.66741448 111.637192347 1583.08407951 -1605.97675631 1286.26461431 4384.23744586 -1362.77145633 1392.25094498 3764.74352008 -3763.32506103 888.957131022 3467.45966605 -1605.39971217 1354.14255688 3695.74476899 -1654.49979848 205.667671653 4427.0420461 -4875.14950323 -3210.16152956 2115.8000704 -4540.50792704 808.599040481 2047.29029881 -2957.99948597 805.298024084 1926.56347011 -1590.2784828 102.085403179 1834.25495305 -1401.24970177 548.56604983 1983.73926884 -3496.17670408 -3258.73514924 1370.13751471 -4320.34903898 505.79370789 4800.02814636 -3299.50254169 179.634271922 3583.2601138 -4328.31647541 751.44546745 2046.61340023 -575.932585914 1107.23426185 3802.22822565 -4050.72343586 -1831.09485874 494.282926913 -3627.15364178 496.554430534 4503.99660002 -550.127912245 2497.306664 2707.02602829 -3826.82540444 -285.556072291 3362.57532375 853.616220479 3691.62278796 7022.49395369 -2865.94605693 -312.003139503 1625.69275165 -3220.57269379 -66.0268995515 4170.43818834 -3181.31360706 39.9546904855 4059.30933072 -2131.22620218 188.039397385 1566.58467377 -2433.4655605 263.132879884 2532.89420821 -1734.79749318 -12.0735634547 1694.55228166 -1523.0609646 55.0074052251 1854.70015479 -1105.87057241 -864.932879167 1101.9046426 -816.587807247 -368.961871401 2307.96467287 -1502.63560943 104.244777956 4461.57255015 -1212.79813832 171.688003507 3404.02629138 -6200.8846201 -1228.22209817 752.597745143 -4131.7896775 -760.168059942 666.864392128 -1651.67636418 -652.060593913 2578.15575344 -3131.61790114 125.427264049 5139.34956003 -910.236965303 321.849481 1797.823563 -2879.49181898 680.165956313 1892.51767944 -2401.87213662 257.420936662 2775.90344043 -1003.28082052 734.748948662 3848.81901585 -4364.79627058 741.691465626 3419.98058638 -1806.90936168 546.444667544 3901.63236873 -3212.67784754 -297.841597736 1669.5906166 -7519.28088005 -3901.24762589 -1479.28955379 -1015.68320926 762.489422777 3630.02523284 -2991.034559 -56.1114579489 2001.32046401 -1321.55491474 883.752700829 3320.01972102 -3372.85429746 766.08212753 5066.67122987 -4344.6219373 -2415.6539199 884.58978168 -7597.03900371 -2412.97343339 405.253372227 -4712.874027 -112.382791185 3660.10055712 -1575.44179013 122.233531411 2293.30699164 -4309.26934899 62.9625607779 3455.44869358 -4133.66481855 421.102074798 3704.77145518 -4017.2056145 223.061424028 4429.12013911 -4552.36738039 -729.757447515 409.753713813 -4226.6526603 -921.062498918 38.6284945612 -790.94820666 -23.4681192502 1379.2907115 -2034.19322135 651.965239721 2617.93768541 -2633.45850992 75.5636987589 4178.10871974 -1472.94765746 3042.49255946 3261.69726809 -3342.43188569 -554.074878548 5138.72688128 -4021.74226831 -123.464204289 867.988209341 -3553.44213182 130.286610857 1827.82644406 -3685.55345879 372.52506495 1897.66860775 -3298.91841897 -1179.35529482 2243.74356774 -1327.18008135 877.510577934 3389.45241202 -5375.01066608 -257.275043719 4071.49574849 -1965.69538822 -216.434521452 286.476845641 -2029.49666531 477.417896756 5224.08531915 -1079.21598595 35.0800170856 199.089253164 -2978.74616458 -1201.78480213 848.95065386 -3624.26900387 672.317959276 1711.9508507 -373.419132138 2490.00138595 7036.95313101 -3820.67222297 -20.9143828726 4517.08487641 -2995.53945871 465.676377318 4296.63034384 -1837.16960323 328.737035581 1606.00629768 -3628.77525089 -1610.38287596 833.636798536 -4098.07701228 -133.760384729 4422.49349657 -4401.27887424 -786.174311853 1166.23028263 -2849.51645292 804.238779263 2242.68926668 -3736.89390547 -880.260161153 769.741298151 -1326.88527479 58.0763346668 2599.31093602 -3679.1576369 -936.05916507 1861.11688347 -2170.9688336 -962.190752298 737.332879416 -5363.71311584 -780.557119715 3530.72238691 -1855.32957668 847.5180689 1478.92970802 -2069.04288399 1499.58434583 2827.68400511 -3994.66520809 747.328298076 5028.14431881 -2747.64395014 -759.738503879 -389.772430407 -1619.28964953 -240.073507814 3199.21683245 -2901.41020032 -810.616529054 2526.28082636 -2450.4302852 -838.360781638 2517.34322359 -1981.7993273 -476.690906546 2443.42081824 -2819.72866171 -449.344407168 1148.08575597 -1940.74617032 -845.194936361 2388.89947783 -2132.80446466 -187.901788437 740.094909935 -3875.23333658 -529.11656318 2518.38972071 -3591.42051194 528.476948468 4496.26650609 -3214.29113119 -554.806652038 1455.06650299 -2699.23273464 -8.84412557482 2172.90621179 -3970.76585652 -70.6154179739 1896.9057218 -1285.06612244 73.5763392681 3679.07344478 -1031.3842564 -867.073677226 795.928152077 -3991.79868888 -45.6256007696 3326.85595248 -3668.51671961 -14.0925026315 2180.93040466 -5107.80689001 -864.041567898 3969.48226761 -1110.54299953 136.463285755 1306.39671486 -1877.87404622 527.471755154 2875.81677338 -3643.38776634 -1226.61410591 860.031535954 111.059205959 2886.17178655 5927.48393849 -4264.80350486 387.370610072 2235.41369413 -2230.80561743 -1090.53809942 5066.47140232 -1455.11608575 950.598445047 3896.37788466 -5427.07017685 -130.418328154 3451.2842263 -3007.02183741 210.848076607 1988.27188575 -1676.19942803 406.223874714 3344.44503722 -2216.71443788 -440.722782089 3034.00575959 -4930.6462152 -481.689781917 3009.14354726 -3360.92986383 636.221386276 2218.00227599 -2980.79007535 -1810.07358191 991.165736073 -3755.5449113 189.070990001 4040.83300438 -2075.80040241 160.653232714 3011.58524548 -5042.44275092 20.7312626237 4242.23419623 -8325.67003338 -2044.51119614 -909.567203669 -1482.81216081 -453.116937423 2092.42680975 -3230.61768687 -315.271056919 4330.7832682 -2348.15731307 262.477172172 3073.11351426 -2606.31324245 -67.6182836966 4274.19728903 -2015.21347744 -61.3495739867 4057.95399252 -2765.08472438 -752.73609106 2624.15857802 -2292.75019798 160.472844589 3273.86448447 -1084.60751321 222.209219702 4144.28511131 -1357.54226592 859.453494661 1643.60066778 -2888.13472796 -148.571233206 2185.52178889 -3319.23497305 -298.545956355 1759.38324758 -3477.30732175 700.727882349 4626.60846419 -4442.66260854 -991.669859648 3490.13624842 -4561.78938642 -358.953140759 4106.84911316 -4576.12777378 419.590975117 4221.25772381 -2214.97258146 92.9279123785 3015.36964935 -1519.16110806 435.0738443 2621.0887544 -2589.12944277 1461.10507603 2678.46787618 -3995.35156651 197.816058162 2079.57153723 -1778.63005216 -1082.40284262 1244.82710634 -2254.81228292 -434.840943703 2455.04967958 -2552.06467832 453.626508246 2865.78066449 -1809.29823182 215.336286487 2119.96963259 -2726.00885648 -870.428719464 595.771918599 -1099.12786628 -209.051419737 3711.97062412 -4044.73651481 -2709.57529625 1518.70908158 -2445.75487172 -249.38862734 1935.79076246 -4734.9892568 -213.790740337 3186.00598448 -1444.65083186 1087.640148 4026.75991629 -1755.21426315 -224.707655032 3021.65539243 -2620.96199441 -389.540932446 786.433285997 -4051.37639629 596.572765838 4665.78859702 -2040.39135778 282.150462397 3146.74690201 -3254.40358827 3.91630052003 2903.59379419 -4240.6210095 -318.601476896 3335.27898657 -3864.42245311 1311.19298512 3448.50283421 -2814.64294066 231.100143718 5947.68687666 -3268.77425648 -1162.755298 2694.54822311 -3935.74828656 -526.34219255 3645.02656922 -2673.77272476 -508.807699406 4229.38008707 -785.533437764 558.626755873 2404.2136875 -291.134332985 3084.5845356 4083.86489725 -3052.68497261 -112.862413854 3995.36578739 -1916.62788415 -137.175865514 3312.64757174 -2523.76823925 362.846430661 2534.98281787 -2097.70669507 990.261601688 2819.27002429 -2214.31848614 -1.17425817923 2670.21893094 -3277.2837232 30.3859777265 2155.47521131 -2466.91176214 81.2768974248 1972.7063261 -5384.45558074 -2111.38451963 -1221.61893139 -3725.74267102 70.451304903 4717.47758365 -4183.91832568 -1373.67841681 1471.37676376 -2342.08562215 -919.70545045 3714.39197021 -3666.93596822 702.169848129 4925.62903712 -5128.75887337 178.642339268 3600.73026553 -3760.26704801 212.722125672 4296.82418095 -3660.89194578 -4.09878486369 2435.42175702 -777.679610954 1357.16611458 2653.57271952 -4005.06971244 692.445933099 4177.0215928 -2153.71312206 92.8661037646 3055.60295317 -4389.83911624 -1280.54617995 4507.27675091 -4319.20445455 178.568953355 3771.67484596 -2218.79181488 476.289035829 3468.10408323 -2222.45532124 142.497382334 3193.41232763 -1159.4111015 -151.186147479 727.511492688 -1523.30174535 -17.2058391901 3160.40831479 -5736.3084839 -158.006069369 2731.32655322 -1366.46604651 234.25372135 2928.3150415 -1913.30404889 610.442507896 3818.9960272 -178.278646379 -55.1919141517 -5.6944007934 -5564.88859382 -1345.1169302 2633.77335874 -2180.04767783 319.558158312 3019.695293 -1326.87400827 2128.84318992 3092.78069489 -2796.41018878 -733.629883209 2008.6744905 -1661.80414453 221.118536466 2158.49083855 -2772.82648204 34.432475611 906.939183849 -2173.42986612 -131.237017458 2024.12489125 -3313.41897759 237.599618163 4867.11146194 -4343.80551582 94.6197466713 4222.09900561 -2115.45389478 404.193108161 3054.23001211 -2553.31440238 -989.929300535 2529.67415795 -3629.96612806 -925.152702878 2868.88883558 -1155.54013165 -265.949789727 2808.72599521 -293.698730319 803.739344358 2973.55593913 -3000.3953687 78.7229243262 1756.64585921 -3533.77930858 -53.6387737282 5651.63509096 -1647.25034094 -120.613682905 1779.2396192 -3754.70045955 -1067.44810692 1624.0018859 -2859.25351753 -18.5520037057 1961.37654614 -5937.18441414 -567.40804706 3979.16232839 -2963.25207381 -498.600050826 1557.75959961 -3246.99150344 -712.532803951 2256.21938556 -2820.78875974 -1195.42471316 1137.2972559 -4372.17215849 7.97953370933 2486.81766919 -2581.04282891 218.171001673 4086.41284128 -3449.62104288 -121.156286057 3655.62657428 -3212.21892809 -64.6657795867 5022.36117768 -1788.35899625 275.069096229 1307.20950983 -4722.52442026 -382.615800721 3244.57766854 -2450.62754821 688.481555666 1998.17511624 -2123.15718866 270.896723023 2109.79683004 -2472.74475778 -335.766996515 2598.68951178 -3546.70499052 1705.53878455 4723.07300646 -2566.38089591 370.490971202 2120.79113806 -1346.06493316 2358.57547158 3896.15038338 -1865.21314791 -134.187260186 1820.88955729 -2986.01343135 -377.898933061 1284.40012374 -601.067709615 1095.00334993 3579.78384983 -3273.33758618 330.323456567 2907.58971936 -1734.79749318 -12.0735634547 1694.55228166 -4102.86144371 -434.170510444 1912.52374739 -1365.52820757 1953.65150225 3080.64727377 -1186.87581236 1646.74154179 3675.81332525 -4192.40266521 -562.392351014 529.730523269 -2767.76155091 -1570.93111694 3262.76174929 -1968.80952356 1247.64798406 3456.54737061 -2560.9763754 97.3996114392 2251.22628011 -4230.24263666 288.1942962 3924.65352648 -4352.35153358 439.051775668 1696.23580912 -987.985126434 997.572279144 4154.98719907 -280.317136127 1238.81317106 4814.61332555 -3133.36708087 -460.643193464 4306.16016817 -3903.00219019 -34.9057407718 4571.54449556 -4487.76606583 -285.306249762 4326.20367336 -5091.95559853 -731.973047045 3090.66435189 -5952.15935828 -619.783935934 1487.2675647 3872.37096867 4457.02211792 9813.19579502 -1479.44636089 519.963990536 2495.96949914 -4261.12398531 -1542.18943652 3721.8462021 -2787.58580171 426.967787639 3334.69374919 -2225.19584839 -481.9903388 3370.32729082 -2282.29306155 -117.930323511 2986.18424841 -2082.34013636 -363.860368303 1483.21856812 -4495.37165496 133.592342157 1889.78554433 -2924.24328396 830.813047536 4457.74042334 -1238.7213936 -296.4524003 3055.70294045 -2322.25928272 140.98930216 2106.80655452 -1790.57759255 -821.870427295 1675.0519686 -1246.71324132 796.404690065 2692.70093531 -4178.32268474 -465.376884764 5430.17214398 -3148.44729417 -105.035116223 3494.19575867 -1489.59489414 542.306044952 3777.22459045 -5121.60744986 24.60725051 2880.33672236 -2109.31410285 1293.34465999 4082.41894757 -4286.65791464 -589.197673245 2208.25417619 -1016.86845615 521.533168997 2724.94720235 -4494.98517372 -433.243046773 1644.21501345 -4184.46773658 -523.363522312 3655.09662098 -3606.87146905 434.526442978 4398.79382934 -3186.91251083 2251.19880937 2838.30932116 -3337.43298686 410.292060419 4324.7482739 -3171.01335715 219.542229678 2382.76712359 -1993.99377946 -67.6495413392 1960.17486927 -1177.92950366 -257.44679515 3860.69975544 -264.094131022 1145.37119775 7179.15048666 -1956.20914881 319.310171214 3457.42750662 -2138.87262375 -601.285821322 2399.90917277 1212.96185346 1837.33951876 4682.74151124 -1646.97819957 -54.6230280496 4731.59907529 1177.61117179 2503.32156544 8386.9502195 -2073.25243685 1277.35505078 2662.24285239 -6622.75899823 -1514.24940901 196.820229308 -3949.61108371 -356.531540682 4345.74705389 -2550.73238338 -31.9704932677 2958.9753728 -749.688044476 273.861684924 3421.77139165 -4584.57705804 22.9482105268 3994.31253478 -3446.78400036 -70.4039677982 3027.28500187 -1418.83266808 246.113952028 1463.95591655 -1949.52682564 -667.056838629 2305.74340374 -3978.45954575 -302.700460162 1919.86157169 -1271.7024485 100.803238482 1735.03101783 -2030.23024084 953.794478329 3232.3643033 -2091.49657788 -502.51415821 2752.84956615 -4181.24300911 -467.745120517 3740.5450866 -3927.17415418 203.289806341 4054.15029702 -3836.10028154 -376.243686346 1314.95113857 -3803.32125772 -86.5933896061 1265.05567998 -3733.13944994 130.750210871 4592.97043794 -4719.70945337 -236.630847666 3850.03116139 -4075.27121152 -813.668661396 1634.78655471 -3135.85158807 -9.09804473047 3348.24456812 -1962.46601961 -365.276406909 1879.33412088 -2067.36746589 322.172961566 1894.11083635 -1645.62587378 167.495108995 2065.16204705 -2110.9841537 -93.6686225959 1661.19633824 -2631.36497247 1007.04930645 2519.12477721 -1209.93626606 450.536295238 2412.37723221 -2868.93100787 313.885300852 5867.4211726 -1983.25112558 23.079483604 3060.47452823 -2874.01595905 503.802259324 5865.8702262 -4066.62933605 1150.13473785 4633.53276813 -4122.63132245 834.316754754 2157.90848051 -1841.45963074 -478.033121069 2137.04814707 -3891.75603741 86.3819262372 1895.08213882 -2863.0587854 -133.071373975 2403.16948067 -4677.36797009 424.035123866 3736.73213031 -2720.28963414 811.340009895 4048.01924487 -5756.59808726 -171.305751942 2852.77658528 -4721.7104659 401.149836764 1774.27750351 -1624.65095833 5.40631708999 5130.33899887 -1202.99570982 650.10557057 3304.96567209 -1495.35093224 642.046674341 2121.21006825 -2412.3916626 -498.812268059 1692.01323304 -1652.72686524 -466.933796597 4369.43355291 -4949.07854966 797.684967224 4089.00258707 -2094.56828254 635.6724542 2949.04647265 -1055.64467758 1206.60740387 3561.73729269 -3962.38183557 142.5983103 3290.65129473 -4845.00321367 206.392340778 3909.97478359 -2327.06076745 -520.062286467 1940.0342882 -7114.15556794 -1140.06151491 1138.47806485 -4382.41441097 337.769949721 2452.02222653 -2693.13719586 -569.039142459 2203.37202163 -3953.55395455 -278.677509867 4591.30852839 -5707.44733184 -74.8405417304 3810.12209059 -4011.03077256 -339.40467481 2812.75287744 -2694.10403068 -816.646112256 2778.12318557 -2666.29410077 110.588941021 2245.598506 -1430.53278148 416.366735237 2948.46247495 -4861.36128913 606.577129337 3739.13486765 -1268.77810057 421.981625576 2537.20948136 -2010.75384862 -333.045566057 3296.99399068 -2932.93165549 -338.083526402 2268.2893985 -3521.92541233 261.864711958 4679.73204707 -633.253317727 1312.88820137 3842.91048898 -2281.57699023 -110.924840559 2506.03002643 -2527.12094181 816.885575371 2940.70942342 -3726.1645245 337.228937794 4462.78201552 -1731.73323544 -476.836662351 4561.30726506 -1837.61471703 696.324925134 3811.16311402 -966.324288589 552.696637728 3764.3957096 -1103.92591798 641.923235582 4506.44059791 -2313.91900422 -374.41446719 3045.57416212 -3541.76346651 456.529905041 3055.48360214 -5279.12444377 252.029684641 2839.4527174 -801.542112674 1277.53770809 3381.05424339 -2666.03205294 180.444822963 2838.15118309 -2134.58168049 -93.8324900354 3107.99704275 -4259.79603729 113.611791592 4434.0506578 -2348.78455269 348.871992903 1874.88164473 -3777.18295573 756.452510053 3886.99672057 -2527.33101653 544.278107839 2517.90875381 -849.174681099 2324.50659664 4898.7463504 -1456.09751279 -510.312756753 3873.14201184 -3966.62785621 -104.360005431 3495.47174081 -8176.06133985 -4070.28788751 -643.037798489 -1348.97219898 -281.207226211 2182.54862708 -2869.13465502 -1512.40260424 1639.94980577 -3460.85862872 728.872305201 4423.0445116 -649.993107361 1191.21875438 7646.76127172 -2687.70857937 -272.442967614 1847.7641052 -4033.75254014 8.07966476469 4556.47669241 -3559.73042078 -518.100352084 -87.6227989373 -4687.76939764 767.686590007 3906.07070468 -2247.39392704 -766.18738409 114.274042517 -1658.52151449 -629.971137807 1074.52797538 -4991.01741488 -1908.53864091 -1230.61899129 -2281.52291151 -266.44285473 2789.53594428 -3544.26521743 1556.88498891 4200.33706103 -4427.63247937 -3.09360642739 4304.14101254 -2119.74460613 72.8155601176 3025.46817272 -4227.39008362 555.334252817 3704.23507303 -6989.28711443 -595.706751516 1307.26294021 -2297.46419083 73.8479247699 1978.65992353 -4607.96792315 -635.282043289 4239.56058921 -3588.44773541 -716.515749627 3206.86262891 -5098.4631052 -1864.03362682 -1207.83493434 -4425.03353536 -1475.47077203 5355.32039048 -3238.22292429 50.3005335108 2458.03818856 -1737.1332179 960.593323445 2711.67790691 -6647.54820361 -3596.22170472 308.692915231 427.563431876 1183.19718918 3915.08069842 -2072.0688807 -155.723041775 981.769589608 -4930.717487 191.121000221 4018.73386718 -2080.86913363 160.37694664 2714.67765488 -1666.05809273 504.5482521 4426.078638 -8462.70618701 -2137.45203216 567.602541687 -1734.79749318 -12.0735634547 1694.55228166 -2607.049685 -319.997905631 2983.47235781 -2186.4915705 -661.164784958 2103.47915015 -4377.1547541 -386.395846598 4415.6690565 -4666.58641862 -1483.19306831 3299.9883825 -4321.89145799 -969.798120124 890.05884096 -1742.43729825 -281.361947731 1732.44029394 -2093.66227445 -423.704900078 2740.12197538 -1366.08368178 908.06001959 2715.62485872 1641.58257429 4718.29288626 9718.55847088 -1834.94266093 -458.372478372 3590.7427686 -5107.3689818 -1402.5012206 670.050983901 -2445.91841535 -818.387893155 2974.51328197 -4892.77392517 355.520077949 4702.46791692 -2126.48189296 757.497993297 2976.27741341 -3142.78442112 64.6478269818 5388.93031378 -3281.1349093 -458.819656922 3964.01218672 -1659.61953244 -295.220905454 2160.83620242 -1727.17173596 -159.085289329 2016.20821778 -3590.91272627 -868.950589793 1601.34069102 -2682.59157091 885.17571412 4948.49714163 -987.448208238 1180.64092636 3394.33393549 -3797.45849173 343.314982865 1598.98244652 -2623.09312941 -161.935532512 1706.80944823 -2378.40775419 -232.503423705 1442.27364295 -4349.41627534 -1164.67949425 2546.91417903 -4799.99310583 -507.056649312 3139.40690082 -4476.08277302 -520.500747771 2868.54375798 -4146.72925662 527.872168994 4045.71436238 -4193.46740875 -431.212988316 4077.248628 -958.470574868 749.295520935 3699.80595984 -3872.28523301 25.3507858565 4852.95746084 -4190.33835868 -498.838430554 3779.02703375 -1798.08546948 500.688792379 1729.56872807 -1293.55430483 3198.48691369 4170.67342336 -3600.55827679 974.352852396 3990.60266182 730.626941652 1712.53980807 4474.92468518 -4419.38356678 -262.552376786 4303.86980603 -1862.52899003 -45.0024384327 1146.05582027 -5008.18019624 328.358551984 3487.74144108 -3580.48347462 369.720866088 2276.11910667 -3159.19626298 -966.141139894 4006.3140854 -5071.55440859 -536.793458155 3459.43149855 -4354.56074963 689.183216222 4726.50652042 -4339.51181548 118.626708939 4423.55441124 -5251.67145856 566.177697855 3147.39134718 -1748.01936282 -431.889037564 294.283599057 -178.278646379 -55.1919141517 -5.6944007934 -2294.10324906 471.115426487 1938.64007106 -4311.8552495 -566.486422402 3774.44605218 -4859.41472871 -52.9433697884 4371.72393104 -4117.45258492 315.346255337 4892.40669479 -1806.43437076 1901.1104688 2761.46245402 -2093.80452782 -815.761309001 1320.07961717 -1828.06135301 -559.507768773 1399.56499706 -1329.7520183 215.622113354 2931.76910699 -940.121417332 298.799383942 2416.03672179 -2123.45957247 228.248858331 1922.72862363 -3280.00569897 940.678420953 3146.56299513 -5317.6309158 -219.370266991 4216.18271662 -4360.83013257 279.214703292 3700.89006754 -3491.48796189 421.842174028 4603.39846557 -1674.31119032 85.2569335762 1995.3577611 -3024.28110653 402.100614796 2010.24429592 -1340.71771385 930.034516471 2608.95451706 -2038.03595058 912.06472939 3433.52755032 -3663.11562311 199.76917531 4628.37312466 -4404.80996946 -368.294341906 4733.31523582 -910.146952239 1422.28433183 3658.95189473 -1682.69440523 371.32383006 3896.39397598 -3861.2596888 98.7815973506 4852.49962013 -1705.05308555 154.727537009 1655.13157061 -3853.68925084 -593.305263607 5252.20342834 -3570.98928426 -219.046042344 198.899687931 -4541.64905065 -1203.31299037 3597.68596066 -5038.4576644 -822.344987928 3609.57444385 -2607.20706257 -142.986990886 2130.19090038 -1706.17145482 1195.88572333 6985.21265944 -2933.98819239 -352.765516642 4568.05536873 -4670.08827984 -895.51886243 456.891085653 -3985.70941315 1290.24292013 6212.8843251 -2253.40754965 -95.037049175 2839.84524962 -4984.55338486 -831.727055 3803.10550855 -3368.63166707 44.4463223855 3947.52605076 -4195.86413689 1.72129787247 3600.99912751 1209.72317204 1614.50570161 4317.88864956 -4038.68367961 -124.922689345 4357.63377594 -3726.2761964 1169.99041396 4484.91277453 -2968.85079456 24.2664167345 2570.17458665 -2401.13288457 -673.967381966 1863.80595545 -1813.08206036 92.1535902502 2249.54791145 -2566.6571166 483.361279245 2577.67967497 -1796.14391155 177.674700548 2090.39148232 -4262.35795477 -57.226838438 4854.90165257 -4632.44918161 -1095.74403314 3589.57751689 -2436.61692272 1611.02643485 2643.50661166 -3258.49403534 -168.504069691 2401.96357878 -3319.01450867 550.780958082 3075.55888777 -5494.28865744 -146.930078332 3497.81185058 -4099.92070919 -335.86172858 1582.03515 -2077.1915636 158.926881046 2162.43779611 -2297.60353184 -1332.14579274 1341.55869971 -1996.55614438 330.723650409 4312.10745988 -1895.62960318 -1348.56680932 1307.52770755 -4021.27534745 -1089.27473916 4842.89066592 -5918.60887803 -1125.06829882 2096.38464389 -3260.75898118 -1879.49436902 1657.86949436 -622.098305743 297.387367547 1824.8069576 -2408.20036616 -497.621478633 837.282611432 -4347.82271326 -166.389305901 3949.02156758 -3459.04207034 -746.185982079 890.292095207 -2053.7310623 -9.22685059618 2022.97489364 -4607.27493357 -27.9233888745 3572.03058537 -3874.32909864 -1543.05267943 -929.633168832 -4327.99818146 -390.361809898 3823.5842658 -3974.43988893 14.3762703546 3353.67787787 -370.868935881 1888.31797978 6407.40191551 -857.337283987 996.453332746 3990.46174135 -3525.88949353 913.301034599 4542.90022788 -2405.33921654 -755.972226191 94.5013940021 -2911.93881225 -531.41808491 5164.22341709 -1029.07139039 1612.65629418 6149.61143319 -1543.04393962 378.114798994 3146.45263237 -8599.49736881 -2785.97429733 -996.585737667 -4220.04323979 72.844555103 4397.99790373 -4377.36410138 -1010.03066703 3949.81860685 -641.593948095 1140.59188101 3895.24985966 -6192.72225451 -4153.84331549 565.91491539 -1449.89865151 709.774901466 1924.50125319 1278.80819623 4520.49603407 8574.42158516 -3484.98386409 185.528733991 4359.18950466 -4065.76763474 218.500619305 1547.4778855 -2834.47244416 -391.312849331 1821.465156 -1410.8154082 -532.526677904 -174.661687284 -2437.68811325 56.7845883815 2164.56712059 -4877.50885291 -877.323891263 3769.38814887 -4031.75023935 -245.255165358 4284.68215909 -3929.90103969 -1412.93513062 -712.030505316 -1377.47902482 492.42680809 1974.39403386 -1215.23951845 113.762312019 1522.76095323 -3135.3629607 -393.454780329 2149.34879902 -4393.45153779 150.551214169 2440.87612955 -3884.65971505 -302.695955996 4570.6991266 -1653.71891424 296.218656278 2014.52307691 -3146.91718829 -4.89227099231 3806.17794798 -1117.09490504 612.458106295 2128.536384 -3244.06050886 -817.695853718 2126.48689133 -3233.84104865 -358.415234473 2428.54998366 -4650.8484342 947.524342903 4124.16182127 -4619.73367126 794.088807764 5263.02049483 -2059.07368516 -377.22782906 3785.17348989 -917.997350689 -577.18528561 3309.73181465 -2727.05555862 338.599533384 2452.32029457 -3848.74254319 -528.932349585 3625.99080828 -4876.14567345 -1721.21371135 -1251.50532402 -1371.67147943 662.808693285 3040.80150459 -4652.03194731 -1714.20965956 1078.41347069 -1879.83806843 566.971126436 2339.5615078 -4891.09464156 200.301799203 3249.55489075 -3401.26606632 -1268.8000447 675.585399082 -1681.05952607 495.32469055 2488.41146162 -4245.72301057 -200.504795467 4615.1749937 -2036.84951671 120.768869631 2261.48760969 -5553.47416484 -1006.41350474 4435.01163905 -1338.34892521 -932.882346169 2187.63340078 678.102728623 1574.95495312 3281.16856529 -1562.67035274 878.537606017 4248.56626481 -1569.84688987 242.373345553 4086.51046593 -6302.34147127 -2889.79632595 -2110.88241082 -3433.0895807 -199.626724594 3742.53660733 -1940.35685823 -356.837867933 4839.19505101 -1831.34601911 -512.115181173 3919.17537122 -355.698577238 916.996924866 2319.87527039 -1803.62857385 321.381524181 1990.18979213 -4765.97306262 -94.6309005719 3636.20394346 -4270.95628064 -553.861926864 3846.22789295 -2586.07163405 -1093.22873303 2527.03597992 -4398.97671717 -857.338795998 4461.05870125 -1332.86432887 -627.536451574 243.951742383 -3596.1323335 -422.707553028 3915.37217208 -76.4150018316 374.86631494 1188.21726629 -5196.06328595 -578.909542535 3505.09461165 -4144.37493405 39.8225507466 830.199758172 -1351.73139975 205.581383179 1660.72644589 -3023.72108549 -30.1791316999 1807.89868956 -2314.32002412 -165.984202996 3460.20695982 -4085.32070194 -309.019786428 2840.41022113 -3331.54017328 275.464726841 1612.03452926 -4534.02875437 -1205.93713984 4504.85676213 -2296.26858906 -850.029474526 4540.96239639 -3293.8041611 -600.364381695 2028.04966343 -4642.90939952 -620.100069062 1484.34931873 -4422.89471286 -82.9985238795 4871.1686393 -1645.67742887 2000.92801936 4191.93133719 -3604.88006728 -639.514105303 1826.77464185 -3187.02978236 -753.459387539 4909.20121439 -3921.8720298 338.051050513 5752.14715776 -4078.09644969 -1625.51052029 1775.71543155 -3856.46932833 -296.344677251 5019.49029446 -3043.72249576 -1052.04395086 -338.143975023 -2368.69494781 178.944717822 2248.0870416 -2125.11381756 -588.675956117 5050.78982705 -4367.81542409 -337.041442342 4552.49238808 -985.763089395 550.230824823 4067.51313872 -7246.74332281 -2076.92306236 96.0417078432 -155.88894512 799.859156105 2772.38340035 -3560.26369942 1790.29893264 4164.61726393 -800.562466838 637.143178764 3290.69611891 -3016.6000885 -2376.64332381 3662.27264625 -2856.60203672 321.629036967 4637.83592213 -468.084089063 205.165399426 4001.81820715 -3416.8318908 -192.897033056 4346.37848683 -2026.47060701 -129.326818327 3505.8460015 -3803.659926 103.168612182 5042.41803115 -4279.66724799 277.375304403 3579.23762657 -6213.81064149 -190.394201866 2801.78320985 -3367.3113457 735.127303935 4539.32224641 -378.718498364 3104.82288154 6137.61502583 -4672.87319843 -316.200381336 4172.14805021 -3857.31738879 -79.0432384339 3196.61999995 -1553.75054223 -617.359840706 7.43398413746 -1115.44815828 1252.69843358 1791.15766121 -3278.91302908 -767.145915683 1912.75417827 -4802.55286603 -86.4968035318 4325.9988376 -3335.41427445 -305.796548018 1783.02175374 -3926.64927256 216.861495075 4389.37338073 -1242.93139736 61.3588460558 2362.70278715 -3769.27227171 854.038553434 4962.59263491 -1343.51871741 -885.669389464 4742.89027418 -1401.99297352 -101.377239403 4166.15947874 -2423.50395545 -1094.89272056 3919.52987123 -2009.68932027 -498.057991591 1515.4852391 -3905.07332902 163.874888674 4382.37943857 -2922.57845088 -841.741068741 2485.38563786 -264.138166158 498.866652163 2041.92090756 -3782.67464951 -1339.10043514 -918.58119503 -2410.51470451 571.567538138 2078.00569538 -2403.93857408 182.790496055 4759.95802281 -5493.72236188 -569.681106699 3641.8476559 -4006.30843242 405.935363994 5218.1102206 -2696.54967137 -847.268859045 1776.82973561 -4186.61818203 580.310892673 4609.04284951 -1392.65004271 863.365110453 1314.49396299 -918.207707406 -551.5075435 837.977369838 -1827.28473611 40.7486445597 1963.11355131 -4806.01083711 503.371250076 3956.11030313 -5118.75154396 -96.0748365619 3635.36192008 -409.151378156 -246.83900878 815.459124501 -1582.36479705 1108.40102311 2148.32681687 -4278.18482334 -48.0582009183 4533.80612835 -1897.23495016 532.333076031 2186.94278934 64.4971424439 1583.95208216 3978.86851592 -2885.49955271 -737.679339012 1515.4499572 -4958.74210214 28.8542301489 4178.92811128 -2191.48810772 337.088185244 3487.41624139 -4811.14532039 -894.789209094 3535.80103188 -6306.02757686 -1142.54748664 1170.505121 -4681.46196171 -62.4932213778 1828.83028101 -1068.55533955 874.728177186 4276.91100434 -3744.31579753 -1745.67466041 -117.683566237 -4289.18532084 416.611607011 4725.70189106 1875.68277848 2241.07104128 5970.11552315 -3464.13470532 -84.4450448295 5017.16115545 -2018.72650134 -240.879165936 2058.46491575 -3039.54008081 -150.300358831 1993.04420918 -178.278646379 -55.1919141517 -5.6944007934 -1454.86097192 1090.67179284 2687.34485261 -3873.68542124 787.098303692 4271.70218107 -4614.53796142 170.050121299 1441.49960799 -4594.16599513 741.350881616 1957.51031888 -4043.57005431 747.789988872 3991.71224727 -3965.99611439 164.871780919 4549.20919445 -2853.81005968 1125.75418506 4179.24969073 -2291.52249005 827.716860812 5816.79021509 -4398.48570415 -844.130954932 40.2511474545 -1674.76992033 720.60979304 2290.33579419 -3596.4761448 326.232443593 2133.07179498 -3523.38502406 72.7360064569 4616.02472721 -1348.93138294 1619.00661705 3978.4143929 -3404.02465479 -967.957900687 2358.22934555 -3714.53779904 -845.393481565 766.910040516 -2304.57314349 180.468861386 2607.69482929 -4383.06999354 656.944834222 1605.15957788 -1864.96146077 -529.864809392 1517.6644904 -3237.71132363 -198.897429433 4714.84460585 -2720.48162537 237.058338572 5683.57767933 -4352.12689911 933.224192776 4987.32118692 -6058.2815681 -1234.9419767 4527.05275933 -4475.71929468 -333.049528471 2472.93340248 -4124.905729 -743.237043376 4458.26452996 -2981.33933608 12.3275919974 1956.26527172 -4783.4832283 -324.422512719 2714.22635414 -3800.19499313 -423.949512818 4212.08421133 -3816.19889369 -306.050676093 4262.39142546 179.468679324 2562.3657079 3901.08359894 -2089.96652799 728.279882074 2667.90956013 -3058.25094315 1338.05300279 2691.75767289 694.769072265 1921.45472963 4530.41734821 -3335.81908853 -436.594879747 1863.42484101 -5201.74271079 817.440695108 3291.29248023 -1599.30705474 -24.5219596333 2322.90334864 -2144.64715143 114.943538501 2528.33729518 -2653.73416674 183.583821775 2853.76937545 -4762.78099029 1167.19628402 3354.99259236 -4073.89867073 160.028294104 1672.06943871 -2435.9227445 -811.301957867 1404.81200149 -2878.65542218 -448.503100021 1530.83862353 -4106.00942558 525.300327392 4949.71091863 -4820.38171505 -1327.97618694 -41.251255463 1786.75812804 2375.23507531 6062.60959074 -4424.94161434 1183.49244451 4301.75097785 -2752.04047252 -239.97481696 2051.42352386 -5246.52425911 11.6200892339 4156.26607545 -2509.36192523 21.4852198751 4721.83282384 -4584.43187466 232.753390037 4265.04218976 -2332.77081975 1667.44377255 2587.48043426 -2597.92186855 -430.856185658 1309.91107113 -4048.12684217 -121.424242188 3925.51069204 -1634.63836197 -389.795525617 1647.02700476 -4416.22013256 430.598627718 4322.95575643 -1851.22135211 -318.052873961 4988.57255613 -2587.31847679 631.903434534 2580.0952151 -3814.00439667 175.171927978 3733.39154379 -1033.93522563 -15.8655395615 1194.65975848 -1147.53174706 117.434896897 1195.18902846 -4868.94441006 -621.177956118 4380.78278455 -654.491869456 993.355801179 4548.92476708 -5043.49245542 -828.18727969 3010.9003509 -904.748591924 469.345080314 1980.76289992 -3128.61917217 -113.475199293 2289.48260642 -3371.4967744 -686.910470944 1757.93476032 -4356.69414153 1419.73217033 3804.33777084 -4628.3983216 228.578454604 3788.98632576 -4101.03442072 -176.843429156 3346.15388637 -2224.88069819 140.868093286 1520.96850287 -1939.68874963 42.7379318283 4535.33417604 -3143.97015065 1493.50293017 2869.51860463 -3843.58473035 896.584290583 4190.33433928 -4073.80794273 -438.463718453 4969.60770902 -4616.77607494 202.55432739 4618.83811164 -5686.03134347 -729.054700626 3314.71290112 -2753.91367449 179.110038347 2025.53877327 -4208.706383 -148.47157046 4436.27297483 -4787.10132158 -370.99286199 4656.25804577 -726.26654285 457.326352875 3893.7355316 -4846.51346189 -507.373458149 3757.83433334 -1827.28473611 40.7486445597 1963.11355131 -452.543227818 888.809100169 4509.14406297 -2097.77075509 219.923412702 2431.34429022 -4535.58421399 -539.617205926 3376.00356399 -3340.65392113 -652.045971851 3312.97992325 -2504.23032067 -406.682528428 -236.967764234 -2566.16106847 -2125.4769446 1727.84018011 -4292.27707349 -213.618396314 5439.8921271 -4460.28236793 -157.144218682 3778.02985151 -4589.70736911 -3709.44203931 729.660909557 -1637.41216838 -657.012375654 3530.84753845 -3545.6995325 -351.50779493 3260.44010833 -2605.21410571 157.330273734 3157.59249149 -3119.4542036 -360.52436016 1468.02805143 -3531.82120179 -65.1242740083 3701.44137541 -3747.21960141 -2741.51885611 1169.74258295 -5250.2486303 -1421.91218187 3849.28549406 -3021.33859828 -1682.92440885 4066.23188655 -3170.1083905 1154.84147595 5040.18480245 -4409.53523083 -229.074920799 4403.70761632 -3698.61256807 -470.781392425 4938.33930326 -3737.40926155 -1212.46437398 5128.79569348 -1790.68603556 177.601967411 2722.88837876 -4642.09669954 -65.7220356636 3618.81067553 -4728.44225462 -807.527957815 1922.36143589 -1425.52861599 669.142286832 2937.67505678 -4166.6865267 229.42656918 4038.69084521 -1734.79749318 -12.0735634547 1694.55228166 -5555.51513475 120.687356532 3107.40896696 -2067.55692216 169.316138208 3354.94103454 -3203.73526223 689.27338542 4139.60439203 -2594.87651349 -2462.60724739 1367.93890019 -2489.78799874 273.51819737 1946.10877859 -3137.97532002 -514.05448765 1683.85764013 -3241.36737084 378.970471532 4575.79189583 -3929.49980056 562.022097337 4937.5535964 -4530.16034266 -184.46727884 3873.53529112 -1909.4937779 -1646.34071022 -796.287668072 -3737.017028 6.1512795726 4690.33532413 183.380832878 1939.85184687 4761.79419947 -2715.45510413 1015.47215568 2729.17658537 -5140.01239581 -483.719109898 4349.37934414 -4866.05169721 168.140987692 4706.49338448 -4225.89736085 157.715457789 3249.16657274 -3842.69986935 -660.913677957 725.749725576 -3509.3892093 624.374832483 5365.61327453 -3921.89324376 -804.860264039 4510.78036019 -4598.95650702 -72.9489489073 4684.06208257 -4917.79465545 134.845195597 3912.6658624 -3745.8852075 367.652663213 4818.72654103 -2414.0915677 578.375189292 2073.54932896 -4678.82340835 -391.283599287 4867.86280812 -843.685236337 1269.00258562 6794.3635796 -3083.42694317 86.558683859 5078.39360459 -2053.7310623 -9.22685059618 2022.97489364 -2761.28647733 -1973.01598897 3345.82066862 -2493.70189471 560.796823414 3365.48034739 -4300.56054162 -61.6833481226 4492.47264028 -4734.88204994 97.9239273705 4523.94905878 -1578.52441218 14.0456897272 4946.06514989 -4124.42529722 -739.096050345 3924.42773041 -3890.35514254 752.320662042 4256.28946255 -1966.64617225 -588.25567518 4027.91845389 -4637.48295207 869.654093922 1694.48296484 -4423.29159141 131.73791772 4671.44256601 -5132.5798437 456.067704749 3760.3977401 -4218.91096964 168.128830409 2190.08730282 -4012.1383945 232.577907841 4523.54100037 -6162.60153256 -2846.98139716 -1025.00185583 -4646.11961672 -319.927368683 3802.05766736 -6977.64320169 -4498.85607844 -390.789547218 -5738.14207677 479.124775318 3171.46013312 -3097.75327875 -296.668491752 2794.78918468 -4182.98868908 1186.75816142 4628.61719467 -3894.59030997 470.590516555 4997.92027803 -4536.33505263 -471.164096586 4404.39813299 -3388.18938127 328.372106985 2206.54748168 -1465.84621066 -197.062712776 2369.8622125 -5980.95845398 116.425032291 4099.28480885 -2100.02105695 1687.74878111 2707.46749685 -1296.63685844 687.849814609 4281.2479967 -5219.03788172 -416.265789013 3837.16356709 -2870.94277666 63.6466212155 2028.38598495 -529.597535286 453.675290221 1970.64135718 -3879.11859482 472.919871577 5194.05871437 -3538.83565288 2160.6327029 5751.47951037 -949.151386007 2822.36317421 3447.32362347 -4605.06384966 -930.382955311 3910.03892085 -895.806600219 3716.68090212 5272.59023236 -4362.14915709 704.050453319 4476.24755285 -5125.82509753 -303.798044774 3872.89964635 -3843.96467914 -789.273058614 3690.75079803 -4680.45937805 514.788237815 2000.85550396 -982.403134739 1202.76476578 7124.04059798 -5072.45372043 -133.678802271 4032.14669437 -3912.78375958 -237.278460164 4692.31367652 -3017.72794553 -752.369939357 4706.24079884 -3894.50934089 460.712698499 4630.68263834 -4613.3261445 -190.773654137 4351.96584968 -4946.75253533 -1333.90674792 3394.12152773 -4597.55707032 81.8980907672 4025.29115728 -3675.67632741 -147.148675977 1664.70595914 -6192.07624582 -4117.23399722 1897.24158181 -2199.17136413 84.5892774165 4317.4299859 -3929.61923693 565.277584436 4152.82673588 -4149.21810311 -957.459185845 4524.39687079 -3233.93481444 -361.647215559 5026.43216293 -2095.92323569 -728.92644952 3872.90225822 -4590.90403527 473.40279622 4709.14096789 -2765.51372736 234.822656922 6032.70971064 -2375.94255939 125.650665879 2577.64933515 -2759.49897135 -35.0290252897 2366.1996219 -3967.9598095 985.77303356 5762.78202159 -2968.27596342 192.445609747 2516.49422187 -2240.40477132 -25.7475675548 1820.02693501 -4690.57731389 465.37562339 5056.37221346 -1597.6188476 -528.498196887 4352.30420998 -4211.26015361 0.799765926394 4476.78040863 -4215.22929353 258.094614724 4633.18704912 -24.4012860991 3251.42141571 6155.27296805 -4115.51546644 -49.7336818328 4149.30804587 -4766.09103883 260.76035514 1362.54807575 -3837.97398117 -1293.59452653 3663.22423898 -5504.95380454 -697.444462131 4287.15853854 -4810.07618403 -290.315299762 4118.93340147 -4104.32105335 64.5066153171 4164.8677993 -1827.28473611 40.7486445597 1963.11355131 -1588.55881817 1323.76081662 3053.15420242 -4001.2617503 919.257804888 3195.74250557 -2714.89097549 256.211059624 4921.54039101 -4677.45717068 63.6496258591 4355.72241297 -5616.14924074 593.995118956 3978.44944664 -5524.84892164 -869.974477139 4415.06305467 -2070.99524769 -563.914583538 1988.60502952 -3262.19382476 1097.44760732 5504.96741617 -4023.70378035 1280.80223948 5644.50674319 -3879.90918116 377.626400362 5327.73276675 -5318.10549755 -660.248620631 4377.30339724 -3794.64583812 -300.955912835 1829.78635487 -4364.28367986 283.09520775 4749.41994601 -4332.312874 -1052.74248445 4568.50266621 -1669.54983377 539.541245004 2474.62903918 -2473.24968118 1669.1164717 1997.10644593 -5000.27971112 -1233.56261886 4916.50331946 -4310.91783183 148.068025307 4618.57839226 -4019.8117049 79.9918947461 4286.45135406 -4696.78956501 -57.1433180112 4609.13608604 -4326.98492808 420.06169013 5238.51190071 -3740.36377968 163.679360126 4285.96164677 -2983.97473206 -136.181060839 1776.75717129 -767.434645026 891.312890934 6048.15272135 -4752.44452824 -1156.57816514 3396.87929116 -5679.57710519 211.037359542 4301.33961017 -2088.37183637 -965.352993892 3949.71562072 -4796.33032372 -423.081361154 3418.34450958 -4715.72597851 124.478309424 3701.76898818 -4744.90886952 48.4023449242 4232.80695762 -5284.12582784 -179.686131097 4600.84467958 -4501.22368335 592.559076196 4611.9607971 -3454.82835651 -904.770996791 963.891344069 -3882.7456904 736.471376164 4902.82779005 -5192.56603039 127.53078006 4544.78536261 -5709.45916682 -843.31476161 3927.055722 -4530.61106605 757.166982131 4721.73806907 -3214.89387419 -974.545936691 3753.02520585 -4284.39067926 -774.901685509 5140.29044101 -4252.89359846 595.804947736 4054.19082734 -3914.36429581 -149.878856281 4562.13750762 -4508.78588506 -89.4286421259 4048.54643943 -5010.8364228 79.8548977947 4789.118399 -3899.9431275 -986.403249469 4782.6338122 -4617.58700406 61.4395777927 3885.80441506 -4792.61055932 -347.258295802 3691.31216016 -4829.5639486 -32.8042043915 3837.47064788 -2194.23398773 137.019101141 4078.47684047 -1813.80078439 11.0251371086 1850.55124142 -3650.34860603 668.183569764 4478.34295906 -3800.85235073 615.211906873 4944.0770744 -5664.84877521 -407.050741351 4762.68409798 -3954.5359427 -427.909304458 3144.87919067 -1102.73419093 3878.10698629 5612.72833785 -2963.72259889 860.47532813 4577.6087056 -3874.43282546 806.811479908 5969.81381116 -3717.04792015 -711.704343142 4566.57927947 -5556.94693255 873.425976516 4313.76046796 -4005.99267672 97.5144724975 4331.04091838 -4739.55269182 -306.155085087 5320.38644288 -5498.61599479 -671.526671146 4164.53359282 -3494.94554057 306.249781009 4461.67721619 -6055.79684662 113.061327805 3145.48022668 -4430.82694394 -1372.38835062 1172.19830692 -4740.294893 -1126.22544884 4075.58080265 -4525.27948923 788.758808687 4616.02091107 -4044.39146276 172.976272669 4175.59085358 -3876.2276829 -720.407740985 4068.68798621 -1496.84659146 28.6101049415 599.261285057 -5091.8992534 -245.93471014 4439.51406424 -4063.91584127 -135.211293451 4383.3013 -4375.85272989 821.527790106 5794.92881853 -3778.68537451 266.902514167 3953.47267506 -2504.61575997 614.935843849 2604.79934 -4296.36223341 317.183292352 3815.99318481 -4141.59881541 488.333991809 4557.05193993 -4258.57891011 2095.27698043 2781.89243325 -4684.26542817 277.135015485 5387.95645884 -809.027182551 513.785590496 4990.18404117 -4581.59037215 244.541872784 4223.25968433 -4170.33577306 1131.06430936 3178.70678831 -4107.46470956 6.66690511379 5015.03988432 -4163.02873953 -211.999279584 4017.681218 -4378.16717456 311.432889221 4917.78514381 -4862.86842886 397.818074439 5005.29006777 -4007.71209128 24.5776536821 4729.99380222 -2151.06271805 -77.6849228348 1892.11297527 -4980.10651028 -581.019903355 4803.36417681 -3377.4223933 -662.337717781 4194.51255127 -3240.76340978 -183.438172861 2514.52558917 -3382.91865894 440.044201901 3666.70485975 -4992.77608209 -1516.22356246 3856.41625939 -4138.33666595 1279.67211683 4683.51819229 -3956.7108255 54.1189465005 4137.10731383 -3443.62585395 1478.53646084 3147.99500031 -4499.96564298 797.606986931 4139.3048598 -4416.06063266 -429.749748753 4291.60236962 -4130.35106129 -828.047485515 4228.1549242 -4693.07075771 -983.727468565 4264.6747812 -6065.20583322 -1087.12324515 2985.90612775 -1555.71862025 -867.925342917 2423.30640619 -4433.1361456 14.6017551559 4022.35465092 -3762.04672331 -777.245842244 4878.94953514 -3007.6286738 -2026.20622654 2153.98451574 -5026.92627337 514.381038371 3701.182358 -5252.70254262 -1970.49756761 4099.42188117 -2929.54783466 1818.37676509 5187.9976206 -3448.28037992 296.636592862 6183.77088278 -3588.36188941 -232.534241828 5180.36126748 -4352.50839062 1186.61896995 5563.58588326 -1313.71559452 2021.66847616 4301.86479249 -4033.55269052 -1448.43565326 1123.40590702 -4623.47470676 -451.566466225 3682.52320478 -5513.21741781 -602.667868941 4518.75286078 -1813.80078439 11.0251371086 1850.55124142 -6187.82924467 -277.444486124 3791.49810402 -3674.44031434 -549.688986591 5593.64579621 -3423.24116985 32.087960407 3437.26747501 -3434.16754272 334.708376641 3702.72562131 -2151.06271805 -77.6849228348 1892.11297527 -4434.64407936 49.6622499902 4097.88999419 -3927.81666747 -746.577609024 3840.55280711 -4818.06047714 336.769058847 4758.5407485 -3690.34862512 62.3928530742 4881.46666487 -4096.21808226 532.882952754 4414.80568377 -671.15979979 2230.6675459 2839.29205784 -4514.36754244 -1066.08055691 4520.46871207 -3692.28446922 4.68704253606 3707.90794434 -3642.64313617 32.2346488087 3750.09196554 -4989.5061582 -670.761308188 3907.79735749 -4708.32958062 -53.088551067 3602.73204721 -178.278646379 -55.1919141517 -5.6944007934 -3385.074457 318.963327381 4599.98764529 -4971.95073097 219.384546116 3572.22031793 -4794.63217224 549.137147308 5497.4590566 -3443.59144014 -238.862082919 3955.12151838 -4816.90194098 -416.568360734 5244.89345233 -4345.74946371 1400.21574156 4710.52309215 -3850.71966501 600.44900907 4698.1982325 -3400.29581007 1214.94563068 4951.87044603 -5840.54324238 -1083.24939811 5107.38039946 -4103.6790966 -156.841871011 4616.96322294 -4101.48867977 3.13154274406 4111.92715558 -5473.02320589 -1455.40601572 3698.0323174 -3803.21721208 758.713936907 5153.33465444 -3663.83403539 2077.08594825 4543.16709409 -1048.57775287 78.4738972584 1047.65061933 -4587.73066177 175.687066283 4548.82824075 -2782.2025325 -267.368307718 5216.5315097 -5608.84997225 -1612.24585393 3951.51701619 -4576.96532643 -219.241714676 3761.69328593 -2841.69795666 -282.014896517 2519.93874579 -3927.52870701 434.499305873 4308.14500909 -3441.06216913 -395.827728326 5139.28208923 -5049.58697633 -2824.77900411 3257.07517646 -3745.0101795 819.95029035 4378.19944639 -5003.71211085 -695.840314932 2986.041224 -4684.84895903 -173.472919307 4775.97260168 -4827.63101517 246.912819385 4539.11115219 -5294.54057363 245.479665749 4942.50941182 -4994.1113893 -1982.22403465 4018.52539268 -4620.89022476 953.350982996 3914.41478959 -3440.72500493 1468.67917057 5353.51886334 -3558.16206761 391.438313015 5473.5412035 -5564.95903237 -1975.19972122 3146.00195785 -2591.17847762 -161.050448567 2251.59865233 -3692.28446922 4.68704253606 3707.90794434 -4400.14203083 538.92265142 3905.22809451 -5271.59484211 -995.030883544 3998.35099797 -5309.33572475 -857.079228846 4348.78028043 -4633.22985928 -1373.93497792 3072.85849399 -4791.46334146 446.490131515 4078.73006678 -178.278646379 -55.1919141517 -5.6944007934 -3726.07110428 1213.1458698 4116.59222189 -1813.80078439 11.0251371086 1850.55124142 -5209.16680409 -1695.40773115 3924.05783524 -3510.96761726 2188.61494986 4476.49042264 -4170.00414132 -702.169868704 3331.27742412 -5397.29825407 -2641.48972113 3550.93919224 -5119.06163667 -622.398899373 4438.41704894 -4520.59195954 -222.275958219 4849.24426055 -3649.49846407 -53.1796001446 3093.35188827 -4202.47324869 -61.1580649718 4555.2515408 -5312.32679763 305.2988673 4311.50082094 -4708.52977453 -775.398603991 4076.07909424 -4522.74605215 -289.494695237 5114.8176014 -2053.7310623 -9.22685059618 2022.97489364 -2151.06271805 -77.6849228348 1892.11297527 -2053.7310623 -9.22685059618 2022.97489364 -4103.95718145 -119.808559856 4892.00187372 -5755.18423369 -1901.62505598 3498.85778832 -5105.17931725 -844.372049977 4018.92826397 -5438.80461615 -585.140369878 4816.28380011 -5871.49558021 -2469.17094871 2754.08993902 -4602.86206435 327.60965198 4909.20406741 -3729.93511424 -669.427552484 5108.70942222 -4701.04005135 382.476000536 1809.59136929 -5156.28450095 -1676.53183138 4278.32784602 -1961.25985785 394.576696077 2320.67442064 -4640.44139012 793.434749746 3672.31669531 -4312.06022018 470.75547165 5255.58543755 -4217.15387369 -1195.26579997 4531.02182057 -5478.03246676 -2719.15500539 3119.37178288 -4100.18011143 172.785547667 4293.50855814 -5273.83823075 -732.455459059 3907.80012562 -3352.13477974 111.093759773 5061.94608269 -4823.25440734 -566.205637414 4909.69448941 -2563.69142939 -340.087830475 2259.44326782 -4981.70715622 -1791.19245209 3645.08700681 -4708.62886634 964.773073255 4368.93847291 -4688.22651552 1047.81309853 5471.42634151 -3966.0724322 -736.137731647 4373.49594531 -4489.32013058 747.708651877 4896.57331963 -5485.57798933 331.161043499 4208.91317381 -3128.25949938 62.2749826387 4616.22119469 -4901.08114514 -928.704649775 4956.97190811 -6073.22504492 -585.221585767 4438.34049627 -4014.46711234 409.316819035 4895.26555304 -5613.05943166 390.335992639 3714.17916823 -5706.0366783 -864.395832435 4185.5767882 -4708.86905818 -1949.26577987 3219.36178454 -3797.2894768 7.49443978508 5718.78168814 -4210.01108868 1328.33029048 4837.46277097 -5348.48094038 -1794.64641751 3604.15213512 -4081.91680159 -715.595635563 4221.81542468 -178.278646379 -55.1919141517 -5.6944007934 -5735.0225824 -7.91581870242 4125.80417138 -3990.56599184 1077.08211643 4593.07822424 -4713.77865001 581.110418408 4456.48106397 -3791.97533491 495.767252241 3322.78899054 -3889.40742855 386.049431423 4791.56265862 -5001.41268748 18.983815695 5336.95376763 -3263.5847422 589.086246115 4067.3272873 -4176.03192169 697.833954544 4184.50486757 -4824.17279807 -627.871955031 4785.66367077 -3032.89173885 2602.36493548 5949.99937019 -1417.77724717 -366.741283773 578.187664893 -3894.09459287 1371.83387 4716.98251233 -4250.85838704 -147.287266162 4928.34600851 -4900.35726984 158.073416437 5071.76343537 -4498.42456221 -684.504866084 4408.4531876 -5220.91911783 -699.892488237 4916.04819294 -4234.68761794 -177.878440495 4856.08873979 -4344.24514499 -53.0827262096 5511.31738635 -4873.4484363 -524.716820367 4511.33400077 -4660.30093495 -143.431363496 4747.68246919 -4213.20755684 -66.868882525 3990.31128176 -5019.61542897 -2076.63497154 3323.7865745 -6006.74962495 241.934463866 4684.93171805 -2672.38321731 -505.686342072 1624.05431343 -4436.35064542 -251.890400704 4645.2423818 -4476.36411108 648.984083221 3941.04857087 -4754.35994969 459.561386977 4659.90707618 -4187.19178492 1541.4153077 5322.11521103 -3546.78973578 2358.27139519 5597.05397592 -4019.8117049 79.9918947461 4286.45135406 -5007.57359812 170.698981016 5083.43725086 -4476.39622782 551.117443083 5050.23346526 -1834.23017775 231.491785025 2915.10834013 -3775.03016401 107.255603637 4132.5488428 -4416.51173213 -617.79789416 5071.57379071 -4075.68430471 -280.803016384 4453.36758867 -4575.00469871 -1047.28491003 4353.95128443 -3941.20620569 -459.373193872 4410.43817302 -2391.67235833 -478.161623258 1970.34523699 -4001.07973679 848.268007581 4700.01305696 -4101.48867977 3.13154274406 4111.92715558 -2087.87272347 -165.896242848 2625.39974399 -4067.49848285 1940.14377357 4387.71172699 -3692.28446922 4.68704253606 3707.90794434 -3503.11002273 -1275.30102672 927.968490539 -4412.34010558 -155.928659236 3892.57790813 -4455.29372231 382.563860714 4539.63280621 -3956.7108255 54.1189465005 4137.10731383 -4703.24063056 -314.079908149 4035.76566068 -4671.67716471 532.099119596 5048.80480943 -6887.15085081 -3562.70845926 2350.72669968 -4428.58741374 -254.455259778 4805.4023174 -2695.56406623 2034.28193092 5299.46547782 -4019.8117049 79.9918947461 4286.45135406 -3949.11195679 73.2994096302 4193.44332222 -5807.66342885 -2357.48180307 3417.35217525 -3988.68577551 65.791673101 4207.99135252 -4111.86598605 -3.93487699569 4098.74972939 -4102.07310863 181.569599411 4736.93547032 -4111.86598605 -3.93487699569 4098.74972939 -4503.02775461 88.598593939 4596.16499304 -4880.17756559 958.163943756 4087.47455238 -4412.34010558 -155.928659236 3892.57790813 -4378.20896748 831.02162479 4732.93081934 -4005.99267672 97.5144724975 4331.04091838 -2164.21071908 3459.57885263 6943.69398253 -3867.56196704 39.6296424674 3999.66077526 -4130.38387373 -99.2096978406 3799.68488093 -3625.6853967 188.914052274 4255.39890428 -4353.40684089 841.085381772 4679.19444675 -4755.99952184 114.727890637 4383.89029853 -4923.96284237 -1706.45942809 3943.19265587 -3456.38178342 1366.71727334 4908.7382015 -3775.03016401 107.255603637 4132.5488428 -4186.89523989 68.6561559221 4415.74909296 -3992.82666155 1284.10473257 5370.91465772 -5062.45228894 -1797.06122051 3495.67556898 -3377.60478681 -464.945744169 2069.31174285 -1748.01473835 668.812772916 2914.51662502 -1128.43152245 -711.329087355 2739.7218255 -4136.43671116 -1553.64697317 1460.55438538 -3799.99493529 330.69367198 3893.8663586 -2867.74043966 417.170817778 3213.93799343 -4073.02593051 -170.138449576 3189.57365919 -2178.99462608 -124.383003877 1363.43674142 -1016.13801123 324.985492599 1024.05468295 -2695.09271627 -1146.91525701 2192.24679099 -1633.35078193 869.481036521 3204.54034929 -4209.43253994 -40.7026021965 1394.49787549 -4340.39146173 82.4686733997 4064.75436018 -5164.74043307 -2236.36009741 3291.08501647 -3949.11195679 73.2994096302 4193.44332222 -2630.05403828 -861.860824406 1252.9587033 -2667.46583917 -1571.50258967 1144.5735696 -3292.33687573 -1256.55994998 2480.50343819 -2758.67884229 36.7449446869 3459.90459938 -4525.51352761 -1322.58926456 1117.31050593 -2583.58186447 -1084.07117335 941.14913791 -4521.7997941 -967.230812436 5111.92891436 -668.855069912 1566.95110437 4844.60484764 -1824.57119388 484.328102113 3676.68539738 -2453.80894504 17.9658414203 2906.22456227 -4651.55863407 63.2930180555 3994.20720408 -5444.73852973 262.299746984 3475.44486798 -1891.12804357 -32.339294871 4040.69927565 -4290.21099289 77.1238606679 4183.59641315 -4708.89186385 -102.794072691 2855.04767444 -4720.1249135 -473.609893421 1547.0650798 -2562.90392107 500.969921589 3491.08379977 -3385.76049477 281.003409492 2146.72074069 -5617.22634426 -872.790292674 3030.57780648 -4117.40665518 170.918038957 4348.92165459 -5706.11859631 281.643477104 3837.73415508 -4180.09773259 -72.2445688038 4947.02495994 -3472.3769203 -463.415742075 1538.01003256 -2170.58665487 25.3963909727 2341.56934632 -3205.44718401 287.291966843 4320.6145382 -3206.52555381 -468.002988506 2591.05813204 -3883.12191007 1186.13222585 4380.58941017 -4130.38387373 -99.2096978406 3799.68488093 -2070.45253386 -658.327917899 2070.95471737 -2543.03648099 -589.085305719 1764.04817258 -3832.90205189 -12.4839988164 4283.53696439 -4172.20943728 2.25564803682 2555.67911618 -4247.22949589 -1170.16879151 2506.48531065 -2838.16212242 470.686400415 3084.2350103 -3791.77544498 -213.666683557 4494.40891648 -1965.70244777 -946.599294212 4211.02801816 -2813.73554651 -332.299860617 2932.81140984 -1432.50463103 581.525565888 3660.07080918 -3008.85482147 -1344.33449677 2684.02047783 -3191.88225776 -669.981809274 2065.50384537 -2962.70127833 3208.1667662 4627.23141578 -3571.47648909 110.188666284 3323.08509182 -4262.56044978 -938.750435343 4314.28542035 -4184.9302147 182.691593446 3827.26778346 -3867.56196704 39.6296424674 3999.66077526 -4453.11583185 -1342.69597266 3703.63621156 -2935.75658034 -33.7044481571 2851.93945109 -2824.94171549 1431.25947996 3098.78011152 -2555.3012526 442.085425322 3242.95405974 -1946.39364125 519.573750345 4023.00018666 -7121.63993585 -1662.58009583 355.896949948 -2565.77212373 806.876436179 4280.75413964</DataArray>
        <DataArray type="Float64" Name="PrincipalStrain" NumberOfComponents="3" format="ascii">-3.55775449053e-08 -3.02856532226e-10 3.80956390429e-08 -3.12804867651e-08 -1.88303434696e-09 4.65236053726e-08 -4.94266774359e-08 2.35205125785e-08 6.54876883649e-08 -3.18845421632e-08 -1.78566533517e-08 4.05012293148e-08 -3.95630872614e-08 3.17408010782e-09 3.21208677603e-08 -1.4734423487e-08 9.06790430061e-10 9.14192826389e-09 -3.57792492308e-08 -1.74262002455e-09 3.21802045022e-08 -3.86429176667e-08 7.78349807387e-09 3.38883670652e-08 -7.08107282847e-09 1.0607383953e-09 9.86493094252e-09 -4.58796180636e-08 -7.65795933069e-10 4.74584826764e-08 -2.61888992123e-08 1.39264710173e-08 4.1977963477e-08 -1.51190583212e-08 9.23026849886e-10 8.7059053083e-09 -3.99675960939e-08 -1.10009942793e-09 3.24901539786e-08 -3.42597896299e-08 -1.47268489988e-08 3.11618916571e-08 -6.38797455241e-08 1.93755339498e-08 3.85808126051e-08 -3.24986958469e-08 7.15988753182e-10 5.11602154489e-08 -3.74464092631e-08 1.0712582793e-09 1.96785019472e-08 -3.1792083912e-08 -2.4769400841e-08 2.81837983913e-08 -3.59354815948e-08 2.36296896541e-08 3.40738077263e-08 -1.25776315681e-08 3.33133420354e-09 8.87941462916e-09 -2.18465498703e-08 7.67321448878e-10 6.33087024517e-09 -2.33005215032e-08 -1.16831701008e-08 4.15958062334e-08 -4.49595009726e-08 -2.11654219274e-08 5.89718144581e-08 -3.18554710486e-08 -1.07793488059e-08 4.09915157836e-08 -5.44166559544e-08 6.43161921196e-09 3.80796863438e-08 -2.37249790668e-08 -7.80842337805e-09 4.79372167341e-08 -5.98518540634e-08 -1.95025117836e-09 5.74235534354e-08 -6.92015405163e-08 7.91781253431e-09 4.22599601138e-08 -5.19245680382e-08 -9.11647930382e-10 4.18903209564e-08 -4.14417281735e-08 -1.2966357569e-08 4.86094693598e-08 -4.48498150651e-08 6.75438349107e-09 2.73196455779e-08 -5.50056037437e-08 2.96935351982e-09 3.86370310081e-08 -5.40850291477e-08 1.07210263042e-08 4.09213177416e-08 -3.81784286496e-08 6.66510077295e-09 2.4789821425e-08 -2.95006866371e-08 -4.17714335963e-09 4.37653728737e-08 -5.94583976639e-08 -1.21591764677e-08 6.97329103077e-08 -4.57785448253e-08 4.06790029678e-09 1.9953807332e-08 -3.63747535146e-08 -5.4472723434e-09 4.9916726975e-08 -2.7994263858e-08 0 2.77326699831e-08 -2.84267696469e-08 8.50281910198e-10 3.94705673829e-08 -4.03297660209e-08 -6.07787396934e-09 8.07782826647e-08 -1.56471992858e-08 9.23688146486e-10 1.78303177078e-08 -5.78094977505e-08 3.83871390832e-09 4.73685751033e-08 -4.73247280048e-08 4.77754823952e-09 4.21076082368e-08 -5.88120411398e-08 -1.12522046083e-09 5.7887170503e-08 -5.4942710275e-08 1.12246203647e-09 3.86891971305e-08 -3.145549018e-08 -6.03969503089e-10 2.11731073008e-08 -4.49113853983e-08 -8.44441685312e-09 7.07459826164e-08 -5.16377121491e-08 9.08487966497e-09 3.79862948439e-08 -6.67271512867e-08 2.61653699712e-10 6.66712274324e-08 -6.45052794647e-08 7.6458383255e-10 5.22171050887e-08 -3.54697890368e-08 -8.49025064006e-09 2.77065003787e-08 -4.06845658935e-08 -5.35539917369e-09 4.59074700459e-08 -3.50070873139e-08 -2.35821766333e-09 4.25244364045e-08 -2.37345899984e-08 -5.36790687492e-09 4.87369240269e-08 -8.27614631162e-08 -9.27282741772e-09 3.12338389775e-08 -3.72943429001e-08 1.83502221201e-09 3.52532571827e-08 -3.02706974679e-08 -6.06238114101e-09 3.42801586203e-08 -1.43406750638e-08 -9.00365908405e-10 4.16903257078e-08 -3.32979320328e-08 2.44347378024e-09 3.7453332511e-08 -5.98445003572e-08 1.06344670802e-08 3.2744925324e-08 -2.39092854449e-08 -1.73161061976e-08 3.74465932439e-08 -4.48441580401e-08 -9.81996263994e-09 5.79626496548e-08 -5.44621354476e-08 -2.43727918128e-09 5.67442930621e-08 -6.10581317272e-08 -1.22688724079e-09 5.67855539145e-08 -3.59592026975e-08 -3.05720658747e-08 3.87888747029e-08 -5.55036239e-08 -1.47250777739e-09 5.63280618867e-08 -2.50329922817e-08 -1.89115404529e-09 4.28147165454e-08 -4.07708533245e-08 -9.73236029898e-09 4.08227401397e-08 -3.91045911482e-08 9.98425520712e-09 3.32813375256e-08 -4.41155209877e-08 7.32193228286e-11 4.00045595601e-08 -3.2163985928e-08 2.14937826221e-08 4.59131916402e-08 -7.31470206977e-09 5.37333199175e-09 2.05396962322e-08 -3.96881557684e-08 -7.24036665428e-09 5.69535258068e-08 -4.13793171513e-08 -7.28090910339e-09 3.10542607894e-08 -3.85003747393e-08 -1.00325736691e-08 2.56219049212e-08 -3.40800792342e-08 2.08455063864e-08 5.49175750066e-08 -3.86071972321e-08 2.85861145296e-09 3.61154051366e-08 -2.34719320647e-08 6.93022550131e-10 5.57109275344e-08 -4.21272152258e-08 -4.28253231649e-09 4.60916565862e-08 -6.87547682854e-08 2.59131085997e-09 6.17463233912e-08 -4.06732936431e-08 -6.2720724593e-09 4.93745475468e-08 -4.23513116802e-08 8.10795279355e-09 3.27616132584e-08 -5.59491694776e-08 -1.61416995537e-08 6.34976257562e-08 -5.11944230488e-08 6.82175590229e-09 3.85548340457e-08 -6.06713210394e-08 -1.26342781797e-09 7.10777869616e-08 -2.71147543938e-08 1.26746479212e-10 2.77687908897e-08 -1.44355100858e-08 -6.67224710053e-10 3.44444656206e-08 -1.19203394869e-07 -2.30611245855e-08 3.85898549901e-08 -5.72588196012e-08 2.76040668404e-09 5.47894002271e-08 -3.84068694967e-08 1.47930291326e-11 3.26920848346e-08 -3.1753125434e-08 2.31670116333e-08 8.12762346339e-08 -6.5296064734e-08 1.03984475577e-08 6.99024208158e-08 -3.82136890689e-08 -6.25353275558e-09 4.27333345513e-08 -5.76577206015e-08 1.48743210685e-08 5.51781547739e-08 -7.91024654514e-08 -1.97776638612e-09 7.60538104769e-08 -4.8058960163e-08 -5.24703556162e-09 3.47822529936e-08 -2.7701619211e-08 -6.99006456906e-10 1.61130601148e-08 -3.43416652861e-08 -2.36975650432e-09 2.84668722607e-08 -3.57002929129e-08 -7.76152643142e-09 4.25392422207e-08 -1.07767393337e-08 -2.32846614546e-09 1.39951742017e-08 -5.50612356593e-08 1.71252529731e-08 3.2093310329e-08 -6.58810061898e-08 4.67776050278e-10 6.66409109259e-08 -3.25151352073e-08 1.88873062113e-09 3.05681782185e-08 -4.08307252067e-08 2.05295142174e-08 3.61758100847e-08 -4.61791745042e-08 1.84783132527e-08 2.77518769187e-08 -2.59406869379e-08 1.54385255817e-09 3.0131433868e-08 -2.83826373649e-08 -8.84325786328e-09 3.73180946942e-08 -2.97885148289e-08 -7.0988100617e-09 5.93189680632e-08 -2.82205092914e-08 2.16797382555e-09 2.71944901574e-08 -1.94933654719e-08 3.80138821257e-10 2.1808798689e-08 -5.66213651214e-08 -3.31037013101e-09 3.51544621453e-08 -6.64042153713e-08 8.79619792146e-09 6.63654827663e-08 -6.9663978147e-08 1.388286079e-08 3.98994876978e-08 -4.12803454366e-08 1.80220741258e-08 2.95581866661e-08 -5.96176019123e-08 2.38241655246e-09 4.99985184934e-08 -2.54732350805e-08 -9.56185666903e-09 5.42720886564e-08 -7.74348707438e-08 8.27256743483e-09 4.84550585385e-08 -5.97906205278e-08 1.23217736541e-08 3.70366814881e-08 -5.18083905115e-08 -1.73181353026e-10 4.55693523519e-08 -4.128502957e-08 -2.84104171068e-09 3.4630047927e-08 -3.57269587199e-08 5.06883142777e-09 2.95660952063e-08 -5.49891839087e-08 -4.35868036855e-09 6.93575454354e-08 -6.10148529303e-08 9.44433002783e-10 6.43952211714e-08 -3.98379163227e-08 -2.22391557238e-08 4.74889646599e-08 -3.8806308495e-08 2.5789052763e-08 1.15760866886e-07 -3.17784625386e-08 -6.449541273e-09 3.56732478518e-08 -3.96987541081e-08 -1.91399546967e-08 5.01522454949e-08 -3.13818551329e-08 -7.68422524222e-09 2.87021087946e-08 -7.07794561039e-08 2.23811898364e-09 6.44681318381e-08 -7.36104896291e-08 1.66403779855e-09 6.00342764603e-08 -3.36923891723e-08 0 3.20092158442e-08 -3.46769974726e-08 0 3.58333384748e-08 -6.19804748582e-08 3.8943784129e-09 5.84229695019e-08 -6.77485892245e-08 7.91579974862e-10 6.46184923776e-08 -2.92409149395e-08 -4.47615823336e-09 5.16827286219e-08 -4.54665139937e-08 -9.18889285511e-09 5.00119618614e-08 -4.21704125268e-08 7.61869266559e-09 3.07704248777e-08 -6.88815079537e-08 3.57441634545e-09 6.18262374702e-08 -5.03406103835e-08 1.94017368644e-08 3.06557262486e-08 -4.49290566664e-08 3.54602348767e-10 4.09848142467e-08 -6.75564729326e-08 7.28981555822e-09 4.72299661795e-08 -6.85862187311e-08 -6.52656000807e-10 6.46038921131e-08 -6.61049124663e-08 1.27317881997e-09 6.71892394552e-08 -2.23787678676e-08 -1.07279377275e-08 2.8300370655e-08 -5.10691288825e-08 6.65385134454e-09 2.9761759104e-08 -3.86108483383e-08 5.15521895065e-09 3.89099819451e-08 -4.03311255592e-08 1.07010998649e-08 4.10173622755e-08 -8.87099213421e-08 3.12882697329e-09 4.61130916171e-08 -3.22409655991e-08 -5.05430268528e-09 3.782420019e-08 -4.21902105664e-08 -2.70947841712e-09 2.85255577756e-08 -3.7708966593e-08 3.9011533549e-09 2.84990921437e-08 -1.1360286733e-08 -1.8518492e-10 1.79058655924e-08 -6.98859821053e-08 8.14195764555e-09 6.28845020837e-08 -3.29035829776e-08 5.15620009285e-09 2.80452424282e-08 -6.89276125336e-08 4.40937727619e-10 6.54907912826e-08 -4.09219826734e-08 -2.65404758059e-09 5.85401623321e-08 -6.0799633831e-08 1.05280184111e-08 3.94438434188e-08 -5.49965132895e-08 -7.11249434082e-09 7.01495417084e-08 -3.62496361012e-08 3.84607308668e-09 2.54287023692e-08 -4.37019751858e-08 7.10360572974e-09 3.40685361262e-08 -6.60808708447e-08 -1.17437751631e-08 9.10633714407e-08 -6.76132591435e-08 7.21840048774e-09 6.33562605807e-08 -3.8094940787e-08 -6.17049025385e-09 4.83007933047e-08 -5.29088724742e-08 2.18251071409e-09 3.84012382166e-08 -4.26716894125e-08 2.45847627069e-09 4.25124539284e-08 -3.67581878109e-08 6.11369775179e-09 2.47321917627e-08 -4.60408775572e-08 -3.55279728709e-09 6.12428460432e-08 -9.77765058707e-08 -5.8899801898e-09 2.63810879927e-08 -4.79903793416e-08 -2.21141577448e-08 3.41801548321e-08 -5.47264258331e-08 1.1540380544e-08 3.3874815764e-08 -2.39306163056e-08 6.96843480089e-10 4.7211131677e-08 -4.07195433086e-08 -2.34010263286e-08 4.40521693526e-08 -3.20990557356e-08 -7.74405360312e-09 2.3753538879e-08 -2.96534212244e-08 0 2.98922991951e-08 -7.80250813471e-08 4.44626932138e-09 7.47954022554e-08 -4.01767595302e-08 -1.04662451661e-08 3.48059058419e-08 -3.57642403905e-08 5.52758791451e-09 4.6949787437e-08 -6.00244814275e-08 1.05665362218e-10 5.59555888576e-08 -5.51754881995e-08 6.4146759078e-09 4.32774227958e-08 -5.68786326452e-08 -1.16740744508e-08 6.55996055971e-08 -3.36435451527e-08 -1.17225918449e-08 5.33472733777e-08 -3.22355484435e-08 -9.73819453681e-09 6.32023899991e-08 -6.73716879964e-08 -7.28373305995e-09 7.29023113173e-08 -4.01797940842e-08 1.01266681745e-08 3.82964330662e-08 -2.68745175266e-08 -2.39984414124e-09 4.14740890907e-08 -4.45324971472e-08 -1.44605824189e-08 6.52902996875e-08 -5.69419794305e-08 1.1432151906e-08 3.8372613309e-08 -4.92488621228e-08 -7.70392033494e-09 6.5084977392e-08 -3.15061402198e-08 9.72527793012e-09 3.30779539597e-08 -3.31335076517e-08 -1.34261593579e-08 4.84049351318e-08 -4.89780501548e-08 1.80750682716e-08 5.14966657608e-08 -2.51438981311e-08 8.52738175911e-10 3.99877195955e-08 -5.53075930122e-08 -3.57697593743e-09 6.84034199582e-08 -6.22304910243e-08 -2.89483769949e-08 6.6085793082e-08 -4.1462057648e-08 -1.65362937103e-09 4.63838835332e-08 -6.035988442e-08 -8.1851484484e-09 7.59322808286e-08 -5.46553157726e-08 -7.53294911044e-09 6.62623658931e-08 -2.25359944004e-08 2.85948537454e-09 3.58492563251e-08 -3.94421105218e-08 1.58917696448e-09 4.31660903326e-08 -5.22446374511e-08 4.50341861588e-09 2.81047979683e-08 -4.47561366596e-08 -2.16478447324e-10 6.50898189921e-08 -3.08509081406e-08 -5.83736596852e-09 3.59002258748e-08 -3.46684797585e-08 5.6270287333e-10 3.29799077489e-08 -4.7864570767e-08 2.60119435424e-09 2.92151980403e-08 -6.85757916615e-08 2.45308028286e-09 7.00184009016e-08 -4.08711038242e-08 -1.77053132581e-09 5.06043173207e-08 -2.89037905282e-08 -7.7234538988e-09 4.77156215365e-08 -3.85593565938e-08 -2.87131963226e-09 5.06357092587e-08 -7.19919640722e-08 2.37163199206e-09 6.68231163275e-08 -3.91737807955e-08 7.08622326201e-09 3.66337533675e-08 -2.69173768289e-08 1.22418381662e-09 9.53210592173e-09 -5.13606276699e-08 -1.11440443627e-08 8.36223658079e-08 -4.23238290741e-08 8.12333148473e-10 4.61049985253e-08 -3.93353666272e-08 5.31297615063e-09 3.80421156159e-08 -4.56173621193e-08 -2.17442729512e-09 3.13966358562e-08 -5.61773219199e-08 6.06785935571e-09 3.24374094611e-08 -5.50135474505e-08 1.00564024105e-08 3.39674143269e-08 -4.13390921795e-08 5.65983009309e-09 5.60018886057e-08 -3.6373372448e-08 8.39574157316e-09 4.69487459185e-08 -6.33781262519e-08 1.22214593689e-08 5.41221255632e-08 -3.90045738741e-08 9.08798799789e-09 4.71390239447e-08 -3.80539089226e-08 -7.82618753289e-09 6.07711460519e-08 -5.68355133185e-08 -2.97794587464e-08 5.6767417253e-08 -6.74659341103e-08 1.94570541119e-08 3.95857870597e-08 -4.72194741778e-08 1.39341103605e-08 3.21546738584e-08 -2.71397573708e-08 3.61155776305e-10 2.85089109617e-08 -2.70117662172e-08 4.67273974637e-09 2.79943045553e-08 -3.66199676716e-08 -3.27615424054e-08 4.24576383839e-08 -7.39011949406e-08 4.52362469594e-09 7.43049343211e-08 -5.53546357176e-08 1.1813375036e-09 5.64902574342e-08 -6.45966766965e-08 1.7949454875e-08 3.89959337828e-08 -2.5609641652e-08 1.74181962412e-09 4.55354715359e-08 -4.56209982039e-08 -9.55203382567e-09 2.82353551912e-08 -6.40914868868e-08 2.91876928825e-09 6.80397045424e-08 -2.63928464992e-08 2.31279653649e-08 2.65359050345e-08 -5.93741397485e-08 -1.82851310104e-09 5.74536220846e-08 -2.95077350252e-08 1.66098716964e-08 7.07365281394e-08 -4.07506617572e-08 7.50910651031e-10 3.22384688822e-08 -5.56487010053e-08 -4.38733184893e-09 6.44552258292e-08 -5.51386601678e-08 -2.79305033263e-09 6.25214625711e-08 -3.3220167794e-08 4.46789819885e-09 2.686925894e-08 -4.09034210867e-08 2.91630356966e-09 3.97999251549e-08 -2.7994263858e-08 0 2.77326699831e-08 -2.61996654076e-08 -5.56054397867e-10 2.86889527825e-08 -1.4712026268e-08 -1.07967887528e-08 2.11643209759e-08 -1.74786080961e-08 -1.02046866386e-08 3.32953697058e-08 -3.59047600982e-08 -9.79295380326e-09 6.10136224948e-08 -2.85689053348e-08 -6.07100553016e-09 4.64544916478e-08 -7.57274664274e-08 5.07829955396e-09 3.72666220078e-08 -5.12974822144e-08 3.49136907086e-09 2.6680646417e-08 -2.78688114005e-08 -1.16250551336e-08 4.08659605108e-08 -5.88881368546e-08 -5.96115292023e-09 7.55150843895e-08 -1.93267359813e-08 6.94668771133e-10 2.46792476036e-08 -4.56412113713e-08 1.22032274772e-08 3.1903942978e-08 -4.13983681218e-08 1.81514431896e-09 4.27404850053e-08 -2.97293901234e-08 -1.48640637422e-09 4.91172322176e-08 -7.01662235773e-08 1.28142021361e-08 5.63364003484e-08 -3.9266655907e-08 -1.02465293215e-09 5.34971472122e-08 -4.5302531915e-08 2.06355714433e-09 3.40343306273e-08 -7.38139965768e-08 -1.50209561967e-08 2.43358624749e-08 -2.91679700744e-08 -2.72664803711e-10 4.63247921099e-08 -4.46824657603e-08 3.01003463185e-09 3.64433033637e-08 -3.22835830162e-08 3.55266573684e-09 4.31420048149e-08 -6.40335038085e-08 3.22421309762e-09 7.31087860106e-08 -4.8566283698e-08 -1.72205534152e-08 3.64084067355e-08 -8.74340373169e-08 -3.19297179938e-09 4.2603213792e-08 -7.22148669597e-08 2.54311562223e-09 6.38459700322e-08 -2.87512993381e-08 -1.16407536301e-09 3.41158683657e-08 -6.70599090662e-08 3.98885946754e-09 5.91167591255e-08 -6.71428359693e-08 6.87212604763e-09 6.02317534788e-08 -6.7660751043e-08 1.24358833304e-09 6.95920424532e-08 -5.57045782535e-08 6.41283315572e-09 2.49298895273e-08 -4.95240307374e-08 4.19180938504e-09 1.97867880291e-08 -1.49711873042e-08 -2.49963588376e-09 2.02951951159e-08 -3.76895512361e-08 5.9605237563e-09 3.79075759987e-08 -4.88695029434e-08 -4.84789205236e-09 6.18184645387e-08 -4.20525575716e-08 3.13233459534e-08 3.48854224686e-08 -5.89728435813e-08 -1.36620422153e-08 7.88459863819e-08 -5.30637433728e-08 1.02832751675e-08 2.6394376889e-08 -5.17609506037e-08 8.09964146483e-09 3.56846637544e-08 -5.45826445075e-08 1.13611315033e-08 3.61447140737e-08 -4.52279362606e-08 -1.07850354932e-08 4.48403210235e-08 -3.25908622292e-08 3.23536098413e-09 4.40544157881e-08 -8.14909609689e-08 1.67224289448e-09 7.20147682678e-08 -2.48338510685e-08 3.59163801654e-09 1.17639477318e-08 -4.67493453761e-08 -6.01198374245e-09 7.11213618715e-08 -1.43683345878e-08 3.73897546151e-09 6.40412554779e-09 -3.59111990013e-08 -7.03557686147e-09 2.62888742984e-08 -5.42443705858e-08 1.55751675653e-08 3.2469202051e-08 -4.03938185903e-08 6.13676482855e-09 8.00247306859e-08 -6.46190421378e-08 -2.87297723633e-09 7.0869510727e-08 -5.53028934382e-08 9.41863897229e-10 6.31948658533e-08 -3.02199075401e-08 4.97607534057e-09 2.57317008497e-08 -4.24468928458e-08 -9.64801675315e-09 3.00673029574e-08 -6.73087118229e-08 -2.88856662519e-09 7.11505589459e-08 -5.64411958184e-08 2.30425332036e-09 3.40308279808e-08 -4.70449358338e-08 1.23285866892e-08 3.57034071097e-08 -4.62967280822e-08 1.2357026305e-10 2.69360939767e-08 -2.65512682e-08 -4.04564204629e-09 3.72494202258e-08 -4.94584369053e-08 -4.883086738e-09 4.05710240508e-08 -2.62938933967e-08 -6.65124957553e-09 2.09660094398e-08 -7.73595337e-08 -2.88324876293e-09 6.71750432197e-08 -3.19157988719e-08 1.20054753687e-08 2.22659145044e-08 -4.20902923659e-08 1.58999001187e-08 3.74815195819e-08 -7.15913374144e-08 5.46605706076e-09 7.50293173977e-08 -3.00348833732e-08 2.26858012856e-09 8.28052882248e-09 -3.13379080865e-08 -8.9256457836e-09 4.69628222456e-08 -4.27013686189e-08 -8.72597146082e-09 4.54986105647e-08 -3.69265627222e-08 -1.07304332894e-08 4.37997567955e-08 -3.21477287601e-08 -7.68971692287e-09 3.97620986049e-08 -3.78668883294e-08 6.51855806927e-10 2.6610095958e-08 -3.00482191595e-08 -1.22455116077e-08 4.03085226229e-08 -2.87307800139e-08 2.87388847476e-09 1.79538348233e-08 -5.5900191048e-08 -1.52579348024e-09 4.7996183633e-08 -6.37355443539e-08 3.2127893778e-09 6.76893696892e-08 -4.3554613581e-08 -3.37990794728e-10 3.23224479745e-08 -4.18556420063e-08 1.86317289099e-09 3.73166158732e-08 -5.64831618459e-08 6.89428278054e-09 3.88665013019e-08 -3.01357632207e-08 -8.05782321792e-09 5.05315047467e-08 -1.26255074857e-08 -9.95546057411e-09 1.70683191521e-08 -6.220209743e-08 1.92321525187e-09 5.67260404923e-08 -5.39821011278e-08 5.40229239818e-09 4.10714146416e-08 -7.5492988749e-08 -6.53180226473e-09 7.20129600622e-08 -1.92925124964e-08 9.71339639476e-10 1.99827578624e-08 -3.62357575598e-08 2.85111171259e-09 4.10117182587e-08 -4.4167662442e-08 -4.89509045989e-09 2.90129012204e-08 -3.16629688944e-08 1.34326105401e-08 6.28539330093e-08 -6.31454849515e-08 1.24523444161e-08 4.24830445321e-08 -4.27948201037e-08 -2.42654729361e-08 7.57859314672e-08 -3.63651123082e-08 2.72774881717e-09 5.05966647109e-08 -8.02916243287e-08 5.77896821264e-09 6.39816347225e-08 -4.58344728264e-08 6.45591327632e-09 3.53390501749e-08 -3.50175012701e-08 -1.17812260055e-09 4.65679712902e-08 -3.74337416391e-08 -8.57387723253e-09 4.78904615698e-08 -7.111102931e-08 1.18451273079e-09 5.791055433e-08 -5.27149620313e-08 1.22387457829e-08 3.79426852407e-08 -3.418897152e-08 -1.51648285015e-08 3.03553104156e-08 -6.28064513702e-08 1.29355702596e-09 6.38846897597e-08 -3.78433993234e-08 -1.50102775256e-09 4.48266174549e-08 -7.90166548572e-08 3.25992286288e-09 7.1859345534e-08 -9.29930814179e-08 9.07574968719e-09 2.75185895648e-08 -2.46825640313e-08 -7.95001665134e-09 3.34150692403e-08 -5.54408918782e-08 -8.06650914149e-09 6.74318736417e-08 -4.18604314875e-08 5.62378897699e-10 4.62352194566e-08 -4.83535868006e-08 -7.0997937209e-09 6.3454709336e-08 -4.01774350375e-08 -8.42714660637e-09 5.85115363493e-08 -4.15813933809e-08 -8.88072808938e-09 4.59938102831e-08 -4.15381424588e-08 -1.67326801697e-09 4.89193461311e-08 -2.99319476564e-08 -8.69617574662e-09 5.5037557492e-08 -2.63557314332e-08 9.67044967628e-09 2.24128412395e-08 -4.37402486832e-08 7.77658106439e-10 3.87066697154e-08 -4.69685770052e-08 2.1176195161e-09 3.555896908e-08 -6.34438528214e-08 4.44921924523e-09 6.82447787001e-08 -6.49025315646e-08 -8.82389939515e-09 6.40054498609e-08 -7.10769772267e-08 -2.78088823478e-09 6.97883983915e-08 -7.46047797932e-08 6.57564987635e-09 6.83527345426e-08 -3.93432731248e-08 -1.83989009986e-09 4.5649788126e-08 -3.04501235958e-08 1.30619437998e-09 3.6828936669e-08 -4.78875166054e-08 1.79287943251e-08 3.77109398275e-08 -5.84820980641e-08 9.65687583685e-09 4.02354023716e-08 -2.2841966641e-08 -1.15282744859e-08 2.62892121846e-08 -3.57609362961e-08 -6.18640203373e-09 4.07743205946e-08 -4.43485853768e-08 4.49389640497e-09 4.36914014439e-08 -3.13736250943e-08 1.52668582819e-09 3.24769777024e-08 -3.30451477027e-08 -2.89197047626e-09 2.09337898923e-08 -2.68750453449e-08 -1.24113030886e-08 5.1305305124e-08 -4.60934581301e-08 -2.43970883285e-08 4.43125328112e-08 -3.68959439032e-08 -1.20499243204e-09 3.43041726523e-08 -7.03331728756e-08 3.13630301697e-09 5.83829997953e-08 -3.72371356394e-08 3.91259278343e-09 5.16732890181e-08 -3.24287323047e-08 -7.55799992268e-09 4.51953995986e-08 -3.42503712559e-08 2.01022100096e-09 2.11198020507e-08 -7.03760600643e-08 5.15311382025e-09 7.12778710769e-08 -3.83632570888e-08 -6.21952510901e-10 4.59277396328e-08 -5.15832077086e-08 1.36449048433e-09 4.84842497564e-08 -6.43203032801e-08 -5.87485875193e-10 5.87880716561e-08 -6.61541399864e-08 1.79496108848e-08 5.26808959326e-08 -5.83534880846e-08 -8.86016296354e-09 8.40343714468e-08 -4.66039016751e-08 -1.23810935999e-08 5.03000886182e-08 -6.08919199945e-08 -5.48907096686e-09 6.22956714119e-08 -4.73743055132e-08 -1.21936238513e-08 6.4801927679e-08 -2.09298196347e-08 9.12783511889e-10 3.09035711509e-08 -3.05208645355e-08 2.4334567079e-08 4.05728729558e-08 -5.27179498084e-08 -4.94583322862e-09 6.18128750416e-08 -3.58658674502e-08 -6.94977214737e-09 4.91098587079e-08 -4.24139626726e-08 4.49352571344e-09 3.97907420056e-08 -4.05070772857e-08 9.67240753652e-09 3.93937944038e-08 -3.76878985996e-08 -1.72430489524e-09 4.16858344279e-08 -4.91630259989e-08 4.5866066412e-09 3.91193066869e-08 -3.8538834115e-08 2.86923160298e-09 3.36049598189e-08 -5.48069318179e-08 -1.61952707485e-09 1.2839163734e-08 -6.45265167198e-08 -2.8383646111e-09 7.26758124186e-08 -5.2665347872e-08 -6.99894935293e-09 3.92331973313e-08 -3.9756144726e-08 -1.66424669358e-08 5.86616161499e-08 -6.69409454225e-08 4.05702409324e-09 7.26882359144e-08 -7.82821331851e-08 7.96313652024e-09 6.3572065322e-08 -6.391413675e-08 6.46937322403e-10 6.70135957206e-08 -5.48786104678e-08 4.54427839704e-09 4.41864872027e-08 -2.47612657648e-08 9.9299772751e-09 3.09965846054e-08 -6.83238746276e-08 8.01075461238e-09 6.46351090826e-08 -3.87281729893e-08 -2.22126056958e-09 4.59232132332e-08 -6.6973228594e-08 -1.64472183794e-08 7.76049042471e-08 -6.88034699293e-08 4.28534794916e-09 6.2673318704e-08 -4.25263718824e-08 1.26869194152e-09 4.98856864619e-08 -4.02903529279e-08 -1.85987149479e-09 4.77174963663e-08 -1.66538588133e-08 -2.70203310437e-10 1.40086333423e-08 -3.08282811004e-08 -6.35422262528e-09 4.52820073769e-08 -8.13538078632e-08 9.29360637295e-09 5.624526149e-08 -2.89404584421e-08 -2.92876221436e-09 4.08497342382e-08 -4.05266951177e-08 4.84186430017e-10 5.26231811188e-08 -2.00015939869e-09 0 8.04334592072e-10 -7.43935690297e-08 -5.82227949592e-09 5.88346876993e-08 -3.97727964153e-08 8.45798422011e-10 4.47230268607e-08 -3.61670146715e-08 1.99883897992e-08 3.56523742549e-08 -3.97365446371e-08 -6.21636467155e-09 3.83460814012e-08 -2.96960869629e-08 9.01406603245e-10 3.23837065121e-08 -3.81904747484e-08 7.42748331334e-09 2.16057173222e-08 -3.42662028532e-08 -1.08056906244e-09 3.3944061954e-08 -6.05604037703e-08 -2.85635158929e-09 7.23732158721e-08 -7.04852642688e-08 1.63914624668e-09 6.87106842044e-08 -3.94122603857e-08 1.53200341204e-09 4.45951031011e-08 -3.76904732451e-08 -1.22854653401e-08 4.49080908603e-08 -5.26635870983e-08 -8.71036893918e-09 5.29428060607e-08 -2.39796624163e-08 -9.52381935992e-09 4.04396621453e-08 -1.78360914421e-08 -2.72272856861e-12 3.52567969365e-08 -4.4387575047e-08 5.64809721467e-09 3.29143449065e-08 -6.51647275469e-08 -8.61244385555e-09 8.40982564457e-08 -2.68104765229e-08 -2.0026308298e-09 2.88699853295e-08 -4.90208324156e-08 -5.35298168535e-09 3.8383080698e-08 -4.30262610033e-08 3.1351385964e-09 3.53089775314e-08 -8.70088837318e-08 2.49982233323e-10 7.41317508344e-08 -4.10124992306e-08 -9.6190385706e-10 3.24539404625e-08 -4.6376218474e-08 -5.19126460735e-09 4.30509584722e-08 -3.5041881532e-08 -8.62971577509e-09 2.92770162222e-08 -6.4007641492e-08 7.16982350625e-09 4.74509432078e-08 -4.84052247725e-08 -2.91800002549e-09 5.99409298682e-08 -5.63745266169e-08 -2.28697431844e-09 5.9085747162e-08 -5.8744094344e-08 -7.59635568076e-09 7.50678323748e-08 -2.82880322259e-08 5.24267427692e-09 2.2014955998e-08 -6.97639122576e-08 7.59602809919e-10 5.97014966855e-08 -4.07078068723e-08 1.03027160657e-08 3.15852364251e-08 -3.54670656822e-08 3.43631038261e-09 3.33184371216e-08 -3.93952689046e-08 -4.66938028392e-09 4.30155379759e-08 -6.84411065978e-08 1.69078547471e-08 6.59427858531e-08 -4.14220691086e-08 6.30209873196e-09 3.47444764434e-08 -4.02810336206e-08 1.99193729564e-08 4.49049652732e-08 -2.9640297963e-08 -1.51112728749e-09 3.02588709964e-08 -4.07245473569e-08 1.65731324025e-09 2.86696729133e-08 -2.50437983693e-08 2.51735634833e-09 4.28950394717e-08 -5.30588942369e-08 5.50059770765e-09 4.7381174478e-08 -2.7994263858e-08 0 2.77326699831e-08 -5.6829592685e-08 2.78663498066e-09 4.09204166705e-08 -3.59477230047e-08 1.79889472799e-08 3.63026285671e-08 -3.47955284059e-08 1.1250753599e-08 4.42231700802e-08 -5.22825514611e-08 6.7051161446e-09 2.44521128517e-08 -4.09413842576e-08 -2.14928897057e-08 5.70546193705e-08 -4.22508516245e-08 1.00165828743e-08 4.59111979057e-08 -4.08195517858e-08 2.37905800035e-09 3.73787413662e-08 -6.86762122933e-08 4.74838786568e-09 6.38408503577e-08 -6.24117226127e-08 1.54485811626e-08 3.58778217061e-08 -3.16719121237e-08 5.9339571692e-10 5.19013881657e-08 -2.62043135639e-08 -1.51844607212e-09 5.65883064384e-08 -5.3587777166e-08 -1.01560139957e-08 6.73045406308e-08 -6.57999227078e-08 -2.94335540479e-09 7.19114609355e-08 -7.12504411614e-08 -2.96046915027e-09 7.19765671005e-08 -7.24945373748e-08 -1.64482091317e-09 6.04730368195e-08 -7.76550555863e-08 8.99604502674e-09 4.3235631912e-08 -5.10868006517e-09 4.39190111015e-09 9.14297233631e-08 -2.98028300974e-08 2.68758811326e-09 3.47976776281e-08 -6.14377626873e-08 -1.72550762694e-08 6.82855028581e-08 -4.89510532845e-08 3.28544254245e-09 5.05359894176e-08 -3.8646211675e-08 -1.03191221441e-08 5.22810393372e-08 -3.92846154877e-08 -4.11372099462e-09 4.63281407991e-08 -3.02268449538e-08 -2.30154872289e-09 2.7713483994e-08 -6.37798127614e-08 1.14408521918e-08 3.99789917271e-08 -5.63851165652e-08 4.6345488215e-09 6.35721186783e-08 -2.58312069455e-08 -1.05193358044e-08 4.39531884827e-08 -3.74574754966e-08 2.57031400774e-09 3.45148443586e-08 -2.55816506868e-08 -9.84015925136e-09 3.07348296819e-08 -2.86680616116e-08 4.53260477333e-09 3.53474187586e-08 -7.08470157813e-08 -1.05116465317e-08 8.52910251854e-08 -5.20649435863e-08 -2.60949569466e-09 5.58780060223e-08 -3.48181760595e-08 -1.79978579929e-09 5.07676405651e-08 -7.49136330214e-08 8.71235585949e-09 5.5117959777e-08 -4.6525539814e-08 8.76766508221e-09 5.40901222553e-08 -5.9654685819e-08 4.29043103603e-10 4.5887635657e-08 -2.48851570944e-08 1.13869314188e-10 3.59193473563e-08 -6.07284595465e-08 5.27485001636e-09 3.90335434949e-08 -6.40498458273e-08 -4.55690234541e-09 6.33430749832e-08 -6.32108443844e-08 2.46187168613e-09 6.68812167146e-08 -5.89220618748e-08 2.94472470783e-08 3.8987792895e-08 -5.94743135895e-08 1.42621842884e-09 6.50361318979e-08 -4.93963270392e-08 5.70020124684e-09 4.08526057729e-08 -3.2021892223e-08 -7.18798353524e-10 3.22333483189e-08 -2.82363173968e-08 -1.32784733836e-08 5.36414080635e-08 -3.45181329543e-08 -1.16143213618e-08 8.6434592083e-08 -3.8615380652e-08 -1.6381917016e-09 4.93562149988e-08 -3.34807453648e-08 -8.49495982537e-09 4.02744588287e-08 -9.28828069428e-09 8.5785636696e-10 4.70956387446e-08 -3.81258876718e-08 -1.22501161346e-08 6.55259930447e-08 -2.61183795462e-08 -4.57558564937e-09 9.10333799791e-08 -4.06891475975e-08 1.37582240764e-08 3.62626508527e-08 -7.7844128054e-08 5.16915277081e-09 3.29740343935e-08 -6.43296967209e-08 -5.94215414671e-09 7.04698730151e-08 -4.28604230905e-08 -1.93054237617e-09 4.66723279475e-08 -2.32297245931e-08 -6.59704149034e-09 4.45564912439e-08 -7.23719410204e-08 2.50034459382e-09 6.70350148629e-08 -5.41731038823e-08 6.93071646843e-10 5.1030517404e-08 -2.41481703582e-08 2.9072122186e-09 2.26971441421e-08 -3.05141599396e-08 -9.67402265076e-09 3.86339812878e-08 -5.57950984901e-08 3.93598665069e-09 4.00526196683e-08 -2.27806590675e-08 -4.77441653955e-10 2.60787597605e-08 -4.10759734416e-08 7.4144282449e-09 4.44411879006e-08 -3.45824650034e-08 -8.76150068363e-09 4.41381598373e-08 -6.45385374867e-08 -4.19419679708e-09 6.41905190687e-08 -6.50550773148e-08 2.0649620436e-09 6.46414450171e-08 -5.14714064651e-08 4.75126320682e-09 3.22331791117e-08 -5.19607493104e-08 8.43607854645e-09 3.04003759272e-08 -6.43781955573e-08 -1.58998856912e-09 7.09210901207e-08 -7.25466193436e-08 3.03407999126e-10 6.67116656462e-08 -5.40200822439e-08 -1.01904080442e-09 3.87683564573e-08 -5.17199443135e-08 -9.10199234339e-10 5.36466182245e-08 -3.02085416725e-08 -4.2542104661e-09 3.22207106104e-08 -3.41531575658e-08 4.67687438035e-09 3.02208648456e-08 -2.89427877574e-08 5.20428212662e-10 3.13575159561e-08 -3.22655308549e-08 5.15846525537e-10 2.90324021391e-08 -4.61152149696e-08 1.30090170629e-08 3.75802434626e-08 -2.58601290536e-08 1.1225500674e-09 3.30024652932e-08 -5.90415368738e-08 -7.32077185707e-09 8.29241860588e-08 -3.63539666141e-08 -3.75109421487e-09 4.56065752602e-08 -5.98114713088e-08 -4.92192526028e-09 8.22116792014e-08 -7.25216198481e-08 1.22507963528e-08 6.8856014345e-08 -6.27537361629e-08 1.77966700917e-08 3.93050356352e-08 -2.92395517317e-08 -7.08387094958e-09 3.54111996576e-08 -5.60774407115e-08 8.56730119766e-09 3.79586796521e-08 -4.43011027176e-08 6.11927180242e-11 4.12751066061e-08 -7.40699768293e-08 8.82782344751e-09 6.26591498023e-08 -5.22262176322e-08 5.16276408346e-09 5.77588016518e-08 -8.20129917158e-08 8.74800873315e-09 5.7889346713e-08 -6.71792333498e-08 1.60672465685e-08 3.83805711532e-08 -3.95671819139e-08 -1.30787511884e-08 7.02014048905e-08 -2.98689635327e-08 2.43932273594e-10 4.33854089233e-08 -2.90540994378e-08 5.67861166922e-09 2.97150168203e-08 -3.46293994012e-08 -3.53373423988e-09 3.20671801529e-08 -3.52934599016e-08 -1.60243225362e-08 6.25666468932e-08 -8.01885601994e-08 1.319634695e-08 6.66802582725e-08 -3.96247995074e-08 4.7416124646e-09 4.23339402644e-08 -3.10768510818e-08 5.68474524166e-09 4.3955605935e-08 -6.24044589635e-08 4.3014684069e-09 5.54573294039e-08 -7.59989168872e-08 6.08626087253e-09 6.62694755682e-08 -3.44131545996e-08 -5.04942928364e-09 3.49271400546e-08 -8.89210066616e-08 8.15802170023e-09 4.51842898713e-08 -6.5241900798e-08 1.14610950632e-08 4.58176945613e-08 -3.97929632451e-08 -5.27636987738e-09 3.97753115391e-08 -6.55917907514e-08 -5.87504852524e-09 7.32622245965e-08 -8.53503974562e-08 6.17946288305e-09 6.93101056583e-08 -5.94129404168e-08 2.50983671561e-10 5.14735438956e-08 -4.10318394084e-08 -1.0523148234e-08 4.78918528556e-08 -4.2164379186e-08 2.95997024318e-09 3.7653875674e-08 -3.04997693067e-08 -4.87652160055e-10 4.06589036103e-08 -7.70634361028e-08 1.17905631973e-08 6.26946264448e-08 -2.69566929082e-08 5.18152641739e-10 3.48906052983e-08 -3.62492297001e-08 -8.98647010842e-09 5.00016726885e-08 -4.3899917714e-08 -1.7336356163e-09 4.06199244133e-08 -6.25550555005e-08 -1.0684659808e-09 7.07218782148e-08 -2.72499115604e-08 4.37488812496e-09 4.54877502985e-08 -3.75013568249e-08 -2.22825939275e-09 4.02972571958e-08 -4.56799930181e-08 8.6601128861e-09 4.31722504169e-08 -6.45770976312e-08 1.45304613109e-09 6.84932836442e-08 -3.69634302032e-08 -1.65713608904e-08 6.52984779299e-08 -3.98732641097e-08 1.30325507544e-09 5.19193756449e-08 -2.82681499098e-08 -3.58405985718e-09 4.86060500607e-08 -3.31054383504e-08 -4.73538960495e-09 5.80630175329e-08 -3.89408364087e-08 -7.42388768202e-09 4.81509275443e-08 -5.74420939834e-08 7.53017330441e-09 4.97631708823e-08 -7.75821145548e-08 1.22991400319e-08 5.43447643142e-08 -2.74889962265e-08 6.29605086092e-09 4.04781945596e-08 -4.46451356844e-08 1.61011354897e-09 4.4797841901e-08 -3.79853880787e-08 -4.82321373392e-09 4.72065161738e-08 -7.03011846513e-08 7.66692567998e-10 7.09738241438e-08 -3.76988830498e-08 6.13803581616e-09 3.09356926583e-08 -6.46277215614e-08 9.0438547575e-09 5.99151981784e-08 -4.30748384378e-08 6.83880983317e-09 3.89103078303e-08 -3.77018820651e-08 1.38704386981e-08 5.57018346967e-08 -3.08118286165e-08 -1.54428263308e-08 5.57883136588e-08 -6.22995172103e-08 4.62335364869e-10 5.89596012413e-08 -8.45257954256e-08 -1.78069768251e-08 3.78858371215e-08 -2.39921827405e-08 -6.64100193299e-09 3.33950306829e-08 -3.63424851934e-08 -1.42955893683e-08 3.69301372943e-08 -6.2580420922e-08 5.50270675419e-09 6.55330051082e-08 -4.12673389399e-08 -1.13476461866e-08 9.35549197202e-08 -3.95038115081e-08 -2.55745317005e-10 3.41976196161e-08 -6.75389930911e-08 -1.85921976147e-09 7.20522319377e-08 -4.22251684434e-08 7.20132017288e-09 1.41965804115e-08 -7.61237073256e-08 1.25274524737e-08 6.35261943372e-08 -2.56477490571e-08 -1.57814273418e-09 1.27293554482e-08 -2.2398607072e-08 -5.68466345095e-09 2.20134471384e-08 -5.06158765653e-08 -5.25596488183e-10 1.0490597818e-08 -3.79806354797e-08 -5.235584557e-09 4.44240709269e-08 -6.58928979052e-08 1.70007929479e-08 5.99568891198e-08 -7.1474333765e-08 4.24422920264e-10 7.04169854784e-08 -3.81153715748e-08 -2.48626887324e-09 4.54943360816e-08 -6.88157610172e-08 8.90350944994e-09 6.00731477784e-08 -9.0034424638e-08 1.38612562594e-08 4.47845137499e-08 -3.64152068165e-08 2.11861506199e-09 3.30718100419e-08 -7.11156435865e-08 -6.55949803884e-09 7.26566947392e-08 -5.419439749e-08 -7.52550272096e-09 5.62293959303e-08 -5.22112817107e-08 3.48197313057e-10 1.10114260659e-08 -6.98623552612e-08 -2.19319603571e-08 8.90683960337e-08 -4.98840567614e-08 3.55444942786e-09 4.26801863224e-08 -3.54851823376e-08 8.35287395927e-09 3.68079984406e-08 -7.07661195846e-08 -2.11820639776e-08 4.22727985966e-08 -1.377399918e-08 -1.49495062386e-09 4.28981564013e-08 -2.89985355631e-08 2.14208431939e-09 2.06263395794e-08 -7.74209243403e-08 5.80895107706e-09 6.80076601652e-08 -3.67923189261e-08 -3.72070121694e-10 4.11353163872e-08 -3.9315576997e-08 -4.04322389354e-09 5.96816448774e-08 -9.98968917484e-08 2.88848826801e-09 4.6845625093e-08 -2.7994263858e-08 0 2.77326699831e-08 -4.25761502582e-08 -5.41155884341e-09 4.82698329375e-08 -3.27398235007e-08 -7.95326323567e-09 3.69722007098e-08 -6.98242089634e-08 -4.97437671647e-09 7.30591779589e-08 -6.5145312661e-08 -1.34151707184e-08 6.43115278572e-08 -5.3724620928e-08 7.468958123e-10 3.09695714299e-08 -2.72220100264e-08 -3.4795355805e-09 2.92447508467e-08 -3.48573424631e-08 -7.72053512946e-09 4.36916515968e-08 -3.06648643159e-08 6.28997083135e-09 3.56628994672e-08 -3.36184104107e-08 1.63781321588e-08 9.76324479089e-08 -3.468317185e-08 -1.23139063834e-08 5.34842163798e-08 -6.10954238849e-08 -8.91322765335e-10 3.27876505578e-08 -3.86594503999e-08 -1.22120794143e-08 4.94225646815e-08 -8.01271290454e-08 5.15764850533e-09 7.57955508885e-08 -4.05826814372e-08 6.28199171451e-09 4.23371572914e-08 -5.97357232918e-08 -7.61494926018e-09 7.89046411502e-08 -5.4158658353e-08 -8.29603550185e-09 6.35749819573e-08 -2.77413015192e-08 -5.56982383057e-09 3.43411041723e-08 -2.85538576812e-08 -3.07245292345e-09 3.22760665671e-08 -4.7632871958e-08 -3.40098724021e-09 3.6741246073e-08 -5.54086678455e-08 2.56755053629e-09 6.85965237334e-08 -2.94992583349e-08 5.73219010228e-09 4.17047015007e-08 -5.47518465068e-08 1.25357224553e-08 3.29403187398e-08 -3.85819413016e-08 1.41186964804e-09 3.1778975585e-08 -3.42667352496e-08 6.04210120838e-10 2.7819337454e-08 -5.95510835097e-08 -7.79911081699e-09 5.25142863738e-08 -6.98712272661e-08 -1.11009847623e-10 5.91440228421e-08 -6.4756195951e-08 -4.77988040742e-10 5.45939851777e-08 -6.89850652004e-08 6.97720796583e-09 6.41421436083e-08 -6.60909762582e-08 -4.95434192612e-09 6.8308159339e-08 -2.86650127388e-08 -9.13813681947e-10 4.70319809502e-08 -6.66972213378e-08 -3.36063603112e-09 7.50879724373e-08 -6.46799367455e-08 -4.69306291346e-09 6.48222508815e-08 -3.08395340701e-08 6.51554768502e-09 2.648484664e-08 -4.38037800743e-08 2.91918897267e-08 4.49899205088e-08 -6.36255616382e-08 1.07167442111e-08 5.97308036142e-08 -1.40701550791e-08 1.8859290003e-09 4.67746832533e-08 -7.03972349444e-08 -2.84872810702e-09 7.13556323637e-08 -2.74105625572e-08 2.12424390619e-09 2.147894061e-08 -7.6912627427e-08 9.80612723163e-09 6.11460991795e-08 -5.46779433306e-08 9.51287720593e-09 4.04918486154e-08 -5.08906018329e-08 -1.52534560828e-08 6.55489413283e-08 -7.43543227588e-08 -6.64457314278e-10 6.42741982321e-08 -7.47408458828e-08 7.21999356233e-09 7.28264972555e-08 -7.12770768942e-08 1.16767412764e-09 7.112274929e-08 -7.95717771509e-08 1.49682716409e-08 5.69129934424e-08 -2.13342216409e-08 5.289614457e-11 1.18532014897e-08 -2.00015939869e-09 0 8.04334592072e-10 -3.7712873729e-08 7.22192974856e-09 3.10692052229e-08 -6.59280392304e-08 -5.06579579008e-09 6.54743569219e-08 -7.69381112135e-08 1.16704836889e-09 7.30678920074e-08 -7.09972308745e-08 1.0357502797e-09 7.54129824209e-08 -4.0065078095e-08 2.01825255478e-08 3.41632453076e-08 -2.80637502533e-08 -7.29554794758e-09 2.74118671026e-08 -2.60009815187e-08 -5.38698577488e-09 2.644794667e-08 -2.8424617305e-08 -3.31228766569e-09 4.08251009809e-08 -2.19321531131e-08 -1.79969009245e-09 3.26054166476e-08 -3.46094102132e-08 3.6058517873e-09 3.11411479734e-08 -5.63272265475e-08 1.22588904013e-08 4.81045147317e-08 -8.14584331336e-08 1.38830240952e-09 7.34660383932e-08 -6.94357695477e-08 5.96495903502e-09 6.1567183704e-08 -6.24882519221e-08 1.10336278655e-09 6.90536525241e-08 -2.87311949841e-08 -1.38212970703e-10 3.09009254765e-08 -4.68498072468e-08 8.82889572471e-09 3.4961230543e-08 -3.00301802988e-08 6.86954344386e-09 3.41519934534e-08 -4.17714204311e-08 6.16771561832e-09 4.71414864585e-08 -6.38944789137e-08 -1.12260093943e-09 7.08422132375e-08 -7.14289529705e-08 -5.83557402265e-09 7.70655816153e-08 -3.04314727526e-08 7.47053561359e-09 4.38163835107e-08 -3.7037621838e-08 -3.65982551457e-09 5.36225643566e-08 -6.68330506755e-08 -2.48237977562e-09 7.47655380945e-08 -2.81001352229e-08 2.12129989362e-09 2.65028654397e-08 -6.56419837532e-08 -1.26607439607e-08 8.23287722834e-08 -4.45618172242e-08 9.90726045694e-09 1.66988785739e-08 -6.57495117717e-08 -1.15015507922e-08 6.65146821621e-08 -7.34328312648e-08 -4.92100027203e-09 6.70976904944e-08 -4.00421029427e-08 1.4732221185e-12 3.69406139553e-08 -5.20062621206e-08 -4.84783297569e-09 8.9228729736e-08 -5.24821893502e-08 -1.05373208693e-08 6.9426018518e-08 -5.6731249335e-08 4.6055036978e-09 2.65821653542e-08 -7.7958094834e-08 7.77613058175e-09 8.77690534126e-08 -3.84606251222e-08 -3.3871044896e-09 4.43047328659e-08 -7.34495865115e-08 -5.96615865136e-09 6.93498705064e-08 -5.70777922376e-08 -1.61527490905e-09 6.18097706771e-08 -6.59585033063e-08 2.25226000858e-09 6.07405247402e-08 -7.12493916638e-09 -5.47223060907e-10 4.33827498433e-08 -6.63562125699e-08 -2.75759647805e-09 7.00839460829e-08 -6.77843394118e-08 1.17799930066e-08 6.56474813657e-08 -4.68397886947e-08 1.79836598884e-09 4.316937375e-08 -3.44760557076e-08 -6.40961629037e-09 3.48292004426e-08 -3.14449063858e-08 -4.84827063467e-10 3.4572830656e-08 -4.35621175358e-08 6.00068139666e-09 4.00333553272e-08 -3.09570470802e-08 1.11750536649e-09 3.21991530702e-08 -7.12707549876e-08 -2.93737434725e-09 7.68847136317e-08 -6.72574903342e-08 -9.7860316716e-09 6.63504435165e-08 -4.64122104584e-08 1.93619941021e-08 3.61397969752e-08 -4.91066486008e-08 1.10568834094e-09 4.28757876287e-08 -5.50864557803e-08 7.79772055437e-09 4.88253619119e-08 -8.12444148639e-08 5.65016204656e-09 6.48772183914e-08 -5.59221591952e-08 5.24379923973e-09 3.64096235166e-08 -3.46700120843e-08 1.66691264114e-09 3.4223965011e-08 -2.87553425491e-08 -1.30666542888e-08 3.03810437136e-08 -4.23675684684e-08 -4.54927180301e-09 6.0148215101e-08 -2.3541473408e-08 -1.46517030079e-08 2.85098328912e-08 -6.43420015685e-08 -1.66969916837e-08 7.97006961488e-08 -7.76250472693e-08 2.69987142747e-10 5.26185974618e-08 -3.99283939848e-08 -1.74828440372e-08 3.99993187428e-08 -1.57344575411e-08 -7.92815350132e-10 2.40277529883e-08 -3.1376233825e-08 -3.29326902696e-10 2.13628645609e-08 -6.85326548971e-08 -5.84362027448e-10 6.62910646666e-08 -4.37784238035e-08 3.05487630762e-10 2.68982563867e-08 -3.32231934401e-08 0 3.30232783439e-08 -7.08813386565e-08 3.53312394482e-09 6.20323760263e-08 -3.91565418021e-08 -1.27329998982e-09 8.69476705737e-09 -6.69745614778e-08 -2.98797044e-09 6.548865329e-08 -6.23107016674e-08 2.50756092091e-09 5.6771212043e-08 -3.57448113059e-08 9.66976073599e-10 7.44020900293e-08 -2.94176475777e-08 7.06449944205e-10 4.9359086584e-08 -6.45343734034e-08 7.60247267864e-09 6.65834595695e-08 -2.75862245861e-08 -7.84010992859e-10 1.30361853353e-08 -5.37722551488e-08 -1.50887933295e-08 7.7465381078e-08 -4.19718963576e-08 9.56178516795e-10 7.46816995257e-08 -3.25051771129e-08 -1.28634761037e-09 4.3699142182e-08 -9.33091169788e-08 1.16063293263e-09 3.02381970272e-08 -6.9516199718e-08 2.43226949029e-10 7.05269688642e-08 -6.57412560416e-08 -1.10220877334e-08 6.95754629671e-08 -2.69043308787e-08 2.05618884424e-09 4.68193809973e-08 -6.3954296681e-08 -3.08225139219e-08 4.58735573299e-08 -2.80022687238e-08 7.09242651202e-09 2.68317297275e-08 -3.31208386192e-08 1.95565887457e-08 8.54328789509e-08 -6.06049916961e-08 -9.59161977245e-10 6.68628255462e-08 -5.74445148272e-08 1.2174844301e-08 3.37707248766e-08 -4.0793976702e-08 -1.09263328607e-09 3.48650093006e-08 -1.4983236233e-08 -7.11044365746e-10 5.10426173182e-09 -3.88011703243e-08 1.73401107724e-09 3.59854772257e-08 -7.18141016274e-08 -6.81109600062e-09 6.86979746515e-08 -6.55447292183e-08 -4.01418426599e-09 6.95972972562e-08 -4.11551418613e-08 -2.54445839038e-10 1.11352543222e-08 -2.64690659676e-08 3.91690381722e-09 2.7998871236e-08 -2.13274562253e-08 2.68823519827e-10 2.31650514394e-08 -4.57766395788e-08 -1.22063164782e-09 4.00999265166e-08 -6.46359967614e-08 9.20404795803e-09 4.6421827833e-08 -6.45632583278e-08 -6.35634724329e-09 7.28363228489e-08 -2.93367679275e-08 2.34971759345e-09 3.02721644288e-08 -5.35912861424e-08 -2.53338123625e-09 5.93965098221e-08 -2.42424156516e-08 3.86282078259e-09 2.84990927952e-08 -4.54587227517e-08 -6.03029710574e-09 4.18126725012e-08 -4.81860184175e-08 -1.46034893723e-09 4.38278358575e-08 -7.71544285431e-08 1.38191290848e-08 6.54394881082e-08 -8.04608307755e-08 7.51378450868e-09 8.01339244235e-08 -3.85182172927e-08 -1.1188222131e-08 5.6450799302e-08 -2.17220163675e-08 -1.618382031e-08 4.69785825692e-08 -4.45541438376e-08 5.26275140751e-09 3.96107137767e-08 -5.97232510099e-08 -5.77633536392e-09 6.17411659514e-08 -4.98041245355e-08 1.4635198487e-09 9.09628114276e-09 -3.10344317349e-08 2.02587107172e-09 4.06682542554e-08 -5.57661636332e-08 -8.02655145709e-09 3.73535744093e-08 -3.43974732337e-08 5.3631761828e-09 3.416776988e-08 -7.40756456068e-08 8.65954655559e-09 5.82099092932e-08 -4.02912709079e-08 -5.63869805662e-09 2.59575654048e-08 -3.22022546466e-08 3.16398887356e-09 3.55516489035e-08 -6.96265508755e-08 -3.89175488005e-09 7.43630416939e-08 -3.43940807564e-08 6.67218021714e-10 3.54538975477e-08 -8.22756700641e-08 -8.38593433754e-09 8.00372242491e-08 -2.14346780199e-08 -1.48458461105e-08 3.58625347775e-08 -9.73417908627e-09 4.83966956182e-09 3.25656407596e-08 -3.87600189248e-08 9.09610404928e-10 5.56725761104e-08 -3.58564004164e-08 -6.40782159082e-09 5.60594066153e-08 -6.00267231279e-08 -4.57286451658e-09 8.0844866043e-09 -5.6199531819e-08 -3.65576040731e-09 6.04043937365e-08 -4.10633001645e-08 -1.53311165721e-08 6.91044183607e-08 -3.56683009516e-08 -1.42307998351e-08 5.77776716413e-08 -1.65845029477e-08 4.09679896151e-09 2.68935720763e-08 -3.12137496093e-08 3.31766448371e-09 3.04357988378e-08 -7.28555621936e-08 3.05374793968e-09 6.36798141553e-08 -6.57333258809e-08 -5.33054263194e-09 6.617091694e-08 -3.77026726015e-08 -1.34439754599e-08 4.53853261256e-08 -6.85011586093e-08 -1.09495423903e-08 7.547441694e-08 -1.52223614514e-08 -3.76078344536e-09 1.04008997064e-08 -5.80491464903e-08 -6.48099380752e-09 6.40128017256e-08 -6.8167509525e-09 5.16570445043e-10 1.37335234044e-08 -7.59239850835e-08 -8.95236753077e-10 6.54698307524e-08 -5.50672703341e-08 1.29259387939e-08 2.57695684145e-08 -2.38952968559e-08 1.41103586669e-09 2.50571431358e-08 -4.44629619107e-08 4.1820948385e-09 3.4050859434e-08 -4.12823356396e-08 -6.37187854631e-09 5.25537278494e-08 -6.05592229044e-08 8.05666972697e-10 5.19839045955e-08 -4.87223743764e-08 9.89145525061e-09 3.16107145399e-08 -6.90463080133e-08 -1.4964819277e-08 7.78355816299e-08 -4.25443558202e-08 -1.90429702091e-08 6.85606476933e-08 -4.65263718202e-08 -2.75797540494e-09 3.99537528284e-08 -6.12773021803e-08 4.0933494397e-09 3.82906519913e-08 -7.32418218435e-08 -2.71850877264e-09 7.7786707629e-08 -4.3794190448e-08 1.54631480858e-08 5.10669520006e-08 -4.9513227853e-08 -1.32603097095e-09 3.87511611703e-08 -5.54219041302e-08 -1.58763852144e-08 7.6141849567e-08 -7.18616436535e-08 -2.63789359842e-09 8.53411681443e-08 -5.15394740384e-08 -1.16849526855e-08 4.35849690318e-08 -6.59176626687e-08 -8.06563708863e-09 7.83166812017e-08 -3.2833326475e-08 -4.68550120283e-10 1.1132324487e-08 -3.87100559454e-08 2.68908862105e-09 3.63126513825e-08 -4.32968497355e-08 -1.8329734487e-08 7.33115844894e-08 -7.04056338476e-08 -4.90555664424e-09 7.45493681001e-08 -2.96385784807e-08 -4.6786773747e-09 5.24771602262e-08 -8.31559864557e-08 8.53592776639e-10 3.61642702924e-08 -1.53445214007e-08 1.86385244187e-10 3.22399042132e-08 -6.68342319799e-08 2.01124107911e-08 5.86950836745e-08 -2.47364282017e-08 -1.37371146071e-09 4.17465238166e-08 -4.25286110654e-08 -3.21293136393e-08 6.60030708743e-08 -5.43055190556e-08 -2.65926410819e-09 6.74790977757e-08 -2.1627239638e-08 -1.068693545e-08 5.10086726756e-08 -5.82859540867e-08 -5.8970126483e-09 6.78662145498e-08 -3.79928295245e-08 -7.16424295841e-09 5.19073153638e-08 -6.68416989875e-08 -3.35573524203e-09 7.69070678161e-08 -6.7958139091e-08 6.09380238536e-09 5.97490651206e-08 -8.74653417985e-08 1.04151753453e-08 5.90380582856e-08 -6.1870577635e-08 4.79405042153e-09 6.66122182367e-08 -3.93931233822e-08 1.72144240412e-08 6.6497296386e-08 -7.28707187386e-08 -2.07478546087e-09 7.08608765517e-08 -5.99073802155e-08 1.48957472771e-09 5.47191023514e-08 -1.71346598157e-08 -1.918310916e-09 8.23458873771e-09 -2.5357562334e-08 1.31248197838e-08 2.18747822328e-08 -4.52824438482e-08 -4.46622825549e-09 3.90821482712e-08 -7.59300434532e-08 7.05867562479e-10 7.24089217309e-08 -4.72322729521e-08 1.99901510246e-09 3.5942312506e-08 -6.63564966913e-08 9.75553282802e-10 6.87788714248e-08 -2.46268735916e-08 -3.43215713602e-09 3.39646819068e-08 -6.89282703527e-08 6.20053055592e-09 7.296453438e-08 -3.12585622853e-08 -2.38185107062e-08 6.7645583828e-08 -3.27678455666e-08 -1.16328398871e-08 5.77146317828e-08 -4.08861887581e-08 -1.92962561912e-08 6.21881109254e-08 -2.89364686815e-08 -4.37245959051e-09 2.83476179082e-08 -6.586187034e-08 2.58538197645e-10 6.88092371334e-08 -4.26958977702e-08 -8.88229031044e-09 4.51835186718e-08 -1.2829680426e-08 -4.30852128236e-10 2.4643779522e-08 -3.88171270057e-08 8.90953977761e-10 7.72439162955e-09 -4.0067333432e-08 8.39150301096e-09 3.28711230661e-08 -4.85845391218e-08 -6.55019173204e-09 6.78287805777e-08 -8.0192154083e-08 -1.76483686334e-10 6.82608587059e-08 -7.11690263475e-08 5.29935344277e-10 7.87277767641e-08 -3.71927241793e-08 -7.14191097896e-09 3.54996911842e-08 -7.17928038085e-08 5.66979365534e-09 7.1136687954e-08 -2.55750970592e-08 1.10851491796e-08 1.84159930333e-08 -1.25518581913e-08 -6.59298052787e-09 1.59861493139e-08 -3.03555424359e-08 0 3.12384297347e-08 -7.67981912884e-08 9.47926762834e-09 6.55862772405e-08 -7.72567208628e-08 4.36177563253e-09 6.4997622928e-08 -7.24671766091e-09 -4.60914165854e-09 1.26532030073e-08 -3.1992289363e-08 1.17326552145e-08 2.86314493632e-08 -7.02988650196e-08 -1.55930740526e-09 7.28959879453e-08 -3.39127213722e-08 5.56775905345e-09 3.24551668948e-08 -2.00543629623e-08 4.63677980813e-09 4.35541718567e-08 -3.8985384227e-08 -4.08330575449e-09 3.25300453089e-08 -7.77634600571e-08 3.28498034258e-09 7.0723680911e-08 -4.17354929464e-08 -6.46128185711e-10 5.05467027267e-08 -7.00431108404e-08 -6.40232403175e-09 6.55947673841e-08 -7.89301858397e-08 4.97636562654e-09 4.25634705007e-08 -6.5142038495e-08 9.91620353541e-09 4.06502104492e-08 -3.2675588675e-08 -1.09723152814e-09 5.41882394131e-08 -3.98163541192e-08 -7.33843564095e-09 1.91164196393e-08 -7.28984921282e-08 3.57070794932e-09 7.35934250651e-08 -7.34591488562e-09 -1.40835561517e-09 5.91886172153e-08 -6.17993692313e-08 -6.87941224837e-09 7.60216885062e-08 -3.20500278286e-08 -3.16000862824e-09 3.42043326992e-08 -4.49045404489e-08 2.0456050332e-09 3.68749542634e-08 -2.00015939869e-09 0 8.04334592072e-10 -3.23533245695e-08 9.01158285793e-09 3.49575200792e-08 -6.73915695834e-08 8.3461659468e-09 6.49709789542e-08 -6.37250360025e-08 1.40245203416e-08 3.46855745003e-08 -6.7547804441e-08 1.91543448061e-08 3.89169356617e-08 -6.83177590643e-08 9.54184163729e-09 6.22555783362e-08 -6.72527550875e-08 -1.26151788709e-10 7.11193311811e-08 -5.55663902802e-08 9.1015286968e-09 5.8720830664e-08 -5.35609326603e-08 -2.87329320873e-09 7.81991487983e-08 -5.19665220238e-08 5.79174265096e-09 2.01629518147e-08 -3.22256699562e-08 6.69925038603e-09 3.22072979047e-08 -5.41783427047e-08 9.56567185674e-09 3.89268113168e-08 -6.1625165552e-08 -3.18819880608e-09 7.06402429061e-08 -3.7851971074e-08 1.03770214257e-08 4.87173977833e-08 -4.77638261031e-08 -8.17774134894e-09 4.58728014024e-08 -4.61374095841e-08 4.86185574911e-10 2.66861178087e-08 -3.92627781336e-08 1.11915444556e-09 4.0561576424e-08 -6.32712664646e-08 1.86289744865e-08 3.40374640709e-08 -2.70162670634e-08 -5.32094647852e-09 2.79514046431e-08 -5.7406193457e-08 -8.02546767626e-09 7.18228403972e-08 -5.62084053843e-08 -8.14838097019e-09 8.03575583171e-08 -7.66036314127e-08 9.28332383042e-09 7.51623999852e-08 -8.80739350361e-08 -9.69466667586e-09 8.39377477846e-08 -6.3971055711e-08 3.34732798987e-09 4.89445506178e-08 -6.54926746872e-08 -1.05405585458e-08 7.39838420209e-08 -4.464896494e-08 3.99812264133e-09 3.55871099368e-08 -6.8755304759e-08 3.70443186912e-09 5.30824759555e-08 -6.17079425336e-08 -6.84395347845e-09 6.84915945389e-08 -6.25387639813e-08 -5.49885544529e-09 6.87383287049e-08 -2.19945764091e-08 1.67275003052e-08 3.84816660347e-08 -3.88602920082e-08 6.93621215539e-09 3.84551944239e-08 -5.33399268232e-08 1.81000122983e-08 4.00977131875e-08 -1.55099068886e-08 4.4237350436e-09 4.68193775955e-08 -4.70483509614e-08 6.40424313649e-11 3.74393628937e-08 -8.04295332924e-08 1.73821970534e-08 5.75822885617e-08 -2.8610268393e-08 -3.02001059756e-09 3.51256506619e-08 -3.67203925192e-08 -2.04380778751e-12 3.92156047382e-08 -4.45617515738e-08 1.54466573953e-09 4.49351809867e-08 -7.6492970665e-08 1.98691600425e-08 5.5420850053e-08 -5.77940998822e-08 1.10072132964e-08 3.55778818962e-08 -3.26746969699e-08 -6.27460918706e-09 2.97372426526e-08 -4.00419509904e-08 -5.51975755328e-10 3.16123272524e-08 -7.18564099923e-08 3.40237349346e-09 7.5299045601e-08 -5.51201685291e-08 1.63142130266e-09 2.25407014392e-08 -9.30744089713e-09 2.55309495944e-10 6.01751453716e-08 -7.58814330132e-08 1.52556204433e-08 6.592732161e-08 -4.11934385574e-08 -3.7237165454e-10 3.68628513838e-08 -8.12111263564e-08 4.23371930415e-09 7.15842165801e-08 -4.91544667293e-08 -8.02820062133e-09 6.83524479431e-08 -7.41721318575e-08 4.10712869385e-09 6.96318216893e-08 -4.51156010224e-08 1.98878861025e-08 3.48384818553e-08 -3.57704791774e-08 -5.55661830384e-10 2.77318060924e-08 -6.48669097141e-08 -1.05799246439e-09 6.47047002169e-08 -2.51475975715e-08 -4.91890148065e-09 2.8179464638e-08 -7.30285805975e-08 5.73222425694e-09 6.89830275986e-08 -4.06547157095e-08 -1.57407279396e-08 7.04919352994e-08 -4.4386475896e-08 7.92588016301e-09 3.95839965973e-08 -6.23321679775e-08 2.49194729799e-09 6.0313016055e-08 -1.73446686413e-08 -8.01036242719e-10 1.88699998505e-08 -1.92664865584e-08 1.28922140599e-09 1.88027260439e-08 -7.49603232323e-08 -5.93411835583e-09 7.534774368e-08 -2.89647004992e-08 -2.18717585135e-09 5.55908198445e-08 -7.12288297098e-08 -2.73012060415e-09 5.96550533929e-08 -2.04972623249e-08 1.83175984893e-09 2.63922994176e-08 -4.72677674288e-08 1.72832213039e-09 4.07763864732e-08 -4.61600507651e-08 -2.53552333399e-09 3.7193211674e-08 -7.40489390485e-08 1.98179885192e-08 5.85678295275e-08 -7.29208469464e-08 6.00502566695e-09 6.38616535732e-08 -6.31478444736e-08 6.2025913937e-10 5.78689655167e-08 -3.40428959629e-08 4.4005218985e-09 2.68271535543e-08 -4.14138797749e-08 -9.19944620117e-09 6.38052427672e-08 -5.56609576387e-08 1.96979799247e-08 4.20582346347e-08 -6.71207539913e-08 9.90699259879e-09 6.34304308901e-08 -6.79143892487e-08 -8.84004560425e-09 7.90411150922e-08 -7.57899225831e-08 2.52419645477e-09 7.42888079488e-08 -8.07716100452e-08 -2.20739598998e-10 6.54904839293e-08 -4.26913539747e-08 4.97028135892e-09 3.49747483014e-08 -6.86880850539e-08 -2.70926935009e-09 7.17928295109e-08 -7.59085109589e-08 -4.14674849059e-09 7.75460787604e-08 -2.53948138524e-08 -6.16142929688e-09 4.96802198574e-08 -7.27706465555e-08 -2.25962149481e-09 6.70500051168e-08 -3.03555424359e-08 0 3.12384297347e-08 -2.58991147095e-08 -4.10213937971e-09 5.47283037658e-08 -3.61643883245e-08 1.49814190204e-09 3.74337311616e-08 -6.73312515176e-08 -2.39678763658e-09 6.12320498746e-08 -5.17366763319e-08 -8.0467971561e-09 5.63848736394e-08 -2.88891904109e-08 5.19596121304e-09 7.95382613119e-09 -3.05858754891e-08 -2.34247584761e-08 3.91916448004e-08 -7.3251989909e-08 -6.97378640496e-09 8.48957596005e-08 -6.93318507222e-08 5.94144203037e-10 6.45407228436e-08 -4.61971628773e-08 -3.1892851268e-08 4.0242571651e-08 -3.12445339652e-08 -1.53130373334e-08 5.27396862707e-08 -5.52297403315e-08 -3.32412459602e-09 5.5370028832e-08 -4.49961366909e-08 -1.04790525018e-10 4.86494705136e-08 -4.31463163872e-08 1.68629356864e-09 3.14002702569e-08 -5.77839541526e-08 -1.4501290762e-09 5.97565627269e-08 -4.09460839932e-08 -2.46034468822e-08 3.89545515025e-08 -7.47307577995e-08 -1.25202905125e-08 7.31366717214e-08 -4.67041355198e-08 -2.49549049416e-08 6.84688848585e-08 -6.28577034252e-08 7.42273190452e-09 7.05595609602e-08 -7.07740629936e-08 -2.84158295557e-09 7.24411332726e-08 -6.29859992665e-08 -1.05337426623e-08 7.73644686425e-08 -6.14038582175e-08 -2.03735037945e-08 8.26719723018e-08 -3.32604142427e-08 -1.27573419433e-09 4.008516999e-08 -7.13502911437e-08 3.01579714422e-09 6.28894537012e-08 -6.32861537255e-08 4.28703597548e-10 4.47894062452e-08 -3.13446727384e-08 2.69372943241e-09 3.95573869441e-08 -6.80890218878e-08 3.34781592036e-09 6.52483604058e-08 -2.7994263858e-08 0 2.77326699831e-08 -8.15493003975e-08 1.06889900858e-08 5.92232162553e-08 -3.90604259248e-08 -2.71123869385e-09 4.90551658716e-08 -5.81549824433e-08 5.10640808101e-09 6.11742869384e-08 -2.83309501166e-08 -2.61815745425e-08 3.60648003556e-08 -3.94459511441e-08 5.45777454268e-09 3.26373714876e-08 -4.3611453322e-08 -9.72739796039e-10 3.47433322803e-08 -5.90974510132e-08 -2.66961074547e-10 6.79313870703e-08 -6.97421563585e-08 3.24507448229e-09 7.43474613421e-08 -7.04610093292e-08 1.56502957778e-10 6.60990447196e-08 -1.47088158052e-08 -1.04325784554e-08 3.38078347958e-09 -6.43245376139e-08 -3.49805261583e-09 7.26199381083e-08 -2.28389122628e-08 5.70374171456e-09 5.15603049443e-08 -4.79856215805e-08 1.26419463913e-08 4.04896433738e-08 -7.87463808261e-08 -3.08161492997e-09 7.54562349482e-08 -7.91055251107e-08 2.70010601888e-09 7.64483324666e-08 -6.55995246251e-08 5.63418367775e-09 5.58702642958e-08 -4.82768835455e-08 3.4271420647e-09 2.59604223721e-08 -6.63298205176e-08 8.4384516142e-10 7.78889698447e-08 -6.29208659075e-08 -1.22690799871e-08 7.41100801566e-08 -7.47786305889e-08 -1.23100776968e-09 7.60704214919e-08 -7.66505996606e-08 5.45479791893e-09 6.68443837544e-08 -6.62724871097e-08 5.72503289438e-10 7.2902453804e-08 -4.01208615397e-08 8.50672326142e-09 3.2803303031e-08 -7.52724646375e-08 -5.59994274022e-09 7.98611863802e-08 -4.07836885738e-08 -6.45251146703e-09 8.33346046853e-08 -5.79114078714e-08 -6.39914143209e-09 7.47181760299e-08 -3.32231934401e-08 0 3.30232783439e-08 -3.96640985153e-08 -2.68547030794e-08 5.95763926063e-08 -4.58948130743e-08 3.74079109512e-09 4.93168983597e-08 -7.03724666158e-08 -1.4907122215e-09 7.251432259e-08 -7.65180493223e-08 2.015047809e-09 7.39379561944e-08 -3.83319708009e-08 -1.24527066448e-08 6.76926095829e-08 -6.35003100155e-08 -8.48870975375e-09 6.72935516834e-08 -6.74117272489e-08 8.03175457547e-09 6.49712475838e-08 -3.74818125732e-08 -1.50829669959e-08 5.99298626015e-08 -6.75840508712e-08 2.19069261261e-08 3.53103952786e-08 -7.33030717067e-08 7.16157816743e-10 7.44863583515e-08 -7.99689934644e-08 1.08465291978e-08 6.45418922724e-08 -6.15796976201e-08 9.70969913066e-09 4.25665243074e-08 -6.7987175837e-08 9.89464075986e-10 7.07176143296e-08 -6.25125819583e-08 -8.63375475797e-09 2.09734127885e-08 -7.11344838291e-08 -8.33859798432e-10 6.61483970373e-08 -6.88843689248e-08 -2.86040781722e-08 3.81520029603e-08 -8.54164693662e-08 1.56141169801e-08 5.93645665444e-08 -4.80898685828e-08 -2.57224079416e-09 4.76639464479e-08 -7.40950161988e-08 1.31633701218e-08 6.90935794121e-08 -6.91892943543e-08 1.74489407672e-09 7.53140027007e-08 -7.14538157944e-08 -5.39478775868e-09 7.38330984719e-08 -5.18583157234e-08 8.53580846076e-09 3.90561582996e-08 -2.64710757572e-08 -5.85334391662e-09 3.58591861192e-08 -9.0570892579e-08 8.51158907286e-09 7.32330604419e-08 -4.27323242542e-08 1.88189356142e-08 3.53893647451e-08 -3.48420775229e-08 -2.59416908584e-09 5.57985513731e-08 -7.80663401893e-08 -2.12936827923e-11 6.90969333539e-08 -4.37319069814e-08 3.95517073412e-09 3.58821853948e-08 -1.57111566188e-08 2.67026795665e-10 2.49177253837e-08 -6.97401521325e-08 9.80472946392e-10 7.76989791418e-08 -7.39058664607e-08 1.87104943206e-08 7.70617549421e-08 -3.53757178164e-08 2.59113937872e-08 3.60670010876e-08 -6.87370079916e-08 -9.02344345834e-09 6.96334120293e-08 -4.49073492571e-08 3.0045572656e-08 5.53290992723e-08 -7.39529819867e-08 8.37276168238e-09 6.96709645497e-08 -7.74569447251e-08 9.00994882249e-10 6.87723323631e-08 -5.89301000121e-08 -9.29136117851e-09 6.3509026492e-08 -6.79394062573e-08 1.64833675005e-08 4.06319605754e-08 -4.35055592983e-08 -7.9965809149e-09 8.82241513583e-08 -7.80249261008e-08 2.23016631938e-09 6.99248306397e-08 -6.56161790561e-08 -5.8892179406e-09 7.42166542806e-08 -5.25486150421e-08 -1.57365474419e-08 7.29658770538e-08 -6.77740992742e-08 2.99825886576e-09 7.07602703883e-08 -7.32710475396e-08 -1.40456957112e-09 7.24149473659e-08 -6.95602121159e-08 -1.08514680705e-08 6.59789914088e-08 -7.28714230592e-08 3.16972330849e-09 6.72498606393e-08 -5.16367939045e-08 5.70178043128e-09 3.5144418252e-08 -6.9075981515e-08 -3.53597949753e-08 6.23754331841e-08 -4.3997214289e-08 -6.88610386394e-09 6.18975576489e-08 -6.68131316628e-08 6.2289416844e-09 6.45266153953e-08 -6.52412426075e-08 -1.33751602019e-08 7.57050007185e-08 -5.79171287332e-08 -1.12424552513e-08 7.63138346492e-08 -3.79889497288e-08 -1.57752519535e-08 5.90044645473e-08 -7.68208395562e-08 5.47414645542e-09 7.4304891745e-08 -5.80721679703e-08 -9.31670172578e-09 8.48989628971e-08 -3.98366569963e-08 8.14232914387e-10 4.06592112901e-08 -4.32356268792e-08 1.03700974431e-09 4.00569752612e-08 -7.49065790756e-08 5.59157962418e-09 8.32179756797e-08 -4.72619739113e-08 4.09975165263e-09 4.18655415997e-08 -3.47336072695e-08 1.25457229173e-09 3.12484079584e-08 -7.93387708118e-08 4.44546441901e-09 7.90491590076e-08 -3.43095081441e-08 -1.693629757e-08 6.23767415416e-08 -6.94316775748e-08 -9.85703882244e-10 7.17489815617e-08 -7.10326724085e-08 1.65884110058e-09 7.27540931595e-08 -3.55801200153e-08 1.7651998889e-08 6.48395866146e-08 -6.68173471957e-08 -7.4839319574e-10 6.74860348794e-08 -6.56635446013e-08 1.60227905508e-08 3.39268410107e-08 -5.68607861863e-08 -1.55146200485e-08 6.50336848911e-08 -8.22733503432e-08 -4.15132352914e-09 7.68484752317e-08 -7.44832701818e-08 -1.03715581244e-09 7.06131355826e-08 -6.71641672217e-08 5.79282394181e-10 6.72101516338e-08 -3.03555424359e-08 0 3.12384297347e-08 -3.62704165486e-08 1.10547775169e-08 3.91574200361e-08 -6.5447023043e-08 1.45114197288e-08 5.1504296115e-08 -5.33527051335e-08 -5.07229706289e-09 7.07393045721e-08 -7.50408597792e-08 2.00212566466e-09 7.17483084552e-08 -8.73485326302e-08 1.35663132148e-08 6.85636960397e-08 -8.23546936862e-08 -6.7129839631e-09 7.91688759288e-08 -3.12300297686e-08 -6.73996897605e-09 3.47384747361e-08 -6.55364791476e-08 5.30769412365e-09 7.69298910176e-08 -7.62662059394e-08 9.93201688288e-09 8.08422150681e-08 -6.98939616412e-08 -7.0900844145e-10 7.97302200124e-08 -8.04152741316e-08 -4.72509988174e-09 7.71351204087e-08 -5.31661871342e-08 3.60627415175e-09 3.8230836002e-08 -7.34254778249e-08 2.09442909883e-09 7.46722060955e-08 -6.73380116066e-08 -1.40449927764e-08 7.73002409218e-08 -3.21725114878e-08 3.72521854224e-09 3.51703951976e-08 -4.46639569559e-08 2.26494930284e-08 2.79793301097e-08 -7.63145240162e-08 -1.51053712671e-08 8.48332002307e-08 -7.17613969638e-08 6.97123214723e-10 7.33429166778e-08 -6.66218084943e-08 0 6.83549662138e-08 -7.57798424427e-08 -3.85590928998e-10 7.54414493868e-08 -7.53069625667e-08 1.83254497928e-09 8.01323609012e-08 -6.34407010219e-08 0 6.6987087158e-08 -4.3451844565e-08 2.82480259242e-09 3.39100488645e-08 -3.56159291089e-08 -8.66128164955e-09 7.51373655947e-08 -6.78066858255e-08 -9.37385742522e-09 6.46198262396e-08 -8.79161274513e-08 7.80635760061e-09 7.42737691733e-08 -3.72960078052e-08 -1.9046951615e-08 6.08229133725e-08 -7.1186365853e-08 -1.21070211408e-10 6.2302100188e-08 -7.32950020974e-08 5.35831758156e-09 6.34892911113e-08 -7.53658957535e-08 2.52541148118e-09 7.05219864374e-08 -8.26309174048e-08 3.16227667246e-10 7.79998533408e-08 -7.57822455667e-08 6.9917242759e-09 7.23070022405e-08 -4.34070557587e-08 -1.96862366322e-09 2.83971393758e-08 -6.96816930033e-08 5.3805843284e-09 7.3083876054e-08 -8.24282609148e-08 4.02331225489e-09 7.58036992214e-08 -8.29322681867e-08 -3.85742160205e-09 7.36610987566e-08 -7.71785322677e-08 8.74786101531e-09 7.31721411781e-08 -5.06054706867e-08 -1.41998167024e-08 6.2623214364e-08 -6.99250913238e-08 -1.28958951754e-08 8.32259768804e-08 -7.05986541373e-08 8.19269723839e-09 6.4391467782e-08 -6.54755236402e-08 -4.30263524777e-09 7.22676306656e-08 -7.12065153032e-08 6.08039894556e-10 6.78501349698e-08 -8.0894105148e-08 1.82962881169e-09 7.83551607063e-08 -6.2985153704e-08 -1.5640130686e-08 7.81067215661e-08 -7.2522002524e-08 3.51217943118e-09 6.56581080367e-08 -7.24478339828e-08 -2.10859700685e-10 6.54159102087e-08 -7.46370485206e-08 3.31029732279e-09 6.62022636723e-08 -4.32360346276e-08 -5.35317193354e-09 5.86955163306e-08 -2.96534212244e-08 0 2.98922991951e-08 -6.49288320584e-08 5.24731579819e-09 6.71624058742e-08 -6.83579880638e-08 3.40305612215e-09 7.37471150944e-08 -8.71442347774e-08 -1.7050167273e-09 8.23031744119e-08 -5.9620336357e-08 -2.31265348561e-09 5.57451595602e-08 -4.93748098522e-08 3.15638592777e-08 5.97514562405e-08 -5.74393476127e-08 4.70386870148e-09 6.51072860854e-08 -7.38427551598e-08 2.22746480249e-09 8.61262526853e-08 -6.09188800132e-08 -1.20820468867e-08 7.36900619808e-08 -8.89137858237e-08 1.55797739487e-08 7.14852094347e-08 -6.66819911748e-08 0 6.87948047456e-08 -7.80477762395e-08 -6.00506513004e-09 8.54262346994e-08 -8.18314758912e-08 -3.39127438192e-09 7.51947049075e-08 -6.15665454967e-08 2.02878479048e-10 6.77285743008e-08 -8.79169914121e-08 1.23269539224e-08 6.16037610291e-08 -5.46346241354e-08 -4.93499699389e-09 3.64145361911e-08 -7.03137687393e-08 -1.15851402717e-08 7.29442113151e-08 -7.68339175644e-08 9.51920477666e-09 7.17122139404e-08 -6.68620200079e-08 1.67020569278e-09 6.67126926326e-08 -6.10088969558e-08 -9.72682289974e-09 6.80959826672e-08 -2.10651001057e-08 3.72357121077e-09 1.29966528876e-08 -7.93746632453e-08 -6.27739417429e-10 7.55108031663e-08 -6.67292855405e-08 -2.88783663835e-09 7.05379930052e-08 -7.9509871406e-08 4.94756204394e-09 8.57653287558e-08 -6.3059974141e-08 2.68082905002e-09 6.25875941646e-08 -4.3381703939e-08 7.311009623e-09 3.96462914354e-08 -6.9203939707e-08 5.76617508663e-09 6.26218358391e-08 -7.06901824366e-08 4.54622568067e-09 7.06628923376e-08 -7.15216216777e-08 3.17285365436e-08 4.28860376519e-08 -7.97974108809e-08 8.25346328556e-10 8.38761947831e-08 -3.07527259006e-08 -9.25701833861e-09 6.34844564848e-08 -7.40241354911e-08 4.40051348911e-09 6.90546779268e-08 -6.82908387796e-08 1.78569125599e-08 5.11311028428e-08 -7.01747093298e-08 -3.32007059144e-09 7.80659903207e-08 -6.63091665132e-08 -2.10493778908e-09 6.66273702967e-08 -7.43366573059e-08 1.86934373059e-09 7.67225678676e-08 -8.1047510894e-08 4.43864478456e-09 7.93100646762e-08 -6.79260441007e-08 -2.40133574501e-09 7.40616766688e-08 -3.36923891723e-08 0 3.20092158442e-08 -7.80851224039e-08 -6.59996504143e-09 8.08962762612e-08 -5.54634355418e-08 -1.13433095647e-08 6.75805073075e-08 -4.92511204334e-08 4.30414666543e-10 4.42723257995e-08 -5.76867922179e-08 4.43635427074e-09 5.68695899607e-08 -7.11854236397e-08 -1.46914451956e-08 7.26139519095e-08 -7.40911719836e-08 1.39514707366e-08 6.92639694628e-08 -6.5175983795e-08 0 6.63485609691e-08 -6.03948161537e-08 1.95903214616e-08 4.67190227281e-08 -7.47629899625e-08 1.13225652736e-08 6.56251557077e-08 -6.96827052365e-08 -4.90515337302e-09 7.18168185506e-08 -6.43797911612e-08 -1.07173580549e-08 7.14459311031e-08 -7.09669368938e-08 -1.06901084451e-08 7.45964281136e-08 -8.29355087251e-08 -2.0416666688e-09 6.41450606408e-08 -2.52791617404e-08 -1.41025209837e-08 3.93799949392e-08 -7.05527883427e-08 1.72295254448e-09 6.68489371006e-08 -6.24069728897e-08 -1.39039585724e-08 7.80092163101e-08 -3.8074527007e-08 -2.2126412239e-08 4.5801687323e-08 -7.86449411535e-08 1.14013026623e-08 6.31868241062e-08 -7.36422479586e-08 -2.03064171147e-08 7.8329773928e-08 -6.28932518796e-08 1.42605228664e-08 6.90168617683e-08 -6.74050327827e-08 -6.55013197495e-09 8.91158002362e-08 -6.34088749638e-08 -8.87667569065e-09 7.90828763357e-08 -7.97196230823e-08 1.02911965269e-08 8.14169088683e-08 -4.0134694689e-08 1.40652964597e-08 5.11184865999e-08 -4.92005470832e-08 -7.19239522758e-09 3.4600030127e-08 -6.99095216041e-08 -2.11601269537e-09 6.50629444584e-08 -8.3600536442e-08 -3.80410627291e-09 7.94189805851e-08 -2.96534212244e-08 0 2.98922991951e-08 -9.05255666255e-08 5.51818570089e-09 7.16385027907e-08 -6.48453419653e-08 -1.40681328894e-08 8.57610573312e-08 -5.58005975059e-08 3.48500860703e-10 5.56826679731e-08 -5.80674717764e-08 3.17676191333e-09 5.79070421391e-08 -3.36923891723e-08 0 3.20092158442e-08 -7.09863719077e-08 1.88360594427e-09 6.76673067875e-08 -6.07001153363e-08 -9.00498063645e-09 6.55358886258e-08 -7.93331677418e-08 4.43281221797e-09 7.62866021749e-08 -6.46688310063e-08 -3.68678198561e-09 7.4623167456e-08 -6.97565584152e-08 5.46633340374e-09 6.85475777828e-08 -2.74018460114e-08 1.97528483561e-08 2.96429966751e-08 -6.93835498623e-08 -1.33488863475e-08 7.74325392734e-08 -6.00757870661e-08 0 6.01773396544e-08 -5.9716764006e-08 0 6.04151813968e-08 -7.45077121624e-08 -4.32810834969e-09 7.00734699676e-08 -7.21652828683e-08 3.48238386195e-09 6.2889468584e-08 -2.00015939869e-09 0 8.04334592072e-10 -6.075949686e-08 -5.68882863834e-10 6.89977623022e-08 -7.63679023773e-08 7.99129587534e-09 6.24748771674e-08 -8.26076379177e-08 4.228613525e-09 8.4638844551e-08 -5.69808658847e-08 -4.90401382989e-09 6.32482196913e-08 -7.83174933557e-08 -6.81207267676e-09 8.51866817856e-08 -7.72371389228e-08 1.61347956629e-08 6.992729011e-08 -6.80039229685e-08 4.32756798528e-09 7.09159928661e-08 -6.56292579135e-08 9.36841549871e-09 7.0093443748e-08 -8.80972817848e-08 -1.07912568154e-08 8.9806477395e-08 -6.80214437773e-08 -3.88533886139e-09 7.36889939153e-08 -6.67000786158e-08 0 6.67679287086e-08 -7.68226387049e-08 -1.15363593647e-08 7.22070135486e-08 -6.97103973686e-08 4.42098380252e-09 7.58335704624e-08 -7.06238743512e-08 2.26660753831e-08 6.27398940028e-08 -1.73301888481e-08 9.84400466503e-10 1.67335222002e-08 -7.50635656735e-08 2.34197240734e-09 7.34055164925e-08 -5.33368936637e-08 -1.2470837511e-08 7.66425345221e-08 -7.88828915117e-08 -1.39380745889e-08 7.64730720506e-08 -7.04962599726e-08 3.16748718429e-10 6.50069424783e-08 -4.3913438893e-08 -2.31858916571e-09 4.32131575218e-08 -6.68790250187e-08 4.00393019059e-09 6.69506728679e-08 -6.08012309675e-08 -1.13161713045e-08 7.86293632309e-08 -6.47409478504e-08 -2.85878183019e-08 7.02423121324e-08 -6.63056887566e-08 7.87491887855e-09 6.56964676642e-08 -7.11346547946e-08 -1.13173811097e-09 5.86988368967e-08 -7.58199857968e-08 -2.51012515126e-09 7.79183645647e-08 -7.82929775831e-08 4.16835972847e-09 7.39165826366e-08 -8.56367162112e-08 4.38861267864e-09 8.07153460523e-08 -7.00625224588e-08 -2.11193529458e-08 7.63928252483e-08 -7.60152494567e-08 1.45661701694e-08 6.26834570264e-08 -6.85923051888e-08 1.11855126631e-08 7.43141576706e-08 -6.6470699032e-08 -2.28969284693e-09 8.02944791235e-08 -7.3952496292e-08 -1.56189074858e-08 6.7600619799e-08 -4.02292867343e-08 -7.39706262251e-10 3.84658416273e-08 -6.00757870661e-08 0 6.01773396544e-08 -7.16673406826e-08 8.59246040393e-09 6.32949238542e-08 -7.71573859555e-08 -7.66322162877e-09 7.34792339459e-08 -7.94605755028e-08 -7.11140744437e-09 7.74838095814e-08 -6.42863364262e-08 -1.13227946042e-08 6.09375993144e-08 -7.68628675118e-08 8.25387642398e-09 6.7277775372e-08 -2.00015939869e-09 0 8.04334592072e-10 -6.65624066474e-08 1.36998691815e-08 6.08808724029e-08 -2.96534212244e-08 0 2.98922991951e-08 -7.34720229415e-08 -1.63734380062e-08 7.49428774477e-08 -6.88812403627e-08 2.37369763531e-08 6.09149527858e-08 -6.19842050993e-08 -5.63189816931e-09 5.99116203391e-08 -7.08766636926e-08 -2.60947750323e-08 7.453219481e-08 -7.82983385193e-08 -5.22756903818e-09 7.7010690122e-08 -7.3858530628e-08 -4.0108956065e-09 7.84013079484e-08 -5.70193768813e-08 1.42080465744e-09 5.25519413442e-08 -6.9383766143e-08 -2.08739440758e-09 7.29292616863e-08 -8.37170838012e-08 7.56933325382e-09 7.26701150005e-08 -7.12341740201e-08 -7.3207924988e-09 7.15157200975e-08 -7.462928655e-08 -5.83895200013e-09 8.19811228202e-08 -3.32231934401e-08 0 3.30232783439e-08 -3.36923891723e-08 0 3.20092158442e-08 -3.32231934401e-08 0 3.30232783439e-08 -6.91951896952e-08 -4.4527745942e-09 7.69891449514e-08 -7.79294256674e-08 -1.53090890296e-08 7.24487571903e-08 -7.5719327268e-08 -6.48120917492e-09 7.25474209267e-08 -8.38518455653e-08 -4.9798015633e-09 8.2793341199e-08 -7.44621409663e-08 -1.91743657044e-08 6.57036237213e-08 -7.71738272521e-08 2.94633813827e-09 7.73972473891e-08 -6.32714959395e-08 -1.35382480609e-08 8.03564777779e-08 -6.69832532787e-08 1.56238825644e-08 3.88145073067e-08 -7.42102913168e-08 -1.76643104362e-08 7.91021593215e-08 -3.46979399108e-08 3.58440409048e-09 3.48834921147e-08 -7.47520852955e-08 1.35484019774e-08 6.03302335928e-08 -7.53745311617e-08 2.34622383045e-09 8.00997107764e-08 -6.52235084984e-08 -1.61178273005e-08 7.69343465333e-08 -6.99762187501e-08 -2.51444600029e-08 6.97316003066e-08 -6.80008542896e-08 1.43483767066e-09 6.83965865909e-08 -7.7830520384e-08 -4.033050344e-09 7.13711029071e-08 -6.1300584156e-08 -5.02312038888e-09 7.54282298585e-08 -7.65787632868e-08 -7.40172077545e-09 8.15816562855e-08 -3.92437257575e-08 -3.11016727506e-09 3.91322130723e-08 -6.92234440329e-08 -1.73775800909e-08 7.09619611163e-08 -7.88592791274e-08 1.33335023911e-08 6.86511901354e-08 -8.30499793442e-08 1.01606643842e-08 8.20443795826e-08 -6.32159987037e-08 -1.07295598197e-08 7.23019874308e-08 -7.72825590253e-08 7.8191586895e-09 7.52382095405e-08 -8.55950031815e-08 8.92700610191e-09 7.19404782195e-08 -5.66476044072e-08 -4.80141907444e-09 6.92002068715e-08 -7.63695165329e-08 -1.18183984833e-08 8.38238455822e-08 -9.03645089759e-08 -1.18445276467e-09 8.04484310685e-08 -7.00730227995e-08 1.81346608531e-09 7.47101330128e-08 -8.5555174749e-08 1.20000008958e-08 6.60124524992e-08 -8.37798870629e-08 -5.10322331758e-09 7.69588317678e-08 -6.36237232448e-08 -1.87801699722e-08 6.52100279494e-08 -6.89396539398e-08 -7.11191529519e-09 8.56965024906e-08 -7.5746862589e-08 1.42511848224e-08 7.12745876304e-08 -7.36416581958e-08 -1.58918471991e-08 7.18386292811e-08 -6.4172284229e-08 -9.46956528115e-09 7.07633644479e-08 -2.00015939869e-09 0 8.04334592072e-10 -8.71298636026e-08 5.93562130756e-09 7.31085711464e-08 -7.11451761755e-08 1.12041055839e-08 6.83390423357e-08 -7.78132011841e-08 8.22874617775e-09 7.12035191682e-08 -6.17192775968e-08 7.95653944442e-09 5.38956426917e-08 -6.80336381946e-08 1.44253578006e-09 7.30321257219e-08 -8.26024245309e-08 -1.02098135441e-09 8.53960303646e-08 -5.82563600277e-08 4.34954353229e-09 6.08709604516e-08 -7.0509169604e-08 8.69115088473e-09 6.53495532214e-08 -7.58938789099e-08 -7.7039902105e-09 8.02659637087e-08 -6.99825128819e-08 2.15904080759e-08 7.598946764e-08 -1.85151395189e-08 -1.43580511361e-09 1.39192903022e-08 -7.15092438446e-08 1.4062093677e-08 6.84207591149e-08 -7.10647001218e-08 -4.38166940754e-09 7.80973713059e-08 -8.08663540673e-08 1.33314458472e-09 8.11806073924e-08 -7.01951132332e-08 -8.21891817126e-09 7.4541650201e-08 -8.10720728655e-08 -7.60539013461e-09 8.36536459345e-08 -7.04768838466e-08 -4.55373471313e-09 7.72482319665e-08 -7.47714442879e-08 -5.04005498273e-09 8.53814468464e-08 -7.58679198803e-08 -5.20103112133e-09 7.66347947221e-08 -7.55197033332e-08 -2.12057279708e-09 7.7360026984e-08 -6.73780034576e-08 0 6.59291776696e-08 -6.74220113733e-08 -1.95985789399e-08 6.81582711831e-08 -9.35601184941e-08 7.98099794918e-09 8.01797033297e-08 -3.75986701089e-08 -2.38984588635e-09 3.22184397655e-08 -7.19294529968e-08 -3.93197402021e-09 7.56464336954e-08 -7.31671738413e-08 1.0119734316e-08 6.36157822404e-08 -7.86275061079e-08 6.09871561288e-09 7.43543330623e-08 -7.80781367567e-08 1.50117284983e-08 7.64481019275e-08 -7.41673418389e-08 2.17899015393e-08 7.44201184762e-08 -6.66218084943e-08 0 6.83549662138e-08 -8.22976808461e-08 1.84924856494e-09 8.16812454499e-08 -7.6960018754e-08 4.73707839816e-09 7.78477137585e-08 -3.47276276912e-08 -1.15964579613e-09 4.24491232244e-08 -6.30871437243e-08 0 6.54110151365e-08 -7.19080562637e-08 -1.01789563966e-08 8.22733334824e-08 -6.6593170955e-08 -4.92635001964e-09 7.20039223125e-08 -6.95875576378e-08 -1.22621110719e-08 7.55079770882e-08 -6.4081571243e-08 -7.50178480087e-09 7.16326499111e-08 -3.54915930306e-08 -4.39704358568e-09 3.53911928933e-08 -7.08195507019e-08 7.98235014414e-09 7.05732071965e-08 -6.67000786158e-08 0 6.67679287086e-08 -3.53215471726e-08 -4.08942936256e-09 4.12691304236e-08 -7.45731891628e-08 2.30509975041e-08 6.28239767472e-08 -6.00757870661e-08 0 6.01773396544e-08 -4.24863782734e-08 -6.28448208824e-09 2.95186475671e-08 -6.91666860031e-08 0 6.57882317197e-08 -7.41494090299e-08 4.46577669431e-09 7.20181470586e-08 -6.5175983795e-08 0 6.63485609691e-08 -7.27468294539e-08 -1.42296771483e-09 6.92620227787e-08 -7.93243542928e-08 5.23701032725e-09 7.86334777871e-08 -8.15444540367e-08 -2.7522265174e-08 6.85710561588e-08 -7.24233941378e-08 -4.59374663593e-09 7.76289389932e-08 -6.11961036107e-08 1.56638938431e-08 6.87231264802e-08 -6.66218084943e-08 0 6.83549662138e-08 -6.53641847043e-08 0 6.69523385796e-08 -7.65703067563e-08 -2.05048553374e-08 7.33361968104e-08 -6.588525854e-08 0 6.73107447905e-08 -6.67538805221e-08 0 6.66686248538e-08 -6.97203078694e-08 -1.11113863678e-10 7.39135815385e-08 -6.67538805221e-08 0 6.66686248538e-08 -7.38557103838e-08 7.58217780152e-10 7.40061717655e-08 -7.99233639304e-08 1.49496855965e-08 6.58009829866e-08 -6.91666860031e-08 0 6.57882317197e-08 -7.5592433759e-08 9.05756336541e-09 7.24635877768e-08 -6.66819911748e-08 0 6.87948047456e-08 -6.60649071203e-08 2.532167342e-08 8.19385442808e-08 -6.34918636545e-08 0 6.43505059079e-08 -6.55065803583e-08 0 6.33570369051e-08 -6.19872410459e-08 0 6.60803788451e-08 -7.51186348681e-08 9.29186375019e-09 7.1661136056e-08 -7.63198122324e-08 2.82950822037e-09 7.22033973487e-08 -6.99372851338e-08 -1.76528546518e-08 7.41539917126e-08 -6.67377303234e-08 1.16376293489e-08 6.91954694316e-08 -6.30871437243e-08 0 6.54110151365e-08 -6.9152710182e-08 0 7.06402602269e-08 -7.48666559829e-08 1.08834791714e-08 7.72941404552e-08 -6.96504574186e-08 -1.65878525564e-08 6.94191202726e-08 -4.82364323302e-08 -9.05722887233e-10 4.02759612768e-08 -3.52876694717e-08 3.98577758645e-09 4.04784651831e-08 -2.17118667986e-08 -1.49339522284e-08 4.11456251055e-08 -5.13563616853e-08 -9.38602844295e-09 3.95947436334e-08 -6.33420368058e-08 3.78165306235e-09 6.16832092199e-08 -4.94634135377e-08 3.91639439559e-09 4.93638609999e-08 -6.22357061675e-08 1.18621539776e-09 5.57815371652e-08 -3.18838843418e-08 1.50355451901e-09 2.56806253801e-08 -1.77606257986e-08 4.03263113854e-09 1.53925054817e-08 -3.76086522058e-08 -1.24507684928e-08 4.18106147872e-08 -3.56944649709e-08 4.97655207891e-09 4.29212659114e-08 -5.7694639024e-08 1.00472224642e-08 3.33692302266e-08 -6.98069796476e-08 2.06449754831e-09 6.67766399585e-08 -6.85144738599e-08 -2.09282934054e-08 6.88926896952e-08 -6.53641847043e-08 0 6.69523385796e-08 -3.43422925244e-08 -5.60915279888e-09 2.87566645263e-08 -3.17423391644e-08 -1.39329363599e-08 3.02033012281e-08 -4.57439990275e-08 -1.26626239839e-08 4.80646560738e-08 -4.75959213189e-08 -2.17028478053e-09 5.34560596083e-08 -5.57991237502e-08 -3.75160447574e-09 3.58967667947e-08 -3.17588156729e-08 -7.39176694226e-09 2.55180631157e-08 -7.20651153085e-08 -1.43033693564e-08 8.4482976204e-08 -3.24040231939e-08 3.92782713817e-09 5.71897004662e-08 -3.84109405465e-08 -8.91326986717e-10 5.09844790613e-08 -4.16383258268e-08 -1.47198554687e-09 4.5462218667e-08 -7.33601087589e-08 3.25623058816e-09 6.7133586111e-08 -8.20757739277e-08 1.06635980688e-08 6.28772062851e-08 -3.86704504726e-08 -8.46513330616e-09 5.77217434647e-08 -6.96053384379e-08 1.36385293237e-09 6.80940319102e-08 -6.91820993047e-08 5.66698980165e-09 5.37319181925e-08 -6.30270183676e-08 5.97885070859e-09 3.88148190234e-08 -4.70065004685e-08 2.78144947474e-09 5.13707999952e-08 -5.14259717477e-08 8.15894169644e-09 3.84768483284e-08 -7.83070324801e-08 -1.20994664176e-09 6.22197849695e-08 -6.84169820405e-08 1.26829423917e-09 6.91608529932e-08 -8.67741485746e-08 1.05269851184e-08 6.83134586355e-08 -7.05316481242e-08 -3.77903421261e-09 7.77840956295e-08 -4.74344400931e-08 1.46117905309e-09 3.39843478909e-08 -3.60084547007e-08 -3.23730205778e-10 3.73140803186e-08 -5.7347739194e-08 -5.90727992675e-10 6.49507637918e-08 -4.80430262109e-08 -3.54203452466e-09 4.61677086842e-08 -6.9414230011e-08 1.29611496977e-08 6.4871078943e-08 -6.55065803583e-08 0 6.33570369051e-08 -3.11780071713e-08 -8.2309821619e-09 3.61198606613e-08 -3.61940667632e-08 -4.44236016493e-09 3.37960588574e-08 -6.39277242695e-08 -1.84593090706e-09 6.7964409745e-08 -6.17448733318e-08 6.09018430457e-09 4.7583315662e-08 -5.81015556454e-08 -8.09931919922e-09 5.16463099609e-08 -4.88079818204e-08 4.96080667562e-09 4.74309715863e-08 -6.34499764357e-08 -5.30570906259e-09 7.12005194381e-08 -3.68128883119e-08 -2.02524620666e-08 6.35589817594e-08 -4.4923612641e-08 -4.6002827452e-09 4.84577753998e-08 -3.38122942943e-08 -1.08430359448e-09 4.8942056609e-08 -4.26345076973e-08 -1.5586052421e-08 4.98747159163e-08 -4.51317358573e-08 -4.15085356948e-09 4.03007883185e-08 -6.64165091615e-08 3.3860096562e-08 5.69198971177e-08 -5.75182327065e-08 2.3088260683e-09 5.45183929833e-08 -6.59402618161e-08 -1.19283490814e-08 7.34334835737e-08 -6.73489753471e-08 3.62487903523e-09 6.28492421229e-08 -6.34918636545e-08 0 6.43505059079e-08 -6.45174737939e-08 -1.39731510822e-08 6.80297469114e-08 -4.72653385152e-08 -1.06991367304e-10 4.67847219955e-08 -5.22994199116e-08 1.68638495144e-08 4.39610597772e-08 -4.57601637264e-08 2.94736978975e-09 4.8461485099e-08 -4.13645727794e-08 -1.29260266596e-09 5.56380769241e-08 -8.4120437401e-08 4.58928499921e-09 3.73895369932e-08 -5.11507662059e-08 3.65477289255e-09 6.01052855738e-08</DataArray>
        <DataArray type="Float64" Name="ShellTopVonMises" format="ascii">0 0 0 0 0 0 0 0 0 0 0 0 0 0 0 0 0 0 0 0 0 0 0 0 0 0 0 0 0 0 0 0 0 0 0 0 0 0 0 0 0 0 0 0 0 0 0 0 0 0 0 0 0 0 0 0 0 0 0 0 0 0 0 0 0 0 0 0 0 0 0 0 0 0 0 0 0 0 0 0 0 0 0 0 0 0 0 0 0 0 0 0 0 0 0 0 0 0 0 0 0 0 0 0 0 0 0 0 0 0 0 0 0 0 0 0 0 0 0 0 0 0 0 0 0 0 0 0 0 0 0 0 0 0 0 0 0 0 0 0 0 0 0 0 0 0 0 0 0 0 0 0 0 0 0 0 0 0 0 0 0 0 0 0 0 0 0 0 0 0 0 0 0 0 0 0 0 0 0 0 0 0 0 0 0 0 0 0 0 0 0 0 0 0 0 0 0 0 0 0 0 0 0 0 0 0 0 0 0 0 0 0 0 0 0 0 0 0 0 0 0 0 0 0 0 0 0 0 0 0 0 0 0 0 0 0 0 0 0 0 0 0 0 0 0 0 0 0 0 0 0 0 0 0 0 0 0 0 0 0 0 0 0 0 0 0 0 0 0 0 0 0 0 0 0 0 0 0 0 0 0 0 0 0 0 0 0 0 0 0 0 0 0 0 0 0 0 0 0 0 0 0 0 0 0 0 0 0 0 0 0 0 0 0 0 0 0 0 0 0 0 0 0 0 0 0 0 0 0 0 0 0 0 0 0 0 0 0 0 0 0 0 0 0 0 0 0 0 0 0 0 0 0 0 0 0 0 0 0 0 0 0 0 0 0 0 0 0 0 0 0 0 0 0 0 0 0 0 0 0 0 0 0 0 0 0 0 0 0 0 0 0 0 0 0 0 0 0 0 0 0 0 0 0 0 0 0 0 0 0 0 0 0 0 0 0 0 0 0 0 0 0 0 0 0 0 0 0 0 0 0 0 0 0 0 0 0 0 0 0 0 0 0 0 0 0 0 0 0 0 0 0 0 0 0 0 0 0 0 0 0 0 0 0 0 0 0 0 0 0 0 0 0 0 0 0 0 0 0 0 0 0 0 0 0 0 0 0 0 0 0 0 0 0 0 0 0 0 0 0 0 0 0 0 0 0 0 0 0 0 0 0 0 0 0 0 0 0 0 0 0 0 0 0 0 0 0 0 0 0 0 0 0 0 0 0 0 0 0 0 0 0 0 0 0 0 0 0 0 0 0 0 0 0 0 0 0 0 0 0 0 0 0 0 0 0 0 0 0 0 0 0 0 0 0 0 0 0 0 0 0 0 0 0 0 0 0 0 0 0 0 0 0 0 0 0 0 0 0 0 0 0 0 0 0 0 0 0 0 0 0 0 0 0 0 0 0 0 0 0 0 0 0 0 0 0 0 0 0 0 0 0 0 0 0 0 0 0 0 0 0 0 0 0 0 0 0 0 0 0 0 0 0 0 0 0 0 0 0 0 0 0 0 0 0 0 0 0 0 0 0 0 0 0 0 0 0 0 0 0 0 0 0 0 0 0 0 0 0 0 0 0 0 0 0 0 0 0 0 0 0 0 0 0 0 0 0 0 0 0 0 0 0 0 0 0 0 0 0 0 0 0 0 0 0 0 0 0 0 0 0 0 0 0 0 0 0 0 0 0 0 0 0 0 0 0 0 0 0 0 0 0 0 0 0 0 0 0 0 0 0 0 0 0 0 0 0 0 0 0 0 0 0 0 0 0 0 0 0 0 0 0 0 0 0 0 0 0 0 0 0 0 0 0 0 0 0 0 0 0 0 0 0 0 0 0 0 0 0 0 0 0 0 0 0 0 0 0 0 0 0 0 0 0 0 0 0 0 0 0 0 0 0 0 0 0 0 0 0 0 0 0 0 0 0 0 0 0 0 0 0 0 0 0 0 0 0 0 0 0 0 0 0 0 0 0 0 0 0 0 0 0 0 0 0 0 0 0 0 0 0 0 0 0 0 0 0 0 0 0 0 0 0 0 0 0 0 0 0 0 0 0 0 0 0 0 0 0 0 0 0 0 0 0 0 0 0 0 0 0 0 0 0 0 0 0 0 0 0 0 0 0 0 0 0 0 0 0 0 0 0 0 0 0 0 0 0 0 0 0 0 0 0 0 0 0 0 0 0 0 0 0 0 0 0 0 0 0 0 0 0 0 0 0 0 0 0 0 0 0 0 0 0 0 0 0 0 0 0 0 0 0 0 0 0 0 0 0 0 0 0 0 0 0 0 0 0 0 0 0 0 0 0 0 0 0 0 0 0 0 0 0 0 0 0 0 0 0 0 0 0 0 0 0 0 0 0 0 0 0 0 0 0 0 0 0 0 0 0 0 0 0 0 0 0 0 0 0 0 0 0 0 0 0 0 0 0 0 0 0 0 0 0 0 0 0 0 0 0 0 0 0 0 0 0 0 0 0 0 0 0 0 0 0 0 0 0 0 0 0 0 0 0 0 0 0 0 0 0 0 0 0 0 0 0 0 0 0 0 0 0 0 0 0 0 0 0 0 0 0 0 0 0 0 0 0 0 0 0 0 0 0 0 0 0 0 0 0 0 0 0 0 0 0 0 0 0 0 0 0 0 0 0 0 0 0 0 0 0 0 0 0 0 0 0 0 0 0 0 0 0 0 0 0 0 0 0 0 0 0 0 0 0 0 0 0 0 0 0 0 0 0 0 0 0 0 0 0 0 0 0 0 0 0 0 0 0 0 0 0 0 0 0 0 0 0 0 0 0 0 0 0 0 0 0 0 0 0 0 0 0 0 0 0 0 0 0 0 0 0 0 0 0 0 0 0 0 0 0 0 0 0 0 0 0 0 0 0 0 0 0 0 0 0 0 0 0 0 0 0 0 0 0 0 0 0 0 0 0 0 0 0 0 0 0 0 0 0 0 0 0 0 0 0 0 0 0 0 0 0 0 0 0 0 0 0 0 0 0 0 0 0 0 0 0 0 0 0 0 0 0 0 0 0 0 0 0 0 0 0 0 0 0 0 0 0 0 0 0 0 0 0 0 0 0 0 0 0 0 0 0 0 0 0 0 0 0 0 0 0 0 0 0 0 0 0 0 0 0 0 0 0 0 0 0 0 0 0 0 0 0 0 0 0 0 0 0 0 0 0 0 0 0 0 0 0 0 0 0 0 0 0 0 0 0 0 0 0 0 0 0 0 0 0 0 0 0 0 0 0 0 0 0 0 0 0 0 0 0 0 0 0 0 0 0 0 0 0 0 0 0 0 0 0 0 0 0 0 0 0 0 0</DataArray>
        <DataArray type="Float64" Name="ShellBottomVonMises" format="ascii">0 0 0 0 0 0 0 0 0 0 0 0 0 0 0 0 0 0 0 0 0 0 0 0 0 0 0 0 0 0 0 0 0 0 0 0 0 0 0 0 0 0 0 0 0 0 0 0 0 0 0 0 0 0 0 0 0 0 0 0 0 0 0 0 0 0 0 0 0 0 0 0 0 0 0 0 0 0 0 0 0 0 0 0 0 0 0 0 0 0 0 0 0 0 0 0 0 0 0 0 0 0 0 0 0 0 0 0 0 0 0 0 0 0 0 0 0 0 0 0 0 0 0 0 0 0 0 0 0 0 0 0 0 0 0 0 0 0 0 0 0 0 0 0 0 0 0 0 0 0 0 0 0 0 0 0 0 0 0 0 0 0 0 0 0 0 0 0 0 0 0 0 0 0 0 0 0 0 0 0 0 0 0 0 0 0 0 0 0 0 0 0 0 0 0 0 0 0 0 0 0 0 0 0 0 0 0 0 0 0 0 0 0 0 0 0 0 0 0 0 0 0 0 0 0 0 0 0 0 0 0 0 0 0 0 0 0 0 0 0 0 0 0 0 0 0 0 0 0 0 0 0 0 0 0 0 0 0 0 0 0 0 0 0 0 0 0 0 0 0 0 0 0 0 0 0 0 0 0 0 0 0 0 0 0 0 0 0 0 0 0 0 0 0 0 0 0 0 0 0 0 0 0 0 0 0 0 0 0 0 0 0 0 0 0 0 0 0 0 0 0 0 0 0 0 0 0 0 0 0 0 0 0 0 0 0 0 0 0 0 0 0 0 0 0 0 0 0 0 0 0 0 0 0 0 0 0 0 0 0 0 0 0 0 0 0 0 0 0 0 0 0 0 0 0 0 0 0 0 0 0 0 0 0 0 0 0 0 0 0 0 0 0 0 0 0 0 0 0 0 0 0 0 0 0 0 0 0 0 0 0 0 0 0 0 0 0 0 0 0 0 0 0 0 0 0 0 0 0 0 0 0 0 0 0 0 0 0 0 0 0 0 0 0 0 0 0 0 0 0 0 0 0 0 0 0 0 0 0 0 0 0 0 0 0 0 0 0 0 0 0 0 0 0 0 0 0 0 0 0 0 0 0 0 0 0 0 0 0 0 0 0 0 0 0 0 0 0 0 0 0 0 0 0 0 0 0 0 0 0 0 0 0 0 0 0 0 0 0 0 0 0 0 0 0 0 0 0 0 0 0 0 0 0 0 0 0 0 0 0 0 0 0 0 0 0 0 0 0 0 0 0 0 0 0 0 0 0 0 0 0 0 0 0 0 0 0 0 0 0 0 0 0 0 0 0 0 0 0 0 0 0 0 0 0 0 0 0 0 0 0 0 0 0 0 0 0 0 0 0 0 0 0 0 0 0 0 0 0 0 0 0 0 0 0 0 0 0 0 0 0 0 0 0 0 0 0 0 0 0 0 0 0 0 0 0 0 0 0 0 0 0 0 0 0 0 0 0 0 0 0 0 0 0 0 0 0 0 0 0 0 0 0 0 0 0 0 0 0 0 0 0 0 0 0 0 0 0 0 0 0 0 0 0 0 0 0 0 0 0 0 0 0 0 0 0 0 0 0 0 0 0 0 0 0 0 0 0 0 0 0 0 0 0 0 0 0 0 0 0 0 0 0 0 0 0 0 0 0 0 0 0 0 0 0 0 0 0 0 0 0 0 0 0 0 0 0 0 0 0 0 0 0 0 0 0 0 0 0 0 0 0 0 0 0 0 0 0 0 0 0 0 0 0 0 0 0 0 0 0 0 0 0 0 0 0 0 0 0 0 0 0 0 0 0 0 0 0 0 0 0 0 0 0 0 0 0 0 0 0 0 0 0 0 0 0 0 0 0 0 0 0 0 0 0 0 0 0 0 0 0 0 0 0 0 0 0 0 0 0 0 0 0 0 0 0 0 0 0 0 0 0 0 0 0 0 0 0 0 0 0 0 0 0 0 0 0 0 0 0 0 0 0 0 0 0 0 0 0 0 0 0 0 0 0 0 0 0 0 0 0 0 0 0 0 0 0 0 0 0 0 0 0 0 0 0 0 0 0 0 0 0 0 0 0 0 0 0 0 0 0 0 0 0 0 0 0 0 0 0 0 0 0 0 0 0 0 0 0 0 0 0 0 0 0 0 0 0 0 0 0 0 0 0 0 0 0 0 0 0 0 0 0 0 0 0 0 0 0 0 0 0 0 0 0 0 0 0 0 0 0 0 0 0 0 0 0 0 0 0 0 0 0 0 0 0 0 0 0 0 0 0 0 0 0 0 0 0 0 0 0 0 0 0 0 0 0 0 0 0 0 0 0 0 0 0 0 0 0 0 0 0 0 0 0 0 0 0 0 0 0 0 0 0 0 0 0 0 0 0 0 0 0 0 0 0 0 0 0 0 0 0 0 0 0 0 0 0 0 0 0 0 0 0 0 0 0 0 0 0 0 0 0 0 0 0 0 0 0 0 0 0 0 0 0 0 0 0 0 0 0 0 0 0 0 0 0 0 0 0 0 0 0 0 0 0 0 0 0 0 0 0 0 0 0 0 0 0 0 0 0 0 0 0 0 0 0 0 0 0 0 0 0 0 0 0 0 0 0 0 0 0 0 0 0 0 0 0 0 0 0 0 0 0 0 0 0 0 0 0 0 0 0 0 0 0 0 0 0 0 0 0 0 0 0 0 0 0 0 0 0 0 0 0 0 0 0 0 0 0 0 0 0 0 0 0 0 0 0 0 0 0 0 0 0 0 0 0 0 0 0 0 0 0 0 0 0 0 0 0 0 0 0 0 0 0 0 0 0 0 0 0 0 0 0 0 0 0 0 0 0 0 0 0 0 0 0 0 0 0 0 0 0 0 0 0 0 0 0 0 0 0 0 0 0 0 0 0 0 0 0 0 0 0 0 0 0 0 0 0 0 0 0 0 0 0 0 0 0 0 0 0 0 0 0 0 0 0 0 0 0 0 0 0 0 0 0 0 0 0 0 0 0 0 0 0 0 0 0 0 0 0 0 0 0 0 0 0 0 0 0 0 0 0 0 0 0 0 0 0 0 0 0 0 0 0 0 0 0 0 0 0 0 0 0 0 0 0 0 0 0 0 0 0 0 0 0 0 0 0 0 0 0 0 0 0 0 0 0 0 0 0 0 0 0 0 0 0 0 0 0 0 0 0 0 0 0 0 0 0 0 0 0 0 0 0 0 0 0 0 0 0 0 0 0 0 0 0 0 0 0 0 0 0 0 0 0 0 0 0 0 0 0 0 0 0 0 0 0 0 0 0 0 0 0 0 0 0 0 0 0 0</DataArray>
      </CellData>
    </Piece>
  </UnstructuredGrid>
</VTKFile>
