<?xml version="1.0"?>
<VTKFile type="UnstructuredGrid" version="0.1" byte_order="LittleEndian">
  <UnstructuredGrid>
    <Piece NumberOfPoints="610" NumberOfCells="2257">
      <Points>
        <DataArray type="Float64" NumberOfComponents="3" format="ascii">3 1.22460635382e-16 0.5 0 1.22460635382e-16 0.5 3 -0.171010071663 0.469846310393 3 -0.321393804843 0.383022221559 3 -0.433012701892 0.25 3 -0.492403876506 0.0868240888335 3 -0.492403876506 -0.0868240888335 3 -0.433012701892 -0.25 3 -0.321393804843 -0.383022221559 3 -0.171010071663 -0.469846310393 3 1.27103731186e-15 -0.5 3 0.171010071663 -0.469846310393 3 0.321393804843 -0.383022221559 3 0.433012701892 -0.25 3 0.492403876506 -0.0868240888335 3 0.492403876506 0.0868240888335 3 0.433012701892 0.25 3 0.321393804843 0.383022221559 3 0.171010071663 0.469846310393 0.176470588235 1.22460635382e-16 0.5 0.352941176471 1.22460635382e-16 0.5 0.529411764706 1.22460635382e-16 0.5 0.705882352941 1.22460635382e-16 0.5 0.882352941176 1.22460635382e-16 0.5 1.05882352941 1.22460635382e-16 0.5 1.23529411765 1.22460635382e-16 0.5 1.41176470588 1.22460635382e-16 0.5 1.58823529412 1.22460635382e-16 0.5 1.76470588235 1.22460635382e-16 0.5 1.94117647059 1.22460635382e-16 0.5 2.11764705882 1.22460635382e-16 0.5 2.29411764706 1.22460635382e-16 0.5 2.47058823529 1.22460635382e-16 0.5 2.64705882353 1.22460635382e-16 0.5 2.82352941176 1.22460635382e-16 0.5 0 -0.171010071663 0.469846310393 0 -0.321393804843 0.383022221559 0 -0.433012701892 0.25 0 -0.492403876506 0.0868240888335 0 -0.492403876506 -0.0868240888335 0 -0.433012701892 -0.25 0 -0.321393804843 -0.383022221559 0 -0.171010071663 -0.469846310393 0 1.27103731186e-15 -0.5 0 0.171010071663 -0.469846310393 0 0.321393804843 -0.383022221559 0 0.433012701892 -0.25 0 0.492403876506 -0.0868240888335 0 0.492403876506 0.0868240888335 0 0.433012701892 0.25 0 0.321393804843 0.383022221559 0 0.171010071663 0.469846310393 1.49181124069 0.142852064438 0.479158937813 1.84710603893 -0.153940332859 0.475712490817 1.14615952287 -0.151794037481 0.476401689948 0.978880812636 0.151688437167 0.476435324078 2.00586381118 0.153295499151 0.475920676101 0.141337307205 0.0809047194781 -0.493411011598 2.84891023438 0.0852492452048 -0.492678968693 0.173335368137 -0.475674369474 -0.154058087181 2.86949699227 -0.467487148713 -0.177357733939 2.87000275576 0.470161933962 -0.170140400414 0.158429801293 0.47078494567 -0.168408832696 0.617647058824 -0.151032711352 0.476643598616 2.37406020291 -0.15378399513 0.475763053254 2.38142145111 0.146210415698 0.478144867526 0.60754590419 0.154443070396 0.475549511625 1.5 -0.151032711352 0.476643598616 0.16572593302 -0.374538536692 0.331241429372 2.84980823553 -0.383022221559 0.321393804843 2.86989376808 0.383986356875 0.320241280496 0.177230482603 0.376744763805 0.328729954439 2.86465087442 -0.250297028919 -0.432841076279 0.148203508916 -0.251859600892 -0.431933723433 0.264705882353 -0.151032711352 0.476643598616 2.73529411765 -0.151032711352 0.476643598616 2.7315078576 0.159576027831 0.473851760936 0.283561487161 0.147480790216 0.477754556773 0.440881796944 -0.150868596268 0.476695570213 0.529058806717 -0.287489867029 0.409083825585 0.70503001317 -0.287748896623 0.408901666042 0.616744789872 -0.397302238529 0.303563718616 0.792291005745 -0.397595009999 0.303180157701 0.704179671441 -0.470197039129 0.170043360336 0.879508901956 -0.470372128664 0.169558428207 0.791443261378 -0.499564227682 0.0208706114159 0.966659016967 -0.499585040677 0.0203663234636 0.87864962605 -0.482801367675 -0.130010920199 1.05371055201 -0.482659501321 -0.130536607069 0.965923209281 -0.421547292892 -0.268882650715 1.14069090949 -0.42128374542 -0.269295387716 1.05291762713 -0.321587463979 -0.382859638786 1.22768407629 -0.321222745944 -0.383165691951 1.31546017173 -0.421016520771 -0.269712975658 1.40241859418 -0.320852223041 -0.383476010944 1.49025240323 -0.420742221984 -0.270140671947 1.57716911109 -0.320476648502 -0.383789939635 1.66498864509 -0.420464869911 -0.270572158898 1.75189640282 -0.320133519993 -0.384076202565 1.83966338869 -0.420189925031 -0.270998942622 1.92652334888 -0.319795607445 -0.38435760622 2.01423420009 -0.419893580617 -0.271457880631 2.10106694453 -0.319428198121 -0.384663003478 2.01338531074 -0.190179546657 -0.462419441669 0.878177246279 -0.321908398942 -0.382589836105 0.965167088465 -0.192567540221 -0.461430105707 1.66412815636 -0.190987394736 -0.462086371853 1.31430968183 -0.191594245213 -0.46183508442 1.40329657619 -0.482314080383 -0.131807161658 1.75286448402 -0.482019019735 -0.13288214558 2.18781149657 -0.189720325057 -0.462608039554 2.1002023664 -0.04319461185 -0.498130731342 0.790568778595 -0.19296436341 -0.461264299999 0.87747773304 -0.045990961416 -0.497880338503 2.18873367316 -0.419602646026 -0.271907372919 2.10186413362 -0.481752689223 -0.133844485975 2.27645191504 -0.481613335355 -0.134345060229 0.703520609973 -0.322129597522 -0.382403611908 2.27458184546 -0.0426842665493 -0.498174721748 2.18701559318 0.107751021644 -0.488251694656 2.01247684839 0.107316662962 -0.488347349589 2.09938327494 0.248583319225 -0.433827538779 1.92469295275 0.248211914026 -0.434040143 2.01168883728 0.366870046678 -0.33971512897 1.8367757976 0.366588105281 -0.340019353958 2.18627253503 0.367046321376 -0.339524664736 1.92382850828 0.451707511854 -0.214383590171 1.74884155315 0.451511585375 -0.214795922383 1.66173057084 0.366214890504 -0.340421288954 1.57379240996 0.451293093423 -0.215254602341 1.48655174403 0.365828052607 -0.340836963849 1.39859938133 0.451085640795 -0.215688999878 1.83603034209 0.495177543581 -0.0692762609605 2.01128792297 0.495243305933 -0.0688045632798 1.31138348913 0.365455331177 -0.341236576167 1.22327260687 0.450849471022 -0.21618222517 1.31056214453 0.494979112517 -0.0706801115711 1.1351629235 0.494903136249 -0.0712101518777 1.04797918608 0.450608942406 -0.21668313507 0.959858270921 0.49481337126 -0.0718312440533 0.872784188147 0.450375255571 -0.217168435021 0.784710492682 0.494716684826 -0.0724941497992 0.697735304191 0.450195695808 -0.217540422625 2.18960123384 -0.49974207435 0.0160579925326 1.22237030131 0.493401907116 0.0809602251361 0.702930456377 -0.0463855566848 -0.497843730633 2.36431000818 -0.499756567643 0.0156004197896 1.39788850278 0.493317371605 0.0814737434587 0.609786926544 0.494614539494 -0.0731878222191 2.3633569967 -0.419327363603 -0.272331713419 2.36140061628 0.108192397872 -0.488154079203 0.871761817083 0.493644267195 0.0794690975519 1.92337726483 0.493109536721 0.0827223355232 2.0987604345 0.493033187258 0.083176176049 0.616232504135 -0.499543219811 0.0213675347403 1.05449109115 -0.47062589963 0.168852783802 2.44890816692 -0.0421755447783 -0.49821804807 2.27742259312 -0.472094651962 0.164701668445 2.10237187616 -0.471920566348 0.165199815549 2.45225424794 -0.472280681583 0.164167468775 1.30966842291 0.44613924082 0.225742724801 1.57455790725 0.247126115849 -0.434659272149 0.789513029461 0.104697489588 -0.48891557111 0.615108223359 0.104242807559 -0.489012716677 0.964040432365 0.104810462005 -0.488891365289 0.528409168586 -0.0467403095495 -0.497810549771 1.48514558304 0.44593997462 0.226136107325 0.522905867324 0.449971860599 -0.21800303821 2.19039125119 -0.400784507095 0.298951131245 2.01152343541 0.447557427414 0.222917808096 2.18542833445 0.447903266507 0.22222210478 2.27397035054 0.493061843405 0.0830061357857 2.36226004407 0.447911075302 0.222206364943 2.44933599469 0.493027150522 0.0832119513562 1.83770601734 0.106654264236 -0.488492444077 1.13416933998 0.446421017207 0.225184980395 1.22140521499 0.357757737599 0.349298441434 1.83548937599 0.446117429886 0.225785824958 2.53900012198 -0.499772332642 0.0150869322654 2.36170856944 0.495348301052 -0.0680445489696 2.0150659221 -0.400449397343 0.299399866679 1.9270358492 -0.471804169657 0.165531947051 0.440004356702 0.494124543476 -0.0764260134671 0.522602458163 0.493926243133 0.0776972737269 1.83964460567 -0.400187380697 0.299749996382 2.53172809026 0.11074903757 -0.48758040432 2.44761995288 0.249464454179 -0.433321458159 2.61936627025 0.251053986304 -0.432402469883 2.53446467457 0.367474194202 -0.339061523319 2.53592887182 0.447859269875 0.222310760844 2.62408907615 0.492948073422 0.0836791306704 0.322986540534 0.493655249088 0.0794008504247 0.436344912707 0.446981842507 0.224069704487 0.609493823629 0.447449491128 0.223134383027 1.75217855292 -0.471654692085 0.165957378367 1.66425075834 -0.399946083451 0.300071875276 1.57708195341 -0.471472289417 0.166474863904 1.48881895676 -0.399699184857 0.300400668482 1.40248683218 -0.47135253704 0.166813626019 1.31414685398 -0.399607414585 0.300522734928 0.448552092395 -0.399547206574 0.300602777297 0.447981454766 0.107600348346 -0.488284921983 0.881724083281 -0.288104615734 0.408651110842 2.60331946034 -0.0312694444118 -0.499021263922 2.53131386545 -0.187115610987 -0.46366771305 1.57310368651 0.493268944654 0.0817664248915 2.1042010036 -0.292711362284 0.405364105947 0.527324345329 0.246047878953 -0.435270538014 0.354368154484 0.246395194848 -0.435074025834 0.786442622505 0.364764785306 -0.34197463561 2.624353616 -0.473073121383 0.161869768099 2.53821460538 -0.402196949916 0.297048166933 0.381812748403 -0.0334448573369 -0.498880187538 0.441194797411 -0.192465619025 -0.461472627025 0.521965659296 0.363683450063 0.343124391657 0.687818812961 0.373657539705 0.332234921436 2.2841642927 0.36303764265 0.34380760611 1.91591220468 0.367519611287 0.339012293758 1.74500848628 0.359605380048 0.347395985355 1.03737783842 0.357526988254 0.349534622992 2.70590732054 0.367661602103 -0.338858298318 2.60820900045 0.449358494575 -0.219264551063 1.83427285445 0.233147662819 0.442314556987 2.70084244802 -0.499726394475 0.0165387625124 2.60824182183 -0.483176880319 -0.128608329143 0.325413228312 0.444730138302 -0.228506245179 0.355517184762 0.366915395841 0.339666148291 0.444843388917 0.245989346468 0.435303619815 1.12668758378 0.242475744712 0.437270526364 1.30905798242 0.235770508305 0.440922065011 2.27971048757 -0.292450614945 0.405552262746 2.82048786845 -0.471872879246 0.165335978637 1.75510766791 -0.290903455862 0.406663471887 1.40437375668 -0.290549933375 0.406916129216 1.63519534793 0.248851229234 0.433673916334 2.81995181609 0.250777914563 -0.43256264005 2.72347026456 0.43904203484 0.239253195681 2.59845313133 0.360286949414 0.346689074074 2.80162937522 0.492574740144 0.0858494343154 0.324798686351 -0.29703552095 0.402206289476 2.55429061002 -0.153051557728 0.475999181383 2.67033907105 -0.300519512868 0.399609837698 2.55851809284 0.147134450903 0.477861332771 2.45687869757 0.279798224149 0.414382617593 2.18667429512 0.495296334422 -0.0684217882528 2.53410044548 0.495365247203 -0.0679210708379 2.44696351586 -0.481927367489 -0.133214160152 2.5345539831 -0.419354264324 -0.2722902881 2.7114989676 -0.423297666765 -0.266118554992 0.530118728869 -0.470355879608 0.169603497955 0.441595535319 -0.499532065485 0.0216267323499 0.528641244372 -0.483051166648 -0.129079705608 0.353742860358 -0.483195547459 -0.12853817688 0.439775191616 -0.422569979262 -0.26727254372 0.273924945986 -0.499816840199 0.0135324149332 0.703495713338 -0.482928934408 -0.129536266393 2.72117852493 0.493662165438 -0.0793578377695 0.961672635217 0.364779455123 -0.341958987483 2.20104535973 0.145644535713 0.478317540152 2.12588788213 0.2826666285 0.412431299894 0.800035020145 0.147635396019 0.477706803219 0.889186770329 0.28331238667 0.411987975018 1.74962394152 0.247664037886 -0.434352995083 1.13598660741 0.365050974511 -0.341669117728 1.2250210136 0.245954741357 -0.435323173291 1.39963485038 0.246569603592 -0.434975206862 1.48779979587 0.105435821028 -0.488756879894 1.31291974205 0.105219238177 -0.488803551457 1.66289060681 0.106116469444 -0.488609552621 0.791240367248 -0.421715042079 -0.268619476741 0.61576053873 -0.422047412255 -0.268096963445 0.793967756814 -0.150949232856 0.476670042168 0.969946596045 -0.152614209442 0.476139583606 1.05563763921 -0.289496383515 0.407666338973 0.615850250136 -0.192991594981 -0.461252907055 0.515771776448 -0.322116414391 -0.382414716741 1.48928569756 -0.191256669314 -0.461974984651 2.36095977812 -0.188812061228 -0.462979487164 2.27547017592 -0.318913586342 -0.385089761544 2.44987854562 -0.318367958999 -0.385540974065 2.61109740441 -0.320748962518 -0.383562384813 1.83879998435 -0.190649746588 -0.462225782628 1.48588727116 0.495039374351 -0.0702567992624 1.13990999772 -0.192120066913 -0.461616594036 2.01497260506 -0.499732950897 0.0163394549277 0.360695986515 -0.471367280034 0.166771962011 0.967109238028 -0.398239391716 0.302333238143 1.04699144611 0.493516591441 0.0802581707497 1.05153334404 -0.0455307058575 -0.497922639397 2.2736905732 0.248927464507 -0.433630162021 1.92561794334 -0.0437914432087 -0.498078617792 1.75091390489 -0.0442308980479 -0.498039785216 2.09885880427 0.451897405251 -0.213983025326 0.697120542649 0.493768473877 0.078693673219 1.92755078793 -0.481879998505 -0.133385407899 1.22840590185 -0.482483571025 -0.131185379104 1.14116499639 -0.499627860512 0.0192873274506 1.5780736652 -0.482165429117 -0.132349911086 0.956787693283 0.44898221097 0.220034029715 1.39768373748 0.360852004313 0.346100897115 2.36507462516 -0.401372407825 0.298161349334 1.58023824286 -0.290332283331 0.407071449817 2.36051587327 0.367244669664 -0.339310112734 2.27349012926 0.452045995625 -0.213668944491 0.782712018365 0.450525745823 0.216856063671 1.66113371636 0.495090006984 -0.0698991057462 2.44438789744 0.45140409055 -0.215021736192 1.74818720314 0.493210717188 0.0821169193967 2.46632040589 -0.293897072993 0.404505266327 1.65988265303 0.446143978232 0.225733361928 1.13835172558 0.104972643628 -0.488856568013 1.56751035978 0.363816845172 0.342982948803 1.84005669672 -0.499712609505 0.0169501593514 0.179817020509 -0.470137798928 0.170207079814 1.22657799077 -0.0452633662355 -0.497947012921 2.19159328551 -0.156819346678 0.474771200167 1.04994387817 0.245995265462 -0.435300274949 1.57606894343 -0.0446378787553 -0.498003473663 1.22787002978 -0.4712082744 0.16722069889 1.32157631988 -0.152043142118 0.476322246945 0.440968361205 0.361460672763 -0.34546516763 1.93074890477 -0.291915072479 0.405937914538 1.40115886367 -0.0450222096946 -0.497968875166 1.67236804332 -0.152311228332 0.476236590073 0.613176837031 0.363915407046 -0.342878369855 1.66528334877 -0.499693253563 0.0175114917543 0.701149450737 0.245830066689 -0.435393590113 2.86537110809 -0.0908987373882 -0.491667997272 0.875484535025 0.246008504615 -0.435292793022 0.182614876768 0.247447655039 -0.434476303169 0.161000639753 0.38912049505 -0.313982866303 0.150022802279 -0.383661164255 -0.320630801768 0.322120706093 -0.322017252335 -0.382498221171 0.129256104349 -0.0915402462656 -0.491548963292 0.150191764465 0.5 3.52243733313e-16 0.150191764465 0.469846310393 0.171010071663 1.14123936239 -0.399130655009 0.30115564121 1.49064096445 -0.499679612111 0.0178965147682 1.31563893025 -0.499655845524 0.0185482083768 1.23042185548 -0.289867352478 0.407402648454 2.02226843437 -0.159927952778 0.473733099878 2.70857646135 -0.180400596474 -0.46632137501 0.149790573099 -0.251955215368 0.43187795666 2.84989506356 -0.252136644823 0.431772060626 2.87508775962 0.254640114672 0.430300374157 0.145932769076 0.256538181418 0.429171482597 2.86489091324 -0.382606634298 -0.321888433143 2.85862148179 0.38641693293 -0.317304197805 2.69414393004 0.118006563407 -0.485874933489 2.69789509543 -0.412340544613 0.282799001533 2.85907430416 -0.499948674228 -0.00716401684898 0.285142032872 -0.428580730535 -0.257523896783 0.281810250768 0.49284856539 -0.0842632279983 0.281120519588 -0.159612489837 -0.473839480297 0.286992616852 0.44204428695 0.233659684959 0.126295159883 -0.499988955209 0.00332335211764 0.302275347352 -0.410564438046 0.285371410992 0.294129451408 0.119318195486 -0.485554495629 0.299124618672 0.349609992219 -0.357453288333 2.87664734219 0.456526720198 0.203919968972 2.87642711288 0.498614713285 -0.0371936512791 0.441176470588 0.109670995456 0.487824018223 0.60318533624 0.282408492059 0.412608099306 0.865230807087 0.384536752337 0.319580171634 1.16731781394 0.119622855109 0.485479528441 2.61682053848 0.256558647683 0.429159248181 0.129697761611 -0.127851197201 0.483377772942 2.87030223839 -0.127851197201 0.483377772942 2.87030223839 0.127851197201 0.483377772942 0.129697761611 0.127851197201 0.483377772942 1.32235200206 0.103649304946 0.48913885716 1.69060232665 0.118615724722 0.485726579311 1.48416191564 0.274604360643 0.417842608066 1.85294117647 0.106330647828 0.488562988091 2.44892894281 0.386760155801 0.316885755258 2.29413938149 0.248419819767 0.433921183105 2.09805397115 0.387109837258 0.316458486848 2.75710775385 -0.327329679967 -0.377962009483 0.281987530391 0.27765480715 0.415821846548 2.7438481345 0.321540279169 0.382899267265 2.74904130728 -0.00137447371048 -0.499998110818 0.745352161885 0.271658456276 0.419763842099 1.99266786596 0.280718613606 0.41375966451 2.7463504973 0.444083992536 -0.229759455895 1.0075130661 0.262569303832 0.4255083556 0.24589720516 -0.0086954670923 -0.499924383134 2.74620144501 -0.488889422513 -0.104819523728 3 0.174482079921 -0.316014307975 3 -0.176504801641 0.289486635205 3 -0.263189628763 -0.223771449138 3 0.315912502109 0.117658554653 3 0.171010071663 0.296198132726 3 -0.0600325216544 -0.341651365823 3 0.318188539772 -0.127813128854 3 -0.328953479483 0.015948384147 3 -0.0675371518718 0.383022221559 3 -0.00604158551012 0.238354776912 3 -0.162976054859 0.116624723511 3 -0.00368914800076 0.0509142846979 3 -0.175923316865 -0.0694105025709 3 0.00734023303742 -0.106844936345 3 0.185967511549 -0.0122803472223 3 0.151764008981 0.151906079068 3 -0.314181912306 0.151691578895 3 -0.1069384202 -0.221527978834 3 0.171426158972 -0.177269708449 3 -0.194465478358 -0.336824088833 3 0.360975261288 -0.0044869842847 3 0.0576451013839 0.379066554959 3 0.0671422154898 -0.381099398084 3 0.28370065708 -0.250823873368 3 0.288081367408 0.244773978368 3 -0.338696600702 -0.122811531279 3 0.042236624261 -0.257401282585 0 -0.0593911746139 0.336824088833 0 0.0593911746139 -0.336824088833 0 0.342020143326 2.48731174288e-16 0 -0.327264294348 -0.116148543394 0 0.269207103318 0.24323052365 0 0.265217282573 -0.222643399102 0 -0.321393804843 0.116977778441 0 -0.17867878904 -0.295404847927 0 0.36547555002 -0.133022221559 0 0.222012812413 -0.0878788102866 0 0.199788950898 0.090452237089 0 0.0659836016393 -0.0408475964508 0 0.0282730166978 0.118977501286 0 -0.0848703647404 -0.00465518858199 0 -0.168629404052 0.159954469431 0 -0.0418999784621 -0.195566645928 0 0.0998530836907 0.274344092703 0 0.117725274673 -0.200695413261 0 -0.206064957102 0.317921967466 0 -0.19376244442 -0.141468286862 0 -0.235971251232 0.0102265070652 0 0.352483410854 0.133793041813 0 -0.388930956715 -6.97076940668e-16 0 -0.0664395329102 -0.359528378616 0 0.194465478358 -0.336824088833 0 -0.297938398149 -0.25 0 0.0698211542517 0.395975442732 0 0.201042001102 0.348214960364 0 -0.304745864545 0.241423737394 1.0089180454 -0.000533163403601 -0.000804366768793 2.39059006344 0.0120055542237 0.0141586076092 1.50941312734 7.97879542123e-05 4.71688425127e-05 0.509560364045 0.000149218285971 -0.00101612632658 1.95395530685 -0.0229332289769 -0.0558816135707 2.67641257989 0.150796919798 -0.0872014275021 1.25955330755 -0.148632050044 -0.121439036488 1.2591246166 0.163930814797 -0.0944620335443 1.25893098058 -0.0609663406493 0.181233886975 0.759474245346 0.186438254902 0.0462361983047 0.759292203077 -0.0201318005322 -0.190142356255 0.758968201352 -0.17147942858 0.086189443752 2.66845821694 -0.0406347115088 0.176937311264 1.7552186632 0.178812421961 0.080865359597 2.62205263785 -0.162825699717 -0.110427312001 2.15603125102 -0.136596356089 0.145802523461 2.13889313665 0.168157762071 0.10061931855 1.74401643258 -0.154810469217 0.129101797293 0.289961026147 -0.196939354426 -0.0606325967215 0.296497050924 0.114923733401 -0.174346579913 2.19119953487 0.0976646721107 -0.19029707667 1.71433973318 0.0717028021051 -0.199982756064 0.94620489316 0.127469618602 0.214337585349 0.291073755615 0.146607677193 0.145111787956 2.23047967425 -0.177656588744 -0.12655596304 1.10135088016 0.0192278308058 -0.244612160472 0.918199595512 0.18360865344 -0.160499102412 1.10130103213 -0.234886051435 0.0672508342596 0.917153788006 -0.215563036543 -0.116470974387 1.75229271681 -0.196914518367 -0.140486426682 1.93606017669 0.0228095802136 0.223038958574 0.644093741085 0.0265109922871 0.23524737798 1.37454854277 0.179864756642 0.14819426912 2.44677942366 0.0406110104712 -0.244842718165 1.41802464398 0.019667804972 -0.244677564693 1.41642958112 -0.232419620072 0.0671843979909 2.42127330921 -0.246061302597 0.0378162775823 2.52077940477 0.17790889055 0.172637761113 1.06186625463 0.235205011246 0.0291631150525 0.355106175875 -0.117039010068 0.195297894353 1.58744089349 0.0591491936018 0.243944742159 0.602163569829 0.18272405947 -0.158846459639 0.534281606365 -0.25700125446 -0.00595830384451 1.95720254762 0.23652066843 -0.0723331788159 1.50345157124 0.24025347826 -0.0884831380827 0.954054556528 -0.120017019059 0.230655579584 2.37309845832 0.242862179676 -0.0894602371697 1.95997895604 -0.255219296709 0.0412784668055 0.527626986755 0.228716732182 0.13187457177 0.516216176953 -0.0796932278846 -0.244195332432 1.49706269173 -0.198946443308 -0.163165807252 2.76912993891 -0.0371278675637 -0.259329114242 2.31124480145 0.0579514169587 0.250793814808 2.76210791857 0.217901950968 0.135067824355 1.94044969329 0.0846563861635 -0.265112160746 2.01374625104 -0.167639569732 -0.229624737441 0.219237559124 0.277604891085 -0.0304464992077 2.76811748505 -0.245317556087 0.0744695206836 0.69606756474 -0.236748436446 -0.164112642623 1.1711732024 0.139674573202 0.240099696115 0.210860674824 -0.0616625141814 -0.285662531984 1.4594664189 -0.123938611954 0.258184624179 2.45749378368 -0.126784563022 0.238158332908 1.61934200442 -0.286528883889 0.00763695329055 0.572462599848 -0.199652377142 0.20740871186 2.430623653 -0.177153093425 -0.217927581724 0.930436048311 -0.0922476168036 -0.282989284602 1.56539486078 0.277440060638 0.115887106299 2.80929930546 0.0756692163663 0.286236287776 0.209742446336 0.00237484675599 -0.00331032333759 1.9467320583 0.257734887106 0.142473876928 1.71523833791 0.266862910132 -0.110719732929 2.78577646111 -0.0357023267696 -0.0175131552765 2.16403425322 0.284559258396 -0.0913896851878 0.437068399106 0.063058345207 0.278381559675 0.836637048076 0.0108086906601 0.0970184061438 2.33071931272 0.26209284566 0.119887655247 1.20667005434 -0.00173459978662 -6.21357533159e-05 1.09078744539 -0.202210911905 -0.222182827327 0.425044711546 0.23247290056 -0.053573867826 1.60711308915 -0.0801505693907 -0.294748380295 2.80164725185 -0.268627996123 -0.149123317277 0.911363901785 -0.301172357239 0.0654922141816 0.206855099177 -0.259670093145 0.128834244018 2.27374655273 -0.062029283555 -0.292362626259 1.10763571114 0.215758008432 -0.212922552638 1.97368344204 -0.181333562739 0.23515969471 2.18516101165 -0.00164432392157 -0.00861760629117 2.22291363507 -0.298576950208 0.0390550552356 1.81896744496 -0.0776507756364 -0.292797526809 1.75308634177 -0.00510267847683 -0.0125067011482 2.80830238144 0.305226149057 -0.0542306863831 2.55470271111 0.297721059036 0.00251205215309 0.233980354545 0.0177900385197 0.299689845971 0.890112087816 0.318242349203 -0.019587247019 1.25981401363 -0.080644824536 -0.306683991517 1.37273007691 0.0514300904295 0.30219178409 1.757100113 -0.0415745944078 0.299442640736 1.24874341973 0.298852590981 0.0509194364899 1.25948372883 -0.31493792354 -0.0170977527487 1.13446480034 -0.192952435862 0.256077291328 2.80697758485 0.164265870626 -0.246833371347 0.761132411924 -0.128522178904 0.281085453787 0.460555322254 0.126212271067 -0.289049423286 0.759669256114 0.157398817599 -0.271437683449 1.25953549203 0.122353388037 -0.289659328787 2.11356178372 0.101866364212 0.295470148768 2.53185078419 0.217277362061 -0.207668440148 2.54396920429 0.0371119505423 0.312070806633 1.55164716063 0.161334977071 -0.260609378465 0.760170370912 0.185481466477 0.243233068521 2.58409362232 -0.0878306671243 -0.302366145767 1.08377936106 -0.00539845032912 0.167500693357 0.623904319343 0.310467647905 -0.0149281299024 2.58404070185 -0.262812767825 0.157314149262 2.58743406483 -0.0026551719518 0.000464455168248 1.5907983507 -0.252981235644 0.196690847151 0.708010694414 -0.331339692972 -0.000883955411072 0.164376831874 -0.268993307623 -0.173520062527 2.08046984427 -0.294125498841 -0.102329150777 0.693315229834 0.025638122658 -0.0216400312446 2.80231726889 -0.16739339498 0.2562039829 1.75730603427 0.155174159017 0.277416019316 0.43931715154 -0.247762956028 -0.177665829884 1.16060340365 -0.0277017373577 0.333670224521 2.09184149122 -0.0172153639927 -0.311771853531 2.3066462257 -0.242843391836 0.204168802185 0.94646332183 0.085824930482 -0.309939877872 2.33577754264 0.190733307519 -0.266093943394 0.755485918037 0.290861787827 -0.143439735073 1.31036456236 -0.234361881231 0.218281752693 0.417026838499 -0.290105947614 0.14172854973 0.157029361974 0.126928326486 -0.285202174738 2.6146472846 -0.328730088465 -0.0181960967613 2.06054543729 0.222814282037 -0.232901925178 1.37014616022 0.247360611984 -0.214026179561 0.858795684003 -0.0647269957528 -0.0564745916639 2.35442699612 -0.314625694727 -0.120276726564 0.643266914323 0.0256417160626 -0.325213383764 2.6393368097 0.0942346299089 -0.305212925778 0.83090853099 0.0364330475217 0.326350923032 0.884781597614 0.291412245113 0.161288301236 0.172402240858 -0.154673544789 0.276666428569 1.79143845478 -0.327166947583 0.0588456484033 1.90299239023 -0.300864972486 -0.147253728123 1.82923165096 0.337966661136 0.0259305729689 0.168935438752 0.284210092091 0.168243789041 1.0984702317 -0.129879028929 -0.067543927216 1.0621516857 -0.311822074269 -0.0867648297841 0.919546068578 0.144473009096 0.00538970110874 0.37755904952 -0.0453263066142 -0.124486058456 2.11055210037 -0.0846376532585 0.320941083788 0.70902370456 -0.139256560752 -0.312455593223 1.81458496355 0.212273813802 -0.250349114181 1.10872237709 0.0928582926776 -0.0956232295267 0.95951700235 0.0196530025598 -0.158123631299 1.62056875966 -0.0782163788568 -0.116310333537 1.63188871314 0.125544296245 -0.0380770587813 2.6640793183 0.177411220754 0.277435742187 0.695729221303 0.316553807138 0.144794888119 1.34572237713 -0.252715821353 -0.232610115233 0.363803073804 0.313171789006 0.103071305795 1.3581302986 -0.0105376825816 -0.0845186078611 0.943997017848 -0.138237945034 0.0657935841432 1.05448411381 0.264751167459 0.201791464625 0.53518265159 -0.077334784896 0.334375539933 2.29013956104 -0.106878736422 0.322447000062</DataArray>
      </Points>
      <Cells>
        <DataArray type="Int32" Name="connectivity" format="ascii">158 458 490 529 456 473 447 513 481 528 137 541 135 137 528 541 447 473 459 513 158 490 458 531 447 530 490 562 135 528 450 541 490 530 458 562 488 525 82 545 108 493 478 506 153 459 516 519 447 460 490 529 358 462 320 522 147 487 510 541 456 447 486 513 252 461 250 485 447 473 460 529 355 436 526 561 447 459 486 513 250 485 461 574 455 515 511 564 153 516 171 519 445 475 451 539 458 479 467 530 453 570 509 581 170 459 153 519 445 451 504 539 108 478 337 506 147 136 487 541 458 444 479 530 330 462 358 499 467 479 458 531 24 465 567 583 447 458 490 530 458 447 473 530 82 488 286 525 153 459 513 516 509 570 113 581 488 567 465 583 153 513 486 516 434 526 436 561 451 520 475 605 454 501 485 563 485 501 446 563 459 473 447 530 108 478 493 542 168 158 458 531 102 498 467 527 72 406 494 524 454 82 525 545 138 528 481 537 492 503 213 566 467 479 444 530 282 147 136 487 102 467 278 527 462 320 522 546 362 491 474 517 276 493 477 603 212 503 492 546 225 462 358 522 383 534 448 544 502 520 481 541 451 475 445 605 276 477 538 603 221 383 448 550 372 483 475 510 463 486 447 530 136 487 541 578 444 463 527 530 220 448 383 550 444 527 467 530 82 454 83 507 447 486 464 533 458 473 447 529 221 448 383 534 446 501 492 563 137 481 138 528 225 358 462 499 170 153 171 519 396 511 515 564 467 444 508 527 24 567 488 583 458 473 459 530 444 463 476 527 476 508 444 527 486 514 464 533 453 581 509 595 162 113 570 581 450 487 475 605 102 110 498 527 383 448 220 544 102 278 110 527 464 486 447 497 485 492 446 501 113 509 581 595 108 297 493 506 467 458 530 562 462 499 330 575 445 506 460 559 458 447 490 529 448 535 489 558 444 459 489 530 477 493 276 523 153 459 170 513 401 515 448 544 158 490 180 529 448 489 550 558 108 542 493 603 135 541 450 578 225 358 320 522 286 470 525 543 406 404 494 524 475 520 502 541 83 454 82 525 447 530 498 568 475 510 487 541 461 485 252 566 466 491 226 517 320 462 358 546 226 491 466 604 153 170 169 513 459 444 489 519 433 429 512 561 474 491 362 553 498 530 467 568 456 514 486 533 286 525 488 543 444 550 489 558 138 469 528 537 82 202 286 488 254 250 461 574 382 513 473 565 444 489 535 558 55 465 384 502 458 479 444 569 489 535 448 550 488 525 470 543 456 447 473 533 453 492 501 563 153 486 133 516 81 82 83 507 27 483 323 504 139 138 481 537 82 202 488 545 254 250 252 461 377 524 494 554 401 496 448 515 332 213 503 566 445 504 483 539 184 460 232 529 97 472 96 493 459 447 486 530 133 486 153 513 446 482 461 485 445 478 506 559 454 525 83 560 446 512 466 522 423 425 431 462 104 471 509 595 135 136 541 578 475 487 445 605 474 482 446 507 147 510 475 541 323 504 483 540 323 504 540 559 425 462 423 499 96 493 472 523 445 483 475 539 446 474 454 563 521 542 90 603 419 330 499 575 90 542 521 591 75 455 33 511 480 505 444 558 451 470 542 573 488 555 465 567 455 241 505 557 75 240 455 564 446 482 474 517 97 472 493 506 461 512 503 561 254 355 526 561 104 501 471 595 483 533 456 540 554 558 494 582 486 497 464 596 445 483 460 533 445 478 451 605 454 507 82 545 457 494 554 558 448 496 401 534 139 138 137 481 472 490 447 533 480 551 505 558 213 492 212 503 459 516 489 530 454 525 488 545 476 550 444 558 451 478 445 504 503 512 429 561 398 511 496 515 460 490 472 533 254 526 461 561 309 177 218 456 232 529 460 540 446 482 466 512 446 512 522 593 463 530 447 568 460 473 447 533 425 462 499 512 378 466 536 589 152 133 153 513 476 489 444 550 547 563 469 572 456 533 473 540 378 536 345 589 226 378 466 517 423 462 431 575 475 483 372 539 212 357 503 546 454 83 507 560 55 24 465 567 448 494 558 582 75 455 511 564 216 459 519 549 330 358 462 575 323 483 27 540 108 337 297 506 372 311 483 510 377 280 524 554 454 474 446 507 189 496 480 535 225 330 358 499 468 509 283 521 478 520 451 605 97 493 297 506 24 55 465 583 445 504 478 559 96 472 98 523 457 524 280 554 482 507 474 608 547 570 453 581 505 551 455 558 450 481 520 541 454 485 446 563 75 33 455 551 402 496 398 511 216 459 170 519 447 486 463 577 482 474 517 608 451 542 478 573 152 486 133 513 225 499 462 522 463 489 516 530 449 520 478 605 469 547 453 563 309 177 456 588 206 458 168 529 448 534 221 535 162 570 547 581 462 522 512 593 268 174 464 532 459 473 458 549 189 480 496 601 455 241 557 564 476 558 554 582 283 468 288 509 55 465 502 567 75 455 240 551 473 513 382 549 480 455 551 558 486 464 514 596 243 495 375 519 444 476 463 489 376 459 216 549 444 535 480 558 450 528 481 541 481 528 469 537 484 556 491 563 460 533 483 540 475 450 520 541 448 534 401 544 481 520 502 555 458 569 495 609 114 278 102 467 495 569 505 609 444 508 476 558 221 220 383 550 454 446 485 507 460 447 490 533 484 522 320 546 147 166 475 510 448 535 221 550 353 332 213 503 480 495 444 505 240 455 241 505 282 147 487 510 131 487 136 578 309 456 218 565 404 515 494 524 449 542 521 603 309 510 456 565 214 362 227 491 471 501 87 560 444 479 467 508 445 460 506 599 33 511 455 551 447 463 497 577 462 503 357 546 332 503 561 566 276 477 322 538 102 114 467 562 400 515 401 544 147 166 160 475 299 372 475 510 305 510 514 588 184 460 529 586 96 97 98 472 384 502 465 607 362 474 66 517 240 455 505 551 232 184 195 460 496 511 455 515 70 411 344 511 475 502 176 541 492 546 503 593 27 323 67 504 446 482 512 593 218 456 177 565 461 485 482 574 102 467 498 562 376 170 216 459 70 496 411 511 227 226 491 517 155 470 286 543 305 307 510 588 484 491 446 563 483 510 311 565 447 456 486 533 220 544 448 550 286 470 155 525 480 495 243 519 323 301 504 559 305 510 487 514 291 268 523 532 495 505 480 551 24 488 272 583 464 523 268 532 503 566 492 593 241 455 240 564 446 466 482 517 453 469 563 592 269 471 104 501 108 337 478 542 423 499 462 575 147 475 160 541 447 497 486 577 268 291 174 532 417 434 436 561 72 406 392 494 376 170 459 513 213 212 353 503 189 236 496 535 87 471 269 501 468 597 520 605 475 483 445 510 443 520 481 555 184 195 460 586 444 489 480 535 466 517 378 536 434 461 427 526 486 513 459 516 461 512 482 593 446 461 482 593 232 460 195 559 476 448 558 582 400 401 405 544 512 482 536 585 276 538 107 603 214 227 226 491 491 556 452 563 396 515 398 564 362 227 491 517 72 494 377 524 268 464 174 596 212 357 385 503 189 496 236 601 55 384 228 502 376 169 170 513 53 473 29 529 473 533 460 540 109 472 97 506 299 311 372 510 83 249 507 560 446 522 484 546 160 475 176 541 484 492 453 563 456 513 177 565 443 481 520 597 453 579 469 592 396 511 398 515 248 457 247 576 98 100 532 587 222 382 473 565 319 539 451 567 501 563 454 579 479 505 557 558 482 485 446 507 262 268 174 596 479 505 444 569 457 476 508 558 104 509 471 521 357 503 462 575 206 168 180 529 131 282 136 487 319 504 451 539 522 546 446 593 280 247 457 508 450 528 135 578 495 519 459 549 451 504 319 573 90 542 295 603 452 474 491 563 232 323 540 559 184 490 181 586 468 520 449 605 485 507 249 560 450 475 520 605 110 498 527 568 453 563 579 592 451 319 567 573 184 529 490 586 483 460 540 559 181 490 184 529 248 280 247 457 377 494 341 554 512 526 482 585 451 502 475 520 483 540 504 559 344 411 391 511 174 497 464 532 459 495 458 530 309 456 510 588 195 559 460 586 140 469 138 537 457 557 500 558 135 137 138 528 98 532 472 587 58 392 409 494 406 389 404 524 466 446 491 517 464 497 174 596 419 499 423 575 428 526 512 585 444 458 495 530 444 489 463 530 113 581 145 595 119 289 121 463 494 524 457 554 455 500 557 558 441 345 369 536 254 461 252 561 444 459 495 519 27 483 504 539 468 521 283 538 156 508 476 527 168 531 458 569 318 542 470 573 449 470 520 590 445 483 533 600 119 463 527 571 320 484 167 522 459 458 495 549 226 227 378 517 205 305 307 510 89 104 471 521 461 561 503 566 484 207 547 581 444 505 479 558 496 515 455 558 232 540 460 559 259 376 216 549 53 473 529 540 475 445 487 510 119 463 121 568 362 553 491 602 480 496 455 558 29 529 473 594 24 272 23 583 280 457 248 524 486 513 152 588 206 168 458 569 538 548 468 605 445 510 483 600 469 592 579 598 449 538 468 605 448 496 480 558 461 512 427 526 456 540 473 565 471 87 525 560 177 513 456 588 232 53 529 540 461 526 254 574 297 109 97 506 469 579 453 598 155 286 336 543 463 489 476 571 458 467 531 562 284 490 158 531 171 244 179 516 475 487 450 541 113 162 145 581 156 277 508 527 450 541 487 578 409 494 413 544 479 557 457 558 176 541 502 607 119 527 150 571 456 483 540 565 58 494 409 544 156 476 508 554 480 489 444 519 98 523 472 532 401 398 496 515 27 504 26 539 179 489 173 519 463 121 568 577 448 515 496 558 446 491 474 563 478 506 493 599 75 241 240 564 456 533 483 600 446 491 484 522 78 74 20 536 484 563 547 572 462 546 522 593 108 297 95 493 446 492 484 563 487 510 445 600 326 547 207 581 251 485 501 566 80 82 81 507 108 338 337 542 444 495 459 530 237 189 236 601 190 534 496 535 446 484 492 546 484 546 207 581 453 492 484 581 237 480 189 601 445 506 478 599 446 485 461 593 84 83 82 525 272 488 24 567 373 222 473 565 53 29 340 529 376 513 459 549 374 480 243 519 477 552 445 599 445 478 493 599 29 473 53 540 443 555 481 592 466 491 446 522 133 486 152 588 78 482 74 536 121 463 289 577 398 515 397 564 357 208 462 546 351 252 461 561 217 513 382 565 97 95 297 493 80 82 507 545 310 316 468 528 288 468 283 538 338 478 337 542 247 246 576 580 446 546 492 593 447 490 472 587 232 301 323 559 457 554 476 558 126 514 486 588 461 526 434 561 29 340 529 594 276 322 477 523 477 487 445 552 234 483 311 565 280 508 457 554 208 357 462 575 494 515 448 558 268 266 523 552 119 289 463 571 503 546 462 593 490 531 284 562 299 475 372 539 486 514 126 596 463 571 289 577 276 322 107 538 463 447 497 568 87 501 269 560 453 563 501 579 310 528 468 548 216 243 375 519 222 382 56 473 445 599 552 600 251 252 250 485 450 520 481 597 472 490 460 586 455 557 505 558 402 401 398 496 295 542 90 591 467 508 278 527 190 496 236 535 337 478 196 506 474 491 446 517 56 473 382 549 424 499 466 512 251 501 485 560 373 222 56 473 479 458 531 569 290 498 103 568 426 512 536 585 173 519 489 535 457 515 494 558 103 498 290 532 268 523 464 552 355 254 59 561 316 468 528 570 243 495 480 551 290 532 498 568 521 542 449 591 266 477 523 552 135 136 137 541 251 501 270 566 484 522 491 556 93 90 295 603 208 358 462 546 81 83 249 507 206 569 458 594 493 542 449 603 248 524 457 576 318 198 542 573 140 257 138 469 138 469 257 528 399 515 404 524 433 429 427 512 485 507 482 574 86 525 470 591 268 266 317 523 449 493 478 542 405 401 534 544 255 87 269 560 351 461 252 566 445 533 460 599 114 278 467 580 208 462 358 575 86 470 155 591 156 508 277 554 310 468 316 570 226 466 378 589 189 190 236 535 179 173 489 535 445 552 487 600 255 269 501 560 406 404 392 494 129 128 514 552 79 482 507 574 492 501 275 595 498 532 100 587 461 566 503 593 413 409 392 494 139 137 287 481 198 196 337 478 158 181 180 490 478 542 198 573 153 244 171 516 129 514 487 552 321 232 53 529 215 553 362 602 445 487 477 605 77 378 517 536 447 532 472 533 472 447 498 532 155 470 296 591 278 508 467 580 448 550 476 558 266 477 317 523 132 514 126 588 447 464 532 533 450 578 487 605 471 453 509 595 119 527 463 568 382 513 376 549 155 470 86 525 446 492 485 593 251 252 485 566 282 205 147 510 356 526 482 574 309 510 307 588 487 578 477 605 481 541 287 607 176 175 541 607 256 221 534 535 66 474 362 553 489 516 459 519 322 317 266 477 75 240 33 551 254 252 59 561 480 519 189 535 447 472 498 587 243 65 495 551 372 311 234 483 299 176 160 475 397 515 500 564 317 477 322 523 173 189 519 535 106 523 98 532 328 469 209 547 422 423 419 499 196 506 478 559 447 464 497 532 142 556 484 572 472 506 109 586 287 481 137 541 400 494 515 544 341 377 72 494 275 501 492 566 351 561 461 566 492 566 485 593 251 255 501 560 471 501 453 595 321 184 232 529 367 511 395 564 276 94 493 603 484 452 556 563 481 555 465 592 89 104 269 471 196 478 198 559 480 496 448 535 466 512 482 536 441 369 430 536 79 507 482 608 478 493 449 605 299 475 166 510 327 72 392 494 479 457 576 580 176 475 229 502 328 257 209 469 159 557 479 569 458 529 206 594 55 502 364 567 180 490 181 529 86 155 296 591 452 563 484 572 267 477 265 548 132 127 126 514 266 265 267 477 456 514 533 600 89 91 104 521 165 212 492 546 190 238 496 534 350 386 500 524 257 528 469 570 180 181 184 529 289 571 125 577 464 533 514 600 91 509 104 521 166 299 160 475 27 67 26 504 471 501 454 579 455 515 500 558 500 515 457 558 287 139 481 537 458 531 490 562 323 301 67 504 134 135 528 578 156 277 204 554 463 486 516 577 216 374 243 519 490 498 447 562 468 538 310 548 94 96 276 493 352 499 225 522 373 473 29 540 447 498 490 587 479 508 457 580 314 468 288 538 482 512 461 526 276 493 96 523 569 594 206 609 310 316 528 548 106 96 98 523 175 287 541 607 126 577 486 596 430 536 466 589 465 555 502 567 428 427 512 526 451 520 470 555 261 384 465 607 305 487 129 514 396 398 397 564 375 259 216 549 283 509 105 521 95 108 493 603 34 75 33 511 283 288 105 509 424 425 499 512 445 493 478 605 209 469 140 572 310 468 314 538 156 476 150 527 87 471 525 591 224 248 247 576 444 495 480 519 449 520 468 590 120 568 121 577 32 495 551 609 488 545 272 583 272 543 488 567 125 303 516 571 127 126 514 596 189 480 374 519 377 280 248 524 257 140 209 469 266 265 477 552 265 548 477 578 456 483 510 600 296 470 318 542 314 310 288 468 499 522 352 604 171 179 173 519 474 518 454 563 489 519 480 535 520 597 450 605 265 477 552 578 436 59 417 561 473 458 549 594 121 289 125 577 97 96 95 493 150 527 476 571 160 176 175 541 466 426 512 536 109 472 586 587 480 535 448 558 225 320 167 522 424 466 499 589 305 282 129 487 178 246 146 479 293 556 537 602 373 473 540 565 277 508 204 554 324 484 320 546 394 350 500 524 420 355 436 526 338 198 337 478 125 571 516 577 79 239 482 574 287 537 481 584 167 522 484 556 256 221 383 534 299 229 176 475 197 478 198 573 126 123 577 596 454 501 471 560 197 198 478 559 286 488 273 543 400 494 404 515 455 496 480 601 228 502 384 607 492 501 485 566 481 465 555 607 141 537 293 556 120 497 568 577 155 318 296 470 229 475 299 539 251 255 270 501 131 136 135 578 478 197 559 573 485 501 454 560 503 512 461 593 185 186 476 582 470 555 520 590 246 479 178 576 75 511 34 564 225 62 330 499 239 482 78 608 157 159 146 479 229 502 475 539 249 507 485 574 154 485 249 560 222 217 382 565 470 443 555 590 257 316 528 570 436 355 59 561 89 269 87 471 271 272 545 583 129 487 130 552 500 524 386 576 347 534 383 544 411 70 359 496 468 590 520 597 79 482 239 608 413 494 400 544 246 146 479 580 448 515 494 544 58 409 387 544 505 557 211 569 489 516 303 571 133 486 292 516 477 493 449 603 97 109 99 472 450 477 578 605 134 135 263 528 157 159 479 569 453 547 484 563 327 392 58 494 157 479 146 531 473 549 29 594 257 469 328 570 133 126 292 486 426 428 512 585 322 477 267 538 287 584 481 607 303 489 179 516 359 238 390 496 356 482 239 574 186 550 476 582 452 491 474 553 184 194 195 586 351 332 561 566 443 470 555 606 290 497 532 568 243 65 375 495 126 292 486 577 299 166 311 510 92 521 90 603 481 555 502 607 226 466 589 604 300 505 211 569 443 590 470 606 474 553 66 583 377 341 280 554 116 114 562 580 229 299 372 539 502 555 465 607 420 436 434 526 238 390 496 534 310 288 468 570 56 29 373 473 214 226 192 491 467 562 114 580 84 82 286 525 32 551 505 609 134 528 548 578 500 515 455 564 230 569 206 609 142 167 484 556 142 484 324 572 332 503 73 561 165 201 212 546 362 66 227 517 128 552 262 596 449 493 477 605 472 506 460 599 143 284 158 531 324 167 320 484 246 479 576 580 544 550 220 582 267 538 477 548 411 359 390 496 117 501 104 595 128 514 552 596 306 535 489 550 367 34 395 511 451 567 543 573 338 198 478 542 281 98 100 532 472 532 464 533 182 352 522 604 448 476 550 582 128 129 130 552 464 552 599 600 276 317 322 523 456 514 510 588 143 284 531 562 172 189 374 519 74 536 482 585 185 476 156 554 172 173 189 519 310 538 314 548 109 99 472 587 496 511 379 601 345 441 418 589 212 201 357 546 476 457 508 554 209 547 469 572 523 552 477 599 497 498 447 532 65 32 495 551 502 520 451 555 103 498 110 568 207 484 324 546 477 449 538 603 306 221 535 550 288 509 468 570 223 350 386 500 467 508 479 580 457 557 479 576 178 479 159 576 98 472 99 587 98 97 99 472 85 525 87 560 228 364 55 502 52 372 483 539 286 202 273 488 281 498 103 532 179 306 245 489 281 100 498 532 490 529 460 586 384 55 261 465 157 479 531 569 119 118 150 527 186 150 185 476 272 488 202 545 134 528 263 548 275 270 501 566 292 516 486 577 31 549 495 609 84 83 525 560 120 119 121 568 278 508 277 527 116 562 531 580 31 594 549 609 98 99 100 587 31 495 32 609 276 107 94 603 144 287 137 541 194 506 196 559 494 544 58 582 479 557 159 576 506 559 194 586 117 269 104 501 469 547 328 570 470 525 488 606 522 556 183 604 302 550 489 571 430 418 441 589 224 247 246 576 498 562 490 587 281 100 103 498 140 138 139 537 27 52 483 539 504 559 197 573 103 102 110 498 302 306 489 550 34 511 367 564 494 515 457 524 322 266 267 477 118 156 150 527 226 192 491 604 511 551 33 601 130 129 131 487 130 487 131 578 22 474 66 583 272 54 543 567 472 460 533 599 87 89 471 591 309 307 177 588 346 72 377 524 126 124 123 596 179 489 245 535 447 498 497 568 500 557 457 576 306 245 489 535 467 527 498 568 87 525 86 591 197 196 198 559 452 518 474 563 223 500 386 576 502 539 364 567 520 555 443 590 142 167 324 484 92 538 521 603 264 528 316 548 244 303 179 516 32 505 64 609 430 466 426 589 182 352 225 522 378 77 345 536 396 402 398 511 314 288 283 538 117 275 501 595 454 471 525 560 161 268 262 552 357 385 503 575 312 586 490 587 158 284 181 490 382 376 259 549 339 543 54 567 500 557 349 564 310 264 316 548 424 425 423 499 24 23 55 583 175 287 144 541 112 104 509 595 165 546 492 581 284 490 562 587 29 473 56 549 150 476 186 571 159 178 146 479 300 308 505 569 183 522 182 556 430 426 466 536 516 571 463 577 256 534 190 535 66 517 474 608 91 105 104 509 454 488 525 606 79 239 78 608 190 238 236 496 293 537 151 602 464 552 523 599 207 324 320 546 319 25 539 567 271 272 202 545 75 34 367 564 338 318 198 542 339 54 319 567 89 521 471 591 31 65 32 495 76 511 33 601 114 149 278 580 424 426 466 589 134 263 264 548 284 562 294 587 369 441 430 440 119 150 289 571 278 149 508 580 460 529 473 540 260 66 553 583 394 412 350 524 55 364 24 567 453 501 471 579 195 194 559 586 83 154 249 560 364 539 370 567 500 515 399 524 208 320 358 546 469 537 140 572 79 200 239 574 290 497 174 532 302 489 303 571 150 156 185 476 244 153 133 516 249 154 250 485 459 513 473 549 285 254 526 574 185 476 554 582 169 152 153 513 74 78 239 482 182 522 167 556 422 334 416 499 537 556 141 572 380 494 58 582 263 528 264 548 435 416 334 589 473 513 456 565 462 512 503 593 261 219 384 607 306 221 245 535 319 26 504 539 485 566 461 593 493 599 477 605 477 548 538 605 27 26 52 539 163 326 207 581 484 547 324 572 505 551 495 609 303 302 306 489 274 492 275 595 74 482 239 585 102 498 101 562 92 283 521 538 428 434 427 526 182 522 183 604 280 279 247 508 396 395 511 564 419 423 431 575 300 308 211 505 456 510 483 565 273 488 272 543 424 466 426 512 476 550 186 571 102 101 114 562 206 230 168 569 451 470 543 555 84 525 85 560 30 549 31 594 80 507 63 545 22 474 545 608 22 66 474 608 66 21 517 608 470 451 543 573 327 341 72 494 387 409 413 544 468 521 590 598 22 21 66 608 449 468 521 590 475 502 451 539 351 59 252 561 453 501 492 595 474 454 518 545 128 161 262 552 62 334 422 499 465 584 261 607 477 487 552 578 227 77 378 517 395 34 408 511 213 165 212 492 281 103 290 532 287 298 584 607 470 542 296 591 233 504 197 573 309 205 307 510 492 546 484 581 112 509 113 595 130 552 487 578 95 96 94 493 61 347 393 534 399 400 404 515 63 545 507 608 91 105 509 521 79 507 200 574 316 257 328 570 84 85 83 560 410 405 393 544 348 58 544 582 437 57 415 503 490 586 472 587 464 472 533 599 168 157 158 531 369 440 430 536 350 412 60 524 443 555 518 606 249 485 250 574 287 151 537 584 251 485 154 560 334 416 499 589 347 383 220 544 242 243 365 601 271 23 272 583 226 589 354 604 437 333 57 503 454 507 485 560 261 465 55 583 201 546 165 581 457 515 500 524 73 503 421 561 284 312 181 490 231 394 350 500 449 521 468 538 474 518 452 553 537 556 452 602 261 553 465 583 131 129 282 487 225 167 182 522 291 268 317 523 280 279 508 554 310 164 288 570 502 541 481 607 258 495 31 549 474 507 454 545 469 453 547 598 348 380 58 582 61 383 347 534 450 481 528 597 491 553 452 602 109 506 325 586 469 528 481 597 117 275 270 501 22 545 63 608 496 534 448 535 458 594 569 609 413 400 405 544 251 250 154 485 141 151 293 537 478 559 504 573 193 214 491 602 488 555 470 606 537 584 151 602 472 532 498 587 413 404 400 494 22 545 474 583 194 325 196 506 29 549 30 594 27 483 371 540 125 302 303 571 127 124 126 596 185 156 203 554 399 500 397 515 491 183 556 604 461 482 526 574 445 477 599 605 120 497 290 568 308 240 241 505 109 586 312 587 349 69 500 564 491 556 522 604 420 313 355 526 179 245 173 535 469 547 570 598 498 532 497 568 247 508 149 580 238 407 390 534 453 570 547 598 488 518 465 555 386 524 248 576 243 551 480 601 472 460 506 586 28 373 29 540 468 509 521 598 260 22 66 583 209 324 547 572 319 504 233 573 453 471 509 579 118 527 119 568 181 490 312 586 106 98 281 532 488 543 470 555 375 495 258 549 115 116 114 562 233 197 504 559 91 283 105 521 579 590 471 598 325 506 194 586 297 325 109 506 122 577 123 596 486 514 456 588 288 113 509 570 95 493 94 603 146 531 479 580 204 508 279 554 353 73 332 503 443 590 579 598 254 285 250 574 233 504 301 559 157 531 168 569 329 208 358 575 275 492 213 566 233 301 197 559 424 430 426 589 438 330 419 575 445 599 493 605 518 579 563 592 319 26 67 504 278 149 279 508 202 272 273 488 234 311 218 565 470 449 542 590 356 526 68 585 318 199 198 573 349 500 210 557 401 496 390 534 473 529 458 594 386 248 224 576 280 204 279 554 478 504 451 573 472 523 493 599 191 589 499 604 165 492 274 581 435 334 335 589 521 538 449 603 273 272 54 543 374 189 237 480 303 306 179 489 278 279 277 508 199 197 198 573 448 550 544 582 518 555 488 606 247 279 149 508 472 464 532 599 469 537 572 592 261 465 553 584 32 240 64 505 240 505 32 551 405 534 393 544 470 590 591 606 471 591 590 606 439 73 421 561 376 382 217 513 110 278 277 527 454 525 471 606 531 562 467 580 174 290 120 497 488 518 454 545 487 514 510 600 71 378 345 589 452 572 537 592 465 518 488 583 241 349 557 564 187 220 550 582 454 471 579 606 190 256 238 534 327 58 380 494 242 551 243 601 287 298 151 584 542 590 449 591 193 215 214 602 510 514 456 600 357 57 385 575 426 428 427 512 157 300 159 569 352 62 225 499 267 314 538 548 57 415 503 575 212 385 353 503 361 66 21 517 26 319 25 539 163 207 546 581 455 511 496 601 380 554 494 582 147 205 166 510 86 87 85 525 256 245 221 535 226 378 71 589 479 557 505 569 57 503 385 575 70 236 359 496 492 274 581 595 322 267 314 538 482 517 466 536 452 465 518 592 464 552 514 596 373 540 28 565 202 82 80 545 267 310 314 548 174 497 122 596 491 556 183 602 81 249 200 507 118 277 156 527 277 279 204 508 93 92 90 603 25 370 539 567 30 258 31 549 387 410 235 544 193 491 183 602 380 341 494 554 497 577 122 596 90 521 89 591 73 333 437 503 195 194 196 559 109 312 294 587 421 73 437 503 126 123 292 577 84 286 155 525 290 174 291 532 399 394 500 524 369 19 440 536 52 372 234 483 443 579 590 606 491 522 466 604 143 115 284 562 401 400 398 515 146 116 531 580 142 148 167 556 450 477 548 578 106 291 523 532 201 165 163 581 210 557 500 576 518 545 488 583 135 138 263 528 465 452 518 553 249 200 507 574 345 77 369 536 390 402 411 496 525 591 471 606 336 199 318 573 210 500 223 576 185 554 203 582 275 274 213 492 470 591 525 606 235 58 387 544 236 238 359 496 476 527 463 571 302 188 306 550 493 523 477 599 450 548 477 605 481 592 469 597 452 556 537 572 310 316 164 570 454 518 488 606 236 70 379 496 129 128 127 514 105 112 104 509 112 113 145 595 413 392 404 494 210 349 231 500 302 186 550 571 455 557 500 564 493 506 472 599 521 449 590 591 474 545 518 583 313 420 442 526 381 66 362 553 374 237 243 480 302 186 188 550 315 206 594 609 231 350 223 500 371 540 483 565 69 231 349 500 111 118 119 568 274 165 213 492 187 550 186 582 201 163 546 581 463 516 489 571 528 570 468 598 127 514 128 596 243 237 365 601 305 514 132 588 80 79 63 507 275 213 332 566 465 452 584 592 148 182 167 556 243 480 237 601 590 597 468 598 182 191 352 604 268 161 266 552 453 484 547 581 227 66 361 517 469 570 528 598 402 390 401 496 146 116 143 531 53 340 321 529 450 548 528 578 313 254 355 526 124 122 123 596 65 258 375 495 187 544 220 582 28 29 53 540 29 56 30 549 449 477 538 605 261 584 363 607 350 60 386 524 101 498 100 587 448 544 494 582 69 403 500 564 65 243 242 551 380 203 554 582 471 590 579 606 416 423 422 499 193 214 192 491 251 154 255 560 239 356 68 585 185 187 186 582 286 273 336 543 385 57 333 503 77 517 20 536 465 584 481 592 296 542 295 591 25 364 370 567 305 127 132 514 125 516 292 577 468 597 528 598 505 569 308 609 87 86 88 591 191 499 352 604 171 173 172 519 456 513 486 588 303 292 125 516 474 518 553 583 332 73 331 561 443 597 590 598 331 73 439 561 100 101 102 498 253 251 270 566 315 230 206 609 304 151 584 602 288 164 113 570 470 590 542 591 518 563 452 592 54 272 24 567 323 53 232 540 528 597 469 598 260 66 381 553 63 507 79 608 231 223 210 500 379 236 496 601 180 184 321 529 33 76 34 511 136 144 137 541 265 552 130 578 371 27 52 483 87 88 89 591 68 526 442 585 21 20 517 608 328 547 162 570 339 319 233 573 107 538 92 603 523 532 464 599 429 425 427 512 347 235 410 544 11 387 58 409 326 209 324 547 193 192 183 491 472 532 523 599 452 484 556 572 191 354 589 604 65 31 258 495 219 261 363 607 208 329 357 575 95 93 108 603 162 547 326 581 313 442 68 526 232 195 301 559 330 329 358 575 325 337 196 506 22 271 63 545 90 91 89 521 265 134 548 578 455 551 511 601 290 103 111 568 176 502 228 607 21 20 361 517 106 276 96 523 443 592 481 597 313 285 254 526 305 129 127 514 489 550 476 571 414 426 536 585 188 220 221 550 64 31 32 609 325 297 337 506 122 174 120 497 265 134 264 548 438 329 330 575 360 407 238 534 455 480 551 601 361 20 77 517 465 452 553 584 479 531 467 580 373 28 371 565 101 562 498 587 117 274 275 595 230 308 569 609 361 77 227 517 457 524 500 576 103 110 111 568 341 327 380 494 451 539 502 567 466 522 499 604 379 511 76 601 262 174 122 596 486 577 497 596 244 133 292 516 92 283 91 521 261 260 553 583 379 344 76 511 395 408 396 511 172 170 171 519 380 203 341 554 183 491 192 604 264 263 316 528 509 570 453 598 323 27 28 540 255 85 87 560 285 526 356 574 163 162 326 581 216 172 374 519 263 138 257 528 284 115 294 562 160 175 144 541 27 371 28 540 219 228 384 607 251 253 252 566 425 424 426 512 266 161 265 552 509 579 471 598 463 568 497 577 440 19 414 536 92 107 283 538 127 128 124 596 514 552 464 600 465 553 518 583 234 371 483 565 105 288 113 509 367 395 388 564 481 537 469 592 487 552 514 600 304 293 151 602 271 545 22 583 481 584 465 607 147 144 136 541 184 181 194 586 389 346 412 524 69 403 231 500 371 52 234 483 260 261 55 583 255 269 270 501 468 548 528 597 231 403 394 500 452 584 537 602 120 290 111 568 106 281 291 532 375 258 259 549 165 274 145 581 105 113 112 509 147 160 144 541 235 348 58 544 436 38 355 420 191 354 335 589 345 418 71 589 164 162 113 570 103 100 102 498 352 191 334 499 396 388 395 564 469 597 592 598 543 555 488 567 319 67 233 504 376 217 169 513 397 399 394 500 450 528 548 597 253 351 252 566 209 142 324 572 366 536 74 585 263 257 316 528 152 513 177 588 64 505 308 609 226 71 354 589 443 592 597 598 336 543 339 573 432 68 442 585 28 540 371 565 132 133 152 588 453 492 581 595 173 190 189 535 287 151 139 537 424 499 416 589 92 91 90 521 331 351 332 561 60 412 346 524 188 187 220 550 379 237 236 601 216 170 172 519 509 453 579 598 356 239 200 574 443 579 592 598 247 149 246 580 454 563 518 579 140 537 141 572 235 544 187 582 145 581 274 595 169 177 152 513 387 410 12 235 88 296 295 591 389 399 404 524 175 298 287 607 315 594 31 609 265 161 130 552 306 188 221 550 141 293 148 556 433 434 417 561 357 201 208 546 199 233 197 573 334 48 416 435 128 130 161 552 291 317 106 523 363 584 553 602 187 235 220 544 363 553 215 602 233 67 301 504 491 452 556 602 460 559 506 586 228 176 229 502 88 295 90 591 398 399 397 515 117 104 112 595 256 190 245 535 157 146 143 531 423 416 424 499 293 183 556 602 148 183 182 556 415 429 503 575 206 529 340 594 312 109 325 586 401 390 407 534 158 157 143 531 296 318 338 542 206 180 321 529 218 217 222 565 366 19 74 536 235 348 544 582 201 163 207 546 418 430 424 589 363 215 304 602 363 304 584 602 408 34 368 511 228 229 364 502 261 553 363 584 295 338 108 542 20 74 19 536 340 206 321 529 294 562 101 587 285 313 356 526 176 228 219 607 134 131 135 578 405 401 393 534 88 86 296 591 403 397 500 564 368 391 408 511 84 155 86 525 101 294 115 562 275 253 270 566 315 30 31 594 437 415 429 503 229 372 52 539 57 438 415 575 336 339 199 573 406 72 8 346 351 253 332 566 62 352 334 499 230 64 308 609 309 311 166 510 399 412 394 524 120 111 119 568 333 43 437 57 238 15 390 407 443 579 518 592 45 438 330 419 370 26 25 539 481 584 537 592 507 545 474 608 80 81 79 507 443 520 590 597 330 46 419 422 430 414 426 536 389 7 412 346 390 359 15 238 270 269 117 501 308 64 240 505 88 90 89 591 110 277 118 527 439 417 40 561 224 246 178 576 442 526 428 585 416 422 47 334 65 242 32 551 394 5 231 350 389 406 8 346 43 437 57 415 188 186 187 550 366 414 536 585 42 437 73 333 347 12 410 235 63 271 80 545 366 414 19 536 101 115 114 562 164 328 162 570 293 193 183 602 303 244 292 516 417 39 59 436 368 344 391 511 140 139 141 537 305 132 307 588 360 61 393 534 360 393 407 534 114 116 149 580 86 85 84 525 290 291 281 532 122 121 123 577 435 334 48 335 42 437 421 73 381 362 215 553 60 412 7 346 421 437 429 503 422 62 47 334 37 442 313 420 50 418 345 441 204 280 341 554 421 439 41 73 367 388 343 564 322 314 107 538 235 187 348 582 397 388 396 564 57 329 438 575 25 319 54 567 202 80 271 545 289 150 186 571 21 78 20 608 340 29 30 594 106 317 276 523 68 432 342 585 11 387 235 58 207 320 208 546 309 166 205 510 249 250 285 574 267 265 264 548 182 183 191 604 502 555 451 567 69 388 403 564 123 125 292 577 355 38 313 420 94 107 92 603 46 330 62 422 125 289 302 571 99 101 100 587 326 162 328 547 300 230 308 569 436 39 59 355 440 414 430 536 73 353 333 503 169 217 177 513 267 264 310 548 424 416 435 589 23 271 22 583 385 333 353 503 22 63 21 608 79 81 200 507 414 428 426 585 387 413 405 544 316 328 164 570 438 329 45 330 261 260 381 553 69 343 388 564 326 328 209 547 499 589 466 604 533 599 445 600 349 241 69 564 415 431 429 575 300 157 168 569 537 584 452 592 420 428 442 526 451 555 543 567 229 52 370 539 44 57 438 415 439 331 41 73 323 28 53 540 15 238 360 407 442 68 37 313 420 434 428 526 275 332 253 566 240 32 33 551 439 40 331 561 387 405 410 544 454 579 518 606 521 590 471 591 76 344 368 511 128 262 124 596 59 40 417 561 242 365 76 601 220 235 347 544 156 204 203 554 211 241 349 557 295 296 338 542 163 145 162 581 107 314 283 538 68 36 432 442 395 34 0 408 173 245 190 535 346 377 248 524 398 400 399 515 109 294 99 587 19 77 20 536 383 61 256 534 44 57 329 438 432 366 342 585 192 226 354 604 412 6 350 60 265 130 134 578 380 348 203 582 394 403 397 500 142 140 141 572 68 356 313 526 159 211 210 557 175 176 219 607 464 599 533 600 342 239 68 585 273 54 339 543 342 74 239 585 17 344 70 411 418 435 49 589 407 360 14 393 148 293 183 556 393 360 14 61 246 116 146 580 209 140 142 572 443 518 579 606 123 121 125 577 139 151 141 537 432 442 428 585 195 196 197 559 75 367 343 564 391 402 396 511 363 381 215 553 60 248 386 524 350 394 6 412 388 367 2 395 403 388 397 564 439 421 433 561 201 207 208 546 152 177 307 588 19 1 440 414 57 357 329 575 154 83 85 560 77 19 369 536 76 368 34 511 261 381 363 553 60 346 248 524 368 18 408 391 56 382 259 549 165 145 163 581 199 339 233 573 468 570 509 598 241 75 343 564 181 312 194 586 342 36 432 68 273 339 336 543 5 394 231 403 203 204 341 554 195 197 301 559 262 122 124 596 389 412 399 524 130 131 134 578 59 331 40 561 373 371 222 565 408 391 396 511 95 94 93 603 348 185 203 582 50 418 71 345 69 241 343 564 298 304 151 584 452 553 584 602 360 238 256 534 260 55 23 583 344 17 391 411 56 258 30 549 418 49 71 589 300 168 230 569 32 242 33 551 289 186 302 571 407 393 401 534 312 325 194 586 26 370 52 539 438 419 431 575 335 49 435 589 369 51 441 440 391 368 18 344 343 367 2 388 154 85 255 560 183 192 191 604 414 366 432 585 342 432 35 366 56 259 258 549 234 218 222 565 256 61 360 534 99 294 101 587 175 219 298 607 365 379 76 601 315 206 340 594 54 24 25 567 112 145 274 595 427 425 426 512 210 223 178 576 200 249 285 574 211 349 210 557 313 38 37 420 94 92 93 603 343 3 69 388 411 359 16 390 351 331 59 561 366 74 342 585 335 71 49 589 416 47 48 334 19 1 414 366 246 149 116 580 152 307 132 588 260 23 22 583 408 34 0 368 59 40 39 417 234 222 371 565 367 34 0 395 16 70 359 411 19 1 369 440 24 364 25 567 41 42 421 73 200 285 356 574 31 64 315 609 3 403 69 388 432 414 35 366 348 187 185 582 12 11 387 235 193 293 304 602 224 223 386 576 8 7 389 346 315 64 230 609 117 112 274 595 330 46 45 419 237 379 365 601 327 9 10 392 417 439 433 561 193 304 215 602 63 79 78 608 432 428 414 585 30 315 340 594 354 191 192 604 403 231 4 69 441 345 51 369 14 13 393 61 418 424 435 589 418 49 50 71 57 44 43 415 223 224 178 576 394 6 5 350 47 46 62 422 298 363 304 584 63 78 21 608 438 431 415 575 18 17 391 344 335 354 71 589 15 16 359 390 58 10 11 409 45 44 329 438 432 35 36 342 231 4 5 403 37 36 68 442 437 42 43 333 72 8 9 406 403 4 3 69 345 51 50 441 343 2 3 388 13 12 410 347 0 18 408 368 48 49 435 335 369 1 51 440 414 1 35 366 331 41 40 439 16 17 70 411 7 6 412 60 14 15 360 407 367 0 2 395 38 39 436 355 529 168 158 458 529 158 168 180 520 470 542 451 542 470 520 449 542 478 520 451 520 478 542 449 569 495 444 458 569 444 495 505 561 434 427 433 427 434 561 461 427 512 561 433 561 512 427 461 559 483 445 504 559 445 483 460 429 431 462 575 429 503 462 512 462 503 429 575 498 530 562 467 562 530 498 447 425 462 429 431 425 429 462 512 508 558 479 457 479 558 508 444 519 179 516 171 519 516 179 489 527 530 568 467 568 530 527 463 422 330 499 419 422 499 330 62 596 268 552 262 596 552 268 464 565 309 311 218 565 311 309 510 573 543 318 336 573 318 543 470 155 318 543 336 155 543 318 470 510 282 305 487 510 305 282 205 511 70 379 344 511 379 70 496 392 72 9 406 392 9 72 327 511 411 402 496 511 402 411 391 547 207 324 326 547 324 207 484 512 522 499 466 499 522 512 462 517 536 608 20 517 608 536 482 78 608 536 20 78 536 608 482 362 602 214 215 214 602 362 491 592 555 518 443 592 518 555 465 516 530 486 463 486 530 516 459 561 429 421 433 561 421 429 503 536 441 589 430 536 589 441 345 375 519 549 216 549 519 375 495 392 58 10 327 392 10 58 409 580 457 247 508 580 247 457 576 177 565 217 218 217 565 177 513 406 346 524 72 524 346 406 389 548 597 605 450 605 597 548 468 393 544 347 410 347 544 393 534 567 339 573 319 567 573 339 543 211 569 159 300 159 569 211 557 598 521 471 509 598 471 521 590 295 603 108 93 108 603 295 542 539 364 229 502 539 229 364 370 126 588 133 132 133 588 126 486 587 284 312 294 587 312 284 490 562 143 116 531 562 116 143 115 159 576 210 178 210 576 159 557 577 120 122 121 577 122 120 497 585 356 482 239 585 482 356 526 609 549 458 594 609 458 549 495 33 601 242 76 242 601 33 551 572 592 563 469 563 592 572 452 505 211 241 308 505 241 211 557 589 334 191 499 589 191 334 335 568 118 110 111 568 110 118 527 142 556 141 148 142 141 556 572 393 347 13 410 13 347 393 61 363 607 298 219 298 607 363 584</DataArray>
        <DataArray type="Int32" Name="offsets" format="ascii">4 8 12 16 20 24 28 32 36 40 44 48 52 56 60 64 68 72 76 80 84 88 92 96 100 104 108 112 116 120 124 128 132 136 140 144 148 152 156 160 164 168 172 176 180 184 188 192 196 200 204 208 212 216 220 224 228 232 236 240 244 248 252 256 260 264 268 272 276 280 284 288 292 296 300 304 308 312 316 320 324 328 332 336 340 344 348 352 356 360 364 368 372 376 380 384 388 392 396 400 404 408 412 416 420 424 428 432 436 440 444 448 452 456 460 464 468 472 476 480 484 488 492 496 500 504 508 512 516 520 524 528 532 536 540 544 548 552 556 560 564 568 572 576 580 584 588 592 596 600 604 608 612 616 620 624 628 632 636 640 644 648 652 656 660 664 668 672 676 680 684 688 692 696 700 704 708 712 716 720 724 728 732 736 740 744 748 752 756 760 764 768 772 776 780 784 788 792 796 800 804 808 812 816 820 824 828 832 836 840 844 848 852 856 860 864 868 872 876 880 884 888 892 896 900 904 908 912 916 920 924 928 932 936 940 944 948 952 956 960 964 968 972 976 980 984 988 992 996 1000 1004 1008 1012 1016 1020 1024 1028 1032 1036 1040 1044 1048 1052 1056 1060 1064 1068 1072 1076 1080 1084 1088 1092 1096 1100 1104 1108 1112 1116 1120 1124 1128 1132 1136 1140 1144 1148 1152 1156 1160 1164 1168 1172 1176 1180 1184 1188 1192 1196 1200 1204 1208 1212 1216 1220 1224 1228 1232 1236 1240 1244 1248 1252 1256 1260 1264 1268 1272 1276 1280 1284 1288 1292 1296 1300 1304 1308 1312 1316 1320 1324 1328 1332 1336 1340 1344 1348 1352 1356 1360 1364 1368 1372 1376 1380 1384 1388 1392 1396 1400 1404 1408 1412 1416 1420 1424 1428 1432 1436 1440 1444 1448 1452 1456 1460 1464 1468 1472 1476 1480 1484 1488 1492 1496 1500 1504 1508 1512 1516 1520 1524 1528 1532 1536 1540 1544 1548 1552 1556 1560 1564 1568 1572 1576 1580 1584 1588 1592 1596 1600 1604 1608 1612 1616 1620 1624 1628 1632 1636 1640 1644 1648 1652 1656 1660 1664 1668 1672 1676 1680 1684 1688 1692 1696 1700 1704 1708 1712 1716 1720 1724 1728 1732 1736 1740 1744 1748 1752 1756 1760 1764 1768 1772 1776 1780 1784 1788 1792 1796 1800 1804 1808 1812 1816 1820 1824 1828 1832 1836 1840 1844 1848 1852 1856 1860 1864 1868 1872 1876 1880 1884 1888 1892 1896 1900 1904 1908 1912 1916 1920 1924 1928 1932 1936 1940 1944 1948 1952 1956 1960 1964 1968 1972 1976 1980 1984 1988 1992 1996 2000 2004 2008 2012 2016 2020 2024 2028 2032 2036 2040 2044 2048 2052 2056 2060 2064 2068 2072 2076 2080 2084 2088 2092 2096 2100 2104 2108 2112 2116 2120 2124 2128 2132 2136 2140 2144 2148 2152 2156 2160 2164 2168 2172 2176 2180 2184 2188 2192 2196 2200 2204 2208 2212 2216 2220 2224 2228 2232 2236 2240 2244 2248 2252 2256 2260 2264 2268 2272 2276 2280 2284 2288 2292 2296 2300 2304 2308 2312 2316 2320 2324 2328 2332 2336 2340 2344 2348 2352 2356 2360 2364 2368 2372 2376 2380 2384 2388 2392 2396 2400 2404 2408 2412 2416 2420 2424 2428 2432 2436 2440 2444 2448 2452 2456 2460 2464 2468 2472 2476 2480 2484 2488 2492 2496 2500 2504 2508 2512 2516 2520 2524 2528 2532 2536 2540 2544 2548 2552 2556 2560 2564 2568 2572 2576 2580 2584 2588 2592 2596 2600 2604 2608 2612 2616 2620 2624 2628 2632 2636 2640 2644 2648 2652 2656 2660 2664 2668 2672 2676 2680 2684 2688 2692 2696 2700 2704 2708 2712 2716 2720 2724 2728 2732 2736 2740 2744 2748 2752 2756 2760 2764 2768 2772 2776 2780 2784 2788 2792 2796 2800 2804 2808 2812 2816 2820 2824 2828 2832 2836 2840 2844 2848 2852 2856 2860 2864 2868 2872 2876 2880 2884 2888 2892 2896 2900 2904 2908 2912 2916 2920 2924 2928 2932 2936 2940 2944 2948 2952 2956 2960 2964 2968 2972 2976 2980 2984 2988 2992 2996 3000 3004 3008 3012 3016 3020 3024 3028 3032 3036 3040 3044 3048 3052 3056 3060 3064 3068 3072 3076 3080 3084 3088 3092 3096 3100 3104 3108 3112 3116 3120 3124 3128 3132 3136 3140 3144 3148 3152 3156 3160 3164 3168 3172 3176 3180 3184 3188 3192 3196 3200 3204 3208 3212 3216 3220 3224 3228 3232 3236 3240 3244 3248 3252 3256 3260 3264 3268 3272 3276 3280 3284 3288 3292 3296 3300 3304 3308 3312 3316 3320 3324 3328 3332 3336 3340 3344 3348 3352 3356 3360 3364 3368 3372 3376 3380 3384 3388 3392 3396 3400 3404 3408 3412 3416 3420 3424 3428 3432 3436 3440 3444 3448 3452 3456 3460 3464 3468 3472 3476 3480 3484 3488 3492 3496 3500 3504 3508 3512 3516 3520 3524 3528 3532 3536 3540 3544 3548 3552 3556 3560 3564 3568 3572 3576 3580 3584 3588 3592 3596 3600 3604 3608 3612 3616 3620 3624 3628 3632 3636 3640 3644 3648 3652 3656 3660 3664 3668 3672 3676 3680 3684 3688 3692 3696 3700 3704 3708 3712 3716 3720 3724 3728 3732 3736 3740 3744 3748 3752 3756 3760 3764 3768 3772 3776 3780 3784 3788 3792 3796 3800 3804 3808 3812 3816 3820 3824 3828 3832 3836 3840 3844 3848 3852 3856 3860 3864 3868 3872 3876 3880 3884 3888 3892 3896 3900 3904 3908 3912 3916 3920 3924 3928 3932 3936 3940 3944 3948 3952 3956 3960 3964 3968 3972 3976 3980 3984 3988 3992 3996 4000 4004 4008 4012 4016 4020 4024 4028 4032 4036 4040 4044 4048 4052 4056 4060 4064 4068 4072 4076 4080 4084 4088 4092 4096 4100 4104 4108 4112 4116 4120 4124 4128 4132 4136 4140 4144 4148 4152 4156 4160 4164 4168 4172 4176 4180 4184 4188 4192 4196 4200 4204 4208 4212 4216 4220 4224 4228 4232 4236 4240 4244 4248 4252 4256 4260 4264 4268 4272 4276 4280 4284 4288 4292 4296 4300 4304 4308 4312 4316 4320 4324 4328 4332 4336 4340 4344 4348 4352 4356 4360 4364 4368 4372 4376 4380 4384 4388 4392 4396 4400 4404 4408 4412 4416 4420 4424 4428 4432 4436 4440 4444 4448 4452 4456 4460 4464 4468 4472 4476 4480 4484 4488 4492 4496 4500 4504 4508 4512 4516 4520 4524 4528 4532 4536 4540 4544 4548 4552 4556 4560 4564 4568 4572 4576 4580 4584 4588 4592 4596 4600 4604 4608 4612 4616 4620 4624 4628 4632 4636 4640 4644 4648 4652 4656 4660 4664 4668 4672 4676 4680 4684 4688 4692 4696 4700 4704 4708 4712 4716 4720 4724 4728 4732 4736 4740 4744 4748 4752 4756 4760 4764 4768 4772 4776 4780 4784 4788 4792 4796 4800 4804 4808 4812 4816 4820 4824 4828 4832 4836 4840 4844 4848 4852 4856 4860 4864 4868 4872 4876 4880 4884 4888 4892 4896 4900 4904 4908 4912 4916 4920 4924 4928 4932 4936 4940 4944 4948 4952 4956 4960 4964 4968 4972 4976 4980 4984 4988 4992 4996 5000 5004 5008 5012 5016 5020 5024 5028 5032 5036 5040 5044 5048 5052 5056 5060 5064 5068 5072 5076 5080 5084 5088 5092 5096 5100 5104 5108 5112 5116 5120 5124 5128 5132 5136 5140 5144 5148 5152 5156 5160 5164 5168 5172 5176 5180 5184 5188 5192 5196 5200 5204 5208 5212 5216 5220 5224 5228 5232 5236 5240 5244 5248 5252 5256 5260 5264 5268 5272 5276 5280 5284 5288 5292 5296 5300 5304 5308 5312 5316 5320 5324 5328 5332 5336 5340 5344 5348 5352 5356 5360 5364 5368 5372 5376 5380 5384 5388 5392 5396 5400 5404 5408 5412 5416 5420 5424 5428 5432 5436 5440 5444 5448 5452 5456 5460 5464 5468 5472 5476 5480 5484 5488 5492 5496 5500 5504 5508 5512 5516 5520 5524 5528 5532 5536 5540 5544 5548 5552 5556 5560 5564 5568 5572 5576 5580 5584 5588 5592 5596 5600 5604 5608 5612 5616 5620 5624 5628 5632 5636 5640 5644 5648 5652 5656 5660 5664 5668 5672 5676 5680 5684 5688 5692 5696 5700 5704 5708 5712 5716 5720 5724 5728 5732 5736 5740 5744 5748 5752 5756 5760 5764 5768 5772 5776 5780 5784 5788 5792 5796 5800 5804 5808 5812 5816 5820 5824 5828 5832 5836 5840 5844 5848 5852 5856 5860 5864 5868 5872 5876 5880 5884 5888 5892 5896 5900 5904 5908 5912 5916 5920 5924 5928 5932 5936 5940 5944 5948 5952 5956 5960 5964 5968 5972 5976 5980 5984 5988 5992 5996 6000 6004 6008 6012 6016 6020 6024 6028 6032 6036 6040 6044 6048 6052 6056 6060 6064 6068 6072 6076 6080 6084 6088 6092 6096 6100 6104 6108 6112 6116 6120 6124 6128 6132 6136 6140 6144 6148 6152 6156 6160 6164 6168 6172 6176 6180 6184 6188 6192 6196 6200 6204 6208 6212 6216 6220 6224 6228 6232 6236 6240 6244 6248 6252 6256 6260 6264 6268 6272 6276 6280 6284 6288 6292 6296 6300 6304 6308 6312 6316 6320 6324 6328 6332 6336 6340 6344 6348 6352 6356 6360 6364 6368 6372 6376 6380 6384 6388 6392 6396 6400 6404 6408 6412 6416 6420 6424 6428 6432 6436 6440 6444 6448 6452 6456 6460 6464 6468 6472 6476 6480 6484 6488 6492 6496 6500 6504 6508 6512 6516 6520 6524 6528 6532 6536 6540 6544 6548 6552 6556 6560 6564 6568 6572 6576 6580 6584 6588 6592 6596 6600 6604 6608 6612 6616 6620 6624 6628 6632 6636 6640 6644 6648 6652 6656 6660 6664 6668 6672 6676 6680 6684 6688 6692 6696 6700 6704 6708 6712 6716 6720 6724 6728 6732 6736 6740 6744 6748 6752 6756 6760 6764 6768 6772 6776 6780 6784 6788 6792 6796 6800 6804 6808 6812 6816 6820 6824 6828 6832 6836 6840 6844 6848 6852 6856 6860 6864 6868 6872 6876 6880 6884 6888 6892 6896 6900 6904 6908 6912 6916 6920 6924 6928 6932 6936 6940 6944 6948 6952 6956 6960 6964 6968 6972 6976 6980 6984 6988 6992 6996 7000 7004 7008 7012 7016 7020 7024 7028 7032 7036 7040 7044 7048 7052 7056 7060 7064 7068 7072 7076 7080 7084 7088 7092 7096 7100 7104 7108 7112 7116 7120 7124 7128 7132 7136 7140 7144 7148 7152 7156 7160 7164 7168 7172 7176 7180 7184 7188 7192 7196 7200 7204 7208 7212 7216 7220 7224 7228 7232 7236 7240 7244 7248 7252 7256 7260 7264 7268 7272 7276 7280 7284 7288 7292 7296 7300 7304 7308 7312 7316 7320 7324 7328 7332 7336 7340 7344 7348 7352 7356 7360 7364 7368 7372 7376 7380 7384 7388 7392 7396 7400 7404 7408 7412 7416 7420 7424 7428 7432 7436 7440 7444 7448 7452 7456 7460 7464 7468 7472 7476 7480 7484 7488 7492 7496 7500 7504 7508 7512 7516 7520 7524 7528 7532 7536 7540 7544 7548 7552 7556 7560 7564 7568 7572 7576 7580 7584 7588 7592 7596 7600 7604 7608 7612 7616 7620 7624 7628 7632 7636 7640 7644 7648 7652 7656 7660 7664 7668 7672 7676 7680 7684 7688 7692 7696 7700 7704 7708 7712 7716 7720 7724 7728 7732 7736 7740 7744 7748 7752 7756 7760 7764 7768 7772 7776 7780 7784 7788 7792 7796 7800 7804 7808 7812 7816 7820 7824 7828 7832 7836 7840 7844 7848 7852 7856 7860 7864 7868 7872 7876 7880 7884 7888 7892 7896 7900 7904 7908 7912 7916 7920 7924 7928 7932 7936 7940 7944 7948 7952 7956 7960 7964 7968 7972 7976 7980 7984 7988 7992 7996 8000 8004 8008 8012 8016 8020 8024 8028 8032 8036 8040 8044 8048 8052 8056 8060 8064 8068 8072 8076 8080 8084 8088 8092 8096 8100 8104 8108 8112 8116 8120 8124 8128 8132 8136 8140 8144 8148 8152 8156 8160 8164 8168 8172 8176 8180 8184 8188 8192 8196 8200 8204 8208 8212 8216 8220 8224 8228 8232 8236 8240 8244 8248 8252 8256 8260 8264 8268 8272 8276 8280 8284 8288 8292 8296 8300 8304 8308 8312 8316 8320 8324 8328 8332 8336 8340 8344 8348 8352 8356 8360 8364 8368 8372 8376 8380 8384 8388 8392 8396 8400 8404 8408 8412 8416 8420 8424 8428 8432 8436 8440 8444 8448 8452 8456 8460 8464 8468 8472 8476 8480 8484 8488 8492 8496 8500 8504 8508 8512 8516 8520 8524 8528 8532 8536 8540 8544 8548 8552 8556 8560 8564 8568 8572 8576 8580 8584 8588 8592 8596 8600 8604 8608 8612 8616 8620 8624 8628 8632 8636 8640 8644 8648 8652 8656 8660 8664 8668 8672 8676 8680 8684 8688 8692 8696 8700 8704 8708 8712 8716 8720 8724 8728 8732 8736 8740 8744 8748 8752 8756 8760 8764 8768 8772 8776 8780 8784 8788 8792 8796 8800 8804 8808 8812 8816 8820 8824 8828 8832 8836 8840 8844 8848 8852 8856 8860 8864 8868 8872 8876 8880 8884 8888 8892 8896 8900 8904 8908 8912 8916 8920 8924 8928 8932 8936 8940 8944 8948 8952 8956 8960 8964 8968 8972 8976 8980 8984 8988 8992 8996 9000 9004 9008 9012 9016 9020 9024 9028</DataArray>
        <DataArray type="UInt8" Name="types" format="ascii">10 10 10 10 10 10 10 10 10 10 10 10 10 10 10 10 10 10 10 10 10 10 10 10 10 10 10 10 10 10 10 10 10 10 10 10 10 10 10 10 10 10 10 10 10 10 10 10 10 10 10 10 10 10 10 10 10 10 10 10 10 10 10 10 10 10 10 10 10 10 10 10 10 10 10 10 10 10 10 10 10 10 10 10 10 10 10 10 10 10 10 10 10 10 10 10 10 10 10 10 10 10 10 10 10 10 10 10 10 10 10 10 10 10 10 10 10 10 10 10 10 10 10 10 10 10 10 10 10 10 10 10 10 10 10 10 10 10 10 10 10 10 10 10 10 10 10 10 10 10 10 10 10 10 10 10 10 10 10 10 10 10 10 10 10 10 10 10 10 10 10 10 10 10 10 10 10 10 10 10 10 10 10 10 10 10 10 10 10 10 10 10 10 10 10 10 10 10 10 10 10 10 10 10 10 10 10 10 10 10 10 10 10 10 10 10 10 10 10 10 10 10 10 10 10 10 10 10 10 10 10 10 10 10 10 10 10 10 10 10 10 10 10 10 10 10 10 10 10 10 10 10 10 10 10 10 10 10 10 10 10 10 10 10 10 10 10 10 10 10 10 10 10 10 10 10 10 10 10 10 10 10 10 10 10 10 10 10 10 10 10 10 10 10 10 10 10 10 10 10 10 10 10 10 10 10 10 10 10 10 10 10 10 10 10 10 10 10 10 10 10 10 10 10 10 10 10 10 10 10 10 10 10 10 10 10 10 10 10 10 10 10 10 10 10 10 10 10 10 10 10 10 10 10 10 10 10 10 10 10 10 10 10 10 10 10 10 10 10 10 10 10 10 10 10 10 10 10 10 10 10 10 10 10 10 10 10 10 10 10 10 10 10 10 10 10 10 10 10 10 10 10 10 10 10 10 10 10 10 10 10 10 10 10 10 10 10 10 10 10 10 10 10 10 10 10 10 10 10 10 10 10 10 10 10 10 10 10 10 10 10 10 10 10 10 10 10 10 10 10 10 10 10 10 10 10 10 10 10 10 10 10 10 10 10 10 10 10 10 10 10 10 10 10 10 10 10 10 10 10 10 10 10 10 10 10 10 10 10 10 10 10 10 10 10 10 10 10 10 10 10 10 10 10 10 10 10 10 10 10 10 10 10 10 10 10 10 10 10 10 10 10 10 10 10 10 10 10 10 10 10 10 10 10 10 10 10 10 10 10 10 10 10 10 10 10 10 10 10 10 10 10 10 10 10 10 10 10 10 10 10 10 10 10 10 10 10 10 10 10 10 10 10 10 10 10 10 10 10 10 10 10 10 10 10 10 10 10 10 10 10 10 10 10 10 10 10 10 10 10 10 10 10 10 10 10 10 10 10 10 10 10 10 10 10 10 10 10 10 10 10 10 10 10 10 10 10 10 10 10 10 10 10 10 10 10 10 10 10 10 10 10 10 10 10 10 10 10 10 10 10 10 10 10 10 10 10 10 10 10 10 10 10 10 10 10 10 10 10 10 10 10 10 10 10 10 10 10 10 10 10 10 10 10 10 10 10 10 10 10 10 10 10 10 10 10 10 10 10 10 10 10 10 10 10 10 10 10 10 10 10 10 10 10 10 10 10 10 10 10 10 10 10 10 10 10 10 10 10 10 10 10 10 10 10 10 10 10 10 10 10 10 10 10 10 10 10 10 10 10 10 10 10 10 10 10 10 10 10 10 10 10 10 10 10 10 10 10 10 10 10 10 10 10 10 10 10 10 10 10 10 10 10 10 10 10 10 10 10 10 10 10 10 10 10 10 10 10 10 10 10 10 10 10 10 10 10 10 10 10 10 10 10 10 10 10 10 10 10 10 10 10 10 10 10 10 10 10 10 10 10 10 10 10 10 10 10 10 10 10 10 10 10 10 10 10 10 10 10 10 10 10 10 10 10 10 10 10 10 10 10 10 10 10 10 10 10 10 10 10 10 10 10 10 10 10 10 10 10 10 10 10 10 10 10 10 10 10 10 10 10 10 10 10 10 10 10 10 10 10 10 10 10 10 10 10 10 10 10 10 10 10 10 10 10 10 10 10 10 10 10 10 10 10 10 10 10 10 10 10 10 10 10 10 10 10 10 10 10 10 10 10 10 10 10 10 10 10 10 10 10 10 10 10 10 10 10 10 10 10 10 10 10 10 10 10 10 10 10 10 10 10 10 10 10 10 10 10 10 10 10 10 10 10 10 10 10 10 10 10 10 10 10 10 10 10 10 10 10 10 10 10 10 10 10 10 10 10 10 10 10 10 10 10 10 10 10 10 10 10 10 10 10 10 10 10 10 10 10 10 10 10 10 10 10 10 10 10 10 10 10 10 10 10 10 10 10 10 10 10 10 10 10 10 10 10 10 10 10 10 10 10 10 10 10 10 10 10 10 10 10 10 10 10 10 10 10 10 10 10 10 10 10 10 10 10 10 10 10 10 10 10 10 10 10 10 10 10 10 10 10 10 10 10 10 10 10 10 10 10 10 10 10 10 10 10 10 10 10 10 10 10 10 10 10 10 10 10 10 10 10 10 10 10 10 10 10 10 10 10 10 10 10 10 10 10 10 10 10 10 10 10 10 10 10 10 10 10 10 10 10 10 10 10 10 10 10 10 10 10 10 10 10 10 10 10 10 10 10 10 10 10 10 10 10 10 10 10 10 10 10 10 10 10 10 10 10 10 10 10 10 10 10 10 10 10 10 10 10 10 10 10 10 10 10 10 10 10 10 10 10 10 10 10 10 10 10 10 10 10 10 10 10 10 10 10 10 10 10 10 10 10 10 10 10 10 10 10 10 10 10 10 10 10 10 10 10 10 10 10 10 10 10 10 10 10 10 10 10 10 10 10 10 10 10 10 10 10 10 10 10 10 10 10 10 10 10 10 10 10 10 10 10 10 10 10 10 10 10 10 10 10 10 10 10 10 10 10 10 10 10 10 10 10 10 10 10 10 10 10 10 10 10 10 10 10 10 10 10 10 10 10 10 10 10 10 10 10 10 10 10 10 10 10 10 10 10 10 10 10 10 10 10 10 10 10 10 10 10 10 10 10 10 10 10 10 10 10 10 10 10 10 10 10 10 10 10 10 10 10 10 10 10 10 10 10 10 10 10 10 10 10 10 10 10 10 10 10 10 10 10 10 10 10 10 10 10 10 10 10 10 10 10 10 10 10 10 10 10 10 10 10 10 10 10 10 10 10 10 10 10 10 10 10 10 10 10 10 10 10 10 10 10 10 10 10 10 10 10 10 10 10 10 10 10 10 10 10 10 10 10 10 10 10 10 10 10 10 10 10 10 10 10 10 10 10 10 10 10 10 10 10 10 10 10 10 10 10 10 10 10 10 10 10 10 10 10 10 10 10 10 10 10 10 10 10 10 10 10 10 10 10 10 10 10 10 10 10 10 10 10 10 10 10 10 10 10 10 10 10 10 10 10 10 10 10 10 10 10 10 10 10 10 10 10 10 10 10 10 10 10 10 10 10 10 10 10 10 10 10 10 10 10 10 10 10 10 10 10 10 10 10 10 10 10 10 10 10 10 10 10 10 10 10 10 10 10 10 10 10 10 10 10 10 10 10 10 10 10 10 10 10 10 10 10 10 10 10 10 10 10 10 10 10 10 10 10 10 10 10 10 10 10 10 10 10 10 10 10 10 10 10 10 10 10 10 10 10 10 10 10 10 10 10 10 10 10 10 10 10 10 10 10 10 10 10 10 10 10 10 10 10 10 10 10 10 10 10 10 10 10 10 10 10 10 10 10 10 10 10 10 10 10 10 10 10 10 10 10 10 10 10 10 10 10 10 10 10 10 10 10 10 10 10 10 10 10 10 10 10 10 10 10 10 10 10 10 10 10 10 10 10 10 10 10 10 10 10 10 10 10 10 10 10 10 10 10 10 10 10 10 10 10 10 10 10 10 10 10 10 10 10 10 10 10 10 10 10 10 10 10 10 10 10 10 10 10 10 10 10 10 10 10 10 10 10 10 10 10 10 10 10 10 10 10 10 10 10 10 10 10 10 10 10 10 10 10 10 10 10 10 10 10 10 10 10 10 10 10 10 10 10 10 10 10 10 10 10 10 10 10 10 10 10 10 10 10 10 10 10 10 10 10 10 10 10 10 10 10 10 10 10 10 10 10 10 10 10 10 10 10 10 10 10 10 10 10 10 10 10 10 10 10 10 10 10 10 10 10 10 10 10 10 10 10 10 10 10 10 10 10 10 10 10 10 10 10 10 10 10 10 10 10 10 10 10 10 10 10 10 10 10 10 10 10 10 10 10 10 10 10 10 10 10 10 10 10 10 10 10 10 10 10 10 10 10 10 10 10 10 10 10 10 10 10 10 10 10 10 10 10 10 10 10 10 10 10 10 10 10 10 10 10 10 10 10 10 10 10 10 10 10 10 10 10 10 10 10 10 10 10 10 10 10 10 10 10 10 10 10 10 10 10 10 10 10 10 10 10 10 10 10 10 10 10 10 10 10 10 10 10 10 10 10 10 10 10 10 10 10 10 10 10 10 10 10 10 10 10 10 10 10 10 10 10 10 10 10 10 10 10 10 10 10 10 10 10 10 10 10 10 10 10 10 10 10 10 10 10 10 10 10 10 10 10 10 10 10 10 10 10 10 10 10 10 10 10 10 10 10 10 10 10 10 10 10 10 10 10 10 10 10 10 10 10 10 10 10 10 10 10 10 10 10 10 10 10 10 10 10 10 10 10 10 10 10 10 10 10 10 10 10 10 10 10 10 10 10 10 10 10 10 10 10 10 10 10 10 10 10 10 10 10 10 10 10 10 10 10 10 10 10 10 10 10 10 10 10 10 10 10 10 10 10 10 10 10 10 10 10 10 10 10 10 10 10 10 10 10 10 10 10 10 10 10 10 10 10 10 10 10 10 10 10 10 10 10 10 10 10 10 10 10 10 10 10 10 10 10 10 10 10 10 10 10 10 10 10 10 10 10 10 10 10 10 10 10 10 10 10 10 10 10 10 10 10 10 10 10 10 10 10 10 10 10 10 10 10 10 10 10 10 10 10 10 10 10 10 10 10 10 10 10 10 10 10 10</DataArray>
      </Cells>
      <PointData Vectors="Displacement">
        <DataArray type="Float64" Name="Displacement" NumberOfComponents="3" format="ascii">4.93017339985e-11 -4.20221998511e-07 4.9860863301e-10 0 0 0 -1.92472371287e-10 -3.95416061569e-07 -1.44107590472e-07 -4.20703655106e-10 -3.24210568169e-07 -2.68561127572e-07 -8.53458349091e-10 -2.11638832401e-07 -3.63176755133e-07 -4.88917452024e-10 -7.35164395029e-08 -4.13987311799e-07 -8.5246346333e-10 7.26951475875e-08 -4.13821450086e-07 -1.15861046049e-09 2.07566402827e-07 -3.64840226825e-07 -5.42173363061e-10 3.20106780994e-07 -2.68309527258e-07 4.12373143881e-11 3.92413780814e-07 -1.41548805963e-07 7.39585488143e-10 4.17373175607e-07 -1.2918512671e-09 8.63538890516e-10 3.90976579829e-07 1.45091181049e-07 1.1196441119e-09 3.18869584651e-07 2.70470710083e-07 3.99567703853e-10 2.08221920418e-07 3.63039511538e-07 -8.67636417637e-12 7.28572259631e-08 4.12992594054e-07 2.63089499101e-10 -7.36583963206e-08 4.12578374933e-07 5.87275558447e-10 -2.12364291129e-07 3.62622266933e-07 -5.39703665734e-10 -3.22671186359e-07 2.70422914926e-07 -4.74386507457e-10 -3.9584950157e-07 1.44628497968e-07 -4.66744810823e-10 -2.13634452145e-08 3.48110771605e-10 -5.66096776524e-10 -4.97545625065e-08 -3.68111550365e-10 -2.30861339947e-10 -7.35519229698e-08 7.87605186844e-10 -4.87734440825e-12 -9.7578653032e-08 -7.6934501827e-10 -1.15393332519e-10 -1.2580015647e-07 -5.48638824141e-10 -3.94905945687e-10 -1.46852616774e-07 -9.3767774082e-10 6.99263631703e-11 -1.76256713207e-07 -2.78656807824e-10 -6.53851782175e-10 -2.01124153095e-07 4.97542708017e-10 -2.11521781654e-10 -2.25408216915e-07 -2.69747633749e-10 -3.94606859779e-10 -2.5044183168e-07 -4.66930678997e-10 -9.61177189998e-11 -2.74027977218e-07 3.07328960128e-10 -4.57129463596e-11 -2.98154137891e-07 5.09620512813e-10 3.74126673788e-10 -3.21213826413e-07 -4.14305548893e-10 4.06405834351e-10 -3.4505723779e-07 8.13134008066e-10 -5.20733936677e-10 -3.71979824488e-07 -8.30128587466e-10 2.62891090366e-11 -3.962755504e-07 5.3736212069e-10 0 0 0 0 0 0 0 0 0 0 0 0 0 0 0 0 0 0 0 0 0 0 0 0 0 0 0 0 0 0 0 0 0 0 0 0 0 0 0 0 0 0 0 0 0 0 0 0 0 0 0 -2.74967122656e-10 -2.04914843867e-07 5.98278064399e-08 -3.91544421079e-10 -2.49986384317e-07 -8.05671952864e-08 -1.32051722163e-10 -1.53182726846e-07 -4.96472112312e-08 -4.53462572919e-10 -1.33590154984e-07 4.11345474521e-08 1.04363172107e-10 -2.67566611692e-07 8.66614370249e-08 2.30899696001e-10 1.92154036044e-08 2.93612840013e-09 3.56306942317e-10 3.89864925733e-07 6.80762582918e-08 -3.49817933526e-11 5.53082975601e-09 -2.09830718696e-08 -1.00466662996e-09 1.41678828926e-07 -3.74676839806e-07 1.11238011036e-10 1.34306116538e-07 3.75682793704e-07 1.71510648141e-10 8.98192315961e-09 2.16178974079e-08 4.39687815067e-10 -8.27630370055e-08 -2.52805218525e-08 -6.24517575992e-10 -3.18262757164e-07 -1.02747202049e-07 -2.52407201487e-13 -3.19855011766e-07 9.82932836191e-08 -4.79631743879e-11 -8.17838478098e-08 2.48098486316e-08 -7.32084122918e-10 -2.03527277039e-07 -6.48921894464e-08 -3.39552090375e-11 -1.50580855311e-08 -1.75721073635e-08 -5.68460718471e-10 -2.57955099715e-07 -3.04955798913e-07 5.92889652868e-12 -2.57257295787e-07 3.07274669673e-07 7.72959898447e-11 -1.55593796168e-08 1.58353000513e-08 -4.23519128658e-10 3.44286370863e-07 -1.99921527229e-07 -1.40728243001e-10 1.72224457519e-08 -9.67396782925e-09 -4.79467981282e-10 -3.63067664297e-08 -1.10214441375e-08 1.32058948896e-10 -3.63830119424e-07 -1.14541028639e-07 -1.80694265992e-11 -3.6267707156e-07 1.21802658479e-07 4.45860216889e-10 -3.7330044085e-08 1.18920642348e-08 -3.1728653259e-10 -5.62511506002e-08 -1.63996967169e-08 -4.49637718667e-10 -5.85581335603e-08 -3.91938046124e-08 -2.34257911909e-10 -8.13262423964e-08 -5.73923832245e-08 -1.92442418103e-10 -5.25550873575e-08 -6.93718574496e-08 -3.20706475123e-10 -6.79323998412e-08 -8.85686356296e-08 5.21652315938e-11 -3.61489453153e-08 -9.42836932308e-08 -4.89333617641e-10 -3.98556591151e-08 -1.13548079548e-07 4.91981150919e-10 -5.31416742197e-09 -1.11774279913e-07 -1.32842746737e-10 -6.23067289696e-09 -1.36340147519e-07 -5.21835760495e-10 3.25558513186e-08 -1.18185509998e-07 -4.37623919882e-11 3.67990211158e-08 -1.43363005715e-07 -5.16342235385e-10 7.13055750435e-08 -1.13183782596e-07 2.8504838786e-10 8.68138169492e-08 -1.36343813518e-07 -9.06244416223e-10 1.11321911953e-07 -9.21710279417e-08 8.96513940757e-11 1.31777644249e-07 -1.10164825553e-07 -4.11749087149e-10 9.95848109159e-08 -1.56134844323e-07 -1.85516831397e-10 1.53177404123e-07 -1.28277057853e-07 7.95111388982e-11 1.13539385908e-07 -1.77415096686e-07 6.51537510605e-10 1.71542434415e-07 -1.44610379305e-07 -5.1173234699e-10 1.25345466753e-07 -1.97132954786e-07 -1.87687257186e-10 1.88796931722e-07 -1.58184625962e-07 -4.22427553691e-10 1.38383367069e-07 -2.15706581709e-07 -1.04288185925e-09 2.06555942186e-07 -1.73317998742e-07 5.66506890134e-10 1.54423632483e-07 -2.37548695272e-07 -6.83820841906e-10 2.28211375382e-07 -1.89887728994e-07 -7.35173645955e-10 2.59700669266e-07 -1.07866537636e-07 -7.88273463053e-12 9.32519470798e-08 -8.0248560896e-08 4.85382422449e-10 1.26293370904e-07 -5.17424817186e-08 3.78465240743e-10 2.18014768941e-07 -9.12893629807e-08 -6.54453659282e-11 1.72285865575e-07 -7.04947885012e-08 2.53857299615e-10 5.28705333642e-08 -1.92437166486e-07 -7.543110984e-12 6.51223154865e-08 -2.37705498805e-07 -3.54942136495e-10 2.82499921127e-07 -1.15512783972e-07 -5.8162797655e-10 2.938091217e-07 -2.44189368459e-08 -1.77433102696e-10 1.03945539968e-07 -4.34850243342e-08 1.96334776828e-10 1.20786038703e-07 -1.13983024291e-08 -5.38986811473e-11 1.66958002496e-07 -2.58594134359e-07 9.1071887863e-11 7.89461490582e-08 -2.84666058179e-07 -6.46766211726e-10 8.47168846015e-08 -3.06191538171e-07 -2.31858298499e-10 7.51946254916e-08 -6.31407174033e-08 -9.54616041576e-10 3.15887926649e-07 -2.79033149512e-08 -4.78581614304e-10 3.00771822607e-07 6.65211984895e-08 -1.45376476539e-10 2.77423359141e-07 6.2034113882e-08 -2.14771673788e-10 2.57846002421e-07 1.48077507199e-07 -1.12347509753e-09 2.35315856892e-07 1.36227726016e-07 -5.83061215736e-10 1.91151317838e-07 2.06659676255e-07 -1.16029719847e-10 1.76660267866e-07 1.92040590399e-07 7.17723450563e-10 2.09055626485e-07 2.26044401002e-07 4.02246142898e-10 1.15837029578e-07 2.46598071136e-07 4.5529395845e-10 1.05309741124e-07 2.25907735725e-07 2.71121163141e-10 1.59983802111e-07 1.73814015065e-07 8.65399347796e-12 9.49246236902e-08 2.02719162743e-07 3.65982281863e-10 1.41949825628e-07 1.54745036003e-07 1.38147433588e-10 8.52649407254e-08 1.78052923201e-07 4.33257778046e-10 3.64869770448e-08 2.5785518075e-07 -8.01463321066e-11 3.86403331257e-08 2.82966359038e-07 2.80149562425e-10 1.24541443279e-07 1.3368891306e-07 6.81449123633e-10 7.42033100069e-08 1.55741675942e-07 -4.50056326589e-11 2.61350130717e-08 1.84145747558e-07 -1.89907298966e-10 2.22704321619e-08 1.56440626687e-07 7.37733315464e-11 6.34558639228e-08 1.31221523513e-07 -1.02290699439e-10 1.9010684251e-08 1.35490286349e-07 3.89532204706e-10 5.27567572341e-08 1.10666455732e-07 -2.16533348751e-10 1.54844856071e-08 1.0718549241e-07 3.65338371334e-10 4.02939203903e-08 8.49905321857e-08 -8.74377114422e-10 -9.39108394156e-09 -3.05754042653e-07 -3.29696774345e-10 -2.80785863088e-08 1.69746042082e-07 -1.35943924098e-10 9.82613808933e-08 -8.29030534613e-09 -3.11851593288e-10 -1.00694680356e-08 -3.30331773173e-07 -1.31457204599e-10 -3.34840701582e-08 1.94830904721e-07 2.64459547787e-10 1.14380088174e-08 8.24974696972e-08 2.32101547066e-11 1.79339929413e-07 -2.78893208298e-07 5.63831004378e-12 3.21991371061e-07 7.16203762798e-08 -2.60283202693e-10 -2.02468248571e-08 1.19514180373e-07 4.35652075641e-10 -4.53513141381e-08 2.71376167992e-07 -6.90181606934e-11 -4.85678373492e-08 2.92784707074e-07 -7.99748391121e-10 -4.12630832608e-09 -8.36486460291e-08 -2.35182311285e-10 -5.04388163194e-08 -1.38814278861e-07 9.66514963149e-11 3.39379204784e-07 -2.86619930611e-08 -1.28209636816e-09 -1.05921184749e-07 -3.02900118934e-07 -3.02240462699e-10 -9.8617436802e-08 -2.77284692828e-07 -1.08918573635e-10 -1.14497271957e-07 -3.23703468242e-07 -8.26245890831e-11 -8.2964365736e-08 1.6631000694e-07 3.35979048614e-10 1.94142083484e-07 1.11327936443e-07 5.11158265693e-10 1.08348321414e-07 2.3055941098e-08 -3.32579818136e-10 8.16536113135e-08 1.77253165296e-08 1.95056727874e-10 1.32574509279e-07 2.80346322367e-08 -3.50996522801e-10 7.17218846425e-08 -6.77621086071e-09 -2.91805075275e-10 -9.39486124073e-08 1.85810403613e-07 1.91604898525e-10 3.02088350534e-08 6.29511577207e-08 5.76251231784e-11 -1.83433534183e-07 -2.44361523668e-07 8.22915405837e-10 -1.28307663537e-07 2.56199482611e-07 6.36796084924e-10 -1.36957500407e-07 2.72744669639e-07 6.91587295483e-10 -5.2414538102e-08 3.14009551908e-07 1.2613602525e-09 -1.48048575983e-07 2.95803849746e-07 1.52829606299e-09 -5.87523171133e-08 3.36649720016e-07 -3.48203502543e-10 2.51537346002e-07 5.63565858006e-08 -1.30556218682e-10 -7.33843116022e-08 1.42705843522e-07 -2.03948564915e-10 -1.21354420663e-07 1.24114367756e-07 1.46515785711e-10 -1.17191465378e-07 2.31730134069e-07 -4.83112333801e-10 -1.08770633865e-08 -3.52776241045e-07 6.10843778546e-10 4.36246143663e-08 3.29601803606e-07 -2.0505853185e-10 -1.69217665334e-07 -2.26820371323e-07 -1.55555793913e-10 -8.96631302536e-08 -2.55556496226e-07 5.07114205844e-10 9.22292046649e-09 6.00275384481e-08 4.83187221215e-11 -1.00073324218e-08 7.03764217657e-08 -5.33965661113e-11 -1.56308486835e-07 -2.06598978175e-07 -6.03221942176e-10 3.43235277718e-07 7.76552227611e-08 -3.89143224669e-10 2.96719437939e-07 1.70979601633e-07 -4.74183105846e-10 3.16001726843e-07 1.84520344079e-07 1.43279878173e-10 2.3952234013e-07 2.60913918582e-07 2.71651282354e-10 -1.59267883321e-07 3.18025402097e-07 2.2020190281e-10 -6.37626234269e-08 3.61903458262e-07 1.57473680921e-10 -7.73032199051e-09 4.29133116574e-08 5.0614636211e-10 -2.60796666101e-08 5.39375704597e-08 -8.57922203919e-11 -3.73940308982e-08 7.33863928287e-08 1.11565074474e-10 -8.16937826504e-08 -2.31775514529e-07 -3.52479014847e-10 -1.43464396571e-07 -1.89877060334e-07 -5.79216111569e-10 -7.44288027477e-08 -2.07168655174e-07 -5.74625869235e-10 -1.25211547269e-07 -1.66728908929e-07 -4.33251511477e-10 -6.65242449502e-08 -1.87542609546e-07 9.3585613937e-13 -1.11987286307e-07 -1.48299218937e-07 2.39486140061e-10 -3.75961810861e-08 -5.0627101365e-08 1.6813273724e-10 6.20378030968e-08 1.41632772177e-08 4.80893119628e-10 -1.03369589517e-07 -7.00317383911e-08 3.43990856748e-10 3.6273854781e-07 -2.35198954386e-08 3.22471258681e-10 3.25666918599e-07 -1.31940270159e-07 -1.63178839333e-10 -3.61800747906e-08 2.20245409142e-07 -3.69490691411e-10 -2.40773587229e-07 -1.74663949769e-07 2.1217310092e-10 6.48905217888e-08 3.69513990661e-08 -7.1398432951e-10 4.13961746692e-08 2.37614131171e-08 5.43222777574e-10 7.54447859462e-08 8.05164527429e-08 -4.39913836749e-10 -1.20043948043e-07 -3.47367432604e-07 -6.18096596373e-10 -2.11481783667e-07 -2.83295631318e-07 3.1394317208e-11 5.37573298246e-08 -3.7306630047e-09 -4.10755065532e-10 5.54357707277e-08 -2.35544858553e-08 4.62959940754e-10 -5.08153751682e-08 5.23636739431e-08 1.3795936853e-11 -6.33628180007e-08 7.20411983297e-08 2.56556920405e-11 -2.18881907356e-07 2.30810218693e-07 1.14505704027e-10 -1.84671803384e-07 1.98792816041e-07 2.94398484738e-10 -1.72011210339e-07 1.78722825775e-07 1.37493798087e-10 -1.02512404973e-07 1.04507984928e-07 3.3184804291e-10 2.53658306722e-07 2.76772687443e-07 6.15759246983e-10 1.58438417404e-07 3.28341060953e-07 2.29425635708e-10 -2.32098130118e-07 1.23995932289e-07 -8.20195905018e-10 -1.24344926044e-08 -3.7774901311e-07 -9.58330734571e-10 9.28353069104e-08 -3.51644585135e-07 3.69474048723e-10 2.17313166786e-08 3.87855644726e-08 5.0662524256e-10 -3.30533389121e-08 3.59844313741e-08 -1.690112944e-10 -5.54159909049e-08 2.96456464131e-08 -1.32015816177e-10 -1.39037058655e-07 7.75486702928e-08 -3.54590908416e-10 -1.63438338467e-07 8.67542344437e-08 -2.79962649628e-10 -2.59630275955e-07 -1.86724167812e-07 -6.30321302434e-10 -1.32411670404e-07 -3.73027845112e-07 -7.54853052164e-10 -2.02846853429e-07 -1.45034062701e-07 -8.82142673427e-10 -1.62541493918e-07 -1.16396353741e-07 -2.04546509161e-10 -2.01175377707e-07 1.14170528693e-07 1.06693730169e-09 3.38170947436e-07 1.96872164504e-07 5.70940057756e-10 -1.81271549325e-07 3.30872954182e-07 8.48587953987e-10 -2.51389592921e-07 2.5975377145e-07 3.92611017146e-10 -6.93634374558e-08 3.85379041492e-07 1.87136498862e-10 -3.71096453131e-08 -2.79823158014e-08 -7.61121343747e-10 -3.43470314671e-07 -1.09664386828e-07 -1.1972513787e-10 -2.98206226731e-07 -2.23000828882e-07 6.81394965337e-11 -3.42247372934e-07 1.04446091251e-07 8.50442198166e-11 -2.84127003264e-07 1.93415031072e-07 -8.40793947241e-11 4.13771570602e-08 3.05045927432e-07 1.2625802627e-09 4.63257783014e-08 3.47074377406e-07 -7.68707984932e-10 9.10778115828e-08 -3.30624415405e-07 -2.92042166042e-10 1.92999857674e-07 -2.97472425759e-07 -6.16393987268e-10 1.99015080368e-07 -3.18759591885e-07 -6.77945492493e-10 -2.55226167182e-08 -7.02605790408e-08 -1.05743388478e-09 -3.27208927651e-09 -5.89007907795e-08 -9.02119115787e-10 1.88184837175e-08 -7.11484416123e-08 2.30632195712e-11 1.19320338824e-08 -4.82810032177e-08 2.82039732446e-11 3.26929154954e-08 -5.22329298143e-08 -9.65557231796e-11 -3.12376411263e-10 -3.79349786273e-08 -9.14854020316e-11 2.55703749776e-08 -9.45995204089e-08 9.45510755308e-10 5.79817295176e-08 3.72803943594e-07 2.44543978733e-10 9.24061642017e-08 9.88849579071e-08 -2.62384704712e-11 -2.98794691863e-07 9.08958749373e-08 2.07144463946e-10 -2.47710193434e-07 1.69597924182e-07 -2.85941067056e-10 -1.07380929835e-07 3.30404381868e-08 2.59319813538e-10 -1.04605147959e-07 7.05318724868e-08 1.73342653325e-10 2.13024817018e-07 1.23726612461e-07 1.11857631807e-09 1.09811986986e-07 1.18399063074e-07 1.51979392673e-10 1.48476130616e-07 8.40281371858e-08 3.44481933179e-10 1.71315278209e-07 9.77649020598e-08 1.02398105288e-09 2.06190892586e-07 4.43609741878e-08 -1.24499213255e-10 1.81275968105e-07 3.94446361463e-08 5.70524205281e-11 2.31166057759e-07 5.08829048672e-08 -4.21384496959e-10 5.92867296519e-08 -9.57394217124e-08 -2.21714249129e-10 4.45762130665e-08 -7.01770927405e-08 -2.17131536539e-10 -1.0714194076e-07 -3.37603986382e-08 -2.05412371758e-10 -1.3066563649e-07 -4.13896617818e-08 2.02658243695e-10 -1.19080286448e-07 -8.50462450468e-08 2.68622890338e-10 7.82046935296e-08 -3.21630747851e-08 4.70064655402e-10 5.55929154364e-08 -4.69870002093e-08 -5.03057728202e-10 1.93070994602e-07 -8.00931460555e-08 -2.3853095827e-10 3.06677145223e-07 -1.25302470763e-07 7.48133569807e-12 2.45318847333e-07 -2.03340542137e-07 -4.25550760536e-10 2.6443799475e-07 -2.20687913197e-07 3.2178166949e-10 2.79063595346e-07 -2.34261671793e-07 1.21452742185e-10 2.42009103913e-07 -9.99121636751e-08 -6.94306172686e-11 3.0017464393e-08 2.08325865312e-07 -6.23831288093e-10 1.45539235958e-07 -6.01143921822e-08 -3.34135185543e-10 -1.0158235273e-08 -2.841281767e-07 -6.95669269696e-10 -1.58129741001e-08 -4.54092869161e-08 -1.38588097543e-11 -8.37102808887e-08 -1.0748673611e-07 9.34950954867e-11 -2.35878333287e-08 1.45166836208e-07 5.65410585063e-10 1.48460347497e-07 -1.28476278018e-08 -1.88465646564e-10 2.7352238128e-07 1.58256454189e-07 5.92489081869e-10 2.71700601096e-07 -2.28570527041e-08 -4.76400781295e-10 2.44978981478e-07 -2.25789733022e-08 -5.94579439193e-10 1.25474944718e-07 2.65605829365e-07 6.53736532312e-10 -1.56744807469e-08 9.72618499029e-08 4.13517481838e-10 7.23277054626e-08 -2.64004127694e-07 -2.34982311088e-10 4.3443292536e-08 -1.67038123378e-07 -1.63867647959e-11 -7.74051031344e-09 -1.60461032678e-07 -2.92757320041e-10 5.87464113819e-08 -2.13318807574e-07 -1.3526456092e-10 -5.82852976487e-08 1.21299767953e-07 4.0857043471e-10 -1.38377374087e-07 1.43224142885e-07 -2.94009264276e-10 -2.00307391249e-07 -2.68383815156e-07 -7.17358228438e-11 -1.81999134804e-07 -1.28989038662e-07 -3.53914580124e-11 2.24707706887e-07 2.44203691629e-07 1.81987741434e-11 1.36150197067e-07 2.91105336553e-07 2.33386814638e-10 -4.9556901907e-08 1.00306065908e-07 -6.50402572508e-11 3.27950846668e-08 2.32773692994e-07 -4.27315800107e-11 1.45882870609e-07 3.09832819438e-07 5.84421352466e-11 -4.02547988157e-08 2.42790735815e-07 -8.68916234544e-10 -2.8003326125e-07 -2.01952066826e-07 4.07109602515e-10 -1.06539711609e-07 2.12333374008e-07 4.4891509686e-10 1.5611067705e-07 3.38835350503e-08 -1.87688728957e-11 -1.52178837645e-07 1.62541333361e-07 4.42839764175e-10 -9.64953985725e-09 -2.61071075012e-07 -1.63149106183e-10 -7.407178258e-09 -2.24491928254e-08 -2.88730722302e-10 1.68690360266e-07 -1.60964756248e-08 -5.44397495774e-11 -2.93005499573e-07 -9.53100337572e-08 6.12520301144e-10 1.30305880514e-07 7.30486328726e-08 -1.01413535801e-10 2.18520517379e-07 -1.99124088974e-08 1.02918380132e-10 -5.96345022495e-08 -1.61481450541e-07 -1.86388949182e-10 -1.78122043403e-07 -5.77820688542e-08 -4.27615868982e-10 4.08179081881e-08 4.20816682315e-08 -2.66333276911e-10 -2.20719047076e-07 -1.57988178224e-07 4.87454210638e-10 1.99401945345e-07 -1.8561202558e-08 2.21285849018e-11 -2.23910712786e-07 -7.16372503052e-08 7.65960729684e-10 5.70595782617e-08 5.99136918408e-08 -2.86884305579e-11 -8.39777035717e-09 -2.34795619253e-07 6.52155660413e-10 8.40910470725e-08 4.65778939676e-08 5.49447431649e-10 3.91222161334e-07 -7.30606904997e-08 4.75263540167e-10 1.06226324884e-07 6.01235900415e-08 -1.92130652267e-10 2.28943888144e-08 1.43197153784e-08 -1.95503570025e-10 1.57539241726e-08 1.92428157711e-08 -6.10144221289e-10 1.30687891321e-08 -1.43432784085e-08 -1.4685238179e-10 3.34830367607e-08 -2.83635688995e-08 4.14521135583e-11 1.80563982922e-08 -2.87728733565e-09 -9.48644401508e-11 -8.41709604665e-11 1.99986229556e-08 7.26900352871e-10 -5.97158016313e-09 1.81672924207e-08 -3.8018192338e-10 -9.69871708017e-08 -1.29202433653e-07 -1.57958074152e-10 -8.53159377151e-09 -2.08498905691e-07 1.7745444203e-10 -8.08921485531e-09 -1.89074109323e-07 -7.00443531049e-10 -1.41169032326e-07 -1.00762714937e-07 7.28038446034e-11 -2.69354963409e-07 -9.19817581487e-08 -1.01513501481e-10 3.53029406925e-07 -1.37453779968e-07 -1.9407093121e-10 -1.86958831568e-08 -1.0569904091e-08 -4.0008937557e-10 -3.45329651914e-07 -2.00063454577e-07 -6.67345483513e-10 -3.47168066692e-07 2.04967523983e-07 -1.01861474725e-10 -1.53698569826e-08 1.03832011179e-08 -1.19399978698e-09 2.57723418084e-07 -3.06399096813e-07 1.08348780721e-09 2.50618104184e-07 3.07190890529e-07 -2.10615282397e-11 3.67360813387e-07 8.83940391236e-08 -6.42062570401e-10 -2.15301570853e-07 -3.10492544058e-07 -4.72394077225e-10 4.64088433967e-09 -3.99242293895e-07 -2.76134966287e-10 1.97013354032e-08 -3.5458372403e-08 9.44032207215e-10 7.73102119635e-09 3.93181458215e-08 -2.99202158707e-10 3.73769448673e-08 -1.25882992786e-08 8.75030480602e-10 -1.92645976288e-08 3.48853605869e-08 1.92004537026e-11 -7.78382537024e-10 -1.71100185017e-08 -1.71912983063e-10 -2.33499964131e-08 -3.50789701929e-08 -1.95096804406e-10 4.00657955026e-08 1.00723862918e-08 -2.87427490216e-10 2.99756031109e-08 3.0392641663e-08 7.32571230901e-10 -1.65572090596e-07 3.65765226798e-07 3.91728576288e-11 2.83208400205e-08 4.00128577934e-07 -2.3229322822e-10 -6.05607663035e-08 1.34643194811e-08 -1.78153327139e-10 -6.97311621382e-08 4.59955776882e-08 1.79942353224e-10 -7.85654040931e-08 9.3579818409e-08 -4.86900757878e-10 -1.61903170182e-07 3.9886397202e-08 9.64592321127e-11 -3.13521681431e-07 1.87252196832e-07 1.46410534244e-10 -1.73613566623e-08 -4.67663152624e-09 1.72243323199e-10 -3.88752854474e-07 -1.01211986634e-07 -4.92194825961e-10 -3.89492485039e-07 1.03003534251e-07 -7.83996321752e-11 -1.43703920439e-08 3.50752916714e-09 -6.8483326708e-10 -1.81663678228e-07 3.6977542448e-08 8.22303221658e-11 -2.3221911846e-07 5.69977667099e-08 -1.25919873469e-10 -1.76967804712e-07 1.14987021109e-07 1.75391290976e-10 -2.57643924583e-07 5.6022521397e-08 -5.02315765244e-11 -2.18192884774e-07 2.66566326339e-07 -1.21611282511e-10 -2.7858151546e-07 1.60723749589e-07 9.88711177113e-10 -1.88288743824e-07 2.29396077933e-07 -5.74875705433e-10 2.89290729644e-07 -2.51137028458e-07 1.58337746405e-10 -3.16444609029e-08 2.20595473213e-08 -1.95062316661e-10 -2.94259993731e-07 2.46663117885e-07 7.33553865571e-10 3.83015186181e-07 -1.73032296298e-09 1.6869959275e-11 -8.79610259525e-08 5.59665074584e-08 3.46163214188e-10 -2.32018289866e-07 1.57420308748e-07 8.41381034907e-10 1.73430712456e-07 3.37844784454e-07 -8.96424423709e-10 -1.21975115961e-07 7.4756559581e-08 2.94737721254e-10 3.3874344432e-08 8.18218923926e-10 -8.94840578718e-10 8.01309413402e-08 -3.75049671113e-07 9.01102354545e-10 2.64869702937e-07 1.47481546638e-07 -3.85788160286e-10 -2.46691765235e-07 -1.48607443516e-07 -4.46132423437e-10 1.86693882932e-07 -2.21246368353e-07 3.19899883815e-10 -9.94794712971e-08 2.66412288787e-07 -2.34419556339e-10 -2.51604775612e-07 1.44862987652e-07 2.91464087928e-10 2.86873126868e-07 -5.04697831819e-08 5.57242949405e-10 1.0767075435e-07 2.67985287656e-07 -5.40424674233e-10 -1.40276824735e-08 -2.77189949339e-07 -1.60172486339e-10 -3.22464362262e-07 -5.59619871132e-08 1.24323365276e-10 -1.9936715545e-07 -4.68179408978e-09 -5.4831452108e-12 -9.94507455328e-08 -1.35447618992e-07 7.82234805531e-11 -4.88281425581e-08 -2.11292451249e-09 -3.45533500007e-10 5.62875789525e-08 -1.48731192503e-07 -3.0879676538e-10 9.02415882752e-08 7.34127927501e-09 7.61598938974e-10 9.87816968282e-09 1.55866060265e-07 -9.91367305069e-10 -1.3010503614e-07 1.2714920842e-07 -4.12957979595e-10 -1.29768407638e-07 -2.63453372854e-07 7.7835027389e-11 1.83745067928e-07 -8.99168279133e-08 6.71499441576e-10 1.45721240302e-07 1.46558691745e-07 -4.00533189797e-10 2.80355492368e-07 -1.61840017456e-07 1.82034477811e-10 2.17072242671e-09 3.04017594858e-07 -5.3272858598e-10 -3.20438598609e-07 4.86082456236e-08 3.67325328923e-10 3.1666461852e-07 5.64873746052e-08 8.3876286836e-10 2.0956621128e-07 2.3945069829e-07 1.42265892003e-10 -2.07799291825e-07 2.42135858238e-07 -6.34027433482e-10 1.02007625456e-07 -2.86369248608e-07 2.10307212896e-10 2.15149355686e-07 3.60657669506e-08 0 0 0 0 0 0 0 0 0 0 0 0 0 0 0 0 0 0 0 0 0 0 0 0 0 0 0 0 0 0 0 0 0 0 0 0 0 0 0 0 0 0 0 0 0 0 0 0 0 0 0 0 0 0 0 0 0 0 0 0 0 0 0 0 0 0 0 0 0 0 0 0 0 0 0 0 0 0 0 0 0 0 0 0 0 0 0 3.32099466435e-12 3.49163996966e-10 -1.11185425817e-10 -1.91601194005e-10 -1.17882252465e-08 5.47861224447e-09 5.56157150155e-10 8.34240245862e-11 6.71390578353e-10 1.80295980046e-10 -3.56575413433e-10 1.92260104006e-09 -9.58141546455e-11 2.98055004477e-08 -1.29995851172e-08 3.36135582043e-10 6.39661313783e-08 1.13157320704e-07 -2.3190719421e-10 4.16167075522e-08 -5.37114479758e-08 3.14416294642e-10 3.26085599889e-08 5.94749171778e-08 -1.47593661876e-10 -6.53826474551e-08 -2.32805471021e-08 -3.00102413143e-10 -9.57058291397e-09 3.83797840459e-08 1.85990252217e-10 4.03050487581e-08 -5.09890737452e-09 -2.97655459972e-10 -1.72961724062e-08 -3.54006150643e-08 3.06984532674e-11 -1.34298403479e-07 -3.0074676576e-08 2.35986877601e-10 -4.10007025846e-08 9.15506139231e-08 -6.00360193891e-10 8.04060203293e-08 -1.19713320997e-07 -5.36845974765e-11 -8.7769932901e-08 -8.25410105129e-08 3.30054367942e-10 -6.04315603868e-08 1.00401800886e-07 -1.95965099216e-10 -6.50790649838e-08 -7.77801054712e-08 1.38932508108e-10 3.68944141134e-09 -1.50460798974e-08 9.85405515735e-11 1.25870290268e-08 9.42068817215e-09 2.77586470494e-10 1.16916257817e-07 6.04058967551e-08 4.05675534572e-10 9.68932779835e-08 3.5691869951e-08 -1.7628399943e-10 -5.67236739676e-08 3.35073743707e-08 -6.60791809686e-10 -1.23973935378e-08 1.08021799745e-08 -8.84693802035e-12 7.88163808969e-08 -1.11520448007e-07 -3.2892131982e-13 7.63516423176e-08 6.4512691066e-09 5.01181432365e-10 4.13928208628e-08 4.60807726512e-08 -3.04845631831e-10 -2.31451199181e-08 -7.35767914026e-08 -2.78207177488e-10 2.94563261495e-08 -5.5536097549e-08 -1.08509497285e-10 6.98566083108e-08 -9.91035595696e-08 8.80507339649e-13 -1.23403204583e-07 1.21265089581e-08 -3.14265349408e-11 -4.28131771661e-08 3.7965613265e-09 1.39077260469e-10 -5.68809924433e-08 7.01270921809e-08 -1.60680223824e-10 1.66397233372e-07 2.81281139283e-08 4.27262573248e-11 9.70119863501e-08 8.18152888899e-09 -3.32621932405e-10 -2.69029260003e-08 -9.27144557149e-08 -4.1248600724e-10 -2.66851371364e-08 -1.6454721725e-07 -6.71084404768e-11 -1.22832570412e-07 1.25443181901e-07 8.78078361625e-11 -8.46590008898e-09 7.0450388448e-08 -1.14998008477e-10 -1.87935699293e-08 -1.08744703696e-08 -8.6204059124e-11 -1.10978589699e-07 2.73760535978e-08 -1.28133209671e-10 2.66624894685e-08 3.08203088392e-08 8.80909860956e-11 8.78160579098e-10 -3.9124676308e-08 -2.57533123346e-10 4.08545173484e-08 1.31336606562e-07 8.38059204695e-11 3.6624032031e-08 1.02375186191e-07 -2.36571543561e-10 -6.23421809719e-08 -3.3264481356e-08 2.44412059673e-10 5.84934308902e-08 1.61101830327e-07 2.9421591784e-10 -2.40083507452e-08 -1.40228487796e-07 -2.34492884283e-11 -1.97001299295e-08 3.36929962593e-08 -4.39332459207e-11 3.57563089586e-08 -1.128789258e-08 -9.29954814491e-11 6.79204421659e-08 -8.40943905099e-08 3.49598912553e-11 1.99529793995e-07 -2.94223888645e-08 2.92658807433e-10 -1.60917186519e-07 3.71082742598e-08 1.42026089088e-10 -1.05885237583e-07 1.69651310435e-07 -3.70278682636e-10 1.45553676689e-07 4.8040592787e-08 -1.1850806324e-10 1.29655618387e-07 -9.57932585628e-08 5.09815150386e-10 2.85698459646e-09 1.39810534584e-08 -4.12723640698e-10 -5.89433175649e-08 -1.89493577903e-07 1.82955302345e-10 3.07264752482e-08 -4.49622878655e-08 3.88484494245e-11 -7.96852649399e-08 4.58504555391e-08 1.77532667449e-10 1.56418879307e-08 -2.6046322918e-09 -2.33888653733e-10 -1.06802005376e-07 -5.26373079102e-08 -4.2559009633e-10 -1.64060516814e-07 -8.60736817541e-08 -3.00048848635e-10 -3.88929652055e-09 -1.31532314461e-07 -1.74966051359e-10 -3.33278724233e-08 -3.07371087916e-08 1.74792748031e-10 1.46505861007e-07 -1.20486506359e-07 -3.44795886043e-11 7.2835572644e-08 -2.31175484203e-08 -2.91748620973e-11 -5.09986467457e-08 1.24069050545e-07 -1.81994955558e-10 -2.27802118278e-07 5.93771840179e-08 1.96500815392e-10 1.66149905828e-10 -1.45610485143e-09 1.55416515072e-10 -8.00830703367e-08 1.42242312456e-07 -4.37313061627e-11 5.31066995767e-08 1.31339939617e-07 -3.04058251109e-10 1.28351313475e-08 -2.77464466768e-08 -1.25149980124e-10 5.50823107472e-08 1.73192134068e-07 -2.2741102331e-10 -3.40891919467e-08 7.37993995114e-09 -3.23755290816e-10 -2.32764343679e-08 2.42183506087e-09 6.22977611611e-10 -7.95627710036e-08 1.71267155472e-07 2.21205034328e-10 2.09089228322e-10 -1.98681831817e-10 -5.38643890617e-10 6.86582358581e-08 -6.08278369883e-08 3.37427820879e-10 7.42816768132e-09 2.60913522717e-08 7.83332475146e-11 1.33792922248e-07 -3.65264682102e-08 -7.19729165817e-10 1.17204560418e-07 -2.10246400182e-07 -2.26527840888e-10 -1.67073991426e-08 -7.68720202253e-08 -2.89541297383e-10 -4.97485577778e-09 -1.38298441001e-08 -2.39476715852e-10 1.85223809839e-07 -4.13540818884e-08 2.72503994544e-10 6.54664190687e-08 6.65601094121e-08 -2.05733757224e-10 -1.30957216714e-07 -1.00296937092e-07 -2.65678670152e-11 4.19821307949e-09 -1.9065017951e-09 -1.04021315353e-10 -2.45564587858e-08 -1.85490920051e-07 -1.92663811505e-11 1.4971561021e-07 -4.00110973849e-08 -1.63445018133e-10 5.97601803189e-09 -1.90452461023e-09 4.17883181929e-10 4.07815532877e-08 2.4072939236e-07 3.96116650237e-10 -3.39213689339e-09 2.11034276974e-07 -4.67422826631e-11 -1.76431042202e-08 2.9275279905e-09 1.78965642035e-10 3.13416708058e-09 7.98019333959e-08 -1.01105539149e-10 1.09271004102e-07 -2.85432626759e-08 -4.58846849509e-10 -1.18658962413e-07 1.95674388148e-08 -3.42891831587e-10 -1.49781772966e-07 -2.15566828234e-08 -4.83897268528e-11 -1.77062525492e-08 1.05314694399e-07 -2.29199684234e-10 5.34145960576e-09 -1.10851674686e-07 -5.75443863115e-10 -8.12487640371e-08 -6.27971271218e-08 4.41494232901e-10 1.93342524654e-07 1.30232005497e-07 -4.40839303529e-10 -6.1418927219e-08 -2.61842187594e-08 -1.27643789238e-10 3.59221324154e-08 1.61926555864e-08 1.86556165151e-10 5.79391501585e-08 3.44256877505e-08 2.92265081481e-10 1.02965801441e-07 4.39533387967e-08 3.23528987294e-10 -1.76700827682e-07 6.06019309433e-08 1.3895249311e-10 1.44452539236e-07 1.52228751016e-07 -9.09378483964e-11 -2.22773424281e-07 2.69675859349e-08 9.19151424717e-11 1.13046304163e-07 7.15295826066e-08 8.37460556138e-11 -5.21868267966e-08 3.92204008238e-08 3.0060048775e-11 2.18094274414e-07 -6.35499400404e-08 -2.03605487764e-10 -5.11175239729e-08 -2.07438135292e-09 -5.85970310843e-11 2.73251492572e-09 5.42220448557e-08 -1.72003436432e-10 -1.14482327869e-07 -1.89283536369e-07 -8.17026204224e-11 -7.97749132785e-10 -7.43625957366e-10 -4.7808957092e-11 -8.92839245639e-08 -1.14770273837e-07 6.13560837896e-11 -1.02241863252e-09 -6.48077298465e-08 6.12668108346e-11 6.43635522184e-09 -1.05706480779e-08 7.84955506926e-11 5.96327804677e-08 -1.70675913686e-07 1.05720475681e-10 3.03364983611e-09 2.68876418995e-09 -5.61988099541e-12 -2.03832758126e-07 -1.31374699618e-07 2.80950298844e-10 -1.38315394305e-07 7.86457631379e-08 4.42585248203e-12 2.15129814876e-08 -3.03546792774e-08 -1.44717541351e-10 -1.09018092631e-07 -9.32540666201e-09 -4.32752917581e-10 1.83541098981e-07 -9.29250561393e-09 -4.88008408755e-10 -1.32440523539e-07 -1.55349620216e-07 1.04638144755e-10 8.12700285131e-08 2.18530615872e-08 -1.86095324588e-10 1.73513930187e-07 1.25154567084e-07 -2.52298209587e-11 3.05225739983e-08 6.16205996081e-08 -4.4959025082e-10 -8.13624944623e-08 -8.72442542512e-08 2.89640878248e-10 -1.51939405686e-08 -3.42534433616e-08 -1.78199236609e-11 1.01692748754e-08 4.59422703207e-09 -6.89549242952e-10 1.27824161004e-08 -2.40031686371e-07 -2.32430693018e-10 1.34856256245e-07 1.29512049063e-07 2.87703437561e-10 8.1068247227e-08 9.63153342386e-08 9.01659280137e-11 1.32552417319e-08 -1.63919333656e-08 -1.25666821238e-10 7.85453562554e-08 -2.07479975842e-07 -1.43882147418e-10 5.88895967097e-08 5.17532462868e-09 9.59918140002e-11 2.2319786984e-07 6.87531702797e-08 -1.69364869767e-10 -7.73810137142e-08 8.4928705423e-09 -2.93636283063e-10 -4.05532432783e-08 7.24169521942e-08 1.04725949604e-10 -1.1574686187e-08 -5.51264347229e-09 -4.81288936794e-11 -3.03802062805e-08 -1.6648542798e-07 2.11854808818e-10 7.95986729368e-08 -1.6138701453e-07 -1.52357230902e-10 -1.41755029757e-08 1.76806212405e-07 3.44849689165e-10 -7.25013581898e-09 1.0851470742e-08 2.17007138667e-10 2.05193205556e-08 -3.92872905913e-08 3.09773608274e-11 2.35205044099e-08 -9.34535405663e-08 -2.94645029982e-11 -3.86750982813e-11 3.77360219475e-08 1.12507347253e-10 1.14619814475e-08 -2.41793221498e-09 -1.13422165102e-10 -1.90447183032e-07 -4.96359533702e-08 -2.7390365458e-10 6.21054991357e-08 -2.73556946332e-08 -1.13613710816e-10 1.29100684446e-07 1.10685350897e-07 3.00201234957e-10 2.86733627283e-08 2.99492577048e-08 4.06435374784e-11 4.28911457088e-08 6.0711861706e-09 -2.78913391668e-10 5.19252445343e-08 -3.67733840343e-08 1.3736212727e-10 1.75769836199e-08 5.91897340691e-08 -9.77404008221e-11 -2.07693709028e-07 1.32776454817e-07 -2.41202421224e-10 -2.9104467292e-08 6.14263835982e-08 -8.13668152748e-11 8.75725033485e-08 -9.62916562199e-08 -6.39399100102e-11 -1.13718718452e-08 3.08215453559e-08 1.27255040129e-10 3.22038646898e-08 -3.28870137561e-09 -1.45089602389e-10 -1.82094397205e-08 -3.75410553368e-08 1.43760616618e-10 -6.03688285363e-08 7.86684423174e-08 -4.4508047571e-11 -5.0899479403e-08 -1.11381021381e-08 -3.29270761039e-11 -2.06228707958e-07 -6.87386855552e-08</DataArray>
        <DataArray type="Float64" Name="DisplacementMagnitude" format="ascii">4.20222297211e-07 0 4.20857335001e-07 4.20996138636e-07 4.20344001076e-07 4.20464505337e-07 4.2015890295e-07 4.19754148366e-07 4.1768247223e-07 4.17162608035e-07 4.17375830137e-07 4.17031033009e-07 4.18130925227e-07 4.1851429454e-07 4.19369834625e-07 4.19102068746e-07 4.20230705107e-07 4.21005390349e-07 4.21443300291e-07 2.13713786e-08 4.97591445052e-08 7.35565020338e-08 9.75816860025e-08 1.25801405747e-07 1.46856141321e-07 1.76256947352e-07 2.01125831332e-07 2.25408477565e-07 2.50442577837e-07 2.74028166413e-07 2.9815457693e-07 3.21214311479e-07 3.45058435202e-07 3.71981115251e-07 3.96275915612e-07 0 0 0 0 0 0 0 0 0 0 0 0 0 0 0 0 0 2.13470221032e-07 2.62648850382e-07 1.61027360485e-07 1.3978049267e-07 2.81250968445e-07 1.94398019622e-08 3.95764025922e-07 2.16997835612e-08 4.00570386085e-07 3.98968303001e-07 2.34102081983e-08 8.65391148838e-08 3.34437677526e-07 3.34617390696e-07 8.54641951473e-08 2.13623230706e-07 2.31414357811e-08 3.99423579559e-07 4.00748099051e-07 2.22003827995e-08 3.98122972937e-07 1.97539387383e-08 3.79457956696e-08 3.81434162709e-07 3.82584038055e-07 3.91810180379e-08 5.85938790915e-08 7.04656760426e-08 9.95384259031e-08 8.70317691838e-08 1.11621310771e-07 1.00976055468e-07 1.20340680487e-07 1.11901617821e-07 1.36482507149e-07 1.22588623212e-07 1.48010544482e-07 1.3377339154e-07 1.61636492014e-07 1.44529885323e-07 1.71760427195e-07 1.85190155554e-07 1.99795783544e-07 2.10635502721e-07 2.24364420327e-07 2.33608967654e-07 2.46306095225e-07 2.56280050178e-07 2.69639710619e-07 2.83330834582e-07 2.96880866826e-07 2.81211962831e-07 1.23027465316e-07 1.36482729841e-07 2.36356363371e-07 1.86150312828e-07 1.99568085592e-07 2.46464642887e-07 3.05204086934e-07 2.94822697162e-07 1.12674993247e-07 1.21322821395e-07 3.07808225731e-07 2.95410337369e-07 3.1769580874e-07 9.81887756074e-08 3.17119359989e-07 3.08040562529e-07 2.8427446705e-07 2.97340806533e-07 2.71905880842e-07 2.81509126071e-07 2.60937640187e-07 3.07897452598e-07 2.72449973227e-07 2.49248177383e-07 2.36233364023e-07 2.23843121853e-07 2.09990269076e-07 1.97415735599e-07 2.60424233599e-07 2.85592440577e-07 1.82711179332e-07 1.7251685487e-07 1.85991121501e-07 1.5801796699e-07 1.45759186132e-07 1.36817521809e-07 1.22598905352e-07 1.08298411643e-07 9.40591518873e-08 3.05899479554e-07 1.72052999135e-07 9.86105806622e-08 3.30485357929e-07 1.97687333104e-07 8.32870367525e-08 3.3157839564e-07 3.29860457418e-07 1.21217329513e-07 2.75139884497e-07 2.96785653771e-07 8.37541760177e-08 1.47694053767e-07 3.40587380605e-07 3.20888490289e-07 2.94299662024e-07 3.43356334587e-07 1.85855081225e-07 2.23797164625e-07 1.10775432546e-07 8.35560272868e-08 1.35506380522e-07 7.20421332892e-08 2.08211270142e-07 6.9824484861e-08 3.05549372496e-07 2.86533957154e-07 3.05200618026e-07 3.18354771893e-07 3.30786773322e-07 3.41741429215e-07 2.57773587558e-07 1.60468788273e-07 1.73583735681e-07 2.59678100848e-07 3.5294421677e-07 3.32476809791e-07 2.82987881644e-07 2.7082951074e-07 6.07340497487e-08 7.10843849059e-08 2.59066562279e-07 3.51910717895e-07 3.42456713262e-07 3.65930421797e-07 3.54185043248e-07 3.55677506783e-07 3.67477664269e-07 4.36043001715e-08 5.99138273e-08 8.23643342688e-08 2.45751451075e-07 2.37982048412e-07 2.201336727e-07 2.08510889013e-07 1.98992193988e-07 1.85832749086e-07 6.3060554854e-08 6.36342337366e-08 1.24859711986e-07 3.63500423492e-07 3.51379112565e-07 2.23197367115e-07 2.97455126329e-07 7.46741637274e-08 4.77363363088e-08 1.10340880818e-07 3.67525340922e-07 3.53527002632e-07 5.38866341678e-08 6.02337712567e-08 7.29682878668e-08 9.59415507072e-08 3.18092199023e-07 2.71334243666e-07 2.48051993755e-07 1.46392387068e-07 3.75427445995e-07 3.64569559312e-07 2.63143660127e-07 3.77954502862e-07 3.63693864207e-07 4.44601692205e-08 4.88636795963e-08 6.28476329231e-08 1.59201499277e-07 1.85036519124e-07 3.19802866492e-07 3.95832061603e-07 2.49363780635e-07 1.99921551077e-07 2.31314686211e-07 3.91304711449e-07 3.772752475e-07 3.61482322269e-07 3.91571763819e-07 4.64776375577e-08 3.60553344326e-07 3.7236586535e-07 3.57829924547e-07 3.4371141305e-07 3.07839396502e-07 3.50154673389e-07 3.42940611093e-07 3.54596777253e-07 3.75785922533e-07 7.47556856793e-08 5.9001083796e-08 7.3600610678e-08 4.97335825795e-08 6.16206659818e-08 3.79363876178e-08 9.79944983541e-08 3.77287099312e-07 1.3534102809e-07 3.12314470774e-07 3.00206326927e-07 1.12349527859e-07 1.26162788741e-07 2.46349096496e-07 1.6148765227e-07 1.70604549469e-07 1.97248623038e-07 2.10911423952e-07 1.8551784667e-07 2.36699851125e-07 1.12610526806e-07 8.31379111722e-08 1.1233524439e-07 1.37064418636e-07 1.46331881309e-07 8.45606860659e-08 7.27912865402e-08 2.09025295284e-07 3.31287846862e-07 3.18635705767e-07 3.44428206151e-07 3.6435576661e-07 2.61822194586e-07 2.10477360177e-07 1.57466817191e-07 2.84309905183e-07 4.80888494752e-08 1.3623806281e-07 1.47070748135e-07 1.49016294439e-07 3.16005749747e-07 2.72660984627e-07 2.46017760251e-07 2.93752909551e-07 9.85189533272e-08 2.73732802955e-07 1.72595218777e-07 1.60647623003e-07 2.21260344892e-07 1.34576476117e-07 1.99152252546e-07 3.34892534506e-07 2.23073670141e-07 3.31856893543e-07 3.21370803687e-07 1.11880507033e-07 2.35072571685e-07 3.42459033702e-07 2.46105249112e-07 3.45259351382e-07 2.37563333883e-07 1.59746170412e-07 2.22661366272e-07 2.61249719491e-07 2.36402023233e-08 1.69456830903e-07 3.08117231388e-07 1.49385743772e-07 2.19425911935e-07 1.72141056461e-07 1.87259885101e-07 5.86272230737e-08 2.71435504557e-07 2.00264554176e-07 2.35091266153e-07 8.27407555999e-08 2.3494575159e-07 9.61313149354e-08 3.97986112707e-07 1.22061886162e-07 2.70045218786e-08 2.48698674561e-08 1.94137879058e-08 4.38819707517e-08 1.82842560684e-08 1.99990250796e-08 1.91373631326e-08 1.61554711167e-07 2.08673445165e-07 1.89247155074e-07 1.73442529475e-07 2.8462738e-07 3.78844709725e-07 2.14778160676e-08 3.99096622912e-07 4.03159767051e-07 1.85486857993e-08 4.00378811118e-07 3.96455358539e-07 3.77845833388e-07 3.77837000003e-07 3.99269545793e-07 4.05649484242e-08 4.00821216553e-08 3.94409787946e-08 3.98607423842e-08 1.71277255104e-08 4.21400763687e-08 4.13129398328e-08 4.26887814733e-08 4.01495772056e-07 4.01129593016e-07 6.20398926055e-08 8.35347824479e-08 1.2218730504e-07 1.66744709868e-07 3.65183843084e-07 1.79807959677e-08 4.01712182748e-07 4.02882571261e-07 1.47924668279e-08 1.85390128188e-07 2.39111838164e-07 2.11044153636e-07 2.63664456346e-07 3.44478945404e-07 3.21620582717e-07 2.96776328523e-07 3.8309171722e-07 3.8574870119e-08 3.83968326408e-07 3.83019797092e-07 1.04256377878e-07 2.80381454929e-07 3.79760474942e-07 1.43063886746e-07 3.3885506684e-08 3.83515350803e-07 3.03162626519e-07 2.87995048803e-07 2.89490518788e-07 2.84379632116e-07 2.90327923657e-07 2.9127903269e-07 2.88806884028e-07 2.77545196228e-07 3.27284332937e-07 1.9942215856e-07 1.68037222983e-07 4.88738997276e-08 1.59026345494e-07 9.05402341021e-08 1.56180623035e-07 1.81920929087e-07 2.9367956998e-07 2.04566106645e-07 2.06675061178e-07 3.23715235629e-07 3.04025398866e-07 3.24104829987e-07 3.21663549443e-07 3.18206438252e-07 3.19077325686e-07 3.0399556607e-07 2.18151390156e-07 0 0 0 0 0 0 0 0 0 0 0 0 0 0 0 0 0 0 0 0 0 0 0 0 0 0 0 0 0 3.66454260034e-10 1.30005445119e-08 8.7580571604e-10 1.96368210898e-09 3.251716855e-08 1.29985992243e-07 6.7947948991e-08 6.78283334268e-08 6.94038633327e-08 3.95562124348e-08 4.06267203227e-08 3.94011386335e-08 1.37624664543e-07 1.00312652302e-07 1.44210844813e-07 1.20484780864e-07 1.1718619393e-07 1.01415323835e-07 1.54924433337e-08 1.57223527374e-08 1.31599243003e-07 1.03258808204e-07 6.5881335761e-08 1.64565824079e-08 1.36560727515e-07 7.66237049338e-08 6.19439618521e-08 7.71319242596e-08 6.28650195294e-08 1.21249631003e-07 1.23997593209e-07 4.29811936152e-08 9.02954910367e-08 1.68757980212e-07 9.73563800482e-08 9.653936173e-08 1.66697490663e-07 1.75567185838e-07 7.09572857923e-08 2.17132586465e-08 1.14305306584e-07 4.07528673804e-08 3.91346294505e-08 1.37544400592e-07 1.08729046226e-07 7.06620776252e-08 1.713923596e-07 1.42269168332e-07 3.90296511134e-08 3.74957608186e-08 1.08097463557e-07 2.01687423704e-07 1.65140699359e-07 1.99983176397e-07 1.53277227465e-07 1.61204658151e-07 1.42790800922e-08 1.98449744502e-07 5.44587649871e-08 9.19347988027e-08 1.58582560599e-08 1.19068926426e-07 1.85269298576e-07 1.31590145543e-07 4.53381467447e-08 1.89686573264e-07 7.64162474621e-08 1.3414168675e-07 2.35413440984e-07 1.47866821837e-09 1.63236631188e-07 1.41670403369e-07 3.05728368215e-08 1.81740452081e-07 3.48796249554e-08 2.3404326511e-08 1.8884666048e-07 3.63489261061e-10 9.17293259599e-08 2.71302450413e-08 1.38689347319e-07 2.40709318022e-07 7.86669943146e-08 1.47002589095e-08 1.89784291155e-07 9.33604544176e-08 1.64952449287e-07 4.61090533486e-09 1.87109358157e-07 1.54969842956e-07 6.27429038078e-09 2.44159681481e-07 2.11061909304e-07 1.78843991093e-08 7.98636563508e-08 1.1293750663e-07 1.20262398792e-07 1.51325436269e-07 1.06792783358e-07 1.10980527589e-07 1.02689687739e-07 2.3311349599e-07 6.67689469144e-08 3.94032737872e-08 6.73951622996e-08 1.11955069901e-07 1.86804392905e-07 2.09857446938e-07 2.24399771672e-07 1.33775769559e-07 6.52817872402e-08 2.27164496159e-07 5.11600016645e-08 5.42908852365e-08 2.21211414986e-07 1.09364462304e-09 1.45409206132e-07 6.48158233171e-08 1.23761473387e-08 1.80793645299e-07 4.05507842295e-09 2.42501762915e-07 1.59111229315e-07 3.72050392568e-08 1.09416308992e-07 1.83776693165e-07 2.0414268277e-07 8.4156905744e-08 2.13941076613e-07 6.87657360616e-08 1.19296343349e-07 3.74731651181e-08 1.11589153175e-08 2.40372785692e-07 1.86974957481e-07 1.25891965952e-07 2.10809165533e-08 2.21849789626e-07 5.91167428713e-08 2.3354720452e-07 7.7845865773e-08 8.29991971512e-08 1.28208254768e-08 1.69234621103e-07 1.79949331965e-07 1.77373630629e-07 1.30551831839e-08 4.43235920269e-08 9.63679372596e-08 3.77360532693e-08 1.17147801005e-08 1.96809222997e-07 6.78638495443e-08 1.70053657813e-07 4.14633559664e-08 4.33187180515e-08 6.36285359407e-08 6.17445855173e-08 2.4650816067e-07 6.79730004996e-08 1.30157723631e-07 3.28525678708e-08 3.23716025482e-08 4.17245201497e-08 9.91621900858e-08 5.21038991219e-08 2.17382814321e-07</DataArray>
        <DataArray type="Float64" Name="NodalVonMises" format="ascii">7669.88366161 6745.72587939 7709.27101254 7556.75765009 7457.30338567 7594.28169322 7817.19835371 7604.37249145 7652.05837208 7735.91745722 7569.55113802 7651.09676651 8032.20121091 8051.03862824 8051.66612867 7781.65479162 7986.17553498 7784.02250345 7698.0950885 6879.97304443 6922.33084047 7452.98417527 6798.96799432 7704.82624168 6409.62532729 7463.97777694 7695.73772634 6389.98938481 7734.81651932 5936.30146029 7410.85164646 6302.44351109 6678.66360604 6461.89497565 7255.70114909 7536.51072242 7629.6891646 7273.69028518 7196.96029619 6938.32503185 6086.36336036 7138.66334346 7343.15914815 7466.82439683 7656.39657792 8199.15710351 8225.64099153 7510.1820152 7114.65633193 6071.55749324 6753.31300089 6468.51734971 7073.23783659 6397.19053303 7831.16771318 6712.16755399 6528.69286883 6708.84608478 6534.8671342 6959.71907649 7345.3948724 7408.5733249 7180.53449951 7254.87332802 6865.96906866 6602.88531647 6544.64345018 7318.21462097 6946.13123533 6853.0813028 7054.38504827 6987.73154283 6996.76431336 6594.83366698 7038.26719578 6816.82464805 7216.85576416 7455.33530534 6672.98023987 6773.02013535 7487.66088793 7983.28844855 6206.68316588 6732.48485072 7231.0616466 7083.13646881 7099.93344131 6322.28725252 7851.40340995 6883.31617091 6879.38787853 7303.98905565 7390.97148491 7881.92302479 7110.95447714 6866.16530171 6737.49462578 6402.82148561 6373.3796713 6887.20859044 6744.44161817 6713.94240211 6238.85408649 6793.84629194 6316.20942308 7058.24948031 7079.33218071 8073.24524557 6432.42786257 6645.71886301 6519.0398915 7117.41107172 7113.11853138 6891.09870809 6426.75114271 7042.99994177 6728.39092726 7901.20251326 6639.19112459 5963.91085021 6677.64108701 6639.80122574 6682.13225535 6749.22696357 7346.5788586 6786.15068394 6166.8247969 7416.44361146 6926.66574099 6951.96727005 7230.46683765 7272.40587632 7670.58457985 6313.59569585 6925.81411185 6604.31716992 6794.56937023 6800.84422747 6353.82245943 6822.85041923 7060.62210581 7172.01294522 7129.41237021 7130.18186311 7930.43002486 7769.02997156 6478.277274 6535.91479524 7673.88584213 7459.82828195 6433.96164101 7183.69235917 7039.30358347 5765.67136266 7197.15236579 7301.25670855 6091.65213041 6928.81078032 6178.50518849 6370.20462781 7061.92386658 7667.95040746 6995.35244552 7184.51260296 7920.48276646 6682.83308224 7155.69490713 6612.10667568 6542.32168694 7158.06010561 5860.6295611 7215.58425244 7595.95660276 6219.95524321 6620.99947499 7373.28544345 6529.77198482 6691.23785649 6746.41261111 6075.43054829 7358.84254514 6919.70208947 6543.46158288 6544.976955 6184.37756004 6693.70335969 6443.61087188 7020.28429071 7118.76070444 5977.68973896 6676.2123939 6880.64936161 6878.71713709 7408.31957808 7017.83677653 6941.52432815 7148.5660439 6379.95582014 6555.8959534 7767.70071339 6916.93466884 7006.64711146 6832.28965846 7630.88106401 7046.70619369 7795.30347297 6084.31354769 6526.68278872 6339.53354244 7112.89808754 6900.45366859 6533.57135415 6646.76397897 6579.04446481 6925.94486529 7835.33495478 6472.81692707 6895.81220069 7390.27822307 7575.90512397 6182.77314058 6469.56119576 6785.33443584 7055.8453945 7357.62737307 6089.80527998 6402.48541105 7492.53885398 7470.91248209 7054.69251804 7530.43880791 6965.63780298 6311.69560894 6940.98607675 7011.68522911 7011.65499541 7024.23838881 6607.68906294 7004.74323423 6718.3510977 6514.72195032 6517.80941307 7180.68725625 6251.6187021 7478.77315512 6751.18818118 6672.61627951 6397.30058402 6825.14391941 6852.35863539 6690.70375401 6564.49997012 6614.96839282 7345.99117017 6764.53833738 8024.72847755 7070.13610551 6945.60540636 6600.23701908 7301.48719301 7851.59295192 6570.24427511 6850.51369858 7064.58811334 7118.41593759 6793.31794628 6874.92579937 7493.66579587 6516.49393376 7153.42047639 7035.19222314 7789.19092928 6397.73132241 6836.54766716 7011.67772989 6510.72796086 6325.57835063 6604.14517589 6324.21126253 6970.90451705 6426.20552499 7023.991365 7537.35220563 6694.09677978 6159.23392518 6956.6840828 6639.81145852 6438.71414059 6811.83108308 6310.83750906 6334.37517123 7067.63931293 6618.02440409 7401.86068644 6935.38398695 7314.60941825 6988.14199942 7105.64655424 7149.09337535 7151.576935 6870.95521944 7454.01013116 6343.83277462 6596.34998598 7268.38279065 6804.71319517 6095.47647804 7233.16391553 6614.00112503 6915.41252456 6167.78872675 7008.25526952 6951.70998885 6761.97776911 7665.02255701 6729.09031822 6714.80203243 7174.93006755 7019.3420964 6612.3040667 6572.55353822 7364.04667945 6969.59192285 6434.29855311 7010.97240241 7332.85611892 7620.04083674 6889.90839224 6970.51202087 7059.22102358 6950.14149828 7098.55568831 7056.43100007 6929.2659883 6591.42172871 7008.2116103 7293.11468241 6347.55659473 7257.52054914 7275.97608641 6864.42962988 6840.44466037 7151.09026184 7196.31838312 7104.74238958 6802.74993733 7214.91675598 7212.74690974 6903.92419791 6948.87587776 6822.77860282 6780.26113621 6363.94712377 7586.29204417 7184.59752749 6619.80186848 6566.6073238 6498.17778032 6263.61163627 7255.1070067 7302.57445004 7449.35360756 6274.86376673 6854.84678951 7130.45954145 7529.45963818 6661.46052538 6849.79588854 7092.31655865 6252.45837124 7342.02278898 6922.99545386 6388.49298291 6352.43593427 6610.00995379 6187.03992418 6070.53974647 6966.29429485 6802.50542255 6981.94052565 6386.95486994 7905.99628276 5975.79526523 6570.95387519 6696.06123521 7643.2456459 6742.17584077 6487.45597849 6289.15901627 6069.64201961 5874.91235505 6126.82913539 6294.27847767 6356.28453218 5882.02528742 6192.92642439 3943.19541588 3951.05006461 3226.82780568 3724.75362912 3467.90370619 3903.19055238 3996.48395392 6019.85460022 4208.98961302 4798.20409453 6205.39092725 6516.74219042 6353.34556082 6094.67260713 6707.51955024 6187.31449112 6537.9768096 4475.18780244 5308.08453417 5327.33725038 5214.82682501 5112.97885301 5425.77118646 5782.56158287 5613.26123872 5353.36523404 6303.12499419 3802.5341383 3798.68973331 2530.53792361 3214.33368273 2934.51231912 3609.29247985 3402.7302707 4440.19941619 3547.2470745 6205.42863585 4084.66932056 3839.33761046 5636.28165296 5625.2090821 6006.81253767 6428.09436511 5615.71890287 5675.69219582 5706.1724525 5848.17809056 1911.13487388 3258.90816522 3024.14587456 3057.19873358 3503.35259541 4356.37310163 4015.99943381 3984.76426316 3700.08560756 4038.15306776 3917.0526703 3842.66223641 4407.75943821 4369.64041641 4574.34657501 3961.35946874 4109.85447388 4135.8072437 4356.27781776 4468.44626772 4135.4750947 4082.81802043 4456.46211524 4133.82523311 4300.33865296 4382.37640249 4572.29751165 4634.94105021 4566.84321741 4404.69768902 4101.6687027 4089.40540544 4626.55655812 4454.62205242 4660.85214914 4553.23921502 4488.86975235 4492.28106354 4156.19163224 4488.38613982 4576.262632 4766.64645939 4640.72297809 4439.2121165 5004.1766133 4775.79180625 4510.119756 4865.63072648 4879.13317733 4624.96779682 4914.11009962 4869.10959908 4664.21493123 4945.59965654 4787.26789477 4992.82340204 4968.76796916 4893.45090347 5236.91818667 5081.21438409 5333.33834113 5447.00572116 4992.88841958 5562.66554252 5557.40214649 5069.05891741 5408.57125076 5690.82974805 5344.02531323 2820.25323159 5171.53476721 5202.77191937 2903.37794807 5416.73044173 5808.08541466 2985.13261576 5687.55622375 2632.211732 5524.60315303 4611.03369292 5746.40921683 5608.65177228 5688.4311919 5052.362004 4938.7289255 5496.61651729 5419.00532412 3598.4659992 5438.01215173 5264.8525229 3115.73581318 5780.80076046 5281.47766071 5533.25704364 5557.87069161 6081.91411347 5970.01108008 5335.57798077 5599.4853169 5453.310609 5891.49391659 5359.83580364 5674.84552493 5603.32390778 5427.2704898 5673.3891614 5434.07641693 5293.45075932 5599.66748651 5482.69874609 5814.36476336 5897.58058701 2915.24820799 5628.46356656 5227.07243703 3471.58866296 5775.16898771 6139.2661711 5431.42700375 5172.58202259 3033.83082585 5466.75195115 6028.78733097 5614.50112495 5946.92248011 5276.39128056 5463.24918165 5875.38470185 5305.23187405 5248.77311506 5851.71199887 5887.29311553 5373.35625546 5867.74583335 5332.32385347 5384.60070856 2678.94252085 5672.56589766 5920.53330527 5840.78487647 5987.06448956 5350.97507508 5290.71651878 5516.90405772 5557.85743143 6113.43831329 5634.67177029 2769.03728111 5847.94882075 3015.47229682 3209.28955128 5559.13956293 5925.81696313 5809.2756538 2946.11756225 3311.01485554 3558.49594582 2880.86944836 6040.96898264 6321.64218033 6124.01813199 5686.31085668 2978.43653888 3363.27112874 6103.46244715 6033.83755857 5624.31084503</DataArray>
        <DataArray type="Float64" Name="NodalStressTrace" format="ascii">-368.173253009 863.500292475 1034.80453563 -338.236066367 67.8574673888 -21.4017723023 108.902791383 -936.527253497 -1100.3205884 530.395524319 -836.143208204 418.060786814 -465.006819869 -401.620179143 -220.146634414 -537.178295276 206.022003355 828.939352907 -116.874739084 727.088176103 414.490675679 -730.577894363 5.96073517059 -428.487990527 -795.246792423 -551.074165296 -349.626498595 -141.772878242 -198.808703289 -302.946457073 -381.970820418 314.175507789 170.982588662 57.9813852944 9.46673877187 -1018.47310986 633.389058839 667.672942108 715.203504225 694.656008903 -8.63073415554 742.250096052 -647.715207828 883.574819099 -935.030720323 1307.34775198 -1584.36828517 861.900170742 -892.772457052 352.24634077 492.043913175 865.568525573 300.861248942 -746.824965812 -267.933363174 58.5968373933 19.9494556121 -199.408607159 78.2649029155 242.394985403 65.8479255403 135.028981585 -682.8928526 -389.602207629 439.087523048 441.08743435 19.4231217089 337.208469127 -234.495993239 88.4177270551 518.667185827 1111.26716889 2.44427010863 215.999930394 305.062562156 -308.247029708 306.967856884 -320.507310432 -56.2562767785 199.762944802 349.946985562 1427.12411173 -181.210643614 553.813850275 715.808318178 -279.094879863 -179.965256664 -484.593430234 -389.363957999 -227.034939743 -408.003276893 427.336249862 -317.519884293 -248.399508955 -345.998951911 57.9783991251 233.920833808 59.9542388356 255.163098695 -37.6891923873 -63.1713252255 400.939842952 -250.763246287 -50.2651058075 410.598830526 719.976051334 -398.090955852 162.009429937 192.2398896 114.137561898 -261.654881824 1024.45606028 17.1045270787 -190.624381448 340.964835979 -64.6400286044 307.157148889 412.806989526 -5.27286654502 -89.0617457474 59.2658887465 194.74286157 115.997570573 -329.348496291 -266.873393682 -138.382297046 155.625498234 103.273830565 -34.125570069 310.482086476 318.404883539 299.763870343 -598.752766752 342.86894493 368.937325564 236.426926223 -222.096635754 100.651588679 -384.588542519 569.965624918 -26.6288614102 18.1035949231 356.449211951 36.68017378 268.227134985 117.533758572 48.6721905141 159.431680702 1099.78925429 -13.6800649175 449.044757371 309.380472346 -518.946465704 -39.3963880174 -121.432535693 26.2757133546 250.758020056 -521.887401014 -571.856398929 -468.559255691 -298.780152326 -518.130842512 115.307428915 507.116034724 185.615355452 -221.579751111 16.063352036 598.886356327 47.4934636864 -118.069640892 575.517332556 -656.59811315 262.909034394 1024.94658136 -123.559494428 804.330970157 -256.406954702 -112.016412324 -162.949563305 -527.154759035 -584.929393419 350.084922059 358.363383074 0.110800164654 -258.137233896 122.633389226 -26.6125191647 -299.78694836 -47.9683879049 -124.503830658 10.481169282 -122.854008169 -49.3778170665 510.040756926 227.522325376 -623.435098922 46.1627162195 -314.375471692 144.965533182 -413.809206499 620.182912655 515.075786428 -693.065117087 364.549842017 -578.735604358 213.699536477 -11.3918587389 -550.016335918 -263.035015099 -309.918639904 -89.0103062023 1083.87024477 72.9717420596 -302.927279488 -256.000082432 -500.073432758 310.041127076 548.547376958 -314.192415938 171.013609654 161.488300695 -603.240695502 -549.837033266 -89.8036711939 -191.775596003 -305.318715411 86.4463376851 74.6275203237 -211.900802304 -382.182921084 -60.8767242043 181.464492572 384.474260214 31.680835839 628.109751729 -206.859699602 -153.356209506 -92.8825500859 -512.922075443 368.453051273 -101.903982293 119.483839827 319.449297387 -133.663267467 436.842878377 -1567.50540877 618.618192864 688.678692334 -531.682898435 -63.1349604591 -590.067009357 226.4771791 -98.3941858807 84.8742985531 355.013960614 137.561639966 66.8397548265 -398.397610647 147.383088621 518.463236357 -766.39356562 405.097821057 -228.028075806 -102.062061581 -197.911585009 -226.460970706 -382.998105986 86.6788476189 315.232887612 -79.0622595273 83.6878749354 98.7524676745 -155.450289127 760.132042138 -174.634454242 247.116086347 -117.613397565 -734.034242267 -34.4839229508 -588.326365563 -465.378854829 948.536597609 -152.836281461 391.172219417 -226.299467928 -76.5649310891 -657.321298004 -25.7823354024 606.150345322 337.635716519 -362.113855309 -280.344308005 311.921042383 -20.7073751391 -552.212211198 -87.722679535 403.294306153 213.030772671 -211.335299742 -31.9829627506 817.567642528 15.6574380153 361.023450733 237.004787305 492.803149248 -207.013749716 -75.5481184065 549.35658527 -227.656211918 36.9086240765 -847.454837218 67.2586755339 496.42648233 624.259833231 600.064183717 -180.34678444 -146.907116001 1163.29971984 567.028726312 -181.98991182 -419.140491146 -782.725955231 432.480883014 119.789307172 -265.220731145 512.354291904 -201.471896443 -168.317715234 88.5555665793 522.286170647 -434.80224486 1210.60989151 18.9132415705 52.5675654644 106.055113247 -1088.91843554 246.08401767 168.994552796 1007.13041674 -69.3235204419 534.755955894 313.937618695 -276.380360931 432.579177022 338.196358761 -920.031735474 -279.522497334 -78.9146446373 497.273427073 -160.211090715 -132.009524563 -552.515691605 -235.868120403 225.718158883 259.741243505 -352.934085317 -381.164362625 -105.168088712 23.256081912 -76.2471364501 -101.087099368 -529.602132468 261.474266218 200.233046585 28.180644541 223.346639976 -264.618665793 552.859033493 -519.224823715 800.397404343 516.715045733 -509.482252212 177.733977978 397.113054606 -866.446137897 319.53106376 -367.915904995 -262.301022954 -117.210582031 939.946049679 693.984594657 252.885230413 -87.3529102797 -256.418719783 -456.16941866 -39.7371141231 -104.027630374 430.90015948 625.981887081 -1496.14058472 -261.658374313 -114.195894158 -34.626326578 -78.6560624184 374.506147758 417.27778196 -520.394734993 -187.383003321 515.778627077 -101.526131216 -343.553317599 -115.6835419 1244.21571987 -25.4774147359 -407.502513675 383.801825897 -589.040304008 49.0594358896 -1032.86454416 64.2846573517 674.74353302 458.423253084 -370.155075723 650.599152649 184.55996778 215.460540564 30.3492453085 140.102650945 -395.922123211 -600.88536913 -852.411384294 -229.745699675 -173.034916206 96.7490544766 1211.82021179 -72.2754937763 1490.91265395 -1860.07567792 723.767148059 821.529515998 -541.579679676 1041.57742693 -711.042452995 -2036.98565348 41.8820915004 -202.852393463 75.9554067751 228.19619593 187.352979808 606.011839325 176.991206765 -333.887677841 -261.103793946 -235.911711032 332.593574359 -153.650601181 232.170790184 179.053134408 -361.817417057 -405.578403985 459.067809121 -51.5026843751 -680.504970877 1070.9141645 -869.351157493 -258.854946065 -330.943945478 748.889669575 -543.073072685 408.779664583 686.180100918 -141.881965625 315.494276475 562.73571172 -87.6453409149 274.316065525 824.464732468 -1032.36745411 119.414197616 414.824572619 499.412811435 163.475972535 -161.949591153 -330.35307186 414.728924425 -397.303950748 -86.1415289459 -155.050249462 -90.4883052786 -76.6884116506 -228.075594461 -82.2850341217 -122.008669386 175.478571611 -301.752217417 126.056577553 56.4151699936 119.344851654 -56.1819382641 -223.244519545 80.0382468316 214.11988167 -71.3468992254 169.57119323 255.072643568 546.234245873 -31.0144839861 24.0329011804 -101.324682766 -499.979690358 -19.3756328266 202.780476593 24.6773696221 142.65583968 -381.075913757 208.30680927 -774.789765541 174.453715064 -359.211610683 464.17776939 69.8342534421 244.59302991 -641.323918631 -39.9033073241 -58.1878001867 -18.440721662 -96.0783787542 -128.588949433 147.273682261 -0.0469491414172 141.890238319 326.571905872 66.6715659707 135.993904456 -111.612829572 318.411104127 69.3755889992 -496.552765783 -167.985077536 -289.839913556 398.358128714 266.686768776 149.226842155 668.198180571 152.585407084 0.938509767953 -37.0507152502 70.4353941808 -412.09205363 -114.827539481 2.32824888866 143.423574896 395.263522442 172.609706694 -76.0669637167 -240.276602234 163.200780087 -66.8891956315 120.319155802 8.85226094066 -380.672235077 201.447698373 -135.231495758 -156.710583227 -160.118605756 100.059094086 -422.624591929 -5.97603612667 147.209647593 -49.1800708282 245.312338855 -516.33318842 63.9710956987 -242.461387492 -204.838427327 -107.015342475 -60.6828065891 -234.393384638 273.651753692 -195.920409471 221.100239844 5.71316419933 -156.916847014 -354.163426676 100.804868394 -57.6516675263 47.5730679315 -79.2615142115 274.559931728 29.50621744 225.715718766 -273.290751925 -207.657938296 266.264513812 -306.567001995 -411.502472313 -352.190361318 27.4188533803 -88.1072164007 31.8238803694 16.9247015659 287.996486499 -159.862673593 699.345387757 -122.011459167 81.2089483554 -12.5426287249 -154.989511847 -297.737737679 -335.041045544 347.626412859 550.021357051 -11.5676662787 190.088102394 307.40970042 646.593138588 -465.534815851 9.14388075119 -350.32147581 -375.174732436</DataArray>
        <DataArray type="Float64" Name="NodalPrincipalStress" NumberOfComponents="3" format="ascii">-4582.27257505 -11.4053691123 4225.50469116 -3578.87256466 261.859567883 4180.51328926 -3990.13290727 143.924925238 4881.01251766 -4395.87944557 -255.223992118 4312.86737132 -4215.10580543 -103.304726424 4386.26799924 -4392.23578574 15.7952884488 4355.03872498 -4462.64307487 18.3050754439 4553.2407908 -4684.49937223 -316.628649196 4064.60076793 -4897.3373709 -93.7108549216 3890.72763743 -4238.2734318 102.345086187 4666.32386993 -4675.61498682 -192.748593856 4032.22037247 -4166.03662092 -34.1898272519 4618.28723499 -4798.29641911 -104.951877933 4438.24147717 -4763.6338253 -165.237454732 4527.25110089 -4632.0852951 -203.105291538 4615.04395222 -4648.63448324 -187.398581308 4298.85476928 -4513.94052707 55.2008983695 4664.76163205 -4160.13564526 175.211035915 4813.86396225 -4501.29851021 20.2841802367 4364.13959089 -3488.3811935 -167.250270203 4382.71963981 -3845.25893425 178.998651386 4080.75095854 -4656.72593474 27.3977579151 3898.75028246 -3883.72083544 -34.8954814367 3924.57705204 -4604.14916512 -93.8145709548 4269.47574554 -4055.61317685 -36.6966531792 3297.0630376 -4417.07707155 -300.579444565 4166.58235081 -4655.85493566 142.238514398 4163.98992267 -3697.50178379 -50.6530759414 3606.38198149 -4574.73365511 30.0730266787 4345.85192514 -3509.56130728 -102.89463612 3309.50948633 -4416.06323599 -68.7707555503 4102.86317112 -3578.5885566 314.700028957 3578.06403544 -3622.81618124 -243.805235621 4037.60400552 -3600.63454513 -165.366119327 3823.98204975 -4250.76323827 177.632255738 4082.5977213 -4533.09697761 -607.559065408 4122.18293316 -4274.24799199 391.032681986 4516.60436885 -4080.62461208 467.902657271 4280.39489691 -3966.60492518 345.831504278 4335.97692513 -3877.24093394 483.369894393 4088.52704845 -3457.11765092 11.965902019 3436.52101475 -3962.90237166 444.917410438 4260.23505727 -4349.14050354 -402.555007831 4103.98030354 -4077.43264407 433.427301937 4527.58016124 -4515.82118664 -666.853807625 4247.64427394 -4395.71888714 656.794762367 5046.27187675 -5188.86771593 -687.815743619 4292.31517438 -4182.51106737 634.437377018 4409.97386109 -4317.0998354 -459.087444732 3883.41482308 -3315.50065505 112.657189905 3555.08980592 -3776.44294105 252.213776043 4016.27307818 -3573.03022289 622.939853981 3815.65889448 -3844.79487067 -127.718054179 4273.37417379 -4069.76980337 73.4669070949 3249.47793046 -4639.52570475 20.6408942144 4350.95144736 -3886.26449873 122.013742541 3822.84759358 -3828.78104746 171.565643484 3677.16485959 -3817.11086931 -248.347330806 3866.04959296 -3727.81897239 37.0156620509 3769.06821326 -3990.51012358 266.093134593 3966.81197439 -4215.16511283 45.4220444837 4235.59099388 -4147.0193389 -98.8413462459 4380.88966673 -4383.41520903 -145.236279376 3845.75863581 -4272.31053437 -166.32108483 4049.02941157 -3791.89537456 161.493192394 4069.48970522 -3651.27257134 139.1450607 3953.21494499 -3732.12743482 -34.9030707252 3786.45362725 -4155.52639422 208.071200639 4284.66366271 -4185.56200942 166.262509663 3784.80350652 -3876.71417871 -27.1836899699 3992.31559574 -3867.31147506 139.549166289 4246.4294946 -3606.01937838 309.101426781 4408.18512048 -4034.84203737 55.1891034823 3982.097204 -3667.62847213 11.4510080532 3872.17739447 -3841.17091219 -85.2629702 4231.49644454 -4107.0684716 60.6078862042 3738.21355569 -4072.62273029 141.537962247 4238.05262493 -4292.77954121 -301.908194193 4274.18042497 -3915.85326473 121.416168534 3738.18081942 -3774.64339985 -14.4086801864 3988.81502484 -3972.04373479 -279.331886719 4601.32260707 -3967.66049032 171.193438807 5223.59116324 -3720.680482 163.348485683 3376.1213527 -3761.0284985 359.725483175 3955.1168656 -3817.27253295 48.2742993622 4484.80655177 -4084.74110009 -252.440604311 4058.08682453 -4115.03986465 -104.474469445 4039.54907744 -3784.60346576 -160.212898997 3460.22293452 -4552.03604709 -342.553987587 4505.22607668 -4076.47773411 4.33658526801 3845.1062091 -4121.01311207 -68.3767924183 3781.3866276 -4014.89368053 68.776381281 4373.45354911 -4374.80535258 -39.7743475606 4097.05981585 -4596.19685625 -124.641845806 4472.43919311 -4189.60706586 -138.640611405 3982.24872535 -3825.73566976 -194.193206375 4077.90727526 -3762.2638395 23.410339702 3972.7743336 -3625.84074705 -41.8247694297 3727.61975532 -3455.13688088 -151.571664806 3861.87164438 -4011.10720792 74.9342905484 3898.48372499 -3827.79086339 -155.455164914 3920.07470307 -3735.8949204 161.229051889 3975.60571146 -3644.85359061 -133.548609426 3527.63895375 -3858.16315434 -123.821700051 3931.71974858 -3422.04941866 13.9406322491 3818.70761694 -3697.10732372 4.67756335191 4412.4058117 -4291.5882173 40.7335055016 3852.76375594 -4492.91381263 -108.184452502 4763.10769507 -3683.610851 188.732069663 3687.11867094 -3875.95852537 247.476571735 3742.61951554 -3792.58880204 -149.11989488 3680.0538151 -3702.15964905 214.524587197 4512.09112214 -4129.74783047 109.487418972 4037.36493857 -4018.32578403 -56.7878743305 3884.48927691 -3585.03141874 103.922089855 3822.07416486 -4120.36582747 49.8728664402 4005.85293242 -3752.29547649 78.7573160149 3980.69530936 -4407.07391856 152.075686563 4667.80522152 -3634.17190576 -348.363603106 3977.26264232 -3445.31335335 -48.0525257268 3404.30413333 -3821.45198081 14.3278719898 3866.38999757 -3735.63826382 32.4333773936 3897.947748 -3798.22505198 30.1244748009 3884.09814775 -4052.74916671 4.79697174807 3718.60369867 -4307.63515587 -121.601534095 4162.36329628 -3845.7942263 -221.484919196 3928.89684846 -3411.79247379 -100.504074652 3667.92204668 -4176.5012685 -85.7862270709 4365.56132614 -4052.01500963 117.884667084 3900.00477247 -3920.03899577 163.942242858 4066.57883938 -4069.75725988 156.848341392 4231.31380203 -4180.80531172 306.603895957 4173.96528611 -4772.32610394 160.243829751 4013.32950743 -3423.01366791 -70.9936393759 3836.87625221 -3935.75026681 303.914100603 4000.77349177 -3803.71379435 263.299264195 3776.84145638 -3889.47802469 -226.72710294 3894.10849188 -3929.6827223 139.955838463 3890.37847251 -3665.87941517 -338.908015215 3620.19888787 -3759.24224303 249.333019553 4079.87484839 -4005.76075892 -100.946800644 4080.07869815 -4100.76184967 5.0751511922 4113.7902934 -3879.32178633 -67.7510207372 4303.52201902 -3989.67726238 -176.840216662 4203.19765282 -4397.64462672 -86.1920185254 4752.06378023 -4413.68583466 28.1085526063 4503.11104063 -3631.95379122 -117.728972858 3798.35495459 -3670.01731816 12.3752718281 3817.07372703 -3936.85981929 128.782696991 4907.86637659 -4347.0481618 107.395681616 4225.97241526 -3550.2338847 163.983471291 3835.29517078 -3951.38071655 -31.9403292663 4292.70151817 -4328.69503999 53.2823487388 3756.46622555 -3289.66112187 -44.3681625506 3294.6328964 -4168.91061093 -35.9174008832 4083.39547612 -4069.07292053 -234.928809498 4330.27744338 -3362.54869173 -25.9820762218 3639.28878801 -4158.79775675 -158.328227791 3795.23858353 -3756.74795323 -164.057575123 3348.94912942 -3885.04198786 -7.56375023593 3424.0464824 -4153.63782511 -110.107877586 3964.96555038 -4674.03218289 -17.6968374537 4173.59817783 -4035.13436979 175.965273218 3974.47652549 -3836.86689816 -65.7832571274 4409.76619001 -4416.6110473 -115.781774306 4718.00817706 -3924.39433683 -73.8873640026 3776.70194972 -4005.43202988 -194.010177096 4215.50555901 -3450.60706238 -85.3637427019 4134.85716141 -3785.0579238 97.6413686506 3734.91001883 -4261.01023377 153.761851732 3989.17874115 -3139.13959667 130.65735973 3583.9995695 -4581.21764912 275.844097179 3648.77543879 -4298.01724031 90.7756834132 4470.15059129 -3088.94737038 72.8511077777 4041.04284396 -3817.36865407 -74.508445711 3768.31760536 -3765.58198828 -94.8504336322 4664.76339207 -3763.99729091 -194.99864763 3702.58898384 -3840.93852278 -75.4113753268 3804.33348578 -3936.15865962 -46.0027006453 3819.21179696 -3719.96807332 -13.832890636 3206.64620492 -4457.83544279 -149.334276653 4022.24032603 -3755.10189839 -107.930399107 4213.11721955 -3580.77412919 -5.24569664107 3944.38320891 -3749.43900802 0.496387663238 3749.05342052 -3568.77900569 -196.699204364 3507.34097616 -3817.63783242 52.7089289214 3887.56229273 -3689.2911222 -20.2447102073 3682.92331324 -4117.90993027 -118.581252918 3936.70423483 -4118.96397261 -28.2934299927 4099.2890147 -3492.66474768 52.4547716427 3315.70614538 -3799.61676842 -32.4865914949 3842.58452919 -4044.12037243 55.7317989739 3865.53456529 -4053.10615108 157.337287767 3846.39104625 -4065.33957212 128.818105764 4446.56222329 -4045.30291311 286.507038158 3986.31820033 -4366.85710695 155.191946739 3588.23006129 -4117.56339328 99.4458775283 4064.28023197 -3810.51351793 -24.1526079637 3520.2906542 -3669.68954111 -45.5519603061 3860.2070346 -4644.57059066 -79.6038608586 4310.36524502 -3733.48671894 157.361845695 4196.3077859 -3769.39270193 6.59498804672 4277.87350032 -4248.20498736 -26.1665112751 3581.30638155 -4280.25654372 161.832900932 4482.97348481 -4393.43895574 124.979449637 3689.72390175 -4341.51513436 -71.1824504815 4626.39712131 -3515.81686967 67.3350913801 3437.08991955 -4004.91456787 -25.542894395 3480.44112635 -3755.34340803 -55.3971555403 3547.70554847 -4181.84128342 -104.026037718 3975.94868123 -4034.38756183 71.4694673939 3873.90778824 -3426.91805199 441.411506941 4069.37678983 -3881.34544513 225.189853906 3729.12733328 -3838.38830159 -173.417329562 3708.87835166 -3977.0784169 -272.73071432 3993.80904879 -4756.86063665 31.3127749538 4225.47442894 -3433.97945872 -200.686360176 3944.70694597 -3656.01603934 -38.5803196668 4243.14373596 -4319.99311512 -165.902977995 4171.70367718 -4269.59544915 -23.5884996071 4464.19755841 -3477.96187526 1.94709906286 3637.50307689 -4027.61219605 23.4551198332 3400.91638071 -4126.24530086 -74.7300521564 3651.13831975 -4014.43915259 -165.965761807 4090.6012432 -4312.52822988 -33.2404788674 4153.99311274 -3603.242355 -76.1917095538 3374.11534914 -3690.90793967 111.660509757 3665.6937676 -4164.64375551 -199.215358556 4438.48663439 -4439.60838323 84.5114170943 4143.19616383 -4128.67007491 -208.233470804 3954.72062463 -4386.44094409 76.7829631347 4248.78125675 -3969.35923992 87.6798121321 4063.14392036 -3466.19693209 98.8034292332 3751.86776307 -4075.14693173 232.992140532 3873.83562703 -3662.22472554 -92.0431250993 4382.37760237 -4210.26579009 155.680207114 3847.72588338 -4136.11111559 84.1296757497 3898.62523034 -3922.48653175 177.846884762 3651.7570969 -4165.62860816 -179.060984535 3831.76751725 -3708.22325061 73.0907415554 4003.58556032 -3774.58668658 -21.0626253651 3693.74532965 -3627.87365107 -82.4601862201 3829.81767712 -3855.39341831 -213.796955252 4388.63967095 -3638.13258839 -34.0528607667 3538.52218169 -4139.0404468 99.5143304518 4476.36899473 -4516.5485709 -248.509508603 3197.55267073 -3455.74599134 -110.538792037 4184.90297624 -3413.98987159 174.824717321 3927.84384661 -4217.4054262 77.9877847499 3607.73474301 -4065.29622597 237.092113356 3765.06915216 -4061.2425228 -134.615221276 3605.79073471 -3644.57839492 -7.97117994536 3879.02675396 -3787.29176692 -129.104818199 3818.00239924 -4228.23261486 63.6738253285 4249.43308808 -3744.43342091 54.4983904804 4044.94899104 -4497.86836778 -90.6416744734 4726.07168222 -4015.71407028 -15.4265286924 4097.9803538 -4099.33697506 -181.253599112 3882.19296353 -3780.8569039 141.28029845 3786.95969407 -3987.38772174 116.088853452 4389.76210465 -4833.66474753 -135.44843159 4202.7196135 -3570.74284261 -15.8615158875 3991.70217955 -4057.77598303 7.55773062841 3822.1901766 -4032.24190658 -170.744307412 4100.92415241 -4097.00350423 -188.371807257 4087.46372648 -4032.2301104 68.7493724192 3737.01976728 -4098.09836727 -76.8424370108 3791.9426983 -4320.53921704 115.008004878 4292.21005978 -3597.88755125 33.6704799883 3879.44995887 -4091.51993156 -101.231875572 4113.6895476 -4010.29634167 2.65475310895 4091.32946349 -4274.16181613 -300.304639791 4673.21892359 -3779.38408524 94.023108554 3529.91068756 -3791.3288229 495.157963401 4056.30290164 -4135.41797112 35.9674343193 3924.81608255 -3617.76611602 33.475653052 3831.40654931 -3689.14539754 12.8032552596 3558.72874472 -3954.95615611 -370.664395627 3591.58630947 -3615.54387783 -60.0876192094 3641.14757408 -4333.9365125 73.606329724 3672.00381721 -3768.53040288 -273.161449861 3576.31299791 -3549.31454704 10.1408738388 4487.71027081 -4488.16347289 136.347236861 4198.97995457 -3732.76235577 174.334316009 3949.60025918 -3574.020269 -150.980189215 3498.70099029 -4198.50329143 326.664734714 3795.27362562 -3989.74674178 -292.00958617 3624.43502994 -3655.68725281 -101.41876904 3731.32368645 -3684.90061306 141.345149808 4149.70580857 -3457.6965884 15.2051503552 3780.12715456 -3806.42656908 -35.6815360654 3479.99424984 -4202.64125917 -4.42793389422 3926.72488506 -3619.79906974 -46.0760189515 3977.79613107 -4228.33351623 -41.6088594182 4249.23500051 -4298.28370808 79.2333674485 3666.83812943 -4323.905604 154.899637931 4081.28328654 -3829.27907004 28.281046949 4204.29232925 -3836.37872542 -263.532219977 4312.94171807 -4239.35126819 50.7006417082 3977.31532674 -3995.03906571 -273.591054168 4236.64715713 -3588.15543996 110.017801813 4295.70528068 -4401.48852533 291.194876502 4125.95108684 -3460.79795811 11.5885777625 3810.23283108 -3589.53632144 -148.381311353 3974.9224201 -4026.88667096 197.191198948 4322.49862126 -3991.42146563 -4.57658709903 3788.98430301 -3513.90620669 -47.590948471 3485.94903676 -3823.00530334 -75.9717402453 4448.33362885 -3878.50154588 -52.0322983187 3702.87763228 -3921.16369057 -38.3047107124 3996.37702536 -3859.01346364 -224.608509152 3236.16713558 -3974.08106023 -11.7879049619 4053.12764072 -3842.9191055 197.136451829 4142.209136 -3828.69998033 510.418202638 3942.54161092 -4149.1012206 85.2916116782 4663.87379263 -4008.01743385 116.795393947 3710.87525546 -3934.28459303 14.4726499558 3772.90482707 -3620.84557823 188.492045939 4595.65325213 -3743.00341938 19.612062313 4290.42008338 -3959.15022854 148.955760051 3628.20455667 -3940.77486862 -39.2786974771 3560.91307495 -4534.70901449 -208.541385045 3960.5244443 -3837.80716409 115.411213892 4154.87683321 -3588.6675633 -83.3378664557 3791.79473693 -4227.46276383 153.150922523 3809.09111016 -3988.41857383 40.2625856798 4460.51028006 -4577.17352382 231.624222546 4144.07740483 -4026.0757338 -59.9237684454 3917.68178701 -3969.82547853 19.0405263631 4039.34051875 -3819.17823669 66.979144967 4274.48526237 -4136.14303832 -125.603791138 3826.9445846 -3600.48081878 281.964506831 4529.12620345 -3957.2171902 -150.725902536 4126.85633431 -3976.18263096 27.4760972568 4001.27409917 -3800.07655602 191.25606551 3714.87560375 -4443.25837337 -215.649819033 3569.98975686 -4137.98025819 137.557967025 4246.50630883 -3588.61213749 72.2986125723 3685.30807771 -3784.15214295 245.9614537 4545.32110598 -4325.78342217 225.28507847 4031.17482325 -3628.38915415 -66.1003667984 4229.24547684 -3799.46497665 36.001346413 4077.40124894 -4122.56833815 -250.497481171 4096.68545839 -3964.22969669 62.2534633356 4334.55541038 -3883.72362222 -64.6329287919 4286.55290978 -4272.81325424 -169.979894357 3522.76141312 -4412.03093509 299.127616535 3833.38082122 -4240.84840621 107.308745894 4054.62501568 -3803.50906548 164.466471591 4136.31602096 -3942.95449978 -232.366372625 4015.10978169 -3935.22583943 -92.3248558532 3895.54117072 -4176.32415036 14.7443607134 3609.06409804 -3689.65059863 -170.390366922 3624.17284515 -4263.54861373 9.02160122772 4480.24517139 -4058.72118008 101.549412602 4216.91301098 -4009.34206189 45.7487852772 3610.6591913 -4002.26402041 107.09683289 3514.00282489 -3895.77474656 268.117857536 3522.48880031 -3623.4919812 96.0541269624 3550.69393615 -4148.10716994 -108.215955191 4180.07598868 -4212.02172273 -71.1126875727 4182.04731093 -4527.23553306 -73.8664750434 4071.49987564 -3504.71002335 83.6065146147 3682.57777496 -3889.71585929 134.285057977 3955.6638479 -4112.76994335 100.386473417 4040.56411447 -4175.76126345 -105.501222288 4504.60912572 -3713.6757949 -461.968534417 3911.02566352 -3717.63265856 119.318001457 4151.17369059 -4268.39740384 -146.159746743 3895.33232687 -3413.02345515 483.716904046 3729.70395545 -3889.13162665 -139.955857248 4545.80252963 -4143.25343149 -178.011551949 3811.78273123 -3559.32470992 -48.8527589402 3785.91144684 -3598.98583903 286.969225571 3709.12966806 -4283.8625125 131.650496202 3285.7658784 -3276.47557689 -200.405192253 3796.41183291 -3721.89982942 116.919233805 3237.06469062 -3920.67393476 -395.567465313 4053.94037712 -4001.33482949 69.5830111072 3814.54123635 -3645.89705857 207.343666125 4378.49944212 -3393.95951478 153.082075327 3934.86203412 -4410.99871108 -44.4023511575 4708.28629265 -3613.3296721 311.223656717 3214.7531051 -3974.67079045 138.717564772 3579.53450589 -3987.24131727 -176.271989592 3707.3438882 -4445.46214208 39.5116239327 4366.21340402 -4036.60742516 259.150284112 3673.42951067 -3501.46253292 34.9013259106 3897.46136649 -3361.11260753 137.211386259 3849.88310835 -4142.82262474 -149.659879061 2796.34191908 -3388.69371222 -194.013755182 3321.04909309 -3547.42942531 -66.7899261696 3500.02345732 -3599.49540189 -34.2372248908 3599.1063002 -3706.53322204 35.4369150081 3592.44024461 -3193.8578197 31.9172951122 3536.44667234 -3401.54320459 128.816284765 3690.00470178 -2359.54749857 -261.147024393 2100.29978797 -2237.58781193 -200.137523621 2250.34233223 -1611.34580506 121.17554085 2005.94889129 -2167.70919187 -32.1039899817 2098.28705064 -2055.19332083 -171.417438849 1883.05744208 -2248.07316334 -69.0820583694 2201.47167981 -2017.70079967 712.194502624 2549.72201691 -3505.55527245 60.5995451703 3419.47831254 -2584.49618634 -50.382718693 2227.37639136 -2684.44274062 313.516079293 2754.72848722 -3764.10774684 -134.052661717 3309.12010455 -3806.21368497 205.972178067 3649.30094279 -4090.48089587 -141.211964539 3198.82831626 -3419.23843916 -42.3623825839 3525.8854791 -3772.95719356 543.904421152 3903.79630543 -3373.52675069 95.5992776795 3736.35072609 -3820.13929653 -203.985027652 3653.96924846 -2335.20795737 202.577714803 2783.22939521 -2941.54043039 -18.7047478141 3144.80514599 -3006.08899897 132.846357487 3088.70318205 -2965.9877938 27.271428834 2969.06561027 -3001.70127291 309.818221051 2831.9857028 -3147.63697677 -318.775708223 3070.49056178 -3473.74058634 -252.390584623 3125.24580183 -3536.77403403 -252.632121494 2936.99477123 -3068.08684539 -181.194171959 3019.53531767 -3735.31019197 94.410302209 3467.86497356 -2066.17699627 -125.759984583 2288.68603533 -1718.22963509 306.28237585 2623.76747103 -1484.87105637 12.0342190046 1400.56134359 -1363.10673797 588.766255947 2265.25313597 -2307.64240996 -486.235717254 933.802449296 -1800.97542132 210.549140168 2314.19342922 -1655.02223032 285.510173171 2191.04157315 -2634.53115685 -317.317560142 2410.26903731 -1757.24768941 515.731307161 2283.09380918 -3755.33947324 -319.963152232 3364.26017248 -3063.315637 -488.17237608 1514.5023596 -2224.24234213 106.560221064 2159.56421257 -3405.35135952 235.56403854 2966.93492752 -3284.4195756 179.250108417 3181.12487396 -3354.28931599 60.902120586 3521.58339134 -3544.69563512 -61.8911661876 3793.93978111 -2861.21326535 -50.2675245186 3517.49262919 -3190.37905364 65.0047091132 3302.36555129 -3402.82738745 -46.2288387023 3115.16854831 -3471.49372513 -41.499086457 3251.88901764 -1205.2197517 37.3001478109 932.007892854 -1721.61908732 151.278501984 1902.93415969 -1772.05011718 -42.5550635389 1660.95457954 -1665.66621199 98.5897546534 1799.24724752 -1833.47550115 -44.5571888806 2057.08582444 -2596.34092713 -93.2281037243 2327.75161379 -2436.40442018 -117.003169864 2147.82918606 -2088.67872488 135.654899974 2412.09163403 -2089.9959531 -19.1620857335 2057.65535446 -2555.52010328 -107.467448653 1982.48258105 -1734.97737733 111.948597571 2693.94294426 -2545.10117294 -117.023380259 1792.7733957 -2631.32226052 -15.0389314628 2387.50624592 -2589.3289209 -105.063807543 2363.44878296 -2294.295419 149.60957511 2893.57551347 -2476.68811783 -66.7184443886 2000.33348953 -2150.79496768 42.140531143 2517.43410112 -2044.83734947 111.681659174 2619.33579122 -2526.9855273 -13.100010409 2398.20357208 -2488.96887912 222.86208121 2581.60107439 -2088.71460565 76.2342196517 2575.21609772 -2322.70485126 -56.2786667773 2291.33817713 -2441.8799628 75.6978817015 2640.49814663 -2044.66544631 249.547118386 2619.58306039 -2738.46943044 -454.516626005 2160.61860234 -2488.28853771 86.9789518187 2520.72378351 -2425.37690134 83.6070169182 2756.59445704 -2423.06606218 105.422028284 2817.05684533 -2539.55119207 64.6236310509 2638.40353355 -2535.94466471 -105.656480507 2479.65155406 -2527.98035112 64.260509657 2133.3667696 -2150.82247757 79.0706383524 2486.48076364 -2746.41197605 -158.220261029 2507.32828633 -2528.8768429 -53.0244269648 2495.75974092 -2720.99216287 -17.5909557659 2583.53286917 -2700.66687035 126.41918921 2483.75937586 -2510.86238091 -125.273180103 2559.44714936 -2691.25389488 69.3610728129 2393.81722761 -2360.02361068 -70.4715643292 2348.21014089 -2583.30868348 -36.1429224011 2497.4429365 -2481.81582711 -79.2623938791 2736.5567926 -2808.81627576 -81.2900194643 2588.3540778 -2622.24649416 109.893906852 2638.40916487 -2437.36082156 -77.3487676872 2571.12475924 -2798.25564223 45.299445851 2872.30104803 -2824.35087924 157.234148834 2610.93479214 -2592.08599099 -127.285352423 2496.12682387 -2672.1961423 -86.3534065969 2838.58779573 -2670.76694178 24.531613697 2860.35520976 -2691.10638034 46.8119459259 2572.94753519 -2749.0822981 47.6531814373 2871.00030989 -2687.10200865 66.3707307671 2875.80392145 -2484.27108852 204.504402232 2826.00093216 -2792.55167302 -87.4318509716 2848.96904001 -2693.27900638 -23.610932959 2740.92284052 -2811.55381789 -166.467965966 2876.69710109 -2993.36575384 -183.388023685 2676.77408717 -2808.59730557 1.888322652 2787.33335009 -2864.01499039 -34.8791499842 3101.67461697 -2923.22549595 96.6721466946 2851.23071888 -3019.55767141 116.856990223 3045.35652086 -3280.42550776 -42.6483547817 2941.99794879 -2759.06736531 45.9046856513 2921.46948893 -3449.53150775 -218.947877421 2893.68961963 -3080.12706635 8.20830902632 3246.37247239 -2957.68871074 -210.836009921 2809.31310998 -2898.36698823 63.1511105097 3299.39364711 -3158.67638028 -104.416869171 3332.92750289 -2989.66428892 101.538207558 3132.71911127 -1824.27272855 -130.765356241 1313.71416616 -3007.37981848 66.5220167905 2900.95449436 -2988.72991182 0.0296644475231 2930.51244718 -1654.90218521 -7.55830359748 1644.01976715 -3101.25853162 -69.7524749684 3074.93262784 -3325.75921512 -97.000151266 3294.17041695 -1674.51420508 103.25784911 1718.53003823 -3277.77386752 78.2379848065 3199.48893357 -1446.50317321 34.1142535203 1554.27915801 -3018.98579539 51.4368435622 3294.1208577 -2541.04780629 -69.1432465921 2676.86261885 -3224.14864422 -5.25000674722 3365.39255542 -3276.13059075 45.2029615579 3119.31479962 -3188.86743911 213.399892202 3293.87865104 -2875.5618775 47.7949768054 2897.14248969 -2848.6929777 -430.87361459 2783.0138265 -3275.08283143 119.822030344 2987.27572355 -3189.84705165 -95.7642755642 2995.77141366 -1842.12734771 77.9760650662 2162.50941136 -3007.39473731 83.6306300791 3190.45087601 -2918.21355366 -15.4812793011 3082.92167512 -1463.68102582 119.48329958 2012.39590681 -3303.15492108 137.084270668 3318.6560575 -2981.08489052 -36.118574179 3018.14197446 -3108.64329988 -110.76244823 3182.35503286 -3074.57648629 -110.517799289 3255.52967976 -3612.31066545 -145.142057166 3345.36066898 -3428.53338243 -69.1650299244 3382.87087287 -3077.00323763 57.4630135856 3021.86847294 -3091.50365497 -16.2143228585 3251.14155273 -3040.59480981 242.486410452 3193.3719218 -3260.70432706 -5.71017273681 3439.02420649 -3101.69992617 0.509302861368 3025.12365959 -3313.31524199 -62.0986180036 3135.13725776 -3227.9333263 229.924910673 3161.20919572 -3136.89729489 10.5792325929 3059.42886667 -3175.79818976 -8.69663299434 3304.81397856 -3128.88920813 90.8455756905 3046.89589338 -3166.49814942 -59.3926328937 2845.21854724 -3112.5612781 44.0890414128 3269.91993506 -3207.33033726 2.12089231867 3069.97794918 -3373.36888789 -38.6092198263 3255.26752449 -3412.02114746 -65.4575529484 3317.36009466 -1581.28955613 -55.1719418338 1736.52059205 -3324.95231522 -183.993105949 3086.32082924 -2991.94859293 12.2559845921 2973.71657221 -1936.06003343 113.500702651 1969.76897837 -3354.96490546 69.9884905372 3235.79634409 -3413.96502492 72.1794865182 3587.09787726 -3263.95024389 -150.951253164 2898.56830864 -2917.86539136 -25.6449883 3007.48147536 -1814.56732972 -2.40475858021 1574.5107008 -3186.86058259 -81.855218868 3063.87737413 -3474.37082868 -50.8497770376 3418.20526324 -3214.65519025 -52.0941034072 3206.06648707 -3520.26014597 -2.60828030017 3288.47504164 -2857.23639075 -39.079518551 3169.967663 -3199.00006494 -33.5206184871 3036.60027396 -3314.12543337 106.108378113 3429.11729511 -2979.31637494 -80.9388443092 3065.96838345 -3013.58086269 -108.69307254 2965.35708821 -3487.9812193 -39.5476617411 3173.36545436 -3378.47773023 161.32414694 3317.95845168 -3119.79383769 48.7122274079 3013.42994276 -3329.45257589 17.035662784 3359.98998103 -3044.65506145 -88.5445520756 3053.93809931 -3022.82080118 205.256666686 3092.12406622 -1475.86876389 -55.1275838027 1560.50256514 -3132.55429641 32.6089141189 3325.66110106 -3445.02296238 -137.376628609 3309.10883906 -3447.30585297 35.5743186086 3204.07359606 -3335.68428355 69.0830966741 3532.86570069 -3112.73824896 -175.923273514 2982.09452048 -3183.789647 -99.8790985528 2872.16627324 -3265.68936779 -116.662719479 3030.16172595 -3190.48296195 60.4281414094 3157.47367392 -3514.17255772 -19.9450752626 3446.01041658 -3208.60860513 25.1633576714 3215.26912782 -1636.53420651 185.318977616 1468.13993046 -3276.80731634 152.655656104 3412.14814674 -1733.85125762 -82.7888980367 1656.77748207 -1542.02065939 185.435111253 2055.9309359 -3302.09925966 194.669789374 2985.41801112 -3268.41623545 -138.216266966 3487.84145077 -3348.97896779 43.1070313953 3293.32930767 -1751.81570415 55.9519060282 1540.87428628 -2043.24822307 43.1169458069 1702.39353958 -2102.77288135 -141.529837269 1909.26167308 -1441.27847353 -46.3988946329 1835.30378102 -3213.26659099 87.2004227129 3676.08752533 -3609.79205751 -20.1147119148 3618.33910315 -3419.76780023 15.9977788004 3593.85812383 -3161.08607051 155.813570759 3312.68220017 -1436.98636626 158.104298318 1925.47520653 -2112.86636106 -19.0952787152 1666.42682393 -3454.23898618 -34.3706715295 3497.75353846 -3560.93042332 -122.291269343 3332.90021685 -3365.58423274 -9.72588939253 3000.1353897</DataArray>
        <DataArray type="Float64" Name="ShellTopNodalVonMises" format="ascii">0 0 0 0 0 0 0 0 0 0 0 0 0 0 0 0 0 0 0 0 0 0 0 0 0 0 0 0 0 0 0 0 0 0 0 0 0 0 0 0 0 0 0 0 0 0 0 0 0 0 0 0 0 0 0 0 0 0 0 0 0 0 0 0 0 0 0 0 0 0 0 0 0 0 0 0 0 0 0 0 0 0 0 0 0 0 0 0 0 0 0 0 0 0 0 0 0 0 0 0 0 0 0 0 0 0 0 0 0 0 0 0 0 0 0 0 0 0 0 0 0 0 0 0 0 0 0 0 0 0 0 0 0 0 0 0 0 0 0 0 0 0 0 0 0 0 0 0 0 0 0 0 0 0 0 0 0 0 0 0 0 0 0 0 0 0 0 0 0 0 0 0 0 0 0 0 0 0 0 0 0 0 0 0 0 0 0 0 0 0 0 0 0 0 0 0 0 0 0 0 0 0 0 0 0 0 0 0 0 0 0 0 0 0 0 0 0 0 0 0 0 0 0 0 0 0 0 0 0 0 0 0 0 0 0 0 0 0 0 0 0 0 0 0 0 0 0 0 0 0 0 0 0 0 0 0 0 0 0 0 0 0 0 0 0 0 0 0 0 0 0 0 0 0 0 0 0 0 0 0 0 0 0 0 0 0 0 0 0 0 0 0 0 0 0 0 0 0 0 0 0 0 0 0 0 0 0 0 0 0 0 0 0 0 0 0 0 0 0 0 0 0 0 0 0 0 0 0 0 0 0 0 0 0 0 0 0 0 0 0 0 0 0 0 0 0 0 0 0 0 0 0 0 0 0 0 0 0 0 0 0 0 0 0 0 0 0 0 0 0 0 0 0 0 0 0 0 0 0 0 0 0 0 0 0 0 0 0 0 0 0 0 0 0 0 0 0 0 0 0 0 0 0 0 0 0 0 0 0 0 0 0 0 0 0 0 0 0 0 0 0 0 0 0 0 0 0 0 0 0 0 0 0 0 0 0 0 0 0 0 0 0 0 0 0 0 0 0 0 0 0 0 0 0 0 0 0 0 0 0 0 0 0 0 0 0 0 0 0 0 0 0 0 0 0 0 0 0 0 0 0 0 0 0 0 0 0 0 0 0 0 0 0 0 0 0 0 0 0 0 0 0 0 0 0 0 0 0 0 0 0 0 0 0 0 0 0 0 0 0 0 0 0 0 0 0 0 0 0 0 0 0 0 0 0 0 0 0 0 0 0 0 0 0 0 0 0 0 0 0 0 0 0 0 0 0 0 0 0 0 0 0 0 0 0 0 0 0 0 0 0 0 0 0 0 0 0 0 0 0 0 0 0 0 0 0 0 0 0 0 0 0 0 0 0 0 0 0 0 0 0 0 0 0 0 0 0 0 0 0</DataArray>
        <DataArray type="Float64" Name="ShellBottomNodalVonMises" format="ascii">0 0 0 0 0 0 0 0 0 0 0 0 0 0 0 0 0 0 0 0 0 0 0 0 0 0 0 0 0 0 0 0 0 0 0 0 0 0 0 0 0 0 0 0 0 0 0 0 0 0 0 0 0 0 0 0 0 0 0 0 0 0 0 0 0 0 0 0 0 0 0 0 0 0 0 0 0 0 0 0 0 0 0 0 0 0 0 0 0 0 0 0 0 0 0 0 0 0 0 0 0 0 0 0 0 0 0 0 0 0 0 0 0 0 0 0 0 0 0 0 0 0 0 0 0 0 0 0 0 0 0 0 0 0 0 0 0 0 0 0 0 0 0 0 0 0 0 0 0 0 0 0 0 0 0 0 0 0 0 0 0 0 0 0 0 0 0 0 0 0 0 0 0 0 0 0 0 0 0 0 0 0 0 0 0 0 0 0 0 0 0 0 0 0 0 0 0 0 0 0 0 0 0 0 0 0 0 0 0 0 0 0 0 0 0 0 0 0 0 0 0 0 0 0 0 0 0 0 0 0 0 0 0 0 0 0 0 0 0 0 0 0 0 0 0 0 0 0 0 0 0 0 0 0 0 0 0 0 0 0 0 0 0 0 0 0 0 0 0 0 0 0 0 0 0 0 0 0 0 0 0 0 0 0 0 0 0 0 0 0 0 0 0 0 0 0 0 0 0 0 0 0 0 0 0 0 0 0 0 0 0 0 0 0 0 0 0 0 0 0 0 0 0 0 0 0 0 0 0 0 0 0 0 0 0 0 0 0 0 0 0 0 0 0 0 0 0 0 0 0 0 0 0 0 0 0 0 0 0 0 0 0 0 0 0 0 0 0 0 0 0 0 0 0 0 0 0 0 0 0 0 0 0 0 0 0 0 0 0 0 0 0 0 0 0 0 0 0 0 0 0 0 0 0 0 0 0 0 0 0 0 0 0 0 0 0 0 0 0 0 0 0 0 0 0 0 0 0 0 0 0 0 0 0 0 0 0 0 0 0 0 0 0 0 0 0 0 0 0 0 0 0 0 0 0 0 0 0 0 0 0 0 0 0 0 0 0 0 0 0 0 0 0 0 0 0 0 0 0 0 0 0 0 0 0 0 0 0 0 0 0 0 0 0 0 0 0 0 0 0 0 0 0 0 0 0 0 0 0 0 0 0 0 0 0 0 0 0 0 0 0 0 0 0 0 0 0 0 0 0 0 0 0 0 0 0 0 0 0 0 0 0 0 0 0 0 0 0 0 0 0 0 0 0 0 0 0 0 0 0 0 0 0 0 0 0 0 0 0 0 0 0 0 0 0 0 0 0 0 0 0 0 0 0 0 0 0 0 0 0 0 0 0 0 0 0 0 0 0 0 0 0 0 0 0 0 0 0 0 0</DataArray>
      </PointData>
      <CellData Scalars="VonMises">
        <DataArray type="Int32" Name="ElementIndex" format="ascii">0 1 2 3 4 5 6 7 8 9 10 11 12 13 14 15 16 17 18 19 20 21 22 23 24 25 26 27 28 29 30 31 32 33 34 35 36 37 38 39 40 41 42 43 44 45 46 47 48 49 50 51 52 53 54 55 56 57 58 59 60 61 62 63 64 65 66 67 68 69 70 71 72 73 74 75 76 77 78 79 80 81 82 83 84 85 86 87 88 89 90 91 92 93 94 95 96 97 98 99 100 101 102 103 104 105 106 107 108 109 110 111 112 113 114 115 116 117 118 119 120 121 122 123 124 125 126 127 128 129 130 131 132 133 134 135 136 137 138 139 140 141 142 143 144 145 146 147 148 149 150 151 152 153 154 155 156 157 158 159 160 161 162 163 164 165 166 167 168 169 170 171 172 173 174 175 176 177 178 179 180 181 182 183 184 185 186 187 188 189 190 191 192 193 194 195 196 197 198 199 200 201 202 203 204 205 206 207 208 209 210 211 212 213 214 215 216 217 218 219 220 221 222 223 224 225 226 227 228 229 230 231 232 233 234 235 236 237 238 239 240 241 242 243 244 245 246 247 248 249 250 251 252 253 254 255 256 257 258 259 260 261 262 263 264 265 266 267 268 269 270 271 272 273 274 275 276 277 278 279 280 281 282 283 284 285 286 287 288 289 290 291 292 293 294 295 296 297 298 299 300 301 302 303 304 305 306 307 308 309 310 311 312 313 314 315 316 317 318 319 320 321 322 323 324 325 326 327 328 329 330 331 332 333 334 335 336 337 338 339 340 341 342 343 344 345 346 347 348 349 350 351 352 353 354 355 356 357 358 359 360 361 362 363 364 365 366 367 368 369 370 371 372 373 374 375 376 377 378 379 380 381 382 383 384 385 386 387 388 389 390 391 392 393 394 395 396 397 398 399 400 401 402 403 404 405 406 407 408 409 410 411 412 413 414 415 416 417 418 419 420 421 422 423 424 425 426 427 428 429 430 431 432 433 434 435 436 437 438 439 440 441 442 443 444 445 446 447 448 449 450 451 452 453 454 455 456 457 458 459 460 461 462 463 464 465 466 467 468 469 470 471 472 473 474 475 476 477 478 479 480 481 482 483 484 485 486 487 488 489 490 491 492 493 494 495 496 497 498 499 500 501 502 503 504 505 506 507 508 509 510 511 512 513 514 515 516 517 518 519 520 521 522 523 524 525 526 527 528 529 530 531 532 533 534 535 536 537 538 539 540 541 542 543 544 545 546 547 548 549 550 551 552 553 554 555 556 557 558 559 560 561 562 563 564 565 566 567 568 569 570 571 572 573 574 575 576 577 578 579 580 581 582 583 584 585 586 587 588 589 590 591 592 593 594 595 596 597 598 599 600 601 602 603 604 605 606 607 608 609 610 611 612 613 614 615 616 617 618 619 620 621 622 623 624 625 626 627 628 629 630 631 632 633 634 635 636 637 638 639 640 641 642 643 644 645 646 647 648 649 650 651 652 653 654 655 656 657 658 659 660 661 662 663 664 665 666 667 668 669 670 671 672 673 674 675 676 677 678 679 680 681 682 683 684 685 686 687 688 689 690 691 692 693 694 695 696 697 698 699 700 701 702 703 704 705 706 707 708 709 710 711 712 713 714 715 716 717 718 719 720 721 722 723 724 725 726 727 728 729 730 731 732 733 734 735 736 737 738 739 740 741 742 743 744 745 746 747 748 749 750 751 752 753 754 755 756 757 758 759 760 761 762 763 764 765 766 767 768 769 770 771 772 773 774 775 776 777 778 779 780 781 782 783 784 785 786 787 788 789 790 791 792 793 794 795 796 797 798 799 800 801 802 803 804 805 806 807 808 809 810 811 812 813 814 815 816 817 818 819 820 821 822 823 824 825 826 827 828 829 830 831 832 833 834 835 836 837 838 839 840 841 842 843 844 845 846 847 848 849 850 851 852 853 854 855 856 857 858 859 860 861 862 863 864 865 866 867 868 869 870 871 872 873 874 875 876 877 878 879 880 881 882 883 884 885 886 887 888 889 890 891 892 893 894 895 896 897 898 899 900 901 902 903 904 905 906 907 908 909 910 911 912 913 914 915 916 917 918 919 920 921 922 923 924 925 926 927 928 929 930 931 932 933 934 935 936 937 938 939 940 941 942 943 944 945 946 947 948 949 950 951 952 953 954 955 956 957 958 959 960 961 962 963 964 965 966 967 968 969 970 971 972 973 974 975 976 977 978 979 980 981 982 983 984 985 986 987 988 989 990 991 992 993 994 995 996 997 998 999 1000 1001 1002 1003 1004 1005 1006 1007 1008 1009 1010 1011 1012 1013 1014 1015 1016 1017 1018 1019 1020 1021 1022 1023 1024 1025 1026 1027 1028 1029 1030 1031 1032 1033 1034 1035 1036 1037 1038 1039 1040 1041 1042 1043 1044 1045 1046 1047 1048 1049 1050 1051 1052 1053 1054 1055 1056 1057 1058 1059 1060 1061 1062 1063 1064 1065 1066 1067 1068 1069 1070 1071 1072 1073 1074 1075 1076 1077 1078 1079 1080 1081 1082 1083 1084 1085 1086 1087 1088 1089 1090 1091 1092 1093 1094 1095 1096 1097 1098 1099 1100 1101 1102 1103 1104 1105 1106 1107 1108 1109 1110 1111 1112 1113 1114 1115 1116 1117 1118 1119 1120 1121 1122 1123 1124 1125 1126 1127 1128 1129 1130 1131 1132 1133 1134 1135 1136 1137 1138 1139 1140 1141 1142 1143 1144 1145 1146 1147 1148 1149 1150 1151 1152 1153 1154 1155 1156 1157 1158 1159 1160 1161 1162 1163 1164 1165 1166 1167 1168 1169 1170 1171 1172 1173 1174 1175 1176 1177 1178 1179 1180 1181 1182 1183 1184 1185 1186 1187 1188 1189 1190 1191 1192 1193 1194 1195 1196 1197 1198 1199 1200 1201 1202 1203 1204 1205 1206 1207 1208 1209 1210 1211 1212 1213 1214 1215 1216 1217 1218 1219 1220 1221 1222 1223 1224 1225 1226 1227 1228 1229 1230 1231 1232 1233 1234 1235 1236 1237 1238 1239 1240 1241 1242 1243 1244 1245 1246 1247 1248 1249 1250 1251 1252 1253 1254 1255 1256 1257 1258 1259 1260 1261 1262 1263 1264 1265 1266 1267 1268 1269 1270 1271 1272 1273 1274 1275 1276 1277 1278 1279 1280 1281 1282 1283 1284 1285 1286 1287 1288 1289 1290 1291 1292 1293 1294 1295 1296 1297 1298 1299 1300 1301 1302 1303 1304 1305 1306 1307 1308 1309 1310 1311 1312 1313 1314 1315 1316 1317 1318 1319 1320 1321 1322 1323 1324 1325 1326 1327 1328 1329 1330 1331 1332 1333 1334 1335 1336 1337 1338 1339 1340 1341 1342 1343 1344 1345 1346 1347 1348 1349 1350 1351 1352 1353 1354 1355 1356 1357 1358 1359 1360 1361 1362 1363 1364 1365 1366 1367 1368 1369 1370 1371 1372 1373 1374 1375 1376 1377 1378 1379 1380 1381 1382 1383 1384 1385 1386 1387 1388 1389 1390 1391 1392 1393 1394 1395 1396 1397 1398 1399 1400 1401 1402 1403 1404 1405 1406 1407 1408 1409 1410 1411 1412 1413 1414 1415 1416 1417 1418 1419 1420 1421 1422 1423 1424 1425 1426 1427 1428 1429 1430 1431 1432 1433 1434 1435 1436 1437 1438 1439 1440 1441 1442 1443 1444 1445 1446 1447 1448 1449 1450 1451 1452 1453 1454 1455 1456 1457 1458 1459 1460 1461 1462 1463 1464 1465 1466 1467 1468 1469 1470 1471 1472 1473 1474 1475 1476 1477 1478 1479 1480 1481 1482 1483 1484 1485 1486 1487 1488 1489 1490 1491 1492 1493 1494 1495 1496 1497 1498 1499 1500 1501 1502 1503 1504 1505 1506 1507 1508 1509 1510 1511 1512 1513 1514 1515 1516 1517 1518 1519 1520 1521 1522 1523 1524 1525 1526 1527 1528 1529 1530 1531 1532 1533 1534 1535 1536 1537 1538 1539 1540 1541 1542 1543 1544 1545 1546 1547 1548 1549 1550 1551 1552 1553 1554 1555 1556 1557 1558 1559 1560 1561 1562 1563 1564 1565 1566 1567 1568 1569 1570 1571 1572 1573 1574 1575 1576 1577 1578 1579 1580 1581 1582 1583 1584 1585 1586 1587 1588 1589 1590 1591 1592 1593 1594 1595 1596 1597 1598 1599 1600 1601 1602 1603 1604 1605 1606 1607 1608 1609 1610 1611 1612 1613 1614 1615 1616 1617 1618 1619 1620 1621 1622 1623 1624 1625 1626 1627 1628 1629 1630 1631 1632 1633 1634 1635 1636 1637 1638 1639 1640 1641 1642 1643 1644 1645 1646 1647 1648 1649 1650 1651 1652 1653 1654 1655 1656 1657 1658 1659 1660 1661 1662 1663 1664 1665 1666 1667 1668 1669 1670 1671 1672 1673 1674 1675 1676 1677 1678 1679 1680 1681 1682 1683 1684 1685 1686 1687 1688 1689 1690 1691 1692 1693 1694 1695 1696 1697 1698 1699 1700 1701 1702 1703 1704 1705 1706 1707 1708 1709 1710 1711 1712 1713 1714 1715 1716 1717 1718 1719 1720 1721 1722 1723 1724 1725 1726 1727 1728 1729 1730 1731 1732 1733 1734 1735 1736 1737 1738 1739 1740 1741 1742 1743 1744 1745 1746 1747 1748 1749 1750 1751 1752 1753 1754 1755 1756 1757 1758 1759 1760 1761 1762 1763 1764 1765 1766 1767 1768 1769 1770 1771 1772 1773 1774 1775 1776 1777 1778 1779 1780 1781 1782 1783 1784 1785 1786 1787 1788 1789 1790 1791 1792 1793 1794 1795 1796 1797 1798 1799 1800 1801 1802 1803 1804 1805 1806 1807 1808 1809 1810 1811 1812 1813 1814 1815 1816 1817 1818 1819 1820 1821 1822 1823 1824 1825 1826 1827 1828 1829 1830 1831 1832 1833 1834 1835 1836 1837 1838 1839 1840 1841 1842 1843 1844 1845 1846 1847 1848 1849 1850 1851 1852 1853 1854 1855 1856 1857 1858 1859 1860 1861 1862 1863 1864 1865 1866 1867 1868 1869 1870 1871 1872 1873 1874 1875 1876 1877 1878 1879 1880 1881 1882 1883 1884 1885 1886 1887 1888 1889 1890 1891 1892 1893 1894 1895 1896 1897 1898 1899 1900 1901 1902 1903 1904 1905 1906 1907 1908 1909 1910 1911 1912 1913 1914 1915 1916 1917 1918 1919 1920 1921 1922 1923 1924 1925 1926 1927 1928 1929 1930 1931 1932 1933 1934 1935 1936 1937 1938 1939 1940 1941 1942 1943 1944 1945 1946 1947 1948 1949 1950 1951 1952 1953 1954 1955 1956 1957 1958 1959 1960 1961 1962 1963 1964 1965 1966 1967 1968 1969 1970 1971 1972 1973 1974 1975 1976 1977 1978 1979 1980 1981 1982 1983 1984 1985 1986 1987 1988 1989 1990 1991 1992 1993 1994 1995 1996 1997 1998 1999 2000 2001 2002 2003 2004 2005 2006 2007 2008 2009 2010 2011 2012 2013 2014 2015 2016 2017 2018 2019 2020 2021 2022 2023 2024 2025 2026 2027 2028 2029 2030 2031 2032 2033 2034 2035 2036 2037 2038 2039 2040 2041 2042 2043 2044 2045 2046 2047 2048 2049 2050 2051 2052 2053 2054 2055 2056 2057 2058 2059 2060 2061 2062 2063 2064 2065 2066 2067 2068 2069 2070 2071 2072 2073 2074 2075 2076 2077 2078 2079 2080 2081 2082 2083 2084 2085 2086 2087 2088 2089 2090 2091 2092 2093 2094 2095 2096 2097 2098 2099 2100 2101 2102 2103 2104 2105 2106 2107 2108 2109 2110 2111 2112 2113 2114 2115 2116 2117 2118 2119 2120 2121 2122 2123 2124 2125 2126 2127 2128 2129 2130 2131 2132 2133 2134 2135 2136 2137 2138 2139 2140 2141 2142 2143 2144 2145 2146 2147 2148 2149 2150 2151 2152 2153 2154 2155 2156 2157 2158 2159 2160 2161 2162 2163 2164 2165 2166 2167 2168 2169 2170 2171 2172 2173 2174 2175 2176 2177 2178 2179 2180 2181 2182 2183 2184 2185 2186 2187 2188 2189 2190 2191 2192 2193 2194 2195 2196 2197 2198 2199 2200 2201 2202 2203 2204 2205 2206 2207 2208 2209 2210 2211 2212 2213 2214 2215 2216 2217 2218 2219 2220 2221 2222 2223 2224 2225 2226 2227 2228 2229 2230 2231 2232 2233 2234 2235 2236 2237 2238 2239 2240 2241 2242 2243 2244 2245 2246 2247 2248 2249 2250 2251 2252 2253 2254 2255 2256</DataArray>
        <DataArray type="Float64" Name="VonMises" format="ascii">4205.75237431 2373.41306377 4322.94389385 6908.63155954 2403.23764785 4210.94588957 3270.1193236 4709.53903312 3718.04070074 4807.71656036 4668.6752608 4654.88171545 2714.80433007 6855.47916545 4845.95434675 2568.26510368 4355.73178389 2513.89884696 5188.16451821 2568.6017527 3813.16797952 2916.98855616 7252.33243917 1930.58100157 3664.956563 5156.79607196 4691.67403782 2884.66199554 4720.38466551 5224.69229191 4898.00210805 8051.93439313 3275.57488669 4943.47559618 6131.7841861 3498.04360393 7531.98085565 3716.36120167 4618.62354153 4785.93684966 4352.61701573 4098.75969785 1431.65841285 3044.86745998 3405.13421842 3750.71310853 5251.53318978 5683.76079025 4040.95625001 5214.80565367 4672.22093314 4748.19176078 4539.32690498 3107.86978561 7509.99045969 6594.21078165 3848.93026909 4240.69237021 4786.5159708 4534.19290294 3959.42979279 5015.49921667 3796.97179596 1284.96829191 5061.82714176 6319.2485442 4288.70137911 4379.05400729 3830.51684944 1658.93509351 5449.40527084 1399.47626276 5159.98182075 4338.00124828 2610.06731976 6320.40386429 3233.87491961 6262.75612925 5080.48774259 6987.06450526 2655.01071754 3815.47017344 4772.99907562 2922.95581439 4205.80978234 3982.94272729 3586.57009401 4411.00678741 5098.13079499 3265.28225506 4037.83048023 5236.99746496 6804.35482939 3248.35112529 3535.71368432 5487.74910266 6933.88453838 4765.03871507 4204.80996 2993.91818277 2778.35914764 3333.23101682 4900.22664283 4852.89580771 4180.81931686 3004.29873126 6740.73059218 3645.69890428 5166.93494731 4923.56829772 6603.71295883 5402.33096911 4747.84936595 3558.71906339 5346.43787652 2218.08867496 5387.96281394 4304.02531058 4149.68844706 6780.86939983 3944.72240572 6353.01208738 2829.27452828 4293.48471117 4768.57824198 3845.90530386 3806.15456804 4649.97728237 4383.77648079 4452.64709472 7290.87505903 6756.06479098 4815.48762568 4737.80850384 4484.84043359 3384.90876281 3610.29196623 6010.14612784 2979.70955356 3566.17941607 4505.3863381 7701.0800616 5258.42603137 4497.50427257 5208.34158453 7071.22250469 4582.16817977 2669.91388951 6061.44114627 4437.05653096 4434.72454739 4682.13494195 4047.8159447 6749.15284082 4782.01375746 4292.07936105 5081.89542919 2023.57683661 2826.03324987 4804.64725349 6517.13719685 2379.53817257 3774.04438071 5156.99336782 4317.52618895 4574.45085142 4608.16386656 4272.67373625 4813.62666338 1283.75324648 5285.42834771 5166.19968667 4660.54124543 5255.67803998 1933.79964186 3689.1237483 4425.68729064 4431.82608104 6473.79287206 4336.433392 4305.11146384 3427.53709069 7688.07925612 5427.89420903 3568.69463779 3841.43136508 4102.96503303 3153.24998469 2021.38433692 4580.96142424 3984.52322409 2655.94011383 6420.23047829 3030.05132422 2904.87704834 4640.53992 4079.27070936 5322.64594448 1768.62237179 2837.27282243 2962.38953239 1938.09806697 2988.37061821 4843.71806924 6726.11019527 3868.22238256 905.275095138 1639.55984803 3230.56500213 3091.70846312 1921.63086287 5310.77530315 6672.95565257 3431.2242714 3183.568675 3402.1999797 7757.69727496 5584.48727729 4038.32928736 4278.87307311 5762.64617496 4255.01882032 4816.66600786 3540.99499127 4846.37140704 4860.73129128 7188.5127296 4432.15713079 6878.82958419 7268.86350339 7627.80819243 2869.95852556 4110.80377043 6958.96405692 5083.46486161 3170.13347421 5996.46738012 4908.60371525 4581.75587862 6986.22497487 4981.87810632 3608.7536554 4709.46382278 4073.89436418 3690.61747082 3689.06040024 5359.1603139 4091.81125866 4762.11827731 3417.46684079 4725.92895736 3826.95862769 6565.82702043 4496.90651321 3560.09870908 2907.76249847 3017.44029901 7158.75141825 4332.16302875 5176.69792161 4721.6427708 2776.37911333 7040.18279073 2748.81348265 4583.46846568 5302.61752687 3783.68285622 5326.26605548 4872.62824841 6432.48760395 4305.72855132 5161.82936244 4309.35935379 7093.58990684 3087.26554342 5988.07338291 1175.97593663 5259.8140707 5188.33500269 2607.88022484 3406.86812279 3098.93052345 2748.64733273 2596.04299728 2873.15635408 6579.49285733 4047.07952789 1326.81546531 6301.75724787 2622.57593275 8009.81878986 3848.67738286 4944.43506353 4887.63197148 7052.96743113 4358.15951435 4642.941857 6864.63407835 5292.50218813 7349.24540413 3571.54363347 4962.35862055 4680.99078541 6686.58484188 5461.01554173 3238.85167185 2318.80276314 5003.16990442 3030.54642369 5088.89976166 5335.91161973 5142.93152125 5282.15077139 3364.28443344 6800.42244031 5689.24668598 5339.29047656 3392.83660807 7105.71107856 4130.82427688 4297.45510157 4181.22296026 6611.80177375 2879.93428691 5805.72968945 3646.90910598 4618.70934105 6825.84922186 1064.37775601 6254.32529543 4022.60339412 4050.2198961 5992.58836494 5484.38749457 6451.97166363 6485.812287 5487.91629907 1889.78290186 4805.1534009 5863.06276709 5329.10740703 5196.26027792 4357.48398798 5593.90185045 4695.75144491 4705.83249983 4606.94678825 5287.55604285 4514.28478246 4635.24462582 5685.32910429 3260.62048087 3705.33166114 4994.80464847 5438.62668918 4546.43992805 5660.39919537 3648.43490268 6667.20281227 4012.58185967 6629.37634765 4355.68742713 7444.80606975 7036.81613537 4482.78018434 1804.11609509 4128.7441286 460.235083067 6613.00036831 4604.33892897 4780.10563695 4179.41186901 5222.90222944 1483.23080799 2279.11698843 4881.95986344 5155.64312128 4607.40393816 4013.68688874 7172.7621508 7568.80136583 3597.72435725 2631.55712062 7613.26254671 7470.75022799 6764.36363333 7816.24478185 6098.3814698 7760.22089069 5995.81521898 5354.37292792 3726.95231177 5871.00009334 7287.60281405 8501.18558368 4142.11449719 5601.78897978 3829.93602047 3884.80607529 1210.02455146 3604.24172098 3091.03575159 6432.93205267 7049.89745408 5569.81588425 5855.35334087 1724.52094091 4455.3869523 3800.59940019 6666.02232177 3921.08996891 5812.95747787 4904.88601915 5533.29474913 7260.7642906 7566.08939921 4269.06900204 1902.08172828 5154.29165573 5041.52298146 5455.29327734 3962.2539976 6323.6796194 3570.60103278 6728.04685345 4861.03658939 2689.06043402 4526.20882188 1789.85778095 4124.34397273 2757.14185539 6809.67763331 4848.01060064 4940.97729851 6953.17504234 6682.57334419 4482.14835597 3814.8003931 3638.36534813 4568.90521263 5720.61319032 4104.32590894 2997.82222033 5203.56300414 4964.1104035 6993.02837762 3889.11597133 7982.92029703 4550.94685004 6491.91738602 4983.62614773 3366.63178007 3949.7999742 4331.96936752 2873.77976828 2619.76740819 5060.67922427 7146.45422464 5860.24450902 5433.02858887 4042.10292247 5546.62801902 6384.0614089 3433.01727573 4876.17236405 5072.56065705 4066.55557726 4528.85876017 3920.99490282 3047.3447718 613.832959407 4338.7439139 5245.52940295 3139.94570114 7835.0668562 7138.80233872 5183.98462072 5194.66647748 5282.72427128 1660.59108693 1302.61669563 5194.69140536 5833.57015106 4411.88403535 4169.9818024 5467.37683569 5149.09095043 4412.16564466 4726.04874804 6500.19107843 4758.09057609 4720.7377088 4707.46947078 3503.24078933 1554.80343136 2696.58995904 3234.22117826 5013.06004718 1885.56650625 3396.07496498 5047.9386385 3900.80072758 5486.40247584 5235.39204178 7591.38570563 2967.68893406 7891.8851362 3069.743979 4503.41596993 4355.98657309 7757.99085105 4489.91952752 7479.19944025 4651.60636092 4195.46238747 4331.71219208 4019.00632616 5188.85591791 6677.16057549 3525.35397275 5202.00585443 4993.88350263 3899.52919179 4507.15180618 5120.01396063 7787.97382716 5093.7619934 3995.05927307 2136.11995616 2596.46057427 4770.66335878 6350.67775504 3354.45844243 3954.68285763 6408.05053303 3844.47458808 4118.17199938 6671.27485996 1562.57119733 2654.86878706 6973.61890827 4217.25814764 7648.62140955 6133.51434829 3059.5681504 6609.71665945 5169.2665216 4400.66557829 5130.01405112 3356.46498688 5221.987448 6088.08032925 5904.08697537 6066.51777326 4631.10015363 4636.65154163 6692.50580195 3571.32796428 4283.26072193 3774.35478577 3301.69893663 4409.4285033 3066.27382678 3456.85353001 4829.43305229 6368.20980303 6099.40326996 4186.38559032 4468.10798385 5221.20442456 5435.06568092 7086.04498906 5644.19525316 5370.76538887 5455.00739162 6190.84220636 5675.09437977 3254.03800994 3009.21500882 8011.22317974 5518.08356257 4241.24152659 3571.40992853 5365.03426102 5019.31888727 4046.40793621 4887.93703689 4482.67621869 5063.06654058 1718.18700552 7835.07002629 4515.24126952 4592.2021105 4294.32843516 6737.24542579 4348.08509177 4352.92305358 7633.04244387 3922.61846007 6912.17562041 2422.66275056 4976.08899797 7468.22696224 5693.11248176 2218.42724401 7779.23635527 3773.79648426 3166.21949427 4054.86592228 3524.75347329 4790.1978461 3511.65355382 4831.3339889 5203.37798817 3892.35482484 4228.76849617 2802.15600492 5036.6293497 5992.44825023 4369.78716542 5439.07917244 2422.74484312 4003.15600697 2652.16868159 4798.82702257 4784.02509588 7514.11300576 5672.62507204 4618.28321509 4851.20029741 6021.01170336 4349.99491994 8250.93180008 4628.87833687 4254.5347618 7381.64567782 4658.45933387 8004.97496473 4590.87670356 3934.05633473 4530.39050762 8257.45737138 7069.05502833 4617.75087117 4284.8170522 376.821948905 4768.3511861 4847.22129441 8427.80538796 5451.34540093 5557.67821345 7549.91308806 5138.818181 2962.68160841 5435.48248939 5366.80425512 8281.9018889 5146.14749625 5654.09783065 6240.27224637 6446.73980448 4065.92873066 2547.25583728 8556.25380526 4727.11076722 6105.69219243 4274.61908304 5357.8089929 4151.52849231 4691.46048527 4740.52341756 6534.22639701 6623.56216108 7169.7345973 4967.79368415 6721.17606015 4632.68215084 6876.79357626 6717.89319986 1509.12599507 4919.90440129 980.339475918 4525.84395305 7238.56224353 3947.08583551 5236.00635441 4780.39747517 5859.17844701 2614.38674187 3358.20988213 5238.39633401 4379.57914591 6483.04199659 4916.83492179 2887.94868944 7435.18194191 7786.03674658 5216.83650285 5144.10353048 3600.48485495 4697.4919114 6003.37781273 5333.88027951 5543.8474927 6610.33158106 6209.7165606 6360.42314027 8365.45788347 4019.90544802 3281.99719504 5045.09880378 7158.79636218 7854.35782835 2777.66443974 6457.53908235 5354.11496953 4765.32491846 5023.78562117 3471.80070996 4408.1831879 4043.68809303 4810.91266327 4747.32387018 5018.00312274 2343.40598758 7069.80650151 4157.23596485 5409.79201766 3962.48323733 7501.6093137 4149.54688308 7179.71322074 5272.1367018 4692.07457938 5223.01805858 3423.33737644 6645.75454526 7007.86235783 5105.53676721 3643.48354523 4266.90098127 4132.99790556 3356.93622971 4578.05972042 5628.56814803 5404.15321715 4756.11255714 7654.39630153 4921.71869482 4124.83152546 7645.52047326 8024.84222679 7475.65081132 4185.9728399 5181.53476493 7193.42423334 7766.3701262 2182.31877744 6726.23827359 6589.29045993 7253.57588451 6983.64472754 4502.33010173 7297.63984271 4939.3286708 1361.87027126 7146.58078885 7125.33075116 7256.42118381 4847.70272605 1226.96132752 2399.44020829 4618.04663143 4124.58569053 6852.10151096 5202.20679494 6466.14689149 4458.585984 8670.60637893 4620.4086635 5048.65070929 7408.1314731 4443.06548195 4908.49128925 3977.22032477 3509.46839686 6818.93215415 3489.22506385 6858.06297992 5035.93389133 4902.23721769 6836.06760505 6071.07934803 4443.80239749 4869.09481429 4256.57861966 4866.59496104 3676.98327755 7214.68812118 4852.75454025 3545.01970935 6841.93389643 6734.2355147 5554.74036113 7650.61478883 6843.061715 4242.24545929 1852.42644105 5116.62755102 4263.30747378 4913.32775085 5129.55099295 6581.49899566 4263.00537082 3068.23216683 7422.82405786 5266.40411402 5253.00429991 5402.24557059 6053.63558014 7495.31684907 5098.62011523 7126.06774225 7636.34363589 5865.88651864 4375.22140834 3803.00109225 4922.16648634 6423.40582066 4395.93722035 7437.03515141 2139.70387695 5158.67710312 3714.93547776 4823.26465613 5409.4066862 2934.9845499 6181.34423276 7502.13873576 3826.77913592 7724.51109338 2501.00819365 4978.4272393 4253.66161092 7115.25081363 3204.72014338 7522.7951766 6785.40834629 4729.40347424 4194.68150367 6537.40791896 8454.26425827 4937.31554344 6047.70802728 6101.63149034 4802.98610339 6558.7530139 5250.64224397 4740.06301082 6052.82548656 7697.60270911 5097.1376954 4795.01077617 4192.75656138 5180.35514262 4608.30254145 5263.40279809 3979.50026494 8402.59720978 4134.15387023 3833.36247281 5231.87828022 3962.5130974 7638.73591101 9021.40545544 7780.87596234 7471.17716594 4928.8422123 3396.44286014 2215.1180234 4602.05231851 1387.98300996 4909.75111504 9155.7909175 6819.02312665 5681.33003823 7106.35257353 4287.63417359 4834.7983397 4331.98533897 5962.2257364 1675.37887065 6441.55885939 5024.08244233 6590.69567248 7578.04486117 6935.60101799 4801.5707398 7941.73436312 5247.58274383 1172.52031803 7034.93941576 4517.09345473 6133.19462308 3557.08331138 6938.67130732 5039.19943927 4154.87229653 4089.80319559 4011.79758511 6814.00865466 4065.69037152 6559.59360733 7208.27880609 4899.43885807 5334.57444807 4577.79373494 4904.73727887 7055.02497427 6717.21707148 3721.01619708 6125.31900416 5059.35155628 4654.03989717 5351.90393578 6576.18032114 4539.71949254 4324.2788976 6778.26167706 5137.69983173 2938.94231902 4568.95321097 7426.77523201 6831.83929937 7888.88224004 5106.33497528 4384.36359526 5702.39190545 5953.52906461 4840.04803776 5637.80559184 7325.12940028 5171.83933591 7636.03571969 4091.93090232 3787.59991157 4935.61620077 5712.4794674 6075.20600699 7780.7053282 4930.30169875 7642.46043533 5203.8438947 4955.74063062 3096.67843895 6713.10121012 7421.22538371 4549.76157799 7260.26554565 6839.45590371 7646.92737159 5404.34264666 3569.80970446 4317.58531744 6686.59980593 7551.33125787 5709.34993888 5374.87314569 3935.84403221 5976.55001406 7459.05774746 5395.04598146 3577.0004227 5276.85445278 5275.70320856 4904.31342494 7667.93952105 3389.21479631 6867.49795038 4892.34494036 7902.93836057 4340.52369512 6226.85105859 5081.42258954 7103.08521518 7461.79524808 5105.04837067 5607.92035355 7573.55998178 6249.69111662 4645.07507832 5052.36122401 6590.67954148 7866.3070991 4910.1697396 3482.16506223 3826.41934221 4504.00652747 4989.69185509 2957.11322313 7539.63415071 5072.7997053 3799.17149632 7287.72775483 5633.37248449 7171.39139271 3105.00157105 4046.62344264 4619.58539845 4501.23487838 7074.21181321 5109.70483235 7413.53103134 4564.30533392 6545.28993513 6641.7104883 5898.27460655 4833.4913064 4895.87420771 7696.22288922 3770.82783669 7031.8355352 6892.39924795 5447.69346522 6660.67216564 4576.45652029 3725.47991406 3656.22617559 7377.20317594 7316.72640686 5553.34797714 4983.81982921 5627.47495294 7232.01066448 7133.25820988 7089.17159636 7878.00380042 7842.46964292 5503.5193769 5004.2015715 5036.19597784 7927.60149825 4323.62967033 4220.29346367 4719.92916803 3845.69120852 4118.98272527 7096.63895572 4167.31699959 6358.17739499 7125.22664419 4899.58524213 5014.14857167 7769.47489892 4608.96769671 6277.40440363 3216.04891531 7793.44655382 7501.92938382 5486.87165722 4975.71386889 7988.77145905 5838.14599098 5347.86269458 7164.49144221 2554.92613589 5421.56257729 7105.51262416 8363.39901565 6790.53334671 6627.36242374 4772.80991455 3829.38741321 4039.97802903 5791.13387783 6337.41243197 6663.18794123 2493.24278448 4948.84486364 5020.78175846 323.039407064 7244.84085917 5198.91314201 6658.44243378 7823.43516835 4711.24473398 2909.26485042 7297.34540217 8122.84961297 3752.75453965 6654.01558829 7113.86217644 5386.65342315 7114.44265524 7204.73123585 3982.89587366 7212.15043836 7682.53129085 6964.6566555 4706.10361934 6582.12444441 3471.80070996 6716.78068365 7693.33935344 4858.41677543 5237.91521505 4323.84432624 4217.68211702 5725.13743262 6803.96590343 4887.32651658 4803.88411206 4829.38969329 4583.26684818 4745.84893829 4597.20736301 7090.52252166 3612.47104758 6581.95014259 7580.12271015 7107.41997422 4312.07830407 7879.54645211 5580.04194879 7910.15514363 8063.47126245 8617.98188725 7847.29620588 5088.45648574 7450.65549131 5490.28378348 7380.45182436 5366.37890513 6737.41075664 4597.02972355 6078.37405881 6945.62728801 6186.77106116 4834.84910614 7548.7395092 6197.55182992 8565.08778677 5577.20998614 5009.20245252 8342.62010991 7085.31895612 2964.65101394 6283.99699455 4407.26356364 6577.6736724 6754.21828445 5929.29556955 6770.88304811 6937.75812947 7648.00620518 4561.84611498 5445.34026592 4323.61057476 6944.20773681 6467.75581163 5138.62691271 5093.04934231 4877.83323566 5963.71529486 5575.0628337 5674.680007 4812.82728436 2006.21520837 7037.93434519 7839.77625619 6494.0930141 3736.78697507 2033.19762791 4023.52272789 7514.37843278 6954.68058116 5583.47527107 5818.49609358 6601.17697896 4954.649815 5550.83344906 6230.88572334 6475.02444699 3787.59991157 5714.53897039 6740.05859367 4821.66956785 3787.20284375 5902.24686508 5150.81572674 4575.7421325 5171.47788606 4322.88205124 7220.0549592 7426.02054024 3369.08748374 5333.44286758 6869.03956235 5801.23498328 4999.20949325 5588.50663561 6450.16206487 5423.91234954 6913.0267287 5243.96718167 2605.61211966 7354.92260798 3145.73281324 4556.15616208 8535.32856831 3679.4649068 3545.09197935 6968.7204713 5515.7116619 5301.57946545 4962.16438939 8413.591288 6605.32442876 6793.18781353 6466.11160633 5723.96173712 4482.32680736 5079.43518101 7433.51833107 5255.29942491 4662.42803256 5015.23130589 7590.04395674 5246.68171799 1706.56583621 5060.18424853 5493.54836208 4552.23096359 8273.57132761 6337.13674048 4173.91715931 6344.75801557 5409.45091558 5046.22075971 2748.68922052 8011.94598039 5380.62487129 5669.66099797 2062.56228315 6780.57346617 7735.50930052 4519.35118937 4228.94866528 7644.9500596 7153.6796163 7524.22809917 5716.33376769 5003.01366585 4343.65967965 5963.77924048 5490.44574724 3033.57402551 4535.53450169 7264.11156157 5025.53588627 5407.95567498 3081.81305411 4881.37833067 4496.34962885 8048.43326671 6993.14052995 8647.36104822 7067.33701223 7412.54810635 5018.19784792 3858.90518185 5242.07631561 4295.35674059 6075.03869332 7916.34557268 3162.42877297 3941.02768975 5595.36888426 3836.80334184 7678.56344192 5342.47144657 5149.03536516 5455.9752532 4454.72004757 7603.05339227 7247.76485678 5008.98110756 5312.68786501 3717.81006562 5132.56245799 5548.16398731 3978.69264074 5093.75038413 8022.58222261 7176.10136019 5639.33470389 7292.4987468 7303.50194805 7728.53557444 4359.13970914 5141.73688759 5549.3797213 3767.51457412 5035.46904537 7473.55274653 6934.87043142 7453.35333258 5200.18581627 4755.96460625 5797.22947823 4445.75888547 5217.83173799 7595.18681211 6391.68036094 4426.55857018 2376.71830659 6026.42098846 5471.18644262 4695.75716555 7160.31024884 5238.90663047 7852.28513268 8423.10802825 5774.43850237 3736.20948121 4501.66188971 4528.82856606 8203.83449121 3918.7852038 4103.40197432 7007.96909241 4991.79466554 6834.29201208 2678.49534318 4977.49041175 7722.50928875 4655.96075196 4046.6737576 8544.04196711 4903.83637369 4080.48100024 5342.3398257 7589.97197778 1462.93706343 6833.13079735 7587.76078988 7053.52925058 6669.21602852 6822.3763707 7320.8441148 4118.98272527 6275.19071074 2728.85466171 1490.92582758 7973.37688812 7956.75941012 6864.95735579 7642.92518264 4706.61261283 7557.28847262 8142.36666111 5101.72211518 5322.09127457 4449.895434 7721.15239228 6939.30285031 4338.13444677 4285.50131406 5453.34021853 5886.02917017 5125.51866974 4885.92371371 7672.23935117 6351.10239309 6803.62330926 7987.43584964 7107.10162345 5394.63410441 2075.85714411 7136.15652077 2882.20781051 4377.17769559 4526.36336663 7538.23459096 7318.93498412 5693.30425685 3025.42007583 4131.19407162 5550.60290317 7376.90296479 7953.48868082 3480.04249002 4940.68341079 7835.07979014 4350.04529676 4664.22531859 7896.72721306 4377.9733888 3452.84168358 5702.55466539 5472.89969073 3562.78626201 7267.90176318 6803.57312747 6225.05758677 7935.79649585 4933.87751298 7858.79217877 4307.8836896 7450.03761612 376.821948905 6914.9781018 7220.5316611 10087.4236291 4441.01678869 8180.96866394 7422.64392745 7578.93666 5477.4281332 5025.13767639 4934.27426508 7920.41200185 7297.79263137 8060.1947642 7966.08253777 4998.20626727 7966.57150798 8420.36064785 4902.85427662 9530.45471347 5133.02954877 3740.7366429 5095.06650979 7948.74690877 7592.17327523 8169.58882637 5992.64122097 5779.71280582 7455.89291527 7343.08366529 6597.846074 7438.16912409 5586.0036411 7464.58483868 6821.06552044 5473.98756164 4579.52224477 4571.45631051 8361.28852823 4976.30696513 8493.02823859 8352.40935988 5402.59448645 6770.39274847 8540.89225921 8079.13244263 4990.1331918 4891.83463346 7073.22806024 1756.30454414 4242.44109644 6855.71571547 2776.02383628 6092.70908966 7412.04685971 4047.58294081 4251.90418372 6549.18711398 3982.58614786 4306.84104714 7962.79452314 4076.43091114 5371.13877641 8484.70902789 3588.77976758 4825.49426895 7872.44149867 5327.07701347 6450.80207171 7309.02538626 4908.55663144 5953.25931478 8494.70287209 3959.88032439 7021.68529523 4508.51075872 5005.17870658 3839.36516373 4839.72903756 7649.52614315 3876.92450642 7741.03617756 7728.17100938 7382.42734162 7312.37859143 4013.12648521 7820.06948889 4762.77233541 5111.03271126 4263.54928833 3169.04071141 4073.59856247 5399.3365179 8058.18942122 6402.34997364 7216.51413028 4918.14706236 7367.29914409 4248.84713419 7643.99103052 7156.04412865 7344.88934312 7645.60045485 6650.52574641 5009.76133265 5050.14398583 6461.91353719 6863.02959155 8210.31237294 8666.20295406 7781.88426236 3434.88806592 7259.01172631 5683.12115264 2357.75394605 6889.92414173 7800.8194488 4768.82463047 7449.30213589 4693.24345299 3158.3021406 7478.01027978 6789.94358205 4997.29165067 7636.28583357 6702.14233286 6794.99560683 5418.84442209 7215.97140949 7471.66081878 5390.0148425 5074.64591585 7251.51015286 5998.31692708 5423.12565474 4946.94590785 7012.53095913 7636.42551161 2220.92796148 3471.80070996 7108.01440513 7917.08897594 7707.35799044 7753.28654643 7891.67046387 7372.41236983 5299.66089698 3681.78752667 5483.31273978 6771.84731058 7679.93405446 6367.95183353 2520.42511148 5621.9282672 7888.6820772 5016.41352218 7250.53316569 4229.72794995 8135.94715157 3903.07397594 7649.39703682 2145.06159616 5238.47307273 7871.75350763 6907.36968347 6789.7972806 5425.64925102 8444.19050982 4703.31355627 3317.54489685 7756.58951742 8244.37287272 5572.90740706 7373.79470256 7504.08770153 7606.07432839 6159.26023578 7370.27204973 7320.86990111 8429.79479648 5807.24056585 6876.49043432 7894.88027991 5175.38225387 7477.32832646 5104.3397632 7927.05375935 7037.9502884 4909.39866856 376.821948905 5869.1387452 7225.47490007 8503.4338842 7001.70389782 5195.23670449 4574.96088636 5626.71628111 6844.27715691 7768.65560058 6387.69797822 7718.74310419 6822.50338752 5323.90704582 8222.39515604 6969.08442029 8220.0207263 7989.08809833 8421.76632099 6575.50093135 4952.20612567 7158.28659435 6393.13380911 7124.98133766 8133.75677557 2609.70449642 7401.59419078 7801.83352665 4003.07446461 4793.11168053 6778.03582744 7146.73895176 7964.77608786 7770.06129393 8232.46266716 5815.17353813 5841.95489327 4751.23342321 7482.49902073 4690.77592723 4531.35490098 7840.6056693 4448.88934736 7517.90679391 7213.85189538 7767.34161608 5129.3228979 7382.29750814 6883.14094569 5305.33622138 4647.91782885 5208.26304276 7828.96322657 4418.07566159 7117.3035602 8322.6453682 7041.76027791 7802.65039676 4234.77843446 7798.69632972 7730.42773779 5434.85304252 6815.14805659 2910.14437339 7883.29680021 7387.9169667 4766.31048117 8600.06225916 8002.33484565 8113.76403604 6937.51617147 7864.4346481 7429.7872453 6841.16171513 7447.46699293 376.821948905 7919.75097624 1988.8655055 4293.06924005 5334.61873018 8632.48090172 7667.45373351 4505.7756237 3829.71584516 5122.38433046 8474.6517366 6380.53309249 3703.39295194 4689.6657541 7219.11603617 7280.78566841 5304.32638096 7852.86155455 7872.05840029 5953.46385402 5032.59690249 6961.26965931 8050.0385747 8904.82184598 5041.01967892 6013.01116691 5143.06618635 6799.47802049 7793.99954416 6837.44095435 7959.05136812 7613.25663872 7864.14599616 6427.87158489 7227.53734935 8194.80983215 4800.78349262 7812.07991672 8384.86408263 7400.14800578 4894.13043719 2094.8873206 3942.9682948 7797.78184952 7425.85870314 3931.1462426 5047.58887927 7341.88535839 8515.74811544 7893.52701541 8092.25892763 6803.20771745 4968.99274299 8027.86142896 2224.49860825 5701.16489616 6539.04757618 7909.58372721 8032.30806814 3766.96346011 7720.64443644 8174.03064449 4799.63386434 8396.31879773 8207.14530194 5698.07135069 6907.92532289 7848.15157549 7488.82004563 3056.7955365 7650.36566512 1304.6364393 7555.57625446 2536.89536237 6439.58055732 7086.97434377 7040.44595458 8195.23027137 7917.88465174 7534.57560791 4813.16140343 7752.5154256 5048.67455346 8200.0110391 7276.55443093 8110.76570128 4012.58185967 7864.28744159 7335.13934538 7096.45740866 8003.95785407 8169.01540499 5641.15904775 6951.97300889 8089.1773963 7203.75707152 4065.11028331 5308.16244393 7622.26200154 7888.74965466 2397.03627164 7874.11568016 7843.10137352 7936.60513081 3471.80070996 8517.27792435 7164.49012162 4586.86221331 5967.60956154 8026.4662181 4556.19909776 8087.853543 8876.00644231 8087.22619838 7552.03283743 8226.66164848 5690.73115674 6562.32307488 4118.98272527 8036.65046569 5239.21547456 5912.00645719 7441.58042823 5430.65066554 8408.79008411 8678.93142913 7880.33144955 4615.21552525 7269.5588481 7892.81277093 7721.78278185 4952.75915008 7402.99843515 4884.03395404 6029.88902323 8566.85592368 6841.17116718 6835.16813885 6965.62088003 4008.17035536 8290.52445453 5262.52844319 7757.2996636 7914.49733609 7520.25918048 7744.66072831 7541.74751011 8947.25419302 4999.44524915 7376.68870458 7667.84356546 7468.83133176 1259.95211447 8232.42169057 8079.71055881 3729.56262396 4927.26794762 9031.67379655 855.416724193 8232.42169057 4073.54688405 7279.38755623 7724.1283761 8969.40385538 7699.65396061 8498.53440488 7804.94084443 4012.58185967 6913.15038747 4611.35310967 7096.45740866 7259.05742668 7885.02589848 7466.93384406 7330.31270005 7511.84921985 4484.30629868 7626.68459592 8268.74661446 7718.35398251 4798.50454754 7551.79076183 7739.28323532 8537.7767071 8514.97516149 6671.84071673 5328.61782468 8528.29463255 7926.32959395 5512.02365318 6323.69885299 7707.97763651 7983.98399731 8226.66656759 8055.10679605 7473.39817822 7103.56168746 7758.73449186 7826.0225142 4008.17035536 7972.83160107 7006.49966558 6773.91543434 8229.25260771 7103.56168746 5198.52338059 9557.29940308 7008.97426247 4927.13450233 5803.25822504 8098.82782649 7798.83144912 8054.53701213 7630.35070404 7430.66967243 8480.7545225 5163.43238841 7921.38652506 8403.05410325 9040.76284674 8266.85026476 8412.14567719 7306.15596144 3188.60227313 5927.31894901 7909.33410518 7326.26682048 8567.14833566 8562.73894256 7863.14556404 7896.43683106 8033.26765987 7694.9145376 7182.0813446 4073.54688405 7737.28477675 8034.23661599 7934.53063124 4118.98272527 8514.04013192 7511.7533457 7615.23440816 8057.48754357 3963.2838529 4521.66699996 8465.26868741 8450.78610946 7972.40796145 5294.45385332 8032.55296797 5373.34223911 1310.22262768 7878.55547656 3787.20284375 8619.94284536 3397.6924914 3787.59991157 3277.38854883 8598.34766613 7330.31270005 7449.87041319 8490.2301454 7692.13023725 7639.97455649 3787.59991157 8023.79766687 8019.41182881 6263.55688453 4424.1829909 3427.39147735 3318.25209644 7921.209979 7628.42162333 6100.41526576 7687.7583231 7326.50881891 7909.80596038 8006.14717136 8827.08450948 8543.01522735 8896.10684464 7441.78725309 7419.41491811 7903.58851797 8649.37103781 1667.44408914 8469.78153222 8290.48830257 8081.32553635 8083.96198811 5244.92612846 7179.53886736 7865.42273269 8360.42602428 6876.47600886 3843.81289939 8549.98135984 7615.86770964 7725.43171088 7975.53923189 1984.77762246 7754.2395592 8239.60157373 7849.05841802 7860.0654061 4118.98272527 7892.33784467 8444.87266428 8260.5793659 7788.25205826 8740.81970771 1855.85366713 8315.33485116 8685.24365331 3963.2838529 9001.38597239 7955.14654445 4669.4024669 7864.50732093 8061.41260946 7685.58320534 7641.15853508 4659.12732751 4012.58185967 8230.64476481 8851.69827017 6454.63952115 7472.81200096 8615.76585229 8316.97358157 7932.66790393 8408.34379857 8506.672867 7472.22716822 8181.06720876 8138.87868757 8391.85548812 4240.29726479 7898.2811311 8013.44362992 7993.50276508 8294.57798363 7242.34061317 8351.54742095 8840.09737591 7987.42016713 4858.74986105 8252.34475867 6572.12584974 8414.78198974 4152.65632723 7902.50003313 8363.02822633 6789.66925415 7993.77136303 7173.83092137 5298.97448078 8054.37024497 8364.25822667 7689.49557192 8465.91078314 6150.98136014 9106.80360868 8106.48719118 8296.58022074 4529.54870009 8133.63511177 8881.01124594 3787.20284375 6207.22010502 6078.37405881 7880.41738139 7706.33630084 8599.34786242 7588.75754533 5192.94605437 7727.28796909 8432.37965659 8460.07155621 8191.77656301 8464.90927117 7901.48663446 8060.7769503 7346.11745442 8905.63913308 8532.81627851 376.821948905 8192.7529064 8164.06883798 8227.38600005 7006.49966558 8734.72946907 7793.27987469 7955.98014284 8510.21736178 7834.5954793 6484.09655607 7096.45740866 7096.23510439 8159.74673614 8777.43033664 8609.45923024 7636.6388523 6671.84071673 8786.8696449 7817.35550247 8055.86870989 6710.84294586 9110.81513669 7103.56168746 7506.61897637 7563.86617832 7317.1573253 7388.53776674 8444.5156351 7907.00039297 8872.33124579 7713.63470015 7427.69414108 7757.27388054 8669.10891259 8232.42169057 7882.05370967 7906.09623358 4012.58185967 9101.26276342 8303.6254317 3963.2838529 7443.22525606 7449.29235317 7569.71283488 6943.40584689 8099.448909 4118.98272527 6675.75188074 7330.31270005 8119.68880714 7833.40172254 7874.98164242 7079.00616719 8548.25002556 3787.20284375 7722.56136651 8097.63016199 8068.88561789 7550.52524797 7880.99892346 7641.67938713 7416.35853869 7441.78725309 7538.82862174 7799.1081671 7385.83878343 6773.91543434 7730.75461693 8035.17318448 7717.17443786 6792.31233217 6078.37405881 7388.53776674 6897.65958573 7863.96766928 7884.38575429 7954.29839509 7758.8345973 7227.53734935 4857.07111406 6919.53056346 3465.8681528 3211.27967926 3756.47841564 3448.44185843 2708.36369603 4013.31321471 4012.58185967 3143.24929546 7944.13860602 3887.71702478 4368.6596346 3245.83027984 3538.7694339 3260.95117209 4022.78713285 4567.55652876 1160.88176535 2826.03324987 4279.00599097 5005.50695637 1416.58250225 6519.8455171 4426.63945252 4284.28391534 4464.18322805 6308.78459459 5733.79663209 5205.77647666 5057.72609316 7666.74352908 6528.39443296 5226.82219836 5375.44295559 7709.0556188 7672.63322318 7548.54994504 7452.28857286 7316.06308964 6748.78885457 7282.50501526 7955.96041295 4583.65695116 4602.41103353 7040.2070458 5313.1523735 4060.35036653 4046.28283558 5422.72330635 5484.38967066 5408.29454773 5331.9853612 7255.66182144 5836.31111606 2349.55809736 2019.86343495 3122.25116851 3570.02610733 4012.58185967 4700.90131202 4444.70178102 5152.01909626 5291.98260143 3825.01218316 7694.32709346 7127.25597706 5293.45358415 4824.1458594 7470.77178439 5909.40328249 5719.36820574 5774.11934925 2058.06776895 3881.02950255 6748.43994727 5485.71147374 6604.0563053 5032.19833288 5887.90021585 5228.60558258 4760.39632339 3726.39541554 8115.75074044 8392.30770277 5858.19238887 6391.92014421 7685.75953233 5860.24388881 7205.03914484 7075.39999124 5829.74847242 7063.83674227 7626.99802468 7394.43895007 7684.59202495 5572.97842855 5348.1267726 5018.16882172 4801.79329745 4068.45424926 7527.22159701 6473.70534986 3612.78828394 2582.42724703 7135.79620822 6229.47128355 7070.87806924 7690.70704706 6831.6714741 4942.36207551 7652.12797957 6396.65919571 8109.12713841 7960.40528105 7613.74556964 6012.40405155</DataArray>
        <DataArray type="Int32" Name="HasVonMises" format="ascii">1 1 1 1 1 1 1 1 1 1 1 1 1 1 1 1 1 1 1 1 1 1 1 1 1 1 1 1 1 1 1 1 1 1 1 1 1 1 1 1 1 1 1 1 1 1 1 1 1 1 1 1 1 1 1 1 1 1 1 1 1 1 1 1 1 1 1 1 1 1 1 1 1 1 1 1 1 1 1 1 1 1 1 1 1 1 1 1 1 1 1 1 1 1 1 1 1 1 1 1 1 1 1 1 1 1 1 1 1 1 1 1 1 1 1 1 1 1 1 1 1 1 1 1 1 1 1 1 1 1 1 1 1 1 1 1 1 1 1 1 1 1 1 1 1 1 1 1 1 1 1 1 1 1 1 1 1 1 1 1 1 1 1 1 1 1 1 1 1 1 1 1 1 1 1 1 1 1 1 1 1 1 1 1 1 1 1 1 1 1 1 1 1 1 1 1 1 1 1 1 1 1 1 1 1 1 1 1 1 1 1 1 1 1 1 1 1 1 1 1 1 1 1 1 1 1 1 1 1 1 1 1 1 1 1 1 1 1 1 1 1 1 1 1 1 1 1 1 1 1 1 1 1 1 1 1 1 1 1 1 1 1 1 1 1 1 1 1 1 1 1 1 1 1 1 1 1 1 1 1 1 1 1 1 1 1 1 1 1 1 1 1 1 1 1 1 1 1 1 1 1 1 1 1 1 1 1 1 1 1 1 1 1 1 1 1 1 1 1 1 1 1 1 1 1 1 1 1 1 1 1 1 1 1 1 1 1 1 1 1 1 1 1 1 1 1 1 1 1 1 1 1 1 1 1 1 1 1 1 1 1 1 1 1 1 1 1 1 1 1 1 1 1 1 1 1 1 1 1 1 1 1 1 1 1 1 1 1 1 1 1 1 1 1 1 1 1 1 1 1 1 1 1 1 1 1 1 1 1 1 1 1 1 1 1 1 1 1 1 1 1 1 1 1 1 1 1 1 1 1 1 1 1 1 1 1 1 1 1 1 1 1 1 1 1 1 1 1 1 1 1 1 1 1 1 1 1 1 1 1 1 1 1 1 1 1 1 1 1 1 1 1 1 1 1 1 1 1 1 1 1 1 1 1 1 1 1 1 1 1 1 1 1 1 1 1 1 1 1 1 1 1 1 1 1 1 1 1 1 1 1 1 1 1 1 1 1 1 1 1 1 1 1 1 1 1 1 1 1 1 1 1 1 1 1 1 1 1 1 1 1 1 1 1 1 1 1 1 1 1 1 1 1 1 1 1 1 1 1 1 1 1 1 1 1 1 1 1 1 1 1 1 1 1 1 1 1 1 1 1 1 1 1 1 1 1 1 1 1 1 1 1 1 1 1 1 1 1 1 1 1 1 1 1 1 1 1 1 1 1 1 1 1 1 1 1 1 1 1 1 1 1 1 1 1 1 1 1 1 1 1 1 1 1 1 1 1 1 1 1 1 1 1 1 1 1 1 1 1 1 1 1 1 1 1 1 1 1 1 1 1 1 1 1 1 1 1 1 1 1 1 1 1 1 1 1 1 1 1 1 1 1 1 1 1 1 1 1 1 1 1 1 1 1 1 1 1 1 1 1 1 1 1 1 1 1 1 1 1 1 1 1 1 1 1 1 1 1 1 1 1 1 1 1 1 1 1 1 1 1 1 1 1 1 1 1 1 1 1 1 1 1 1 1 1 1 1 1 1 1 1 1 1 1 1 1 1 1 1 1 1 1 1 1 1 1 1 1 1 1 1 1 1 1 1 1 1 1 1 1 1 1 1 1 1 1 1 1 1 1 1 1 1 1 1 1 1 1 1 1 1 1 1 1 1 1 1 1 1 1 1 1 1 1 1 1 1 1 1 1 1 1 1 1 1 1 1 1 1 1 1 1 1 1 1 1 1 1 1 1 1 1 1 1 1 1 1 1 1 1 1 1 1 1 1 1 1 1 1 1 1 1 1 1 1 1 1 1 1 1 1 1 1 1 1 1 1 1 1 1 1 1 1 1 1 1 1 1 1 1 1 1 1 1 1 1 1 1 1 1 1 1 1 1 1 1 1 1 1 1 1 1 1 1 1 1 1 1 1 1 1 1 1 1 1 1 1 1 1 1 1 1 1 1 1 1 1 1 1 1 1 1 1 1 1 1 1 1 1 1 1 1 1 1 1 1 1 1 1 1 1 1 1 1 1 1 1 1 1 1 1 1 1 1 1 1 1 1 1 1 1 1 1 1 1 1 1 1 1 1 1 1 1 1 1 1 1 1 1 1 1 1 1 1 1 1 1 1 1 1 1 1 1 1 1 1 1 1 1 1 1 1 1 1 1 1 1 1 1 1 1 1 1 1 1 1 1 1 1 1 1 1 1 1 1 1 1 1 1 1 1 1 1 1 1 1 1 1 1 1 1 1 1 1 1 1 1 1 1 1 1 1 1 1 1 1 1 1 1 1 1 1 1 1 1 1 1 1 1 1 1 1 1 1 1 1 1 1 1 1 1 1 1 1 1 1 1 1 1 1 1 1 1 1 1 1 1 1 1 1 1 1 1 1 1 1 1 1 1 1 1 1 1 1 1 1 1 1 1 1 1 1 1 1 1 1 1 1 1 1 1 1 1 1 1 1 1 1 1 1 1 1 1 1 1 1 1 1 1 1 1 1 1 1 1 1 1 1 1 1 1 1 1 1 1 1 1 1 1 1 1 1 1 1 1 1 1 1 1 1 1 1 1 1 1 1 1 1 1 1 1 1 1 1 1 1 1 1 1 1 1 1 1 1 1 1 1 1 1 1 1 1 1 1 1 1 1 1 1 1 1 1 1 1 1 1 1 1 1 1 1 1 1 1 1 1 1 1 1 1 1 1 1 1 1 1 1 1 1 1 1 1 1 1 1 1 1 1 1 1 1 1 1 1 1 1 1 1 1 1 1 1 1 1 1 1 1 1 1 1 1 1 1 1 1 1 1 1 1 1 1 1 1 1 1 1 1 1 1 1 1 1 1 1 1 1 1 1 1 1 1 1 1 1 1 1 1 1 1 1 1 1 1 1 1 1 1 1 1 1 1 1 1 1 1 1 1 1 1 1 1 1 1 1 1 1 1 1 1 1 1 1 1 1 1 1 1 1 1 1 1 1 1 1 1 1 1 1 1 1 1 1 1 1 1 1 1 1 1 1 1 1 1 1 1 1 1 1 1 1 1 1 1 1 1 1 1 1 1 1 1 1 1 1 1 1 1 1 1 1 1 1 1 1 1 1 1 1 1 1 1 1 1 1 1 1 1 1 1 1 1 1 1 1 1 1 1 1 1 1 1 1 1 1 1 1 1 1 1 1 1 1 1 1 1 1 1 1 1 1 1 1 1 1 1 1 1 1 1 1 1 1 1 1 1 1 1 1 1 1 1 1 1 1 1 1 1 1 1 1 1 1 1 1 1 1 1 1 1 1 1 1 1 1 1 1 1 1 1 1 1 1 1 1 1 1 1 1 1 1 1 1 1 1 1 1 1 1 1 1 1 1 1 1 1 1 1 1 1 1 1 1 1 1 1 1 1 1 1 1 1 1 1 1 1 1 1 1 1 1 1 1 1 1 1 1 1 1 1 1 1 1 1 1 1 1 1 1 1 1 1 1 1 1 1 1 1 1 1 1 1 1 1 1 1 1 1 1 1 1 1 1 1 1 1 1 1 1 1 1 1 1 1 1 1 1 1 1 1 1 1 1 1 1 1 1 1 1 1 1 1 1 1 1 1 1 1 1 1 1 1 1 1 1 1 1 1 1 1 1 1 1 1 1 1 1 1 1 1 1 1 1 1 1 1 1 1 1 1 1 1 1 1 1 1 1 1 1 1 1 1 1 1 1 1 1 1 1 1 1 1 1 1 1 1 1 1 1 1 1 1 1 1 1 1 1 1 1 1 1 1 1 1 1 1 1 1 1 1 1 1 1 1 1 1 1 1 1 1 1 1 1 1 1 1 1 1 1 1 1 1 1 1 1 1 1 1 1 1 1 1 1 1 1 1 1 1 1 1 1 1 1 1 1 1 1 1 1 1 1 1 1 1 1 1 1 1 1 1 1 1 1 1 1 1 1 1 1 1 1 1 1 1 1 1 1 1 1 1 1 1 1 1 1 1 1 1 1 1 1 1 1 1 1 1 1 1 1 1 1 1 1 1 1 1 1 1 1 1 1 1 1 1 1 1 1 1 1 1 1 1 1 1 1 1 1 1 1 1 1 1 1 1 1 1 1 1 1 1 1 1 1 1 1 1 1 1 1 1 1 1 1 1 1 1 1 1 1 1 1 1 1 1 1 1 1 1 1 1 1 1 1 1 1 1 1 1 1 1 1 1 1 1 1 1 1 1 1 1 1 1 1 1 1 1 1 1 1 1 1 1 1 1 1 1 1 1 1 1 1 1 1 1 1 1 1 1 1 1 1 1 1 1 1 1 1 1 1 1 1 1 1 1 1 1 1 1 1 1 1 1 1 1 1 1 1 1 1 1 1 1 1 1 1 1 1 1 1 1 1 1 1 1 1 1 1 1 1 1 1 1 1 1 1 1 1 1 1 1 1 1 1 1 1 1 1 1 1 1 1 1 1 1 1 1 1 1 1 1 1 1 1 1 1 1 1 1 1 1 1 1 1 1 1 1 1 1 1 1 1 1 1 1 1 1 1 1 1 1 1 1 1 1 1 1 1 1 1 1 1 1 1 1 1 1 1 1 1 1 1 1 1 1 1 1 1 1 1 1 1 1 1 1 1 1 1 1 1 1 1 1 1 1 1 1 1 1 1 1 1 1 1 1 1 1 1 1 1 1 1 1 1 1 1 1 1 1 1 1 1 1 1 1 1 1 1 1 1 1 1 1 1 1 1 1 1 1 1 1 1 1 1 1 1 1 1 1 1 1 1 1 1 1 1 1 1 1 1 1 1 1 1 1 1 1 1 1 1 1 1 1 1 1 1 1 1 1 1 1 1 1 1 1 1 1 1 1 1 1 1 1 1 1 1 1 1 1 1 1 1 1 1 1 1 1 1 1 1 1 1 1 1 1 1 1 1 1 1 1 1 1 1 1 1 1 1 1 1 1 1 1 1 1 1 1 1 1</DataArray>
        <DataArray type="Float64" Name="StressTrace" format="ascii">-1838.34997259 -445.352741975 1854.75301803 -70.6528319493 -1.18687205951 2982.51215947 7723.86815357 1601.60014581 -913.866381319 3931.36415829 234.370332709 -755.850205953 283.649608285 -7530.73769502 1692.51081772 781.089126138 -3415.7740597 -622.858309373 783.903392812 1200.58139152 456.891970824 -247.066631781 -3733.34064125 -1950.35611036 -4203.67872612 3033.75675531 1065.17694931 659.054528262 -1173.67368304 1188.55881468 10915.4183364 5059.73170707 1335.33984687 -290.882094369 -17576.7322172 7568.49987976 2234.03128505 -1365.9759304 397.328358883 -824.164066043 -5115.33096001 41.088638334 -3988.2476924 396.67815322 8416.26245815 -7882.5891764 -1148.37835814 -127.237123935 759.686643136 -136.571675244 388.498697255 -440.846045868 -179.275284776 -9944.11304132 60.0017511206 -1627.88252321 -771.267625477 228.419438264 -666.804483448 449.889914376 136.399241284 585.060182406 -146.160068733 -2528.16916104 2604.83258792 -5624.31294875 982.578409549 -7231.58867412 -2748.60459994 -4752.9348419 -409.878827588 1755.02517381 -1901.11822668 7865.02662662 -515.100178447 -4103.5977142 -7516.77933157 1244.78303538 1252.21374323 1589.14066924 127.998017492 -2933.94611297 2526.62094646 494.162340647 3736.02963863 -1552.4103118 -2310.66873245 516.117762063 -1183.15622612 -2504.53759289 2373.37361388 187.756204978 -997.3729929 -723.225713552 1062.42441571 -2740.98316502 3135.68732281 -3867.59510156 1443.43263248 -2101.56790928 330.359332633 816.145262935 -9000.76774222 1359.70716785 2288.81242994 -2768.74789168 834.644843179 1942.03112677 4323.93452259 573.52100092 2009.15179538 -6420.10697743 36.1964869975 212.416673024 -1443.074292 4972.01371686 -4941.91680532 111.893705795 -207.45673764 11339.5701334 595.309679317 -9.19425232669 -531.867943027 6579.02516937 -2026.54621531 1138.46549499 1294.17222301 -1101.84764109 -12846.4462249 -5184.70339255 505.107173011 2282.46743859 558.599661636 13461.2381626 -1854.83003152 2491.02365112 -3328.54565313 10839.1137067 6550.88045771 -1688.85112055 5514.79145707 1679.59436233 1371.32356396 -2086.01123145 -3729.64777502 -534.661484674 -2741.63047889 -930.364560863 782.329811514 323.075682137 4317.49110592 -1885.57060941 12678.2156046 279.679534608 -3941.08478151 -900.375494586 1672.54814338 -2525.57884149 66.469835883 -462.712408943 398.532253381 -2754.55808382 476.811544834 2449.97471894 -2936.22453073 -1012.90795712 6543.13367953 1068.85911831 -4030.11962062 672.031348346 1209.84789358 592.485620735 -639.901395173 831.731985881 57.8284827415 871.447399716 -1448.73491459 -1436.99774767 -5249.18631476 1793.29205316 347.743468347 367.39905563 1475.50309696 -4416.56099842 -1026.82414298 -466.396841152 2032.65937173 4344.01392491 3145.67305589 -766.549152746 1826.90035405 1128.10356134 1712.48325868 -4524.63644807 -1644.47219833 -947.58644572 2722.12182295 -9819.8136998 1885.68217665 -331.077984722 -141.246824134 1504.51088264 312.939695665 499.443148128 -621.545951787 977.318757758 216.85299032 -1129.48246686 7764.03902352 -6597.98461007 -3542.59434438 -22.384746808 437.298191364 48.3543479975 -1091.39900764 -799.0859325 81.9096814123 -2373.5093717 7660.67081426 606.528963695 -361.483057082 1875.49945783 113.167135805 -2893.0601898 1362.80085981 -4244.25796758 -7880.96628896 2927.24411939 -1728.94691736 196.074689886 4963.33283564 -607.476873123 1492.13008564 -4986.58130118 531.629150608 5688.58845742 1335.86855181 -264.2587774 367.126355696 4434.5175556 131.8124947 -3116.04250874 -1866.89499338 549.111635688 920.878589924 -10348.5181182 -166.674409051 2598.83027619 4286.406592 -3791.90531682 -3430.35280344 803.269079105 171.41866491 -954.208657261 -526.348931626 -1056.32644774 1285.79025676 4541.51105551 1710.83727565 -227.90795216 2866.19912091 2450.07271981 6082.04161432 -220.398486417 -1517.57867726 412.258007684 115.670058194 -131.762781425 3025.597116 -5027.32646314 1303.06663234 -4190.34928083 2954.50652867 -226.59867445 -1060.75923072 840.628673787 -659.909826269 -9326.49336879 9237.92254545 -2214.13621911 344.452791784 1135.25191436 970.329532181 -3.71533082414 -1198.44404121 104.059080312 -1241.24210702 -384.736368562 4301.91217643 192.509615633 24059.9487551 -1119.12168407 1595.71044416 689.70561369 609.557835894 3177.94684659 2035.44233946 -1271.76712979 -2081.67601376 -1601.85544901 -63.5707925741 -441.862173658 875.076960335 -1642.05489838 3279.30486893 268.478131179 -4685.23080824 70.127486117 2346.73297479 -482.134150977 -458.780679731 -583.52509241 -1688.52699073 221.77779976 -1072.97933498 4367.96484474 58.8309924904 -2184.20822751 -90.0111078721 -710.258221492 1269.24886866 -591.398105929 512.773868017 317.503357847 467.424960847 -1122.42724249 1803.18220192 107.865250284 -1477.01920252 -1449.17391247 2602.75449514 -1220.77620102 886.976042644 -991.536367636 1595.36182751 1236.771874 1561.53203811 -2001.1605968 1168.90292875 -14719.668182 511.54052764 3693.04436644 -2836.28083896 -1486.24348237 -1109.38627079 -2975.7930938 -3698.88718436 -1078.68487976 1745.01932474 2921.96263209 -1656.15562648 -237.319079196 9468.20420932 4237.23174475 1694.64956525 -9440.65674668 -2284.43972983 -99.1659884286 -1321.94217024 74.5443383185 -5495.34336874 -4185.4596996 -277.385733409 -8152.60842843 -3891.00871189 1220.78858541 -997.21071919 -223.341185781 -2181.89153453 -4460.81417395 473.811621559 -4700.74754796 9918.36448253 28.0854572646 2298.34201289 -3950.32619043 -6148.09014949 -6287.70328854 1390.23572461 2170.66764043 -89.4732324032 717.66821359 -6023.77278934 3541.2982749 -384.656732981 -5745.73955489 -389.011963459 5023.12782407 3078.08495579 1167.34363742 -1732.45301857 1134.43645245 -1316.91743418 -1811.94640003 -4524.93848726 2691.52005377 -2206.99350681 1410.77696162 -1768.27720303 -3434.09857192 1355.1681569 6844.90432407 -562.095810678 982.474586301 -5499.04960093 3172.56787605 -808.031675289 102.499027782 -994.062112342 453.918762856 135.618437268 8072.19077521 -522.476350315 -1088.12639572 -1431.96870313 124.966324137 468.312393955 1555.9830046 2636.69078571 513.507657702 10179.780159 -1112.67173107 -843.316581503 4295.86884959 1390.36631697 5816.36844453 27.3273500466 1368.13579948 -364.146865859 -307.054300242 -3935.02919358 -4406.46342899 -6104.15166306 7388.52323906 57.7183827768 799.009454699 -191.293477575 416.192608514 -1807.10362279 1779.75641581 -1575.20041067 1673.35280348 456.40858653 -1270.57894926 526.331814771 1358.67217 -777.146337928 151.966129654 -492.16423776 3966.14612353 -3886.07326737 -330.084154416 -618.177759988 -5699.75121899 843.206676451 -4364.9720908 12900.6007918 2346.9468258 -1936.75935274 8537.36982251 1790.63877446 -1074.07007788 3826.35413198 2065.51443952 -1298.88307235 1091.76893082 759.356023007 -698.0948538 -1821.79609727 766.590499544 -1187.51315761 108.302270519 3000.9854211 -132.721505268 208.267429419 -1143.89747846 -2148.51427312 -616.994047683 -1425.11171932 -1634.41817859 -1857.86433531 746.37511956 -749.353651213 2057.19226798 1244.46936927 -1246.72373044 2490.8971453 -4398.61353252 -1656.30188263 834.42671888 -3304.72307805 1331.69419374 374.950049217 46.910251764 -165.532506687 372.721409391 -2507.13518634 7180.45355001 1659.12864173 -90.2523033966 -969.098973633 1096.86378026 -2460.85515691 -505.814313123 -258.229834638 -1935.23279218 -2274.26224966 -1295.27689449 2139.98949027 -2867.955578 -1352.61557847 5017.83162415 -2816.9341405 1028.31786785 4797.70036691 148.494841866 -509.292006533 -104.419072929 -763.81279287 -277.182982874 508.637340658 48.6397997028 -634.022377441 -1675.74412013 -4679.9339989 -4554.46299609 1413.75675069 -660.667495346 3005.16535024 4113.07214971 6111.24805022 3196.70740609 -1776.76012953 1627.22635904 392.426805093 -1000.25875472 1696.73160097 -616.656886955 2878.90314224 1406.00922593 -3459.94192585 -1943.04829003 886.146356306 -1320.22875747 8825.99291688 1335.00262049 44.2324569115 -889.515415524 -140.925098366 21.1336715987 -158.716665271 -11485.4240767 11469.4474194 -2268.39199101 -2217.34884704 -86.5902050548 36.3775689162 2038.11874817 -400.495292442 5380.37466194 -1506.71984708 -4296.07590697 -4082.13182989 1629.05729033 -4298.00771176 -3124.26329857 6842.61558528 4527.17622979 1295.78880447 -2143.45588543 1008.74892672 212.173023544 1378.25296791 -1276.27441105 837.674001484 6185.75684594 1271.17042893 -1224.2826698 -1672.91814796 1577.53287076 3386.72519265 78.6856912077 3428.1633606 1046.53418038 -349.352812392 -1336.17902665 2312.38495923 -145.06430404 497.540818259 -2819.83137965 517.728985155 622.43460807 -2938.08875143 -1507.89701042 273.53952132 -1074.45212824 -1458.65507492 -695.077203095 -3397.97971677 -4515.14032634 167.946933871 -1212.62506602 1334.78090479 -280.689736088 1881.1794918 600.802536932 -3819.13402549 88.6985606399 1531.25883344 4375.10559637 -3957.82094697 -43.5887167234 1038.96970513 -2217.08744976 -1773.5487499 824.118912995 1271.32909857 -616.775298526 -994.83757385 6684.28180543 -2014.4660116 -758.435382942 -2797.30923145 6295.24095139 -1625.25695186 -441.674390409 -2084.11573421 -410.51645777 272.570751255 3823.19961652 10864.9713777 173.319856925 -408.975566602 3168.64269244 -3237.24973763 1319.59354218 -573.741645855 2557.16328663 -1562.48468756 296.133814971 1612.81602916 954.440477002 -1582.97681051 2937.9893938 -781.657978208 187.373437113 4632.85996071 3380.38782111 2895.37884304 -8949.36440405 6929.27364842 2353.43638231 -2015.61442003 3603.51447757 2807.34197211 191.647339065 274.091226174 -308.805891066 -987.488177494 -2287.74546161 12.4995487225 3197.73499992 -2487.10978615 -1214.30140128 2929.24393216 -786.244659841 -88.4123841508 1024.87491842 -654.813254774 3250.75953956 -3287.74019195 -504.388345085 -1583.68447595 -1413.8478015 -928.638565944 1255.06839005 -70.6775833657 -1884.70654938 -1433.65128963 2680.21620966 -953.863052842 2518.01067776 -4044.1642075 216.828255991 494.648129341 -5970.5487209 -2265.76699876 -2235.96134849 -6327.10406583 1740.94588316 -300.423382906 1844.06264154 -1747.7221051 -4458.69945181 867.30024073 3974.75136166 349.674233593 1815.15992731 -1471.0978779 1863.28003751 92.8598438032 1072.04923713 806.77991457 2736.50675508 -15138.299174 442.839728823 3191.40215281 -940.504724188 887.869039369 2736.95519064 -2230.67615721 -2012.0112716 65.2672060256 -1003.20110566 8641.30706329 4096.4567402 -3050.68862584 -3550.18022248 465.080118958 -324.133546632 419.190189461 -1228.74842695 264.059972141 -3897.98183678 2274.96525394 3227.90719002 2119.43910545 -3020.58527254 -2856.19739699 300.455548946 3293.71175066 1440.65889242 159.765044481 2758.42940684 -6905.28686827 4441.077528 737.352864237 7999.21918645 -5271.00476744 1485.91866652 7396.44865758 -586.416965727 2560.71991227 -3946.63178793 634.659196937 3391.72436283 3246.77997621 -330.890067471 5.0696216988 -768.671807058 -349.350448376 1641.03510429 889.902276186 -3598.57044148 3589.31350808 -2451.40466248 533.631672901 1796.30686768 -2013.87143419 187.646327489 1703.88449125 240.552155693 325.495515412 -1151.45496807 -889.750701618 -1862.78798783 7289.45561227 1384.11952885 134.557620674 -4305.92707986 2712.67673942 -3278.86858777 3641.40620599 -4434.77038224 -662.26208254 -818.419262336 1594.48030458 -5598.95859568 -102.420226643 -1975.23115475 1953.45883111 -2535.34280815 -1458.64758053 4370.15859359 -571.443281025 -1154.95525878 9173.48257952 -1241.84511443 -1510.57256466 3231.7955838 -2169.13557449 -714.180733706 1093.95830385 -621.501840207 -7052.37871356 -3412.13764655 11801.8107179 1226.52464927 5104.45181574 3398.06407119 -3325.39699201 765.23013611 5165.57495438 2777.10357392 -3473.39324063 -679.573645235 -8247.06679467 2517.27132152 3910.25985096 -4928.58347172 -2523.94964245 -274.609421936 -545.397347655 1420.37594052 2035.11782569 -798.14736942 -4403.4394214 2337.11248831 -2967.84332188 774.513023632 4710.80439185 -4755.18712239 -1445.27733594 -865.265248744 -3081.65772325 -1063.84031188 1271.04497073 -2785.76940335 -884.59451087 651.632665031 -1907.41249158 -842.187590552 10077.4441099 6584.2806217 -537.541196844 6606.15778257 1402.63480343 -1299.58029087 1107.47421086 959.24518748 533.941221963 -214.238135272 -39.2942861514 2411.47212356 119.721708063 3318.76818724 278.200300901 1436.89582498 -117.137615405 1419.66384852 -5909.393502 -10237.2732164 -531.767291743 -10124.745689 -197.970794866 168.700026137 -3332.41044198 -1001.44913388 -3.14540726737 3513.92674116 -1562.63059412 -1700.64432894 -2741.88409605 -936.744399578 -1048.20185073 -2190.08919768 -7666.51891499 230.650828626 -8259.49723182 -49.3402518644 -894.350860045 -970.614418432 -1366.97073276 543.747835947 1685.67969746 -138.046855789 1676.80265395 -1210.35813832 767.261645863 -554.990680352 -1944.10263172 995.689205051 -1248.72760247 1513.04496645 -278.03348637 384.395108783 71.7968051512 2844.08078243 1386.98172145 3210.45008575 1873.99346746 2069.85985092 -1601.99953953 885.114166912 154.584069522 2388.00566711 245.567020847 1695.87179349 719.067237653 681.677997564 -412.098952282 7555.2963817 -64.9506003839 1339.08950061 1458.74640727 -4737.80267925 173.266508432 -1906.83200592 -2527.43753463 -3695.95902013 -954.673267708 2614.44073665 -1379.58259859 -5216.15484411 4016.58479657 -1045.96297669 2248.56727774 1543.39473781 -180.712333466 -375.586193416 -5857.72824363 -4645.62652427 405.752591078 3745.55249334 1786.04303091 -2617.92029991 -737.641018647 -2896.21584495 -695.583142601 1094.48944706 4187.46261672 1059.22345736 847.465678251 4224.66469922 386.531013586 1467.56552205 -1068.8293564 1962.61351802 6670.17911897 -8781.30409402 44.6890048659 -3543.48216909 -882.952743057 -1161.72265741 2533.56269862 -279.946009099 -13.7541598351 1110.61746444 986.468267265 -1269.14507767 365.523698886 -3269.45205374 -1746.16876459 111.217934381 -1078.36482957 -573.386344917 -551.619454311 5730.58436671 94.403279847 1378.23686733 -3844.83300193 -1163.04183662 -1497.64683271 -4052.12512107 -1570.59268461 2044.93984031 -1457.06633415 -2073.23919559 -1297.70493846 -851.883656403 1226.41925713 140.410250159 -493.59739145 2300.72212698 -4684.99111467 -2797.00678802 2663.65725575 69.1139801662 2102.03863284 4919.3447854 835.40072839 2516.6052618 -1806.57695026 3702.80547799 5732.33325094 429.208496567 -942.221456552 1843.86767859 1427.5383607 -2934.60700902 3041.33808158 -220.215925932 -12031.7968563 654.27725588 -4888.02378478 -188.330171203 -2139.3498251 1258.05310503 3536.14660694 -794.640209768 -3465.69516154 790.376360301 1810.10275695 233.515238672 855.419086661 -1526.00424529 272.390755887 1005.68889202 3245.05406627 -3444.71389857 2101.6853876 998.276626457 2717.85130402 798.821923012 2574.8772254 8410.44963856 -1159.98741517 -1017.15202404 8324.61930377 -2300.88656598 -1834.5954564 2072.34148734 1577.5946204 -2339.83176697 5576.21870232 -2810.4512348 2092.68318278 427.210344071 12226.6408862 1441.51899491 2823.45624046 901.174072311 3161.5512861 -913.594527784 1722.3264763 -764.761890701 73.9400891636 -1471.75030052 1591.34380759 -1030.41540612 2493.24370993 1306.92774965 -921.228886942 -236.353792089 -4076.76999747 1079.92625361 408.262104994 -125.813654518 1011.38303546 148.805796242 425.930512075 3036.8255323 893.058253925 -1608.97476871 2690.70879608 1321.28456652 -460.195167954 -853.008900012 1622.46691052 -2093.86655529 -1455.84936569 129.58809804 -2167.16051858 1484.60798297 651.282548958 66.7153822352 2669.62650352 -1187.64585031 -1004.37328905 742.871152507 -11112.3326956 2362.60931557 994.172153759 2073.5793485 -12113.8660557 -2594.26531528 -2501.09279223 3156.6767774 728.907143801 -1250.84731634 -25.5020366323 17.0022953993 -808.713212514 4912.53843895 1108.43889787 -1969.0747679 -3289.22991889 -562.789726782 -2661.4841013 -1131.39599004 -263.079415006 340.173234796 2511.22419342 -1614.5256838 1765.87614323 2846.23164724 413.982089961 -709.546410511 -17.3390877858 -2453.90600537 -2174.25964064 465.080118958 -1708.50292449 775.151299078 -1703.05522187 -401.483938012 357.824851808 -1672.74041619 2947.50087591 -1889.08350277 -814.465572939 2807.05192989 5352.83533065 1121.19943792 -2585.76863338 1862.82482946 901.162632508 41.886328087 -1890.61782842 -3270.74094716 5514.35281947 -1878.36475306 -195.255213065 528.439092478 -2508.30831919 -755.814578085 2140.47427999 -295.006547881 730.590620017 -301.065776299 -1260.53841604 -666.475393435 13212.9014726 -439.95388802 -5619.15661163 -120.89589088 -771.547814365 -1931.34960514 -6623.07726895 -2404.05078308 -1734.03870087 -1724.26809855 8919.43801899 1198.53430162 1023.56319456 8003.26553178 206.56004787 -1728.16732482 1119.41113139 922.290741822 -2828.81910622 -300.657535917 422.963096982 -422.666210626 -2918.00200053 -6991.65778448 -1499.97606643 1082.15457621 -1579.15885325 2321.60139261 -2565.14266399 129.488002633 1278.04901711 2977.70893438 -337.447778095 5278.49513627 3492.37552546 -1786.00641354 -618.660560964 -3902.20537935 -2519.72946543 -3787.58226807 -1633.30260031 -332.475650939 1911.48306012 1415.64012916 5.45481456242 8807.5356706 -927.134491609 2459.9011043 1867.24033884 840.536975469 -1325.93332142 -279.946009099 1062.51014272 2522.65034242 -2218.33426474 -22.6962950583 1272.66034207 -6698.2066665 3484.67387397 9360.58086008 -1834.21659394 1821.69120147 151.885983482 -762.789690826 -1236.18234185 -425.901977771 1295.35176809 242.205969371 2198.0296307 -1776.31211735 57.8932044153 -1197.39338347 4088.55993667 -8.65758394369 -1575.9889866 -155.164070258 -1763.45162767 -636.964735561 1182.38211915 1428.86784235 544.322330509 -1288.42880732 -629.059676526 2658.01152178 3039.51034367 1811.33153014 -235.119931038 -2346.94312628 -2047.12792769 -2069.47674547 289.161857152 1523.25500832 2442.36909294 2697.73956796 -714.179796797 2605.39677623 506.07732822 2783.27970422 847.528140254 -167.805794264 -1784.05831722 396.894194135 -1555.39171937 4793.2751037 -5147.69533896 -2761.74868706 -8665.66860487 1620.30387002 2244.60056635 -6851.22359611 375.468060309 690.742594149 -3425.07869883 566.867965594 -3051.26015204 -150.507593315 -3533.10995331 217.240607716 665.133393664 1414.20679022 463.692816038 -3991.93855004 2356.5856285 -1344.1263396 304.593208123 1015.20134122 368.212464799 1088.98864162 -5803.72006453 -637.412678229 -727.300583031 1637.21994021 440.506245407 587.297183318 5245.41361167 -7569.46126646 -1893.06275241 5889.76482212 3689.68574699 3147.71902346 9135.24545343 2979.81026917 -414.354484571 2814.56899651 -30.7367975489 2847.94411085 3248.36233662 495.673530041 -2324.6735048 916.295646117 -8071.51415814 -2320.59883461 3602.9537189 -1357.36450088 -2360.71559987 -2274.1196146 -3141.99245961 -690.246565925 8414.69584322 3535.39099763 -1452.61920906 2116.75611773 -858.491182526 -4814.50913464 781.419569076 -14.2331832495 -1044.67697018 -1014.55838917 -88.1881741697 -1584.48904109 -5210.56095905 2293.86942242 -1452.54823514 -1316.74329028 643.079241148 5339.96862399 -1574.94277336 2231.74558858 1978.62144236 -6791.7682094 -4573.47709116 1767.42503838 -6889.92661599 307.901601987 -1148.54250587 1313.73485392 568.392842727 -2527.30055751 -5788.75812403 1642.42335281 -352.821355596 2915.63370802 2722.61309999 -4409.46224768 -2992.10610524 3260.71965075 -662.957473201 -4023.7008802 50.1978986809 -100.430666696 318.005736194 -4447.57621112 -3574.2698703 -24.4084566878 2346.60446716 -1016.74378586 -490.739226827 -3445.37735655 1077.15417973 -523.063821192 -324.17052717 313.039280322 -1495.33537622 -5351.17370977 1346.58596516 1555.98832334 -574.42229418 2442.00597856 408.262104994 -2705.35339551 7735.74936286 866.685763972 -620.158106934 -242.904016764 4.94239108388 1351.49730517 10003.3739305 -1718.61005063 -519.561460612 -3390.45407694 -3872.24668684 2070.62517952 -1556.73102014 -159.476699492 829.127227262 -868.247244714 842.05572073 -1893.34934937 702.718632025 -979.026898792 951.162144179 -1067.86102887 -783.087242176 1032.76454563 1922.25351202 4781.29175842 -1761.06644832 1385.8213591 -3549.18208909 134.409067177 -2007.45963685 3346.51815322 2180.65115193 -6310.90193414 1009.00581602 -3035.11901986 -3467.48654691 -1244.15390227 -2166.50379509 -300.184414455 219.603566873 -1793.63574638 1351.02449472 1001.0698171 1097.0981296 1145.86527439 387.511604246 844.714305358 636.014741018 -2591.6932431 -657.880109831 184.484508576 1680.31641483 -698.691984761 -6576.03037279 51.7256496729 2705.7727327 -1551.73949358 187.373437113 44.7901244337 776.971211337 -1197.11191633 -1352.40225067 270.254186232 -1186.52407143 -1857.90331758 -1038.18140435 -1881.79825744 -2644.48238732 -283.353334057 -1916.05017032 -5285.39232108 2109.07312625 -4061.04121151 2044.87620748 -1101.36758779 -3178.53744688 3017.32690909 2583.81607885 -2365.72522272 -1849.90586231 815.427068055 -161.710519565 4018.97657371 2862.04927006 -818.449899312 -1448.75726829 -1503.98297169 -1152.94136774 -108.220455688 -2781.71486396 322.62656014 -874.671688731 2865.7036539 1104.28739603 -1328.14007509 -736.048213744 -47.4502277244 -934.212721902 887.204027013 3776.41162366 -1051.4955488 -2938.15061614 -834.088400611 2691.25708111 2145.38637074 2113.37451456 1343.18044509 -436.224631005 -664.007420536 2935.27452697 -1069.17220546 1814.32027883 -2996.1264277 3534.24847343 -911.914405482 858.835510339 -548.413305305 -1262.89945611 -1462.03905243 2468.80028872 -1683.38150929 235.686009898 -1162.22076939 -1318.27047344 1780.24331462 -986.495936936 -1466.68067415 3276.4244521 -318.596480769 -2376.48645796 -2676.4797875 302.078273274 -4370.93003411 6091.20605519 -3254.70548306 -1880.03911881 1432.40092212 385.2920733 2326.91234239 -285.9046227 2425.28300045 653.311709225 1322.5273629 678.831071837 -2945.19522235 2923.77619856 -730.718703864 1665.33366238 114.366667813 1366.4655635 1093.07929606 -115.169585454 -390.865696417 -1342.55126474 -173.0678979 -717.892653374 377.805729271 827.554271465 458.285538488 4612.28403848 5406.20701952 7349.74541446 2110.03495634 1462.31846411 719.475654492 -5564.89157575 -1081.94518234 -1198.9756175 592.096921803 1524.50436181 -3257.54297335 -215.826151117 -683.866906145 -1716.64267543 -3737.9849174 -568.584457858 751.522384396 1716.20838799 -541.567509213 -525.584049474 -1316.94865886 885.788715662 -382.733297185 4100.10717676 800.891470929 447.016336226 -1356.6179938 -7156.93268876 2763.12540957 -521.512475428 -1525.64559598 -1138.43855491 464.292483462 778.649871246 -3492.48282821 919.010143469 465.080118958 1580.26989727 -1130.35262258 2977.34186474 -1519.64893447 62.2212357755 -1677.40718457 2149.32792058 -214.69946075 3544.73759248 -476.558964986 -771.685863987 -1333.13626999 449.336194147 -1348.05759229 -1843.0624397 420.527887024 1107.9345982 -3150.93342681 -126.627096655 1066.87337706 -375.641076907 107.969746156 -781.643912707 120.63596175 -1374.55006064 -380.165990986 -1293.31255123 -376.607630153 993.894184799 -2857.9872118 -2381.02613909 1606.8233631 -9658.55330203 -683.769476736 -1019.32499058 -143.828308137 2395.21961865 -1601.5868739 264.341783588 850.588936299 2091.24109425 -1570.24535024 -478.561874129 -147.133501642 -3400.13580189 2703.10357906 -556.524764349 888.556121895 -2943.20247546 187.373437113 1221.9400643 2330.01638869 -553.724300364 87.4798405166 5170.33298536 2162.50014857 -1102.0357079 -2935.00079549 -921.357226963 -1185.55616458 -2581.41610464 -1481.83038153 44.8204410543 340.238724798 1457.82103798 2382.37181636 516.595796177 -1084.20657275 -2476.71636761 2125.27762171 1678.25951332 -3084.27526345 37.8164284895 -141.361499111 3544.47552278 2351.01869489 -1079.67873411 -3201.04650849 2014.17253791 1148.03920583 -1271.18326503 -351.240621153 1279.91602806 -1354.84163968 149.343478775 -2821.05656545 4158.3122681 637.126040476 2398.99714861 -2933.24102099 -572.893777461 861.896771602 702.592937818 -1497.18056526 -1567.84460202 -4370.48292017 2206.77896868 -679.598625683 2355.6485808 -1604.54704224 1021.20329622 -691.589673589 -1143.7835177 2028.36951002 -19.6288469949 -806.880898216 2251.48431667 -2151.5677104 -108.029918471 3654.92142188 -635.263075392 109.679735939 1787.60776745 -730.061232591 242.260759207 1669.20093839 -58.0276762559 -53.1982060488 -1889.45007333 256.600890981 420.393568512 1777.58810028 1912.24049098 -675.846430077 187.373437113 -475.803849257 583.337577303 5523.88132159 1738.01372096 327.062383177 -744.025144916 -1968.06281029 1910.28763733 2051.22485001 16.030973684 -5022.83128962 -1817.08622355 -494.549284884 -1879.90162578 945.43995182 -1742.61344615 -1281.1609108 -1323.78109074 1415.09184543 -411.744526261 235.904477103 -1145.45590637 -300.474592803 187.394293647 -1743.37737751 1779.18464605 -452.731893511 -2227.26737325 303.255401252 1589.02968719 -2218.86944705 770.44982766 21.6188822764 30.4056841457 -272.311284455 -1878.38011822 1428.43982276 -1885.60895489 -2113.10561505 5816.85832249 229.592427468 1471.8720899 1752.62949098 24.009616716 1195.76998593 -4636.74525168 668.289772723 -1109.17782669 1251.32106479 -1193.06113676 -2533.69593801 2501.33290743 915.790802813 974.427302014 -1588.22217493 -8251.15728528 -84.2610502863 318.317590198 -329.456812866 -794.934422755 184.779870172 -5913.43216552 -1804.42133388 -618.579430573 -390.988626938 -1469.11808049 1082.55345732 -1225.99912459 -1930.73793681 642.479655115 1661.59105942 3425.21172973 125.246096429 -1925.42789597 -7243.61630895 191.728505482 -1057.01813578 -1145.45299097 3.90224099078 -2283.84266751 953.970363835 -2194.80811093 242.133972981 1210.64907916 518.065695143 74.5443383185 199.736481211 -1708.04137608 -126.324423298 -88.2691500704 -2359.34847436 -1456.11224843 898.696985842 -2889.6365741 1310.6186423 -2997.21477596 -7135.69950279 -563.541968407 382.190305974 -2589.50872081 -1108.25854678 2340.59468285 -2183.68636119 465.080118958 -4239.69971204 322.695820099 3927.30730821 1160.41073429 -1679.88231234 -549.092488339 -2602.46946689 4409.84869634 -2398.71922938 902.215341807 497.869093028 1955.16841073 -340.455838485 408.262104994 1833.88003734 3219.95249208 -1457.07570978 2959.50215079 746.483623309 57.5966452154 1347.1532528 273.582078332 2235.53506245 -1308.74254492 -455.570856324 1861.72298885 553.670991173 -299.350894344 -2574.5771948 2689.60671826 1824.25406476 -815.058166924 1287.93989447 -801.758501108 168.388598393 -2398.12877997 1238.24602888 -182.164639154 2005.13629399 18.0844833313 -1255.57365135 1796.71011762 1490.47927398 232.725455214 1143.35071528 2816.68843815 -436.757329056 476.083843875 -242.860612635 3423.83783594 -3724.1735818 -1937.29975591 1454.13877676 -2151.07432708 -242.860612635 -39.9540232802 -847.884409485 936.380876688 340.769626563 -3310.16629348 -101.30108679 -2777.7338536 74.5443383185 33.1363101234 1462.14334286 -126.324423298 -266.927129398 449.659031683 -3562.96779016 326.735665999 -1088.59310878 -614.765597095 -2275.17601617 2390.43835391 -1080.70893721 -826.209321371 520.61496706 -675.81448418 1961.53932097 4.462261412 -40.3631338815 -89.878652612 1286.27841616 3093.01950086 295.196618654 4500.34307207 978.174668494 2943.14031658 -1303.97703687 -824.72265301 -4286.4039794 -189.91216069 -607.995528818 -1578.07951455 168.388598393 3483.73641557 -181.461249577 -139.600550816 -470.557318052 -189.91216069 -283.825389568 1156.50261137 213.394136874 2178.0578693 1808.22449552 107.511445259 110.05065455 -1052.35435523 1919.52295082 1428.78087498 -1486.84906472 -96.5345996123 1249.78422035 -1962.23203314 574.631012686 -1054.93413886 -379.817009796 -1010.66494302 1540.00508891 2561.52485781 183.313413883 2981.46389818 -629.20371 -6068.2650294 1264.06676478 1449.52750517 -255.567746771 718.748936212 2828.94461923 -39.9540232802 1817.06088594 745.60014187 -1919.19089873 408.262104994 -246.188465522 -741.007694189 -424.481531446 3434.45915667 121.490241754 1783.10970907 1198.33625457 5925.53392027 -617.618147672 -1.32583063284 2501.61537934 2168.07434794 1229.8269287 -2489.46363352 -22.6962950583 661.691379623 -3677.78460922 -279.946009099 454.491542792 -2705.64751695 326.735665999 4162.22668451 -715.984513032 -2737.80515742 3074.59181216 -279.946009099 585.328131507 2113.21204787 6320.69145369 3930.28921209 -634.862207622 1929.78378213 604.742328888 -256.222059713 -5702.78766052 -435.101983984 938.354352656 1070.42003482 2963.69009142 -421.426793239 626.662421784 -1157.67051358 -40.9775445746 -1908.6157753 2273.95492109 -1241.23574872 1153.55018001 -80.7465668374 -1741.8261602 1956.92546817 -4183.17252622 996.061840496 730.821990356 1410.22774218 196.36620162 2161.21266311 2435.72630361 -1432.49830266 -590.683142491 1796.73440171 1104.93740679 1696.52297227 -899.266716349 -857.251210487 -157.759076854 -805.621485484 408.262104994 780.645376508 1417.12878312 -2854.22052352 -3.27210443854 -2560.67243679 1412.16529423 -906.741408824 -100.753687197 121.490241754 -3004.75867135 -263.513484473 -1782.15052155 222.733542628 -179.385405071 68.1317194317 1899.13094293 -1703.31801938 74.5443383185 -921.354748947 -188.780357496 -528.977452267 -617.185342195 -2696.3284113 -102.130672972 -277.99790916 2110.88169702 1723.05088547 -384.070435785 2951.75214066 -1043.00196811 -677.07080173 1293.17641509 1141.2567626 2084.72269977 2874.63434833 2050.51987486 1071.74995906 920.647534214 1954.54256239 -946.897829534 -2710.36214203 2413.36118471 109.532576391 163.921827903 -4059.54235018 405.129956595 632.852817449 2160.15023584 190.952311632 2848.07498401 -572.999159358 -34.3176158261 -1181.97450132 2170.97412799 -827.350302331 6210.13111896 -745.765155802 -889.2042477 2055.88779681 -1476.90825756 2381.56355076 1285.36338054 -22.6962950583 -5586.90621954 -120.89589088 -1922.50258889 2822.93475464 987.515901708 346.477512505 753.190088823 -4266.31316601 549.441801842 536.162990771 546.689666797 -1500.33625254 480.246360098 -104.079198299 1395.00030065 -302.800058548 -607.472972301 187.373437113 -2428.83151281 598.996691683 1383.80346036 -181.461249577 -1162.26198955 -744.367490946 -1995.45841467 1681.69481657 -402.74249362 26.8015239254 -126.324423298 -750.76058317 1515.55782984 2208.46769904 -933.822164379 -4309.19290807 -40.3631338815 -1563.65981141 5084.96601261 4097.32108407 5492.36351348 -3049.40449097 -189.91216069 127.25235275 2376.4241065 -609.577864982 225.771875205 1161.82557595 -1996.23403235 -1053.44249755 1330.59588545 -1008.14782831 42.1392260124 -1.84187300049 -242.860612635 719.198119955 -37.3182799048 74.5443383185 861.169805243 -1185.84360892 121.490241754 -537.054040925 858.202931169 1677.35814014 3843.66643487 -221.752624527 408.262104994 87.2265184967 326.735665999 -286.443749278 -730.751034438 216.513113998 -593.995450119 561.479974481 -22.6962950583 1365.72832463 -726.486817668 -1862.45110047 88.6765705546 -210.421687069 -259.123023825 -876.265045514 -40.9775445746 64.1395062416 -1835.30302911 -597.520692464 -139.600550816 598.521782924 -1108.77861006 473.34574371 967.962997784 -120.89589088 225.771875205 -813.401978927 584.676444488 -311.997261642 1414.74123388 -1181.36933799 30.4056841457 -3760.02629973 842.462481153 810.323934006 687.601028363 707.965562714 -820.828886306 667.133707626 852.858845893 74.5443383185 2266.52147637 -23435.0055259 -10456.7079748 475.514810091 1747.81660771 629.794109676 -4531.10861385 5035.02142851 2241.6345854 -3894.86901983 66.469835883 3363.6324197 -2103.3299226 739.992816654 -2103.52993292 395.879517079 1898.20902274 1131.4165671 2112.65961153 -1050.06258726 1849.81138344 -559.734530096 -634.257789947 -1775.06795369 6333.11420895 -2439.66432617 -1114.26364105 2422.0446194 -1466.15975383 261.887776779 914.812666241 -987.628196426 2330.11085907 1664.09254722 1496.36515288 2445.07684722 280.061350716 397.184110325 -1615.08926395 2256.14475998 2131.71125799 -3501.95499551 671.784062615 -613.048326288 -2038.81310439 3633.60972104 -2329.95630891 3294.49273128 -1024.89412747 1949.60191569 74.5443383185 -3369.32420768 -3079.39029332 1385.10845725 1671.65922458 -1896.41939326 -869.504708853 -2526.42641461 2555.70544915 -525.331337712 -996.581862032 2074.54728539 221.066632668 915.061581642 -260.245219286 5381.49502055 -1592.72776163 202.067219169 -124.495409983 1554.31955702 -1267.29803235 42.2326208021 -81.3576869763 2062.69728462 636.77799737 -1599.46079785 -3416.84313972 -3131.54008223 614.116526588 2374.13351483 218.259927904 2166.80221367 1859.61992262 263.811659111 -165.59634048 -1259.84058252 1336.63633615 -2491.14686729 -2982.78145355 -2205.50523567 -661.4192509 -5172.58365158 698.656494078 771.964352305 -3843.38663043 -610.65497549 -143.596163416 -2052.96990027 900.04865229 463.277662987 743.524786454 3383.10868484 1002.02058671 1883.28103925 -1541.61988543 1265.67040345 -304.740346033 -2328.41839728</DataArray>
        <DataArray type="Float64" Name="HydrostaticPressure" format="ascii">612.783324198 148.450913992 -618.251006008 23.5509439831 0.395624019837 -994.170719825 -2574.62271786 -533.866715272 304.622127106 -1310.45471943 -78.1234442362 251.950068651 -94.5498694282 2510.24589834 -564.170272574 -260.363042046 1138.59135323 207.619436458 -261.301130937 -400.193797175 -152.297323608 82.355543927 1244.44688042 650.118703454 1401.22624204 -1011.25225177 -355.058983102 -219.684842754 391.224561014 -396.18627156 -3638.47277881 -1686.57723569 -445.11328229 96.9606981231 5858.91073907 -2522.83329325 -744.677095017 455.325310134 -132.442786294 274.721355348 1705.11032 -13.696212778 1329.41589747 -132.226051073 -2805.42081938 2627.52972547 382.792786048 42.4123746449 -253.228881045 45.523891748 -129.499565752 146.948681956 59.7584282588 3314.70434711 -20.0005837069 542.627507735 257.089208492 -76.1398127548 222.268161149 -149.963304792 -45.4664137614 -195.020060802 48.7200229108 842.723053681 -868.277529307 1874.77098292 -327.526136516 2410.52955804 916.201533314 1584.31161397 136.626275863 -585.008391269 633.70607556 -2621.67554221 171.700059482 1367.86590473 2505.59311052 -414.927678461 -417.404581078 -529.713556412 -42.6660058307 977.982037657 -842.206982154 -164.720780216 -1245.34321288 517.470103934 770.222910818 -172.039254021 394.385408707 834.845864298 -791.124537959 -62.5854016592 332.4576643 241.075237851 -354.141471904 913.661055008 -1045.2291076 1289.19836719 -481.144210825 700.522636428 -110.119777544 -272.048420978 3000.25591407 -453.235722617 -762.937476647 922.915963893 -278.214947726 -647.343708924 -1441.31150753 -191.173666973 -669.717265125 2140.03565914 -12.0654956658 -70.8055576747 481.024763998 -1657.33790562 1647.30560177 -37.2979019316 69.1522458801 -3779.85671112 -198.436559772 3.06475077556 177.289314342 -2193.00838979 675.515405104 -379.48849833 -431.390741004 367.282547029 4282.14874163 1728.23446418 -168.36905767 -760.822479531 -186.199887212 -4487.07938755 618.276677174 -830.341217041 1109.51521771 -3613.03790222 -2183.62681924 562.950373518 -1838.26381902 -559.864787443 -457.107854652 695.337077149 1243.21592501 178.220494891 913.876826298 310.121520288 -260.776603838 -107.691894046 -1439.16370197 628.523536471 -4226.07186821 -93.2265115361 1313.69492717 300.125164862 -557.516047792 841.859613832 -22.156611961 154.237469648 -132.84408446 918.186027939 -158.937181611 -816.658239648 978.741510243 337.635985708 -2181.04455984 -356.286372769 1343.37320687 -224.010449449 -403.282631193 -197.495206912 213.300465058 -277.243995294 -19.2761609138 -290.482466572 482.911638196 478.999249224 1749.72877159 -597.764017719 -115.914489449 -122.466351877 -491.834365652 1472.18699947 342.274714326 155.465613717 -677.55312391 -1448.00464164 -1048.5576853 255.516384249 -608.966784685 -376.034520448 -570.827752893 1508.21214936 548.157399444 315.862148573 -907.373940982 3273.27123327 -628.560725551 110.359328241 47.0822747114 -501.503627546 -104.313231888 -166.481049376 207.181983929 -325.772919253 -72.2843301066 376.49415562 -2588.01300784 2199.32820336 1180.86478146 7.46158226935 -145.766063788 -16.1181159992 363.799669213 266.3619775 -27.3032271374 791.169790566 -2553.55693809 -202.176321232 120.494352361 -625.166485945 -37.7223786017 964.353396601 -454.266953269 1414.75265586 2626.98876299 -975.748039797 576.31563912 -65.3582299619 -1654.44427855 202.492291041 -497.376695215 1662.19376706 -177.209716869 -1896.19615247 -445.28951727 88.0862591332 -122.375451899 -1478.17251853 -43.9374982334 1038.68083625 622.298331128 -183.037211896 -306.959529975 3449.50603942 55.5581363504 -866.27675873 -1428.80219733 1263.96843894 1143.45093448 -267.756359702 -57.1395549699 318.06955242 175.449643875 352.108815913 -428.596752254 -1513.8370185 -570.279091883 75.9693173867 -955.39970697 -816.690906604 -2027.34720477 73.466162139 505.859559087 -137.419335895 -38.5566860646 43.9209271417 -1008.532372 1675.77548771 -434.355544114 1396.78309361 -984.835509558 75.5328914833 353.586410239 -280.209557929 219.96994209 3108.83112293 -3079.30751515 738.04540637 -114.817597261 -378.417304787 -323.443177394 1.23844360805 399.481347071 -34.6863601039 413.747369006 128.245456187 -1433.97072548 -64.1698718775 -8019.98291837 373.040561357 -531.903481385 -229.90187123 -203.185945298 -1059.31561553 -678.480779821 423.922376598 693.892004587 533.951816338 21.1902641914 147.287391219 -291.692320112 547.351632793 -1093.10162298 -89.4927103929 1561.74360275 -23.3758287057 -782.244324929 160.711383659 152.926893244 194.508364137 562.842330244 -73.9259332533 357.659778326 -1455.98828158 -19.6103308301 728.06940917 30.003702624 236.752740497 -423.082956219 197.132701976 -170.924622672 -105.834452616 -155.808320282 374.142414164 -601.060733973 -35.9550834281 492.339734173 483.057970822 -867.584831713 406.925400339 -295.658680881 330.512122545 -531.787275837 -412.257291333 -520.510679371 667.053532267 -389.634309585 4906.55606066 -170.513509213 -1231.01478881 945.426946319 495.414494124 369.795423596 991.931031266 1232.96239479 359.561626588 -581.673108248 -973.987544031 552.051875492 79.106359732 -3156.06806977 -1412.41058158 -564.883188417 3146.88558223 761.479909942 33.0553294762 440.647390081 -24.8481127728 1831.78112291 1395.1532332 92.4619111362 2717.53614281 1297.00290396 -406.92952847 332.403573063 74.447061927 727.297178178 1486.93805798 -157.937207186 1566.91584932 -3306.12149418 -9.36181908819 -766.114004298 1316.77539681 2049.36338316 2095.90109618 -463.411908204 -723.555880145 29.8244108011 -239.222737863 2007.92426311 -1180.4327583 128.218910994 1915.2465183 129.670654486 -1674.37594136 -1026.0283186 -389.114545805 577.484339522 -378.145484149 438.972478059 603.982133343 1508.31282909 -897.173351257 735.66450227 -470.258987208 589.425734344 1144.69952397 -451.722718967 -2281.63477469 187.365270226 -327.491528767 1833.01653364 -1057.52262535 269.343891763 -34.1663425942 331.354037447 -151.306254285 -45.2061457558 -2690.7302584 174.158783438 362.708798573 477.322901044 -41.6554413792 -156.104131318 -518.661001533 -878.89692857 -171.169219234 -3393.26005298 370.890577022 281.105527168 -1431.9562832 -463.455438989 -1938.78948151 -9.10911668219 -456.045266495 121.38228862 102.351433414 1311.67639786 1468.821143 2034.71722102 -2462.84107969 -19.2394609256 -266.3364849 63.7644925251 -138.730869505 602.367874263 -593.252138603 525.066803556 -557.784267828 -152.13619551 423.526316419 -175.443938257 -452.890723334 259.048779309 -50.6553765512 164.05474592 -1322.04870784 1295.35775579 110.028051472 206.059253329 1899.917073 -281.06889215 1454.99069693 -4300.20026394 -782.315608601 645.586450914 -2845.78994084 -596.879591487 358.023359293 -1275.45137733 -688.504813172 432.961024117 -363.922976941 -253.118674336 232.6982846 607.265365757 -255.530166515 395.837719202 -36.1007568395 -1000.3284737 44.2405017561 -69.4224764729 381.299159486 716.171424374 205.664682561 475.037239773 544.80605953 619.288111771 -248.79170652 249.784550404 -685.730755992 -414.823123089 415.574576812 -830.299048433 1466.20451084 552.100627543 -278.142239627 1101.57435935 -443.89806458 -124.983349739 -15.636750588 55.1775022291 -124.240469797 835.711728781 -2393.48451667 -553.042880576 30.0841011322 323.032991211 -365.621260086 820.285052303 168.604771041 86.0766115461 645.077597395 758.087416552 431.758964828 -713.32983009 955.985192668 450.871859489 -1672.61054138 938.978046835 -342.772622618 -1599.23345564 -49.4982806221 169.764002178 34.806357643 254.60426429 92.3943276248 -169.545780219 -16.2132665676 211.34079248 558.581373376 1559.97799963 1518.15433203 -471.252250229 220.222498449 -1001.72178341 -1371.0240499 -2037.08268341 -1065.56913536 592.253376509 -542.408786346 -130.808935031 333.419584908 -565.577200325 205.552295652 -959.634380747 -468.669741978 1153.31397528 647.682763343 -295.382118769 440.076252489 -2941.99763896 -445.000873496 -14.7441523038 296.505138508 46.9750327886 -7.04455719958 52.9055550903 3828.47469222 -3823.14913979 756.13066367 739.116282347 28.8634016849 -12.1258563054 -679.372916057 133.498430814 -1793.45822065 502.239949026 1432.02530232 1360.71060996 -543.019096776 1432.66923725 1041.42109952 -2280.87186176 -1509.05874326 -431.92960149 714.485295142 -336.24964224 -70.7243411813 -459.41765597 425.424803683 -279.224667161 -2061.91894865 -423.723476309 408.094223265 557.639382653 -525.844290253 -1128.90839755 -26.2285637359 -1142.7211202 -348.844726793 116.450937464 445.393008882 -770.79498641 48.3547680132 -165.84693942 939.943793215 -172.576328385 -207.47820269 979.362917144 502.632336808 -91.1798404401 358.150709415 486.218358307 231.692401032 1132.65990559 1505.04677545 -55.9823112903 404.208355339 -444.926968264 93.5632453626 -627.059830601 -200.267512311 1273.04467516 -29.56618688 -510.419611148 -1458.36853212 1319.27364899 14.5295722411 -346.323235043 739.02914992 591.182916633 -274.706304332 -423.776366191 205.591766175 331.612524617 -2228.09393514 671.488670533 252.811794314 932.436410482 -2098.41365046 541.752317286 147.224796803 694.705244738 136.838819257 -90.856917085 -1274.39987217 -3621.65712589 -57.7732856418 136.325188867 -1056.21423081 1079.08324588 -439.86451406 191.247215285 -852.38776221 520.828229188 -98.7112716571 -537.605343054 -318.146825667 527.658936838 -979.329797932 260.552659403 -62.4578123708 -1544.28665357 -1126.79594037 -965.126281014 2983.12146802 -2309.75788281 -784.478794105 671.871473343 -1201.17149252 -935.780657369 -63.8824463551 -91.3637420581 102.935297022 329.162725831 762.581820537 -4.16651624083 -1065.91166664 829.036595384 404.76713376 -976.414644053 262.08155328 29.4707947169 -341.624972808 218.271084925 -1083.58651319 1095.91339732 168.129448362 527.894825315 471.2826005 309.546188648 -418.356130018 23.5591944552 628.235516461 477.88376321 -893.40540322 317.954350947 -839.336892587 1348.05473583 -72.2760853302 -164.88270978 1990.18290697 755.255666254 745.320449498 2109.03468861 -580.315294385 100.141127635 -614.687547181 582.574035033 1486.2331506 -289.100080243 -1324.91712055 -116.558077864 -605.053309102 490.3659593 -621.093345838 -30.9532812677 -357.349745709 -268.92663819 -912.168918359 5046.09972465 -147.613242941 -1063.8007176 313.501574729 -295.956346456 -912.318396882 743.558719071 670.670423865 -21.7557353419 334.400368554 -2880.43568776 -1365.48558007 1016.89620861 1183.39340749 -155.026706319 108.044515544 -139.730063154 409.582808983 -88.0199907136 1299.32727893 -758.321751313 -1075.96906334 -706.479701815 1006.86175751 952.065798998 -100.151849649 -1097.90391689 -480.219630806 -53.2550148269 -919.476468945 2301.76228942 -1480.359176 -245.784288079 -2666.40639548 1757.00158915 -495.306222173 -2465.48288586 195.472321909 -853.573304091 1315.54392931 -211.553065646 -1130.57478761 -1082.25999207 110.296689157 -1.6898738996 256.223935686 116.450149459 -547.011701429 -296.634092062 1199.52348049 -1196.43783603 817.134887492 -177.8772243 -598.768955892 671.290478064 -62.5487758295 -567.961497082 -80.1840518975 -108.498505137 383.818322689 296.583567206 620.929329276 -2429.81853742 -461.373176282 -44.8525402248 1435.30902662 -904.225579806 1092.95619592 -1213.80206866 1478.25679408 220.754027513 272.806420779 -531.493434861 1866.31953189 34.1400755477 658.410384916 -651.152943704 845.114269382 486.215860178 -1456.7195312 190.481093675 384.985086259 -3057.82752651 413.948371476 503.524188222 -1077.2651946 723.045191496 238.060244569 -364.652767951 207.167280069 2350.79290452 1137.37921552 -3933.93690596 -408.841549755 -1701.48393858 -1132.68802373 1108.465664 -255.076712037 -1721.85831813 -925.701191306 1157.79774688 226.524548412 2749.02226489 -839.090440505 -1303.41995032 1642.86115724 841.316547482 91.5364739785 181.799115885 -473.45864684 -678.372608564 266.04912314 1467.81314047 -779.037496103 989.281107292 -258.171007877 -1570.26813062 1585.06237413 481.75911198 288.421749581 1027.21924108 354.613437292 -423.681656911 928.589801116 294.864836957 -217.210888344 635.804163862 280.729196851 -3359.14803663 -2194.76020723 179.180398948 -2202.05259419 -467.544934477 433.19343029 -369.158070288 -319.748395827 -177.980407321 71.4127117574 13.0980953838 -803.824041185 -39.9072360211 -1106.25606241 -92.7334336338 -478.965274994 39.0458718016 -473.221282839 1969.797834 3412.42440545 177.255763914 3374.91522965 65.9902649553 -56.2333420456 1110.80348066 333.816377961 1.04846908912 -1171.30891372 520.876864707 566.881442979 913.961365351 312.248133193 349.40061691 730.029732559 2555.506305 -76.8836095422 2753.16574394 16.4467506215 298.116953348 323.538139477 455.656910919 -181.249278649 -561.893232487 46.0156185962 -558.934217983 403.452712775 -255.753881954 184.996893451 648.034210574 -331.896401684 416.242534156 -504.348322152 92.6778287899 -128.131702928 -23.9322683837 -948.026927476 -462.327240482 -1070.15002858 -624.664489152 -689.95328364 533.99984651 -295.038055637 -51.528023174 -796.001889036 -81.8556736158 -565.290597831 -239.689079218 -227.225999188 137.366317427 -2518.43212723 21.650200128 -446.36316687 -486.248802424 1579.26755975 -57.7555028108 635.610668642 842.479178209 1231.98634004 318.224422569 -871.480245551 459.860866197 1738.71828137 -1338.86159886 348.654325564 -749.522425912 -514.464912603 60.2374444886 125.195397805 1952.57608121 1548.54217476 -135.250863693 -1248.51749778 -595.34767697 872.640099971 245.880339549 965.405281649 231.861047534 -364.829815687 -1395.82087224 -353.074485785 -282.488559417 -1408.22156641 -128.843671195 -489.188507349 356.276452134 -654.204506008 -2223.39303966 2927.10136467 -14.8963349553 1181.16072303 294.317581019 387.240885803 -844.520899539 93.3153363664 4.58471994503 -370.205821479 -328.822755755 423.048359222 -121.841232962 1089.81735125 582.056254863 -37.0726447937 359.454943189 191.128781639 183.873151437 -1910.1947889 -31.467759949 -459.412289109 1281.61100064 387.680612206 499.215610903 1350.70837369 523.53089487 -681.646613438 485.688778049 691.079731864 432.568312821 283.961218801 -408.806419043 -46.8034167197 164.532463817 -766.907375659 1561.66370489 932.335596006 -887.885751918 -23.0379933887 -700.679544281 -1639.78159513 -278.466909463 -838.868420599 602.192316753 -1234.26849266 -1910.77775031 -143.069498856 314.073818851 -614.62255953 -475.846120233 978.202336341 -1013.77936053 73.4053086439 4010.59895212 -218.092418627 1629.34126159 62.7767237342 713.116608367 -419.351035011 -1178.71553565 264.880069923 1155.23172051 -263.458786767 -603.367585649 -77.8384128906 -285.139695554 508.668081765 -90.7969186291 -335.229630672 -1081.68468876 1148.23796619 -700.561795865 -332.758875486 -905.950434675 -266.273974337 -858.292408466 -2803.48321285 386.662471724 339.050674679 -2774.87310126 766.96218866 611.531818799 -690.78049578 -525.864873466 779.943922322 -1858.73956744 936.817078268 -697.561060925 -142.403448024 -4075.54696206 -480.506331638 -941.152080152 -300.391357437 -1053.8504287 304.531509261 -574.108825433 254.920630234 -24.6466963879 490.583433507 -530.447935863 343.471802039 -831.081236644 -435.642583215 307.076295647 78.7845973629 1358.92333249 -359.975417872 -136.087368331 41.9378848395 -337.127678485 -49.6019320806 -141.976837358 -1012.27517743 -297.686084642 536.324922905 -896.902932026 -440.428188841 153.398389318 284.336300004 -540.822303505 697.95551843 485.283121897 -43.1960326799 722.386839527 -494.869327658 -217.094182986 -22.2384607451 -889.875501175 395.881950105 334.791096349 -247.623717502 3704.11089853 -787.536438524 -331.39071792 -691.193116168 4037.9553519 864.755105093 833.697597411 -1052.22559247 -242.969047934 416.949105446 8.50067887744 -5.66743179976 269.571070838 -1637.51281298 -369.479632623 656.358255965 1096.40997296 187.596575594 887.161367099 377.131996682 87.6931383353 -113.391078265 -837.074731139 538.175227935 -588.625381075 -948.743882412 -137.994029987 236.51547017 5.77969592859 817.968668457 724.753213547 -155.026706319 569.50097483 -258.383766359 567.685073957 133.827979337 -119.274950603 557.580138731 -982.500291969 629.694500923 271.488524313 -935.683976628 -1784.27844355 -373.733145975 861.922877792 -620.94160982 -300.387544169 -13.9621093623 630.205942806 1090.24698239 -1838.11760649 626.121584354 65.0850710216 -176.146364159 836.102773063 251.938192695 -713.491426663 98.3355159604 -243.530206672 100.355258766 420.179472015 222.158464478 -4404.30049085 146.651296007 1873.05220388 40.2986302932 257.182604788 643.783201713 2207.69242298 801.350261027 578.012900291 574.756032851 -2973.14600633 -399.511433874 -341.187731519 -2667.75517726 -68.8533492902 576.055774939 -373.137043798 -307.430247274 942.939702072 100.219178639 -140.987698994 140.888736875 972.667333509 2330.55259483 499.992022143 -360.71819207 526.386284416 -773.86713087 855.047554663 -43.1626675445 -426.016339037 -992.569644793 112.482592698 -1759.49837876 -1164.12517515 595.335471182 206.220186988 1300.73512645 839.909821812 1262.52742269 544.434200104 110.82521698 -637.161020039 -471.880043055 -1.81827152081 -2935.84522353 309.044830536 -819.967034765 -622.413446278 -280.178991823 441.977773808 93.3153363664 -354.170047573 -840.883447474 739.444754915 7.5654316861 -424.220114024 2232.7355555 -1161.55795799 -3120.19362003 611.405531313 -607.230400491 -50.6286611608 254.263230275 412.060780618 141.967325924 -431.783922696 -80.7353231237 -732.676543568 592.104039115 -19.2977348051 399.131127824 -1362.85331222 2.88586131456 525.3296622 51.7213567526 587.817209224 212.32157852 -394.12737305 -476.289280785 -181.440776836 429.476269107 209.686558842 -886.003840594 -1013.17011456 -603.777176712 78.3733103462 782.314375425 682.375975897 689.825581824 -96.3872857173 -507.751669439 -814.123030981 -899.246522653 238.059932266 -868.465592075 -168.69244274 -927.759901408 -282.509380085 55.9352647546 594.686105741 -132.298064712 518.463906456 -1597.7583679 1715.89844632 920.582895687 2888.55620162 -540.101290007 -748.200188782 2283.7411987 -125.156020103 -230.247531383 1141.69289961 -188.955988531 1017.08671735 50.1691977715 1177.70331777 -72.4135359055 -221.711131221 -471.402263406 -154.564272013 1330.64618335 -785.528542835 448.0421132 -101.531069374 -338.400447072 -122.737488266 -362.996213873 1934.57335484 212.470892743 242.433527677 -545.739980069 -146.835415136 -195.765727773 -1748.47120389 2523.15375549 631.020917469 -1963.25494071 -1229.895249 -1049.23967449 -3045.08181781 -993.270089722 138.118161524 -938.189665502 10.245599183 -949.314703618 -1082.78744554 -165.224510014 774.891168267 -305.431882039 2690.50471938 773.532944869 -1200.98457297 452.454833628 786.905199955 758.039871535 1047.33081987 230.082188642 -2804.89861441 -1178.46366588 484.20640302 -705.585372577 286.163727509 1604.83637821 -260.473189692 4.74439441649 348.225656726 338.186129723 29.3960580566 528.163013697 1736.85365302 -764.623140806 484.182745046 438.914430093 -214.359747049 -1779.98954133 524.980924454 -743.915196193 -659.540480786 2263.92273647 1524.49236372 -589.141679459 2296.64220533 -102.633867329 382.847501955 -437.911617975 -189.464280909 842.43351917 1929.58604134 -547.474450938 117.607118532 -971.877902675 -907.537699997 1469.82074923 997.368701745 -1086.90655025 220.9858244 1341.23362673 -16.7326328936 33.4768888986 -106.001912065 1482.52540371 1191.4232901 8.13615222927 -782.201489052 338.914595286 163.579742276 1148.45911885 -359.051393244 174.354607064 108.05684239 -104.346426774 498.445125406 1783.72456992 -448.861988387 -518.662774448 191.47409806 -814.001992854 -136.087368331 901.784465171 -2578.58312095 -288.895254657 206.719368978 80.9680055878 -1.64746369463 -450.499101723 -3334.45797683 572.870016878 173.187153537 1130.15135898 1290.74889561 -690.208393174 518.910340045 53.1588998305 -276.375742421 289.415748238 -280.685240243 631.116449791 -234.239544008 326.342299597 -317.05404806 355.95367629 261.029080725 -344.254848543 -640.751170675 -1593.76391947 587.02214944 -461.940453032 1183.06069636 -44.8030223923 669.153212284 -1115.50605107 -726.883717311 2103.63397805 -336.335272007 1011.70633995 1155.82884897 414.717967422 722.167931697 100.061471485 -73.2011889578 597.878582127 -450.34149824 -333.689939033 -365.699376535 -381.955091463 -129.170534749 -281.571435119 -212.004913673 863.897747701 219.293369944 -61.494836192 -560.10547161 232.897328254 2192.01012426 -17.2418832243 -901.924244232 517.24649786 -62.4578123708 -14.9300414779 -258.990403779 399.037305442 450.800750224 -90.0847287439 395.508023809 619.30110586 346.060468118 627.266085814 881.494129107 94.4511113522 638.683390108 1761.79744036 -703.024375415 1353.68040384 -681.625402493 367.122529262 1059.51248229 -1005.77563636 -861.272026282 788.57507424 616.635287436 -271.809022685 53.9035065215 -1339.6588579 -954.016423353 272.816633104 482.91908943 501.327657229 384.313789248 36.0734852294 927.238287987 -107.542186713 291.557229577 -955.234551299 -368.095798675 442.713358365 245.349404581 15.8167425748 311.404240634 -295.734675671 -1258.80387455 350.498516266 979.383538713 278.02946687 -897.085693703 -715.128790246 -704.458171521 -447.72681503 145.408210335 221.335806845 -978.424842324 356.390735154 -604.773426278 998.708809235 -1178.08282448 303.971468494 -286.278503446 182.804435102 420.966485369 487.34635081 -822.933429572 561.127169763 -78.5620032992 387.40692313 439.423491147 -593.414438208 328.831978979 488.893558051 -1092.14148403 106.198826923 792.162152652 892.159929165 -100.692757758 1456.97667804 -2030.4020184 1084.90182769 626.679706268 -477.466974041 -128.4306911 -775.637447464 95.3015409001 -808.427666818 -217.770569742 -440.8424543 -226.277023946 981.731740785 -974.592066186 243.572901288 -555.111220792 -38.1222226042 -455.488521168 -364.359765352 38.3898618181 130.288565472 447.517088245 57.6892992999 239.297551125 -125.93524309 -275.851423822 -152.761846163 -1537.42801283 -1802.06900651 -2449.91513815 -703.344985447 -487.439488037 -239.825218164 1854.96385858 360.648394112 399.658539166 -197.365640601 -508.168120605 1085.84765778 71.9420503722 227.955635382 572.214225144 1245.99497247 189.528152619 -250.507461465 -572.069462662 180.522503071 175.194683158 438.982886288 -295.262905221 127.577765728 -1366.70239225 -266.963823643 -149.005445409 452.205997933 2385.64422959 -921.04180319 173.837491809 508.548531994 379.479518304 -154.764161154 -259.549957082 1164.16094274 -306.33671449 -155.026706319 -526.756632424 376.784207525 -992.447288248 506.549644825 -20.7404119252 559.13572819 -716.442640194 71.5664869165 -1181.57919749 158.852988329 257.228621329 444.378756664 -149.778731382 449.352530764 614.354146566 -140.175962341 -369.311532734 1050.31114227 42.2090322183 -355.624459021 125.213692302 -35.9899153853 260.547970902 -40.2119872499 458.183353547 126.721996995 431.104183745 125.535876718 -331.2980616 952.662403934 793.675379697 -535.607787699 3219.51776734 227.923158912 339.774996859 47.9427693788 -798.40653955 533.862291299 -88.1139278625 -283.529645433 -697.080364751 523.415116746 159.52062471 49.0445005472 1133.37860063 -901.034526354 185.508254783 -296.185373965 981.067491821 -62.4578123708 -407.313354768 -776.672129565 184.574766788 -29.1599468389 -1723.44432845 -720.833382856 367.345235966 978.333598496 307.119075654 395.185388193 860.472034879 493.943460509 -14.9401470181 -113.412908266 -485.940345992 -794.123938788 -172.198598726 361.402190917 825.572122535 -708.425873905 -559.419837774 1028.09175448 -12.6054761632 47.1204997038 -1181.49184093 -783.672898298 359.89291137 1067.01550283 -671.390845968 -382.679735275 423.72775501 117.080207051 -426.638676021 451.613879893 -49.7811595916 940.352188485 -1386.10408937 -212.375346825 -799.665716202 977.747006998 190.964592487 -287.298923867 -234.197645939 499.060188419 522.61486734 1456.82764006 -735.592989558 226.532875228 -785.216193599 534.849014079 -340.40109874 230.529891196 381.261172568 -676.123170007 6.54294899831 268.960299405 -750.494772223 717.189236801 36.0099728236 -1218.30714063 211.754358464 -36.5599119797 -595.869255817 243.353744197 -80.7535864022 -556.400312795 19.342558752 17.7327353496 629.81669111 -85.533630327 -140.131189504 -592.529366761 -637.413496993 225.282143359 -62.4578123708 158.601283086 -194.445859101 -1841.29377386 -579.337906986 -109.020794392 248.008381639 656.020936763 -636.762545777 -683.74161667 -5.34365789466 1674.27709654 605.69540785 164.849761628 626.633875261 -315.146650607 580.871148718 427.053636934 441.260363579 -471.697281811 137.24817542 -78.6348257011 381.818635457 100.158197601 -62.4647645489 581.125792504 -593.061548684 150.91063117 742.422457751 -101.085133751 -529.676562398 739.623149018 -256.81660922 -7.20629409212 -10.1352280486 90.7704281516 626.126706072 -476.146607587 628.536318297 704.368538349 -1938.95277416 -76.5308091562 -490.624029965 -584.209830326 -8.00320557199 -398.58999531 1545.58175056 -222.763257574 369.725942229 -417.107021596 397.687045587 844.56531267 -833.77763581 -305.263600938 -324.809100671 529.407391644 2750.38576176 28.0870167621 -106.105863399 109.818937622 264.978140918 -61.5932900574 1971.14405517 601.473777959 206.193143524 130.329542313 489.70602683 -360.85115244 408.666374862 643.579312271 -214.159885038 -553.863686475 -1141.73724324 -41.7486988097 641.809298657 2414.53876965 -63.9095018273 352.339378593 381.817663658 -1.30074699693 761.280889169 -317.990121278 731.602703645 -80.711324327 -403.549693053 -172.688565048 -24.8481127728 -66.5788270704 569.34712536 42.1081410993 29.4230500235 786.449491453 485.370749476 -299.565661947 963.212191368 -436.872880765 999.071591985 2378.56650093 187.847322802 -127.396768658 863.169573604 369.419515594 -780.198227616 727.895453729 -155.026706319 1413.23323735 -107.565273366 -1309.10243607 -386.803578098 559.960770779 183.030829446 867.489822297 -1469.94956545 799.57307646 -300.738447269 -165.956364343 -651.722803575 113.485279495 -136.087368331 -611.293345779 -1073.31749736 485.69190326 -986.500716929 -248.827874436 -19.1988817385 -449.051084268 -91.1940261106 -745.17835415 436.247514973 151.856952108 -620.574329615 -184.556997058 99.7836314481 858.192398267 -896.535572755 -608.084688255 271.686055641 -429.313298158 267.252833703 -56.1295327977 799.376259991 -412.748676294 60.7215463845 -668.378764664 -6.02816111044 418.524550451 -598.903372541 -496.826424658 -77.5751517379 -381.116905092 -938.896146052 145.585776352 -158.694614625 80.9535375451 -1141.27927865 1241.39119393 645.766585303 -484.712925585 717.024775692 80.9535375451 13.3180077601 282.628136495 -312.126958896 -113.589875521 1103.38876449 33.7670289298 925.911284535 -24.8481127728 -11.0454367078 -487.381114287 42.1081410993 88.9757097993 -149.886343894 1187.65593005 -108.911888666 362.864369594 204.921865698 758.392005391 -796.812784637 360.236312404 275.403107124 -173.538322353 225.271494727 -653.846440322 -1.48742047067 13.4543779605 29.9595508707 -428.759472052 -1031.00650029 -98.3988728845 -1500.11435736 -326.058222831 -981.046772193 434.65901229 274.907551003 1428.80132647 63.3040535634 202.665176273 526.026504851 -56.1295327977 -1161.24547186 60.4870831922 46.5335169386 156.852439351 63.3040535634 94.6084631893 -385.500870457 -71.131378958 -726.019289768 -602.741498506 -35.8371484197 -36.6835515168 350.784785078 -639.840983608 -476.260291659 495.616354908 32.1781998708 -416.594740118 654.077344381 -191.543670895 351.644712953 126.605669932 336.888314341 -513.335029638 -853.84161927 -61.1044712942 -993.821299395 209.73457 2022.7550098 -421.355588259 -483.175835055 85.1892489235 -239.582978737 -942.981539743 13.3180077601 -605.686961979 -248.533380623 639.730299577 -136.087368331 82.0628218408 247.00256473 141.493843815 -1144.81971889 -40.4967472513 -594.369903022 -399.44541819 -1975.17797342 205.872715891 0.44194354428 -833.871793113 -722.691449312 -409.942309567 829.821211174 7.5654316861 -220.563793208 1225.92820307 93.3153363664 -151.497180931 901.88250565 -108.911888666 -1387.40889484 238.661504344 912.601719141 -1024.86393739 93.3153363664 -195.109377169 -704.404015957 -2106.89715123 -1310.09640403 211.620735874 -643.261260709 -201.580776296 85.4073532377 1900.92922017 145.033994661 -312.784784219 -356.806678273 -987.896697141 140.475597746 -208.887473928 385.890171194 13.6591815249 636.205258433 -757.984973695 413.745249572 -384.516726669 26.9155222791 580.608720067 -652.308489391 1394.39084207 -332.020613499 -243.607330119 -470.07591406 -65.4554005399 -720.404221035 -811.90876787 477.49943422 196.89438083 -598.911467237 -368.312468929 -565.507657425 299.755572116 285.750403496 52.5863589515 268.540495161 -136.087368331 -260.215125503 -472.376261041 951.406841172 1.09070147951 853.557478932 -470.721764742 302.247136275 33.584562399 -40.4967472513 1001.58622378 87.8378281576 594.05017385 -74.2445142093 59.7951350238 -22.7105731439 -633.043647644 567.772673128 -24.8481127728 307.118249649 62.9267858319 176.325817422 205.728447398 898.776137101 34.0435576573 92.6659697201 -703.62723234 -574.350295155 128.023478595 -983.917380222 347.667322702 225.690267243 -431.058805029 -380.418920866 -694.90756659 -958.211449444 -683.506624955 -357.249986353 -306.882511405 -651.514187462 315.632609845 903.454047342 -804.453728236 -36.510858797 -54.6406093008 1353.18078339 -135.043318865 -210.95093915 -720.050078612 -63.6507705442 -949.358328005 190.999719786 11.4392052754 393.991500439 -723.658042665 275.78343411 -2070.04370632 248.588385267 296.4014159 -685.29593227 492.302752519 -793.854516919 -428.454460181 7.5654316861 1862.30207318 40.2986302932 640.834196297 -940.978251548 -329.171967236 -115.492504168 -251.063362941 1422.10438867 -183.147267281 -178.720996924 -182.229888932 500.112084182 -160.082120033 34.6930660996 -465.000100217 100.933352849 202.490990767 -62.4578123708 809.610504271 -199.665563894 -461.267820119 60.4870831922 387.420663182 248.122496982 665.15280489 -560.564938858 134.247497873 -8.93384130846 42.1081410993 250.253527723 -505.18594328 -736.155899681 311.274054793 1436.39763602 13.4543779605 521.219937138 -1694.98867087 -1365.77369469 -1830.78783783 1016.46816366 63.3040535634 -42.4174509166 -792.141368834 203.192621661 -75.2572917351 -387.275191982 665.411344116 351.147499184 -443.531961815 336.049276103 -14.0464086708 0.613957666829 80.9535375451 -239.732706652 12.4394266349 -24.8481127728 -287.056601748 395.281202973 -40.4967472513 179.018013642 -286.067643723 -559.119380048 -1281.22214496 73.9175415089 -136.087368331 -29.0755061656 -108.911888666 95.4812497595 243.583678146 -72.1710379995 197.998483373 -187.159991494 7.5654316861 -455.242774877 242.162272556 620.81703349 -29.5588568515 70.1405623564 86.3743412751 292.088348505 13.6591815249 -21.3798354139 611.76767637 199.173564155 46.5335169386 -199.507260975 369.592870021 -157.78191457 -322.654332595 40.2986302932 -75.2572917351 271.133992976 -194.892148163 103.999087214 -471.580411293 393.789779332 -10.1352280486 1253.34209991 -280.820827051 -270.107978002 -229.200342788 -235.988520905 273.609628769 -222.377902542 -284.286281964 -24.8481127728 -755.507158789 7811.66850864 3485.56932492 -158.504936697 -582.605535904 -209.931369892 1510.36953795 -1678.34047617 -747.211528467 1298.28967328 -22.156611961 -1121.21080657 701.1099742 -246.664272218 701.176644307 -131.959839026 -632.736340912 -377.1388557 -704.219870511 350.020862419 -616.603794481 186.578176699 211.419263316 591.689317895 -2111.03806965 813.221442056 371.421213684 -807.348206468 488.719917945 -87.2959255932 -304.937555414 329.209398809 -776.703619691 -554.697515739 -498.788384292 -815.02561574 -93.3537835722 -132.394703442 538.363087984 -752.048253328 -710.570419329 1167.31833184 -223.928020872 204.349442096 679.604368129 -1211.20324035 776.652102971 -1098.16424376 341.631375824 -649.86730523 -24.8481127728 1123.10806923 1026.46343111 -461.702819083 -557.219741525 632.139797752 289.834902951 842.142138204 -851.901816384 175.110445904 332.193954011 -691.515761797 -73.688877556 -305.020527214 86.7484064286 -1793.83167352 530.909253877 -67.3557397229 41.4984699944 -518.106519006 422.43267745 -14.0775402674 27.1192289921 -687.565761539 -212.259332457 533.153599282 1138.94771324 1043.84669408 -204.705508863 -791.377838278 -72.7533093013 -722.267404556 -619.873307542 -87.9372197037 55.19878016 419.946860841 -445.545445384 830.382289097 994.260484515 735.168411891 220.473083633 1724.19455053 -232.885498026 -257.321450768 1281.12887681 203.551658497 47.8653878054 684.323300091 -300.01621743 -154.425887662 -247.841595485 -1127.70289495 -334.006862237 -627.760346418 513.873295144 -421.890134483 101.580115344 776.139465759</DataArray>
        <DataArray type="Float64" Name="PrincipalStress" NumberOfComponents="3" format="ascii">-2725.66352644 -1152.56395224 2039.87750609 -1525.93950764 -133.939814605 1214.52658027 -1901.37539325 666.497695185 3089.63071609 -4430.85503682 1021.87703799 3338.32516688 -1344.54021919 -83.3996213493 1426.75296848 -1245.34709585 647.945864701 3579.91339062 1205.31406917 1790.1597907 4728.3942937 -2229.12362424 623.980484096 3206.74328596 -2569.36793315 -44.6809079295 1700.18245976 -1858.81405371 2480.94610621 3309.2321058 -2849.11315912 625.786526169 2457.69696566 -2852.86796511 -417.458662189 2514.47642134 -1514.71070907 181.941604876 1616.41871248 -6865.14505588 -1533.63138667 868.038747525 -1929.00251557 31.4801479609 3590.03318533 -1175.34663391 170.309979523 1786.12578053 -3772.52598519 -880.36120498 1237.11313047 -1739.40811405 -30.6054389209 1147.1552436 -2776.0082882 346.982018221 3212.92966279 -1094.48610182 423.871310869 1871.19618247 -2128.4981513 320.466171058 2264.92395107 -1798.54181496 -16.2867712056 1567.76195438 -5942.07198773 113.735890678 2094.9954558 -1827.30923915 -512.131728038 389.084856826 -3381.74362392 -1650.10651746 828.171415261 -1853.77440196 798.196189531 4089.33496773 -2150.74511073 -13.142855677 3229.06491571 -1216.45461522 -169.894230502 2045.40337399 -3296.86527222 15.0381803986 2108.15340878 -1866.70980806 -765.532170742 3820.80079348 1623.95786853 2420.17289386 6871.28757403 -2654.10247839 1121.94167445 6591.892511 -1641.74190753 931.548798895 2045.53295551 -3080.47182848 182.367690707 2607.22204341 -9938.42354384 -4045.22340812 -3593.08526525 979.725864147 1780.15971916 4808.61429645 -3582.99680948 703.140125337 5113.88796919 -2560.02325967 -534.994488786 1729.04181805 -2450.91029362 -26.8376985567 2875.07635106 -2889.48877688 -550.785572824 2616.11028366 -3580.58399456 -2684.93456404 1150.18759859 -2428.27909494 172.84059463 2296.52713864 -2270.31420134 -997.704111382 -720.229379681 -1551.69482332 -7.50277834672 1955.87575489 1406.25085766 1956.87071393 5053.14088656 -5085.1171445 -1798.08673799 -999.38529391 -3601.06054933 32.6361904102 2420.04600077 -3503.60188513 352.703333093 3023.6614281 -1788.95853239 -247.259504825 2795.90468035 -3084.4481078 11.5985241031 2936.27790846 -2657.22422368 317.798236514 2727.92468443 -2602.46516249 -649.201263254 2810.82037988 -2713.97671401 8.44634224091 2526.25508699 -5368.98570222 -2521.15366714 -2053.97367197 -4345.8545161 80.5550505189 4325.3012167 -4394.41479339 -451.765101824 3218.29737201 -2415.07693502 -380.345236576 2024.15454612 -2611.43677182 660.198107306 2179.65810278 -2605.32508728 -868.589386717 2807.10999055 -2666.09058999 606.492079157 2509.48842521 -2455.595842 565.100520187 2026.89456309 -2708.13008297 209.978657702 3083.21160767 -2235.18490221 -60.1112469863 2149.13608047 -1696.54849824 -475.958091787 -355.662571019 -2279.62181798 1389.25746035 3495.19694556 -5706.34071013 -1475.65103185 1557.67879323 -2323.00718036 724.357897654 2581.22769225 -5220.52667698 -1691.07832972 -319.983667419 -3003.79919819 -1146.13937047 1401.33396872 -2660.18636594 -1268.24211169 -824.506364279 -3274.98312418 -152.285326461 3017.38962305 -177.824888786 501.227607103 1431.62245549 -3793.22588337 -232.170853752 2124.27851045 551.371250032 1908.07621556 5405.57916103 -1757.77569291 1.58764495573 1241.08786951 -5242.41624961 -864.721033675 2003.53956908 -4588.13407127 -1947.28193692 -981.363323377 -2934.68122797 -68.7692563149 4248.23351967 -2792.53756329 1086.43291647 2958.31839006 -3875.70394925 1421.98500914 4042.85960934 -1450.99994709 -32.94584012 1611.9438047 -3076.33311431 -1173.91544402 1316.30244536 -1959.57593508 936.825336798 3549.37154474 -1592.90876464 314.876497769 1772.19460752 -858.041646242 691.386944066 3902.6843408 -2475.29980996 -1091.9777266 2014.86722476 -2857.54014722 -736.593209218 1283.46462399 -2416.44369853 257.778642532 2674.78281806 -3642.17950412 362.031954539 2096.99132346 -2587.33241732 -1076.91197976 1159.70680419 -1404.56109721 540.295747628 3237.63896346 -2937.76126985 16.6386351128 3108.87883972 -4474.5538618 136.91603992 3340.26482898 -1945.25940991 -546.168922769 1768.20261913 -1780.75317798 556.280155621 2286.89743807 -3689.27856408 -1589.93175318 2538.22715223 -2389.33938059 83.1372914646 5441.88941193 -4005.3231699 -1357.85628208 1495.58435042 -1884.02208578 360.666772672 2966.78794558 -2494.68140755 -560.803418184 953.916916451 -1535.91156831 197.588857277 1668.68204367 -1670.00583757 307.770637505 2178.380463 -6151.20022944 -2171.60110897 -677.966403802 -2171.26052234 127.126791415 3403.84089877 -1360.78061993 261.536212395 3388.05683748 -2653.76776458 -930.254439117 815.274312018 -3720.69464155 502.181674807 4053.15780992 -1422.14846118 578.334785553 2785.8448024 -1778.92401115 1992.35672305 4110.50181069 -2746.07228182 390.959402791 2928.63387995 -3338.95148252 1097.89404279 4250.20923511 -4552.69187269 -3249.46030177 1382.04519704 -2847.91766993 267.57985292 2616.53430401 -2038.93997837 185.878282829 2065.47836856 -3806.93678448 72.0372964349 2291.82519605 723.629867096 1131.15897943 3117.22487034 -3502.41079499 -3383.51969347 1944.01368313 -2393.15173056 -68.2966850535 2573.34212141 -2636.59997486 322.310153692 2106.83308353 195.113172855 3187.07853468 7957.37842582 -2024.21352456 92.4634031891 2527.05980069 -3697.86221737 51.3082470344 3637.35971801 -1929.8518659 95.1226356574 1302.86128721 173.860832928 1445.60957897 4959.55475748 -3624.24069682 -230.008360763 1827.70284227 -1839.07138802 375.744081891 2601.79280112 -1629.37121081 179.631839428 2743.91159439 -3073.14197339 -324.380753056 2295.67508536 -7203.7048938 -2886.28842238 -2756.45290873 -3777.27900458 -2563.75280384 1156.32841587 -4079.84705555 247.129238333 4337.82499023 -2746.21609971 66.8299463507 4961.85359196 -2709.13036587 432.849859016 2834.88016849 2713.49485819 3110.45058867 7637.29271578 -3280.19713223 -466.397669562 1891.76477027 -1322.21541522 1320.03841954 2493.2006468 -2632.21877445 -1962.40209452 1266.07521584 -283.446809592 4752.77917961 6369.78133664 860.370524189 1562.17238001 4128.3375535 -2221.09502675 -1209.38782578 1741.63173198 -454.906081061 1304.90902545 4664.78851268 -3803.11340559 397.810838962 5084.89692895 -2343.0629953 30.6399176705 3683.74664159 -3356.92392817 -560.152897912 1831.06559464 -4550.64342293 -504.907293945 1325.90294186 -4021.13278697 -621.381599098 4107.85290139 -3302.77854459 -1368.24873239 1929.39679808 -1550.93067032 -794.905262119 1415.47137158 -2451.91191547 -976.720625721 4210.9623527 -2399.91714546 2.66864752768 2720.32418007 -799.199985516 885.656112805 4231.03497863 -3493.68412683 -268.605178616 1876.71869604 2688.10865381 3074.73930733 6915.36764347 -3854.17564518 196.847328832 3937.00785095 -4324.62752677 -715.568431054 1099.11117632 -2795.52031448 -265.028389711 2160.1732096 -2497.85344529 817.489603529 3352.91198514 -2127.22504587 -553.90381271 155.550017081 -1606.03505397 15.3391928961 1657.16569696 -2896.46011539 -216.667088316 2650.41479476 -3161.08615174 -673.802444263 4233.42084939 -2448.08590734 -516.492757141 210.02058066 -1924.67671713 -20.6151541025 2422.10341607 -2314.68479723 1153.15186714 3611.50764903 -3358.63763582 -1190.84490432 1613.25800941 -2849.1737909 -579.977088151 2416.24292192 -324.578655558 1894.44698417 4973.26535091 -2194.2706095 533.274709938 2729.85501787 -4251.99675577 -1063.19899091 1285.07612606 -584.232507703 384.414282083 871.849573966 -2260.68295452 -262.078593597 3732.6094417 -2859.10871169 351.235746049 3100.35858637 -2705.91807331 -573.340936275 2639.35761441 -2636.42447381 48.7634444864 3419.3930152 -947.074878919 -236.568798689 1241.47216035 -2085.64171632 928.935535742 2028.15358029 -2978.20604698 -598.72768045 2128.19881284 -2825.6266132 -860.366396806 2248.99526233 -5753.01406148 -1144.60974474 1648.43749146 -1733.51814061 282.844118259 3243.96607551 -2435.04227737 252.332037903 2530.45370781 -1908.59674257 231.30581661 2044.68998159 -3914.05750906 426.901306965 4962.65929905 -4066.60990089 -2359.5592325 2009.60813498 -2425.13885978 -296.559227594 1694.87394439 -2494.86218957 111.856520262 1916.60882816 -2042.51746209 1787.88320506 2287.29362876 25.2047474724 819.233392742 3499.57578469 -11.6355417245 858.244031285 2299.06456633 -2905.45940461 -245.239014068 2384.14926594 -1706.73289428 639.743857182 2893.88939115 -1146.55033616 354.613200383 1920.04069712 -2984.33590787 284.337158755 4412.4820078 -3469.5109728 -946.351311582 -108.774163687 -2370.1339233 -205.56282315 931.224548119 -3128.34858203 -25.7029919647 2206.46512827 -1296.80785641 629.970925304 3388.95875405 -5803.32077105 -4162.92902856 146.436099802 -395.463551194 634.405162648 1646.7405652 -1611.42188762 -356.563094053 1636.90699695 -1501.7049488 -476.622370457 1837.08049512 -554.792510711 385.249992024 1674.05340132 -1592.4484377 48.5169851786 1856.87114819 -2812.49020779 576.692570912 2735.24078501 -4108.81634912 -170.293504265 3657.5639016 -1877.56786557 266.977095112 2587.90952822 -462.553762208 97.5557066843 581.851045843 -1419.27490749 -138.843788758 428.636229383 1183.11328243 1876.76465352 4704.16108757 -4214.44733274 -1566.8573985 -816.679878822 -2405.5888462 -893.966441344 -243.039056832 -2947.58361437 -245.676480937 3170.8753485 -3755.96321551 245.911783576 3947.3496233 -2022.12651853 136.017190183 1934.46367635 -2132.62572219 -495.167441854 1536.39415641 -2184.93049211 -354.762170942 1740.60673055 -4704.11798063 584.461273676 4201.56638836 -4312.91224517 -76.0026064601 2015.40547994 78.5514556531 2873.56560621 4708.5537524 -2487.00514214 722.664176228 2370.86992961 -3926.88794284 1332.26984896 2233.1350368 -1806.04721157 575.087082829 3106.45958658 -2844.7330721 253.384217731 2704.51599018 -3298.76789608 -101.169530646 506.877236919 -2324.99375624 417.051940406 3270.74267564 -3419.29466374 -2617.45967131 1792.49636747 -7037.31938801 -2045.59773325 1201.95083229 -1254.78310335 412.754476063 3769.27274668 -4114.84765676 -1333.28375502 3719.18449442 -4174.68412767 153.469925613 4217.28889194 -1920.93062793 310.517667314 6573.74579626 -1628.48602852 -594.239906325 1615.24906172 -1777.95896572 312.154405952 2957.93464541 -5391.46020687 -2187.50248107 2592.38138676 -2867.17276252 409.954115566 2988.84779757 526.454281733 1187.23394847 3974.90022722 -2543.66378403 -359.25368895 4238.78602479 -3031.13725311 144.366353437 2622.51212228 -2566.36715693 211.560303485 2721.93320914 -2052.73444997 613.296153127 5873.95585244 -2722.73195875 -164.01391209 3018.55836554 -2783.34390113 -1600.97378696 1268.27517934 -2917.90424786 -1329.39742021 2380.40667469 -2214.57362338 276.943625654 2486.74163341 -1765.53744781 194.823800446 2491.59223729 -5902.04221922 -2381.9470984 -2064.52880063 -3085.74518684 -179.674152107 3098.7449299 -1777.90906806 1607.69410818 2769.04523606 -869.352115298 681.007746092 4474.7509612 -2779.45573261 -1979.48655874 967.036974527 -3295.99134786 -2059.59856296 1925.23710739 -2192.61532183 913.306270286 2082.57813065 -3792.52870076 177.792734408 3786.15463126 -3202.1545707 415.267845265 1832.67806818 -2287.56810314 -56.9320488563 1818.15122037 -2097.42883366 -210.033807281 1251.1361932 -1022.76592779 -52.0144776609 2360.57066221 -2346.93527505 1014.53142986 5873.91490069 -1795.45999763 318.457814142 3187.83945914 -2900.94072154 -380.278948127 3053.31171751 -1786.99199103 988.399263904 3664.79184803 -160.18741467 -56.3795921899 2666.63972667 -1522.54567754 1143.33019463 6461.25709723 -1681.39974533 -30.7947894418 1491.79604835 -2694.59728639 -1258.05455734 2435.07316647 -2703.95283874 -263.305386024 3379.51623244 -2238.94943809 238.262513082 2116.3569832 -3246.22520441 228.583207666 2885.87921532 -1993.62171867 1435.14592596 3584.07290872 -5579.08475417 -1262.11679167 1813.8750827 -2176.83375747 707.460997537 2772.43939228 -4666.90211459 -689.751230219 1166.30406398 -1881.9024911 2255.25480375 2581.15421602 -4278.22965188 148.047963887 3903.58301354 -2037.54676274 -536.436785968 1513.22431799 -3085.25129549 103.478804765 3822.40116451 -777.778320418 -418.151169087 536.019663237 -5795.50252644 -3716.96382469 185.972982344 -330.644527191 4282.17763604 5286.3894366 -2455.79095236 -111.607072413 353.261805665 -1719.43128769 -128.042905445 2191.92698492 -1305.51165903 183.843848809 2256.91972458 -1421.01493739 709.870353807 1681.47411576 -1420.37752771 -149.580868433 1566.24306531 -1843.94412289 -766.663231808 1412.16331348 -3671.48035647 -144.016430525 3919.55586731 -2551.65656114 -770.143881608 2080.55833573 -1006.08431934 216.534234851 404.813715926 -2516.59933473 2171.46392337 4647.04758779 -1375.35710701 -75.4014970483 1643.26821969 5017.61752524 5696.8900125 13345.4412174 -2560.97997111 -439.730174951 1881.58846199 -2000.14433548 -29.8298211745 3625.68460081 -2459.52246113 -18.5682078482 3167.79628266 -3715.3833963 -88.0983337123 4413.03956591 -1783.16239962 1959.57109726 3001.53814895 -1650.42205736 77.2042907933 3608.66010603 -4548.66323739 -78.4148702593 3355.31097786 -4035.43555985 -4.15274678263 1957.91229288 -4888.68148747 -301.079148026 3587.90518649 -2188.49996855 208.61968055 1916.30949543 -2676.44641334 -729.556639612 2964.14087929 -2504.00701385 488.733716267 2890.35025792 -4365.1867162 -631.314855076 3354.4466729 -2239.68098483 1490.51027038 4028.47558338 -1375.36071708 -551.89765895 2195.73650721 -3054.52424701 -1163.18448374 -467.522077491 -2787.61469953 -126.009037099 2983.75122275 -659.564561565 277.467640599 2728.82989575 -3410.58168058 620.981479751 2307.46604985 -2695.14456185 -1036.69576589 3273.05964801 -3250.97885801 -11.6625159105 2679.11628151 -3687.50298182 -406.834910685 2405.81090178 -2014.93370819 411.035247799 1825.67626015 -4375.0247382 -168.546626546 3470.59202977 -1640.88964647 1108.0659205 4900.78857071 -2720.63492992 -577.744153672 3357.21007608 -2740.33882797 -616.469358673 1172.59995913 -3898.27358372 -463.936062481 4272.19853833 -2608.290984 -263.319314224 2161.35207673 -1965.64558047 247.585151151 2987.30929797 -2582.95820998 -252.586600243 2244.14670429 -3695.56815477 271.236360814 3937.10566197 -1663.82170275 345.750403622 1635.57465698 -2979.19738738 -242.471999418 3689.09434764 -2392.12350619 -539.515345348 1809.21160905 -2357.32778094 1340.81035401 2819.69962886 -3812.01902784 -143.759510203 4063.64378833 -1178.94991685 -304.141633672 6.07234800492 -4177.54802576 -309.706326809 3038.0804401 -1708.82067416 1511.2875013 2800.287668 -2498.25266308 -840.402210469 2117.87867253 -3093.448152 158.317469617 3822.10672503 -3614.85925946 -79.728737824 2703.05162965 -2846.80929206 -84.2980032977 4526.46912287 -3336.87497575 421.367509113 4152.27934064 -2314.65320168 -64.5205298527 3940.70576964 -1905.61162418 -247.541505023 151.992532405 -2352.39248104 326.260537841 3195.03487195 -8799.88107983 -3259.9217024 -2659.86539973 -2831.39084794 25.8990402724 3317.03233531 -1442.91372178 660.637080681 4475.32100754 -3402.80823062 -1058.44422799 1624.97161965 -4001.51307501 157.164960296 2358.10463234 -2743.44803844 -950.554236841 2584.61600449 -3725.80283439 -957.691104734 1707.70084533 -3338.56089426 -2116.52419674 1756.19790665 -3526.8968327 -115.822033228 2564.03398616 -2218.38351834 1026.35617942 2937.04666366 -1959.34918674 1598.94180612 3282.37001271 -3678.14944447 -845.062851164 2867.05666915 -1722.1546212 -490.130922273 1974.96646427 1022.56865242 3144.56483187 5301.07072503 -1309.08821484 1111.50185674 4434.81810285 -2769.16689126 997.956863291 3465.85959322 -5359.05557811 -3835.17139465 -246.429773916 -4297.46232124 -134.830447102 2147.85303852 -2040.49975221 -218.724102443 2160.05786622 -3947.49607747 -1052.32494542 3677.87885265 -2287.98485534 17.202539612 2345.32665405 -5050.01416515 -2845.97846991 2400.64926632 -4016.99958683 -1165.17667598 996.716563209 -4226.79890259 -403.420627355 4352.83379654 -7176.9633418 -1749.06223783 773.417151195 -4115.60690787 -747.958419028 972.556615006 -587.733980129 318.660446008 1489.86211953 -2693.28920044 -377.456706868 2073.53518812 -372.446840745 11.2871751624 137.818479802 -4743.1607907 -294.76612771 2856.03538387 -4285.24253604 -1180.38121235 1004.80957444 -2800.58996943 611.62404278 2662.77754821 -4097.94847223 -1310.30980144 707.510725705 69.156529571 3813.54775399 6035.66019897 -860.061278269 36.1491694248 851.997566109 -456.55651073 596.254221458 2158.64430217 -4394.9778201 -693.104730701 1137.75636037 -5419.18424648 -950.498322238 221.592419225 -4175.83568807 -3013.34563389 901.478033425 -1958.33436343 688.763408641 2659.8066794 -2953.24997502 -85.7439043574 5209.66151981 -4177.26280676 -445.010749176 4532.80032354 -1972.76984383 542.189267445 2148.24878998 -3676.8830415 -1641.73617224 -705.153575607 -2677.50318297 253.208058061 5965.59339981 -4315.49233071 -369.98201796 4300.81761569 -5961.28369627 -1616.87064221 1832.41478359 -4750.97292523 95.9781255566 4265.98283622 -1627.75942807 1271.50139581 5379.38585633 -3357.53489825 838.323378688 5597.29647535 -3078.74780972 401.501438422 3844.59000871 -3769.48199178 -365.248399417 2402.27737263 -1574.85157085 24.4524005939 2684.8356227 -4151.24893442 343.014923176 2491.31657707 -4686.38732142 -843.903714368 3718.34463576 -6896.92580794 -334.594953496 2706.58227417 -1661.82031873 1277.94828803 3075.39208447 -4249.45912508 -74.1889222085 2116.65454048 -1292.71520351 -247.757426582 2951.24959171 -2998.60664434 -207.913802156 1438.24324346 -1950.73236891 -769.726425892 -713.639777122 -1853.81913616 1018.36764177 2190.61965129 1174.08478408 1330.47330303 4340.34623696 -3940.38051286 -108.178536465 3486.46323865 -3585.85800122 29.9946876453 4538.33789987 -5391.29204735 -973.093761355 865.336207783 -2189.90427972 805.322579267 4557.1495765 -966.260830068 -712.752990059 870.982144838 -2651.80442226 278.973649301 2475.32980075 -2473.73357759 -431.705714816 1911.37718006 -4031.90506003 943.870525281 3541.9532976 -2428.51677743 550.286659306 2013.84855539 -393.838489189 2201.3728632 6264.6564012 -3137.44350292 110.190779855 2504.77637275 -3901.84089935 505.917978873 2307.79652476 -4964.77497508 194.786206292 3338.02006566 -4284.24280298 -41.9163504064 4451.12547752 -2272.57428013 85.4825354251 2655.40413866 -439.102355761 277.828398498 1717.25696186 -1756.60857 287.158323419 4106.14103229 -2843.47931287 391.544122734 2965.44284784 28.2504279131 3880.93953045 6270.59020059 -2815.93561582 -14.0864390158 1717.35032376 -3993.22663688 -155.582160519 3305.49221589 -744.941426058 1686.39803293 3354.41224272 -2784.36197357 -591.746346746 4766.47463728 -605.670927455 1472.96047291 4949.07889908 -1529.93486724 -17.5198721771 1574.78208947 -1889.78040012 -14.7212757048 3272.63747531 -1127.1075001 -174.623292456 937.5839267 -2523.50915994 -20.2970563411 2236.75191604 -2884.39642315 -1349.244494 298.611723568 -5573.77322749 -1095.4111441 2262.7209426 -4040.84435503 -3226.19066736 1162.88335933 -790.025083945 3639.94297784 4538.60534516 -3998.1685709 25.2272581715 4030.6596955 -3561.22141344 205.793803418 4154.43706473 -2660.1990762 -46.3465153669 2515.25211399 -2214.19409343 479.305338846 2151.0813631 -2854.45298756 -256.486807724 1303.8361725 -2221.81590138 993.392378403 3008.17993878 -3411.20343204 -1240.96427854 3076.96729991 -1630.73336849 229.736284032 3074.34988795 -1662.79203462 334.912335516 1784.28828563 -3639.5258093 58.1076994515 2310.83916059 -2797.01990928 401.725582978 2921.62614108 -3455.56891014 206.263260078 4607.97782006 -2492.01052333 -283.686831908 1998.55101731 -4692.63246638 332.262419821 4512.33617622 -3019.99194956 377.109051791 2150.71866001 -2728.37527395 2026.70035376 4667.82104372 -4211.23688487 -1216.57730894 1541.74092644 -2032.27362273 -152.298917601 1854.48838591 -2460.1653136 -257.802649158 2099.79020277 -3954.81161346 -2629.84735309 884.907747561 -1291.36161662 119.409274262 2015.15901881 -3119.29794468 -1081.40891021 -164.265235906 2371.83285191 2866.91153422 7661.8564057 -2965.97314012 109.562932209 5203.35703371 -4083.50952485 -533.797049038 2680.54722114 -651.7745024 3779.37355277 5409.77077213 -1571.11129277 294.851829293 3066.89823794 -3853.31235123 344.516544956 2434.72572839 -2381.44169029 1218.22477495 4989.57104732 -1417.05365193 964.429146571 2518.13894488 -2827.84348242 -1139.22385535 2668.18426541 -2652.68809262 548.596973973 3195.86004947 -2086.85932628 237.498700972 2608.71664832 -3051.52176021 239.947981018 2113.47892539 -2946.08686538 -448.878438946 1573.16920705 -1554.34911807 361.289321789 1959.65029583 -717.658390312 -453.835033322 -16.0197339717 -2056.51404897 -646.933344793 2811.74966429 -1445.04599894 58.0752168775 4387.95620316 -1892.53348197 28.859889015 1730.95208768 -4529.17850028 223.400299262 4514.04563044 -4275.64164035 -803.320205835 3935.06436772 -3946.80457013 -163.942786445 1962.23308345 -2772.98812155 -934.834560703 3090.82863457 -3415.40605498 -683.562256613 2673.85659227 -1631.66585517 -183.692986089 180.940662675 -1412.94272846 -527.727376497 82.8057696443 -2721.69730185 192.25610728 3275.81631413 -3637.31243619 -210.410128261 3098.36891324 -2161.21543199 1469.34972661 2749.05797335 -2094.90595433 634.219468528 2705.15585507 -3757.96760993 -3.49538212819 2514.73926163 -2473.78873945 1676.13859108 3288.54729367 -4192.7749754 -1058.6539096 852.81535248 -3394.5538313 -307.956759067 2046.20870774 -3548.03884858 429.297750243 3953.16781722 -4067.32387741 -593.236750565 1355.83754992 -2358.38980577 604.541351955 3085.54264755 -2537.60224042 17.6188701117 2894.93341953 -2014.42674713 30.6533383475 2030.68366055 -969.304829731 -21.2958228415 825.068145885 -1587.17668288 503.341975758 1456.55611652 -2754.58620951 -727.843288955 975.294312117 -48.040619434 1637.8513915 5590.64277795 -354.318244412 253.303114519 1760.14377162 -1887.75699754 -222.064444399 2019.56913854 -3287.91501247 -219.359830042 2538.17586888 -1829.37258522 255.399829918 2670.83653556 -4409.42273291 364.279355338 1584.28822066 -2995.04524209 -528.762378717 3017.99330769 -4444.78354271 -134.046141553 4320.59984963 -2142.98610542 -1015.46620683 1223.21952007 -5299.75013922 -787.384700783 3812.87259034 -2244.25774869 -348.458832819 1297.43968703 -2187.94013413 1495.21504926 2832.71457514 -3673.50063285 -483.909705728 1289.45476057 -5087.83810073 -116.336505275 3851.55902754 -1292.48997683 2800.29935961 3510.02224137 -4974.66103248 -1457.09565302 3614.822545 -1922.70438116 -358.389373875 3309.41162289 -1193.67712329 2865.15360878 3126.22388142 -2403.96431225 -42.8488199168 2595.30797404 -2432.15321221 -281.683864939 2204.54507061 -2803.04475054 -447.179316021 3145.80499363 -4189.35840679 -89.9400086332 3515.48562256 -2123.31000556 -101.262125149 1947.38914784 -2833.03614474 167.951304259 3173.72218114 -2893.48751034 69.9253602969 2872.20194974 -2626.78021832 163.90354086 1828.85430002 -3060.78107675 -748.217427861 2133.25438448 -4682.46676698 -1192.77252195 1195.30529004 -6453.07235937 -447.996344778 2346.60570806 -2343.40531668 233.260142725 3523.90192465 -2543.72155012 -185.939298541 2068.99335332 13.7910880784 607.431802764 2383.9424594 -18.7962822964 1172.34477574 2959.52365626 -860.547956237 2350.46322537 4621.33278108 -2897.59938292 1757.31847437 4336.98831464 -2628.46030978 -374.895275765 1226.59545602 -1914.62544554 943.031430973 2598.82037361 -3819.71936944 697.989828141 3514.15634639 -2511.52157647 -414.225591178 1925.48841292 -2058.77742043 1179.40956928 2576.09945212 -3997.00721646 -323.268387963 3703.61871747 25.1592281834 1028.19490622 1825.54900783 -835.525081579 84.5482311863 2156.98607633 -5574.32016796 -188.395778699 2302.77402081 -3102.66518118 -606.87520676 1766.49209791 -4142.03619131 338.669733457 4689.51281416 -3857.00346659 -676.723369889 3213.49807901 1686.97280217 2177.02896834 4961.99114637 -3746.02909407 1361.85745429 3719.17426027 -3222.78189329 610.802777339 2656.21157286 -2934.08230245 -90.2253754632 2134.79226238 -3165.59402962 296.600235079 2728.06869618 -1544.61286079 -613.391457614 2179.13799 -3272.50356483 410.00237934 2703.78452022 -7761.97790325 -2728.07851709 -995.367656329 950.011760658 2929.86256816 7589.57309053 -4390.50349184 -475.513992176 2597.625493 -3598.59026967 -317.638149884 1698.87957251 -2910.74321867 443.956827653 2380.19618597 -3733.69060681 -214.137710309 3984.20588603 -1299.00423941 521.400207896 2815.72277969 -2804.72312715 328.123202139 2076.10463256 -307.241982819 1644.2756324 4043.34101236 -2636.08009417 96.9373534874 1032.4228936 -4188.88154482 -937.24170929 830.047347139 -3304.05725467 -938.186257209 160.111681989 -1334.483132 324.394813261 2639.14560907 -4343.96089876 -1167.72075754 1213.67394454 -4972.22595971 -465.123379369 2313.08604051 -814.650463907 1545.16791684 6112.09813235 -682.042647714 1107.52979564 4101.68908186 -2057.24586128 259.595626586 3093.43903917 -3953.91838422 -197.740566679 2008.20306548 -2501.02924393 -196.785249751 3706.5634204 -3902.67262059 -155.365456817 4270.21110095 -2233.45184308 -470.179319765 4081.88413076 -3694.51822035 -55.7146311497 2473.95844045 -2946.54327229 437.855868333 3346.36140544 -1078.92360236 1313.53878224 5951.14166607 -2339.00638584 -433.450890469 4043.62770523 -2390.50452815 -179.860123594 1346.08198195 -1899.52475282 -1178.19430234 1404.80090719 -3881.90431896 117.813844108 5341.62334561 -1430.29823382 119.932503779 4697.09092269 -2333.9509982 -142.090923854 2554.72761326 -1224.66816971 2106.74042503 2546.09110528 -2292.29406485 -419.322406115 3758.15065134 -3093.0623937 47.9619665691 2695.74761474 -2669.89619242 -654.691612366 1988.40877814 -1625.49790212 56.5315757594 3881.35128559 -2617.70970414 -85.3959171325 2558.04131724 -2743.54840599 138.503798062 3102.58542618 -1983.09632867 -828.160301755 -8.57474922395 -4227.23236541 -65.5588443153 4810.52019488 -2411.80614609 232.475147513 2801.76560664 -3365.24488686 -1447.78146426 1874.93759969 -3125.15034278 -185.800330114 1803.05366247 -3739.87853669 -23.6609928718 4037.07905088 -2856.73740772 -381.549927891 2163.83520737 -3162.08620612 -120.79569359 1824.22682479 -4254.36195765 -919.377731079 4478.66248564 -3567.67477726 -740.988687684 910.683748173 -4648.3565491 -2851.56940536 2984.78562813 -1059.17117388 -398.249292287 1625.36740004 -3435.88103234 -54.7943917001 2278.05035802 -3470.25733252 -261.11941501 5066.15765232 -3432.92636861 13.9615726324 3138.27505989 -347.076146449 150.401992291 2077.85364596 -4055.54606658 -238.576726951 4894.92533046 -3567.42757571 -1019.7409681 768.034518322 -1774.48326472 -17.4627268875 1880.64455225 -1831.88289916 512.870692944 2850.27103966 -535.958543529 1379.29310068 3531.77103922 -4300.38883348 -820.370899686 1162.93878619 -1977.99036584 -136.966966744 2071.36861586 -2549.52684056 573.127766046 3015.36877965 -4091.67658754 166.020385995 1708.56875178 -2546.76579783 -1090.52170846 1863.73875639 -2201.04308609 344.751225292 2680.41077379 -949.976906515 14.3132355913 2206.9927695 -3469.53442236 743.820293461 2108.93883037 -3999.73873976 131.885165733 2873.01600018 -615.034514597 3099.67747484 4199.63884518 -3809.76508172 -675.439768389 2470.73883851 -1834.05946486 252.669892351 822.954189567 -2974.57287628 -1399.32370896 1576.58735379 926.786669338 1537.43426462 3831.02001743 -3351.9209382 -460.851216346 2187.51520269 -3065.14607596 196.717040621 2426.75464493 -5170.66264541 -404.798779109 3491.3456903 -3630.48619368 356.172247695 2863.79748821 -2390.2156404 -247.442612074 2910.22900373 -1672.41215939 1593.70930915 3901.90246675 -66.4652859983 4093.67285754 6837.76380613 -2681.69447176 603.509244153 2251.50508453 -4973.38672677 14.0010150731 4550.4101451 -1459.36511502 766.080466146 3861.92734131 -3047.83672036 -1862.95309702 1673.54007975 -3935.89058327 677.748951518 4577.73517393 -2880.28614986 -192.29454111 2498.83904511 -3729.46411658 773.746283432 5512.88111978 -3187.01766388 -489.255080179 2113.7880565 -1854.38016651 -440.661363664 2591.17534515 -2077.26853484 536.109382322 3153.97518168 -4379.71145786 181.893933646 5152.25800121 -4684.41979312 -372.344823804 3473.78780641 -1325.81446376 364.811999269 3898.99185829 -2859.51195719 12.3094122429 2065.54456674 -144.854018988 43.240023949 288.987432151 -1631.60072962 3012.38805323 3252.07263711 -1882.5301073 1611.74381782 3651.17411059 -3374.35180485 44.1266836589 6225.60396423 -5717.10330091 -3689.70951794 457.448414805 -1148.93726128 2888.45348028 5189.75742943 -3455.25389205 555.112083273 5253.57819109 -3858.73488167 -167.20526808 2010.32572973 -170.513105508 656.286989914 3117.74059317 -2122.50498661 781.67563051 4148.17132821 -3035.12155077 64.8388992744 3161.92999056 -4230.41088705 -723.483755813 5227.98586903 -2860.05652081 -492.515875483 3043.76650523 -3662.92921274 -185.688439588 2861.12947484 -4460.82481513 -563.485060731 2736.56441424 -4049.65154808 794.789162388 3267.36193442 -1077.6797972 700.921445577 3574.49335155 -2306.59893548 -815.130988362 634.620137691 -5227.82573344 -630.800920316 4644.32525247 -1307.54793594 237.927481308 3998.86438679 -4171.57071484 711.12685666 2674.19919834 -2735.91395171 550.987227752 2096.5143398 -1880.35416472 -969.329361388 3874.55844454 -2709.99343706 -15.7472132523 2070.92739554 -1962.76225475 1993.23022716 3220.29156715 -4111.38340762 -407.360638995 1231.00385467 -3946.21265346 -157.013210131 3598.83751851 -4434.88456404 -356.374128977 3207.57421707 -4520.51297008 -646.174510289 3752.83967887 -3397.76741817 198.469872407 2270.65897982 -3533.42223846 565.132139705 4223.35848881 -2674.46594795 -70.4886633944 2674.27702798 -4740.50925136 -327.186541532 3182.9892435 -4596.25635869 57.2886275958 3105.31644146 16.7274726544 904.274356835 1759.21438017 -2990.20509268 -628.884965551 2665.22700539 349.524958349 709.518475006 1458.96724441 -4134.4436236 -957.248550263 1047.52796636 -3792.10139592 -498.640138467 4507.56979038 -2277.1746212 537.130371845 2234.6923787 -5423.98740877 -816.72108245 270.159770317 -3380.78756617 -1006.88630564 2121.90687305 -4430.75420913 -23.5440351654 2218.3368958 -3792.41257418 -1658.52155812 -876.169933522 -1137.29309474 195.512931253 2682.72604664 -2301.36958945 -1347.47855614 3348.42476268 -1910.36032698 607.695399287 3146.72756924 -4813.75686215 769.627948088 2296.40680896 -4458.55728114 -1196.89556286 1196.75339219 -1491.06695851 544.095786895 1814.27141235 -2615.0885234 690.197920126 5899.64196493 -4452.71215037 268.405518752 4533.98086521 -2169.01892319 175.44779759 3808.7310529 -3303.39722214 -782.597428877 2614.89677312 -1377.61316176 469.341499041 2771.55170023 -2646.86315216 -36.3572311739 2776.08022714 -2372.08411465 -812.920139765 4257.05349155 -2671.03495544 6.59809493215 3471.21677508 -2256.07943835 848.14258678 4144.44360665 -8781.80178449 -5202.82077972 -1153.67660975 -3386.32449169 47.2338156117 3781.9304049 -2860.27411599 1634.35629848 4417.31997032 -5040.07482422 -513.726380541 4613.29648057 -1928.28284837 113.426722332 2702.72516541 -598.264401506 296.804715233 3038.41487692 -3709.57822909 -634.006952591 2112.90902447 -4664.48318664 -936.479924697 3588.95183974 -4349.79544425 -288.625890471 4703.68854075 -2113.96365277 111.90357621 998.858970897 -173.53469764 1779.7059675 7035.13579344 -972.471863925 198.659955617 4870.26864851 -3854.79681249 -834.546346605 1638.65453326 -4385.52940956 -432.355459288 1267.70464636 -1825.14238025 107.326181298 2182.89631791 -2739.99839022 75.689614857 2340.17522874 -1865.79359565 -417.596974051 2702.58075916 -3134.1237568 -512.787577322 2418.16290717 -2754.4062988 303.902931354 2714.56333959 -4365.57166108 -924.678575521 1392.26839982 -463.315187456 525.801854493 2212.4785869 -2971.89987675 1009.02115846 5190.78590831 -1626.05846996 576.477385933 3169.02018948 -4388.75758095 -400.980066983 1769.15237539 -2851.2845324 -1592.57716799 1587.66430339 -4011.3949829 -309.725645016 4621.57617686 -1445.79468228 1428.06438476 3311.44204818 -3653.72896041 457.789124099 4636.59872872 -3006.93659312 86.1660296596 3080.53560794 -1831.86342781 1006.3028017 3583.99003295 -5696.05338931 -1277.22124959 67.9877706196 -724.163153194 2071.27514795 3093.96553325 -3594.47115778 252.447506967 4079.37651505 -901.431697324 1838.24897867 7062.40190511 -4088.20334146 -2739.18073422 1556.37930825 -1628.85376541 537.117113305 2577.65531862 199.493645578 2109.2548116 5087.7002004 -2758.98463052 211.530126981 1961.03753782 -1121.55044809 929.814761156 2752.45559921 -3976.82416477 -1278.89024859 1309.08262543 -3008.91252943 153.939703538 3489.63202283 -2430.11775162 2435.46463201 3386.37748243 -1058.10026209 126.521634717 4178.35860358 -4441.65044925 -281.168232328 4391.9286141 -2653.64576028 -339.873511101 2998.58889308 -2612.66450561 -305.522524222 2149.51522277 -4535.00670921 -107.610359636 4293.26662047 -3938.22787752 264.161166158 5315.10181565 -3872.04484593 15.590163333 4746.35695878 -3704.11502556 -1013.08671978 1118.63130386 -1306.70094256 386.416488839 4509.5979618 -4971.70244008 -814.249113465 3334.54689107 -4303.57834554 172.960641262 4664.24937718 -338.690826118 103.973055876 2031.02463792 -4612.80904798 -552.309786771 3151.24740056 -3685.2714881 -48.0558205557 3920.97363615 -3330.80823746 39.8845674275 4994.80816128 -4114.76346283 428.683994403 3926.63162412 -2362.24370798 -132.127272525 2819.86649592 -4492.12837516 -586.473097006 3927.1465041 -3158.83949462 -275.399158111 2544.48795112 -1418.73212816 -597.345438743 153.289579068 -1221.53590647 1604.97750169 6906.01401705 -3439.00469749 63.427654529 4759.6965718 -4058.421506 -122.573161135 4315.55228781 -4505.14575663 -775.310131269 974.528808035 304.211265013 722.778188009 1685.6872864 -2616.41312917 -753.618149553 91.1626909541 -1226.64513681 808.618653247 4059.43268955 -3816.08250547 -1563.00414495 944.316268191 -4176.82242747 -220.742531301 3735.30287623 -3552.2113092 389.597265407 2344.19478146 -3346.84436441 840.9720336 4100.35263539 -3877.80924474 -2755.76899538 1034.61964444 -5424.27218447 852.705339987 4469.14661784 -3164.3053006 -956.729101181 2145.80324703 -2397.4405424 940.196819729 3410.70255379 -5204.52897076 -675.406480127 3344.59264274 -3005.07137336 -576.529610969 2122.9534038 -1146.15443704 1040.63478097 4475.67824967 -2255.13427633 -598.871660711 2282.56265602 -2123.07705513 -872.306815118 1840.42861147 -293.148132027 2072.95820376 7393.67250779 -2660.50337746 186.860501643 1231.79776139 -4826.92257237 370.213143217 2946.13686449 -2232.43159203 2244.2880337 3219.93914213 -3776.42396497 -205.465211829 1812.75360231 -4006.43032842 -573.517880411 3865.76747512 -2365.44440178 -857.947882726 4317.35058836 -2796.07654019 -159.95823454 2334.53293452 -4468.59534377 -3422.35628009 838.572910307 -3316.78958681 -1621.5593519 1526.21129216 1812.2080378 2869.17622514 7120.42645495 -1612.20025412 217.997452463 2620.72745092 -2055.92746318 979.810904787 6180.56837413 -1324.6521672 539.037730553 4183.67850783 -2446.52300464 -2126.5222992 1247.64831183 -3244.41342328 -528.79153116 4538.43509055 -1675.34683754 878.632714606 5962.28907732 -2264.98002971 893.24825351 4148.83535012 -5496.68435624 -1310.24651383 3333.53762944 -4029.7923663 -506.754515635 3856.9732367 -5513.85033276 -1882.04638953 -851.170072385 -297.758468544 989.772360685 1825.25742937 -947.842565163 209.707015122 4648.395401 -4211.35260287 -1412.52987225 695.299003404 -3937.19653127 -219.969889748 1633.21677857 -3038.21889523 -121.046385157 2884.65585845 -3988.32911806 -168.363917598 3611.295688 -2230.18104634 1066.66952235 2583.8874645 -1031.64873885 561.330581339 2505.43598321 -4338.08680591 -665.186847004 4205.12628349 -4287.81267269 -1869.08532414 1753.45857543 -2617.41644568 1738.28305699 3216.24587699 -3998.8714453 -1197.62931612 2228.65743955 -2545.71462246 -853.682166033 4173.90981213 -2343.364126 836.507466493 6217.66105135 -4883.93075424 -645.141809384 773.885441236 -4302.75480118 -1016.03960356 3873.5170688 -4631.04547525 -418.007340225 4183.78756673 -4796.0060775 -46.5547015336 1760.90305578 -2876.26539848 -363.35733031 2175.78241691 -1645.85743336 190.107767507 2726.79463658 -4033.99879026 -294.16298641 1542.39237333 -4051.47647449 -196.806903323 3363.68886695 -2096.50153352 -183.64676087 2931.78095943 -5040.02655632 -405.650401115 3538.26446585 -1706.84090319 404.669026959 459.984285679 34.4875898674 4259.49105316 5783.46546686 453.572646321 1540.08419421 4590.62378118 -2967.74801994 -171.45537974 2601.66220284 -1216.83600158 2917.87012973 4905.12365442 -1447.56949777 1077.7829368 1772.4213644 -3640.26417932 -1070.72069419 3411.40458265 -3764.1969244 -2.8582568226 4874.52939209 -1844.68358385 232.418103674 2571.51066765 -4173.04645872 -32.0419734469 4739.02965413 -1733.50862038 645.215454924 874.055030188 -2599.7004134 -520.823198082 3081.22932533 -1337.0700598 263.792373096 3484.74981026 -3936.94306735 -210.884952205 4267.54972762 -808.6714168 1243.23216583 2884.20743821 -4464.52679394 558.166508128 4184.56058672 -3229.86025465 90.4524128016 4576.30366683 -2826.26628536 78.1223339206 2631.00633604 -2022.85805857 629.332118816 2813.18978827 -6130.60164884 -1012.64321773 1233.85136458 -8796.42323839 -2164.12814688 723.278168905 -3090.84414237 -46.7145655911 2605.79141621 -6762.19664391 -3575.0364558 212.487410746 -3659.02866755 79.0068426174 3382.05103007 -2612.10849619 -142.41091975 2923.21944208 -5123.06346968 -609.800624022 2400.45365172 -3216.7071191 -611.805135923 2827.06312114 -2185.81170782 -885.914003864 3068.58030441 -2633.82051112 1910.69923305 4237.04801924 -4883.21776212 -680.329319593 4000.91648759 -3580.71224484 -419.336785678 2299.40470158 -3786.63903332 -692.050397954 1736.80533522 -2733.89819312 -310.325126333 2107.47891987 -3379.50256533 -269.348401548 2600.64911614 -3609.08399344 -218.997276313 1637.99207208 -5967.52094094 -1558.78508216 -140.212891901 -2316.67785754 282.727876723 2264.60080944 -8034.47973177 -1729.70958626 1504.69208621 -2413.96417486 5.02324390343 2359.6006791 -2467.03413568 -384.158814183 1956.84208982 -3559.73322574 167.854265164 2421.26454214 -2756.46434938 -429.330827224 1818.82444384 -4113.8463323 -40.6354869811 4698.22965523 -4524.07624292 324.901111435 5884.85482895 -4778.93638775 481.892983073 4158.99654889 -3743.5117675 536.938019121 4883.37640233 -3296.05682408 -307.135697537 2392.83438329 -1753.52187995 356.299463854 2164.48406196 -1110.65107331 -718.641515957 1274.30190891 -3531.02690536 -115.324612366 1702.248886 -432.042568676 261.689428885 1166.04234484 -3373.83125823 -151.828827016 2276.93248278 -4803.11475283 547.340011284 5768.819708 -4112.10024231 77.7740895132 3756.29266643 -3135.17219799 94.7593075856 3424.80799919 -4066.51388175 -0.77300138266 4139.08368828 -1390.0892759 693.060778377 3541.10927995 -2299.533521 404.212041975 3282.30320047 -1315.70150247 853.767448557 3672.38413966 -2786.63903711 563.501387601 4097.13111697 -164.906173131 494.85354663 1739.91247742 -4644.33244501 444.086467972 2598.24643751 -2560.43110044 206.684448097 3238.86081925 -3775.41813944 95.5220013461 3834.48020762 -3120.04754219 -10.1499957899 5518.20320509 -3609.48529802 -483.840368818 4338.89268769 -2340.58023787 855.486490067 3180.9655413 -4415.85071067 383.843429544 4751.07451878 -2847.42143547 319.230057935 3209.8693751 -809.140394929 -147.611705645 544.653148292 -1301.82946354 2072.50861623 6784.61722901 -2561.01410668 -153.788838851 2649.85234515 -2702.38701962 -238.182121881 4279.65864211 -1493.1591822 344.992177605 2606.91341187 -4855.09322399 -2769.801504 2887.09204875 -3059.42956747 531.507838744 2701.18823716 -2922.52730005 -845.60368475 1861.29897887 -3303.96604771 -627.269356734 1403.79786981 -3667.29498099 -971.825529815 943.161490667 -4330.61431437 -156.602642949 3532.54368961 -968.926845732 68.4245624457 3514.94301994 -4290.46813179 -371.46502536 3282.35055856 -6179.64686943 -1108.34080014 2071.83282546 -1090.12090852 662.180369987 4444.52533511 -3475.34581031 -252.872931609 2682.25576522 -1466.87399793 40.8308055916 3674.61047007 -2459.34248175 824.012202022 3178.72501753 -3841.87479769 -591.306459852 4252.46892408 -3783.60654642 -532.584548206 3940.60490121 -4393.38179299 -1115.80210979 -348.544340854 -5423.27911642 -727.561267557 1505.21385971 -2618.11239802 -175.25128871 3199.1162778 -939.390229404 437.26167357 4247.68104917 -1997.9209557 -230.244100934 4014.20808754 -4590.98508922 -1024.88885522 2997.95364452 -3142.26931883 442.128306029 1962.49999415 -2597.3508633 -2207.51279586 1908.64781421 -4525.81673354 695.935835756 3134.29775518 -2716.2100319 609.56878569 3201.13069327 -222.217797015 1247.97529123 3161.7051225 -2301.38400865 386.537116744 2974.07034926 -3775.66587193 -144.895176647 4768.02672683 -2031.42503485 542.579174364 5713.51055971 -3852.03107406 -857.176279248 5095.73836689 -2231.54377274 77.6166720821 3621.4926227 -2872.7404708 -385.718577521 2189.62969191 -2545.38328066 476.058680349 4031.93811833 -777.957364697 1474.8999688 5973.23651487 -6129.21235785 -1670.36000731 -981.731728865 -2851.71345354 -656.997543083 3553.40000149 -4953.63886413 -1980.46568485 3390.62237989 -3483.25322416 164.812785534 2435.48769557 -4858.28576693 -259.718783006 3956.28189253 -1586.18022329 987.458974212 3132.2839477 -2294.30199271 -64.6029251767 2078.95890879 -2665.75024376 -349.934823107 3001.93090703 -2856.66282275 232.079995274 3735.20029191 -3263.96273902 506.07108899 3744.35991729 -4730.2650251 -772.579104773 4233.69905221 -2772.10867212 219.217946372 2918.41442463 -5847.39303983 -290.007766503 2867.94875259 -3244.4997563 -1177.02497016 2675.35596187 -3024.5479899 492.562366745 2643.20355754 -2222.49202868 -198.190946014 1342.31814513 -4082.23151186 -160.361723687 3669.20689063 -4470.13984105 -180.630878097 4099.15126483 -313.918723903 1236.16659478 4808.33649583 -4361.17232352 467.38441402 3988.19118935 -3345.6745127 186.247795422 4537.66358461 -5187.9699629 -2165.17304557 3508.31000653 -3729.82404925 117.973692332 2448.8085203 -2687.25726523 -215.874990664 1405.48542318 -3142.93830576 -2405.1783355 1495.99152019 -4264.0525757 -753.249138796 3446.70902989 -3655.61616221 636.988978131 5063.5670244 -3224.64269905 -1405.13240861 3172.70877351 -3408.52412344 -1355.07248422 2690.35741207 -2661.5083537 -517.053032681 1880.85644791 -3447.30996389 -800.214846584 3395.64115407 -3856.5870124 327.759326284 4755.24694324 -3312.99023145 614.93871273 2838.46176888 -2026.00048465 -524.604382612 2057.00747582 -2278.40800568 764.35306694 3814.77706571 -4225.31951097 -2218.902105 1759.2305013 -3845.59863889 -761.046009186 1809.63786006 -3109.99384551 127.87323567 5645.77786559 -2084.04316498 370.120938159 1783.03620699 -2980.56256346 183.932339339 4898.66885696 -1551.92721473 2654.17878472 3817.09321541 -4355.73419366 424.865574805 4766.26934725 -1595.01812413 700.37970838 3411.24367755 -3996.77175111 -974.24570384 3164.44050469 -2031.98585627 2089.16771817 3645.62361609 -1615.09601055 936.17914698 6411.25011451 -4179.28881342 171.790744519 4436.70656547 -3437.12977524 76.1027707508 2418.80554794 -2411.92444172 227.124243012 4028.6678773 -3863.10916741 409.322006891 4881.32552122 -4207.7079279 -1643.20096925 2916.30188813 -1443.36344514 610.150483927 3874.55104279 -2834.32359898 -363.808902162 2977.91657521 -7570.6765204 -4460.67333111 -0.447004846064 -4425.03661993 428.430515285 4650.88336053 -3464.5958329 -3059.15288911 1635.72493724 -2055.18245693 -98.3509903389 1965.20327607 -2822.92220953 -900.000922432 1583.57330686 -2188.74693013 434.837374034 3011.96266113 -1545.8993383 888.339212465 4193.70673277 -1646.78456028 -791.546206166 1643.69055668 -5795.51942937 -508.256076332 2838.08034416 -2780.92139774 510.275370653 3061.02238739 -1800.22390475 1113.57411272 2496.75254898 -4129.68188972 77.7358579239 4285.46127047 -3183.91229512 773.650483323 3265.68089846 -4503.76651851 -785.39740022 3763.15967343 -1377.45623274 -438.74290339 2088.58989202 -2052.14275944 440.923684802 2616.90796665 -1474.09411284 871.448045661 3847.70013345 -3849.53240425 -929.386405671 1334.20491135 -3294.2273621 527.072772813 4868.83997689 -2408.28030504 -48.3082385608 3454.86517006 -3219.98033344 612.505641495 5325.32599597 -2122.42806465 -171.818365207 3093.06835287 -2989.21785848 999.416900352 4564.67818352 -202.223789646 1490.59522536 7122.07820285 -3907.45882137 -142.688570092 2890.15997629 -2962.11556626 -648.380345351 2593.34388757 -258.705256291 3248.63151314 5334.69304693 -5221.68416446 -744.263988785 3665.06158727 -2764.46957592 -659.055134081 1588.9292536 -3037.30368696 93.4655949859 5016.17957931 -3446.59932001 512.171478751 4512.02246166 -4308.40685313 239.360226872 1729.21485929 -1676.59121356 1299.54832984 5953.26158604 -3720.15084586 -627.327604916 1537.02721597 -1441.42525214 673.914994352 2860.19344056 -1852.3108611 -73.4305342215 2352.95173939 127.489415297 3509.75813597 8589.39333492 -3747.31917562 487.538204028 4701.29996651 -1506.55104717 -240.501147725 4570.50843535 -2673.32801828 503.805876022 3070.69621457 -2695.7813386 2822.1096486 3035.22297609 -4126.30340193 -939.139120318 4151.84799446 -3400.09883755 299.492223658 4822.93309019 -4702.81290975 585.440067066 3352.61095198 -4474.79708351 -71.6711007741 4620.40827344 -5208.26288385 -83.4272942617 3819.93987759 -2716.38726572 674.072401014 3633.6586723 -2895.83798839 -927.776439049 2793.19902132 -2376.30207524 1575.15522929 3294.39055588 -4432.54943807 1088.0301428 4651.44704492 -2809.03700875 -295.612895269 2183.42101707 -2570.51055479 35.5151758757 2298.64158683 -3941.42034972 -1624.57633567 1489.22668791 -1838.86464029 317.639304239 2601.15158966 -2220.79539809 94.2143319216 2534.84317116 -3988.72801223 -327.871022994 4190.78538071 -2105.47941143 412.090693068 2704.77175382 -3367.70921031 -413.599232123 3930.11423868 -3601.71669569 -518.274463929 4545.92167169 -1290.698286 157.717683561 4169.80613474 -2593.73597116 290.702775219 3196.09144986 -5265.43596182 -1.58132123868 3658.04251435 -1230.30509673 40.3245128292 3880.68937998 -3214.43741629 502.432788792 4033.28919402 -1984.95711929 -202.865800672 1727.627752 -4887.79468734 -68.7673477309 4103.55313506 -3635.70538381 246.417366624 5011.7549277 -4137.04978299 -57.6333428719 2100.81657057 -3117.5169707 -917.332348718 2578.99995372 -4630.12173115 167.714408878 4591.99542031 -4469.04658562 238.133215277 2063.75285176 -2358.42899937 70.2410152804 3772.79596707 -3791.87652996 -26.9965823441 4470.15566126 -1509.29423225 142.490882003 1433.51873248 -1991.91197976 441.521786742 4220.01669655 -3779.95795472 -1574.4638716 4166.77597601 -5472.10994728 357.316358191 4110.42030004 -3799.22633481 513.863152585 4028.23433473 -8040.54074641 -2268.81913743 -802.972811738 -1854.5858993 573.139915381 3644.05529949 -1916.25810962 406.823324594 2503.60693879 -1729.33367941 878.587176133 2924.32585178 -7019.94937195 -4670.60166062 -423.315023127 -4846.33473892 -97.8388487556 2349.90827239 -4242.52930729 -1595.91054045 3337.34705551 -496.868608615 1304.93278021 2348.61260581 -2270.4188238 -351.242078455 3350.56804605 -3431.26455415 -170.020171361 2350.43740917 -219.517430025 59.7415249468 134.273868445 -4156.68259419 -34.9582183407 4208.64310793 -3381.84494456 -34.3729871903 2607.50471923 -1752.76303798 851.157749267 5814.14372766 -4293.15412862 676.70887907 4724.88414742 -3432.42121922 -540.614005752 2003.96045707 -2960.19636617 -629.273917606 300.240364881 -4262.40213729 -451.798966209 4151.41137672 -5116.97484517 -1700.57674158 4156.06748546 -2728.44907455 58.3442148716 1538.70886964 -3721.09923479 -474.943640754 3932.96346054 -4003.72398971 133.313204375 4210.58402013 -2736.95755405 2321.21859258 2926.96315489 -4715.08820591 -395.692337369 3496.25485947 -3741.61820655 953.89711238 4553.59723739 -1515.96498236 1325.68759139 3036.50903821 -3780.95388786 -314.949207197 4509.88518502 -4817.24108815 69.7916554828 4037.90302215 -3892.27200443 -262.578373399 4137.51129005 -3599.10854723 -684.94242865 1830.14497051 -4453.79878189 -863.257745499 3142.79688675 -1825.14238025 107.326181298 2182.89631791 -4686.04810323 -37.3043163423 3014.84949508 -4085.00714515 67.7978365167 4792.36060771 -3563.28559186 -136.58736998 1996.81773997 -3199.47143031 -48.9788388712 2846.96633117 -2611.15686708 684.220184862 2284.76153403 -3165.64006795 -163.567592055 1656.46724381 -1960.62787619 349.490710557 4558.63804154 -4593.89983057 -556.812728682 3261.62905648 -3190.26044046 -66.1219850366 2441.91685255 -1520.63377057 384.14862621 3943.53707424 -643.420118314 1166.72260652 4829.53284244 -2348.66246625 533.459660239 2936.40224393 -3612.33425199 -841.014795667 1867.58041428 -2149.50762991 871.163981356 3141.16847802 -3494.16165514 -243.55691446 4638.88120211 -2190.79019033 277.122655636 1955.55386279 -3867.09170489 -1577.42421415 3553.89809063 -5787.24322337 -356.190922728 2872.69319894 -1622.44773969 765.395015541 6371.40554362 -3048.69622916 -755.11613575 1925.44761185 -5053.6152771 1003.81146532 3854.54859871 -2798.25823416 -271.501205322 3598.19853196 -5152.54246986 -1301.45162462 3945.68577529 -5043.69894376 33.8565735347 4254.02779214 -3722.23755509 -230.885150113 6093.5969852 -4752.0738773 158.817413036 4298.24991638 -2785.55509581 435.47006727 3080.67564856 -4610.83076759 353.272910679 3956.49208061 -3754.65952859 -60.1007721844 2554.22188473 -4425.80914446 -334.833917997 4094.16766902 1467.86198489 4102.67864173 7642.36084593 -3788.07957005 -603.194572699 3951.32025473 -4586.2457818 -1750.62026733 717.709437499 -3555.83288935 -27.8990517415 3462.83605021 -4640.522561 642.075830555 3226.89891608 -4476.78002248 -46.3047242305 2591.73514157 -4520.64949692 -2995.33171688 892.903944854 -5431.31176181 -194.316163355 3221.57714208 -3275.73108471 -1939.31130835 3481.00369219 -6056.19678977 780.709247677 3551.21944353 161.526764786 2271.93838142 6485.97287279 -2687.7760408 840.645107758 3045.66523466 -4903.99126972 1361.95232498 4565.60213929 -952.36190657 1850.08102199 7105.54641636 -1469.3033275 -236.90507809 1912.76845346 -3838.54665544 -1220.76896425 3331.14829488 -2024.6975401 101.527438903 3042.58123259 -3295.09214848 -56.5578718173 4273.94076212 -5215.10166275 -38.9148680312 2425.19742456 -3654.45702349 178.769690343 3175.02979723 -3809.21207586 224.379261185 4007.79591166 -3950.24885991 -507.935818041 4035.51846732 -5593.08472654 -529.579497348 3204.66222336 -4688.60220077 -2814.81215345 511.756569735 -3711.93257709 -359.111710332 2571.068221 -2220.94996648 541.396903815 2761.70763888 -4485.90056174 -624.053523776 3530.79523227 -2876.24719701 611.097812269 4586.75077735 -3816.58930674 -865.511632404 2116.95827515 -2528.95971042 -590.287467305 3248.73518036 -2399.49529653 444.695871402 3232.84844224 -2198.40109027 534.13696008 4641.97306457 -3204.62475234 -352.310310397 3219.48728464 -2015.22741536 3428.72917887 3864.99337276 -1915.05807896 1922.64380815 3484.78979627 -1462.88802085 -1043.1189415 720.000548803 -4230.42757327 -283.412100793 3895.1791131 -6162.02993965 -532.382359817 2792.20692012 -4962.56582279 76.6349465941 2366.20141076 -3182.394603 -1677.40587054 1072.21820546 -1889.85319011 -14.3781454167 270.92873522 -2453.94835676 -70.0047806514 2191.47748648 -3945.40936294 1175.73471479 4681.15770827 -3168.90849578 -193.891699736 4778.44032468 -3238.85634707 36.2006487535 3208.11051288 -898.020989724 4341.83020056 5363.72645976 -4071.33487009 -405.033952101 3549.23433059 -1816.67725775 415.230344984 3861.34801707 -2333.10309953 171.629406018 4028.71403235 -2907.03457002 -433.282622975 4180.85416846 -4626.68157651 733.038624158 2567.70963093 -2294.30199271 -64.6029251767 2078.95890879 -2786.26798326 56.6216045266 3792.15652146 -3013.7590068 768.430867988 4767.97848124 -3451.4130336 -877.92379078 2111.00255964 -2195.27099623 -5.23760655192 2177.81230772 -2991.7764826 440.947255985 3823.48956869 -4390.4332712 -3467.30184473 1159.52844942 -1441.93367475 1086.5277663 3840.07978243 622.340037283 2311.14241069 6427.0984121 -3295.27093419 -178.732391676 1639.78673193 -3585.36842708 655.852062631 4751.20756592 -4471.17817126 566.002286998 4057.06186774 -1764.79314042 -938.549605984 1940.55305558 -3398.72360638 -589.583883991 2752.12514852 -4155.97915511 -43.8048515839 3773.88202892 -2165.01321079 -751.871618766 4212.23659765 -3011.63668025 550.52685078 2703.31579884 -2510.83775506 766.926196402 3941.94118936 -4552.53122224 -62.5659050835 2838.78500998 -2178.62232122 -1368.33340362 3604.84892925 -4249.09320552 -668.078874843 3719.77869689 -1260.60684205 673.461233741 4675.70554497 -1465.01527853 -84.0432168787 1540.40091146 -4721.21953609 -624.544250882 3769.77480038 -1809.24763396 -163.852267045 1817.93583075 -2453.70098428 -1730.53857984 2420.78793645 -4709.1300374 -983.516635874 5055.68193771 -1691.98627473 319.63417425 2554.73421963 -1439.70845442 235.980916061 2632.59538071 -3828.44571341 154.563142258 4218.20490166 -3721.02388769 -203.318869878 2635.91395024 -3364.54388708 -12.1388213366 2747.6230319 -2365.57110329 1984.4042655 3039.17835956 -4068.1441966 1496.80115445 5610.85338582 -3632.91849316 1682.29604156 3761.95398174 -3898.65432997 -274.546307184 3938.08070612 -4359.53755518 -1076.84276568 3089.43719458 -4215.39419624 -164.699392686 2332.96566123 -3417.28024526 -383.372022664 1731.17552246 -2697.64499627 -163.478672734 3150.28552615 -3320.27017467 -303.811017289 5147.33620027 -2651.75869495 2103.43652233 2990.69126557 -1788.18377533 890.420662514 3595.50268078 -3048.03542773 -402.21525323 2736.07088416 -3324.63122968 512.183657358 5417.84434855 -2741.8698315 -56.0145507863 3303.96171051 -32.7599262683 879.966569897 1936.07306059 -2730.0859309 474.137116717 3103.47695444 -3062.6369617 -363.523366489 3258.35453392 -3128.93976062 -773.509159235 2118.39060263 -4693.01023771 230.945443186 4858.95898866 -3767.35372853 -1232.81574065 3444.77774981 -955.411225776 1916.12158962 3832.56473986 -5527.45331092 -1398.41839201 1778.17636398 -3461.80058797 -1865.98680891 2566.03870982 -5460.5253402 -3480.56143917 275.418174495 -1197.94414594 906.302610981 1911.94540498 -3946.68863382 889.832503583 5301.45669659 -5743.8896456 -1372.75440198 265.420451464 -3060.50853444 -43.7366017151 3479.71319647 -870.453245941 66.8768682908 1494.3189718 -5528.41077345 106.720590069 1996.61148455 -4291.08284413 216.968678793 4640.98213093 -3812.23856682 -593.432244651 1354.41065943 -2331.10476101 -344.739855284 2525.33702298 -5432.99407252 -1479.28194181 3379.16606101 -3956.12032073 -123.876835501 4297.23776394 -4340.12384944 696.089839889 4309.16740322 -2674.93705385 182.430970487 3906.71287358 -2704.71376397 96.9982778159 3071.40830219 -3541.55057961 -1844.77812438 1394.39015395 -2332.43507582 208.092455086 4480.92824924 -3493.28012348 -684.179940796 2833.33372468 -1549.43051461 -84.5553265013 1938.57904923 -2324.22028503 428.798836749 2910.62278949 -3933.18276363 -140.860540328 4442.25576876 -2598.68846056 487.376892335 3200.30020984 -4334.00289335 -3065.24802618 1595.530855 -2103.69162179 37.9270229515 1428.35192061 -3076.77632303 -209.998142583 2559.47388258 -1888.6138138 248.157974401 3277.6757796 -4554.41728531 257.798107307 4737.1254234 -3608.27436171 -236.373049302 4431.94459433 -3215.50230425 1691.78843294 6769.12748298 -6958.57985985 -1681.78753557 1070.90612896 -4862.25269328 -726.241535085 3695.43147596 -1374.80707462 3439.6471672 3824.92472954 -869.369141238 991.686939334 3567.36794889 -2403.60976936 2308.58723844 3242.74155438 443.91970157 3308.60136534 5382.72438652 -2379.8282185 738.508459669 4621.130028 -4645.53871138 -261.775982924 4492.96020973 -1039.19628967 1293.54978992 2560.21549626 -1997.68144081 -504.750499502 2471.69514276 -2110.63840696 631.707375975 4326.87514184 -1239.48830266 1315.32612013 3172.52451915 -3927.74964708 -450.828067964 4874.25124508 -4113.52646079 -179.880821379 1968.73377736 -2944.24248026 972.545650718 2887.99247566 -5658.02103412 -3028.26804487 614.774920844 -3122.75164882 -1172.36637169 1974.51918591 -3065.4853283 964.254777426 5704.18426977 -4475.55861196 -758.446643723 3876.6407548 -3419.03812598 -1250.50287383 2308.82539994 -3874.70618144 -656.762235378 2257.34880222 -2634.41255029 -1902.50134453 1394.92143521 -3141.46787746 -331.290376162 2782.5116877 -762.15814691 3741.2036344 5435.65035573 -1170.01609299 1284.92680843 3420.48028218 -3565.85572283 -178.83406012 2292.07057389 -3679.34095678 246.019567939 5550.07750657 -4489.70916993 -162.554598049 3793.77258545 -5147.51704471 -923.339568427 1256.34747849 -3864.94322752 95.503116071 4550.85968053 -4267.69588188 89.3767663553 4164.08593228 -4708.66264276 -544.986200897 4208.97187348 -2863.98737957 -319.985884796 2169.4148752 -2907.4936376 -202.768372005 3022.07383543 -2834.45705184 -1880.20280488 3130.17081563 -4198.61025494 -937.489562033 -74.4611420789 -1801.17517034 172.82442591 3922.22016684 -5008.3519378 -29.5595511695 3585.36325383 -4817.90347444 466.387539414 3034.77264475 -4044.46706426 126.953897504 4560.5924079 -1653.34769833 3080.57636996 3912.73995237 -3392.2474375 -263.448418436 2080.75308257 -2664.38142451 870.008115642 4026.11889744 -1964.28937115 777.765733103 3165.14508041 -4294.74235771 -3694.34300269 1197.317151 -6275.52563604 -665.457303747 2367.50584863 -3580.4554411 1913.21416026 3434.66631922 -5128.28371928 -1600.4243556 -161.218541111 -1168.42050664 -81.1347124542 1557.45682108 -4289.52288404 758.497431943 2382.48294623 -2860.66724552 739.056593703 3435.34550574 -2558.62779209 265.035216369 2861.98541845 -5007.7869896 -779.010887898 3259.49731999 -4749.5979167 -2304.05873754 1264.8985302 -4303.12765585 1267.91822697 4677.6327817 -5030.80364274 -15.7822824179 4693.76456956 -2034.32857664 392.493377183 4557.46890748 -1031.83431468 523.63062322 3230.81679145 -3897.63836981 -1783.74137661 1271.91749874 -3768.50393119 -649.765384115 1426.16321007 -3602.71935461 994.537364624 5868.90164074 -2201.62692724 -706.048197572 2244.71765161 -3938.41031347 -786.7157534 701.425186666 -3980.9057527 -78.4178740824 4109.52152547 -2728.02073671 -377.529815557 3005.11988557 -3612.62291583 -314.609900247 4245.23855227 -3086.90244495 -1359.25256266 -1.42120351335 -4208.84738676 -878.46796117 1513.04547764 -4555.51745457 175.089867975 4356.0191299 -1724.96048203 450.981442076 3620.58350711 -2172.90435506 -1135.36186623 2291.52243544 -5168.93975305 -15.3273567535 4693.52788297 -4151.01273826 -767.170798033 1472.80617974 -1712.11316407 -132.722354102 2921.9896979 -3438.49971414 223.801764416 2691.63412854 -4239.97531636 -571.523528648 4487.32831784 -861.324698016 468.841761087 705.522217251 -4341.60145522 -695.003932705 3541.27001171 -6650.81353346 -543.894892419 1843.53471611 -3146.09609473 -378.787331692 4871.46939158 -3332.6672946 520.376145639 4368.2794723 -4422.39495257 478.503253089 3369.4694053 -3826.6401654 1825.41139161 4443.23475235 -2220.79539809 94.2143319216 2534.84317116 -3778.10347369 -2094.42291458 3167.17299275 1218.2393465 2212.66011142 4304.84990495 -360.829745414 -37.6609606175 1265.17647 -4968.00850851 127.178034189 4220.67236739 -4720.21253816 11.2347383022 4466.0737831 -4153.35516504 417.469497338 3740.82805879 -4179.69125728 923.737054034 4607.45150842 459.582237381 3683.14218244 5860.64951068 -5088.48630893 -250.118324804 3619.9945831 -4955.09294648 -6.96143625794 4442.49292213 -4418.21395328 -239.339460256 1267.09933659 -4068.25432608 -1813.97147644 2009.97911568 -2236.67530248 1734.67888328 2572.62159872 -5262.0529411 120.894967478 3584.42695348 -4399.59047293 747.939015914 3492.17475752 -2608.35692226 1540.20659904 1897.27755048 -2635.20604563 -528.891448421 2295.85024934 -3151.97463466 959.900036006 3034.13031938 -4268.55318699 -87.2458961112 2462.44973373 -2905.4636428 636.324693018 2971.85758181 -2955.46784533 -677.069589738 2653.51053628 -4530.51599606 1327.72759031 4153.95054993 -4071.15668209 -257.172944558 3260.46859778 -4139.16871248 -359.062140395 3715.1436107 -4249.09466532 308.070344114 4973.78886683 -3537.77743044 795.619301205 4664.41164126 -1799.65626737 2258.86509954 4322.08292625 -1758.15923636 -639.985309954 637.078097995 -3500.05106962 162.173766445 4723.69866227 -2272.15543493 -2009.44188423 732.415230068 -2137.08442796 -542.373299319 2813.86679445 -3300.11465625 -633.4588732 1926.1138926 -2913.4751406 528.623323589 5731.36997024 -2991.39162025 -150.111740451 5322.15451263 -5341.88539535 -2199.11228757 1230.09574877 -1632.02048818 939.413104742 1701.61319946 -3761.66693363 232.090742688 494.457171088 -3410.8991125 -2569.10548568 2512.51805127 -4843.96036979 -51.0220996324 3650.82856715 -5089.960131 -1141.69026616 4065.14660207 -2112.3886556 -93.7994023281 1906.00364348 -2720.21982407 -41.5060070741 2981.32939801 -5260.16552266 -306.376126611 3772.90590289 -2027.83070658 384.962862234 2993.89233906 -2252.20614319 131.137385091 3122.1385752 -4122.6026901 227.108576418 4992.59224329 -1719.51132773 -321.382059875 3186.75866199 -1773.9706812 -40.6770210713 2202.15930652 -2488.10844715 -588.885703118 3921.70845563 -2785.55699 -90.6517039996 3512.22343502 -2805.28534713 -1078.28170542 1291.87380945 -3773.09042587 -1294.6501269 4409.86044294 -3955.47811534 245.842611928 3894.12001199 -2660.34758294 -96.5216749887 4437.18567276 -4563.95310023 -698.672465389 4563.93358086 -5341.54507402 -1438.64671431 204.161415549 -3999.74412643 -887.122652524 4938.59242863 -1786.2453496 1370.6450385 3121.3730438 -4609.44715498 -908.653194313 3966.36085571 -144.854018988 43.240023949 288.987432151 -4251.67432255 636.266797258 3660.19764972 -3530.17505755 -417.489159559 4724.63542845 -6154.39453327 -533.932764047 5491.21538099 -3044.33693326 -390.716769382 2082.65145197 -4759.71855786 354.20592174 4675.76682235 -4766.5910432 -218.806781387 3798.87375316 -5124.08900824 -348.554137519 3614.73982819 -3362.58209706 -619.98583865 2944.38653136 -2781.83854095 -1771.6232531 2671.66353661 -3505.39403685 -1287.69709721 2148.60874674 -4898.30185194 409.254310423 4205.69420746 -5021.619811 -276.147567157 3381.71720783 -6611.51580136 -1340.87282545 2666.99630573 -3961.54917482 836.643630859 5233.9786702 -3593.36766504 -2370.47104838 1902.79750191 -3775.56098702 409.111312984 5411.32588152 -5184.28230083 -454.616884094 4537.53159714 -3958.43196264 -917.668665885 1697.56318165 -4643.54593797 1312.42199529 6348.45085177 -2523.48145512 2117.4756147 2989.82191927 -2845.61027305 -981.050862874 1460.93591321 -3381.40893564 -943.123605658 2474.62667899 -4301.10787127 239.392214155 4877.14272517 -4437.88113847 -52.6345354779 4328.80515438 -3256.97767792 1108.03774272 6167.91650891 -2045.22304778 168.027950905 4739.24436693 -3096.37192293 -1131.65087706 3409.57290068 -4600.79229162 -834.885487768 3986.9205111 -4748.06585177 -486.876987827 3730.95986791 -4391.70477317 48.9876761819 3189.77572924 -4601.76772235 571.080620671 3922.46664599 -4105.30514778 -1019.29493167 2342.88521549 -4594.56043614 1047.56002427 3869.62697201 -4233.50258818 -283.943501255 3642.7744007 -1968.44179363 525.706176984 4308.43927054 -2210.61439912 242.048145605 3072.85364954 -3041.72946995 -521.576577571 2235.16597243 -5164.59693248 -56.0710116172 4484.61973035 -2884.34653375 -24.8800488325 2861.77635486 -5653.32758886 734.216209788 3984.89865717 -4791.19562743 877.924109671 4800.47554477 -2249.93349855 2308.9609949 3717.38412731 -4007.39575163 -813.279469581 3769.17967241 -5848.94901307 -1100.20495634 4011.00335327 -5033.1232537 -91.2068031802 4290.24165627 -2250.10343066 1536.93677633 3404.42373543 -1737.63489571 80.1550109319 3802.86625552 -3321.86615757 591.970781591 4843.26989055 -650.663494496 645.701341296 1348.14259829 -1731.92657401 -1379.87068022 2675.57262323 -4116.20945161 -344.98938783 3797.19141891 -465.960501975 698.578254057 2702.65677489 -4207.78780311 451.82991577 2686.78568188 -3603.2894502 465.600013363 4952.00971567 -2879.4650408 -1734.05229493 1617.39090802 -1089.80626112 839.363437253 3784.69129729 -3902.422786 -646.157735998 3636.66611652 -2039.78288269 340.672062019 2557.94633101 -2750.13818319 -12.4919541242 2214.21683201 -5256.72826239 100.359219082 3893.4695872 -2997.53003945 -134.102448989 1669.59343601 -1928.90138521 214.68070416 4183.02096977 -5456.29578599 -568.080617193 4340.99489389 -2105.46177029 324.616725687 2016.5310545 -2903.71790006 -865.031551427 2606.5286821 -4822.85304382 -747.229482381 4251.81205276 -1947.38073815 -285.029461409 4012.65351418 -4274.43602102 162.381138082 3125.55894601 -4811.30275329 -275.731078559 3620.3531577 -1878.03516718 1387.75622996 3766.70338933 -3651.13094193 120.674232848 3211.86022832 -5799.86365934 -578.62138779 4001.99858917 -2449.44015987 -1959.60832021 1732.56869258 -3921.47605474 37.8179886039 4185.73633941 -3856.25577606 -1825.1863813 1310.51212325 -578.675784314 1533.51387631 5136.36796319 -3028.42550445 -1555.57256724 1329.29258863 -3190.19090184 -1041.67595097 2351.827734 -3692.77235517 20.557654204 5104.61562309 -2397.02919726 915.008901356 1867.3123692 -3388.69588285 218.051667869 5497.55655738 -4512.72037329 -182.897242621 4409.71299321 -3314.99883479 543.177252424 5197.10458282 -4411.7986289 1210.07883112 3855.031507 -1813.42192223 320.130974755 2815.81831037 -4285.39515166 219.789916755 4744.43630674 -4061.45381609 -111.062300372 1227.32089411 -2389.50655371 2187.93875338 3125.34399888 -2636.08595566 -376.299120985 2281.66637278 -1320.84788109 651.550856121 2334.63068735 -2239.52713341 -103.926554372 2457.82035559 -2510.13070085 171.538787037 3705.05747732 -3994.18431084 -176.133946516 5263.39755341 -3858.86426748 223.714089396 3519.98059263 -4300.98696532 -121.791520603 4031.91278951 -3569.29452823 245.268688298 1981.47457519 -4417.14009795 162.761461256 4081.31073879 -2716.96088401 -189.35428563 2188.42251627 -4137.99510519 -158.923899986 4674.72473445 -3789.35981069 146.236175573 4470.67790658 -4109.82558989 197.137321887 4370.97380649 -2305.76135462 559.455420864 6358.58997223 -1448.68331488 816.387671985 6038.50266241 -758.764501514 3251.6441572 4856.86575878 -2387.70373068 1093.28227695 3404.45641008 -2971.55297971 -6.86819295349 4440.73963677 -3573.41598099 -43.2540230142 4336.1456585 -7119.2922394 -520.828216112 2075.22887976 -5298.30229005 -489.712587684 4706.0696954 -4905.28587976 -374.040248338 4080.3505106 -1939.84442858 553.883240075 1978.05811031 -3627.67813357 399.971098822 4752.21139656 -4676.79215793 -336.699230833 1755.94841541 -1564.22000217 246.609379771 1101.78447129 -4517.18310319 493.42913241 3339.88706464 -5094.57154469 -534.877862701 3912.80673195 -3341.5042209 -2268.79426633 1872.31356984 -4532.52739556 -103.966118687 4067.90905639 -2442.8927263 218.30414766 2976.11096304 -1333.63991565 749.578232561 2300.27007107 -4451.22953284 -272.501177361 4182.16320099 -4240.05290653 132.278293693 3582.19056336 -3314.68183723 -457.867636733 2455.6008151 -4162.88932693 395.658808072 4653.01923452 -4127.91856125 148.97460888 3596.21065519 -2346.46782564 976.08250417 5470.49249823 -2810.41718419 166.980202017 3444.3284531 -3911.72180557 -54.3763127602 4413.11445456 -4358.31833172 -1175.95513285 4177.65547078 -5761.23411274 -1764.68168957 368.98311355 -1984.91770307 873.834934142 3874.2081785 -4246.00761885 -394.122523814 4118.61766724 -4287.12494998 247.144139487 2514.33521451 -2765.8797534 -1538.35317953 3165.79437802 -2795.15541471 352.654852668 2906.79304551 -3730.03100222 143.820048036 4364.86082543 -5878.94391695 -470.033614166 2856.4947029 -741.575803501 -75.5674936973 1736.15344067 -1825.14238025 107.326181298 2182.89631791 -3492.60056595 362.759685807 4710.11077741 -4347.47212727 -1402.86195519 4619.98145989 -3870.33672294 1986.43846492 4861.24012276 -4663.90542449 -1087.78004564 4232.03653566 -4214.10044863 -565.370133094 4841.6918175 -4763.84989323 -660.814068032 3747.25677669 -1815.80281843 -151.195374021 4116.32611303 -2260.87928699 61.9957997484 1984.18402649 -1599.98677981 518.242528111 4626.48184418 -3701.76102114 -810.583653812 4035.78570997 -4858.33136128 98.3670826782 3988.27841462 -4465.15102898 386.185527687 2745.8292313 -1490.46102065 654.106881078 1285.69033372 -3344.84008377 -1062.54859325 3059.33108473 -5132.59948294 -686.081669891 3975.61871314 -2857.16494345 354.285986141 2923.40684434 -3733.14729682 206.769491501 4634.31240352 -3028.11900994 -1802.02200571 1679.20758883 -4627.83244471 -258.099936913 4759.30528497 -1790.35562581 154.223433583 2703.00556929 -4375.84359375 -439.885235322 4440.08775217 -1109.53568639 -132.591606919 1350.09703947 -3126.56897356 -555.7280707 2900.65313155 -4507.03548064 45.193004151 4582.47843824 -4454.2779656 -441.887680975 3521.61558593 -3918.72564463 -371.431960449 3909.99161409 -3602.35600024 -352.106310422 2661.14975943 -4783.42651415 -534.501969269 4941.32085327 -2639.06213303 946.742736422 2686.21358141 -3157.44108624 -1.64876225409 301.102636696 -4782.76127092 -1648.7445062 4050.47963803 -4261.9725804 611.903986068 5256.89195743 -6917.56664343 -1679.94155613 -1061.04510246 -4400.23577709 -393.019464257 4109.48576461 -4985.98389258 377.091221353 3589.56768065 -4473.64073578 21.539618417 4308.27280923 -2356.22034807 99.3758857739 4652.06408095 -4680.22977867 -743.811816559 3822.45472133 -3914.87625942 -328.468218793 4507.6862618 -4592.97906587 302.715200553 5140.85280161 -2150.31193936 -150.922288729 4392.47532234 -4421.73976547 -663.352821335 3514.84723657 -4596.24088 -393.305118336 4510.9841242 -3115.82206321 115.275122403 2853.41343916 -5798.48462334 -322.14157056 2720.49039201 -1564.95690335 103.285014899 4164.77546752 -4750.65183329 -208.507656194 4402.63472514 -3224.31461336 -629.728185372 4742.59892062 -4013.12278631 -532.300643997 1602.22095484 -144.854018988 43.240023949 288.987432151 -2924.14795508 295.886909375 3850.20111001 -2949.01273351 -4.71501850609 5283.74414071 -4957.62838822 -446.87133376 4850.77542161 -4025.17013681 53.0547862528 4059.59519107 -1194.2289654 1566.04613745 4798.5158133 -2255.8813227 1633.7492745 2784.63219677 -3588.52565515 -421.480098672 2907.97004593 -5092.27373808 -630.55407674 2787.82701933 -4514.90190544 -818.234229874 4411.77890835 -4212.0753642 -122.102236896 3148.62143652 -5191.03611052 -1102.33065067 3711.95065655 -4893.0315703 704.833217486 2706.36797128 -3226.00549733 382.337189901 2888.48874848 -4373.45223967 -370.233215846 5083.92418032 -3678.7752608 784.836023374 4351.76027541 -3840.5265189 579.073814024 5643.82452124 -4374.2554042 42.8242571089 4848.02694327 -5560.87821193 403.632532426 4073.03910676 -5086.51751099 412.901432943 2196.89971044 -2289.02511996 1008.71593596 3405.58680571 -3468.82897927 357.63263782 4789.45585478 -5033.68083179 -286.445663955 2235.85123229 -4155.72078304 124.313662905 4069.22354863 -4856.96559932 189.459591838 4526.14450837 -121.798035048 835.007289682 2831.26626814 -3635.65668609 1092.45805901 4894.21732198 -4902.69545232 -282.060482915 4105.07720112 -2817.40243025 -1936.42636665 1552.78228841 -2345.09435377 1266.62415025 3092.64274143 -3475.17126008 274.042350668 4349.16811523 -3952.37843798 -1431.90323705 4113.09840999 -4743.19814764 -61.2674889506 4453.22501544 -4055.75822282 419.347402369 4916.32684851 -5336.68437427 -175.460844465 4157.30357906 -3227.59906703 -104.895736519 3481.83828232 -4557.4601084 -382.215510925 2118.61905387 -1758.51269039 2629.35524718 3287.46971131 -4084.12669722 165.711828925 4555.54090877 -2322.41424537 2206.0378756 2515.37351838 -2833.3657151 -2114.37506311 2014.49975722 -4636.88619316 -348.557284017 4412.54969972 -2047.20073332 -129.787803106 3038.88530803 -4491.99315488 1152.65425423 4041.93183847 -4726.31594952 -371.454614855 3600.58999912 -5097.21174627 -336.584966972 3865.95211123 -3693.15510464 -2579.00184367 1901.67402813 -3407.04623624 505.823581312 5108.0016236 -4182.75759786 -261.815048216 3764.9740204 -2697.79702888 1994.1238535 3059.32175618 -2626.33438558 -1469.08446462 2490.87180796 -2802.86788317 634.578589229 3189.49259016 -4644.92294576 -434.917671133 4388.25094331 -2943.32240317 -358.541278749 2158.08016422 -3132.73869749 130.091879643 5031.01632786 -4896.34668217 167.638056295 4709.07977888 -4577.15009752 270.073785074 3500.19541423 -4024.26930754 1350.41901075 4925.33461346 -3131.23062594 -777.877469773 1757.54038531 -4519.22889427 -74.484404821 4485.68338062 -3516.57636841 1823.5070597 5347.99073059 -3707.66953718 711.698129626 2360.70833216 -3672.46494167 -381.466326949 4163.61100456 -1173.01519078 790.191234317 2170.43172391 -5059.01064945 341.690416501 3987.25900036 -4427.01094193 615.968754594 4053.30294654 -2218.5088774 603.153185937 3284.55662985 -5076.88153506 170.695453908 4848.1584049 -4764.80175861 247.534851317 4464.06870125 -5317.98715948 -622.434730522 4050.97181667 -4012.7114291 278.225682535 3991.08663755 -4221.43691948 -198.804350412 4840.63483841 -3756.44382259 713.871141348 4820.16078152 -3109.388591 258.79245941 4762.83662257 -4562.93607184 -148.54114003 4035.63078179 -144.854018988 43.240023949 288.987432151 -4848.64231779 86.3903071277 4286.4481614 -865.125065782 33.9337352245 1414.52890786 -966.68307646 2765.77133087 3724.79306718 -1983.29880724 -274.928465041 3996.24099324 -4835.73738893 31.5109235876 5131.28884852 -4583.94753348 -424.466100139 4264.3884887 -2828.64700364 -1366.12377124 2226.70796459 -1420.17241625 355.393495119 2975.06655846 -1779.78276875 -132.558554135 3963.56617289 -5075.32859404 405.589960154 4685.76960757 -4779.71621787 -2639.01393985 2395.8988681 -2086.76687943 -1575.86915184 1845.54980772 -2855.93946716 -197.534005429 2558.92418771 -4398.71459734 -1329.1131782 3847.92614976 -3367.62884804 -581.680368813 4894.74916867 -2751.55958334 -1913.11041671 2922.0565539 -4887.77464984 -569.937232003 4176.55097104 -4850.4926082 -701.484549617 4228.19606708 -3374.04544649 1544.70133994 3244.43595199 -3010.06503888 -201.684943148 2800.00545577 -3780.81442389 -223.585973106 4240.3048741 -4898.80086624 -633.047424061 4386.39238392 -5286.15776296 -9.35886332726 4995.04203348 -3104.0374491 670.741889173 2620.68985357 -4063.66027823 -559.180004338 2879.46290506 -2431.93856492 707.679636135 3503.44357484 -4095.98281459 -111.835482358 3755.08640344 -5482.4953723 -215.641599968 3470.86959901 -3441.14784921 -612.345024673 4356.74827513 -4103.38143431 606.433304579 5085.97781692 -5311.97042443 -361.534723538 3454.63570091 -4123.87289646 -47.252465033 4941.57518915 -3845.67767232 309.156081766 3558.14047283 -4161.12526634 7.01669634131 4184.51425415 -4516.18324851 -652.367610248 4896.2395743 -3264.8341564 -875.347054612 2261.80109279 -3957.25918403 326.090321817 5059.60868497 -5553.6443616 -455.698064896 4123.73347161 -5059.20541494 -534.588099334 3480.68789923 -855.29200951 1877.19957885 4794.95075315 -998.343194259 -158.259726584 1386.19534831 -1954.38345053 877.193079872 2549.06246055 -4030.9408067 819.647193557 4963.92310413 -4533.27645449 571.683717652 3985.60235355 -1486.51479381 -235.591114587 2917.87589433 -4759.83760185 -801.087769987 924.180120162 -4083.82022071 361.665693823 4390.44429961 -5594.63269228 319.730445846 4165.72441975 -3708.85318345 -348.622040402 5308.79628864 -5050.99122135 -434.991042287 4292.92112687 -5263.77036398 481.380915873 2248.6935101 -1847.69950172 490.011362203 3859.02104695 -4592.19205268 884.932181802 4623.05067369 -1062.00123095 563.20600928 1473.22252368 -4155.67264939 297.785447943 2269.66502651 -6092.8273031 -3502.82155536 1344.49157318 -4644.16272773 72.5265435536 4487.37513389 -4347.54899326 -241.888989622 4907.75557307 -2404.30439217 153.394975603 1921.4526037 -4653.60310907 -399.705875035 4258.37456135 -5015.74701611 886.479942452 4314.04694383 -4476.3682504 -2442.39889249 1005.33497736 -5658.15806305 -152.037072194 4005.77380136 -5185.36213137 319.131062516 4247.65163829 -3370.18760245 -228.004129241 3207.20310476 -4555.21801416 -330.499240652 3416.59917432 -3830.98660447 -254.785466495 5168.32552828 -4728.52751134 -416.278588928 3918.80697568 -2449.57467608 -558.170693862 1077.00743313 -4488.8257318 856.615054147 4274.69033277 -42.8794677253 304.255380565 1400.21514658 -3456.10475158 1659.14270925 5222.17377206 -1399.62524131 -3.79551911513 1528.66685685 -4766.61637499 389.959715513 2451.2287635 -6930.96842764 -1357.62842942 1044.98054811 -3608.15589563 -631.77227796 4431.65667907 -5267.05639295 38.2743688558 4171.76388831 -4899.7167586 -486.990210896 4241.25397852 -4250.71566572 -188.623655746 4443.24156246 -3446.5285645 -939.925575935 2102.61147293 -4148.08363162 298.368405462 4803.68559 -3973.91817495 107.305474216 1671.8045898 -4739.95219765 258.489371209 4723.59679942 -3822.27251806 453.396384817 4579.52521241 -4263.75657636 -286.146820433 5067.96909194 -2287.98485534 17.202539612 2345.32665405 -4730.93941877 634.071630767 4296.60426921 -5046.07018186 -35.0892946376 3373.11810042 -4145.7125474 -29.1517899918 4048.5399141 -4817.49311789 324.946354753 4404.27761307 -5819.18228765 -72.2959962219 3532.12980951 -3177.85490153 -1412.9921886 3134.7348417 -3831.81333392 546.256277766 4184.254042 -6003.19606235 -104.701197128 3218.26068537 -3886.94608879 788.67717873 4408.88755236 -3188.38209474 -1287.73246996 1478.89978874 -4748.35922056 -3469.68816093 1082.3478787 -4676.61920169 -6.10239377661 4119.17962706 -4303.01423506 -111.520272926 4796.72481396 -2381.42387827 -535.82808833 327.74324579 -4461.88691263 -1170.29233679 4523.92070265 -3450.05185889 233.841627251 5556.80491449 -5410.3981558 -520.231067084 3746.9428617 -1825.14238025 107.326181298 2182.89631791 -6689.68530846 -591.771147951 3041.75674438 -4082.00509748 215.997523951 4188.70339362 -1635.45061255 2067.02109311 3495.73682765 -2250.71611864 -873.856149067 4284.983002 -5169.59393381 -608.478326204 4098.18994768 -2553.28677299 -642.915059565 2647.10934422 -5734.35834263 -443.943970815 3575.83284655 -3524.63681668 1219.19916001 6715.28635301 -5513.04374202 -709.657448664 3823.98196131 -3567.57188396 -555.840707175 5025.62793295 -4027.7695874 -798.033091285 5323.67177172 -2647.63536558 679.525263235 3923.27851307 -3664.16921272 -551.551864815 3875.26523905 -2220.79539809 94.2143319216 2534.84317116 -4485.00051608 1727.62608097 4591.25447244 -1746.31613096 697.905311875 4268.36331116 -4147.59727096 82.9440248601 2607.57753632 -3226.53927928 824.373486095 5361.66794397 -2713.79774207 -72.0226402939 3532.30400567 -5191.16326084 833.194595897 4415.56531016 -4223.10155769 -170.577674451 5740.83248495 -4380.68944796 -60.6599213081 4714.9314476 -1665.13499195 294.175726781 3606.49432762 -4959.18228335 317.641979763 3332.79775867 -4858.64419863 164.354015058 4238.71932725 -3725.01046065 403.339653844 5183.39379565 -2921.69696166 768.149298929 2707.2186539 -4293.55469299 -256.193869723 4250.39766837 -3603.11942986 -1002.40097893 2030.94321398 -2530.33137414 789.998971249 4429.93912115 -4071.1177578 111.760696476 5783.61112609 -4359.36349592 20.3790382281 3523.92629077 -3385.26148906 177.911531647 4495.28985189 -4052.68618231 -703.948571841 3954.87625304 -2249.30505257 38.8589073215 2378.83474364 -5133.65667863 -1602.32726978 4337.85516844 -2960.28199486 1263.56075091 2934.96727283 -4406.21754319 -316.154848861 4540.2077529 -4325.01743575 1688.84794734 4641.3057824 -4460.85915441 268.020323975 4210.92331376 -4898.58926093 -401.108163243 4044.12377282 -4192.66152972 1675.59604558 4313.77560176 -4545.39562862 258.145773357 5777.72912924 -2723.20919917 -86.7018171322 3042.63647152 -3822.10057255 271.79050054 4693.66078728 -3769.07673411 1568.10670662 5017.65846565 -4492.01617429 -76.1499347016 4131.40877994 -562.607583712 146.582879102 892.108548485 -4846.34985495 -56.044756762 4659.53399908 -3142.1937082 454.682585139 6111.348959 -3012.09211422 -1867.66551424 1155.58404666 -3278.9415145 -1029.8992094 2371.54096798 -4466.43510058 -7.03122869028 5927.60510603 -1287.18513318 -441.967856923 -421.921336976 -4846.34985495 -56.044756762 4659.53399908 -2367.22764458 -9.22015921851 2336.49378052 -4698.03814626 181.151153551 3669.00258322 -4360.15436652 773.507156304 4523.02808691 -5070.47152 124.755261188 5286.48588538 -5624.36207521 -948.171042203 3262.36682394 -4736.09132583 -419.599338901 5054.38957794 -5303.97817746 -1172.05714136 3698.30146522 -2287.98485534 17.202539612 2345.32665405 -3665.49749234 -557.511612545 4256.14541501 -2186.08265257 509.717274907 3138.50872053 -4145.7125474 -29.1517899918 4048.5399141 -4399.43379787 161.102016227 3971.40465224 -4674.60057669 754.427135577 4369.83247279 -5486.23719026 -1212.45891322 3135.72831332 -4106.39093869 75.4005383075 4357.72606638 -4638.6590233 -482.726542791 4032.79245731 -2700.22824717 -383.131761095 2468.59441117 -4720.18664851 -1537.36968937 3982.38032171 -4337.03624271 1624.93910762 5102.53548901 -4719.48416865 -548.181037776 4186.95626921 -2746.11425895 -799.850105585 2719.75504316 -4298.4062779 406.729675231 4412.29156973 -4717.03103331 -177.930751953 4219.14730109 -4691.21606371 1632.09107124 5020.66431344 -4836.8406556 -150.574592392 4991.8775094 -3867.51164763 -9.31456935727 3836.4630831 -3077.02788733 -87.9605720073 3075.10980673 -4661.27129879 780.004926396 5167.54478855 -3918.29076596 1902.35352784 5108.95673898 -2948.37030873 -157.364202067 3400.93112945 -2260.18551418 1729.55806502 5030.97052123 -3822.97436404 -224.964068442 5026.11310097 -3341.62904148 452.801902116 5831.96745594 -5307.72168251 -177.414891819 4181.15953745 -5173.1191815 267.921627507 4080.47490098 -5428.66696989 -2001.42227536 3143.68526585 -4174.25170042 -43.8258832362 4028.16542297 -4632.07663174 -301.230420627 4325.31152355 -4675.06675518 -1190.96646308 4287.9537037 -2249.30505257 38.8589073215 2378.83474364 -3975.31135091 2546.08852329 4912.95924319 -4114.9651455 -41.8756729792 3975.37956891 -3964.59476198 -32.2155117267 3857.20972289 -4947.51567796 -76.8376726203 4553.79603253 -4174.25170042 -43.8258832362 4028.16542297 -3047.34950355 -189.608483109 2953.13259709 -5268.41774938 668.402960067 5756.51740069 -4200.17454021 565.992036248 3847.57664084 -2120.7467669 730.191129233 3568.61350697 -2572.69583781 276.463396943 4104.45693639 -4912.10153432 638.417215756 4381.19576382 -4313.7459354 -253.714499052 4677.51108901 -5001.12942126 -350.67373504 4299.44880106 -4192.76883361 1680.70812379 4431.58366064 -3952.32023981 768.128530147 4612.97258464 -5620.30972247 -1.4905264962 4134.95118425 -2937.56968536 -178.243408683 3019.27849443 -4402.32345935 955.320819561 4696.78686015 -5578.06775236 -505.703745994 4121.53946522 -4956.72974849 51.5338204833 5479.8269407 -5359.9238547 160.479263417 4144.51045242 -5101.61839374 119.249233071 4602.55215088 -4606.14483469 -232.873643755 3828.35353542 -1376.41943179 615.192366129 2301.23215457 -2974.85685264 1921.52820134 3614.85350911 -4567.60923785 188.276138266 4562.64651347 -3429.20402254 1411.16829741 4999.49962332 -5021.52397166 -468.489114493 4860.80937615 -6599.46333006 -2689.13802572 3220.33632639 -3740.35478009 -258.189771186 5262.61131606 -4068.13037936 467.807259849 5049.85062468 -4904.47168701 301.578431921 4347.32550832 -3604.21287484 -780.654655131 5103.61646619 -3612.81517415 1945.09201995 4496.66777343 -2367.22764458 -9.22015921851 2336.49378052 -3922.3482396 730.110018128 5009.29910741 -4503.21796636 483.856862205 4764.96124602 -5465.99418193 -101.691640387 3648.49492358 -2220.79539809 94.2143319216 2534.84317116 -4805.46631125 -446.173689275 5005.451535 -4717.0672697 32.8561572132 3943.2034183 -4291.51114021 -598.996931718 4466.02654048 -3064.12183622 358.850493452 6139.73049943 -2241.45053769 28.0362096355 2334.90456981 -2238.50532631 1118.46737096 2903.14766442 -4486.92450385 397.335634446 5287.92512397 -3259.18595761 2787.82741385 6396.89246403 -4813.47394354 -196.39940285 4392.25519872 -3018.08695034 -77.2143320903 3093.9754518 -3853.76875484 935.634537869 5419.74959631 -2677.69831473 1447.03745526 3398.73520741 -147.776296944 106.615864983 1270.98736066 -4769.49113435 -1868.2741577 4148.30165853 -2195.27099623 -5.23760655192 2177.81230772 -4621.257693 -39.0810791485 5322.03015177 -2800.36117462 -1849.02209766 971.598663064 -2294.30199271 -64.6029251767 2078.95890879 -1897.12109446 517.932771027 1833.67986623 -5993.46188763 -636.602716031 3924.41708671 -4106.39093869 75.4005383075 4357.72606638 -3208.5489834 2055.02955721 5315.7461107 -5280.74918152 55.0483825474 4509.71628594 -5024.52108127 -1510.32725524 3797.04317909 -3780.2912311 1964.81833148 4890.06471177 -2294.30199271 -64.6029251767 2078.95890879 -4422.24078754 164.874223531 4842.69469551 -3755.9574387 381.964430021 5487.20505655 -672.138949855 797.322691886 6195.50771166 -1570.51841768 2201.76118771 3299.04644206 -2230.50917381 -128.857630377 1724.50459656 -1267.74890157 633.729669864 2563.80301383 -4410.24244572 279.600086535 4735.38468807 -4235.8711893 -555.336126981 4534.98525657 -5909.81146504 -489.505381054 696.529185576 -4299.35313095 -667.252633616 4531.50378058 -3875.11294812 229.875456683 4583.59184409 -3989.86527056 -55.3635525208 5115.6488579 -3499.80578837 729.443872779 5734.05200701 -5394.62513557 191.406778033 4781.79156429 -4833.87925725 437.765478684 5022.77620035 -5682.89193532 -47.4906354387 4572.71205718 -4312.2769262 -9.45635644029 4280.75573806 -5028.26443059 -410.353688044 3530.00234334 -3567.07629556 314.249904933 5526.78131171 -5386.26134408 -455.879817646 4600.90541301 -577.825406896 383.802803432 1347.57278347 -5342.53645845 981.491938119 4280.29795349 -5222.11203574 -858.52351376 4338.8093893 -4206.94391779 1066.98465043 5096.88473553 -5219.51298814 -2769.65745625 3805.99791818 -2554.1241641 65.5970903264 3484.58891427 -4043.53362649 544.016684264 4230.33893258 -4243.29340736 836.851744902 4816.66940464 -4872.73580699 296.335539356 4772.76646926 -2717.64188976 -186.758799449 5065.61335232 -1408.08372979 813.441733017 3030.36830038 -5364.09993602 -575.506996835 4507.1086302 -4790.16230693 226.178540735 3973.30062371 -3687.76757105 269.927081582 5214.57489118 -4318.15183519 536.489543255 4886.59969872 -386.719110812 245.968977764 1837.27310532 -4739.77934328 -372.642593476 4213.15522041 -5234.96087956 125.040054652 4252.66961442 -4481.48013787 -251.556329005 4575.27739002 -4491.28091681 -844.155626298 4529.81505763 -2220.79539809 94.2143319216 2534.84317116 -4370.5634079 412.292922327 4738.91586209 -4201.14004387 90.5608691305 5527.70795786 -5194.88880471 -1869.46345776 4210.13173895 -4478.47427187 -39.1804122552 4514.38257968 -5920.32899992 -812.796737661 4172.45330079 -542.946405665 363.209117096 1591.9025828 -5235.12475129 -26.3113277945 4354.69467026 -5281.08530734 470.664047549 4709.66757259 -2241.45053769 28.0362096355 2334.90456981 -6383.65543794 -609.097832293 3987.99459888 -4595.27560962 -254.250958459 4586.01308361 -3518.85525263 -54.6371094661 1791.34184055 -4532.41069849 209.422922025 4545.7213191 -5094.72119938 830.011893932 4085.32390038 -4237.90611583 -311.682986103 4617.72082137 -3410.01445161 -29.2111037528 5338.35649829 -3269.47283598 -544.113104473 2110.26792107 -2287.98485534 17.202539612 2345.32665405 -5144.93562699 -130.488167476 4354.06904552 -5303.54735685 208.03406243 4906.73293693 -3929.74451958 -122.071719754 3522.83878707 -4239.10247897 -721.476394577 4343.39353135 -5864.41625239 -916.080227963 4084.16806905 -4784.14265276 -135.840552026 4817.85253181 -4751.53713657 69.5295225533 4404.00970486 -4093.61090477 590.94620528 5613.54639651 -4421.6230618 748.256778991 5396.41716828 -4554.95430076 107.284817148 4063.59904783 -4072.77416658 1742.41668897 5282.10961828 -5237.40848653 60.4724776028 4133.93404082 -5099.41239814 -167.807404219 4590.14900063 -2129.51529607 674.056678999 2748.63503216 -4208.91226529 439.506052691 4910.6629752 -3663.17707186 198.054400245 5549.84537139 -3960.90979848 1642.84106171 5192.7030851 -4157.46256726 789.449307664 5418.53313446 -3757.49197145 227.040913103 4602.20101741 -4502.88972393 282.979549861 5140.55770828 -4413.81635388 575.362276843 5792.99663942 -4831.15143449 -502.021505271 4386.27511023 -3753.63324675 -811.221892834 1854.49299756 -4004.65630073 894.976860421 5523.04062501 -3710.70188526 -56.2017199891 3876.43618164 -5101.63430417 719.019005743 4546.53712633 -3748.71451199 -1357.18281273 1046.35497454 -4010.34848843 -607.984011562 5023.46245658 -4653.03651638 282.937626853 5002.95170697 -3355.89154299 1053.15693105 4462.88484778 -4525.83784429 12.6387907759 4704.15136515 -3121.39407103 810.717996901 5158.75105814 -3118.28484364 -439.946289957 2985.23197424 -4618.25938081 -97.0036360823 4680.94540107 -5064.0623669 -697.724808647 4579.81267423 -3758.92813752 811.056233645 5118.84603187 -5253.18856039 -91.3436857082 4517.18194376 -616.500496336 730.335359903 6096.29625539 -5416.91238747 -423.220367994 5094.36759966 -4939.59514783 -369.717666534 4420.10856667 -3923.80310674 341.908709801 5637.78219375 -3047.86329529 -607.637650942 2178.59268867 -3599.68578524 238.42383585 5742.82550015 -4593.07920923 222.801477907 5655.64111186 -2195.27099623 -5.23760655192 2177.81230772 -5942.39818911 -420.422531858 775.914501427 -3555.83288935 -27.8990517415 3462.83605021 -4903.56916378 -1168.8170059 4149.88358079 -3675.34111326 1296.42963467 5201.84623324 -4448.89511395 -25.3598328753 5461.77084853 -4268.48563241 120.711015801 4494.25212911 -3014.62913701 888.753538227 2879.06568761 -5263.07600444 -2474.64104469 3471.40388312 -4711.43736702 235.871460353 5025.00770851 -4499.06972763 -211.176236754 5246.40895515 -4564.37552925 216.579020204 4894.48617584 -5634.14989778 38.0800386172 4095.73360662 -4441.40139969 240.255092059 4681.39266773 -4699.7729825 -12.235439271 4607.92922347 -3705.60603611 327.014187357 4773.5921494 -5219.64354546 -146.555658101 5063.39914501 -5174.22880209 -110.576672358 4677.33250215 -144.854018988 43.240023949 288.987432151 -5532.60449101 -823.766946497 3927.53992469 -4737.04506235 683.327917995 4652.71383604 -4244.00530655 372.880609052 5254.92815786 -4114.9651455 -41.8756729792 3975.37956891 -5270.13479049 -694.00101315 4801.87381409 -4437.24756376 -815.043343768 4507.92341658 -5063.1651916 -1033.69835639 4101.40513332 -4230.12493062 323.755918032 5588.06382916 -4532.07925453 -375.537004666 4504.87376557 -3744.31187265 28.3107064731 3742.80269011 -4145.7125474 -29.1517899918 4048.5399141 -3945.77631793 -960.391863363 4155.40759813 -4098.92776798 298.174253351 5316.31134447 -4368.28411035 810.551541229 5766.20026816 -5181.1555113 -507.072201597 4754.40554851 -5524.2297451 -2020.53012354 3235.56696058 -3867.51164763 -9.31456935727 3836.4630831 -5446.59238045 -804.783723485 4687.71629253 -3173.39204858 2518.43358354 5739.92447765 -3635.93723124 2172.6675041 5560.59081121 -2284.117302 2367.5592723 5408.92154318 -6333.26437307 -901.245770991 4185.10565309 -4174.25170042 -43.8258832362 4028.16542297 -4624.17553519 810.373114628 3941.05477331 -3692.87560862 1038.61439817 5030.68531695 -4539.44030154 29.8220520752 3900.04038448 -4178.89179446 52.1012019704 4352.56246769 -4456.62501016 324.789496421 5293.66108968 -4954.21503756 -1175.22135105 4133.20235627 -5554.81670983 -184.63435887 4686.00857115 -4207.63314004 869.539781672 4668.68924381 -4754.97986434 -61.7849431508 3808.61697918 -4679.28948343 479.788694613 4241.64001483 -5011.62967369 11.2137083869 4998.5740923 -4846.34985495 -56.044756762 4659.53399908 -4350.1439021 319.112819965 4750.22920209 -4574.89964988 -16.6895894834 4554.27095946 -2287.98485534 17.202539612 2345.32665405 -4916.02099919 185.452372601 5591.73843183 -5269.9625493 -229.836162407 4313.95510279 -2241.45053769 28.0362096355 2334.90456981 -4471.7438125 -188.247758784 4122.93753036 -4020.07490171 296.670448028 4581.60738485 -3866.88368103 672.58362545 4871.65819572 -3215.86035089 2579.77303114 4479.75375462 -4593.31759846 -373.18049709 4744.74547102 -2220.79539809 94.2143319216 2534.84317116 -3820.69069725 20.1291965762 3887.78801917 -4106.39093869 75.4005383075 4357.72606638 -4762.92867549 -136.131069217 4612.61599542 -4759.46005312 -257.034112917 4285.7431316 -4463.30782376 49.9645647689 4629.85637298 -4390.47434302 21.6816767265 3774.79721617 -4774.98029619 241.215716253 5095.24455442 -2195.27099623 -5.23760655192 2177.81230772 -4030.58326611 510.15635128 4886.15523946 -4975.60172217 -123.356687444 4372.47159194 -4996.90942482 -1141.95273927 4276.41106362 -4358.59525327 87.8562409918 4359.41558284 -4630.98988104 -48.5588508621 4469.12704483 -4511.5283171 -59.7976208827 4312.20291416 -4377.39054168 -661.252781967 4162.37827813 -4312.2769262 -9.45635644029 4280.75573806 -4327.87196481 14.8014245173 4377.21004653 -5023.11499327 -789.447510651 3977.25947481 -4401.04319359 -321.245022756 4124.76752388 -3964.59476198 -32.2155117267 3857.20972289 -4205.78672341 85.570345978 4718.73816036 -5002.21763756 -382.535057401 4275.9740849 -4516.0873102 632.512558423 4356.92049549 -3548.30727689 223.376076412 4292.89419826 -3555.83288935 -27.8990517415 3462.83605021 -4178.89179446 52.1012019704 4352.56246769 -4294.55710239 -187.708148983 3668.86327245 -4359.7502606 223.787185034 4720.63952005 -4609.91272315 -194.914344106 4492.82980561 -4369.57136932 1017.92986637 4766.38273683 -4669.38934079 -777.089175939 4265.10917873 -4161.12526634 7.01669634131 4184.51425415 -4132.53006454 -1096.87740463 1469.38116945 -3833.07118226 530.313612038 4145.22005138 -1789.05736772 391.96864307 2207.41265866 -1648.4547567 277.383432048 2058.67235302 -1997.59503381 371.944732459 2333.61586407 -2331.00975108 -133.304545195 1643.48540997 -1416.17691563 384.820818854 1698.4898044 -2140.02828922 516.179080423 2476.70805469 -2287.98485534 17.202539612 2345.32665405 -744.667140318 238.532149109 2772.65646758 -13095.6076333 -5480.24130962 -4859.15658304 -6049.67254307 -2530.84869499 -1876.1867367 -2286.46122544 10.4646321458 2751.51140338 -1150.63853748 327.308024791 2571.1471204 -2143.37887808 1242.55689149 1530.61609627 -3434.57377382 -1424.44057237 327.905732345 -925.773148493 2425.22499291 3535.56958409 -1752.89965715 491.852252943 3502.68198961 -2069.1541529 -972.367571951 -853.347294975 -1606.03505397 15.3391928961 1657.16569696 -1132.91818403 734.183397812 3762.36720592 -3750.10377765 -351.103410152 1997.8772652 -624.884540523 367.472020855 997.405336323 -4918.30216938 495.601557623 2319.17067883 -2188.27087673 -287.199747531 2871.35014134 -1774.66291083 505.389565978 3167.48236759 -2206.49951456 389.666488191 2948.24959347 -3390.64812699 1920.41197748 3582.89576104 -3767.35071903 -124.663194173 2841.95132594 -2444.99926609 732.022125911 3562.78852362 -2826.11728629 -683.80872587 2950.19148207 -4878.38113629 317.183393604 3926.93995274 -4781.86648716 484.352608485 2522.44592499 -1077.87357181 2489.06934623 4921.91843454 -2977.39495649 -2204.80814871 2742.53877903 -4969.91210218 -59.7012005205 3915.34966165 -3392.3965942 378.444638191 5435.99657542 -5109.45575676 95.3410602682 3547.95494265 -4145.43524031 -49.1571294238 4456.48014652 -3750.93427801 -13.1914879675 4678.93843222 -4420.75579795 95.9199835507 3337.20761798 -3088.84640505 165.577031413 5253.38023271 -4266.23267899 1049.94041347 4880.38481274 -2201.20584587 609.500604855 3088.0703939 -1940.12692676 1023.16614363 3362.03763035 -4188.37759137 569.410951379 3899.02799071 -2962.07711078 186.966596807 3172.29462429 -3092.04275129 -39.0332772191 1515.98676456 -1623.11762022 832.197866278 3047.06451392 -2189.00031869 290.504679161 4030.20689752 -3498.57399084 -2440.97563856 2437.59463389 -2951.7523053 333.196523728 3290.33984419 -3298.61223384 -172.421870505 2857.98577805 -4890.1797002 -636.233533285 3487.6001291 -2286.68221314 1484.41772985 4435.87420433 -2219.47032707 -583.303369523 472.81738768 71.3954743966 857.056181403 2366.04107548 -2198.22866575 -228.359722454 1401.69426074 -1367.88541923 565.643675293 2751.84365963 -2287.98485534 17.202539612 2345.32665405 -3347.78569328 -1922.3824024 1900.843888 -3045.0916811 -1895.70716573 1861.40855352 -2684.00330314 840.333678433 3228.77808196 -2036.84317301 -216.534839043 3925.03723663 -2956.8447511 -377.375458404 1437.80081625 -4495.88628304 -729.656432346 4356.03800653 -5273.07876107 -112.504594589 2859.15694105 -2009.67645196 494.18757908 4071.19432204 -3138.48753067 224.331229531 2388.82496343 -4260.18505344 -1020.04834857 4283.65153997 -2252.24830561 -103.988119664 4430.78371066 -3562.92277279 899.514978651 2884.4744268 -3417.88165445 1318.83710811 3014.10612799 -1095.80920419 -387.344215261 1222.90820016 243.052888282 775.59052 4362.85161226 -4855.91386068 558.638280053 2704.54781899 -3200.49883912 279.363564812 3123.20249347 -4242.89759444 919.447927863 3198.95425659 -2566.21287466 917.358916213 3203.17351547 -3851.19195407 -362.893520236 2946.78744195 -3251.14677516 590.041818983 2703.33757698 -3006.44208168 515.696087099 2409.38830761 -857.024825382 -225.177283855 3144.89939385 -4568.00344247 407.635028353 4797.14641149 -5702.04146695 196.865486278 3905.71518283 -4935.56596085 -33.5699230202 1552.29274415 -4735.75850597 -1040.77478426 2644.993208 -4164.40471204 71.1888406312 4707.332398 -2192.11561681 98.7342050981 4467.51492655 -3994.93198222 -105.789327038 4318.98123716 -3175.05150284 369.780619405 4972.0730971 -2371.47547233 -33.2962029471 4264.39159791 -3954.59855757 17.3100645599 4201.10015213 -4856.55316186 896.129120332 3794.82770105 -4858.53162633 -58.1078660575 3656.79890986 -4022.61939574 509.15662426 4850.09910764 -4314.84777849 -204.649154012 2028.35006521 -4103.89595164 -949.998533264 2071.11303136 -3121.32649386 -1572.77726264 2488.59852083 -3203.66046317 265.543946826 2276.69726544 -3493.1316829 -2620.33993999 940.887971315 -3996.02589814 7.77151501747 4686.9108772 -2862.24046579 -765.700410659 4399.90522876 -3600.73466061 -682.857952557 440.205982732 -1863.80342691 232.049349635 1021.09910179 -4254.53458316 131.632794689 3979.30562506 -4651.56512683 235.727349022 2362.86787753 -3415.24766312 -354.996454405 4670.29276981 -4485.13406494 584.35907674 4364.05265119 -3629.63948097 117.500110293 4255.66415713 -1031.6844846 52.1474334753 4362.64573596 -3843.28961427 -113.286502887 4958.59670387 -2392.7122547 -469.040350223 4745.03364418 -5178.15005579 -548.738514458 4185.26868482 -4280.8500094 643.504250023 4903.01616283 -4414.25264083 -263.364276364 4372.87657116 -4619.85676289 161.318096956 2130.12026866</DataArray>
        <DataArray type="Float64" Name="PrincipalStrain" NumberOfComponents="3" format="ascii">-3.73982199074e-08 -1.18353518267e-08 4.00418218712e-08 -2.31264442168e-08 -5.06449204919e-10 2.14061297118e-08 -3.78526739579e-08 3.87526372915e-09 4.32511753188e-08 -7.17364462284e-08 1.68704499871e-08 5.45127320816e-08 -2.18443277916e-08 -1.3507930767e-09 2.3189186508e-08 -3.14213109056e-08 -6.55300296634e-10 4.69891719996e-08 -9.37815195193e-09 1.25591023018e-10 4.78719016967e-08 -4.22292594407e-08 4.13368231975e-09 4.610357785e-08 -3.83252299837e-08 2.70093417609e-09 3.1054963901e-08 -4.49483439664e-08 2.55727586322e-08 3.90324061256e-08 -4.71769775833e-08 9.29014230258e-09 3.90586869443e-08 -4.35246661607e-08 -3.94926498825e-09 4.36946801192e-08 -2.56777350535e-08 1.89286504816e-09 2.52031180467e-08 -8.33183408017e-08 3.31875632297e-09 4.23458960036e-08 -3.76932064445e-08 -5.8353631621e-09 5.19911236952e-08 -2.20284670241e-08 -1.61547055776e-10 2.60954597106e-08 -4.84943945355e-08 -1.49671685705e-09 3.2912241094e-08 -2.59296631932e-08 1.83838027768e-09 2.09769913686e-08 -4.80497724062e-08 2.69882007305e-09 4.92704692972e-08 -2.22875793728e-08 2.3857285834e-09 2.5904757747e-08 -3.63014398492e-08 3.49423038911e-09 3.50916693142e-08 -2.82998046239e-08 6.61839837087e-10 2.64026316279e-08 -8.25586423959e-08 1.58482356282e-08 4.80437035615e-08 -2.23799397223e-08 -1.00830516676e-09 1.36364643373e-08 -3.91895386658e-08 -1.10504356858e-08 2.92215807209e-08 -4.15004218642e-08 1.59410024749e-09 5.50751053933e-08 -3.89440216092e-08 -4.20798496465e-09 4.84778913204e-08 -2.22388419783e-08 -5.23223572664e-09 3.07663503463e-08 -4.91727843622e-08 4.64564674288e-09 3.86587692041e-08 -3.4791129936e-08 -1.68969933296e-08 5.7630917339e-08 -1.4543503398e-08 -1.60500923629e-09 7.07256043164e-08 -6.21031591754e-08 -7.42441691612e-10 8.81442594023e-08 -3.16858304232e-08 1.01301435563e-08 2.82323861012e-08 -4.8966859359e-08 4.05428282788e-09 4.34581660592e-08 -9.55866367729e-08 1.77865432566e-10 7.52511025427e-09 -1.24613292567e-08 5.45720887312e-10 4.97581077682e-08 -6.6601315473e-08 3.04840971779e-09 7.47230621805e-08 -3.64779682306e-08 -3.57125070376e-09 3.32193392823e-08 -4.13172736171e-08 -1.92609394736e-09 4.52300093589e-08 -4.38635773766e-08 -5.85965031072e-09 4.56024073571e-08 -3.90019988115e-08 -2.44476955657e-08 3.78730395771e-08 -3.96136176865e-08 2.65457726898e-09 3.71644836092e-08 -2.19366769253e-08 -1.25676296344e-09 3.25220142671e-09 -2.67025839536e-08 -1.60946322271e-09 3.02954379424e-08 -8.70940778101e-09 2.38164883262e-10 5.05525551885e-08 -5.30734441866e-08 3.40799919146e-10 1.33196983855e-08 -5.42108150835e-08 4.83675693721e-09 4.36321663556e-08 -5.64563914186e-08 6.20856837751e-09 4.96116374214e-08 -3.19194010631e-08 -6.86679186517e-09 4.25846261439e-08 -4.96101379697e-08 7.00619798841e-10 4.82266597946e-08 -4.46367637496e-08 3.70735122865e-09 4.28719060072e-08 -4.06368862185e-08 -8.89634785588e-09 4.7329003845e-08 -4.34298392848e-08 8.09535379326e-10 4.17239274816e-08 -4.99555937561e-08 -3.67832318601e-09 3.91335173551e-09 -7.08451424533e-08 1.08401300423e-09 7.00611382047e-08 -6.53046809306e-08 -1.23662344261e-09 5.84018917572e-08 -3.63527465985e-08 -3.28835649882e-09 3.57847649699e-08 -4.32924204355e-08 9.87164635023e-09 3.45628712766e-08 -3.98360158554e-08 -1.16140607212e-08 4.81160541594e-08 -4.50110592662e-08 8.16840910739e-09 3.90920997307e-08 -4.04149295873e-08 8.67138629823e-09 3.24255394955e-08 -4.62010895322e-08 1.21817750364e-09 4.79082129406e-08 -3.57736544032e-08 -4.28707505781e-10 3.54715615653e-08 -1.80882787424e-08 1.74631536237e-09 3.70111757486e-09 -4.6811976747e-08 1.2807311526e-08 4.70288281606e-08 -7.16368629818e-08 -2.88815570971e-09 4.64034539478e-08 -4.14335357166e-08 8.08614680107e-09 3.82602809633e-08 -5.77151009729e-08 -3.61565330029e-10 2.19187229324e-08 -3.85044697208e-08 -8.31749752039e-09 3.30789442415e-08 -2.54045227893e-08 -2.78542865778e-09 4.4252772376e-09 -5.16814301645e-08 -9.37590951527e-10 5.05696269781e-08 -9.47099884454e-09 1.56360421365e-09 1.66825204999e-08 -5.45107272548e-08 3.35641697658e-09 4.16487191448e-08 -2.05340670368e-08 1.51238865306e-09 5.83468115169e-08 -2.66322293407e-08 1.95742489971e-09 2.20993035487e-08 -6.98007726279e-08 1.33677463105e-09 4.79460094259e-08 -4.63692561648e-08 -3.45540898154e-09 1.22407684885e-08 -5.23565063372e-08 -5.78543679781e-09 6.43658583119e-08 -5.00745369406e-08 1.29587333554e-08 4.33768723013e-08 -6.89394666849e-08 1.71479788889e-08 5.97371911422e-08 -2.40587417058e-08 -1.01536246755e-09 2.57140942608e-08 -3.89881151839e-08 -8.07382804173e-09 3.23922126607e-08 -4.13179374943e-08 5.74858317374e-09 4.82024590528e-08 -2.77378762029e-08 3.26363431132e-09 2.69450535948e-08 -2.79532878963e-08 -2.77507330378e-09 4.94085093932e-08 -3.44020832426e-08 -1.1923099388e-08 3.85631310715e-08 -3.77700196457e-08 -3.3046319031e-09 2.95213078865e-08 -4.12026517088e-08 2.25346133341e-09 4.15297791857e-08 -5.4748581094e-08 1.03198551092e-08 3.85129448542e-08 -3.26521358081e-08 -8.10780369782e-09 2.82372515415e-08 -3.17242688817e-08 -1.20345153082e-10 4.37114821042e-08 -4.84427064038e-08 -4.33707948083e-10 4.98151953767e-08 -6.89713515309e-08 5.96503437207e-09 5.80194521943e-08 -2.88983689853e-08 -6.16314856917e-09 3.14453889867e-08 -3.29213307011e-08 5.05546096992e-09 3.31779918097e-08 -4.96720897974e-08 -1.55577041203e-08 5.15248780926e-08 -5.05855923951e-08 -1.04078464742e-08 7.66718754833e-08 -5.058301988e-08 -7.56168295299e-09 3.88067273251e-08 -3.60282312656e-08 4.47962684139e-10 4.27974317439e-08 -3.26576932129e-08 -1.23217588568e-09 2.33820295521e-08 -2.61974104824e-08 1.97197143337e-09 2.58772357122e-08 -3.01981395964e-08 1.94072812344e-09 3.23381377877e-08 -6.62041246951e-08 -1.53563898749e-09 2.27359249715e-08 -4.03818853674e-08 -3.03309151895e-09 5.02135127256e-08 -3.06957316862e-08 -4.33308316086e-09 4.64728769967e-08 -3.27409215806e-08 -4.73383004186e-09 2.36310121641e-08 -6.35912060871e-08 5.0305340537e-09 6.27338962493e-08 -3.03925292196e-08 2.11532353984e-09 3.79873613136e-08 -4.5122269641e-08 1.61610422898e-08 5.05808999641e-08 -4.6774378333e-08 4.2023865419e-09 4.54395967957e-08 -6.17922808237e-08 1.03064589627e-08 6.15315808378e-08 -4.99058417659e-08 -2.87283287384e-08 4.65336356172e-08 -4.64143989626e-08 4.21243578371e-09 4.23829456138e-08 -3.39293371723e-08 2.22395957214e-09 3.27674609653e-08 -5.64511941529e-08 6.58213466205e-09 4.26536880308e-08 -6.88606609792e-09 -2.63718022573e-10 3.20098527048e-08 -3.83819873986e-08 -3.64500069989e-08 5.01224103709e-08 -3.93083170184e-08 -1.52942252885e-09 4.13972080762e-08 -4.20667868253e-08 6.01550276365e-09 3.50140003734e-08 -3.93527989412e-08 9.26663818842e-09 8.67840114195e-08 -3.51258810716e-08 -7.29880995615e-10 3.88323104638e-08 -6.0055782586e-08 8.68237460534e-10 5.91415738639e-08 -2.93655880345e-08 3.54024761578e-09 2.31660007036e-08 -2.18461058501e-08 -1.18018872695e-09 5.59214204239e-08 -5.1294363016e-08 3.86191244502e-09 3.72997194944e-08 -3.41541556615e-08 1.83659572451e-09 3.80098874119e-08 -3.13304280119e-08 -1.93412844558e-09 3.97354175725e-08 -4.58066284135e-08 -1.13925858308e-09 4.14366487911e-08 -6.88860311809e-08 1.27198647979e-09 3.38181357657e-09 -4.19381461023e-08 -2.22183453404e-08 3.823297448e-08 -6.81916665515e-08 2.12169822411e-09 6.85955041925e-08 -5.31852645151e-08 -7.47326626653e-09 7.20708679746e-08 -4.61181171765e-08 4.93906147788e-09 4.39720540068e-08 -6.38535166431e-09 6.51789560072e-11 7.36263635215e-08 -4.63475907805e-08 -6.23349512168e-10 3.7696790135e-08 -3.0827339189e-08 1.21092856258e-08 3.11731718188e-08 -3.02915088855e-08 -1.94069878368e-08 3.30557684566e-08 -4.52526870558e-08 3.65859852687e-08 6.28622703205e-08 -1.05847806983e-08 8.19499458812e-10 4.2519683528e-08 -2.97596024827e-08 -1.33193604669e-08 3.46347073468e-08 -2.80726917812e-08 5.24303699486e-10 5.51223453671e-08 -6.80990716995e-08 1.65947274391e-10 7.63310962368e-08 -4.32172370385e-08 -4.64456470269e-09 5.4718419561e-08 -4.67274717149e-08 -1.27994247315e-09 3.75773580308e-08 -5.99617764663e-08 5.78143562971e-09 3.55321019615e-08 -6.33384272207e-08 -8.09247041781e-09 6.87575902152e-08 -4.33890370538e-08 -1.19529276054e-08 4.16338122647e-08 -2.17137562895e-08 -9.4283434062e-09 2.64902768913e-08 -4.27773054195e-08 -1.88054469611e-08 6.54944014382e-08 -4.02101874217e-08 -1.16816828569e-09 4.29937341181e-08 -2.91775914118e-08 -1.79867981411e-09 5.25637267555e-08 -4.97014772757e-08 2.70605563278e-09 3.75675685959e-08 -3.86154289287e-09 2.42120522686e-09 6.48314156891e-08 -6.36791524889e-08 2.14997083874e-09 6.29275793232e-08 -5.54961293793e-08 3.15108092601e-09 3.26396245458e-08 -4.20507970055e-08 -9.3030322811e-10 3.84792227607e-08 -4.68621740236e-08 7.01215051968e-09 4.82127642208e-08 -2.50964863397e-08 4.69983699065e-10 1.19986084332e-08 -2.63473315116e-08 0 2.6679680691e-08 -4.53323053415e-08 -1.7856686516e-09 4.48044119484e-08 -5.2862145916e-08 -1.24437856695e-08 6.72985928524e-08 -2.94518031799e-08 1.93658551077e-09 1.374242725e-08 -3.30640399465e-08 -2.12303954729e-09 3.7571137218e-08 -4.68010331511e-08 9.55131264503e-09 4.94995941008e-08 -4.35670195918e-08 -8.340387705e-09 3.72262846432e-08 -4.25006692628e-08 -5.62622284323e-09 4.30623523205e-08 -2.9811154451e-08 6.24801219454e-09 5.62788106541e-08 -3.9665119098e-08 4.65749234283e-09 4.03519223467e-08 -5.3981998704e-08 -2.16403502493e-09 3.59954356258e-08 -1.20138958065e-08 3.72661452756e-09 1.16474380207e-08 -4.12730276119e-08 -8.79570674688e-09 5.61179738267e-08 -4.86823376426e-08 3.48575979553e-09 4.81590059508e-08 -4.15715384594e-08 -6.91715998258e-09 4.52891914661e-08 -4.59608926464e-08 -2.32658897415e-09 5.244614155e-08 -1.56068235927e-08 -4.06109978898e-09 1.99570657954e-08 -3.71596056391e-08 1.18272747069e-08 2.96895679308e-08 -4.29630923337e-08 -4.29656887761e-09 4.00159866384e-08 -4.05276909107e-08 -8.59221239432e-09 4.19349145667e-08 -7.38020298187e-08 1.08454032835e-09 4.64715579165e-08 -3.48945149843e-08 -2.12862827763e-09 4.59896035277e-08 -4.08734750135e-08 2.79635760962e-09 3.98158347456e-08 -3.23924435254e-08 2.3809730613e-09 3.18484657423e-08 -6.91365711359e-08 1.4040096246e-09 7.5110076996e-08 -4.95203071454e-08 -2.17807337841e-08 4.92182359374e-08 -3.55579159352e-08 -9.68496912238e-10 3.13922921326e-08 -3.87925224262e-08 3.56665660858e-09 3.28938816119e-08 -4.08133814029e-08 2.14306294382e-08 2.95460488234e-08 -1.5880475072e-08 -2.97750958635e-09 4.05780542829e-08 -1.19853515126e-08 2.15019154879e-09 2.55635252433e-08 -4.43391560022e-08 -1.1105746558e-09 4.16169848942e-08 -3.45852858597e-08 3.54496135151e-09 4.01748262784e-08 -2.28618313177e-08 1.53207615119e-09 2.69702729732e-08 -5.4917270723e-08 -1.80133339028e-09 6.52810204066e-08 -3.94121666277e-08 1.58917786706e-09 1.51998065203e-08 -3.23479055099e-08 2.82637486756e-09 2.12991696507e-08 -4.72822152865e-08 3.13577555202e-09 3.94085075059e-08 -3.12810845026e-08 2.90707001501e-11 4.48626229172e-08 -5.74796611553e-08 -3.08232953398e-08 3.92038879961e-08 -1.34975908694e-08 3.23777573058e-09 1.9688226022e-08 -2.4944063231e-08 -4.55260783565e-09 2.78412811431e-08 -2.38730298275e-08 -7.21543792943e-09 3.03822336363e-08 -1.46572941089e-08 6.18396560505e-10 2.15614519616e-08 -2.70508109714e-08 -3.85122849592e-10 2.90006322993e-08 -4.75758776821e-08 7.49834247184e-09 4.25747509509e-08 -6.4437468354e-08 -4.36472125101e-10 6.17662107202e-08 -3.41754231571e-08 6.73432453979e-10 3.83885844919e-08 -8.32969734958e-09 7.7208151992e-10 8.64188078126e-09 -1.88276579959e-08 1.97934768342e-09 1.12008979782e-08 -9.88955549877e-09 1.38227928154e-09 4.73274713348e-08 -4.37423268693e-08 -7.18990437904e-10 1.14713942569e-08 -2.58060899594e-08 -1.24222588043e-09 9.33534411789e-09 -4.78142909329e-08 -3.90830001469e-09 5.16106672136e-08 -6.26742704697e-08 2.35619826549e-09 6.25045631611e-08 -3.30408847312e-08 2.02895053548e-09 3.12537059357e-08 -3.0562421707e-08 -3.95372465148e-09 2.90591513202e-08 -3.25085482499e-08 -2.76831303093e-09 3.12814316184e-08 -7.67490784905e-08 9.19033439193e-09 6.79682925056e-08 -6.11841638402e-08 7.66561778889e-09 4.16509991928e-08 -2.74510543991e-08 1.79679255474e-08 4.7786482923e-08 -4.26883171737e-08 9.46880924984e-09 3.62521527423e-08 -6.24563676071e-08 2.30049465096e-08 3.76440058121e-08 -3.63813901549e-08 2.3120421291e-09 4.3446845315e-08 -4.66512891809e-08 3.69311677886e-09 4.35240080811e-08 -4.27560025995e-08 9.20497083876e-09 1.90857308117e-08 -4.28916517632e-08 1.66659080733e-09 4.80390652549e-08 -3.96475709074e-08 -2.66177522804e-08 4.50440333498e-08 -8.48028164715e-08 -3.68733958166e-09 4.90853246083e-08 -3.13673908772e-08 -4.26990521169e-09 5.02735166858e-08 -6.03827234822e-08 -1.5182310079e-08 6.69202989744e-08 -6.85738971616e-08 1.75860620414e-09 6.77956644069e-08 -4.98276208375e-08 -1.35665860398e-08 8.82108710555e-08 -2.41848596892e-08 -7.37836020358e-09 2.85258355272e-08 -3.44873210142e-08 -5.22978724443e-10 4.24709501668e-08 -6.89115484822e-08 -1.6847235438e-08 6.08258774143e-08 -4.85851667058e-08 4.66814506316e-09 4.65751673957e-08 -1.27773246372e-08 -2.03965505277e-09 4.3259921977e-08 -4.63440435598e-08 -1.08473795147e-08 6.38707658336e-08 -4.82650099478e-08 3.33692365859e-09 4.36067924022e-08 -4.30801901339e-08 2.06113109777e-09 4.28546908147e-08 -4.99863756455e-08 -6.66337834517e-09 7.88223417687e-08 -4.47386911848e-08 -3.15952292658e-09 4.85572765849e-08 -3.35441789855e-08 -1.43306646303e-08 3.22946310721e-08 -4.04150878026e-08 -1.46018518533e-08 4.56824646889e-08 -3.80459900137e-08 2.44116528304e-09 3.83503829091e-08 -3.21432782392e-08 -2.87407954959e-10 3.70350791437e-08 -5.71012431189e-08 1.0030259447e-10 5.25834993316e-09 -4.95183302522e-08 -2.2946759378e-09 5.09796341448e-08 -3.86366358916e-08 1.63794157223e-08 3.52513715503e-08 -3.02009965936e-08 -5.00764884599e-09 5.66406783995e-08 -3.09465107169e-08 -1.79470116414e-08 2.99339957741e-08 -4.06960363898e-08 -2.06046536353e-08 4.41489260079e-08 -3.86422580265e-08 1.18289678455e-08 3.08296355765e-08 -6.22714113808e-08 2.24631194072e-09 6.08821927646e-08 -4.84567293092e-08 1.03263849503e-08 3.33593010726e-08 -3.51991731825e-08 1.04866269968e-09 3.15187658247e-08 -3.01219943679e-08 5.48174810695e-10 2.42921873186e-08 -2.14416597894e-08 -5.66694872484e-09 3.3537559798e-08 -5.51683646777e-08 -5.44530722865e-10 7.84204506781e-08 -3.55918647452e-08 -1.24070030389e-09 4.53867514273e-08 -4.62856319045e-08 -5.32487808646e-09 5.04709702302e-08 -3.97868665576e-08 5.31324133504e-09 4.88046208271e-08 -1.17908181877e-08 -1.01039410724e-08 3.41451228591e-08 -4.75490233137e-08 -4.22854039101e-09 8.21877717763e-08 -2.64962515375e-08 3.26078995634e-10 2.50681801098e-08 -3.80962858641e-08 -1.47524665171e-08 4.52608589949e-08 -4.54852011583e-08 -5.82468005171e-09 5.33711712484e-08 -3.68166910871e-08 3.43800311936e-09 3.39570382587e-08 -5.22570491414e-08 4.20858755492e-09 4.73896476793e-08 -4.37423421134e-08 1.19751321118e-08 4.68951955816e-08 -7.18076530185e-08 -1.65692362786e-09 4.83279443306e-08 -4.02600484302e-08 6.6097413387e-09 4.01656402532e-08 -6.0123349559e-08 4.50535231207e-09 3.46662508427e-08 -4.16603149629e-08 2.55684910784e-08 3.08643565278e-08 -6.86714868138e-08 3.25552444236e-09 6.42829689992e-08 -2.91322877793e-08 -4.73925065679e-09 2.85677422825e-08 -5.32876910784e-08 -1.47082694927e-09 5.89616613966e-08 -1.01642358583e-08 -4.32029464916e-09 1.11849813761e-08 -5.92025659217e-08 -2.54263120183e-08 3.79964110961e-08 -4.00151831123e-08 3.49431770402e-08 5.12616187993e-08 -3.16035921542e-08 6.48939589495e-09 1.40435151637e-08 -2.92324563942e-08 -3.37239518267e-09 3.43271155358e-08 -2.54717591381e-08 -1.2697321357e-09 3.24177508456e-08 -2.67302284783e-08 7.89665750368e-09 2.36852186355e-08 -2.30672023346e-08 -2.41675662145e-09 2.5465382302e-08 -2.54699268424e-08 -7.96411236233e-09 2.74418189986e-08 -6.00517773439e-08 -2.73048854719e-09 6.33025612926e-08 -3.68097612173e-08 -7.8601801748e-09 3.8463730857e-08 -1.49061088071e-08 4.96144269844e-09 8.0209842659e-09 -5.7026909851e-08 1.91541180932e-08 5.938235264e-08 -2.30714640475e-08 -1.94718538566e-09 2.59811975113e-08 -8.68852304655e-09 2.34965487146e-09 1.26638611951e-07 -3.74192182152e-08 -2.94890902768e-09 3.47725188225e-08 -3.84862596171e-08 -6.46864875967e-09 5.29334605975e-08 -4.25536360446e-08 -2.88812942887e-09 4.88902935419e-08 -6.26608220745e-08 -3.71743980743e-09 6.94260510614e-08 -4.08936896685e-08 1.99257296557e-08 3.68576942458e-08 -3.4452267205e-08 -6.3783390476e-09 5.10078179499e-08 -6.91466508709e-08 3.49488509501e-09 5.92929301269e-08 -5.7769542796e-08 7.73880291638e-09 3.96223598108e-08 -7.34341162377e-08 1.11442177838e-09 6.43104172142e-08 -3.53247340168e-08 3.62846028109e-09 3.13784197728e-08 -4.18352710655e-08 -1.01983122425e-08 4.98242724397e-08 -4.39716525763e-08 4.66038428808e-09 4.36866530899e-08 -6.47765782693e-08 -4.10116052607e-09 6.06674643035e-08 -4.86922092619e-08 1.19233986352e-08 5.31653349714e-08 -2.33564046445e-08 -9.97512994985e-09 3.46739252502e-08 -3.2066403483e-08 -1.33213232988e-09 9.97238177168e-09 -4.55617169403e-08 -2.3106249258e-09 4.82229792967e-08 -1.95181727809e-08 -4.29139949572e-09 3.55432371505e-08 -5.36139492433e-08 1.18989521121e-08 3.93043263763e-08 -4.20756715811e-08 -1.51258786466e-08 5.49076468291e-08 -5.06401873461e-08 1.99870321299e-09 4.5723858671e-08 -5.35899472394e-08 -2.79091083385e-10 4.54264033691e-08 -3.35743395072e-08 5.84765602764e-09 2.88355724783e-08 -6.70704794895e-08 1.28478982479e-09 6.04207929899e-08 -4.30443249229e-08 1.6262030403e-09 6.32579461063e-08 -4.4430933833e-08 -9.60895871902e-09 5.43340475145e-08 -3.63397251014e-08 -1.82684622527e-09 2.72455301891e-08 -6.30094040809e-08 -7.2014193608e-09 6.97607679024e-08 -3.97212601594e-08 -1.61547052554e-09 3.77854395775e-08 -3.67014239401e-08 -7.36424551262e-10 4.37840928346e-08 -3.97553280149e-08 -1.88678935672e-09 3.8685126842e-08 -6.19758845201e-08 2.48468885816e-09 6.2055065002e-08 -2.82277402616e-08 4.42780646693e-09 2.53874505839e-08 -5.01648011481e-08 -5.69301359372e-09 5.8194939546e-08 -3.46629048163e-08 -4.55802220255e-09 3.36087908064e-08 -4.50685096976e-08 1.50262349954e-08 3.90581857117e-08 -6.2349803891e-08 -2.74058672937e-09 6.56297168718e-08 -1.36191141394e-08 5.96520462278e-10 5.63749766453e-09 -6.24507532468e-08 4.01674361101e-10 5.48032093233e-08 -3.75286653119e-08 1.47980925393e-08 3.57443452483e-08 -3.60186950213e-08 -9.07862516631e-09 3.89934391825e-08 -5.35946926299e-08 -7.53501278642e-10 5.87830741218e-08 -5.50232015876e-08 2.422669389e-09 4.76428503604e-08 -5.22432578492e-08 -7.35244940676e-09 6.75725163935e-08 -5.88621128835e-08 2.20932749559e-09 6.28366447579e-08 -4.34688596702e-08 -6.90420375303e-09 5.81807236138e-08 -2.3461836655e-08 3.48180278138e-09 9.97423088958e-09 -4.26097637997e-08 9.18347757092e-10 4.75359306864e-08 -8.77993118649e-08 2.22502801834e-09 1.19759429367e-08 -4.79283782577e-08 -1.49741757422e-09 5.19834984701e-08 -3.72962643531e-08 -3.11356381309e-09 5.88750499984e-08 -4.46595806014e-08 -6.56366555874e-09 3.70418419654e-08 -5.945117441e-08 8.1273436637e-09 4.38926133345e-08 -4.04208321092e-08 -1.12863078332e-08 4.61602085885e-08 -4.93850719571e-08 -4.40325635018e-09 3.89093628383e-08 -4.03807875904e-08 -2.05226912557e-08 4.24090429243e-08 -5.32670052323e-08 2.16296025916e-09 4.57106205743e-08 -4.25925546408e-08 1.01344654478e-08 4.11831858167e-08 -4.27967841548e-08 1.5025444479e-08 4.23811528362e-08 -5.35593448733e-08 -7.52168773214e-09 5.28002544731e-08 -2.70950660475e-08 -7.07468093995e-09 3.29831515914e-08 -1.88890251831e-08 1.55934127329e-08 5.06366334968e-08 -3.7162302534e-08 2.17228612919e-09 5.61761751286e-08 -5.13538978526e-08 9.86186315878e-09 4.99652825201e-08 -5.16821903443e-08 -2.6919072363e-08 3.13979789739e-08 -6.12671137333e-08 6.37565422144e-09 4.34692608628e-08 -3.27862485167e-08 -3.1823942081e-09 3.54728127827e-08 -5.91895281205e-08 -1.21429972247e-08 6.4722814494e-08 -3.7459295168e-08 0 3.78320168596e-08 -6.14551925509e-08 -2.56396125033e-08 5.96180882105e-08 -4.95807694125e-08 -3.23864711114e-09 3.18921180256e-08 -6.76452856668e-08 -5.51538869423e-09 7.1773745694e-08 -8.60533726976e-08 2.15002024194e-09 4.31403103135e-08 -5.22873295833e-08 2.43695836038e-09 3.03953276634e-08 -1.41286343724e-08 6.00275052349e-10 1.96323022471e-08 -4.00264093102e-08 -2.39413128964e-09 3.74344870039e-08 -5.21473171543e-09 1.02094604307e-09 3.07707974346e-09 -6.88942695943e-08 3.39214367921e-09 5.45926682424e-08 -5.29071380584e-08 -2.45314154831e-09 3.3056208737e-08 -4.72863805841e-08 8.16209711433e-09 4.14933415776e-08 -4.89638593688e-08 -3.6647309685e-09 2.91248525975e-08 -3.6070073204e-08 2.47762841928e-08 6.08856114238e-08 -1.40813162366e-08 4.82103538411e-10 1.37396399845e-08 -1.60378258477e-08 1.07034855033e-09 2.64591873619e-08 -5.66046663625e-08 3.55077134021e-09 3.33022640701e-08 -6.50064059447e-08 7.60974032423e-09 2.6656214873e-08 -4.42784425991e-08 -2.53879792187e-08 3.82279053752e-08 -3.70363173731e-08 5.97902142313e-09 3.8008474573e-08 -5.61303157457e-08 -9.53334209744e-09 7.65169960453e-08 -6.75449959884e-08 -6.89590005259e-09 7.3993529879e-08 -3.47487657632e-08 6.11931979502e-09 3.22177870362e-08 -3.71602014643e-08 -4.08906483887e-09 1.11304023564e-08 -5.67892952542e-08 -9.1652375874e-09 8.36610242161e-08 -6.86842876253e-08 -4.56974504318e-09 7.13307490036e-08 -7.53243367336e-08 -4.72762460507e-09 5.13232635642e-08 -7.57445151721e-08 3.01843940326e-09 7.07810159515e-08 -4.52878200464e-08 1.82516834164e-09 6.85782908251e-08 -6.61027606808e-08 2.07993631949e-09 7.94132491402e-08 -5.44071905483e-08 2.14685973406e-09 5.80970490013e-08 -5.47573835467e-08 5.61412329095e-10 4.55337061248e-08 -2.98454747229e-08 -3.85678518703e-09 3.93744421722e-08 -6.25193548061e-08 1.05124328798e-08 4.54223347555e-08 -6.9358994973e-08 -6.91863635836e-09 6.72178993312e-08 -9.51065250518e-08 1.15313513329e-08 6.09504812825e-08 -3.70977803809e-08 1.06734594788e-08 3.9881921171e-08 -6.07774851321e-08 7.07065566465e-09 4.26718619334e-08 -2.62970356631e-08 -9.31647178805e-09 4.26673922593e-08 -4.20963184592e-08 3.25244022634e-09 3.00024922177e-08 -1.88215313501e-08 3.69815223964e-10 1.28122326648e-09 -3.5206441551e-08 1.14665935904e-08 3.0515688745e-08 -6.58951347391e-09 -4.04820004101e-09 4.48622351353e-08 -6.19233240439e-08 3.49958072481e-10 5.87628869181e-08 -6.19544722184e-08 -3.19686602439e-09 7.00637111743e-08 -6.6987059766e-08 4.80866238145e-09 3.468314938e-08 -4.74830740807e-08 1.18936237791e-09 6.2156551083e-08 -1.26716197063e-08 -8.55211730612e-09 1.71835786359e-08 -4.3476193216e-08 4.14895044696e-09 3.98397379079e-08 -3.64704377145e-08 -3.28748494448e-09 3.47876120972e-08 -6.72206525862e-08 1.36357006751e-08 5.58545457254e-08 -3.99719667729e-08 8.43358907396e-09 3.22164698853e-08 -3.66705908564e-08 5.50159361992e-09 7.15299511125e-08 -4.90241706087e-08 3.74988648632e-09 4.26619023709e-08 -5.93244406305e-08 1.23016411406e-08 4.15821675112e-08 -7.53077107083e-08 8.53515848898e-09 5.96127087037e-08 -7.00875692639e-08 -1.14976440962e-09 7.18621652943e-08 -3.86855035295e-08 -3.67080276675e-10 4.1394145776e-08 -1.29703495484e-08 -1.32022479165e-09 2.2070489363e-08 -3.8432479709e-08 -5.22126769084e-09 5.68372013284e-08 -4.81321925506e-08 4.43693827805e-09 4.6262792561e-08 -3.77151061425e-08 2.48910917737e-08 6.37229151635e-08 -4.15864347655e-08 3.9436143575e-09 3.20794617527e-08 -6.17274956686e-08 6.34227072204e-10 5.68766856889e-08 -2.82148063594e-08 1.12944598491e-08 3.83996907582e-08 -5.04597557591e-08 -1.48297518233e-08 7.22413391672e-08 -3.16535342382e-08 2.12422601778e-09 5.8611150443e-08 -2.49639191554e-08 -3.87175485553e-10 2.54877313911e-08 -3.583944075e-08 -5.36972997827e-09 4.80498497257e-08 -1.69499461297e-08 -1.47207775544e-09 1.66012895558e-08 -3.98555702231e-08 8.21626460365e-10 3.74986722615e-08 -3.21150824003e-08 -7.16886355154e-09 1.96087999839e-08 -7.40495770879e-08 -1.27619323297e-09 5.32934531759e-08 -4.27731520328e-08 -2.95350296082e-08 4.17874233256e-08 -4.05448697606e-08 3.14421112435e-08 4.60453747124e-08 -6.51866832125e-08 1.93499009873e-10 6.52817761165e-08 -6.08661334236e-08 3.47863850412e-10 6.45133168467e-08 -4.25108844474e-08 -3.57803338045e-11 4.15901973933e-08 -3.75413763002e-08 6.22798947432e-09 3.33943498685e-08 -3.96082224625e-08 2.60872795995e-09 2.79639763886e-08 -4.27785949567e-08 9.46853958975e-09 4.2208837446e-08 -4.95250542306e-08 -1.42586679862e-08 5.59077201635e-08 -3.27744902511e-08 -2.54185839754e-09 4.36831126661e-08 -2.8731902762e-08 3.73079325266e-09 2.7283152442e-08 -5.43776233414e-08 5.7089211758e-09 4.23158074194e-08 -4.74253178312e-08 4.554296418e-09 4.55026804871e-08 -6.12480154272e-08 -1.74324266124e-09 6.97846189385e-08 -3.75808722369e-08 -1.69561225127e-09 3.53907527986e-08 -7.68251505649e-08 4.82939133589e-09 7.27555898773e-08 -4.72292532888e-08 7.9736379832e-09 3.67947941168e-08 -5.9209146165e-08 1.80608327854e-08 6.09790439972e-08 -5.38598246264e-08 -5.19660651766e-09 3.96260648073e-08 -3.17866307902e-08 -1.23704183195e-09 3.13732518501e-08 -3.7659519746e-08 -1.87112644887e-09 3.64397573949e-08 -4.28916216475e-08 -2.13609524166e-08 3.57538179691e-08 -2.41466513068e-08 -1.22162432994e-09 2.9584309019e-08 -3.43199462606e-08 -1.20424945043e-09 1.3699335257e-08 -9.83496912585e-09 -1.78994053828e-09 7.61279136233e-08 -5.69981141237e-08 -7.02065294837e-09 7.5753501201e-08 -5.9094182206e-08 -1.41135447408e-09 5.08217399163e-08 -4.26064724984e-08 2.93996833981e-08 5.58936382128e-08 -3.22454539118e-08 -1.92355317821e-09 4.31222009623e-08 -5.85885629154e-08 9.62615664758e-09 4.35920558784e-08 -5.30472554622e-08 5.44732459807e-09 6.6731701524e-08 -3.07728009921e-08 7.92629448359e-09 3.31740787061e-08 -4.10816450679e-08 -1.36415761281e-08 4.82288058343e-08 -4.72003149957e-08 4.82056733647e-09 4.78385923133e-08 -3.67590491384e-08 1.01176880452e-09 3.95440604489e-08 -4.69693729017e-08 6.51701039329e-09 3.69618882394e-08 -4.10421761976e-08 -4.62539268098e-10 3.23957349794e-08 -2.8132887542e-08 2.99623710579e-09 2.89696029339e-08 -7.20877450155e-09 -2.92164495045e-09 4.19285366398e-09 -3.38244868103e-08 -1.09188003673e-08 4.52847985302e-08 -3.47356928119e-08 -1.03099730549e-08 6.00505929722e-08 -3.02559634372e-08 9.6667884125e-10 2.86256770696e-08 -7.43801534899e-08 2.84925200268e-09 7.25722386343e-08 -6.51895611114e-08 -8.7643378006e-09 6.82344115197e-08 -5.60786457404e-08 5.39285824447e-09 3.99432161303e-08 -4.27473292964e-08 -1.28773339326e-08 5.25396929906e-08 -5.01561794459e-08 -5.76371772252e-09 4.87943385719e-08 -2.03855019769e-08 3.14405714577e-09 9.06935393817e-09 -1.59933280801e-08 -1.60857861065e-09 8.31258501415e-09 -4.70264878535e-08 3.25255044955e-10 5.04331084063e-08 -5.62962508961e-08 -6.09088392199e-10 5.31585710322e-08 -4.28342217747e-08 1.61624620525e-08 3.69577210621e-08 -3.87089818926e-08 5.63930622882e-09 3.92920225101e-08 -5.63917596723e-08 4.61841402955e-09 4.55397269905e-08 -4.9539931311e-08 1.78963878102e-08 4.40980292272e-08 -5.16377926034e-08 -7.08325284014e-10 3.03530502248e-08 -4.89503676988e-08 1.20683472503e-09 3.94620235606e-08 -6.07847314852e-08 3.84698824565e-09 6.1109876834e-08 -5.37013014652e-08 2.75261434602e-09 3.44250717289e-08 -4.33176875703e-08 4.82994374274e-09 4.51462147962e-08 -4.26420990914e-08 -1.11975604525e-09 4.56366053827e-08 -3.2910348085e-08 3.22203304032e-10 3.28226960398e-08 -1.5130456583e-08 2.74689778902e-10 1.40281042707e-08 -2.71893263821e-08 6.78160182085e-09 2.22713316082e-08 -3.53602689557e-08 -2.42569649673e-09 2.52502895207e-08 -2.77073608784e-08 -3.11615700717e-10 6.39212443291e-08 -1.19794038782e-08 -2.10555679554e-09 2.23806038824e-08 -3.03376050723e-08 -3.27010108375e-09 3.31564446391e-08 -4.97944978015e-08 6.95239129495e-11 4.48794790204e-08 -3.38405436857e-08 3.70080601986e-11 3.92878545268e-08 -6.24249125713e-08 1.51477463626e-08 3.49728904241e-08 -4.67726815098e-08 -6.69558497994e-09 5.09391949241e-08 -7.12593706892e-08 -1.20988792034e-09 7.11781094364e-08 -2.75664012424e-08 -9.24420289038e-09 2.71344401719e-08 -7.75924563261e-08 -4.26651795151e-09 7.04876630293e-08 -3.16119000619e-08 -8.05167678989e-10 2.59406832685e-08 -4.35789877681e-08 1.62722839619e-08 3.80066512575e-08 -4.89395518663e-08 2.89130069944e-09 3.17084732768e-08 -7.76050607176e-08 3.18184020853e-09 6.76601426168e-08 -3.9819830714e-08 2.66879960031e-08 3.82209928317e-08 -7.02747387509e-08 -1.31143013347e-08 6.93043693832e-08 -3.51001381984e-08 -9.68001932992e-09 4.99217468676e-08 -3.73886296293e-08 2.85673697667e-08 3.28097616972e-08 -3.96212757311e-08 -1.25314898065e-09 4.16168989211e-08 -3.76126446739e-08 -2.66751778075e-09 3.7733702422e-08 -4.51579056728e-08 -6.87509236185e-09 5.151090267e-08 -6.52127761371e-08 1.40277283297e-09 5.99909393398e-08 -3.34643514046e-08 -6.06073347898e-10 3.26845098381e-08 -4.79442273795e-08 8.21818666744e-10 4.96655954161e-08 -4.72015712919e-08 9.5388785594e-10 4.64908824344e-08 -4.03075946323e-08 5.04101645438e-09 3.20964662907e-08 -4.34536520467e-08 -5.87449275226e-09 4.09494241983e-08 -5.85403324675e-08 -1.83280098588e-09 3.69734634589e-08 -8.77831896044e-08 9.79929563268e-09 5.52115789913e-08 -4.33819242112e-08 -1.51111049579e-09 5.19618184604e-08 -3.88579720819e-08 -5.44010493744e-10 3.60986450989e-08 -1.10452648821e-08 -1.39860326849e-09 2.74696949018e-08 -1.57294601487e-08 3.6265820444e-09 3.26682388528e-08 -3.69010844772e-08 1.52778472239e-08 5.21794775043e-08 -5.90736427453e-08 1.65687724357e-08 5.84884073401e-08 -3.60496295483e-08 5.70802254544e-10 2.65950266461e-08 -3.72147623365e-08 9.22216190692e-09 3.61287322247e-08 -6.35420402725e-08 9.87073418819e-09 5.56334401097e-08 -3.70612552874e-08 -2.98019552643e-09 3.50401570402e-08 -3.98178765856e-08 1.28026619971e-08 3.54988725934e-08 -6.26389039414e-08 -2.94064797832e-09 6.2496267485e-08 -1.03870493254e-08 5.91228044274e-09 1.88692845939e-08 -1.88498171729e-08 -3.89862584048e-09 2.97784891431e-08 -7.76079205074e-08 9.91335081808e-09 5.03948600601e-08 -4.31318781065e-08 -2.57529102224e-09 3.59919276786e-08 -7.0631136945e-08 2.18033433252e-09 7.2881534394e-08 -5.77254484916e-08 -6.0458969202e-09 5.71702016244e-08 -5.68416540296e-09 2.27924729715e-09 4.75348826902e-08 -6.58792326055e-08 1.71239238054e-08 5.54303219025e-08 -5.25360774793e-08 9.75967341833e-09 4.29975663456e-08 -4.43431546065e-08 1.86952045694e-09 3.8026057072e-08 -5.09124338625e-08 5.34822293891e-09 4.48595854318e-08 -2.51792102563e-08 -1.00468624547e-08 3.5331741069e-08 -5.25829954337e-08 7.25772615904e-09 4.45316859483e-08 -8.30618006403e-08 -1.26093561517e-09 2.68956158722e-08 -2.75727367119e-08 4.59983891007e-09 8.03201348986e-08 -6.28392117761e-08 7.79367593435e-10 5.07178842276e-08 -5.01620337058e-08 3.15343824079e-09 3.59218512298e-08 -4.69748640345e-08 7.53901171832e-09 3.90029012909e-08 -6.0808888244e-08 -3.61615367596e-09 6.46069297646e-08 -2.87517641961e-08 8.29808072672e-10 3.81125498643e-08 -4.40748934695e-08 6.83385938141e-09 3.52385576258e-08 -2.51690872031e-08 6.54307404423e-09 4.55278864685e-08 -3.71861021037e-08 7.22543142071e-09 2.24270714476e-08 -5.19590404522e-08 8.80106875177e-10 2.95985540421e-08 -3.83829360263e-08 6.24676824499e-11 1.79098091944e-08 -2.77943157338e-08 -8.37549123241e-10 3.67771513086e-08 -5.44718356857e-08 -2.85793339095e-09 3.58397305178e-08 -6.90826844756e-08 4.15773245489e-09 4.93036355279e-08 -3.88978784833e-08 -5.50829796128e-10 7.36617862058e-08 -2.80601038871e-08 1.02044831751e-09 4.96755367185e-08 -3.82894532626e-08 -6.40779084744e-10 4.54091763697e-08 -5.62132141733e-08 4.82467536181e-09 4.06712593843e-08 -4.44245336891e-08 -6.98056878366e-09 5.64488471063e-08 -6.42140789228e-08 -3.32033751157e-09 6.85952815521e-08 -4.14620410798e-08 -1.28088625759e-08 6.11621684952e-08 -5.52498920392e-08 3.88066628525e-09 4.49878536987e-08 -5.10226056802e-08 3.97388035485e-09 5.12370953328e-08 -4.07290967107e-08 -1.85158296091e-09 7.35094639013e-08 -4.27757428784e-08 -1.18104660786e-08 6.09420611016e-08 -3.42546385707e-08 1.66833300333e-09 2.64648922184e-08 -2.45938341784e-08 -1.28722143581e-08 2.91014577967e-08 -6.89966934485e-08 -4.00127329859e-09 8.08856311008e-08 -3.59425657721e-08 -1.0751316286e-08 6.36275080213e-08 -3.82217750628e-08 -2.60404885465e-09 4.12192523735e-08 -3.275647036e-08 2.13789193045e-08 2.85183678585e-08 -4.11742817302e-08 -1.07384922758e-08 5.71454449079e-08 -4.89521908511e-08 2.08945500322e-09 4.51159717859e-08 -3.83751417768e-08 -5.62806735102e-09 3.73223139946e-08 -3.50857845065e-08 -7.75280549102e-09 5.44005147937e-08 -4.19937915522e-08 -8.43692513255e-10 4.21121625452e-08 -4.64484396658e-08 3.8490865004e-10 4.8551235107e-08 -2.16509476672e-08 -2.88323722985e-09 1.04350279988e-08 -7.06340096323e-08 -3.00681491445e-09 7.62294694725e-08 -4.15259796542e-08 1.44359136682e-09 4.31945613277e-08 -4.36673965936e-08 -1.25086159764e-08 4.14855688128e-08 -4.5129079281e-08 2.63535842473e-09 3.49542358042e-08 -6.17987994261e-08 -1.41026433912e-09 6.45767613719e-08 -4.23927873946e-08 -2.17099084732e-09 3.91915176007e-08 -4.59139443185e-08 3.50702651012e-09 3.51136424337e-08 -6.65268423003e-08 -1.23333486184e-08 7.53848049032e-08 -4.52322911925e-08 7.01357763013e-10 2.75410348457e-08 -5.86040176992e-08 -2.94062266134e-08 6.54345426809e-08 -1.78413325776e-08 -7.10135200167e-09 2.57824192487e-08 -5.12857227779e-08 3.65693513244e-09 4.15656623154e-08 -6.13971100464e-08 -9.24861888687e-09 7.73196334572e-08 -5.47324669795e-08 1.27946206561e-09 5.20495562335e-08 -1.26944104741e-08 -4.61039071954e-09 2.67106986526e-08 -6.81556330954e-08 -6.12988132645e-09 7.72895271065e-08 -4.36489455098e-08 -2.24903813601e-09 2.68023135183e-08 -2.91679726541e-08 -6.16388914321e-10 3.02278543716e-08 -3.55103177367e-08 2.59192813491e-09 4.0574683769e-08 -2.51159723187e-08 6.00686689961e-09 4.0984633401e-08 -5.50394899929e-08 1.51080143125e-09 3.37395838268e-08 -3.19788857572e-08 -2.06225552188e-09 3.38231976955e-08 -4.53259475534e-08 5.41718980402e-09 4.5103606275e-08 -5.81756666109e-08 1.1011909209e-08 3.60783201531e-08 -3.47341364027e-08 -1.10701699503e-08 3.69365626035e-08 -3.88573960726e-08 2.51176148725e-09 4.04662291504e-08 -2.02046088505e-08 -4.53489404129e-09 3.10961483847e-08 -5.40670269938e-08 1.43999871382e-08 3.6583163363e-08 -6.12651136192e-08 5.8737748451e-09 5.04171509048e-08 -3.50603676326e-08 2.53037021958e-08 4.31780744639e-08 -5.43544350344e-08 -3.42164869281e-09 4.77037536692e-08 -2.69593336179e-08 6.95001843673e-09 1.62171382665e-08 -3.78468996216e-08 -1.22491006527e-08 3.6109454117e-08 -8.54687019096e-09 1.3761532324e-09 3.86469217155e-08 -4.83740016763e-08 -1.39411869615e-09 4.16418356132e-08 -4.81523447703e-08 4.85293087412e-09 4.10910419441e-08 -7.62078339846e-08 1.23745384279e-09 6.45498014707e-08 -5.74559639306e-08 7.32723574169e-09 4.80761459001e-08 -3.98631444737e-08 -5.04308276341e-09 4.62690809934e-08 -4.1513696152e-08 1.15607777118e-08 4.90689165228e-08 -4.18237035637e-08 2.57785412687e-08 7.03700191834e-08 -4.42274846295e-08 9.15707575402e-09 3.59370081601e-08 -7.92838759353e-08 1.7611748697e-09 7.54778232326e-08 -3.55970932157e-08 5.66397478216e-10 5.08739091997e-08 -3.73876601897e-08 -1.81333013104e-08 3.9334712812e-08 -6.89066977613e-08 6.06494467899e-09 6.94397207932e-08 -4.46531187632e-08 -9.73255121084e-10 4.2757665655e-08 -7.01931542193e-08 2.98401478091e-09 7.99949558715e-08 -4.59297194597e-08 -2.09107747455e-09 4.02083734965e-08 -3.12441795119e-08 -8.27124896568e-09 4.09960975525e-08 -3.98036738005e-08 2.66371735336e-09 4.5204036593e-08 -7.47494629789e-08 -6.23375367002e-10 8.01450407309e-08 -7.01856585988e-08 -1.14440347388e-10 6.23852148936e-08 -3.25619452629e-08 -5.08926523861e-09 5.23411574705e-08 -4.35358518861e-08 3.13124536723e-09 3.64963166278e-08 -3.05652819773e-09 0 3.99339538329e-09 -4.38867367091e-08 3.15780810123e-08 3.54729555003e-08 -4.32675685728e-08 1.35143827105e-08 4.66551249679e-08 -6.56908874901e-08 -1.01406120519e-08 9.03083937573e-08 -5.93428121246e-08 -2.63976631514e-08 4.09936532558e-08 -4.46550066774e-08 2.0952592873e-08 5.83487820466e-08 -6.49732621794e-08 1.95184919501e-10 7.65452591715e-08 -5.51458877521e-08 4.84146846881e-09 4.02263471831e-08 -1.62840172554e-08 -2.8485157048e-09 3.7150105348e-08 -4.50182384279e-08 2.17469660039e-09 5.6880251688e-08 -5.00394027215e-08 3.34954591713e-10 5.06626848251e-08 -6.97720190127e-08 -1.27844531301e-08 8.39269282737e-08 -4.53178963717e-08 -6.84536088509e-09 5.06192278015e-08 -5.58195190414e-08 6.85643522293e-10 5.01964346317e-08 -6.39093577647e-08 -5.77586755837e-10 5.30482172125e-08 -6.5853710964e-08 1.28684505811e-08 5.30477581265e-08 -2.95038029543e-08 -6.01532759094e-10 4.6094010713e-08 -2.81555710035e-08 -3.91921686281e-09 1.96392389355e-08 -8.03985379136e-08 -5.69688470033e-09 8.00239156075e-08 -3.22323187046e-08 -7.11834317433e-09 5.39968815397e-08 -6.48396066417e-08 1.45042288951e-08 4.64041544474e-08 -4.41270552747e-08 9.28508889153e-09 3.43999044624e-08 -3.43990361208e-08 -1.95948830667e-08 5.91182937796e-08 -4.15818436468e-08 2.19965749005e-09 3.61081198829e-08 -4.4085234913e-08 2.0199642918e-08 4.01393896928e-08 -5.4480954654e-08 5.70941533614e-09 3.23328383582e-08 -6.22344993247e-08 -6.60008370562e-10 6.03725659698e-08 -6.61280573809e-08 1.47737188929e-10 5.80618978122e-08 -6.81564065083e-08 -5.19840653658e-09 6.62855740373e-08 -5.1731325923e-08 6.7075300489e-09 4.03806030444e-08 -6.21246178377e-08 4.47689080751e-09 6.39230689805e-08 -4.31950307165e-08 -8.80399842538e-10 4.37220426422e-08 -6.99656257743e-08 1.75086826029e-09 5.87912247671e-08 -6.93129734926e-08 6.30713253455e-09 5.58375845099e-08 -9.77898935559e-09 4.64364751234e-09 1.85364228915e-08 -4.50138463079e-08 -6.64239424204e-09 4.68869252857e-08 -3.76275946844e-09 2.08713517724e-09 1.426567768e-08 -5.20190931053e-08 -3.89673163656e-10 3.21879452315e-08 -6.24347536437e-08 -8.91600821005e-09 7.24349031337e-08 -3.88590180796e-08 6.87343805745e-09 3.44588206688e-08 -6.57502376891e-08 9.11784011358e-09 2.6779653971e-08 -4.64411717049e-08 -7.86527622132e-09 4.29776129325e-08 -6.36149008415e-08 8.00226448541e-09 4.44328296136e-08 -3.79000640836e-08 -3.22433507265e-09 9.48887882711e-09 -2.50095598514e-08 -3.35146192898e-09 3.70657511961e-08 -3.62706681426e-08 -2.07699388514e-08 5.55384900794e-08 -3.79585902192e-08 2.95981533262e-09 4.42190880943e-08 -7.16695911158e-08 1.90604120506e-08 4.38705685398e-08 -5.57314328742e-08 -2.72942995216e-09 3.61673655674e-08 -2.74822139786e-08 5.58918063431e-09 2.62295345479e-08 -5.74005061115e-08 -3.68960140417e-09 8.09638643239e-08 -7.36678508194e-08 3.05031130374e-09 7.23659106836e-08 -4.20534072292e-08 -3.95582301657e-09 5.50850298823e-08 -4.81635878176e-08 -7.20059117712e-09 4.80086896053e-08 -2.93735140192e-08 6.39499218733e-10 3.80504149881e-08 -4.33597506368e-08 -9.39029420837e-10 4.47630792767e-08 -4.25665515023e-08 -1.72301369104e-08 6.51569345984e-08 -4.64297427055e-08 -2.91820563699e-09 5.33818479154e-08 -4.69231912048e-08 3.52041670364e-09 5.70853082765e-08 -8.59356570956e-08 -2.77772157681e-08 3.80213769939e-08 -5.6688421973e-08 -8.93099479396e-10 5.97957200965e-08 -5.84472124579e-08 1.45905317773e-08 5.98136914447e-08 -7.83743231779e-08 -4.82116096809e-09 7.8492960525e-08 -3.46641051836e-08 -1.48632465974e-09 4.05897750402e-08 -1.99853784894e-08 -5.44050534238e-09 3.9110659785e-08 -5.19156106332e-08 -1.93757739006e-09 4.26998072372e-08 -6.82528095144e-08 -7.67275650784e-09 6.58655096643e-08 -7.09289279917e-08 -4.93492274275e-09 7.61901867646e-08 -3.05899052113e-08 5.58043725965e-09 1.99934624233e-08 -3.5224840324e-08 -3.4846795155e-09 8.1916055156e-08 -3.11643805645e-08 -1.2133488497e-08 6.37801527626e-08 -5.12003658561e-08 -2.12129578544e-09 3.80682185123e-08 -5.7951677071e-08 6.28739962088e-09 3.39133763377e-08 -3.14026141252e-08 0 3.372801472e-08 -4.33094730413e-08 2.4454570413e-09 3.92433482668e-08 -3.18911091398e-08 -8.35791403881e-09 4.23449741259e-08 -4.63217044469e-08 -3.72499153042e-09 4.39029538426e-08 -4.57493272511e-08 3.94819773897e-09 4.31214293728e-08 -5.63231076046e-08 -4.08594964297e-10 3.7241793385e-08 -1.60599914984e-08 1.3160433243e-11 2.74216573349e-08 -6.03980249598e-08 4.29194186235e-09 7.22456190475e-08 -3.43713467823e-08 1.41986087599e-09 4.35486814335e-08 -5.99901159184e-08 4.81126868357e-09 4.00759208721e-08 -3.56226334128e-08 -1.51686387411e-08 3.65102851689e-08 -6.63118767806e-08 -6.15975004006e-09 7.39739045654e-08 -3.5845582652e-08 1.08546271873e-08 4.14595142179e-08 -6.47755664532e-08 2.03660242005e-09 6.99422584952e-08 -4.9461838555e-08 8.01079065165e-10 4.94595847122e-08 -4.01118909776e-08 6.00831025204e-09 4.78957277598e-08 -6.66660418202e-08 5.13998045026e-09 2.69996270286e-08 -2.84216919694e-08 1.70041804242e-08 3.36228991853e-08 -6.11752295548e-08 1.33719874733e-09 6.35247951286e-08 -4.46453370307e-08 -1.25526045876e-10 8.47669590089e-08 -4.66670364209e-08 -2.47454190532e-08 4.50574316369e-08 -3.20410686873e-08 3.15595809176e-09 3.63147039281e-08 -2.44949107253e-08 6.53870822261e-09 5.49384457905e-08 -4.26344366246e-08 5.63642818491e-09 3.4065923611e-08 -2.78278944525e-08 5.50679019776e-09 3.51247038161e-08 -4.98235234727e-08 -5.98209733485e-09 3.6072461868e-08 -5.12748005917e-08 1.21548193984e-10 5.43265483824e-08 -5.22083798244e-08 2.68573339096e-08 4.23096677289e-08 -2.93695541697e-08 -1.01194483467e-08 5.57229023974e-08 -7.09359820472e-08 -3.32814602231e-09 7.26096777322e-08 -4.31407546859e-08 -5.54195563676e-09 4.87080584312e-08 -3.95732789396e-08 -2.08222174214e-09 3.78121416465e-08 -7.23837948433e-08 -4.38604162674e-10 7.10756467641e-08 -7.01500846508e-08 -1.86126269101e-09 8.02165228633e-08 -6.62578622821e-08 -3.08379338153e-09 7.37911670445e-08 -4.66972300098e-08 -2.9680200409e-09 3.16723978433e-08 -3.46938159719e-08 -7.18065771167e-09 5.9821041224e-08 -7.1597397167e-08 -4.03878060952e-09 6.33791544642e-08 -7.19342668884e-08 8.09491647132e-10 7.37929336058e-08 -1.22398766782e-08 -5.0465885958e-09 2.62679996124e-08 -6.74061291515e-08 -1.42301615682e-09 5.87597881373e-08 -6.05893354097e-08 -1.48458081211e-09 6.30121478593e-08 -6.05152007009e-08 -5.74144262148e-09 7.47760657786e-08 -6.77669768548e-08 6.0640443252e-09 6.2905693308e-08 -3.96070684375e-08 -3.36767636133e-09 4.46022223759e-08 -6.86791299661e-08 -5.21223169609e-09 6.81340868219e-08 -4.79945766566e-08 -1.13867118824e-09 4.46844943367e-08 -1.60689421282e-08 -2.72140842521e-09 9.47641061422e-09 -4.71854170262e-08 -1.25457414356e-09 8.48872692311e-08 -6.10742745673e-08 -4.15974884708e-09 7.21546210586e-08 -6.645394055e-08 -2.49640494598e-09 6.96231335994e-08 -5.70613919957e-08 3.54843691636e-09 3.198331968e-08 -5.22910471635e-09 1.57260778232e-09 1.72198806311e-08 -3.02209561449e-08 4.94622738922e-11 1.37771509321e-08 -3.35882567457e-08 -5.15220157191e-10 5.23105079328e-08 -4.53809517806e-08 -8.7684284221e-09 3.19755282915e-08 -6.53898816369e-08 -1.10358332412e-09 6.31821545483e-08 -5.46543615407e-08 9.40002779663e-09 4.11622374324e-08 -6.03655220639e-08 7.68649440381e-09 6.0651429183e-08 -4.20183054932e-08 -2.37851514412e-08 3.7808663956e-08 -8.77603471477e-08 1.42405376247e-08 7.30077083898e-08 -4.40128443044e-08 -8.13973106389e-09 4.22764195946e-08 -4.62838794307e-08 7.95272770392e-09 4.80984458823e-08 -7.50660602443e-08 -1.46781977151e-09 6.38571659751e-08 -4.33624813901e-08 -3.89867775124e-09 3.99679212387e-08 -3.50131043279e-08 5.22220464744e-10 5.63416768311e-08 -3.45030196866e-08 -7.58875218271e-09 3.92345554642e-08 -3.01689199254e-08 -9.84390352526e-09 3.42380471568e-08 -3.91642168187e-08 -7.14988862037e-10 8.57466185783e-08 -3.85762607047e-08 7.69340233081e-09 2.46736328017e-08 -7.27728446836e-08 1.16806106948e-08 5.35393711655e-08 -4.83962468098e-08 2.43504471084e-08 4.02047776204e-08 -5.32326310264e-08 4.7954487121e-09 3.75915044419e-08 -6.24263150854e-08 -6.64148780528e-09 6.54968992222e-08 -4.25408151684e-08 -1.80439967338e-08 6.60546034214e-08 -4.31056118773e-08 -2.686894105e-10 4.02667920867e-08 -4.61682541605e-08 -2.91668693756e-08 4.00732299683e-08 -4.11023146111e-08 -1.35548232938e-08 3.75964496722e-08 -1.48084095778e-08 2.3673234664e-09 7.14501397008e-08 -3.07977215642e-08 -1.05700883222e-09 3.79873536428e-08 -5.25505155857e-08 -3.21976710622e-09 8.12925417706e-08 -3.42683379839e-08 -3.98337714547e-09 5.52420354853e-08 -2.72857601054e-08 -2.20857486419e-08 3.27445237873e-08 -5.55913311388e-08 -1.14624753918e-08 7.08799572111e-08 -4.6595292189e-08 -5.09312446658e-09 7.75162914275e-08 -4.7220063885e-08 4.10114571734e-09 5.70044360372e-08 -7.62958961366e-08 -8.26628119742e-09 6.71952111308e-08 -6.29357247828e-08 -5.68635970944e-09 6.5224216266e-08 -5.86735674273e-08 3.43246650175e-10 1.70949868038e-08 -1.42783425695e-08 6.64403340545e-09 2.02206657716e-08 -3.0065916125e-08 -1.12557354454e-08 6.08729508251e-08 -4.99522917778e-08 -4.47142240508e-09 2.97807968243e-08 -5.4514632474e-08 5.89030045076e-09 3.6004583811e-08 -4.83412717152e-08 -9.37218426549e-10 4.79054430321e-08 -6.27651081147e-08 -6.9067360726e-10 6.07287949837e-08 -4.15668517799e-08 1.20069699613e-08 3.66617615212e-08 -2.43959838527e-08 1.48993010041e-09 3.30816428808e-08 -6.75008579606e-08 -7.81623362849e-09 7.1326354742e-08 -5.3164058101e-08 -1.3859738687e-08 4.50065996811e-08 -5.12971890734e-08 1.94829278449e-08 4.349982367e-08 -5.38522485291e-08 -8.33206392994e-09 4.73450958496e-08 -4.42722864536e-08 -1.67767590367e-08 6.49216106084e-08 -5.57451835169e-08 -4.07227013891e-09 8.33714756151e-08 -6.15319230475e-08 7.34839730647e-09 3.0407590129e-08 -6.44999755094e-08 -1.10908535481e-08 6.83644423778e-08 -7.200974429e-08 -3.54787459587e-09 7.12312926422e-08 -6.63788822971e-08 1.07997025623e-08 4.01708911186e-08 -4.27499115557e-08 -1.91515544801e-09 3.93458654444e-08 -3.15116019323e-08 -1.67716741826e-09 3.95439942042e-08 -5.51058450792e-08 5.66648673338e-09 3.55105113291e-08 -6.25192632947e-08 1.19117236761e-10 5.79771735036e-08 -3.65117724136e-08 -5.427882358e-09 4.51978180968e-08 -7.47476346967e-08 5.60977825324e-10 6.46495944134e-08 -2.45779612123e-08 9.73407515265e-09 1.06329481068e-08 -3.72299920767e-08 3.14263142018e-08 5.61908984244e-08 -1.73204968287e-08 3.35315824445e-10 4.99065841128e-08 -4.62101258359e-08 -7.70370432615e-10 4.42927902843e-08 -4.45466767104e-08 2.26422979235e-08 5.49351676997e-08 -2.87828848516e-08 1.22540922102e-08 2.35419666586e-08 -5.42808668232e-08 -1.25257851899e-08 6.03087505588e-08 -6.53212283122e-08 -4.19947496411e-09 7.50580743307e-08 -3.35732776906e-08 1.79624731646e-10 3.81898788963e-08 -6.98142845365e-08 -2.52296165087e-09 7.50069522972e-08 -2.7366122074e-08 1.12881441498e-08 1.50067872478e-08 -4.20977781446e-08 -8.31602339576e-09 5.02173301096e-08 -3.07704089351e-08 -4.75639440052e-09 4.75841639534e-08 -6.44242812497e-08 -3.87583687857e-09 6.88987266686e-08 -2.55862912251e-08 7.75714199252e-09 3.44229901688e-08 -7.359181153e-08 8.02695462869e-09 6.69558584058e-08 -5.78735884817e-08 -3.91850763566e-09 6.89765752422e-08 -4.54875610794e-08 1.70875398398e-09 4.31931190184e-08 -3.81951828838e-08 4.90290749883e-09 4.03905946275e-08 -7.74620511612e-08 5.70477334432e-09 4.22103103069e-08 -1.04552103062e-07 3.22269217458e-09 5.01430448061e-08 -4.82320899694e-08 1.23501565318e-09 4.43382378575e-08 -7.19178991299e-08 -2.01265460731e-08 4.14207167582e-08 -5.8716825367e-08 2.02625167328e-09 5.57007197194e-08 -4.30793881611e-08 -2.94680254395e-09 4.68696908358e-08 -7.07532422248e-08 2.58727901706e-09 5.15039109979e-08 -4.85160564333e-08 -6.18639920668e-09 4.96952099706e-08 -3.55076449748e-08 -1.43843072855e-08 4.9876225224e-08 -5.5976808585e-08 1.78716372576e-08 5.56748050332e-08 -7.34924239065e-08 -5.19548671543e-09 7.08747576513e-08 -5.18091577451e-08 -4.36806533761e-10 4.37427426342e-08 -5.12508189313e-08 -9.63753606549e-10 3.85051520576e-08 -4.09130541397e-08 -1.52999180449e-09 3.77593239463e-08 -5.09861597463e-08 -4.46154584922e-10 4.61913050776e-08 -5.04347804021e-08 4.65412875119e-09 3.48302056626e-08 -6.8222769359e-08 3.41918834618e-09 2.64709864378e-08 -3.85109557924e-08 3.7293873894e-09 3.59348225461e-08 -9.95871810219e-08 2.86533384263e-09 5.54243610202e-08 -3.9041891897e-08 2.66653657922e-10 3.85285369798e-08 -3.67354889796e-08 -2.88876500531e-09 3.51524996847e-08 -5.42058608492e-08 6.36743587803e-09 4.2985352879e-08 -3.96664054295e-08 -1.85048569456e-09 3.46820374603e-08 -6.88890572847e-08 -2.69938104824e-09 7.43071775127e-08 -7.98375378129e-08 -1.04165580466e-09 8.93075921049e-08 -7.71400405918e-08 8.34843668415e-09 6.81013696287e-08 -6.71200761742e-08 2.43723285842e-09 7.30668565856e-08 -4.90220803726e-08 -4.52112066267e-10 4.34224017472e-08 -3.13719617212e-08 2.91263511565e-09 3.22956348349e-08 -1.596686489e-08 -9.59670958298e-09 2.27886210712e-08 -5.00888023431e-08 5.41635991802e-09 3.49519292664e-08 -1.07545262599e-08 5.18618700441e-10 1.52143535847e-08 -5.01420294369e-08 2.21551007024e-09 4.16828813544e-08 -8.37245333576e-08 3.22035655916e-09 8.80694016308e-08 -6.57790033637e-08 2.30645452848e-09 6.20823814034e-08 -5.23880298753e-08 9.83570903304e-11 5.42116483289e-08 -6.63500885977e-08 -2.81799291785e-10 6.69908719153e-08 -3.32542536674e-08 5.96934714513e-10 4.6877722865e-08 -4.25686011717e-08 1.36726422666e-09 4.81362455522e-08 -3.34193372367e-08 1.8345332175e-09 4.76370544479e-08 -5.2310359856e-08 2.12942204554e-09 5.95509051477e-08 -1.04416997543e-08 2.79395691788e-10 2.05116033171e-08 -6.94629039582e-08 1.32239033778e-08 4.82290028828e-08 -4.49261835081e-08 3.94441556534e-11 4.9312310187e-08 -6.19302350267e-08 9.72542261166e-10 6.17306131131e-08 -5.96557938123e-08 -9.11995868324e-09 8.07157808311e-08 -5.95750124211e-08 -8.78328232147e-09 6.95861298468e-08 -4.4393948091e-08 7.54213623799e-09 4.53311708205e-08 -7.44540761896e-08 3.5409535889e-09 7.45084587889e-08 -4.88268908173e-08 2.63119595058e-09 4.96040848546e-08 -1.16031603465e-08 -8.5331914568e-10 1.03959847308e-08 -4.94870902139e-08 5.34590358238e-09 8.19176685401e-08 -4.13729144822e-08 -2.25550387989e-09 4.33036653602e-08 -4.8935374696e-08 -8.89204510785e-09 6.45228673069e-08 -2.9734135738e-08 1.3582385881e-10 3.68920439156e-08 -6.11285048427e-08 -2.72425143929e-08 6.46820058393e-08 -5.0365479878e-08 7.98725297297e-09 4.32445594472e-08 -4.03404486035e-08 -6.59043985496e-09 3.73967284289e-08 -4.42115575204e-08 -7.15236292079e-10 3.22896061393e-08 -4.57336971155e-08 -1.93231853399e-09 2.91862205488e-08 -6.67924578546e-08 1.03523180598e-09 6.098385971e-08 -2.55492140056e-08 -8.69225362271e-09 4.73136713116e-08 -6.45466723969e-08 -8.62871917381e-10 5.85116313214e-08 -8.08586809629e-08 1.55004266315e-09 5.32278640792e-08 -3.27766577506e-08 -4.30176197486e-09 5.71613437083e-08 -5.25520082549e-08 -1.86823976045e-10 4.75090173475e-08 -3.22688297579e-08 -7.76862670065e-09 5.12802928472e-08 -4.57520455952e-08 7.60246801606e-09 4.58665512681e-08 -6.1752794212e-08 -8.9310587221e-09 6.97802912668e-08 -6.0075158154e-08 -7.24605068304e-09 6.544327787e-08 -4.94259732224e-08 3.83469662957e-09 1.63026353747e-08 -7.07071861759e-08 5.59822886821e-09 4.18808246863e-08 -4.40658986843e-08 -4.36940565808e-09 5.04640672978e-08 -2.93109130778e-08 -6.94031965451e-09 5.4978995199e-08 -3.9163876896e-08 -1.04391280061e-08 5.85332200566e-08 -6.47863065751e-08 -6.83724277257e-09 5.85339478481e-08 -4.8295722611e-08 9.9507387929e-09 3.46567787249e-08 -3.13461421101e-08 -2.50112735141e-08 4.18763363995e-08 -7.09360851353e-08 1.39173941158e-08 5.35407753065e-08 -4.82427484448e-08 5.80115734099e-09 4.79140383391e-08 -1.93140240142e-08 4.57661366981e-09 3.5674723428e-08 -4.13695781056e-08 2.309140182e-09 4.43565552104e-08 -6.45325667123e-08 -5.53254291396e-09 7.43024380175e-08 -4.88531494383e-08 -7.02558103868e-09 7.70020539731e-08 -6.40449962543e-08 -1.53786058387e-08 8.1356257161e-08 -4.17659570146e-08 -4.24209978634e-09 5.33458844112e-08 -4.26739225639e-08 -2.25981679821e-09 3.95895925801e-08 -4.87222790032e-08 3.76152863087e-10 5.81591937303e-08 -3.76549788725e-08 -1.04604720308e-09 7.20519216704e-08 -6.66698104625e-08 5.78654023384e-09 1.69767497585e-08 -4.65079273883e-08 -1.08437938434e-08 5.75751662559e-08 -6.7208573408e-08 -1.88945092448e-08 6.83856718073e-08 -5.32917921061e-08 5.9892805514e-09 4.28877478394e-08 -7.45906837473e-08 1.36029741446e-10 6.86460407188e-08 -3.52762887483e-08 6.54534821112e-09 4.13987540303e-08 -3.62326098474e-08 0 3.48328798019e-08 -4.32668633617e-08 -5.63486277611e-09 4.88329553387e-08 -5.05855863613e-08 -3.93515568428e-10 5.65321892519e-08 -5.67386505113e-08 4.52439919385e-09 5.71465926538e-08 -7.21075126167e-08 -7.79511641131e-09 7.35569036397e-08 -4.64174797927e-08 2.19157775772e-09 4.60535205294e-08 -8.27596916957e-08 7.54781899586e-09 5.88646124311e-08 -4.61749881727e-08 -1.25785228979e-08 5.00226672476e-08 -4.95659720899e-08 7.58707120567e-09 4.25349905561e-08 -3.20716273552e-08 8.2326523815e-10 2.58565379692e-08 -6.41860632742e-08 -4.55679216479e-10 6.17748107661e-08 -7.05711994634e-08 -8.66678815411e-10 6.86797810072e-08 -2.65908706386e-08 -1.40198420992e-09 5.6645776682e-08 -7.12230625566e-08 7.2409844284e-09 6.44540945274e-08 -5.95355990839e-08 -2.14186157687e-09 6.85686449974e-08 -6.98863881398e-08 -2.07659382332e-08 7.14281613634e-08 -5.62482339131e-08 6.27847938772e-09 4.41545453423e-08 -3.80517549373e-08 2.10820702437e-09 2.84553137494e-08 -3.58772782645e-08 -2.38886787479e-08 3.95053314071e-08 -6.34011317879e-08 -6.35057593814e-09 6.18987443029e-08 -6.70722870372e-08 2.68254649346e-09 7.46144397453e-08 -4.69364451065e-08 -1.73694028869e-08 5.70205163226e-08 -4.76138700224e-08 -1.42452808851e-08 5.14929549295e-08 -3.83831172283e-08 -3.53571826183e-09 3.54303107978e-08 -5.28242232017e-08 -9.80892754549e-09 5.83737324652e-08 -6.72686111657e-08 7.27016837885e-10 7.26736906134e-08 -5.43626296991e-08 9.46621564376e-09 4.55984653062e-08 -3.10715176577e-08 -6.67383099951e-09 3.52773616999e-08 -4.56518380684e-08 3.79302936162e-09 5.33624193417e-08 -5.10927253732e-08 -1.84884425262e-08 4.61562123261e-08 -5.20022024269e-08 -1.87822219421e-09 3.9895390681e-08 -6.05261146985e-08 -7.91077462945e-09 8.17551756068e-08 -3.41248788565e-08 5.75528781947e-09 2.87151609379e-08 -5.63167865293e-08 -4.8937443589e-09 7.17207240524e-08 -4.36663601846e-08 2.46828623065e-08 4.35802218051e-08 -7.39134333784e-08 3.77131285911e-09 7.43191241613e-08 -3.53563142489e-08 1.94390052943e-09 4.59954400284e-08 -5.8172877392e-08 -9.05682912392e-09 5.81968217646e-08 -4.69052907069e-08 2.00634548779e-08 4.53558632189e-08 -4.77415598625e-08 -6.2833385526e-09 8.26865646698e-08 -6.95229750803e-08 1.18206773631e-09 7.04869498268e-08 -5.23200283856e-08 4.77000048677e-09 4.28389206161e-08 -4.61082759726e-08 -3.22373484577e-09 5.85513492114e-08 -6.81287928231e-08 1.29821375936e-09 7.39682708672e-08 -5.73704775446e-08 -1.56972394665e-08 5.83946819659e-08 -3.48596737894e-08 -1.4900724421e-09 5.15564366394e-08 -4.52319487612e-08 -5.08608493788e-09 4.92169540694e-08 -7.79042552451e-08 -2.73667034192e-08 4.51119743826e-08 -7.43603847835e-08 4.50845616383e-09 7.3123314899e-08 -3.79695930917e-08 -3.13811452552e-08 4.4910619423e-08 -3.26904767831e-08 -8.91965450997e-10 3.26407913781e-08 -3.78499240608e-08 -6.60245314539e-09 3.37556280807e-08 -4.02848367585e-08 2.34840818417e-09 4.42266940995e-08 -3.83814140234e-08 1.17496242655e-09 5.48871846315e-08 -2.3780348318e-08 -9.88272506358e-09 2.96898723327e-08 -8.11808338715e-08 4.73719561538e-09 5.91151624484e-08 -4.81538840644e-08 5.32806342198e-09 4.67777024439e-08 -3.60415237907e-08 1.13076939931e-08 3.37843435823e-08 -6.7983012853e-08 3.87525546245e-10 6.87630635001e-08 -5.49463963707e-08 9.36399877903e-09 4.9859493025e-08 -6.74636900059e-08 -7.04019183372e-09 6.68738606131e-08 -2.34051291166e-08 -8.15103751467e-09 3.29181204107e-08 -3.71186531859e-08 3.39367653297e-09 3.87534211131e-08 -3.61229820822e-08 1.99207799349e-09 5.035617442e-08 -4.96372244494e-08 -2.18485197254e-09 3.45985069291e-08 -6.14125148377e-08 6.83612354727e-10 7.12373294209e-08 -4.28780923061e-08 -4.52854622582e-09 5.23980216642e-08 -6.25166228085e-08 -2.38725715804e-10 7.63446050445e-08 -3.74850382618e-08 -5.78763064591e-09 4.72667785228e-08 -5.82305797955e-08 6.58473503548e-09 6.4520230887e-08 -3.48253227264e-08 -7.31701373255e-09 8.41945846517e-08 -5.91462530404e-08 2.0312635429e-09 5.13150524217e-08 -4.43200578616e-08 -6.72186052181e-09 4.59561582632e-08 -3.54212828039e-08 2.15729396993e-08 5.54714396234e-08 -7.62240430501e-08 -3.46596519533e-09 6.81855754155e-08 -3.80428976471e-08 -3.82991296733e-09 3.26998333325e-08 -5.71274654906e-08 -6.252464659e-09 7.37416375863e-08 -6.19232187767e-08 2.40680670321e-09 6.74043851754e-08 -6.12372422373e-08 1.26639728128e-08 3.68741105896e-08 -4.81554273541e-08 2.06840226179e-10 7.58296806395e-08 -4.99132591147e-08 3.45118550634e-10 3.551588439e-08 -3.12707222827e-08 3.10355672281e-09 3.86305814737e-08 -3.17020902832e-08 -2.79528497137e-09 3.66334269749e-08 -4.37782003246e-08 1.11836663863e-08 9.37277383693e-08 -6.62996328348e-08 2.51679958454e-09 7.09904282248e-08 -3.50694154182e-08 -1.44961045522e-08 6.36828011727e-08 -4.68209830682e-08 4.80744271418e-09 4.65194107156e-08 -5.56622640751e-08 3.40034644669e-08 3.74665560386e-08 -6.36264508021e-08 -1.1835031226e-08 7.08935093892e-08 -6.17103303963e-08 -1.59197565168e-09 7.19139384294e-08 -7.35528526933e-08 1.238125818e-08 5.73477850599e-08 -7.29927279413e-08 -1.44193072194e-09 7.48043591091e-08 -7.91152082356e-08 4.1633700952e-09 6.75930866378e-08 -5.01088323465e-08 4.98613723802e-09 5.30794141464e-08 -4.31933095384e-08 -1.12123093616e-08 4.92535418694e-08 -4.79645726349e-08 1.62466085638e-08 4.41841826208e-08 -7.69299074298e-08 1.27795107593e-08 7.06850354188e-08 -4.21922430661e-08 -1.34910122209e-09 3.89351998535e-08 -4.0884469795e-08 1.46344832831e-09 3.82392525063e-08 -4.87601931924e-08 -1.11114779641e-08 3.94878211691e-08 -3.39312738557e-08 1.11191524283e-09 3.82189898809e-08 -3.76189081126e-08 0 3.96602186376e-08 -6.43450289943e-08 -4.85610291922e-09 6.85720636409e-08 -3.80067268187e-08 2.9037873794e-09 4.01598546166e-08 -5.52832964035e-08 -7.2790092579e-09 6.33063346426e-08 -6.01251357252e-08 -1.00191994591e-08 7.22739877447e-08 -3.23619428936e-08 -8.82518338824e-09 5.63712539434e-08 -4.54971779835e-08 1.3749516451e-09 4.8587517608e-08 -7.95296789969e-08 6.00795891255e-09 6.54768462408e-08 -3.00826158072e-08 -9.43488465182e-09 5.29710444394e-08 -5.71894251392e-08 3.20971569341e-09 6.05861322784e-08 -3.05298213086e-08 -1.57083738109e-09 2.97996828499e-08 -7.62278802942e-08 2.08131397442e-09 6.98815218198e-08 -6.51644634013e-08 -2.0799687068e-09 7.53567666607e-08 -5.93750593913e-08 6.91545776067e-09 4.19902688541e-08 -4.52002156525e-08 -9.44721554532e-09 4.73681843694e-08 -7.57254334988e-08 2.23940377662e-09 7.41339702124e-08 -6.44951550716e-08 1.19965166929e-08 4.16628357858e-08 -4.3891751176e-08 -4.42586343785e-09 5.57406545287e-08 -6.40603031705e-08 -2.88100402169e-09 7.0197719937e-08 -2.47762139574e-08 2.06529414916e-09 2.30444967194e-08 -4.23796690594e-08 -2.83637035366e-09 5.85641719307e-08 -5.69706448255e-08 -2.11313659749e-08 7.21637815488e-08 -8.51553868093e-08 9.57279065453e-09 7.05607297095e-08 -6.45231947626e-08 5.56450940761e-09 6.26730411175e-08 -8.89875395208e-08 4.80293662518e-09 2.86229394177e-08 -3.89968057971e-08 4.53738691553e-10 5.03561136834e-08 -3.4867339858e-08 2.88273344805e-09 3.69554671787e-08 -3.58775948473e-08 6.50111905527e-09 3.97443725346e-08 -6.86471795853e-08 -3.04702792762e-08 3.85481285831e-08 -6.90244445751e-08 8.13861364002e-09 4.79145043587e-08 -5.95620032726e-08 -1.65544483115e-08 6.36109876229e-08 -1.99116528052e-08 9.36761976308e-09 2.63274169292e-08 -3.96277076759e-08 -8.44108556415e-09 5.17133289591e-08 -5.10673715686e-08 1.92784965165e-09 4.28852853353e-08 -3.47152560053e-09 1.06643241776e-09 2.27758299961e-09 -6.76098507634e-08 -6.31829655784e-10 6.83266918961e-08 -5.19223058021e-08 2.47411350508e-09 4.54046262345e-08 -4.69044185132e-08 -4.59070572047e-09 7.60578164284e-08 -7.39204004571e-08 6.83987341788e-09 7.26227215286e-08 -4.83928144326e-08 -1.40094721386e-09 3.9948387807e-08 -3.57685787544e-08 2.10891103475e-09 1.72135181252e-08 -6.71535732555e-08 -5.23127172547e-09 6.95708963471e-08 -7.31702758542e-08 -1.76538066709e-08 7.75166620186e-08 -4.00945624988e-08 5.19082845433e-09 2.92467540943e-08 -5.94813147591e-08 -6.73128635597e-09 6.489720404e-08 -6.63361644633e-08 8.90689940606e-10 6.71463406967e-08 -5.38926509786e-08 2.83027114041e-08 3.81460605416e-08 -7.05657120317e-08 -3.75529167991e-10 6.28686127807e-08 -6.74233313935e-08 8.87879253908e-09 6.73739195705e-08 -3.53077996406e-08 1.08690546829e-08 3.86699031939e-08 -6.29929335151e-08 -6.6703574543e-09 7.17332014192e-08 -7.5619368643e-08 3.79491344101e-09 6.82767231494e-08 -6.31843984929e-08 -4.20187698854e-09 6.72995800425e-08 -4.92833663723e-08 -1.92816694543e-09 3.89420032909e-08 -6.42207565533e-08 -5.87446471195e-09 5.92239230621e-08 -3.14026141252e-08 0 3.372801472e-08 -6.97413957106e-08 5.80069082627e-09 5.53981902619e-08 -6.92881834802e-08 -1.80510252815e-09 7.49690425038e-08 -5.15169337857e-08 4.16691231983e-09 3.88347453565e-08 -5.0485845975e-08 7.09658635886e-10 4.77687676491e-08 -4.37731422844e-08 9.77673480973e-09 3.57855317337e-08 -4.51688745435e-08 3.61480318983e-09 3.31903692727e-08 -4.29133312727e-08 -5.3739042381e-09 6.30247398903e-08 -6.75668091114e-08 -1.96414370569e-09 6.00855353032e-08 -4.87874862589e-08 1.97976364167e-09 4.27353947525e-08 -3.52367435088e-08 -4.28402956115e-09 5.35560327193e-08 -3.05287094125e-08 -1.11389013403e-09 5.84067761998e-08 -4.23702629687e-08 4.46422158666e-09 4.35120385717e-08 -4.90037992197e-08 -3.96985805443e-09 4.00448141073e-08 -4.19150920966e-08 7.17082158655e-09 4.40583946573e-08 -6.0159486768e-08 -7.33715973189e-09 7.20024596624e-08 -3.57574143233e-08 4.34616942376e-09 3.16206765399e-08 -5.5750423348e-08 -1.85433266234e-08 6.48406608293e-08 -8.1777423828e-08 6.47717605753e-09 5.89465430346e-08 -4.7043598843e-08 -8.24115407047e-09 8.28565170108e-08 -4.24974458998e-08 -5.22676938195e-09 3.83323915165e-08 -8.13890412039e-08 1.70441433605e-08 6.33686217781e-08 -4.74533429019e-08 -6.39354118327e-09 5.64890795476e-08 -7.43226589383e-08 -1.17424327031e-08 7.35235500455e-08 -7.91258031682e-08 3.38447398776e-09 7.196225629e-08 -6.85131388202e-08 -1.17786622393e-08 9.09941724595e-08 -7.61149259515e-08 3.68705751638e-09 7.09528356957e-08 -4.80049851319e-08 4.33667376807e-09 4.7321264464e-08 -7.37970033121e-08 6.86968145966e-09 6.5421992971e-08 -5.62861982794e-08 3.75038151217e-09 4.62331246871e-08 -6.94201158721e-08 -2.94176844207e-09 6.9029507347e-08 -2.56956232676e-08 1.7120147406e-08 7.46399832243e-08 -5.99064659332e-08 -8.15208472628e-09 6.58587812194e-08 -5.34546566606e-08 -7.37574205046e-09 3.2734615653e-08 -5.73289248611e-08 0 5.67244454067e-08 -7.25151873124e-08 1.33270365504e-08 5.53304116901e-08 -6.55051143461e-08 6.49010925052e-09 4.93582570698e-08 -4.86240145665e-08 -2.38376006407e-08 3.93462288624e-08 -7.92436256928e-08 5.85755278203e-09 6.13658189954e-08 -4.67279849983e-08 -2.50111636324e-08 6.30689551264e-08 -9.19471924641e-08 1.91525306443e-08 6.4173321327e-08 -3.08230826434e-08 3.47110612687e-09 7.19491666116e-08 -4.8170864294e-08 9.16597936998e-09 4.49975564322e-08 -8.35282201125e-08 1.82933633014e-08 7.03526727839e-08 -4.54881267259e-08 5.15708631374e-11 8.54528835217e-08 -2.46507792514e-08 -4.62430769848e-09 3.03078871892e-08 -5.58957556828e-08 -1.33568682011e-08 6.06117872598e-08 -3.70991267693e-08 -2.54797086055e-09 4.52441532868e-08 -5.70038376946e-08 -4.37765569886e-09 6.59929471025e-08 -7.41373303714e-08 9.97570504281e-09 5.00175297975e-08 -5.8257460872e-08 4.03247322776e-09 5.27216999646e-08 -6.34858078465e-08 2.06005138057e-09 6.35405719508e-08 -6.26065456837e-08 -6.66895875332e-09 6.71621733839e-08 -7.99451193042e-08 2.33684067008e-09 6.30182686315e-08 -4.99710690707e-08 -1.95219808018e-08 3.453476095e-08 -5.46939941286e-08 -2.10655043793e-10 4.74047688403e-08 -4.01485166161e-08 4.7396200262e-09 4.0819669471e-08 -6.69740384286e-08 -4.21902406168e-09 6.3297268224e-08 -5.54450221737e-08 1.22433422708e-09 6.58286949097e-08 -5.24002912445e-08 -4.44527903661e-09 4.40198569612e-08 -4.15811753042e-08 -1.00777513536e-08 5.2306366671e-08 -4.37844823828e-08 2.43362409611e-09 4.77411033723e-08 -4.68904262208e-08 -2.48668290262e-09 6.42656537954e-08 -5.08097230577e-08 -4.4596133761e-09 5.35820975433e-08 -5.25418022606e-08 3.59224923957e-08 4.30117855463e-08 -4.42161020036e-08 1.8146553662e-08 4.35314259689e-08 -1.7074406288e-08 -1.02531587486e-08 1.83975329688e-08 -6.6424470962e-08 -2.28546953427e-09 6.56166376915e-08 -8.54997163467e-08 5.98205682552e-09 6.00066326245e-08 -7.1192709125e-08 1.06943033775e-08 4.78997584203e-08 -3.75104787935e-08 -1.30544118909e-08 3.16269793441e-08 -2.45852295882e-08 5.89123988815e-09 1.05274766985e-08 -3.86298771064e-08 1.09206005434e-10 3.68582928463e-08 -7.12809636232e-08 1.19376276398e-08 6.89007512839e-08 -5.68034135409e-08 -8.45939060507e-09 7.23410047918e-08 -5.26518711945e-08 5.67804987636e-10 5.21113402796e-08 -4.76210998477e-08 3.75264819943e-08 5.41322962064e-08 -6.26824372955e-08 -3.10504737812e-09 6.11518122155e-08 -3.87456345796e-08 -2.47713603512e-09 5.35222761362e-08 -4.4915076638e-08 -4.21317342285e-09 5.8464451755e-08 -5.03913254208e-08 -1.01928562814e-08 6.47868665795e-08 -7.02113256629e-08 1.68841275979e-08 4.66975314579e-08 -3.62326098474e-08 0 3.48328798019e-08 -4.92612677632e-08 -3.06431196164e-09 5.76381304385e-08 -5.84335226446e-08 3.02706282072e-09 6.8019711536e-08 -4.77667083032e-08 -5.94750810738e-09 4.26225450869e-08 -3.55880425823e-08 0 3.5474561107e-08 -5.33888441251e-08 2.39291662698e-09 5.73592292084e-08 -4.62262656576e-08 -3.12253799775e-08 4.39606123025e-08 -3.64989492421e-08 4.58854917494e-09 4.9333769437e-08 -2.49891526194e-08 2.45388594843e-09 6.93381709714e-08 -4.66698404534e-08 3.97391086254e-09 3.35248466211e-08 -6.50935789456e-08 3.82625401223e-09 7.03757809407e-08 -7.3226217721e-08 8.62796472566e-09 6.53576829128e-08 -2.58174271912e-08 -1.23909697566e-08 3.43944484937e-08 -5.05935748217e-08 -4.9450543329e-09 4.93577174454e-08 -6.59375288539e-08 8.85303578404e-10 6.29227153867e-08 -4.00390338057e-08 -1.70754829353e-08 6.35912755814e-08 -4.98473684392e-08 8.03778894004e-09 4.3020609346e-08 -4.90437246348e-08 4.21993957639e-09 5.58139332119e-08 -6.73174619213e-08 5.64447448244e-09 5.27914268522e-08 -3.56197122364e-08 -2.24525173254e-08 5.83616955838e-08 -6.45575394017e-08 -6.36605652818e-09 6.49366290125e-08 -3.58169609458e-08 -4.38835471421e-09 6.06481153433e-08 -2.37740323363e-08 -1.33323633449e-09 2.5063980751e-08 -7.08098587618e-08 -4.23888537708e-09 6.71687992059e-08 -2.88184087884e-08 -2.08073407601e-09 3.01233225131e-08 -3.32596973908e-08 -2.15083083187e-08 4.59507475711e-08 -7.41347453493e-08 -1.35935275746e-08 8.45434492461e-08 -3.19287099111e-08 7.60122384747e-10 3.70804981221e-08 -2.87535167931e-08 -1.52356452284e-09 3.74214205277e-08 -6.42534515823e-08 4.70442322289e-10 6.65046209126e-08 -5.56350301475e-08 1.52767639193e-09 4.76652097189e-08 -5.23148643782e-08 2.16171794025e-09 4.70078480553e-08 -4.84080736351e-08 2.22790261077e-08 3.94191051363e-08 -7.75055069835e-08 1.2924854971e-08 7.97782037308e-08 -6.58274187519e-08 2.05448174373e-08 5.43392589652e-08 -6.24714331206e-08 -3.57967775035e-09 6.48755112158e-08 -6.20414485481e-08 -8.69765821877e-09 5.90043911355e-08 -6.082342596e-08 5.00036459769e-09 4.55874217239e-08 -4.777026619e-08 1.53074242722e-09 3.58921400355e-08 -4.49210881537e-08 -3.74088539625e-09 5.01077828357e-08 -5.96665966195e-08 -1.06491353121e-08 7.79320069732e-08 -5.22499628915e-08 2.50219593893e-08 3.9439848967e-08 -3.9174509729e-08 4.35281238601e-09 4.83103951828e-08 -4.68524014626e-08 -3.85782362699e-09 4.71393261056e-08 -6.37954953931e-08 -1.44725347878e-09 7.8269732753e-08 -4.64531747427e-08 -2.8080264311e-09 5.17915878149e-08 -1.09696476927e-08 3.86215786998e-09 2.10238883438e-08 -4.75421269031e-08 4.52649762069e-09 4.72532699836e-08 -4.91385788991e-08 -5.27798297696e-09 5.35775329047e-08 -4.41550524205e-08 -5.87930514797e-09 4.11140659824e-08 -7.77497695909e-08 2.26451022377e-09 7.74697303378e-08 -5.5386779141e-08 -1.4200536838e-08 6.18103573821e-08 -3.35002140577e-08 1.31621941924e-08 4.43043953838e-08 -7.05172587814e-08 -3.42044134912e-09 4.81992234358e-08 -4.58977019781e-08 -1.99657280684e-08 5.20546866111e-08 -5.623727951e-08 -2.40628661182e-08 3.69718026038e-08 -2.5542731884e-08 8.65127791586e-09 2.49929733183e-08 -7.25509424234e-08 6.04252605943e-09 7.77314191957e-08 -6.76461182556e-08 3.3848294533e-09 3.00051708217e-08 -5.11412689109e-08 -2.11872500403e-09 5.51373342164e-08 -1.67351499746e-08 -1.50353561833e-09 2.16923985637e-08 -7.69926299479e-08 1.45782547092e-08 4.52889817445e-08 -7.18558510881e-08 1.39998615941e-09 7.32902047567e-08 -5.05066511406e-08 1.79895159458e-09 3.34513987858e-08 -3.73160488915e-08 -5.03761917344e-09 4.16011300984e-08 -7.50369913535e-08 -1.07891692294e-08 6.81606108164e-08 -6.51016074907e-08 -2.82765085583e-09 6.90154613851e-08 -7.30212627797e-08 8.81720967195e-09 6.75297200761e-08 -4.87710025883e-08 -2.33877219291e-09 5.81808087323e-08 -4.56904467246e-08 -1.62626045633e-10 4.81715368504e-08 -4.2580427356e-08 -1.50078749585e-08 3.76286095643e-08 -4.6739266089e-08 -5.45569371175e-09 6.39778879432e-08 -5.17253282331e-08 -6.07745026443e-09 5.10821467995e-08 -2.63204703929e-08 -2.51624858611e-09 3.03596850196e-08 -4.15755846612e-08 3.1609760676e-09 4.34906152997e-08 -6.5295016652e-08 -3.66978052333e-09 7.08058594993e-08 -4.63123948901e-08 3.83616709437e-09 4.79211710038e-08 -4.8663596775e-08 -2.80463301834e-08 4.76913266357e-08 -3.17946913107e-08 3.00661166632e-09 2.56010162533e-08 -4.72702380629e-08 -6.85092630608e-10 4.43188277783e-08 -3.682954925e-08 -2.10700769176e-09 4.71226566428e-08 -7.56611793065e-08 2.53732082347e-09 7.53263897101e-08 -6.08368228152e-08 -6.04342648859e-09 6.98167352203e-08 -7.19222134879e-08 7.8212609915e-09 9.03280205547e-08 -8.46914429734e-08 1.05643229623e-09 4.57877043448e-08 -7.19126209443e-08 -4.7024396236e-09 6.71497468059e-08 -4.44272330455e-08 3.3807648384e-08 4.00684087721e-08 -2.79635700963e-08 2.27859121297e-09 4.41334076183e-08 -5.08626050901e-08 2.57105962867e-08 4.08906039207e-08 -2.70434752998e-08 1.95076017364e-08 5.32121008306e-08 -4.98464970601e-08 8.2647396024e-10 6.39190744457e-08 -7.39361747427e-08 -2.70003040537e-09 7.45644327253e-08 -2.74415734441e-08 1.04655503493e-08 3.10488680774e-08 -3.23470604224e-08 -8.0869326261e-09 4.02803090607e-08 -4.49776645288e-08 -4.14545556105e-10 5.96319306391e-08 -3.23230436805e-08 9.19269068978e-09 3.93721646738e-08 -6.56847075026e-08 -9.18473184207e-09 7.73478069949e-08 -5.81272793448e-08 5.7944622956e-09 4.07094495252e-08 -5.12800489772e-08 1.23677581512e-08 4.34937690566e-08 -6.16746637114e-08 -1.89411776361e-08 4.02582705567e-08 -4.20424686635e-08 -1.03487079103e-08 4.07881824008e-08 -6.33252130307e-08 2.15806368731e-09 7.91819179379e-08 -6.7637710566e-08 -7.23464108219e-09 6.80855291438e-08 -4.67066860476e-08 -1.14679882003e-08 4.63710962486e-08 -5.44360268937e-08 -2.14443777013e-09 4.52098665908e-08 -3.10267322186e-08 -1.9133175125e-08 3.44499450456e-08 -4.84604283866e-08 -2.79504399041e-09 4.78042395474e-08 -4.39401792994e-08 2.92394496469e-08 5.67742088686e-08 -3.22704777521e-08 7.62234439588e-09 4.23250883444e-08 -5.24978334619e-08 2.54126855702e-09 4.26934688596e-08 -6.77271259892e-08 -3.94001746248e-09 8.22509240403e-08 -6.97384320769e-08 5.77829716177e-10 6.4868146448e-08 -6.55927427216e-08 3.05014126797e-09 3.84700557804e-08 -6.57356508313e-08 -1.37839774788e-09 7.10211464245e-08 -6.92966836434e-08 1.50574689046e-09 6.77197708367e-08 -7.25982293067e-08 -4.9384871264e-09 7.23133315822e-08 -4.27352009587e-08 -1.39517666854e-09 3.90575856813e-08 -4.69160659578e-08 -2.96428039195e-09 4.94394054789e-08 -4.01180931883e-08 -2.46114616752e-08 5.68071096581e-08 -4.86878130463e-08 4.3053982134e-09 1.83296100377e-08 -3.7871106852e-08 -5.79361341303e-09 5.51340673771e-08 -7.59386631075e-08 4.96671317526e-09 6.37092087566e-08 -7.33531441211e-08 1.2516584854e-08 5.42528428157e-08 -6.81341369485e-08 -3.48546319863e-10 7.16980794741e-08 -4.68917824378e-08 3.00344836718e-08 4.3557141886e-08 -4.92179854593e-08 1.62499860052e-09 3.97182729919e-08 -5.16652441054e-08 5.768585922e-09 5.70553861263e-08 -3.93395326901e-08 5.21886275409e-09 4.40137771478e-08 -4.43204325276e-08 -3.45639430085e-08 4.49255344891e-08 -8.48267524938e-08 6.33685790598e-09 5.5622509132e-08 -6.48102448117e-08 2.44618862103e-08 4.91854837934e-08 -5.74973856283e-08 -1.69670968507e-10 2.32174235169e-08 -2.01414642403e-08 -2.47307008483e-09 2.41540423351e-08 -6.53977124686e-08 1.66326176661e-08 4.30223822732e-08 -5.14123484419e-08 7.08316394546e-09 5.08978587661e-08 -4.37091747817e-08 2.17534910577e-09 4.43757898895e-08 -7.18991614904e-08 -3.18154983769e-09 6.24442085405e-08 -5.54731231812e-08 -1.57331115199e-08 4.22624440809e-08 -7.60849119807e-08 1.44445836152e-08 6.98524451295e-08 -8.04274791111e-08 1.06661799419e-09 7.75967543389e-08 -4.39914657755e-08 -4.55560902587e-09 6.31252433415e-08 -2.69771067384e-08 -1.70080149764e-09 4.2290973736e-08 -4.68011400807e-08 -1.24503139411e-08 3.72041427834e-08 -5.00177909871e-08 6.61710402765e-10 3.43955500582e-08 -7.07718882028e-08 3.93353348483e-09 8.31419529717e-08 -3.32903470431e-08 -8.98719268604e-09 3.89627523631e-08 -4.89102892931e-08 2.304747308e-09 2.64870375841e-08 -6.48779606015e-08 -1.46253257389e-09 6.65914826688e-08 -4.39537219714e-08 -5.75824450269e-09 4.92098131406e-08 -5.9897643893e-08 -6.30493238974e-09 6.77926049637e-08 -3.34837539387e-08 -5.40944335154e-09 1.66553162346e-08 -5.49902580213e-08 -8.71592355397e-10 3.79905010252e-08 -7.39356269241e-08 2.93674206718e-09 7.08768425735e-08 -3.68303745848e-08 -1.4713183181e-09 5.00347152387e-08 -3.14969065728e-08 -1.46368411293e-08 4.10500287728e-08 -8.21549988864e-08 1.59120255336e-09 7.81101001989e-08 -5.45337919097e-08 4.53639619038e-10 3.68532655079e-08 -3.18611670901e-08 -6.19606642815e-09 4.34430044169e-08 -5.39141310254e-08 5.59826800123e-09 4.57005439182e-08 -6.76839594139e-08 -8.07161786364e-09 7.41347246417e-08 -1.5170423644e-08 6.44478131646e-09 1.02908387291e-08 -6.49435159865e-08 -5.68630624563e-09 6.31531453511e-08 -8.8008818507e-08 1.12286094098e-08 5.00243405484e-08 -5.61737589087e-08 -1.12049915094e-08 7.41116802438e-08 -5.99907997497e-08 2.6211561541e-09 6.51495852123e-08 -6.97098343761e-08 9.92976146588e-09 5.69079614394e-08 -7.13404251073e-08 2.0505412694e-08 6.30450423061e-08 -3.76189081126e-08 0 3.96602186376e-08 -5.12491062142e-08 -2.38892971287e-08 6.16116363654e-08 -9.21267073018e-09 6.94666669978e-09 4.09447508447e-08 -9.11355497787e-09 -3.86206222493e-09 1.73090460227e-08 -7.84045453623e-08 4.39223595657e-09 7.09115188711e-08 -7.57925636823e-08 1.09345456027e-09 7.34845890382e-08 -6.75105553985e-08 6.76534536518e-09 6.07699219888e-08 -7.29880978252e-08 9.94261223367e-09 6.98029721174e-08 -3.00444408819e-08 2.23384082253e-08 5.77229023091e-08 -7.62431148303e-08 2.38036491181e-09 6.52696996653e-08 -7.85719049031e-08 1.8352321381e-09 7.41388654619e-08 -5.90817739522e-08 8.82493655936e-09 3.33045670082e-08 -5.15882077231e-08 -1.49561114166e-08 4.71830857055e-08 -4.41108180886e-08 2.04236874302e-08 3.4040256556e-08 -7.96706189673e-08 7.80228454703e-09 6.40846793196e-08 -7.0895307562e-08 1.27520466317e-08 5.73458774329e-08 -4.54950270889e-08 2.19191301321e-08 2.77215330931e-08 -3.95661710738e-08 -5.33855886917e-09 4.05634937194e-08 -5.43772967659e-08 1.24406666324e-08 4.61469087372e-08 -6.22639292284e-08 5.68231424834e-09 4.71148682332e-08 -4.98489790656e-08 7.70508139144e-09 4.56574908343e-08 -4.43550016162e-08 -7.33102996278e-09 4.6790897085e-08 -7.71877429767e-08 1.80087153019e-08 6.39348383956e-08 -6.21518172258e-08 -1.74581490802e-10 5.69870935722e-08 -6.43249144196e-08 -2.89818262326e-09 6.3307660832e-08 -7.29206553576e-08 1.13327604575e-09 7.69512020399e-08 -6.46973339147e-08 5.72036297449e-09 6.85882385003e-08 -4.71742584389e-08 1.87767137735e-08 5.23040034575e-08 -2.19660884097e-08 -3.79576210555e-09 1.69565182736e-08 -6.20726599779e-08 -2.56150639188e-09 7.15632731653e-08 -2.36130929836e-08 -1.93439977846e-08 2.52111803227e-08 -3.52316559562e-08 -9.31760011585e-09 4.52213014079e-08 -4.60988895259e-08 -2.7657330513e-09 3.88273243929e-08 -5.98934141094e-08 -3.95931406627e-09 8.05853189417e-08 -5.67875556488e-08 -1.06167576021e-08 7.83075690105e-08 -6.31397554213e-08 -1.20696924199e-08 4.36549381706e-08 -3.0304104743e-08 1.1481691142e-08 2.38674426811e-08 -4.97453913471e-08 1.51531708932e-08 1.94166253546e-08 -4.24240360272e-08 -2.87448895914e-08 5.3831492884e-08 -7.40487788755e-08 3.83646801447e-09 6.39915413497e-08 -7.45874628971e-08 -1.04280775935e-08 7.41830215152e-08 -3.32006240993e-08 -3.98548733628e-10 3.20982507607e-08 -4.50270855168e-08 -1.49798599073e-09 4.76230893419e-08 -7.87515556943e-08 1.7475219915e-09 6.80358549709e-08 -3.8018590837e-08 1.18930465611e-09 4.35844086545e-08 -4.0352361641e-08 -1.62302930639e-09 4.69807400328e-08 -7.11064117001e-08 -4.2360361922e-10 7.70155059674e-08 -3.22390538546e-08 -9.51945325192e-09 4.74878334785e-08 -3.02801920854e-08 -2.11417010833e-09 3.4331920215e-08 -4.35994409113e-08 -1.27370713208e-08 6.05600837588e-08 -4.76503563663e-08 -3.85814546881e-09 5.46885755402e-08 -3.58670372293e-08 -7.8032280515e-09 3.07117990652e-08 -5.88456690085e-08 -1.85710141503e-08 7.41272826097e-08 -6.49683362814e-08 3.30312553667e-09 6.25876332876e-08 -4.95318347784e-08 -7.86966377417e-09 6.58030806267e-08 -7.15441429359e-08 -8.73333261971e-09 7.67840156318e-08 -6.21399935549e-08 1.28210479035e-09 2.79777369006e-08 -6.51898132408e-08 -1.46097142898e-08 8.00581557789e-08 -3.91731346786e-08 1.2126334128e-08 4.05756642142e-08 -6.90844931674e-08 -8.94659130666e-09 7.02723870062e-08 -3.05652819773e-09 0 3.99339538329e-09 -6.9257670708e-08 1.01713724888e-08 5.93102488414e-08 -6.02789867277e-08 -9.69784088535e-09 7.38616836697e-08 -9.55197414795e-08 -4.18723772953e-09 9.37214196274e-08 -4.43989667254e-08 -1.27763906244e-09 3.89145945345e-08 -7.83588797636e-08 4.7423930299e-09 7.49677576648e-08 -7.30076391842e-08 8.93855070303e-10 6.61811637567e-08 -7.62993089431e-08 1.30313270623e-09 6.57066596489e-08 -5.07487788109e-08 -6.18158961175e-09 5.17394614009e-08 -3.81481328251e-08 -2.17321343974e-08 5.04712759352e-08 -4.70458441463e-08 -1.10082688772e-08 4.48317010869e-08 -7.85348300914e-08 7.71295754709e-09 6.9405105874e-08 -7.441613379e-08 2.69779017241e-09 6.21380927659e-08 -8.76169105681e-08 -1.96896220944e-09 6.31589111722e-08 -7.22841983142e-08 5.68643477804e-09 7.71431291674e-08 -4.31633200137e-08 -2.3291249993e-08 4.61493639492e-08 -6.90211518172e-08 -1.02022694206e-09 8.02657597967e-08 -8.01144589343e-08 -3.25739591233e-09 7.78650169077e-08 -5.24050039672e-08 -2.99260039485e-09 3.95049171276e-08 -8.67725974011e-08 1.00118815144e-08 9.18473504322e-08 -5.06958839414e-08 2.47196684432e-08 3.88952958924e-08 -3.73696973519e-08 -7.0706069365e-09 3.26116781748e-08 -4.80107482204e-08 -8.38861160828e-09 4.71498305172e-08 -7.29508544134e-08 8.32271974808e-10 7.61957177788e-08 -7.15091540517e-08 -2.48896753149e-10 7.0949498207e-08 -6.79970494176e-08 2.93445116772e-09 8.51574811184e-08 -4.39675592891e-08 -8.00223056052e-09 6.62800361999e-08 -4.72468566252e-08 -1.53201396298e-08 5.84747467585e-08 -6.93300349827e-08 -8.13404942015e-09 7.02202980614e-08 -7.15161339474e-08 -2.27181490836e-09 6.62680339974e-08 -6.7041672435e-08 5.11957986699e-09 5.61573857292e-08 -7.43728987794e-08 9.68588679473e-09 6.41459097062e-08 -5.62797779115e-08 -6.13211189978e-09 4.85033154915e-08 -7.58714566878e-08 1.58130007938e-08 6.16715886947e-08 -6.55143982252e-08 -1.33406306264e-09 6.24751028442e-08 -4.27335678485e-08 -2.20366332612e-09 5.92657494441e-08 -4.00635617208e-08 -2.07795369007e-10 4.57927940699e-08 -4.44475786051e-08 -3.49509410393e-09 4.13019723336e-08 -8.11645193512e-08 1.84902686276e-09 7.56352514198e-08 -4.66926928195e-08 -2.26362439562e-10 4.66818041205e-08 -8.83632756118e-08 1.54343111162e-08 6.82579008861e-08 -8.1183944047e-08 1.09392516809e-08 7.46807125012e-08 -5.07229629401e-08 2.33590725784e-08 4.624594848e-08 -6.1177072656e-08 -9.27268307271e-09 6.51922779847e-08 -8.40273566518e-08 -6.86026573008e-09 7.61968693012e-08 -7.86604213704e-08 1.64572095061e-09 7.28442584167e-08 -4.66563948023e-08 1.48830085613e-08 4.52296716466e-08 -3.62817659456e-08 -6.74267996263e-09 5.3751377762e-08 -6.19054794902e-08 1.69437077124e-09 7.07779812918e-08 -1.56102084546e-08 5.45572012697e-09 1.68703905531e-08 -2.65079644614e-08 -2.07870561873e-08 4.51138974937e-08 -6.43983757617e-08 -3.11604972523e-09 6.41943883843e-08 -1.85791376332e-08 3.44617152275e-10 3.29108931158e-08 -6.43671560301e-08 1.13516319018e-08 4.7669663101e-08 -6.53571546113e-08 7.6229917152e-10 7.3666456834e-08 -3.55558328091e-08 -1.69428756887e-08 3.75180763592e-08 -3.09627835185e-08 3.86224080002e-10 4.82478018056e-08 -5.9994691252e-08 -7.08038418941e-09 6.2515503414e-08 -3.63671050075e-08 2.31528784404e-09 3.83459947151e-08 -4.26331955819e-08 1.85355564038e-09 3.8037573415e-08 -8.06859613034e-08 6.36671027049e-09 6.80047537524e-08 -4.32272166945e-08 3.30348165054e-09 3.26135397818e-08 -4.06026485924e-08 -5.76943964009e-09 5.87160896761e-08 -8.23521258624e-08 -2.91862936954e-09 7.68538476855e-08 -3.50975763044e-08 4.3911992553e-09 3.18848070985e-08 -4.28270879908e-08 -9.69843482547e-09 4.67144189693e-08 -7.34278476867e-08 -7.19896481328e-09 7.40354601328e-08 -3.83208494248e-08 -1.13076411777e-08 5.85297071756e-08 -6.57602255781e-08 6.33805325734e-09 5.44896926361e-08 -7.26836172129e-08 1.0194225015e-09 6.43307913407e-08 -4.28046631621e-08 1.02644470414e-08 4.89223383812e-08 -5.81361410035e-08 3.15569308666e-09 5.3387465513e-08 -8.53359602469e-08 -4.9077333425e-10 7.39443012913e-08 -2.97666033948e-08 -2.18068360002e-08 3.81910404576e-08 -6.48567794144e-08 -5.18251209963e-10 6.68854219907e-08 -4.62731687331e-08 -1.32682910682e-08 3.76868096307e-08 -3.22455042021e-08 2.07757778314e-09 6.06239566949e-08 -3.70067688858e-08 -1.30729086562e-08 3.38061501267e-08 -4.47904554594e-08 -9.87708750767e-09 4.5267347373e-08 -6.53790542294e-08 -5.03744157715e-09 7.75785004172e-08 -4.03965697303e-08 1.34240493722e-08 2.88989807246e-08 -6.37922293804e-08 -5.1825816811e-09 8.06093727734e-08 -7.22595637308e-08 -1.89993785747e-09 7.27299784747e-08 -6.2963542317e-08 -2.68180899806e-10 7.53581382191e-08 -7.41416466291e-08 1.72138620961e-08 6.01943430792e-08 -3.44275838471e-08 2.42650728899e-10 4.07975699327e-08 -7.21832877338e-08 1.02596962787e-09 7.45514734651e-08 -5.49541424276e-08 9.23971970278e-09 3.0988446613e-08 -4.97936422423e-08 2.45898439979e-08 3.98226792372e-08 -4.009620164e-08 -3.37466557652e-09 3.98172736972e-08 -2.77087793016e-08 4.34270017805e-09 3.16927474355e-08 -3.68211909222e-08 -2.11768151284e-09 3.95107057741e-08 -4.5913869752e-08 -2.3367405738e-09 5.50829381433e-08 -6.90045424114e-08 -6.96122399109e-09 8.14311628827e-08 -6.22746584011e-08 4.06723989814e-09 5.76315705757e-08 -6.84252918249e-08 -5.13365848235e-10 6.69843291911e-08 -5.29664688409e-08 9.02018342761e-09 3.72335290896e-08 -7.11295219746e-08 3.29387836253e-09 6.69703041225e-08 -4.1458516915e-08 -3.84909691336e-10 3.82539633395e-08 -6.86591919442e-08 -3.99928485955e-09 7.45475054501e-08 -6.46804254416e-08 -7.2699066494e-10 6.95451874639e-08 -6.8503236605e-08 1.48491071133e-09 6.93097535862e-08 -5.47646871568e-08 -8.20491455525e-09 8.60310219045e-08 -4.381438019e-08 -7.00697665345e-09 7.7852391941e-08 -3.98914684538e-08 2.52776722502e-08 5.13625232759e-08 -4.67128167099e-08 9.8532059141e-09 4.74097855775e-08 -5.37714301607e-08 -5.59530237591e-09 6.66783248572e-08 -6.07660433955e-08 -3.40091157833e-09 6.77643332463e-08 -9.48201554812e-08 1.24048848972e-08 5.45908127052e-08 -8.20401177795e-08 -3.9005351161e-09 8.0530926984e-08 -7.52147369805e-08 -1.58199546988e-09 7.08018543629e-08 -3.37428354213e-08 6.78023919446e-09 2.99230808358e-08 -6.46666610273e-08 7.82638999055e-10 7.15065438373e-08 -6.37820864163e-08 6.74442364901e-09 4.07499479005e-08 -2.46092269686e-08 4.81675048796e-09 1.87133457251e-08 -7.08397245288e-08 1.05827242997e-08 5.68376656984e-08 -7.63493775683e-08 -2.25435523602e-09 7.00205194271e-08 -4.02820001495e-08 -2.28504633876e-08 4.44425389501e-08 -7.1521378461e-08 4.42742288298e-10 6.82357138834e-08 -4.25152157439e-08 7.29233457989e-10 4.55435942079e-08 -2.81074300842e-08 5.74486482417e-09 3.09436072e-08 -7.03016017491e-08 -2.39726597258e-09 6.99910301756e-08 -6.69299195455e-08 4.12046245804e-09 6.01815368401e-08 -4.89250223843e-08 -2.50179162618e-09 4.48420707161e-08 -7.09686592464e-08 3.10774794743e-09 7.22898548773e-08 -6.56434267559e-08 3.85608725875e-09 5.98736730112e-08 -5.35055040795e-08 4.85938779894e-10 7.35201011834e-08 -4.86726222591e-08 -2.89914733214e-10 5.2966994347e-08 -6.52417906014e-08 -2.5599263432e-09 7.00367986258e-08 -6.57353554138e-08 -1.40219534321e-08 7.29742188769e-08 -6.67815567491e-08 -1.83757987268e-09 3.2834473178e-08 -4.26166329608e-08 3.83809739391e-09 5.25941626148e-08 -6.70419520235e-08 -4.44881922911e-09 6.88832088754e-08 -6.39446094522e-08 9.7372632516e-09 4.65791182207e-08 -4.06764014118e-08 -2.07290945865e-08 5.57133032238e-08 -4.7162372302e-08 3.98954454287e-09 4.54942901765e-08 -6.35329408033e-08 -5.8286123659e-10 6.80090513961e-08 -8.24360280446e-08 5.45876437561e-09 5.95148495279e-08 -1.54968948449e-08 -4.67425981059e-09 2.47662053728e-08 -3.14026141252e-08 0 3.372801472e-08 -6.26807713114e-08 -3.11672203966e-11 7.06132880182e-08 -6.64075997335e-08 -1.85576844372e-08 7.93135210579e-08 -7.40580037406e-08 2.11145930622e-08 6.78301200021e-08 -7.00897796436e-08 -1.19777422374e-08 7.44692772087e-08 -6.87124619245e-08 -9.42059429693e-09 7.84441624003e-08 -7.11222838228e-08 -4.44795166338e-09 6.71831995633e-08 -3.75667755016e-08 -1.051690453e-08 5.88303196346e-08 -3.59341654358e-08 1.81255472372e-09 3.30481134083e-08 -3.92925511437e-08 -4.87132489001e-09 6.18875639961e-08 -5.83665204748e-08 -1.13848882557e-08 6.73686139057e-08 -7.60540626309e-08 4.49228708347e-09 6.77033462275e-08 -6.75594432085e-08 1.12747758374e-08 4.96189860211e-08 -2.59050023136e-08 8.94422608947e-09 1.92074571949e-08 -4.92984353902e-08 -1.22111986692e-08 5.4769346098e-08 -7.6493257449e-08 -4.23734298686e-09 7.15152882374e-08 -4.80059099075e-08 4.18016769844e-09 4.59283816442e-08 -6.48183983166e-08 -7.94750506362e-10 7.1152821814e-08 -3.73909335609e-08 -1.74668572422e-08 3.91031236691e-08 -7.47274256141e-08 -3.71927236238e-09 7.78135624932e-08 -3.30940540834e-08 -1.49464436827e-09 3.9923065337e-08 -6.96988043601e-08 -5.73948103559e-09 7.35600800111e-08 -1.8434841452e-08 -2.55950016051e-09 2.15341903433e-08 -4.78755811476e-08 -6.09941647623e-09 5.00667780603e-08 -7.3691711417e-08 2.82001460892e-10 7.40128897649e-08 -6.72274542136e-08 -2.02611208844e-09 6.23808159988e-08 -6.2253669259e-08 -4.6101468911e-09 6.49629861952e-08 -5.36883629368e-08 -8.71805477228e-10 4.80936056579e-08 -7.63184022419e-08 -7.27337838754e-09 8.17087424787e-08 -4.66118628547e-08 1.16574662739e-08 3.99238675049e-08 -4.05909656072e-08 1.06906596576e-08 1.56103698906e-08 -6.87910226309e-08 -1.78632502041e-08 7.47491421396e-08 -7.52826420432e-08 3.917852162e-09 7.93989066967e-08 -7.61908830732e-08 8.92052459549e-09 1.89775919676e-08 -6.89396958399e-08 -3.82243075641e-09 6.93432792127e-08 -7.71997695398e-08 9.95020106165e-09 6.21529435253e-08 -7.21573058009e-08 8.89374954788e-10 7.05487893054e-08 -4.72706542261e-08 -7.36721542612e-09 6.66139677454e-08 -7.00477831262e-08 -6.08099124197e-09 6.81208399987e-08 -6.46080209041e-08 -6.32889024384e-09 7.22586200658e-08 -7.78256183315e-08 1.72941349787e-09 8.03491495151e-08 -4.27847231181e-08 -1.02946412953e-08 6.35355698846e-08 -6.59648511255e-08 -4.89106328331e-09 6.30046876576e-08 -7.28943072719e-08 -4.59660114497e-09 7.50980990463e-08 -5.0080357896e-08 2.42497137021e-09 4.69197190176e-08 -8.14748658721e-08 7.51570873547e-09 5.69584781272e-08 -3.5567188101e-08 -8.45825692937e-09 5.75409629257e-08 -7.51111244247e-08 -1.30128154685e-09 7.36297821498e-08 -5.57271979241e-08 -1.35651684694e-08 7.3735147003e-08 -5.41762359946e-08 2.38712381805e-09 3.70730997992e-08 -3.05652819773e-09 0 3.99339538329e-09 -5.20996795112e-08 2.25887036207e-10 5.79834927965e-08 -5.66590183771e-08 -8.81418050833e-09 7.71232808289e-08 -7.84849951822e-08 -5.18519304724e-09 8.09015667276e-08 -6.57370641251e-08 5.34090874671e-10 6.5640372453e-08 -3.87949693828e-08 6.05950103853e-09 5.8587133271e-08 -4.4767447051e-08 1.84390501535e-08 3.71408976404e-08 -5.41809079916e-08 -2.7164176988e-09 5.13871471509e-08 -7.17431952606e-08 7.59749236055e-10 5.63084420472e-08 -6.99120663623e-08 -9.84121663434e-09 7.51464968618e-08 -6.40003890511e-08 2.46167426761e-09 5.56109339606e-08 -7.46740264036e-08 -8.23256268094e-09 6.99995085613e-08 -7.39548990866e-08 1.70104037149e-08 4.95353434641e-08 -5.25906659856e-08 6.04490268194e-09 4.67698655089e-08 -7.23444941127e-08 -7.2921849755e-09 8.13378727122e-08 -6.52469268805e-08 7.28675648743e-09 6.52492755829e-08 -7.13424502435e-08 4.76055166519e-10 8.27782541588e-08 -7.30188845539e-08 -1.24134005764e-09 7.68432035925e-08 -8.62984962961e-08 1.06248032997e-08 7.02526601326e-08 -7.3368223175e-08 1.59973346638e-08 4.49873066731e-08 -4.51664492807e-08 8.42184287789e-09 4.73709945114e-08 -6.26619440881e-08 -4.81942810388e-10 7.15351844651e-08 -7.02312812787e-08 6.91129019867e-09 4.78986147627e-08 -6.76722743313e-08 1.87828541537e-09 6.59830710583e-08 -7.83955853672e-08 3.60882398904e-09 7.40799538826e-08 -1.52710012799e-08 2.77085246933e-10 3.27162936469e-08 -6.78957412549e-08 8.93612335312e-09 7.07147113763e-08 -7.56200058472e-08 -5.34687594453e-10 7.07562997711e-08 -3.37788650848e-08 -1.94630040512e-08 3.72366365935e-08 -4.56609302659e-08 1.30294954245e-08 4.2702297531e-08 -6.07766799981e-08 1.48041176511e-10 6.63688348507e-08 -5.94592123732e-08 -1.85014903581e-08 7.16047864062e-08 -7.57598175698e-08 3.21555633877e-10 7.36820588302e-08 -7.0705756226e-08 2.01471018326e-09 7.50906261831e-08 -8.16404649331e-08 2.22941742624e-09 7.26368393085e-08 -5.30085228846e-08 -2.26459376384e-09 5.60198340423e-08 -6.3479764641e-08 4.36796006792e-09 4.50065217458e-08 -4.41695022241e-08 2.71333517613e-08 3.78277118034e-08 -6.87562814816e-08 3.03594568239e-10 7.16383171157e-08 -4.67354707945e-08 2.68518761712e-08 3.18785803664e-08 -3.50425390417e-08 -2.33589409468e-08 4.37352748835e-08 -7.32010489734e-08 -3.5157041998e-09 7.38522842859e-08 -3.649912481e-08 -5.34116469399e-09 4.61497733619e-08 -7.56296122836e-08 1.60959081144e-08 6.30466688583e-08 -7.118820706e-08 -4.21710371676e-10 6.41240146054e-08 -7.69502736194e-08 4.09911544285e-10 6.8701139065e-08 -4.36244594997e-08 -2.55194690089e-08 4.72915139078e-08 -6.36399224714e-08 -5.57879362142e-11 7.4729605251e-08 -6.54213161189e-08 -1.70599968719e-09 6.37293226777e-08 -5.26728838973e-08 2.35708304413e-08 4.088029636e-08 -3.66608823572e-08 -1.78555711417e-08 4.64937182877e-08 -4.93761154624e-08 6.48238971415e-09 4.79997422293e-08 -7.28865365927e-08 -4.47395087995e-09 7.39025391047e-08 -4.35398008602e-08 -1.53710758828e-09 3.935799086e-08 -5.85133894967e-08 -5.49239261837e-09 7.41476296652e-08 -7.9492025409e-08 2.79772659103e-09 7.6596154583e-08 -7.13528857163e-08 7.41450237576e-09 5.99039788495e-08 -7.38374424351e-08 1.35012427372e-08 7.15936212812e-08 -4.28141187575e-08 -4.5721299698e-09 3.66284101753e-08 -7.30323573377e-08 -8.05259384075e-10 7.32974671294e-08 -7.08503213188e-08 1.5926034388e-08 7.31988940401e-08 -5.78673934464e-08 1.39473311391e-08 4.07437469303e-08 -6.00888543119e-08 -6.61012682269e-09 6.72473798143e-08 -2.57650259781e-08 6.1370784297e-09 2.85659863856e-08 -7.94711934314e-08 8.29019889036e-09 6.75306883781e-08 -7.28474056534e-08 9.10101441512e-09 6.49576950343e-08 -4.23102727767e-08 3.54173575252e-09 4.71145417161e-08 -8.22817211588e-08 2.99140491196e-09 7.90001778656e-08 -7.72285353048e-08 4.22193460658e-09 7.27406096679e-08 -7.93318535665e-08 -3.029126596e-09 7.29137297959e-08 -6.6168814064e-08 3.55891400002e-09 6.38929045189e-08 -7.01748258235e-08 -4.80704657612e-09 7.70838402422e-08 -6.77081674931e-08 4.93445067084e-09 7.16616573236e-08 -5.76984664449e-08 -2.96552437576e-09 7.02251932755e-08 -7.16132870545e-08 1.20630587302e-10 6.81134243169e-08 -3.05652819773e-09 0 3.99339538329e-09 -7.70061732293e-08 3.18810692554e-09 7.14390470575e-08 -1.62457982338e-08 -1.63609271749e-09 2.07985788378e-08 -3.64231549484e-08 2.42292291707e-08 3.98133323856e-08 -3.87461570712e-08 -1.09851390105e-08 5.84213646865e-08 -7.9807216507e-08 -7.14431428615e-10 8.21569598515e-08 -7.16990531256e-08 -4.10747983383e-09 7.20864072348e-08 -3.85852782706e-08 -1.4819275744e-08 4.35642399632e-08 -3.02413804041e-08 -1.38843434431e-09 4.11812529351e-08 -3.66135631796e-08 -9.84616969223e-09 5.67158571219e-08 -8.25342058044e-08 6.53072070119e-09 7.60836399717e-08 -5.88347712043e-08 -2.40483591864e-08 5.77689739427e-08 -2.70958884524e-08 -1.87938003792e-08 3.68042577138e-08 -4.45544565231e-08 -1.3553677699e-09 4.34370778685e-08 -6.44294811101e-08 -1.45484580491e-08 6.95784310303e-08 -5.82693685999e-08 -1.29977058125e-08 7.59942741715e-08 -3.81780428063e-08 -2.45532438485e-08 5.4018219424e-08 -7.46219846443e-08 -4.45712660455e-09 7.26733066949e-08 -7.38563257929e-08 -6.434944841e-09 7.36723651803e-08 -6.01348329258e-08 1.97948023536e-08 4.74154897994e-08 -4.73695149083e-08 -1.73333835268e-09 4.70441306297e-08 -6.23228761773e-08 -4.51791385211e-09 6.80203124149e-08 -7.53100544274e-08 -5.9915609921e-09 7.55743358877e-08 -8.4773283925e-08 9.74698193944e-10 8.22962127671e-08 -5.11433371491e-08 1.01968270979e-08 4.18834815194e-08 -5.94968143556e-08 -2.54900990482e-09 5.33289373729e-08 -4.61909441027e-08 4.8278516645e-09 5.02590156685e-08 -6.48619761365e-08 -1.19581987645e-10 6.27178986565e-08 -8.07382971501e-08 4.84807665022e-09 6.47538836336e-08 -5.70558603043e-08 -1.10878144056e-08 6.96599517162e-08 -7.26388096345e-08 3.89567987243e-09 7.6688278198e-08 -7.79987589705e-08 2.44582116896e-09 6.44585905663e-08 -6.99021214212e-08 -3.65703941051e-09 7.741140997e-08 -6.25733329837e-08 4.94271552017e-09 5.77387118749e-08 -6.77323068936e-08 0 6.78843353143e-08 -7.23668104716e-08 -9.57980634982e-09 8.05850603991e-08 -4.60096295982e-08 -7.18046419413e-09 4.37981932012e-08 -6.96621110758e-08 -5.76816058164e-11 7.68619917954e-08 -8.31756872952e-08 -3.34059973717e-10 7.40817024945e-08 -7.42879419364e-08 -7.6291055775e-10 6.44853244189e-08 -3.57117138639e-08 8.69127444699e-09 5.61047310293e-08 -1.70840485097e-08 -3.43269215999e-09 2.1664702807e-08 -3.72782514082e-08 8.73486721081e-09 3.59027446469e-08 -7.20751487001e-08 6.74690630413e-09 7.40913898509e-08 -7.37557784482e-08 9.19982434916e-09 6.46760021826e-08 -2.86400028467e-08 -8.31249305928e-09 4.29313458356e-08 -5.99595663363e-08 4.3701184315e-09 3.24057216464e-08 -6.88681652343e-08 3.37098087691e-09 6.8838633221e-08 -8.67533643995e-08 9.35503659507e-09 7.1852438671e-08 -6.4961318224e-08 -1.03575621495e-08 8.15754856974e-08 -7.76046280841e-08 -2.59462517431e-09 7.42339475746e-08 -7.60349086472e-08 1.73237996505e-08 4.60426293067e-08 -3.94051153058e-08 -1.41731376706e-09 5.332909361e-08 -7.80573363666e-08 1.09459324437e-08 7.16903579369e-08 -2.09116223855e-08 5.49799526825e-09 2.02857636273e-08 -6.15738473965e-08 1.07948466851e-08 4.28378898368e-08 -6.80666038556e-08 -2.59790104548e-08 5.2789827884e-08 -7.5151665387e-08 1.49453527132e-09 7.32358248643e-08 -7.18413621036e-08 -5.12438704459e-09 7.85573370992e-08 -3.78344833246e-08 3.7281314018e-09 3.24590678584e-08 -7.26400464371e-08 -3.51421638398e-09 7.21795907073e-08 -8.21988135249e-08 1.37123745517e-08 6.94103383241e-08 -5.05656134483e-08 -1.75136113822e-08 3.85120640029e-08 -8.51784885225e-08 4.29597757889e-09 7.18604042742e-08 -8.19424617702e-08 7.50555263053e-09 7.13440119868e-08 -5.32993411889e-08 -2.23885974915e-09 5.35832578033e-08 -6.85130999283e-08 1.38580141246e-10 6.10289293846e-08 -6.63131077876e-08 -8.19983929549e-09 7.99257143696e-08 -7.2241075342e-08 -2.16703035288e-09 6.8278110072e-08 -3.25653212233e-08 -1.83000651221e-09 2.47416380514e-08 -7.53527168484e-08 1.15106959232e-08 6.70544192008e-08 -6.92775782338e-09 -1.28681653865e-09 1.65225296591e-08 -6.90062461997e-08 1.41165250388e-08 7.20157798095e-08 -2.32135830328e-08 -5.3135004723e-10 2.43711635622e-08 -7.02371614836e-08 1.3557199987e-08 4.70528220168e-08 -8.54646757907e-08 5.10209918055e-09 4.41444950654e-08 -5.93515151995e-08 -1.09852814124e-08 7.12954391394e-08 -8.16258483762e-08 4.58577650308e-09 7.17549811943e-08 -7.53249486111e-08 -3.61814221091e-09 7.32158258671e-08 -6.90887629717e-08 -3.07976780959e-09 7.21880419863e-08 -4.744167917e-08 -6.70938060578e-09 4.27318464382e-08 -7.09837478782e-08 1.27109772437e-09 7.4482501973e-08 -5.63456399269e-08 9.97424437202e-09 3.53973550002e-08 -7.79322256105e-08 3.29244988347e-09 7.58504455919e-08 -6.66518624654e-08 2.82775720643e-09 6.98773506548e-08 -7.12287907227e-08 -6.59263218882e-09 8.04117513872e-08 -3.7459295168e-08 0 3.78320168596e-08 -7.76267773595e-08 9.55465219542e-09 6.90708075702e-08 -7.55934852949e-08 5.83495412244e-09 6.12183242921e-08 -6.68941123079e-08 0 6.62624901915e-08 -7.7953253853e-08 5.6113875775e-09 7.19005205252e-08 -8.57141553954e-08 7.67274684024e-09 6.62446661834e-08 -4.61797212183e-08 -1.75007021331e-08 5.63998621093e-08 -6.56370803732e-08 5.50655081678e-09 6.46240144856e-08 -8.67157988603e-08 9.13474269956e-09 6.31328732902e-08 -6.80776938515e-08 7.90118424576e-09 6.67296028172e-08 -4.05716536297e-08 -9.68609722703e-09 3.52716769769e-08 -5.04019641986e-08 -2.96235594797e-08 4.43470261644e-08 -7.38817796459e-08 2.01411848266e-09 6.90499513212e-08 -7.13571949671e-08 -3.24541808246e-09 7.65135645794e-08 -2.89874803189e-08 1.00345126768e-09 1.50364854471e-08 -6.83496927799e-08 -1.48612809225e-08 7.76696809684e-08 -6.48405727677e-08 -4.97730361786e-09 8.15208497998e-08 -7.97301461773e-08 -2.64930985663e-10 6.9076645357e-08 -3.14026141252e-08 0 3.372801472e-08 -9.28085123424e-08 6.28259276593e-09 6.53274210163e-08 -6.75426921594e-08 2.29985043884e-09 6.6856320821e-08 -4.13034748598e-08 1.88616903573e-08 4.20783210435e-08 -4.09256771816e-08 -1.85517026759e-08 6.5279433529e-08 -7.77063427532e-08 -3.58821412956e-09 7.28951453211e-08 -3.94318132299e-08 -8.38827288666e-09 4.50746236748e-08 -8.34240625668e-08 2.5451709751e-09 6.78665442573e-08 -7.38122808823e-08 3.27505373883e-09 9.25864706251e-08 -8.05917636977e-08 -2.53673643062e-09 7.11349039814e-08 -6.13563506462e-08 -1.24157190234e-08 7.82831463786e-08 -6.73182648942e-08 -1.48350468322e-08 8.46426571915e-08 -5.0355956231e-08 3.71040398735e-09 5.64213942972e-08 -5.82660403124e-08 -7.68600840893e-09 6.42497695289e-08 -3.76189081126e-08 0 3.96602186376e-08 -7.97583085262e-08 2.11968736758e-08 6.77308350371e-08 -4.04524589734e-08 -7.33860527319e-10 5.72860819611e-08 -6.19344217414e-08 6.81187431565e-09 4.78371688769e-08 -6.35293963538e-08 2.29793608359e-09 7.60289710241e-08 -4.6898526896e-08 -3.96968149219e-09 5.46006265048e-08 -8.45723904083e-08 1.33234247638e-08 7.15369488706e-08 -7.36772250105e-08 -7.82371190785e-09 8.82367031824e-08 -7.22121363231e-08 -2.011656515e-09 7.55917032297e-08 -3.54417001034e-08 -3.60290092399e-09 5.02222763396e-08 -7.5678927561e-08 1.00694667146e-08 5.90657481218e-08 -7.72445775165e-08 4.37914345591e-09 7.0587579779e-08 -6.75128811938e-08 -4.27191833208e-10 7.72486879712e-08 -4.95538418439e-08 1.04061598907e-08 4.1916036909e-08 -6.86476979073e-08 -3.04058452921e-09 7.01915279648e-08 -4.88960262547e-08 -6.63435142706e-09 4.26574917077e-08 -5.12039100232e-08 2.75145808931e-09 6.19004855252e-08 -7.29966163072e-08 -5.02484142513e-09 8.71427280561e-08 -6.77831886828e-08 3.38762749717e-09 6.0320270351e-08 -5.98402738015e-08 -1.93871221502e-09 6.82186854889e-08 -6.28495560833e-08 -8.43256991326e-09 6.72733334911e-08 -3.71826643482e-08 0 3.80246073402e-08 -7.44289381029e-08 -1.7044835209e-08 7.9483129412e-08 -5.27480050248e-08 1.5889439594e-08 4.30497955752e-08 -7.091791768e-08 -4.45439889717e-09 7.44614933814e-08 -7.78007944334e-08 1.99245180418e-08 6.79019578616e-08 -7.25567780716e-08 4.28751345211e-09 6.83596870361e-08 -7.48936742975e-08 -1.80960646013e-09 7.04254125009e-08 -7.4868412799e-08 2.04907727996e-08 6.33611905875e-08 -7.94519762424e-08 -1.39442846035e-09 8.82988010727e-08 -4.51248699436e-08 -2.28162498545e-09 4.85701222051e-08 -6.63966994862e-08 1.29030451483e-10 7.19844226111e-08 -7.18100785723e-08 1.49191523394e-08 7.09743684237e-08 -7.13574228483e-08 4.00403545058e-10 6.8773232658e-08 -1.09276876499e-08 5.96657370878e-10 1.27114494983e-08 -7.78424578456e-08 0 7.66281547824e-08 -6.3900039643e-08 -5.45079987627e-09 8.64700286989e-08 -3.49808459243e-08 -1.63839136747e-08 3.27438916899e-08 -4.60179255259e-08 -9.47098806803e-09 4.58024148144e-08 -7.80325907973e-08 -5.56727787905e-09 9.08705625601e-08 -1.28502296876e-08 8.84551051534e-10 1.21030700067e-09 -7.78424578456e-08 0 7.66281547824e-08 -3.83176216372e-08 0 3.81178515208e-08 -7.31635533411e-08 6.12327278077e-09 6.28008585129e-08 -7.43639367436e-08 9.05806300235e-09 6.99877781247e-08 -8.36730482997e-08 7.49386894689e-10 8.46275095378e-08 -7.89827601216e-08 -2.99465583526e-09 6.54265844895e-08 -7.65816049692e-08 -6.43861018168e-09 8.2513709717e-08 -7.57731434327e-08 -8.62942659606e-09 7.05139007608e-08 -3.7459295168e-08 0 3.78320168596e-08 -5.96885954136e-08 -9.18382486683e-09 6.9038101831e-08 -4.100688064e-08 2.7998681815e-09 4.55177291728e-08 -6.68941123079e-08 0 6.62624901915e-08 -7.04898224801e-08 3.61888449894e-09 6.55363023342e-08 -7.764848074e-08 1.05732195843e-08 6.93235563141e-08 -7.57902251286e-08 -6.34132812676e-09 6.43167143045e-08 -6.79541115012e-08 0 6.95877898312e-08 -7.12959849707e-08 -3.76208216242e-09 6.96151015892e-08 -4.15733380274e-08 -3.92052012869e-09 4.24200301706e-08 -6.81711229776e-08 -1.64503473916e-08 7.32455902884e-08 -7.94409827713e-08 1.74411166716e-08 7.39520578692e-08 -7.26389592259e-08 -4.85528334932e-09 7.20906978892e-08 -4.15260717528e-08 -9.89927926061e-09 4.72943044065e-08 -7.18014081424e-08 4.65705109602e-09 6.97474318817e-08 -7.41174499757e-08 -3.57070403557e-10 7.10954479583e-08 -8.35880334889e-08 1.9165707454e-08 7.42300226397e-08 -7.86153941338e-08 -2.46357060666e-09 8.11012760475e-08 -6.26957025219e-08 0 6.24938868525e-08 -4.96646582219e-08 -1.09231434782e-09 5.03075793066e-08 -8.05692026659e-08 7.85153599334e-09 7.91490587533e-08 -7.5271048075e-08 1.93144216991e-08 7.14217238802e-08 -4.90180048368e-08 -3.66415560354e-09 5.41581435336e-08 -5.36043011257e-08 1.12290320363e-08 6.48769844498e-08 -6.57914884225e-08 -7.32382111903e-09 7.8006182884e-08 -6.53382481112e-08 -3.67874527779e-09 8.37326949718e-08 -8.13605634525e-08 2.00692189621e-09 7.28337563719e-08 -8.09704767506e-08 7.44643639577e-09 6.94004270897e-08 -7.2141823338e-08 -1.64490970518e-08 6.71589004929e-08 -6.71194195293e-08 0 6.61698587258e-08 -7.29912620328e-08 -2.61501110213e-09 7.25662954908e-08 -7.0052036592e-08 -1.34354068455e-08 7.55970458647e-08 -3.71826643482e-08 0 3.80246073402e-08 -7.76628210107e-08 2.8309926945e-08 6.67715761435e-08 -6.61877039285e-08 0 6.52803976806e-08 -6.39011628167e-08 0 6.32031600626e-08 -7.86325398242e-08 5.15977762616e-10 7.57637754713e-08 -6.71194195293e-08 0 6.61698587258e-08 -4.84550842218e-08 -2.01679263964e-09 4.90527499136e-08 -8.99486732201e-08 6.52466330845e-09 8.92065229685e-08 -6.90530642918e-08 8.39714257574e-09 6.17228924004e-08 -4.26298519721e-08 3.69788884015e-09 4.98222524784e-08 -4.85871492227e-08 -2.28831165787e-09 5.99165833581e-08 -8.02248178524e-08 9.97111183632e-09 7.07912632424e-08 -7.05110614049e-08 -4.53555056417e-09 7.55968652418e-08 -7.73220242633e-08 -1.75211936226e-09 7.38123718494e-08 -7.53307046117e-08 2.0113295946e-08 6.48150234198e-08 -6.9583132178e-08 7.12416033372e-09 6.96028762192e-08 -8.57543489975e-08 5.55146293715e-09 7.27686407367e-08 -4.73735026386e-08 -2.53445064255e-09 4.94252802831e-08 -7.62244470408e-08 1.08372724915e-08 7.16360956511e-08 -8.32852308516e-08 -8.59315748118e-10 7.43333864341e-08 -8.27017247106e-08 -1.31744171472e-09 8.68923214888e-08 -8.31427596181e-08 6.56379105125e-09 7.13042978726e-08 -8.14769851116e-08 3.36211382414e-09 7.62157862385e-08 -7.10598600274e-08 5.79682532307e-12 6.6000738487e-08 -2.81418348499e-08 4.22185686616e-09 3.16200034283e-08 -5.79471420722e-08 2.1619115055e-08 4.91356513063e-08 -7.49110754171e-08 2.37206194476e-09 7.34555805418e-08 -6.69050549845e-08 1.17509952147e-08 7.00613792607e-08 -7.9240250627e-08 -5.25343419801e-09 8.1347666275e-08 -8.44852852533e-08 -2.09424990577e-08 7.5086459164e-08 -6.55210155444e-08 -8.93583414968e-09 8.0777183518e-08 -7.1542846809e-08 2.16613982818e-09 7.66243445066e-08 -7.87392858635e-08 5.8590285691e-09 7.16024185605e-08 -6.1263767727e-08 -1.53809466567e-08 8.02384590647e-08 -6.9316788902e-08 2.0999203002e-08 6.24623089961e-08 -3.83176216372e-08 0 3.81178515208e-08 -7.05521372158e-08 5.05030947232e-09 7.45871321732e-08 -7.59732924853e-08 5.06667347882e-09 7.46346197158e-08 -8.16254395861e-08 5.54447671394e-09 6.64850083785e-08 -3.76189081126e-08 0 3.96602186376e-08 -7.71656208121e-08 -6.32711570501e-09 8.22617941895e-08 -7.38735642794e-08 3.31269140792e-09 6.68558344005e-08 -6.81452502854e-08 -8.14189439749e-09 7.41647370257e-08 -6.2671201676e-08 -7.04790131892e-09 8.68913987783e-08 -3.6879159644e-08 0 3.74866108528e-08 -4.30623729615e-08 1.14884333691e-08 4.04894881378e-08 -7.74062841422e-08 1.96294310512e-09 8.14350223099e-08 -7.51825240121e-08 2.30814432741e-08 8.17287503394e-08 -7.59028835288e-08 -8.75422242543e-10 7.36902150329e-08 -4.90389410781e-08 -1.24976103159e-09 5.02820729566e-08 -7.20047999386e-08 5.82300356785e-09 7.86898732675e-08 -5.16428764192e-08 1.53840798432e-08 4.70991683157e-08 -7.01321580797e-09 -2.87934317666e-09 1.60416936281e-08 -6.81687423074e-08 -2.1023966437e-08 7.67453905768e-08 -3.55880425823e-08 0 3.5474561107e-08 -7.75767801848e-08 -3.11641020975e-09 8.40016472926e-08 -3.1714176803e-08 -1.62549168024e-08 2.95801705594e-08 -3.62326098474e-08 0 3.48328798019e-08 -3.25325610705e-08 6.71206424371e-09 2.80929545407e-08 -8.72475774855e-08 -1.98615946939e-10 7.39179558476e-08 -6.79541115012e-08 0 6.95877898312e-08 -6.77472710472e-08 1.77858802377e-08 7.0772524232e-08 -8.31272322758e-08 3.57947814026e-09 7.59678315704e-08 -7.13816982303e-08 -1.42760485573e-08 7.19687210005e-08 -7.29594518009e-08 2.0398578591e-08 6.79338322707e-08 -3.62326098474e-08 0 3.48328798019e-08 -7.40563932906e-08 4.84225639226e-10 7.64988083089e-08 -6.89588535585e-08 -1.71762319167e-09 8.12425369895e-08 -3.46248508865e-08 -1.07460992082e-08 7.69744073631e-08 -4.02595088327e-08 2.1040034755e-08 3.88709201382e-08 -3.38650407958e-08 2.86796784962e-10 3.04039329727e-08 -2.78376088335e-08 3.06141795231e-09 3.44251097918e-08 -7.39342234762e-08 2.27571767287e-09 7.46822174478e-08 -6.78720741022e-08 -8.06337933952e-09 7.46543431431e-08 -7.464898258e-08 1.34309912848e-08 3.27040529926e-08 -6.8232855938e-08 -9.21122285633e-09 7.52685688744e-08 -6.64894142294e-08 2.16647348633e-10 7.0964538644e-08 -6.88493857772e-08 -4.91373285903e-09 7.91152188103e-08 -6.79856819038e-08 7.39625089822e-10 8.20645072711e-08 -8.60823079783e-08 4.69071061767e-09 7.92844633944e-08 -8.0900522012e-08 4.76370494693e-09 7.9270129174e-08 -8.8005729523e-08 3.56954160006e-09 7.86478353551e-08 -6.99208342585e-08 0 6.97159465357e-08 -7.45519878398e-08 4.89061726658e-10 6.45198472366e-08 -6.64923207569e-08 -3.42076999891e-09 8.12828653613e-08 -8.28721127837e-08 -2.75341297907e-09 7.94193470192e-08 -1.37154760371e-08 1.91098238075e-09 1.75722445564e-08 -8.65134178241e-08 1.62520436201e-08 6.98576413699e-08 -7.832747248e-08 -7.41915899786e-09 7.70375006769e-08 -7.57013091697e-08 1.00000300639e-08 7.54859064467e-08 -6.9130189084e-08 -2.93200366908e-08 7.75343631437e-08 -4.52397495685e-08 -2.66927918406e-09 5.2889337955e-08 -6.84480038943e-08 6.09968865545e-09 6.60024251907e-08 -7.42418719028e-08 8.31048682149e-09 7.29825237922e-08 -7.99183301197e-08 4.07907925846e-09 7.68210818694e-08 -5.22662281953e-08 -1.11393779777e-08 7.42116694885e-08 -3.20153342476e-08 4.08445452299e-09 4.01095112426e-08 -8.17947553254e-08 -3.9801200636e-09 7.86123838757e-08 -7.56250757033e-08 5.89046307129e-09 6.67811969196e-08 -6.66639770359e-08 -2.35143893071e-09 7.79990879752e-08 -7.43134825973e-08 4.57443980244e-09 7.52637298288e-08 -1.26461466967e-08 -2.36496525737e-09 2.34937268155e-08 -7.3649164142e-08 -2.68319195767e-09 7.18360225179e-08 -8.18534222535e-08 5.24659292742e-09 7.23205732736e-08 -7.22324557022e-08 -3.49619380813e-09 7.49398541261e-08 -6.99622343276e-08 -1.06964483568e-08 7.6630575257e-08 -3.76189081126e-08 0 3.96602186376e-08 -7.39490755403e-08 3.77233982591e-09 7.4079962597e-08 -7.35827586496e-08 -3.84261881334e-09 8.45110213786e-08 -7.37136161133e-08 -1.96754542254e-08 7.91179677212e-08 -7.27629365262e-08 -6.24411307503e-10 7.33709873115e-08 -8.66028246108e-08 -3.60542534901e-09 7.74048877758e-08 -1.41184989454e-08 6.06528299461e-10 2.05727971171e-08 -8.16704969254e-08 2.97272120643e-09 7.41640686749e-08 -8.54398099172e-08 8.02611709966e-09 7.69099243816e-08 -3.6879159644e-08 0 3.74866108528e-08 -9.24665558489e-08 1.37000524282e-09 7.60727572493e-08 -7.36850530896e-08 -3.14340250819e-09 7.55108881754e-08 -5.04983333995e-08 5.79521142698e-09 3.57923693647e-08 -7.44869246354e-08 2.56787169805e-09 7.30327206505e-08 -8.2116524221e-08 1.41603885454e-08 6.70592086502e-08 -6.91214683301e-08 -5.32034247205e-09 7.47824693993e-08 -6.25344758746e-08 -7.59642147198e-09 7.96265520613e-08 -4.6741491012e-08 -2.454395375e-09 4.06792962901e-08 -3.7459295168e-08 0 3.78320168596e-08 -8.015012363e-08 1.33464758706e-09 7.42087022982e-08 -8.54747182083e-08 4.08847985509e-09 8.04423365657e-08 -6.18746829972e-08 0 5.92297957359e-08 -6.65709702501e-08 -9.40954637865e-09 7.28945899177e-08 -8.51855325589e-08 -4.77507216201e-09 7.64789626644e-08 -7.73593280837e-08 -1.82441894678e-09 7.86730936656e-08 -7.61699863099e-08 2.17234690084e-09 7.26076498633e-08 -7.44369835663e-08 1.68706947197e-09 8.33043225794e-08 -7.83128155748e-08 5.6977318381e-09 8.1230338164e-08 -7.25777432532e-08 3.18364241285e-09 6.74737486614e-08 -7.72516507345e-08 1.72452006683e-08 7.47652107695e-08 -8.11966305256e-08 4.89393514144e-09 7.10876855437e-08 -8.03264359633e-08 -1.87854812067e-10 7.71289367667e-08 -3.94540351177e-08 6.10400947716e-09 3.9815907716e-08 -7.26745371708e-08 2.86226049649e-09 7.55185604873e-08 -6.73443375419e-08 -4.59932612017e-09 8.2367277161e-08 -7.51446630316e-08 1.59162884465e-08 7.36015463267e-08 -7.52482162487e-08 5.1391017188e-09 8.03617139042e-08 -6.50783068826e-08 -3.29647508549e-10 7.07667041864e-08 -7.66243862671e-08 1.14598943194e-09 8.00816345062e-08 -7.90540503595e-08 2.02010238975e-09 8.68066607817e-08 -7.49553439498e-08 -4.60698259991e-09 7.4827837402e-08 -5.08326822271e-08 -3.01849772595e-09 4.02993692429e-08 -7.41257693295e-08 5.49326953919e-09 8.06993057138e-08 -6.0709652797e-08 -1.32402511129e-09 6.25813407903e-08 -8.35162642974e-08 1.10693519887e-08 7.32665214482e-08 -4.56933270067e-08 -6.83093689369e-09 3.22265521495e-08 -6.66874002742e-08 -1.13989775251e-08 8.01120275823e-08 -7.79850414566e-08 2.22453837093e-09 7.89247671729e-08 -6.2633800958e-08 9.01323674518e-09 6.4421315392e-08 -7.42609361383e-08 -5.10690818513e-10 7.5726388515e-08 -6.14029348443e-08 2.49388625959e-09 7.31494235048e-08 -4.85233818616e-08 -5.00038036421e-09 5.0658766429e-08 -7.49180238788e-08 -1.44761802699e-09 7.61940538267e-08 -7.78586090822e-08 -6.90562376057e-09 7.88543603362e-08 -6.92237352147e-08 5.03851081675e-09 7.50400950379e-08 -8.22617504726e-08 1.61822874098e-09 7.65067702199e-08 -3.33061247616e-08 -1.14200420977e-08 7.5776822454e-08 -8.52282069621e-08 -4.08071164564e-09 8.55800928288e-08 -7.69339052234e-08 -2.67339615231e-09 7.51612801372e-08 -7.14713797225e-08 -2.15356270377e-09 8.39043814104e-08 -4.39893725826e-08 -4.33570586196e-09 4.09405371568e-08 -6.74257573255e-08 -5.05647598278e-09 8.4390051062e-08 -7.9457649827e-08 -1.19958866104e-09 8.70840553908e-08 -3.55880425823e-08 0 3.5474561107e-08 -7.56130722497e-08 1.41190321806e-08 3.35595089715e-08 -5.73289248611e-08 0 5.67244454067e-08 -7.24736142031e-08 -1.17838916376e-08 7.46449928962e-08 -7.03102984204e-08 1.04809762334e-08 7.39439959602e-08 -7.59977302331e-08 -4.11528191563e-09 8.50505916573e-08 -7.06621821985e-08 6.62263334879e-10 7.17323064261e-08 -5.18121863096e-08 1.16177821631e-08 4.39603545906e-08 -6.95263106996e-08 -2.42142426037e-08 7.24089874732e-08 -7.86212639711e-08 1.77250447383e-09 7.95959685064e-08 -7.51204942893e-08 -5.44222506264e-09 8.32435343058e-08 -7.62211886008e-08 1.46932282783e-09 7.74853141069e-08 -8.59286748919e-08 6.24506157457e-09 7.21819320546e-08 -7.39736965953e-08 2.10322139559e-09 7.42717070002e-08 -7.5981013972e-08 1.91471105467e-10 7.5269146875e-08 -6.54473492142e-08 8.27294171088e-11 7.23396213003e-08 -8.36837073941e-08 -1.24602922459e-09 8.3415736326e-08 -8.18031943879e-08 4.81152720309e-10 7.82846768061e-08 -3.05652819773e-09 0 3.99339538329e-09 -8.07967048058e-08 -4.27809470752e-09 7.29306419492e-08 -7.92232198571e-08 8.85784107361e-09 7.33603622419e-08 -7.41543492078e-08 8.70046920761e-10 8.02033195888e-08 -6.61877039285e-08 0 6.52803976806e-08 -8.12812078847e-08 -6.91903400289e-09 8.23889319398e-08 -6.931389482e-08 -1.04530762452e-08 7.60451336105e-08 -7.47934653086e-08 -9.3146292363e-09 7.41308024715e-08 -7.50458856847e-08 -1.04532189413e-09 8.44996816617e-08 -7.2136003535e-08 -4.59219197474e-09 7.47144830416e-08 -6.09455736453e-08 3.59543265467e-10 6.07200379995e-08 -6.68941123079e-08 0 6.62624901915e-08 -6.13035129795e-08 -1.27910155928e-08 7.03407256564e-08 -7.22909180916e-08 -8.3801024495e-10 8.07067174857e-08 -7.92663706646e-08 4.88970867357e-09 8.54190004863e-08 -8.06919439422e-08 -4.73809015952e-09 8.07609232798e-08 -7.36092599527e-08 -1.66741411023e-08 6.87374365147e-08 -6.26957025219e-08 0 6.24938868525e-08 -8.26434018896e-08 -7.21401121383e-09 8.20391140464e-08 -7.06362433367e-08 2.18559231853e-08 7.42051502145e-08 -7.44489340729e-08 1.99408928764e-08 7.49946466169e-08 -5.7713269333e-08 1.78764749993e-08 6.72986119011e-08 -9.14802792212e-08 -3.20997693747e-09 7.94432337038e-08 -6.71194195293e-08 0 6.61698587258e-08 -7.56200487696e-08 1.26913667899e-08 6.35649437435e-08 -6.89208190395e-08 7.96589357086e-09 7.28370460011e-08 -7.14799879064e-08 2.7705253399e-09 6.56615732416e-08 -6.8753636192e-08 0 6.9882495568e-08 -7.67770023249e-08 9.20983407055e-10 8.16651467975e-08 -7.30201167391e-08 -1.16114693333e-08 7.46504159106e-08 -8.63153621689e-08 9.50101034183e-10 8.0098048647e-08 -7.33637730961e-08 9.14028688175e-09 7.08764656416e-08 -7.34878684393e-08 2.77654902996e-09 6.56705802678e-08 -7.61964762032e-08 7.63854418992e-09 6.87686281434e-08 -8.14320751737e-08 1.89129785039e-10 8.12337360236e-08 -7.78424578456e-08 0 7.66281547824e-08 -7.3386831359e-08 2.48859037459e-09 7.44942315842e-08 -7.42021757609e-08 -1.31262279462e-10 7.41468466408e-08 -3.7459295168e-08 0 3.78320168596e-08 -8.31147280065e-08 -2.15785714896e-10 8.76363627476e-08 -8.11899778928e-08 7.12075894331e-10 7.45486839538e-08 -3.6879159644e-08 0 3.74866108528e-08 -7.06518842996e-08 -1.04507342677e-09 6.90116875218e-08 -6.85444781447e-08 1.60263378857e-09 7.1232859012e-08 -6.91269528422e-08 4.63939088803e-09 7.28743526549e-08 -6.66714798327e-08 2.75075626252e-08 5.83822493818e-08 -7.3809838633e-08 -5.23261073573e-09 7.79336862461e-08 -3.76189081126e-08 0 3.96602186376e-08 -6.24133232747e-08 0 6.28494558672e-08 -6.79541115012e-08 0 6.95877898312e-08 -7.63234269168e-08 -1.13796581499e-09 7.60291739854e-08 -7.46009094841e-08 -1.43648795577e-09 7.23836422677e-08 -7.33406763135e-08 0 7.44232418835e-08 -6.91177251361e-08 2.57981018475e-09 6.35679377007e-08 -7.96989797175e-08 1.81420548481e-09 8.06921741051e-08 -3.55880425823e-08 0 3.5474561107e-08 -7.06184592917e-08 3.16855949094e-09 7.42785414239e-08 -7.81292024189e-08 7.19779395288e-10 7.37769889353e-08 -7.42155865265e-08 -1.15725403864e-08 7.64758714105e-08 -7.11597100053e-08 1.09512677654e-09 7.05079660815e-08 -7.44645042404e-08 0 7.3412395805e-08 -7.23406238135e-08 0 7.10450086944e-08 -6.78466023816e-08 -7.45936378628e-09 7.09246409403e-08 -6.99208342585e-08 0 6.97159465357e-08 -7.05684425766e-08 0 7.08891401078e-08 -7.47432322814e-08 -5.94613568891e-09 7.15128528248e-08 -6.9276249299e-08 -2.97952902304e-09 6.92681748597e-08 -6.39011628167e-08 0 6.32031600626e-08 -7.05884909414e-08 -8.53938563823e-10 7.44350384199e-08 -7.71281168227e-08 -2.05827489503e-09 7.36424986674e-08 -7.51614653297e-08 8.50328253546e-09 6.90249115128e-08 -6.12898544912e-08 0 6.61296694801e-08 -5.73289248611e-08 0 5.67244454067e-08 -6.8753636192e-08 0 6.9882495568e-08 -6.67362954929e-08 0 6.26692855983e-08 -7.30384784016e-08 1.44400508997e-09 7.4517855534e-08 -7.374109202e-08 -1.99736836057e-09 7.41784740723e-08 -7.63108143785e-08 1.12360807015e-08 7.21484398464e-08 -7.14474417703e-08 -8.19756409153e-09 7.37381591719e-08 -6.77323068936e-08 0 6.78843353143e-08 -5.30535149248e-08 -3.72415920132e-09 3.79775426275e-08 -6.54466410161e-08 5.4583618913e-09 6.42005915306e-08 -3.2110896978e-08 3.33077569737e-09 3.28317409507e-08 -2.93658936528e-08 1.92897691442e-09 3.08749218802e-08 -3.51157901596e-08 3.38923104228e-09 3.52663869309e-08 -3.48008001314e-08 9.11909464229e-10 2.97847462356e-08 -2.55146262825e-08 3.75158690278e-09 2.50987079179e-08 -3.7973680372e-08 5.18968938477e-09 3.70482852167e-08 -3.7459295168e-08 0 3.78320168596e-08 -2.06002965665e-08 -4.62330811335e-09 3.65562120617e-08 -1.24922353318e-07 -1.17265055908e-09 8.91997624775e-09 -5.90945239196e-08 -1.91363638818e-09 8.72462043394e-09 -3.89381754512e-08 -1.61313026547e-09 4.29288797671e-08 -2.5252188513e-08 -1.23555687608e-09 3.52268284276e-08 -3.71916346801e-08 1.78298215755e-08 2.2510783653e-08 -3.88201665227e-08 -6.15550199908e-09 2.23201254525e-08 -3.39251440199e-08 2.05285757779e-08 3.85716753846e-08 -3.6890749124e-08 -4.13530584927e-10 4.85124526359e-08 -1.90179961603e-08 -1.19521421985e-09 7.38865280992e-10 -2.63473315116e-08 0 2.6679680691e-08 -3.10235420643e-08 -6.83141359431e-10 4.85248455223e-08 -5.30516991771e-08 2.18205679479e-09 4.03529927693e-08 -1.2929346846e-08 3.19644727644e-09 1.34328636528e-08 -7.20341730039e-08 1.59417625598e-08 4.55747607795e-08 -3.70439499359e-08 -6.15154408643e-09 4.51748916077e-08 -3.59565561363e-08 1.09429661189e-09 4.43533046381e-08 -4.00984292383e-08 2.08926830648e-09 4.36662437673e-08 -6.30205056068e-08 2.32842210908e-08 5.02995825736e-08 -5.72817144819e-08 1.9119577969e-09 5.01194437488e-08 -4.66680307619e-08 4.95856685814e-09 5.0958520821e-08 -4.38254014144e-08 -9.01288730752e-09 5.00396160714e-08 -7.68952267524e-08 7.53269685836e-09 6.61912409443e-08 -7.10488255901e-08 1.45272347142e-08 4.76462511075e-08 -4.12646238256e-08 1.66981985927e-08 5.62319962776e-08 -3.92339268198e-08 -2.66793911934e-08 5.37149963823e-08 -7.65825830065e-08 3.20834414549e-09 6.78029206558e-08 -6.42091119786e-08 -2.93294195217e-09 7.92522770277e-08 -7.75305569704e-08 7.04739130623e-09 6.3152366895e-08 -6.8345401818e-08 -1.78088251606e-09 7.1435723218e-08 -6.43832295161e-08 -3.64490917787e-09 7.26022020252e-08 -6.81336759801e-08 5.26230546929e-09 5.79332295287e-08 -5.89316698036e-08 -6.04728896106e-09 7.662951306e-08 -7.55666280856e-08 1.08211846668e-08 7.30659061549e-08 -4.13809643187e-08 4.29301550561e-09 4.45697745775e-08 -4.0696100737e-08 7.45741165687e-09 4.54640733162e-08 -6.9111365925e-08 8.20269789472e-09 6.23089747839e-08 -4.96231934638e-08 1.54876678439e-09 5.00603472311e-08 -4.41891099686e-08 5.42229398501e-09 3.06913696638e-08 -3.48362041784e-08 5.06267247708e-09 4.10542555013e-08 -4.35651723962e-08 -3.27321618109e-09 5.74969448672e-08 -4.3719496118e-08 -2.65335228935e-08 5.27432440339e-08 -5.0485165196e-08 2.89525327578e-09 5.09488322333e-08 -5.13035175762e-08 -5.02924172121e-10 4.87412001169e-08 -7.18198709868e-08 -2.69324577442e-09 6.43190512393e-08 -5.07846224174e-08 1.04957516561e-08 5.84569193665e-08 -2.73290566565e-08 -7.41343596329e-10 1.64206187082e-08 -1.11941712834e-08 1.5728152055e-09 2.60938197343e-08 -3.18778628405e-08 1.32507488143e-10 2.6620884715e-08 -2.95391452464e-08 1.88070253967e-09 3.74064522851e-08 -3.7459295168e-08 0 3.78320168596e-08 -4.17665517369e-08 -1.86037482602e-08 4.35236789588e-08 -3.7935026218e-08 -1.92575278432e-08 4.17956025946e-08 -4.88092103908e-08 8.46126555985e-09 4.72734871172e-08 -3.93674236536e-08 -9.78741322661e-09 5.75131330031e-08 -4.09371544807e-08 9.79221525636e-10 3.04758359887e-08 -6.97975094412e-08 -8.59627436742e-09 7.40462602644e-08 -7.62134308126e-08 7.64589939273e-09 5.59353993468e-08 -4.22411377787e-08 -1.55334727427e-09 5.65730122988e-08 -4.9030429857e-08 5.6153749963e-09 4.07883981721e-08 -6.54908251357e-08 -1.28386036816e-08 7.33465195072e-08 -4.43785872863e-08 -9.46935926476e-09 6.4220682978e-08 -5.87264949303e-08 1.37881185306e-08 4.60437095631e-08 -5.8972057816e-08 1.79996220756e-08 4.55477436487e-08 -1.68309799957e-08 -5.31842392566e-09 2.0848177825e-08 -1.62309968925e-08 -7.57726037705e-09 5.07157323722e-08 -7.29358711299e-08 1.5050601157e-08 4.99216311648e-08 -5.27658582075e-08 3.78190585631e-09 4.9994288447e-08 -6.84802281222e-08 1.54078866152e-08 5.24498644571e-08 -4.7529657552e-08 9.07838404964e-09 4.62228712875e-08 -5.78295016323e-08 -1.14465208252e-09 5.26376635531e-08 -5.29895074243e-08 9.42980723047e-09 4.37708632979e-08 -4.85495925012e-08 8.68515274151e-09 3.94576513248e-08 -2.16617682298e-08 -1.139424568e-08 4.33695003328e-08 -7.66179734302e-08 4.23615172059e-09 7.55657116965e-08 -8.66601958461e-08 9.19704214394e-09 6.94658497129e-08 -6.73897850899e-08 1.22676505249e-08 3.80379188664e-08 -6.52128004137e-08 -5.16931493586e-09 5.47244149384e-08 -6.99745135454e-08 -1.14611831445e-09 7.41912144928e-08 -4.45248794538e-08 -7.29856984778e-09 6.36941168758e-08 -6.57361194406e-08 -2.537551294e-09 6.93649703742e-08 -5.97200952223e-08 -2.11657323592e-09 7.26706795266e-08 -4.55100511353e-08 -7.51463800773e-09 6.23227887561e-08 -6.52515202822e-08 -7.08005172568e-10 6.72785837504e-08 -7.82980026035e-08 1.51830844822e-08 6.22869364189e-08 -7.42267367434e-08 3.78014936103e-09 6.41473844697e-08 -7.03799514414e-08 3.26140888365e-09 7.38017242385e-08 -6.07744756482e-08 6.01625199965e-09 4.23024893121e-08 -5.55028787633e-08 -4.25204571475e-09 4.48410172103e-08 -4.24509108915e-08 -1.72869858842e-08 4.87103705973e-08 -4.95791603357e-08 6.79541132681e-09 3.94766527543e-08 -3.73662011537e-08 -2.31833353315e-08 3.46866182273e-08 -6.75553826976e-08 -2.49367473376e-09 7.35423399017e-08 -4.94062738903e-08 -1.53374979944e-08 6.86035936462e-08 -4.40992383707e-08 3.31625813507e-09 2.15660470835e-08 -2.79968495292e-08 6.06075808966e-09 1.88828165621e-08 -6.85977013636e-08 2.67751852651e-09 6.520220202e-08 -6.78892961849e-08 1.15292065476e-08 4.60952401359e-08 -5.88729569718e-08 -9.14387483017e-09 7.25170750634e-08 -7.46207197915e-08 7.75854376083e-09 6.91785643456e-08 -6.1769859515e-08 -8.78841156934e-10 6.63663246042e-08 -2.94515304429e-08 -1.18392617742e-08 5.82063356413e-08 -6.62110334321e-08 -5.59848287207e-09 7.68196192377e-08 -4.59438780361e-08 -1.46842095883e-08 7.00444928207e-08 -7.83638638362e-08 -3.13592628958e-09 7.37916906987e-08 -7.43100766658e-08 5.71068004993e-09 7.49277486331e-08 -7.05888291158e-08 -3.13689319329e-09 7.22020205789e-08 -6.63411034072e-08 1.13529880653e-08 4.33460233555e-08</DataArray>
        <DataArray type="Float64" Name="ShellTopVonMises" format="ascii">0 0 0 0 0 0 0 0 0 0 0 0 0 0 0 0 0 0 0 0 0 0 0 0 0 0 0 0 0 0 0 0 0 0 0 0 0 0 0 0 0 0 0 0 0 0 0 0 0 0 0 0 0 0 0 0 0 0 0 0 0 0 0 0 0 0 0 0 0 0 0 0 0 0 0 0 0 0 0 0 0 0 0 0 0 0 0 0 0 0 0 0 0 0 0 0 0 0 0 0 0 0 0 0 0 0 0 0 0 0 0 0 0 0 0 0 0 0 0 0 0 0 0 0 0 0 0 0 0 0 0 0 0 0 0 0 0 0 0 0 0 0 0 0 0 0 0 0 0 0 0 0 0 0 0 0 0 0 0 0 0 0 0 0 0 0 0 0 0 0 0 0 0 0 0 0 0 0 0 0 0 0 0 0 0 0 0 0 0 0 0 0 0 0 0 0 0 0 0 0 0 0 0 0 0 0 0 0 0 0 0 0 0 0 0 0 0 0 0 0 0 0 0 0 0 0 0 0 0 0 0 0 0 0 0 0 0 0 0 0 0 0 0 0 0 0 0 0 0 0 0 0 0 0 0 0 0 0 0 0 0 0 0 0 0 0 0 0 0 0 0 0 0 0 0 0 0 0 0 0 0 0 0 0 0 0 0 0 0 0 0 0 0 0 0 0 0 0 0 0 0 0 0 0 0 0 0 0 0 0 0 0 0 0 0 0 0 0 0 0 0 0 0 0 0 0 0 0 0 0 0 0 0 0 0 0 0 0 0 0 0 0 0 0 0 0 0 0 0 0 0 0 0 0 0 0 0 0 0 0 0 0 0 0 0 0 0 0 0 0 0 0 0 0 0 0 0 0 0 0 0 0 0 0 0 0 0 0 0 0 0 0 0 0 0 0 0 0 0 0 0 0 0 0 0 0 0 0 0 0 0 0 0 0 0 0 0 0 0 0 0 0 0 0 0 0 0 0 0 0 0 0 0 0 0 0 0 0 0 0 0 0 0 0 0 0 0 0 0 0 0 0 0 0 0 0 0 0 0 0 0 0 0 0 0 0 0 0 0 0 0 0 0 0 0 0 0 0 0 0 0 0 0 0 0 0 0 0 0 0 0 0 0 0 0 0 0 0 0 0 0 0 0 0 0 0 0 0 0 0 0 0 0 0 0 0 0 0 0 0 0 0 0 0 0 0 0 0 0 0 0 0 0 0 0 0 0 0 0 0 0 0 0 0 0 0 0 0 0 0 0 0 0 0 0 0 0 0 0 0 0 0 0 0 0 0 0 0 0 0 0 0 0 0 0 0 0 0 0 0 0 0 0 0 0 0 0 0 0 0 0 0 0 0 0 0 0 0 0 0 0 0 0 0 0 0 0 0 0 0 0 0 0 0 0 0 0 0 0 0 0 0 0 0 0 0 0 0 0 0 0 0 0 0 0 0 0 0 0 0 0 0 0 0 0 0 0 0 0 0 0 0 0 0 0 0 0 0 0 0 0 0 0 0 0 0 0 0 0 0 0 0 0 0 0 0 0 0 0 0 0 0 0 0 0 0 0 0 0 0 0 0 0 0 0 0 0 0 0 0 0 0 0 0 0 0 0 0 0 0 0 0 0 0 0 0 0 0 0 0 0 0 0 0 0 0 0 0 0 0 0 0 0 0 0 0 0 0 0 0 0 0 0 0 0 0 0 0 0 0 0 0 0 0 0 0 0 0 0 0 0 0 0 0 0 0 0 0 0 0 0 0 0 0 0 0 0 0 0 0 0 0 0 0 0 0 0 0 0 0 0 0 0 0 0 0 0 0 0 0 0 0 0 0 0 0 0 0 0 0 0 0 0 0 0 0 0 0 0 0 0 0 0 0 0 0 0 0 0 0 0 0 0 0 0 0 0 0 0 0 0 0 0 0 0 0 0 0 0 0 0 0 0 0 0 0 0 0 0 0 0 0 0 0 0 0 0 0 0 0 0 0 0 0 0 0 0 0 0 0 0 0 0 0 0 0 0 0 0 0 0 0 0 0 0 0 0 0 0 0 0 0 0 0 0 0 0 0 0 0 0 0 0 0 0 0 0 0 0 0 0 0 0 0 0 0 0 0 0 0 0 0 0 0 0 0 0 0 0 0 0 0 0 0 0 0 0 0 0 0 0 0 0 0 0 0 0 0 0 0 0 0 0 0 0 0 0 0 0 0 0 0 0 0 0 0 0 0 0 0 0 0 0 0 0 0 0 0 0 0 0 0 0 0 0 0 0 0 0 0 0 0 0 0 0 0 0 0 0 0 0 0 0 0 0 0 0 0 0 0 0 0 0 0 0 0 0 0 0 0 0 0 0 0 0 0 0 0 0 0 0 0 0 0 0 0 0 0 0 0 0 0 0 0 0 0 0 0 0 0 0 0 0 0 0 0 0 0 0 0 0 0 0 0 0 0 0 0 0 0 0 0 0 0 0 0 0 0 0 0 0 0 0 0 0 0 0 0 0 0 0 0 0 0 0 0 0 0 0 0 0 0 0 0 0 0 0 0 0 0 0 0 0 0 0 0 0 0 0 0 0 0 0 0 0 0 0 0 0 0 0 0 0 0 0 0 0 0 0 0 0 0 0 0 0 0 0 0 0 0 0 0 0 0 0 0 0 0 0 0 0 0 0 0 0 0 0 0 0 0 0 0 0 0 0 0 0 0 0 0 0 0 0 0 0 0 0 0 0 0 0 0 0 0 0 0 0 0 0 0 0 0 0 0 0 0 0 0 0 0 0 0 0 0 0 0 0 0 0 0 0 0 0 0 0 0 0 0 0 0 0 0 0 0 0 0 0 0 0 0 0 0 0 0 0 0 0 0 0 0 0 0 0 0 0 0 0 0 0 0 0 0 0 0 0 0 0 0 0 0 0 0 0 0 0 0 0 0 0 0 0 0 0 0 0 0 0 0 0 0 0 0 0 0 0 0 0 0 0 0 0 0 0 0 0 0 0 0 0 0 0 0 0 0 0 0 0 0 0 0 0 0 0 0 0 0 0 0 0 0 0 0 0 0 0 0 0 0 0 0 0 0 0 0 0 0 0 0 0 0 0 0 0 0 0 0 0 0 0 0 0 0 0 0 0 0 0 0 0 0 0 0 0 0 0 0 0 0 0 0 0 0 0 0 0 0 0 0 0 0 0 0 0 0 0 0 0 0 0 0 0 0 0 0 0 0 0 0 0 0 0 0 0 0 0 0 0 0 0 0 0 0 0 0 0 0 0 0 0 0 0 0 0 0 0 0 0 0 0 0 0 0 0 0 0 0 0 0 0 0 0 0 0 0 0 0 0 0 0 0 0 0 0 0 0 0 0 0 0 0 0 0 0 0 0 0 0 0 0 0 0 0 0 0 0 0 0 0 0 0 0 0 0 0 0 0 0 0 0 0 0 0 0 0 0 0 0 0 0 0 0 0 0 0 0 0 0 0 0 0 0 0 0 0 0 0 0 0 0 0 0 0 0 0 0 0 0 0 0 0 0 0 0 0 0 0 0 0 0 0 0 0 0 0 0 0 0 0 0 0 0 0 0 0 0 0 0 0 0 0 0 0 0 0 0 0 0 0 0 0 0 0 0 0 0 0 0 0 0 0 0 0 0 0 0 0 0 0 0 0 0 0 0 0 0 0 0 0 0 0 0 0 0 0 0 0 0 0 0 0 0 0 0 0 0 0 0 0 0 0 0 0 0 0 0 0 0 0 0 0 0 0 0 0 0 0 0 0 0 0 0 0 0 0 0 0 0 0 0 0 0 0 0 0 0 0 0 0 0 0 0 0 0 0 0 0 0 0 0 0 0 0 0 0 0 0 0 0 0 0 0 0 0 0 0 0 0 0 0 0 0 0 0 0 0 0 0 0 0 0 0 0 0 0 0 0 0 0 0 0 0 0 0 0 0 0 0 0 0 0 0 0 0 0 0 0 0 0 0 0 0 0 0 0 0 0 0 0 0 0 0 0 0 0 0 0 0 0 0 0 0 0 0 0 0 0 0 0 0 0 0 0 0 0 0 0 0 0 0 0 0 0 0 0 0 0 0 0 0 0 0 0 0 0 0 0 0 0 0 0 0 0 0 0 0 0 0 0 0 0 0 0 0 0 0 0 0 0 0 0 0 0 0 0 0 0 0 0 0 0 0 0 0 0 0 0 0 0 0 0 0 0 0 0 0 0 0 0 0 0 0 0 0 0 0 0 0 0 0 0 0 0 0 0 0 0 0 0 0 0 0 0 0 0 0 0 0 0 0 0 0 0 0 0 0 0 0 0 0 0 0 0 0 0 0 0 0 0 0 0 0 0 0 0 0 0 0 0 0 0 0 0 0 0 0 0 0 0 0 0 0 0 0 0 0 0 0 0 0 0 0 0 0 0 0 0 0 0 0 0 0 0 0 0 0 0 0 0 0 0 0 0 0 0 0 0 0 0 0 0 0 0 0 0 0 0 0 0 0 0 0 0 0 0 0 0 0 0 0 0 0 0 0 0 0 0 0 0 0 0 0 0 0 0 0 0 0 0 0 0 0 0 0 0 0 0 0 0 0 0 0 0 0 0 0 0 0 0 0 0 0 0 0 0 0 0 0 0 0 0 0 0 0 0 0 0 0 0 0 0 0 0 0 0 0 0 0 0 0 0 0 0 0 0 0 0 0 0 0 0 0 0 0 0 0 0 0 0 0 0 0 0 0 0 0 0 0 0 0 0 0 0 0 0 0 0 0 0 0 0 0 0 0 0 0 0 0 0 0 0 0 0 0 0 0 0 0 0 0 0 0 0 0 0 0 0 0 0 0 0 0 0 0 0 0 0 0 0 0 0 0 0 0 0 0 0 0 0 0 0 0 0 0 0 0 0 0 0 0 0 0 0 0 0 0 0 0 0 0 0 0 0 0 0 0 0 0 0 0 0 0 0 0 0 0 0 0 0 0 0 0 0 0 0 0 0 0 0 0 0 0 0 0 0 0 0 0 0 0 0 0 0 0 0 0 0 0 0 0 0 0 0 0 0 0 0 0 0 0 0 0 0 0 0 0 0 0 0 0 0 0 0 0 0 0 0 0 0 0 0 0 0 0 0 0 0 0</DataArray>
        <DataArray type="Float64" Name="ShellBottomVonMises" format="ascii">0 0 0 0 0 0 0 0 0 0 0 0 0 0 0 0 0 0 0 0 0 0 0 0 0 0 0 0 0 0 0 0 0 0 0 0 0 0 0 0 0 0 0 0 0 0 0 0 0 0 0 0 0 0 0 0 0 0 0 0 0 0 0 0 0 0 0 0 0 0 0 0 0 0 0 0 0 0 0 0 0 0 0 0 0 0 0 0 0 0 0 0 0 0 0 0 0 0 0 0 0 0 0 0 0 0 0 0 0 0 0 0 0 0 0 0 0 0 0 0 0 0 0 0 0 0 0 0 0 0 0 0 0 0 0 0 0 0 0 0 0 0 0 0 0 0 0 0 0 0 0 0 0 0 0 0 0 0 0 0 0 0 0 0 0 0 0 0 0 0 0 0 0 0 0 0 0 0 0 0 0 0 0 0 0 0 0 0 0 0 0 0 0 0 0 0 0 0 0 0 0 0 0 0 0 0 0 0 0 0 0 0 0 0 0 0 0 0 0 0 0 0 0 0 0 0 0 0 0 0 0 0 0 0 0 0 0 0 0 0 0 0 0 0 0 0 0 0 0 0 0 0 0 0 0 0 0 0 0 0 0 0 0 0 0 0 0 0 0 0 0 0 0 0 0 0 0 0 0 0 0 0 0 0 0 0 0 0 0 0 0 0 0 0 0 0 0 0 0 0 0 0 0 0 0 0 0 0 0 0 0 0 0 0 0 0 0 0 0 0 0 0 0 0 0 0 0 0 0 0 0 0 0 0 0 0 0 0 0 0 0 0 0 0 0 0 0 0 0 0 0 0 0 0 0 0 0 0 0 0 0 0 0 0 0 0 0 0 0 0 0 0 0 0 0 0 0 0 0 0 0 0 0 0 0 0 0 0 0 0 0 0 0 0 0 0 0 0 0 0 0 0 0 0 0 0 0 0 0 0 0 0 0 0 0 0 0 0 0 0 0 0 0 0 0 0 0 0 0 0 0 0 0 0 0 0 0 0 0 0 0 0 0 0 0 0 0 0 0 0 0 0 0 0 0 0 0 0 0 0 0 0 0 0 0 0 0 0 0 0 0 0 0 0 0 0 0 0 0 0 0 0 0 0 0 0 0 0 0 0 0 0 0 0 0 0 0 0 0 0 0 0 0 0 0 0 0 0 0 0 0 0 0 0 0 0 0 0 0 0 0 0 0 0 0 0 0 0 0 0 0 0 0 0 0 0 0 0 0 0 0 0 0 0 0 0 0 0 0 0 0 0 0 0 0 0 0 0 0 0 0 0 0 0 0 0 0 0 0 0 0 0 0 0 0 0 0 0 0 0 0 0 0 0 0 0 0 0 0 0 0 0 0 0 0 0 0 0 0 0 0 0 0 0 0 0 0 0 0 0 0 0 0 0 0 0 0 0 0 0 0 0 0 0 0 0 0 0 0 0 0 0 0 0 0 0 0 0 0 0 0 0 0 0 0 0 0 0 0 0 0 0 0 0 0 0 0 0 0 0 0 0 0 0 0 0 0 0 0 0 0 0 0 0 0 0 0 0 0 0 0 0 0 0 0 0 0 0 0 0 0 0 0 0 0 0 0 0 0 0 0 0 0 0 0 0 0 0 0 0 0 0 0 0 0 0 0 0 0 0 0 0 0 0 0 0 0 0 0 0 0 0 0 0 0 0 0 0 0 0 0 0 0 0 0 0 0 0 0 0 0 0 0 0 0 0 0 0 0 0 0 0 0 0 0 0 0 0 0 0 0 0 0 0 0 0 0 0 0 0 0 0 0 0 0 0 0 0 0 0 0 0 0 0 0 0 0 0 0 0 0 0 0 0 0 0 0 0 0 0 0 0 0 0 0 0 0 0 0 0 0 0 0 0 0 0 0 0 0 0 0 0 0 0 0 0 0 0 0 0 0 0 0 0 0 0 0 0 0 0 0 0 0 0 0 0 0 0 0 0 0 0 0 0 0 0 0 0 0 0 0 0 0 0 0 0 0 0 0 0 0 0 0 0 0 0 0 0 0 0 0 0 0 0 0 0 0 0 0 0 0 0 0 0 0 0 0 0 0 0 0 0 0 0 0 0 0 0 0 0 0 0 0 0 0 0 0 0 0 0 0 0 0 0 0 0 0 0 0 0 0 0 0 0 0 0 0 0 0 0 0 0 0 0 0 0 0 0 0 0 0 0 0 0 0 0 0 0 0 0 0 0 0 0 0 0 0 0 0 0 0 0 0 0 0 0 0 0 0 0 0 0 0 0 0 0 0 0 0 0 0 0 0 0 0 0 0 0 0 0 0 0 0 0 0 0 0 0 0 0 0 0 0 0 0 0 0 0 0 0 0 0 0 0 0 0 0 0 0 0 0 0 0 0 0 0 0 0 0 0 0 0 0 0 0 0 0 0 0 0 0 0 0 0 0 0 0 0 0 0 0 0 0 0 0 0 0 0 0 0 0 0 0 0 0 0 0 0 0 0 0 0 0 0 0 0 0 0 0 0 0 0 0 0 0 0 0 0 0 0 0 0 0 0 0 0 0 0 0 0 0 0 0 0 0 0 0 0 0 0 0 0 0 0 0 0 0 0 0 0 0 0 0 0 0 0 0 0 0 0 0 0 0 0 0 0 0 0 0 0 0 0 0 0 0 0 0 0 0 0 0 0 0 0 0 0 0 0 0 0 0 0 0 0 0 0 0 0 0 0 0 0 0 0 0 0 0 0 0 0 0 0 0 0 0 0 0 0 0 0 0 0 0 0 0 0 0 0 0 0 0 0 0 0 0 0 0 0 0 0 0 0 0 0 0 0 0 0 0 0 0 0 0 0 0 0 0 0 0 0 0 0 0 0 0 0 0 0 0 0 0 0 0 0 0 0 0 0 0 0 0 0 0 0 0 0 0 0 0 0 0 0 0 0 0 0 0 0 0 0 0 0 0 0 0 0 0 0 0 0 0 0 0 0 0 0 0 0 0 0 0 0 0 0 0 0 0 0 0 0 0 0 0 0 0 0 0 0 0 0 0 0 0 0 0 0 0 0 0 0 0 0 0 0 0 0 0 0 0 0 0 0 0 0 0 0 0 0 0 0 0 0 0 0 0 0 0 0 0 0 0 0 0 0 0 0 0 0 0 0 0 0 0 0 0 0 0 0 0 0 0 0 0 0 0 0 0 0 0 0 0 0 0 0 0 0 0 0 0 0 0 0 0 0 0 0 0 0 0 0 0 0 0 0 0 0 0 0 0 0 0 0 0 0 0 0 0 0 0 0 0 0 0 0 0 0 0 0 0 0 0 0 0 0 0 0 0 0 0 0 0 0 0 0 0 0 0 0 0 0 0 0 0 0 0 0 0 0 0 0 0 0 0 0 0 0 0 0 0 0 0 0 0 0 0 0 0 0 0 0 0 0 0 0 0 0 0 0 0 0 0 0 0 0 0 0 0 0 0 0 0 0 0 0 0 0 0 0 0 0 0 0 0 0 0 0 0 0 0 0 0 0 0 0 0 0 0 0 0 0 0 0 0 0 0 0 0 0 0 0 0 0 0 0 0 0 0 0 0 0 0 0 0 0 0 0 0 0 0 0 0 0 0 0 0 0 0 0 0 0 0 0 0 0 0 0 0 0 0 0 0 0 0 0 0 0 0 0 0 0 0 0 0 0 0 0 0 0 0 0 0 0 0 0 0 0 0 0 0 0 0 0 0 0 0 0 0 0 0 0 0 0 0 0 0 0 0 0 0 0 0 0 0 0 0 0 0 0 0 0 0 0 0 0 0 0 0 0 0 0 0 0 0 0 0 0 0 0 0 0 0 0 0 0 0 0 0 0 0 0 0 0 0 0 0 0 0 0 0 0 0 0 0 0 0 0 0 0 0 0 0 0 0 0 0 0 0 0 0 0 0 0 0 0 0 0 0 0 0 0 0 0 0 0 0 0 0 0 0 0 0 0 0 0 0 0 0 0 0 0 0 0 0 0 0 0 0 0 0 0 0 0 0 0 0 0 0 0 0 0 0 0 0 0 0 0 0 0 0 0 0 0 0 0 0 0 0 0 0 0 0 0 0 0 0 0 0 0 0 0 0 0 0 0 0 0 0 0 0 0 0 0 0 0 0 0 0 0 0 0 0 0 0 0 0 0 0 0 0 0 0 0 0 0 0 0 0 0 0 0 0 0 0 0 0 0 0 0 0 0 0 0 0 0 0 0 0 0 0 0 0 0 0 0 0 0 0 0 0 0 0 0 0 0 0 0 0 0 0 0 0 0 0 0 0 0 0 0 0 0 0 0 0 0 0 0 0 0 0 0 0 0 0 0 0 0 0 0 0 0 0 0 0 0 0 0 0 0 0 0 0 0 0 0 0 0 0 0 0 0 0 0 0 0 0 0 0 0 0 0 0 0 0 0 0 0 0 0 0 0 0 0 0 0 0 0 0 0 0 0 0 0 0 0 0 0 0 0 0 0 0 0 0 0 0 0 0 0 0 0 0 0 0 0 0 0 0 0 0 0 0 0 0 0 0 0 0 0 0 0 0 0 0 0 0 0 0 0 0 0 0 0 0 0 0 0 0 0 0 0 0 0 0 0 0 0 0 0 0 0 0 0 0 0 0 0 0 0 0 0 0 0 0 0 0 0 0 0 0 0 0 0 0 0 0 0 0 0 0 0 0 0 0 0 0 0 0 0 0 0 0 0 0 0 0 0 0 0 0 0 0 0 0 0 0 0 0 0 0 0 0 0 0 0 0 0 0 0 0 0 0 0 0 0 0 0 0 0 0 0 0 0 0 0 0 0 0 0 0 0 0 0 0 0 0 0 0 0 0 0 0 0 0 0 0 0 0 0 0 0 0 0 0 0 0 0 0 0 0 0 0 0 0 0 0 0 0 0 0 0 0 0 0 0 0 0 0 0 0 0 0 0 0 0 0 0 0 0 0 0 0 0 0 0 0 0 0 0 0 0 0 0 0 0 0 0 0 0 0 0 0 0 0 0 0 0 0 0 0 0 0 0 0 0 0 0 0 0 0 0 0 0 0 0 0 0 0 0 0 0 0 0 0 0 0 0 0 0 0 0 0 0 0 0 0 0 0 0 0 0 0 0 0 0 0 0 0</DataArray>
      </CellData>
    </Piece>
  </UnstructuredGrid>
</VTKFile>
