<?xml version="1.0"?>
<VTKFile type="UnstructuredGrid" version="0.1" byte_order="LittleEndian">
  <UnstructuredGrid>
    <Piece NumberOfPoints="892" NumberOfCells="3508">
      <Points>
        <DataArray type="Float64" NumberOfComponents="3" format="ascii">3 1.22460635382e-16 0.5 0 1.22460635382e-16 0.5 3 -0.147377587205 0.477786402893 3 -0.281660029032 0.413119387158 3 -0.390915741234 0.311744900929 3 -0.465436874322 0.182670512183 3 -0.498601898591 0.0373650467932 3 -0.487463956091 -0.111260466978 3 -0.433012701892 -0.25 3 -0.340086368885 -0.366525935915 3 -0.216941869559 -0.450484433951 3 -0.0745211330881 -0.494415413113 3 0.0745211330881 -0.494415413113 3 0.216941869559 -0.450484433951 3 0.340086368885 -0.366525935915 3 0.433012701892 -0.25 3 0.487463956091 -0.111260466978 3 0.498601898591 0.0373650467932 3 0.465436874322 0.182670512183 3 0.390915741234 0.311744900929 3 0.281660029032 0.413119387158 3 0.147377587205 0.477786402893 0.15 1.22460635382e-16 0.5 0.3 1.22460635382e-16 0.5 0.45 1.22460635382e-16 0.5 0.6 1.22460635382e-16 0.5 0.75 1.22460635382e-16 0.5 0.9 1.22460635382e-16 0.5 1.05 1.22460635382e-16 0.5 1.2 1.22460635382e-16 0.5 1.35 1.22460635382e-16 0.5 1.5 1.22460635382e-16 0.5 1.65 1.22460635382e-16 0.5 1.8 1.22460635382e-16 0.5 1.95 1.22460635382e-16 0.5 2.1 1.22460635382e-16 0.5 2.25 1.22460635382e-16 0.5 2.4 1.22460635382e-16 0.5 2.55 1.22460635382e-16 0.5 2.7 1.22460635382e-16 0.5 2.85 1.22460635382e-16 0.5 0 -0.147377587205 0.477786402893 0 -0.281660029032 0.413119387158 0 -0.390915741234 0.311744900929 0 -0.465436874322 0.182670512183 0 -0.498601898591 0.0373650467932 0 -0.487463956091 -0.111260466978 0 -0.433012701892 -0.25 0 -0.340086368885 -0.366525935915 0 -0.216941869559 -0.450484433951 0 -0.0745211330881 -0.494415413113 0 0.0745211330881 -0.494415413113 0 0.216941869559 -0.450484433951 0 0.340086368885 -0.366525935915 0 0.433012701892 -0.25 0 0.487463956091 -0.111260466978 0 0.498601898591 0.0373650467932 0 0.465436874322 0.182670512183 0 0.390915741234 0.311744900929 0 0.281660029032 0.413119387158 0 0.147377587205 0.477786402893 1.42753306736 -0.135486378206 0.481293508496 1.57692698534 0.12931183015 0.482989079155 0.976473783378 0.130186370064 0.482754087553 2.02795450399 -0.142953735603 0.479128614755 2.86218399595 -0.155522375776 -0.475197633236 0.16028079101 0.00388896749115 -0.499984875703 2.86607154397 0.391450752657 -0.311072834308 0.128953519609 -0.465436874322 -0.182670512183 0.978452616761 -0.135912914071 0.481173232619 2.02592257675 0.129761413326 0.48286848687 0.12859989901 0.464641879315 -0.184683307276 2.84483604344 -0.499083657835 -0.0302572715517 2.86208810938 0.489608845455 0.101406007967 0.528687247995 -0.140366567918 0.479892932445 0.527826497888 0.130019151213 0.482799151115 2.47629853576 -0.131434468416 0.482415775563 2.47510718056 0.128744198651 0.483140695154 1.275 0.128803083717 0.483125 1.72441341408 -0.136260277377 0.481074980444 0.142580097002 -0.436331631709 0.244161231916 0.13304441035 0.432761564806 0.25043447851 0.118067680843 -0.282723420549 -0.412392370774 2.87291501425 0.152389062132 -0.476211690052 2.87104648039 -0.390915741234 -0.311744900929 0.114097012884 0.284801025029 -0.410960309692 2.85240335983 -0.438482477352 0.240277167154 2.86174808693 0.331125027266 0.374641450347 0.234663573634 -0.13029992781 0.48272344962 2.775 -0.128803083717 0.483125 0.234641994184 0.124234997977 0.484319796496 2.77067934147 0.12239054947 0.484789184492 2.62478801725 0.128349656331 0.483245657735 2.5501072646 0.248699305532 0.433761057989 2.40032105247 0.248800351664 0.433703106989 2.47533224602 0.351918149722 0.355181102955 2.32564645946 0.352038582305 0.355061736278 2.4006008111 0.431420687662 0.252737393863 2.25099037025 0.43150610877 0.252591524193 2.32592211081 0.481888779943 0.133353679232 2.17637019894 0.481936560926 0.133180896687 2.2512685956 0.499974619067 0.00503788536017 2.10177037519 0.499976323258 0.00486581763913 2.17664988852 0.484491982984 -0.12356180002 2.02719643506 0.484448460861 -0.1237323271 2.10204331986 0.436503818933 -0.243853267472 1.9526340416 0.436424439506 -0.243995304466 2.02745582316 0.359259004675 -0.347754176912 1.87808407979 0.359151775604 -0.347864919301 1.95290662032 0.25795676248 -0.428320334202 1.80354562092 0.25781846717 -0.428403592406 1.72873037747 0.359024459665 -0.34799631803 1.65417291078 0.257679306482 -0.42848731021 1.57937194305 0.358908261118 -0.34811615892 1.50482144437 0.257545107619 -0.428567984737 1.43001792527 0.35876344824 -0.348265399095 1.3555073031 0.257405087587 -0.428652097725 1.28069627485 0.358612098504 -0.348421243335 1.20617373296 0.257262181242 -0.428737880415 1.13138988116 0.358510465575 -0.348525818374 1.0569065158 0.257119633471 -0.428823383322 0.982108082194 0.358410266098 -0.348628858753 0.907647117798 0.25697835329 -0.42890806234 0.982432838009 0.138519250795 -0.480429409132 1.43032078677 0.139021859355 -0.480284210256 1.87836228378 0.139380616475 -0.480180220075 2.02774838636 0.139502469932 -0.480144833236 1.953180761 0.0115946592971 -0.499865545798 2.10257210429 0.0117530602433 -0.499861846489 2.02802053986 -0.116977846846 -0.486123629695 1.87859281181 -0.117124653972 -0.486088279464 1.95346412031 -0.237887903835 -0.439783293463 1.80380081456 -0.238001455282 -0.439721852179 1.87887474631 -0.342893143733 -0.363901486643 1.7292063349 -0.34296474227 -0.363834008251 2.02858461244 -0.342814874186 -0.363975221735 1.80429897769 -0.424897441 -0.263556757895 1.65469666444 -0.424961994106 -0.26345265906 0.832866085233 0.358257082633 -0.348786270864 0.833168262276 0.138362921135 -0.480474455153 0.907920567788 0.0106718930658 -0.499886097725 1.05674489185 0.435798836989 -0.245110941574 1.50448624234 0.435980587905 -0.244787513918 1.95229412001 0.499978174292 0.00467174829336 0.758673221927 0.0105152724419 -0.499889416817 0.833424181648 -0.117901736389 -0.485900381309 0.982691490619 -0.117744722437 -0.485938453241 0.908009038754 -0.238395312557 -0.439508446962 0.758879874176 -0.238619231403 -0.439386916515 0.833669537984 -0.343271674828 -0.363544436432 0.982565230421 -0.343066621355 -0.363737945934 0.908182518001 -0.424961776321 -0.263453010357 1.72957854678 -0.478363218552 -0.145494436789 1.57983579987 -0.478401095097 -0.145369846289 0.758993531302 -0.425087116518 -0.263250723399 0.833885469162 -0.478393583955 -0.145394562591 2.25140805018 0.43653103965 -0.243804535278 1.57943367142 -0.343078683326 -0.36372656907 0.982803288483 -0.478312861037 -0.145659901712 0.684462667437 -0.478433675195 -0.145262584444 0.759310037563 -0.499687891992 -0.017663821689 1.87927294005 -0.478313635908 -0.145657357193 1.80447902215 -0.499684373044 -0.0177630891243 1.95418908005 -0.499676858987 -0.017973218779 0.683933713008 0.13819975578 -0.480521412116 2.40078113446 0.499973232308 0.0051736810629 0.609725187213 -0.499695382754 -0.0174506290385 0.684575969159 -0.487452295889 0.111311541328 0.834191796236 -0.487486516258 0.111161578194 1.87949456212 -0.487499399627 0.111105064528 2.02910604072 -0.487542537898 0.110915615401 1.72977080781 -0.487456366013 0.111293716053 0.60981161529 -0.425047713002 -0.263314340041 0.609454638138 0.0103654065464 -0.499892546801 2.10382571592 -0.49967040122 -0.0181518634005 2.17874392285 -0.487583785731 0.110734149622 2.25341165924 -0.499664562736 -0.0183118744361 2.3283725887 -0.487624783627 0.110553473003 2.17741984603 -0.11680550515 -0.486165068641 2.25193899649 0.0118785746884 -0.499858879548 2.32674772145 -0.116626695587 -0.48620799446 2.40293477759 -0.499658611037 -0.0184735599262 2.40124806487 0.0120451703861 -0.499854892814 2.32801786744 -0.478191466269 -0.146057939146 2.25369871047 -0.442814742599 0.232196261247 2.40334110002 -0.442896773831 0.232039754633 0.759524925819 -0.442550651521 0.232699206786 0.60990086385 -0.442496006855 0.232803101176 0.909138070082 -0.442608535516 0.232589088927 0.534701877856 0.138034281586 -0.480568972268 2.47746748303 -0.47815284133 -0.146184336809 2.10141337767 0.431601822642 0.252427943565 2.47602962619 -0.116457155906 -0.48624863068 1.80463775164 -0.442560323508 0.232680811535 1.65482085968 -0.442517576597 0.232762098295 1.72872320848 -0.117240788074 -0.48606028187 2.40154631075 -0.237321369334 -0.440089272373 2.32647566908 0.139728792965 -0.48007901893 2.47575498504 0.139879763306 -0.480035052697 2.55082580105 -0.237165943174 -0.44017305165 2.55021025726 0.43135792054 0.252844506342 0.460265466479 0.0102025894948 -0.49989589633 2.5523747131 -0.499651741519 -0.0186584350052 0.684838183342 -0.367880994744 0.338620102336 2.32850938231 -0.366793488421 0.33979778818 2.17894552858 -0.367820067913 0.338686282038 2.47855543339 -0.366595529889 0.340011349025 0.534454492711 -0.366678143786 0.339922254155 0.460209769434 -0.442366026931 0.233049990811 0.382267927904 -0.367081768596 0.339486340174 0.609175578191 0.256635495614 -0.429113297849 0.459975836523 0.256484123275 -0.429203791349 0.534401426539 0.357958582792 -0.349092613794 0.379419809395 0.357483529989 -0.349579069434 0.446370345968 0.434732281247 -0.246997659183 0.605730391298 0.435359212722 -0.245890943099 0.531537835028 0.483740016636 -0.126473698077 0.682306610487 0.483865393794 -0.125993177149 0.608012227195 0.499994480677 0.00234931748273 0.757634006049 0.499993288393 0.00259066816989 0.682913107136 0.482587912294 0.130801020284 0.832455794837 0.482536423244 0.130990840302 0.757556936041 0.432751846787 0.250451270914 0.52830129134 0.482538465423 0.130983317209 0.907149259453 0.4326664107 0.250598836892 0.982087011893 0.482495592266 0.131141158465 1.05675187714 0.432581241159 0.250745827078 1.13170407903 0.482457368997 0.131281708933 1.20636654223 0.432490748263 0.250901878564 1.28134015666 0.482423281598 0.131406915238 1.35600806958 0.432417531774 0.251028042685 1.43100067755 0.482383984122 0.131551099814 1.50566332537 0.432331044393 0.251176965612 1.58063448305 0.482341202992 0.131707873326 1.65530864327 0.432253605589 0.251310207623 0.534975889564 -0.118130640887 -0.485844781472 0.390320613928 -0.115908275256 -0.486379760812 2.40096921055 0.258220057848 -0.42816165373 2.53897978628 0.262834354383 -0.425344686291 2.47381446328 0.360108840498 -0.346874073686 0.461211688436 -0.238633000237 -0.439379438752 1.2066209066 0.499991117289 0.00298037448154 2.62112371709 -0.478989130594 -0.143420405707 1.42985500118 0.353032322436 0.354073691927 1.13141913628 0.353529752209 0.353577027397 0.831714372116 0.35406818328 0.353037847247 0.682431037128 0.354004038815 0.35310216723 0.381934741826 0.483747698891 -0.12644431113 2.55297444786 -0.442854084113 0.232121218729 2.62795188794 -0.36864300319 0.337790373159 1.58001438355 -0.48742965763 0.111410631731 1.50529766131 -0.442386417287 0.23301128256 1.43038533004 -0.487401656133 0.111533069528 1.35565045865 -0.442310428695 0.233155494612 1.28101813237 -0.48740879477 0.111501868958 1.57939585304 -0.366421649417 0.340198728449 1.35544524559 -0.499695498297 -0.0174473201835 0.983145937396 -0.487540972379 0.110922496598 1.20651503807 -0.442472704505 0.23284738729 1.28102566684 -0.367453264192 0.339084205817 1.13182402806 -0.367798705741 0.338709480315 2.2525781935 -0.261751469123 0.426011934588 1.20599905568 -0.268019078423 0.422096877033 2.61944577782 -0.113317259382 -0.486989936986 2.25024465701 0.248942682648 0.433621425619 2.25162176483 0.25813903629 -0.428210506577 0.832323393226 0.483976039822 -0.125567483363 2.6320024809 0.147784308558 -0.477660756337 1.20645573939 -0.49968413076 -0.0177699033997 1.28060579783 -0.478442391884 -0.145233872248 1.73013534936 0.482296926815 0.131869914629 1.80457767908 0.432164024593 0.251464223792 1.72995878698 0.353063362058 0.354042740884 1.87944260651 0.353012817543 0.354093138384 1.65496500453 0.499986503806 0.00367369188563 2.61500456524 0.358584762522 -0.348449376649 2.54937369635 0.436574281998 -0.243727093893 0.756855191481 0.251353718816 0.432228305456 1.80447485888 0.250216037748 0.432887900563 2.55107246347 -0.424668990856 -0.263924701771 2.72111545778 -0.231545462509 -0.443155388991 2.7258084444 0.433438389744 -0.24926123304 2.6286422988 0.48399780075 -0.125483580077 2.76310646901 0.4847074987 -0.12271365329 2.72441150979 0.499795092433 0.0143131261236 0.328898382538 -0.232243204882 -0.442790123858 0.397491251391 -0.339036407344 -0.367497366651 0.331618909917 0.246506202958 -0.435011139976 0.305535969259 -0.441069336645 0.235494883749 0.384693221391 -0.487260335422 0.112148854314 0.236891982857 -0.486851358935 0.113911168476 0.312283853001 -0.499784801289 -0.0146680741919 0.317020031809 0.0084523009461 -0.499928553504 2.72241519077 -0.427362260474 -0.259540937663 0.147775172018 -0.499433620746 -0.0237919832812 0.609057054153 -0.266415986789 0.423110531639 0.758534729755 -0.265179216817 0.423886757246 2.6918805207 -0.499518087618 -0.0219472126454 2.7024984815 -0.443083704443 0.231682608015 2.55348486075 -0.260761173175 0.42661881178 2.10354550163 -0.265543847466 0.42365842972 2.02936207353 -0.367808762057 0.338698560011 1.95334021231 -0.267638680108 0.422338178372 1.05719340412 -0.264261276019 0.424459630585 2.70070558119 -0.257829529254 0.428396934915 1.3559790837 -0.267911692691 0.422165044644 1.13141389093 -0.150070182134 0.476947523774 0.685070210751 -0.150944071663 0.476671676555 0.455461350485 -0.262788798126 0.425372833617 0.305713713028 -0.261029717317 0.426454554058 2.1792816714 -0.145218420704 0.478447082015 0.604882818791 0.250397665851 0.432782865807 0.530325813112 0.353567594502 0.353539186114 1.87511206863 -0.151421214297 0.476520320512 1.80358445903 -0.268719842326 0.421651095505 1.65195342465 -0.260359075682 0.42686432471 1.654543337 0.250075746102 0.432968961025 0.375084206342 -0.140142823596 0.47995832006 0.142218977789 -0.244292215666 0.436258310368 1.57508504374 -0.134789371906 0.481489174563 0.460055733026 -0.499704878737 -0.0171765586285 0.376924067147 -0.474344023124 -0.158106760534 0.533420957825 -0.477507527924 -0.148278659206 1.43021735132 -0.47841801005 -0.145314168818 1.35528545345 -0.425093080226 -0.263241093191 1.20617575535 -0.424964236257 -0.263449042327 1.28040050828 -0.343227762683 -0.363585894836 1.42992091132 -0.343187688186 -0.36362372128 1.35488290219 -0.238403925217 -0.43950377523 1.20585793245 -0.238243956455 -0.439590510831 1.28065217169 -0.117481963786 -0.486002045453 1.42977922187 -0.117453944993 -0.486008817621 1.50429078516 -0.238253183121 -0.439585510149 1.57929571067 -0.117316020556 -0.486042129163 1.6541495582 -0.23813407467 -0.439650045469 1.65430424898 0.0114660957882 -0.499868511358 1.50488774594 -0.425030434101 -0.263342229975 1.80368958677 0.0114686029609 -0.499868453842 1.72893747624 0.139253096338 -0.480217216643 0.534824233001 -0.487379962346 0.111627829432 2.72431035421 0.257094626959 0.428838376068 2.6250889827 0.351831391574 0.355267043086 2.69791878433 0.43176485719 0.252148979962 2.62597789186 -0.131883428889 0.482293231535 2.86143308398 -0.242385596114 0.437320503517 2.40306279137 -0.257049538267 0.42886540415 0.378012718617 0.127961972529 0.483348459795 0.302060131582 0.248379770388 0.433944108915 0.14010855682 0.237449443861 0.440020183185 0.225316889921 0.351785479644 0.355312505144 0.376609917967 0.352210268725 0.35489142932 0.293875037763 0.431984606639 0.251772317039 0.222464743158 0.484893091034 0.121978236861 0.370432110192 0.483145490112 0.128726203177 0.29732180846 0.499993769434 -0.0024961023584 0.45088729067 0.432125158313 0.25153100714 0.453613288036 0.249471895087 0.433317174321 1.50509198223 -0.499693897072 -0.0174931194842 1.65480634799 -0.499689706095 -0.01761242807 2.17850269012 -0.478224124549 -0.145950973614 2.25318591159 -0.424699766936 -0.263875174968 2.47789745575 -0.487656861439 0.110411890173 2.61851054686 -0.488510190279 0.106572951508 2.02889934503 -0.478273631637 -0.145788659643 2.10360442434 -0.424770390187 -0.263761474861 2.1782842601 -0.342748550857 -0.364037677838 1.95391530629 -0.424833332955 -0.263660082702 2.47541580791 0.481865274677 0.133438589098 2.62271169241 0.48104228308 0.136375664578 1.12535473828 0.129057624367 0.483057066601 1.05162030586 0.249557318388 0.433267982707 0.684327289589 -0.343316606996 -0.363502004617 2.32602636082 0.48447942661 -0.123611023747 1.50527016173 0.499989500619 0.00324025780938 1.35638759561 0.499990680947 0.00305269809725 1.28082327909 0.483969648713 -0.125592114101 1.42628989372 0.129323522944 0.482985948464 1.35115201137 0.2490522658 0.433558495361 1.05695912068 0.499991635464 0.00289213862714 0.90730329837 0.499991845387 0.00285561671247 1.13157316543 0.484006027735 -0.125451843812 2.32507939891 0.128758411062 0.483136907699 2.17520166406 0.129111826806 0.483042582159 2.10139417901 0.249643983031 0.433218053336 2.10229308012 0.258053804956 -0.428261875198 2.17681077467 0.359322350951 -0.347688723008 2.40238384541 -0.42467231321 -0.263919355852 2.32762779579 -0.342672659527 -0.36410911608 2.4770367872 -0.342657596949 -0.364123291281 2.62650410147 -0.342609202558 -0.364168826676 2.55053611504 0.012247613069 -0.499849973466 0.606462393262 0.43275780054 0.250440983211 2.17712748295 0.139610307555 -0.480113488693 0.385535686474 0.137819987669 -0.480630472399 1.2810454381 0.138806786186 -0.480346412612 1.13179149229 0.138623440077 -0.480399356641 2.10402733951 -0.442677933767 0.23245697872 2.32578068744 0.359525936912 -0.347478201745 0.758385099749 0.256805055957 -0.429011845099 0.683157533935 0.358171705107 -0.34887394523 0.684181279422 -0.118018275643 -0.485872088738 1.57960730679 0.139193360703 -0.480234534719 2.25230515245 -0.237467839549 -0.440010255767 2.10298451988 -0.237746574581 -0.439859712039 0.908361656835 -0.499677270402 -0.0179617772951 1.80352937375 0.436352398128 -0.2441241173 2.02685424653 0.481994039237 0.132972727053 1.87838811839 0.484433115511 -0.123792393128 1.0571554962 0.0108899326798 -0.499881395299 0.907339826722 0.435735649364 -0.245223253125 2.40029138187 0.436616227415 -0.243651944293 2.17637567136 0.352374885792 0.354727980096 1.42968489244 -0.365950511588 0.340705478483 0.757766806285 0.43562328473 -0.245422806196 1.58007480504 0.353136619128 0.353969671343 1.65419371888 0.436263510747 -0.244282928571 0.833608329778 -0.366324546123 0.340303286654 0.609825819396 -0.238626199556 -0.439383132227 0.454277691196 0.49999754997 0.00156525509213 1.95451420325 -0.442652035021 0.232506292155 2.47613624914 0.484363113065 -0.124066009456 0.538128363617 -0.342270921718 -0.364486784598 2.55441153389 0.499959947509 0.00632857700029 1.50288455354 0.249686828487 0.433193360614 0.982051386157 0.484016161017 -0.125412742074 0.907676121467 -0.255481563046 0.42980131566 0.473731856047 -0.420855347392 -0.269964398711 1.50488191616 0.0113022275043 -0.499872243332 1.355561503 0.0111148797019 -0.499876444183 1.2062169466 0.0110162486623 -0.499878627534 1.13133775835 -0.117270040629 -0.486053225039 1.05687531162 -0.238106091963 -0.439665201 1.13152036003 -0.343045136986 -0.363758208142 1.05714583395 -0.424847406514 -0.263637404741 1.13177852079 -0.478334366299 -0.145589264773 1.05740851049 -0.499671862683 -0.0181115886254 1.80400499879 0.499983179838 0.00410120458321 1.13215254753 -0.487509319699 0.111061528923 1.05755467199 -0.442831242674 0.232164791715 1.87851099521 0.482158611914 0.132374744408 0.982949024326 -0.36605951003 0.340588366091 1.95309425933 0.431937449427 0.251853210785 1.72774770548 0.130099430467 0.482777524531 0.235843681163 -0.35964107808 0.347359028898 0.678956977199 0.131141503048 0.482495498609 2.02763299638 0.352850808031 0.354254579748 2.32748118906 -0.133549985097 0.481834412927 1.20607803578 0.435807165526 -0.245096133132 1.20185359906 0.249166545746 0.433492828638 1.2804834789 0.35338893736 0.353717767368 0.980397791251 0.353810819979 0.353295773631 1.35526949884 0.435790656331 -0.245125485934 1.43025777939 0.484053139912 -0.125269939496 0.123019845723 -0.149685063425 -0.477068529446 0.126249986396 0.154647148028 -0.475483185409 0.126628917171 0.392371948027 -0.309910074702 0.277928808223 0.433587396341 -0.249001947251 2.84478721377 0.00228408967697 -0.499994782907 2.86960144268 -0.282279687994 -0.412696229382 2.8721837747 0.281746255225 -0.413060585952 0.12479986934 -0.391255154425 -0.311318814298 0.24568248453 -0.435817606732 -0.245077566623 0.14674723932 0.499392138102 -0.0246473609488 2.86444393698 -0.463769186957 -0.186863964501 2.8864471979 -0.488674025253 0.105819171433 2.84123474087 0.432336144698 0.251168186655 1.57998936874 0.484256931444 -0.124479815024 1.72909859978 0.484345970776 -0.124132915027 1.27909347939 -0.151404863409 0.476525515934 1.87697013106 0.13068074053 0.482620496928 1.87882363001 -0.367975082308 0.338517855956 1.95272384208 0.250037842693 0.432990851198 1.72907894998 -0.366854281688 0.339732153332 1.50302744593 -0.256986289229 0.428903307458 2.75778957298 0.219137038927 -0.449420691747 0.904069635417 0.251518553672 0.432132406976 2.76839114213 -0.358719916296 0.348310237651 0.827903289027 0.131379312371 0.482430799474 2.69408001391 0.00893230214556 -0.499920207612 0.829682597767 -0.129612734354 0.48290841688 2.87220873504 0.217698426167 0.450119312232 2.87041107823 0.498526314879 -0.0383603098616 0.246541596142 -0.340086368885 -0.366525935915 2.75252671528 0.338358907978 -0.368121242788 0.249991758261 0.484018641556 -0.125403168327 0.243060305432 0.334430559323 -0.371693692428 2.76033143752 -0.340086368885 -0.366525935915 2.87145561736 0.461896845116 -0.191445304126 0.257527685151 -0.119554554751 -0.485496352652 0.24719457186 -0.482913033391 -0.12959553303 0.106089947255 -0.487463956091 0.111260466978 0.256652337573 0.12634645062 -0.48377326757 2.74807042374 -0.481806474773 -0.133650742111 2.74686655041 -0.102865579419 -0.489304274017 0.109668659629 -0.348395460234 0.358637147112 2.74606242504 0.477209026651 0.14923654004 2.89120145281 -0.350312519419 0.356764822731 2.74585546408 0.36450980256 0.342246408071 0.10125426066 0.341221257054 0.365469634491 2.74923917463 -0.491063421236 0.0941101287019 0.0966564053834 0.487463956091 0.111260466978 2.89000944441 -0.10906215373 0.487960496991 0.109990555592 -0.10906215373 0.487960496991 0.109990555592 0.109062153731 0.487960496991 2.89000944441 0.109062153731 0.487960496991 2.76111935003 0.109569326195 -0.487846864044 2.65925778444 0.278144837304 -0.415494223162 0.217024702126 0.228950608014 -0.444501540031 0.210493098889 -0.219729237675 -0.449131453041 0.354882073523 -0.410756349084 -0.285095109898 3 -0.107686157357 -0.349109947723 3 0.0655213766911 0.344215805528 3 0.347228220636 -0.13219004598 3 -0.36358946598 0.0772744831058 3 0.308055331238 0.170409708294 3 0.107686157357 -0.349109947723 3 -0.285635114687 -0.227786402893 3 -0.161231086978 0.334252949516 3 -1.44977144511e-15 -0.400968867902 3 0.00266819528094 -0.270906916531 3 0.125939637549 -0.205366272731 3 0.013059446846 -0.122177041367 3 0.142976326114 -0.0576616471498 3 0.0329822385817 0.0315925827008 3 -0.103069587904 -0.0261244671383 3 -0.0786468800014 0.119728929035 3 0.0539705989563 0.180776299225 3 -0.134319643743 -0.205257104599 3 0.167932240199 0.0928489664273 3 0.285791284099 0.00113343868249 3 -0.227824613412 -0.0966528340658 3 -0.214757958928 0.0626174105352 3 0.174740021562 0.239765419943 3 -0.181346678868 0.215590557456 3 0.223634813743 -0.292597472445 3 -0.356849595777 -0.118081630546 3 -0.0602489964898 0.265175819616 3 -0.313968262256 0.191851918433 3 0.388981690715 0.0732247600309 3 0.182755702105 0.353522560498 3 -0.216933830846 -0.319832765016 3 -0.0606672587965 0.384286195511 3 0.401155675816 -0.0308190457951 3 0.272204640014 0.297802514351 3 -0.266773826381 0.297182164913 3 0.227678096766 -0.142062346267 3 -0.312973349559 -0.0199219155958 3 0.323476752344 -0.242035898084 3 -0.403895653199 -0.0269248966441 0 -0.107686157357 -0.349109947723 0 0.0655213766911 0.344215805528 0 0.347228220636 -0.13219004598 0 -0.36358946598 0.0772744831058 0 0.308055331238 0.170409708294 0 0.107686157357 -0.349109947723 0 -0.285635114687 -0.227786402893 0 -0.161231086978 0.334252949516 0 -1.44977144511e-15 -0.400968867902 0 0.00266819528094 -0.270906916531 0 0.125939637549 -0.205366272731 0 0.013059446846 -0.122177041367 0 0.142976326114 -0.0576616471498 0 0.0329822385817 0.0315925827008 0 -0.103069587904 -0.0261244671383 0 -0.0786468800014 0.119728929035 0 0.0539705989563 0.180776299225 0 -0.134319643743 -0.205257104599 0 0.167932240199 0.0928489664273 0 0.285791284099 0.00113343868249 0 -0.227824613412 -0.0966528340658 0 -0.214757958928 0.0626174105352 0 0.174740021562 0.239765419943 0 -0.181346678868 0.215590557456 0 0.223634813743 -0.292597472445 0 -0.356849595777 -0.118081630546 0 -0.0602489964898 0.265175819616 0 -0.313968262256 0.191851918433 0 0.388981690715 0.0732247600309 0 0.182755702105 0.353522560498 0 -0.216933830846 -0.319832765016 0 -0.0606672587965 0.384286195511 0 0.401155675816 -0.0308190457951 0 0.272204640014 0.297802514351 0 -0.266773826381 0.297182164913 0 0.227678096766 -0.142062346267 0 -0.312973349559 -0.0199219155958 0 0.323476752344 -0.242035898084 0 -0.403895653199 -0.0269248966441 0.870707356224 -2.59941114602e-05 -5.26366683975e-05 1.84084828123 -0.000118289537803 0.000117890994522 2.36319046568 3.85343179274e-05 1.18873526425e-05 1.3557807326 0.0109078594228 -0.0106017944198 0.437350853112 0.0178789320758 -0.0623810202119 2.66479155303 -0.0225308588004 0.160278491371 2.64558401356 0.0741504136571 -0.155469987583 2.10213495567 0.132797242852 -0.132301603408 2.10206303003 -0.180062508133 -0.0511425001259 2.10204018813 0.0521219276482 0.179800203913 1.59359035096 -0.192936735319 0.0045252997841 1.11793307509 -0.19285122502 0.00476141293027 0.625426291311 -0.150693921586 0.121798913703 1.11526944726 0.08804294733 0.173419502547 1.60020690903 0.17630883583 0.0849268258544 1.10768689762 0.0857421347439 -0.17762745218 1.60513383453 0.0427925540414 -0.190659256512 0.637738287572 0.155408269693 0.124129368731 0.29462349547 -0.0662662403549 0.192049914659 0.670458603319 -0.114477875029 -0.180897844112 2.70975876154 -0.198502247407 -0.0695990916615 2.53780494641 0.213288562083 0.0669503203323 0.698112336067 0.162378785011 -0.149227103874 0.277703256927 -0.214490494363 -0.0476247185454 1.49931119111 -0.0454790259304 0.223438252026 0.281906144036 0.198494434487 0.0913149706827 2.49308576753 -0.218814310129 0.0902555710369 0.982131919612 0.243184003471 -0.00151194659907 2.47486308564 -0.124933201585 -0.208584213385 1.95039547131 -0.0608705660327 -0.235404786909 1.94968013298 0.235517591148 0.0606821412964 2.25436685493 0.235615934707 0.0608000781677 1.95429862412 -0.171333953557 0.172255173853 0.254929788858 0.0942180138657 -0.227905576653 0.965911480797 -0.133924998462 -0.205301236863 2.24504124034 -0.171529623411 0.172480652334 1.26197926096 -0.135592267481 -0.205778592667 1.74849963644 0.0301366242055 0.242462473869 1.24111418947 0.243687887823 -0.020517383998 0.967270466892 -0.125954933882 0.209228353786 1.25441584994 -0.125399817481 0.212838731879 0.8338590398 -0.254460965973 0.0025309632409 2.39973175059 0.190957755588 -0.168119438732 2.40009441115 0.0765297502765 0.242756573681 2.22827999051 -0.0623331673929 -0.240796690682 1.81081366577 0.192988491323 -0.165170841039 1.82371732892 -0.23532112687 -0.0951258643417 1.3604983946 0.166699416417 0.191863901267 0.861397807576 0.103206560791 0.231165008325 1.36212782184 0.0881630519071 -0.246750533141 1.35576242945 -0.256676453487 0.0291859717066 0.483083976725 0.25855405521 -0.0373767813633 2.76556913589 0.201776040056 0.158941780295 1.46690272472 0.247506101428 -0.101306570307 1.49768178496 -0.168586295962 -0.21201994559 2.77533891112 0.253744796089 -0.0718845597806 0.513859423311 -0.253704655795 -0.0639882586928 2.3264645702 -0.252251505049 -0.0748104982671 0.512591822477 0.00604800510875 0.266815323381 0.399256447712 -0.138404597324 -0.23497626266 0.888065263688 0.0805209438338 -0.259871553821 0.535722523042 0.0505402790566 -0.267783466127 1.72676742855 -0.192259575363 0.191149909943 2.77833435124 -0.228143598929 0.153195681399 0.215458574473 0.00111400758125 -0.0264572433044 2.7795619485 -0.0845935756913 -0.259860770078 1.7380675757 -0.119270870634 -0.263962222226 0.422179334273 -0.24253652746 0.139823706452 0.211622296071 0.269415261059 -0.103694076056 0.770682216978 0.284664486103 0.0133533497875 2.79136991463 -0.00477334195447 -0.0152444113046 0.763625853542 -0.0866136671711 0.27882481238 0.203225903573 0.11152846803 0.271780388519 1.77830126399 0.232278615045 0.185592252395 0.453027381688 0.205753613493 0.219221986477 0.196732780253 -0.101614254357 -0.276146350512 2.50407804373 -0.10757233984 0.272113802088 2.80297925351 0.163170549348 -0.255628831752 1.72952554928 0.306831683194 -0.0117501032084 2.56220089018 -0.0553523726228 -0.0167908065989 0.209704052772 -0.257249404723 0.149888036924 1.93092641172 0.122727719011 0.271674445092 0.664854927121 0.0020382385244 -0.0109263318902 2.59242281812 0.145325580461 0.251894942828 1.49680948994 -0.245239124469 0.177496246432 2.52877757415 -0.28715061893 -0.0981107861602 2.39448383506 0.0370347931142 -0.299246256019 1.57796070206 0.131688231413 0.280843896614 2.58170561426 0.261088766983 -0.122522178331 1.65509202867 -0.0152695197078 0.0718806892157 1.07041059527 0.00104352463827 -0.000654255817155 2.8037848077 -0.0350716040866 0.306427862518 1.96676145663 -0.305298198597 0.0249947472867 1.12222039556 0.283390695199 0.134451915987 0.872779587781 0.255963342404 -0.167254050577 1.96451296806 0.132859968925 -0.27498039338 2.03859409836 0.000141013721432 -0.000133441862112 2.10203970523 0.308147887299 -0.0416632251119 2.23346170444 0.181573254435 0.249172376082 0.420210615767 0.208238177029 -0.221429863639 1.25427318561 0.0473933920536 0.30580366902 2.08847209513 -0.199148720667 -0.245402531995 0.810000779667 -0.250781005626 -0.191315172758 2.22192273615 0.127381923161 -0.286340726425 2.09961529425 -0.110873371572 0.295373209965 1.78531026562 0.0643106629699 -0.309340205595 1.11329095796 -0.258666833037 -0.178646510813 0.990090849613 -0.293029812577 0.112021126061 1.23327224665 0.228554112564 -0.213248467067 1.62702996526 0.233948068554 -0.208629702923 0.774147315343 -0.255708218213 0.186166816994 1.11420909391 -0.0599835192551 -0.303140777549 1.45088123721 0.297313566455 0.0836379904688 0.717369686751 0.0143222750707 -0.313637981432 0.683243278026 0.0848073857279 0.294535251066 2.19653742148 -0.308642245527 0.0510420140768 2.60336171813 -0.0269735636953 -0.314752448226 2.39594873454 0.255776696867 0.183914495339 1.64935978728 -0.267665063616 -0.159459156861 0.659425572677 -0.315849732206 0.0380041218623 2.40496149628 0.313017837535 -0.0236408620813 2.27956116889 -0.0514743502983 0.31653513726 0.171258333951 -0.058919130148 0.324736411834 0.942174496524 0.263502162602 0.179745143445 1.73095595126 -0.311843139224 0.0477631035662 2.06125479339 0.240401626161 0.209686697334 0.461665655463 -0.0646616149573 0.102504477587 1.05762915955 0.267012245965 -0.168923448485 2.23190601139 0.268997932304 -0.167591973559 1.48221704533 -0.309263295352 -0.0940558743497 1.20821852293 -0.286087258974 0.135497424168 1.4909421752 -0.0202007858829 -0.319682833972 0.52854550324 -0.178339345169 0.277411707821 1.89926283002 -0.0587471108644 0.313652066266 1.01005586534 0.0236112341209 0.316701944135 0.177785922979 -0.262938330218 -0.192634865149 0.757886844646 0.252908711287 0.220545243169 1.70619609968 -0.0844643849005 -0.0883403315189 1.30702928322 -0.298897145273 -0.140517974893 1.97209003449 0.275371227455 -0.163477118659 2.6467325019 -0.31379425116 0.0583842437717 2.53710598583 0.149995941024 -0.281543949803 2.63925997831 -0.204454880699 -0.24106128472 1.69832760301 0.109592337343 -0.0511762311746 2.82025053541 -0.322455040911 0.00382363259358 0.60619268018 0.327511398306 0.0765135586879 1.52479651219 -0.036066198267 -0.0503684939459 2.84194916386 0.134368100086 0.299771125722 0.987207782015 -0.317847252279 -0.0656091531842 2.0881035181 0.0128462264719 -0.321903517149 2.20091366843 0.0746248311272 0.00473079836446 1.64398253309 -0.0955431661909 0.319235607652 2.82214353522 -0.252744599595 -0.202875784415 2.67540927113 -0.155019113997 0.278518646068 0.166503684565 0.329186377348 0.057371180902 2.09957698988 -0.266523718397 0.209691556668 2.67833778935 0.326390453859 0.0618355563497 1.20394069437 0.0908178691079 -0.326041403927 2.26153771078 -0.236302334035 -0.238838870296 0.373828752484 0.00992331777954 -0.330807426854 2.27046283229 0.00281081124292 0.149464615927 2.68605547414 0.13202895361 0.0184032282212 0.826110253065 -0.12329166666 -0.310720257045 0.556072467533 -0.130630041651 -0.312476235052 2.4754736264 0.0357379944426 -0.138748188784 1.9379657668 0.00105161835935 0.145878345274 1.97878109923 -0.295235544052 -0.149070894716 0.637346288409 0.317475660714 -0.0954429154335 2.82808950908 0.0388366924114 0.149948630622 0.348836844664 0.0292432533844 0.331702919798 2.3492935766 -0.307092662934 0.136090670435 1.11038724426 -0.212606153058 0.260659712328 2.51296783631 0.0479216781396 0.113887166883 2.84694779311 0.317799185489 0.0670377542793 1.93966534932 0.123602256447 -0.0717080466133 2.62334842056 -0.000983838836737 0.341724307007 0.342344143785 0.162359822238 -0.0666754809797 0.476952765953 0.122641160052 0.0694302879612 0.739827817597 0.0177655948034 0.143600785914 1.20932893123 0.20969907002 0.264903425734 1.43775754795 -0.112800930213 0.077143381796 0.655114229979 -0.30905969819 -0.1448089216 0.954268435751 0.108201633854 -0.103892798551 1.93978686985 -0.139874751433 -0.0121286278321 0.780469015451 0.0120827084267 -0.145301944177 0.958705342829 -0.143017167657 -0.0343317072078 2.28954878115 0.0627282707058 -0.141241175701 1.2177110614 -0.0640818854705 0.0573046494992 0.378643547372 -0.292787642982 -0.162489616018 1.42260407641 0.072575918115 0.320156994298 0.584787861819 0.213870349569 -0.265821069072 1.29012840756 0.312356516311 0.138213696637 0.964658785238 0.104639829616 0.0958411638557 1.46837557503 0.0701219331633 0.102437476336 1.51254500626 0.147190254076 -0.299511950378 1.38507323567 -0.137420487803 -0.0884545477182 2.24997596795 -0.100625386349 -0.0767607791511 0.16710952762 -0.332854213354 0.00376620618396 1.11428696893 -0.0947567537433 -0.133387692543 1.32526572791 -0.0499684532494 -0.337346831869 0.333219305617 0.332755649879 -0.00141726915786 2.09975736033 -0.104955371882 0.117322110013 1.87881493982 -0.212268578207 -0.256919160317 0.381951826167 -0.342494218317 0.00437354942973 0.164063918948 -0.105436127093 0.0932896789517 0.153031276008 0.0861276413111 0.109316873565 1.2518542369 0.108334892008 0.078078871543 1.03537549707 0.130193343914 -0.321874245102 2.14404102354 0.043983389345 0.341953447357 2.15060977269 -0.313317951527 -0.139989558577 1.3997187428 -0.165391693327 0.292925969874 0.831927997653 -0.11783593587 0.111756405195 1.10990532642 0.345814869812 -0.031707374586 2.8456205748 -0.158582843685 0.0178169051855 1.86007134751 -0.307293352187 0.152872317057 2.85634491159 0.0344852145806 -0.336617980843 2.09692892686 0.23399465801 -0.264354931902 1.17555253856 -0.339389933529 -0.0476834155404 1.25706377469 0.103007218658 -0.107238968496 0.164312860855 0.231603072648 -0.260067014384 0.150540260647 0.263187279666 0.226523935672 2.35550869647 -0.128956497835 -0.323474451088 1.56948999233 0.349002422498 -0.0198805083611 2.41235888394 -0.0817449138257 0.136574693285 2.09113008135 -0.0475633451752 -0.149535790478 0.701892255512 -0.158557300146 -0.0246306708701 1.78380381374 -0.151203076929 0.04149706405 1.58046065393 0.294131682944 0.199394924937 0.141647307295 0.035348826607 -0.336635697673 2.8501117562 0.143637232814 0.0249527148231 0.538767084962 0.131060425254 -0.124667585238 2.37368985792 -0.211771468436 0.27091891853 0.361374886585 -0.187886785231 0.286216746615 0.333825792262 0.0440249547745 0.0778738886066 1.03886947544 0.181900533459 0.28428229201 1.82092660358 0.00525582761865 -0.16160765017 1.88517651679 0.342921787038 -0.0434135665848 0.446860509629 0.335652131697 0.11794187086 0.959224660764 -0.0371142784238 -0.346696512299 1.54349918511 -0.339785721991 0.0535629724939 0.572108224925 -0.295164554293 0.173358305312 0.605725920672 0.22613591292 0.271818957395 2.39175197168 0.158119479566 0.0227978108584 0.767485535276 0.122843325967 0.0232359508808 1.32939641241 0.329484390476 -0.125732750352 0.551731555627 -0.0964138369504 -0.072180796467 2.55548079608 -0.260182031503 0.237073091672 1.33652401271 0.00787040162021 0.172323689037 0.523745051398 -0.262253702594 -0.225425456489 1.8142697612 0.149369439365 0.0527273297697 2.41499780482 -0.273838894245 -0.210527400628 0.312637752722 -0.0335511798756 -0.149543739581 2.86155349644 -0.201470425014 0.280038114051 2.10203808844 0.185741945824 0.06458388129 1.38338521028 0.171132869 0.0118995888695 0.779697990454 0.195935445449 -0.282644997622 0.14035508114 -0.203549350558 0.277861460292 0.147508251212 -0.109464621033 -0.117805380847 1.11022984594 0.152612119192 -0.0324075447018 1.64890646425 -0.0121329436607 -0.341979618325 0.303447886804 0.237333886522 0.269285303958 2.65020538679 -0.154736857568 0.0719390063265 1.39475158485 0.244109843822 -0.243355562204 1.44919898799 0.0894879335516 -0.113180304595 0.150093656338 0.121502491783 -0.109730527866 2.42938251295 -0.132706060771 -0.056649570711 2.59486843324 0.292017765908 0.192054154136 2.84356136531 0.0327729093747 -0.165631556309 1.14158757127 -0.0639181082385 0.305457286803 2.44654686496 -0.352622424442 0.0200204959948 1.36798559821 -0.222634182464 -0.28329310671 1.72727184766 0.166373497434 0.320090065825 2.70954616663 0.0802225723715 -0.345708251312 1.34812144857 -0.287182018312 0.207609136288 2.13984204698 0.331350612266 0.108936840974 0.898738003569 0.357121804352 0.0635038031976 0.406867662585 -0.130441752167 -0.0272389860889 2.64347228637 -0.0810019147937 -0.146751484711 0.965820887902 -0.288714878855 -0.216540036274 0.904769428893 -0.0893704451652 0.349522641495 1.09926928045 -0.0648574806763 0.156724093662 2.25661578881 0.352440584608 -0.0400859240789 0.81328044571 0.0344427833292 0.360707736152 2.66464925139 0.240203448659 -0.255764183412 0.692522431291 -0.201047107741 -0.305952512954 2.86018827334 0.304133106418 -0.181890723379 2.69689469601 -0.349297648226 -0.0803359036476 2.47118794384 0.0122050942375 0.363651628576 0.622330923339 -0.0727378001081 0.352212439454 1.85138899108 -0.205784981695 0.285863947837 1.91805284413 0.292871631496 0.198840621821 1.58346373665 -0.149989995745 -0.33695280992 1.73823477182 0.326398331668 -0.162137529663 0.588331644053 0.0122977539108 0.135389150548 1.59455517954 -0.133784218784 0.14488422283 0.825976499987 -0.126873016622 -0.105596035656 0.91610489243 -0.266662749373 0.244196002309 0.677025297488 -0.212056730089 0.296696855977 0.345615208353 0.32836623872 -0.15647167086 1.66061560149 0.146866158116 -0.326767929185 2.46227547035 0.198115441709 0.306173080044 1.85065463561 -0.0654744311839 -0.347739807832 2.31984278426 -0.158961229823 0.0427821147582 0.464459718698 0.124982378445 0.346051920425</DataArray>
      </Points>
      <Cells>
        <DataArray type="Int32" Name="connectivity" format="ascii">661 666 439 878 194 672 650 827 666 824 439 878 525 756 651 840 194 650 712 827 243 675 635 815 610 605 755 818 609 752 749 760 270 439 661 666 91 671 735 763 237 630 397 691 658 801 653 855 749 752 667 760 637 719 783 787 719 637 783 851 527 653 801 855 527 653 740 801 329 694 624 699 653 608 740 801 594 609 676 752 653 658 608 801 237 674 630 691 594 749 609 752 624 599 726 783 410 630 239 676 525 651 756 801 160 629 155 769 482 647 663 723 630 676 410 708 650 672 255 739 639 755 605 818 432 694 329 699 625 753 650 814 638 726 599 783 624 786 591 806 609 744 367 854 642 719 783 851 676 708 609 744 649 607 772 818 624 775 591 786 599 624 775 783 662 821 757 848 625 669 469 721 431 622 694 699 642 783 719 787 432 431 694 699 675 739 31 777 543 87 640 735 432 329 431 699 611 655 606 668 670 772 607 818 624 637 591 783 610 755 605 831 594 676 609 749 211 649 687 747 211 393 649 747 757 821 660 848 381 686 631 709 591 637 624 806 591 786 775 806 270 666 661 815 646 720 317 820 606 655 611 864 640 671 497 854 610 649 772 818 339 707 791 828 469 669 625 859 647 723 482 776 161 634 162 680 424 682 615 863 646 317 757 820 592 687 649 839 482 647 285 663 603 624 745 806 687 747 649 839 155 629 690 769 671 679 593 735 593 679 671 763 679 735 671 763 178 402 632 689 424 266 682 863 431 694 622 866 543 640 532 735 514 543 87 640 420 410 676 708 131 129 617 689 686 709 381 796 742 793 567 852 650 753 620 814 609 705 367 708 675 739 625 859 646 757 662 821 599 775 638 783 266 682 657 755 637 783 624 787 613 742 351 788 422 708 676 744 637 745 624 806 194 255 650 672 108 633 110 683 162 680 634 712 319 612 31 739 676 752 609 830 669 713 383 796 160 707 629 769 599 775 624 786 32 739 675 859 243 635 700 815 351 613 788 825 287 687 621 747 641 731 697 810 605 818 610 831 536 756 525 840 671 735 593 756 612 739 319 798 612 739 675 777 621 816 663 852 243 700 635 779 606 611 668 792 644 791 707 828 121 682 122 795 397 691 630 716 230 700 243 779 602 731 641 810 640 735 671 756 367 705 609 854 627 678 588 780 266 413 682 755 168 695 629 698 32 625 739 859 32 31 675 739 374 241 626 779 358 712 706 827 178 689 632 737 287 621 687 807 612 31 739 777 536 679 756 840 189 211 393 649 179 632 674 691 678 780 627 868 613 793 742 852 602 641 731 851 178 403 402 689 605 755 657 831 92 671 91 763 588 678 627 773 413 682 755 843 129 617 689 737 98 619 99 705 98 686 619 705 640 671 593 756 616 774 632 784 270 439 271 661 410 630 708 716 265 237 397 691 651 756 679 840 315 650 255 739 110 683 633 693 621 663 845 852 399 413 755 843 618 685 406 862 255 672 473 739 589 753 625 814 340 91 671 735 615 682 424 715 358 706 153 827 624 591 775 783 603 624 699 745 74 317 646 720 700 779 374 832 122 682 648 795 610 772 670 818 619 686 98 862 752 760 609 830 61 31 319 612 670 818 607 833 341 497 671 854 631 748 686 830 285 663 647 747 452 810 700 832 239 676 630 729 686 748 619 830 642 783 734 851 61 777 612 798 632 689 402 746 374 626 241 832 594 667 749 752 452 700 374 832 605 670 818 831 237 630 674 729 603 648 622 770 61 31 612 777 162 634 152 712 489 776 785 791 243 377 635 777 639 733 605 755 61 612 319 798 742 808 613 848 168 404 629 695 606 611 792 864 607 818 649 833 626 374 779 832 383 70 669 796 399 755 778 843 33 625 469 721 774 784 616 853 286 647 482 776 630 752 676 830 686 705 631 830 111 110 633 887 351 613 825 848 122 648 682 843 624 694 326 726 619 774 716 830 621 747 687 839 34 721 669 796 619 705 686 830 697 731 641 851 581 551 71 656 622 648 603 826 261 692 623 743 678 770 622 773 622 770 678 786 179 674 632 809 162 161 152 634 168 698 629 707 642 734 719 851 403 689 178 737 634 706 152 712 631 686 381 888 473 739 672 798 613 821 662 848 351 742 613 848 688 777 30 798 613 742 656 852 99 705 619 708 613 660 821 848 597 669 721 796 611 785 776 791 602 731 734 851 678 773 622 786 24 646 317 757 410 708 372 716 98 99 619 862 596 617 754 771 452 373 374 700 636 780 627 799 452 373 700 810 469 625 33 859 136 134 706 790 174 680 703 797 507 621 287 807 604 731 697 851 340 497 640 671 243 423 377 777 643 545 855 873 606 792 821 864 372 716 708 869 643 855 665 873 234 270 661 815 170 703 680 743 632 691 179 737 593 735 679 756 271 661 439 878 589 625 677 814 646 662 765 821 358 152 706 712 697 731 666 810 410 239 276 676 121 715 682 795 617 771 684 823 192 616 704 809 597 721 692 796 431 147 622 826 164 649 701 778 406 439 143 824 616 632 746 784 591 783 637 851 285 488 663 747 168 188 695 698 351 808 742 848 596 617 689 754 197 674 237 691 136 706 634 790 388 616 196 838 34 669 70 796 475 711 636 724 266 657 682 863 94 381 686 888 652 821 792 864 254 638 256 805 131 617 129 889 616 809 196 838 642 624 783 787 514 532 543 640 657 780 711 831 62 32 31 675 597 669 618 753 287 507 491 621 651 593 756 801 645 703 176 857 431 622 147 866 615 711 657 780 129 689 403 737 700 810 641 832 770 772 622 883 627 773 678 868 192 704 674 809 624 726 326 858 369 688 722 822 604 642 654 725 178 179 632 809 616 746 632 809 623 692 261 709 588 770 622 883 65 540 510 653 155 690 629 736 657 615 780 831 214 687 639 886 616 674 632 774 215 755 214 778 758 834 248 857 752 774 616 853 624 745 637 787 63 636 475 822 178 632 179 737 617 596 689 812 706 717 153 827 287 621 491 747 570 792 785 845 618 669 597 713 596 680 743 789 596 680 703 743 540 653 458 740 610 818 670 831 603 786 624 806 610 755 682 843 423 675 243 815 108 111 110 633 589 684 771 823 716 774 630 830 617 771 596 812 619 738 716 774 651 593 679 756 129 403 178 737 596 743 703 789 636 724 711 831 174 363 680 797 131 689 617 790 628 688 468 798 286 285 482 647 329 699 624 787 176 645 183 797 161 634 680 754 164 189 649 778 248 834 728 857 711 724 657 831 568 742 567 852 192 616 199 704 622 603 770 786 63 722 636 822 245 711 475 724 287 687 485 807 262 628 798 861 617 684 762 823 616 388 730 838 728 834 614 857 435 695 437 805 607 701 649 772 629 695 404 736 63 475 636 870 616 746 645 784 194 712 650 802 320 166 644 707 602 625 677 837 110 693 633 887 588 622 770 773 315 255 473 739 624 599 694 726 288 668 655 791 635 675 602 815 672 739 650 882 189 649 393 747 216 639 214 755 622 699 431 826 612 675 625 677 447 800 696 832 610 649 701 772 119 118 696 795 588 772 770 883 127 737 683 889 168 629 160 707 575 565 710 792 602 675 635 781 695 718 437 805 222 220 221 657 627 588 773 799 136 152 634 706 638 599 726 805 160 404 155 629 710 792 565 793 592 764 687 839 239 630 237 729 397 237 239 630 616 784 645 853 256 717 638 827 647 649 592 833 24 74 317 646 282 643 283 744 176 703 645 797 99 367 705 708 641 697 142 810 34 692 721 796 452 641 810 832 622 770 648 772 329 624 326 858 462 581 656 742 63 636 722 870 363 754 680 797 160 155 159 769 654 706 134 790 602 661 625 837 605 733 657 755 320 339 166 707 610 657 755 831 99 708 619 869 610 778 755 843 256 638 252 827 282 676 643 744 177 176 703 857 243 700 232 815 340 671 640 735 625 721 33 739 687 764 621 839 193 194 650 802 173 164 649 701 285 647 236 747 633 683 108 727 622 603 699 826 404 155 629 736 173 164 189 649 602 734 781 851 190 838 183 857 561 568 567 852 261 623 205 743 277 475 636 724 711 780 636 831 419 170 680 743 424 615 715 800 410 397 630 716 125 127 683 889 230 232 243 700 183 838 645 857 169 680 162 712 65 458 540 653 597 753 618 841 614 834 758 857 254 718 638 805 301 302 743 877 447 715 696 800 177 703 758 857 201 173 649 751 111 633 697 887 664 709 446 875 608 658 653 865 446 709 664 819 119 696 715 795 604 719 734 851 185 758 248 857 606 757 646 821 597 618 713 841 640 744 342 761 468 688 628 856 626 779 700 832 163 161 162 680 94 381 264 686 594 643 749 855 239 676 729 871 661 669 273 859 211 687 649 778 178 180 179 809 604 654 642 879 605 765 639 818 340 91 92 671 529 542 512 761 164 778 701 843 588 627 780 799 369 767 688 822 152 161 136 634 624 603 699 786 339 791 655 828 612 675 677 781 436 439 666 824 785 792 611 845 277 636 475 870 602 666 731 810 664 811 593 849 125 683 693 889 468 688 30 798 647 751 649 833 252 827 638 861 278 273 669 859 185 248 758 834 495 342 744 761 589 762 684 823 150 431 147 866 270 436 439 666 616 752 674 774 435 736 695 805 218 733 639 755 618 753 684 841 650 827 672 882 134 706 654 879 69 856 759 867 625 661 602 675 157 642 336 706 625 675 602 677 600 644 655 714 361 185 248 857 488 285 236 747 383 713 686 796 419 743 680 802 301 802 470 877 340 341 497 671 652 792 611 864 636 702 277 724 381 709 631 875 254 252 638 861 682 770 615 831 367 744 368 854 302 721 692 877 604 719 642 734 617 634 771 823 174 680 170 703 261 205 623 819 277 702 636 870 169 680 712 802 325 326 694 726 650 677 625 814 701 750 144 826 738 784 748 789 638 726 256 805 283 481 643 873 657 682 615 831 696 745 116 850 649 687 592 818 243 635 449 779 288 655 668 820 118 745 696 795 533 525 651 840 623 709 261 819 636 722 627 780 619 716 708 830 635 602 700 815 595 716 619 738 178 632 402 809 683 762 617 812 605 670 765 818 695 698 188 884 637 116 745 850 160 168 404 629 196 388 199 616 615 800 424 863 205 204 184 758 273 669 661 878 602 677 675 781 651 249 741 834 201 235 173 751 193 712 194 802 420 676 422 708 397 239 410 630 651 728 298 834 339 289 655 791 636 711 475 822 595 762 683 812 619 595 685 716 592 649 647 839 432 694 431 866 617 737 129 889 619 738 774 830 593 801 651 849 627 659 636 799 352 351 742 788 610 770 682 831 377 688 767 777 485 807 687 886 630 708 716 830 581 71 462 656 424 379 266 863 377 767 635 777 650 712 827 882 611 647 723 845 643 817 749 855 170 396 703 743 369 722 688 856 199 616 388 730 754 771 617 790 111 697 633 880 599 694 726 805 658 756 593 801 153 358 152 706 618 862 406 878 507 621 807 816 570 785 569 845 227 241 779 800 218 639 216 755 759 867 627 884 91 735 679 763 491 621 507 816 119 120 118 795 642 706 654 725 124 719 637 787 472 194 255 650 168 257 404 695 218 418 639 733 593 811 760 849 189 211 649 778 420 410 276 676 241 626 779 800 748 789 784 890 618 684 753 762 330 699 329 787 527 801 524 855 32 675 62 859 336 717 642 858 201 649 747 751 283 643 481 761 287 491 393 747 775 786 678 806 710 757 88 820 192 390 674 704 127 129 737 889 644 655 791 828 261 300 692 743 703 743 184 758 280 653 493 704 353 351 788 825 249 651 298 834 225 800 681 863 199 704 616 730 227 779 681 800 109 108 110 683 131 790 617 889 527 740 530 801 392 691 384 737 472 193 194 650 471 383 669 713 336 706 642 717 32 625 33 739 419 301 743 802 674 704 390 729 614 811 664 849 87 465 514 640 384 737 691 804 606 792 710 793 655 714 644 864 663 723 647 845 339 289 208 655 79 739 721 877 610 772 770 831 140 144 750 826 633 727 108 880 176 183 359 797 266 657 217 755 136 634 161 754 360 183 645 797 382 686 381 796 622 773 588 883 663 747 488 816 672 739 612 798 108 111 633 880 597 721 669 753 329 787 624 858 99 619 862 869 627 780 722 868 637 745 696 850 686 738 597 841 406 143 102 685 674 704 616 809 617 762 684 812 254 252 256 638 656 742 568 852 277 475 477 870 142 697 641 850 597 738 686 748 638 717 256 726 218 418 216 639 173 701 649 751 360 645 183 838 597 692 721 753 604 642 725 734 166 644 707 769 411 98 686 862 76 664 446 875 669 753 625 837 428 719 124 787 324 717 336 858 606 646 714 821 126 737 384 804 698 884 659 885 447 380 800 832 331 719 858 879 415 810 697 880 619 738 686 841 339 655 208 828 243 377 449 635 157 706 134 879 653 704 280 730 635 767 688 777 661 675 625 859 113 697 142 850 405 108 727 880 664 763 760 875 721 739 625 877 471 383 70 669 760 763 671 875 256 357 717 827 482 285 508 663 76 446 664 819 126 392 384 737 413 266 217 755 262 798 305 861 708 716 619 869 749 817 658 855 131 403 129 689 650 625 739 877 432 431 150 866 600 644 714 833 649 747 647 839 179 674 197 691 268 254 256 805 686 738 619 748 616 645 746 838 290 668 288 791 360 746 645 838 283 282 281 643 760 811 667 849 34 35 692 796 632 674 616 809 602 635 700 781 625 612 677 882 595 619 685 841 690 736 155 866 303 867 759 884 497 340 640 735 589 677 625 837 683 737 617 889 79 33 721 739 602 842 641 851 595 738 619 841 331 858 332 879 296 659 867 884 636 659 627 867 252 672 827 861 402 632 746 809 270 274 666 810 624 694 599 786 626 800 241 832 606 714 655 864 617 684 771 812 593 658 801 849 230 243 449 779 157 327 336 642 490 552 668 785 336 642 327 858 533 651 525 801 281 643 282 676 214 639 216 886 381 382 264 686 198 674 390 729 643 594 665 855 190 673 838 857 593 651 679 741 136 634 754 790 634 617 790 823 598 725 642 734 166 322 644 769 661 666 602 815 645 746 360 797 281 643 676 871 466 810 415 880 606 660 757 821 236 747 647 751 661 669 625 837 692 721 620 877 634 617 771 790 618 753 669 837 262 305 259 861 270 233 274 810 374 229 241 779 442 32 62 859 61 30 777 798 265 197 237 691 118 116 696 745 598 706 642 725 465 514 640 761 625 739 612 882 319 739 473 798 611 723 647 776 193 650 472 802 602 731 677 734 147 750 622 826 738 684 784 789 292 488 747 816 599 695 759 868 283 487 481 873 121 138 122 682 182 192 390 674 714 833 644 864 266 219 217 657 300 302 692 743 69 759 303 867 124 116 394 637 646 765 714 821 589 625 753 837 262 628 468 798 62 675 31 777 315 472 255 650 777 798 688 835 646 606 714 820 715 770 682 795 600 655 644 828 82 663 579 723 394 637 116 745 265 691 397 716 449 635 377 767 650 739 315 877 594 749 658 855 593 671 640 749 110 125 683 693 648 682 770 795 634 771 754 790 409 424 682 715 493 704 653 860 69 303 759 856 271 234 270 661 618 762 753 837 622 750 147 866 620 743 680 789 296 659 884 885 687 807 621 886 611 839 647 845 322 644 776 791 581 568 551 656 140 144 145 750 658 855 653 865 468 628 262 856 602 781 842 851 610 682 770 772 317 88 757 820 175 170 396 703 96 686 98 705 289 288 655 791 330 430 329 699 628 768 638 775 598 827 712 882 623 743 703 758 628 759 262 856 108 683 107 727 627 759 856 867 164 210 189 778 324 726 717 858 201 747 235 751 465 640 342 761 126 683 737 804 86 651 537 732 411 686 713 862 367 422 368 744 660 710 565 793 108 109 107 683 606 710 660 793 288 209 655 820 601 722 688 822 718 759 259 861 236 647 240 751 638 718 254 861 604 693 633 823 596 789 703 890 235 747 236 751 378 424 800 863 806 832 641 850 432 325 326 694 725 771 634 823 625 675 612 739 533 536 525 840 698 707 186 828 497 640 87 735 656 621 807 886 622 699 603 786 664 760 593 811 122 682 138 843 524 801 658 855 597 713 669 796 646 714 720 820 568 656 581 742 586 71 551 807 621 845 839 852 34 692 64 721 624 699 745 787 575 564 565 792 508 663 82 723 279 730 673 874 649 751 607 833 256 252 357 827 603 648 795 826 290 785 668 791 633 693 604 887 391 312 825 829 352 353 351 788 495 465 342 761 634 790 654 823 631 760 671 875 342 640 497 854 225 227 681 800 74 720 646 876 105 716 685 804 653 730 280 740 588 770 678 773 637 745 394 787 486 280 730 740 452 641 142 810 657 711 615 863 375 800 380 832 334 134 654 879 662 825 312 829 435 257 437 695 703 789 623 890 638 827 672 861 589 771 725 823 600 876 659 881 261 205 300 743 447 375 380 832 391 825 733 829 438 718 695 759 663 647 839 845 164 210 778 843 94 686 96 888 367 200 705 854 63 477 475 870 614 673 667 849 375 241 800 832 116 637 124 782 301 419 470 802 422 676 282 744 599 718 638 775 638 718 628 775 438 437 695 718 105 685 727 804 320 166 322 644 224 724 222 863 608 667 673 849 719 787 331 858 602 734 677 781 201 649 189 747 251 672 252 861 77 671 875 888 381 37 709 875 419 396 170 743 458 653 280 740 671 749 593 760 400 701 173 751 595 716 738 774 596 703 680 797 140 123 139 648 385 265 397 716 624 787 642 858 631 705 671 760 671 705 609 760 410 372 156 716 25 702 646 891 604 633 731 823 263 280 493 704 491 747 621 816 661 666 618 837 409 424 266 682 676 708 630 830 525 756 658 801 385 691 265 716 249 476 651 741 25 646 702 876 659 766 636 799 207 655 209 720 80 490 552 668 392 179 691 737 119 715 120 795 648 770 682 772 559 558 816 852 149 147 750 866 633 604 697 887 532 735 640 756 666 810 602 815 64 692 302 721 641 832 806 842 653 803 493 860 658 667 593 749 381 875 631 888 641 806 850 851 484 742 656 788 227 241 229 779 194 251 672 827 596 784 684 789 126 683 127 737 215 216 214 755 590 760 752 830 597 684 753 841 235 201 236 747 710 820 309 844 283 481 284 761 637 719 124 782 631 664 760 875 652 839 845 852 406 685 102 862 123 648 140 826 605 662 646 829 664 593 760 763 655 720 207 828 640 342 744 854 442 469 33 859 140 750 145 826 601 835 688 868 485 687 213 886 277 245 475 724 71 656 551 807 522 545 520 855 618 669 661 837 120 715 121 795 532 640 528 756 482 663 508 723 613 764 652 852 648 750 622 772 414 423 243 815 599 695 718 759 224 711 724 863 482 508 82 723 635 767 449 779 613 652 793 852 209 720 655 820 673 853 667 865 237 674 198 729 678 770 603 786 696 800 626 832 688 835 628 868 606 646 757 820 225 681 711 863 463 732 535 740 87 497 465 640 174 363 163 680 113 782 697 850 119 121 120 715 201 173 189 649 75 702 25 891 618 684 762 841 575 792 710 844 608 673 667 865 706 712 598 827 614 667 811 849 461 723 489 776 378 379 424 863 123 122 139 648 601 722 780 868 591 637 806 851 596 746 689 784 513 537 531 732 176 174 703 797 661 669 618 878 590 774 752 853 472 650 315 877 429 699 330 787 609 708 676 830 645 758 703 857 537 651 531 732 215 214 212 778 217 657 219 755 604 734 731 851 609 640 671 749 214 687 212 778 616 853 673 865 663 839 621 845 323 256 717 726 399 755 215 778 97 367 200 705 657 733 219 755 239 276 676 871 628 638 768 861 612 739 672 882 139 701 648 843 671 705 631 888 176 359 174 797 377 688 78 767 471 713 669 878 627 759 695 868 287 213 485 687 296 867 425 884 486 458 280 740 655 668 611 791 639 733 418 825 642 706 157 879 628 688 798 835 567 793 742 808 431 146 147 826 161 680 163 754 330 429 430 699 662 733 605 765 90 710 660 757 252 672 251 827 94 264 96 686 399 413 215 755 632 595 691 812 300 301 302 743 288 668 443 820 590 784 774 853 355 391 312 825 592 833 670 881 593 760 667 849 254 253 252 861 596 771 680 789 168 160 167 707 596 784 789 890 226 711 681 822 466 452 142 810 681 800 615 863 404 695 257 736 727 824 405 880 525 523 658 756 592 714 833 881 733 765 662 825 65 653 510 803 599 718 695 805 97 99 367 705 604 847 654 879 377 78 688 777 594 667 658 749 406 862 713 878 471 445 713 878 636 766 724 831 342 465 497 640 116 637 782 850 36 381 709 796 646 662 605 881 391 222 724 733 600 644 707 828 610 682 657 831 638 598 717 783 122 648 123 795 632 691 595 774 91 679 39 763 441 406 713 878 149 750 690 866 680 771 620 789 269 256 726 805 476 298 249 651 163 162 169 680 628 759 718 861 374 241 375 832 208 655 207 828 441 406 191 713 592 670 765 881 278 273 471 669 216 639 247 886 438 759 695 884 219 657 266 863 263 280 704 730 270 234 233 815 609 749 671 760 599 759 718 868 639 613 765 825 627 773 695 799 662 757 646 891 724 766 605 831 225 378 800 863 667 673 614 853 595 737 691 812 638 768 598 783 678 794 775 806 155 690 154 769 686 705 96 888 770 780 615 831 160 159 707 769 365 402 689 746 109 110 125 683 289 290 288 791 279 730 388 838 603 678 786 806 328 787 329 858 606 821 714 864 403 365 402 689 225 378 227 800 525 658 523 801 636 627 722 867 194 712 250 827 592 765 670 818 579 82 453 663 633 697 604 731 671 760 593 763 638 775 768 783 311 829 702 891 687 778 639 818 226 681 244 822 75 311 702 891 619 748 738 830 657 682 610 755 632 691 737 812 125 127 126 683 425 867 303 884 168 186 188 698 654 725 634 823 64 34 35 692 702 659 876 881 99 862 100 869 225 681 226 711 224 222 221 863 639 778 755 818 696 832 806 850 632 774 595 812 680 743 620 802 559 816 807 852 261 204 205 819 437 718 254 805 191 713 406 862 309 710 88 820 751 833 647 836 184 703 396 743 201 189 393 747 383 686 382 796 245 450 475 711 240 236 285 647 603 795 699 826 463 732 740 874 626 832 700 842 314 315 739 877 405 727 106 824 175 174 170 703 104 685 143 824 597 709 692 748 414 675 423 815 602 675 661 815 598 706 634 712 530 740 732 801 207 208 209 655 391 733 724 829 527 653 540 740 601 780 681 846 541 517 501 840 309 88 710 844 420 282 422 676 762 824 633 837 579 453 549 663 590 667 752 760 103 685 105 716 609 671 640 854 569 785 723 845 182 192 674 809 632 689 746 784 658 667 608 849 741 834 664 849 218 219 733 755 151 690 155 866 177 181 176 857 115 113 142 850 322 776 644 836 608 667 658 865 74 646 24 876 563 792 570 845 324 336 327 858 408 699 745 795 592 649 818 833 231 374 700 779 279 673 730 838 596 689 746 797 614 664 834 849 247 639 418 788 216 418 247 639 605 646 702 829 293 730 279 874 634 706 598 725 753 762 589 837 322 776 321 791 484 354 742 788 450 475 711 822 541 501 679 840 601 775 835 868 99 165 367 708 493 478 704 860 599 718 775 868 654 706 642 879 355 312 662 825 634 706 654 790 142 641 452 832 702 766 659 881 617 762 683 823 164 701 139 843 643 665 594 871 690 773 736 866 593 741 664 849 407 405 106 824 310 261 692 709 499 728 651 732 358 162 152 712 369 688 29 856 628 768 798 861 641 842 806 851 610 701 649 778 226 450 711 822 77 671 92 875 601 688 767 822 595 683 737 812 628 775 718 868 722 856 69 867 642 858 719 879 90 22 660 710 634 712 680 814 282 283 284 744 247 639 788 886 383 264 382 686 634 771 725 814 257 695 435 736 410 156 397 716 593 667 658 849 97 98 99 705 613 656 764 852 471 445 383 713 746 784 596 797 589 725 771 814 807 816 621 852 638 598 768 827 411 686 383 713 532 514 528 640 527 510 540 653 197 198 237 674 507 287 485 807 334 157 134 879 132 654 134 790 676 729 594 752 630 729 676 752 503 660 22 710 322 320 644 791 469 669 34 721 642 717 598 783 598 712 634 814 712 802 680 814 598 634 725 814 597 748 692 789 552 576 80 668 390 704 267 729 107 727 683 804 623 692 748 789 641 832 142 850 240 647 286 836 625 677 650 882 642 598 734 783 658 667 594 865 459 83 515 665 369 28 722 856 139 648 122 843 68 489 723 785 629 736 690 773 742 793 613 808 131 135 689 790 645 838 673 857 400 701 751 872 626 806 832 842 77 875 381 888 613 639 788 825 615 681 780 846 666 633 824 837 794 806 678 846 493 653 65 803 105 685 104 727 328 330 329 787 638 768 672 827 405 108 106 727 499 298 651 728 597 692 709 796 281 643 871 873 260 259 718 759 194 171 250 712 136 754 366 790 489 785 291 791 661 272 815 859 248 298 728 834 664 709 631 811 507 807 454 816 748 623 789 890 578 503 550 660 206 758 819 834 604 642 719 879 623 692 709 748 615 682 657 863 617 737 683 812 675 815 414 859 643 594 676 871 411 713 191 862 90 23 710 757 660 347 757 848 528 640 514 761 595 685 762 841 288 443 209 820 701 778 610 843 596 784 689 812 632 689 784 812 77 92 671 888 194 251 255 672 600 659 766 881 292 747 491 816 620 721 692 753 409 682 121 715 631 709 686 748 440 759 438 884 136 134 137 706 550 660 503 710 438 260 718 759 686 748 709 796 123 795 648 826 448 767 369 822 61 468 30 798 158 155 736 866 672 768 598 827 314 472 315 877 221 220 219 657 437 254 268 805 601 711 681 780 606 757 710 820 509 482 723 776 411 191 98 862 637 850 806 851 690 622 773 866 185 758 206 834 691 716 385 804 640 528 756 817 617 689 754 790 22 503 90 660 690 629 773 883 679 741 89 763 208 289 288 655 98 96 411 686 118 116 117 696 688 722 601 856 705 760 631 830 348 503 578 660 590 760 748 811 594 855 653 860 158 151 155 866 434 694 433 736 429 745 699 787 575 572 792 844 612 798 777 835 90 660 347 757 202 673 728 874 128 178 179 737 509 286 482 776 666 731 697 880 99 100 101 869 184 175 396 703 597 686 713 796 622 690 773 883 622 772 750 883 278 669 469 859 618 762 685 841 535 732 530 740 414 815 272 859 193 171 194 712 226 244 450 822 391 220 222 733 662 765 605 881 334 134 132 654 616 645 838 853 733 825 662 829 603 715 696 795 316 675 414 859 662 605 733 829 462 656 484 742 234 661 272 815 272 661 273 859 629 698 695 799 164 398 210 843 372 410 420 708 280 458 65 653 681 711 601 822 533 531 651 801 447 119 696 715 308 317 720 820 263 704 199 730 239 275 276 871 748 760 631 811 628 856 688 868 163 680 363 754 283 643 281 873 671 763 92 875 329 430 431 699 469 70 34 669 638 718 599 805 605 702 646 881 625 650 739 882 586 455 71 807 590 748 738 784 593 749 667 760 202 728 673 857 419 170 169 680 253 251 252 861 646 765 662 881 594 643 676 749 429 408 699 745 293 740 730 874 409 141 424 715 459 515 534 665 61 319 473 798 697 782 604 851 640 593 749 756 587 68 574 785 541 40 511 679 419 680 169 802 262 468 305 798 471 669 273 878 618 713 862 878 641 782 697 851 219 657 220 733 606 668 655 820 599 678 773 868 98 100 99 862 607 833 751 836 267 729 704 860 240 285 286 647 89 741 679 840 618 727 685 762 75 311 444 702 668 785 570 792 648 750 701 826 628 835 775 868 620 753 771 814 596 703 645 784 136 137 152 706 527 530 524 801 578 348 660 808 728 834 651 849 104 727 685 824 602 700 641 842 182 390 198 674 606 793 660 821 153 706 336 717 677 731 602 837 69 306 303 856 68 723 574 785 490 668 290 785 609 760 705 830 639 613 764 765 563 570 569 845 408 745 395 795 138 682 413 843 599 695 736 805 179 182 197 674 401 782 719 847 620 771 802 814 668 785 611 791 592 765 714 881 181 190 183 857 360 183 386 838 681 779 626 800 695 773 629 799 118 394 116 745 620 753 692 789 597 692 753 789 645 784 703 890 695 799 698 884 231 229 374 779 314 739 79 877 351 81 742 808 136 161 366 754 627 659 799 884 661 815 675 859 662 765 613 825 592 687 764 818 680 802 771 814 711 780 601 822 116 117 696 850 598 638 717 827 596 703 784 890 130 131 129 889 698 799 659 884 654 693 604 823 738 784 684 812 644 647 833 836 392 128 179 737 657 724 711 863 155 154 159 769 605 724 702 766 702 724 636 766 614 728 673 849 559 560 558 852 655 720 714 820 589 753 684 762 677 781 768 882 590 748 784 890 135 754 689 790 595 685 727 762 82 579 460 723 554 454 807 816 518 65 510 803 757 848 347 891 240 751 647 836 239 729 275 871 83 515 665 803 696 715 626 800 272 273 278 859 472 802 650 877 569 570 585 785 499 651 86 732 766 799 600 813 168 188 257 695 313 79 721 877 613 765 662 821 768 775 591 783 533 525 531 801 639 765 733 825 551 656 584 807 521 658 817 855 565 792 564 793 679 741 651 840 158 434 433 736 638 628 718 861 377 78 448 767 355 351 825 848 602 666 661 837 618 824 762 837 76 345 446 819 631 709 664 875 636 780 766 831 709 748 597 796 611 785 668 792 165 708 99 869 697 731 633 880 143 104 102 685 198 390 267 729 746 809 616 838 535 546 530 732 179 197 392 691 620 771 680 802 321 776 489 791 509 723 461 776 628 798 768 835 588 766 780 831 550 565 660 710 601 681 794 846 400 750 701 872 723 785 611 845 673 728 608 849 670 766 600 813 600 714 720 881 277 724 702 829 646 720 714 881 644 769 322 836 706 598 717 827 588 799 670 813 709 811 664 819 700 832 641 842 645 784 746 797 95 705 200 854 600 659 876 885 603 770 715 795 644 769 607 813 688 856 601 868 644 833 647 864 61 30 31 777 775 794 601 835 269 268 256 805 596 680 754 797 647 776 286 836 125 337 127 889 357 358 153 827 185 206 758 819 675 777 635 781 607 644 813 833 613 660 793 821 125 693 337 889 109 107 683 804 679 735 526 756 578 660 571 808 633 762 731 823 734 768 677 781 299 664 343 741 29 688 468 856 651 834 741 849 673 730 616 865 732 740 608 801 589 731 762 823 639 418 788 825 554 454 85 807 648 622 750 826 519 510 653 803 91 40 679 735 343 89 741 763 219 266 379 863 545 529 643 817 718 759 628 868 600 707 644 813 528 640 761 817 401 719 427 847 600 813 644 833 666 633 731 880 558 566 663 845 684 784 596 812 639 605 733 765 233 700 810 815 616 704 674 752 592 647 833 864 552 570 668 785 575 572 564 792 400 173 235 751 697 810 666 880 722 780 636 822 36 381 37 709 438 260 258 718 627 856 722 867 643 744 676 749 676 744 609 749 704 729 674 752 357 153 717 827 137 157 336 706 343 741 664 763 443 820 668 844 594 653 704 860 190 386 183 838 604 693 654 847 460 579 555 723 209 208 288 655 681 779 767 794 694 736 434 805 551 584 586 807 584 656 568 852 142 832 451 850 670 799 766 813 521 658 523 817 34 70 35 796 74 308 317 720 602 641 700 810 774 784 738 812 285 488 508 663 588 780 770 831 462 484 354 742 603 696 745 795 595 774 738 812 160 159 166 707 606 668 820 844 154 690 371 769 271 272 234 661 302 301 470 877 453 663 488 816 304 741 89 840 509 482 461 723 408 699 795 826 531 732 651 801 550 575 565 710 640 609 744 749 346 757 347 891 90 23 22 710 612 768 781 882 601 767 688 794 609 640 744 854 371 769 690 872 360 359 183 797 629 707 698 813 698 707 600 813 506 729 860 871 453 557 549 816 322 426 776 836 613 639 764 788 635 688 767 794 323 269 256 726 601 780 722 822 626 715 696 846 97 200 95 705 644 607 769 836 686 597 748 796 473 672 412 798 613 652 764 821 615 711 681 863 606 820 710 844 615 681 711 780 325 726 694 805 404 257 435 736 161 163 363 754 612 781 677 882 466 467 810 880 592 821 652 864 645 596 784 797 604 719 847 879 672 798 768 861 165 422 367 708 428 394 429 787 646 829 662 891 424 715 141 800 642 706 598 717 328 332 331 858 428 427 124 719 636 659 867 870 453 549 663 816 486 730 293 740 589 771 753 814 662 825 613 848 178 402 180 809 609 705 671 854 629 690 769 813 600 833 714 881 654 790 617 823 394 745 429 787 600 799 698 813 628 768 775 835 401 427 719 782 537 651 86 840 366 754 135 790 65 493 280 653 244 681 767 822 364 689 135 754 645 703 596 797 76 763 664 875 166 707 159 769 25 646 24 891 605 724 657 733 385 265 691 804 374 373 231 700 177 703 184 758 513 548 464 732 666 810 467 880 545 522 529 817 655 714 606 820 594 665 855 860 619 716 685 869 250 712 358 827 644 833 607 836 39 679 89 763 560 652 845 852 62 423 675 777 124 719 427 782 481 542 538 761 662 848 757 891 649 701 607 751 683 595 737 804 600 670 833 881 562 793 652 852 369 29 28 856 137 336 153 706 536 679 526 756 698 799 629 813 611 839 652 864 561 584 568 852 642 726 717 783 618 666 824 837 642 787 719 858 768 798 612 835 343 664 76 763 691 737 595 804 659 627 867 884 605 765 670 881 316 414 272 859 657 724 605 831 599 694 736 773 76 664 345 819 770 772 588 831 738 748 597 789 521 817 522 855 177 175 184 703 263 192 199 704 75 444 25 702 150 147 149 866 462 71 484 656 174 163 170 680 594 855 658 865 651 741 476 840 424 141 380 800 277 444 702 870 634 654 706 725 157 137 134 706 647 747 649 751 226 225 227 681 633 683 762 823 559 554 807 816 622 773 694 786 599 694 773 786 592 818 670 833 717 726 642 858 260 259 258 718 86 499 298 651 604 782 719 851 471 273 445 878 32 319 31 739 589 762 731 837 654 604 725 823 710 792 606 844 260 262 259 759 369 722 63 822 28 69 722 856 469 278 471 669 531 537 533 651 266 413 409 682 588 766 670 799 351 81 352 742 669 713 618 878 171 358 250 712 652 839 592 864 23 88 710 757 328 331 787 858 409 121 141 715 621 747 663 816 138 413 399 843 36 382 381 796 608 730 673 865 261 709 446 819 219 221 657 863 355 350 351 848 322 321 320 791 529 545 643 873 574 723 569 785 600 876 720 885 256 357 323 717 235 236 240 751 279 389 388 730 647 776 644 864 362 728 202 857 323 336 324 717 624 642 783 858 306 759 303 856 105 103 104 685 629 769 707 813 323 717 324 726 611 647 839 864 694 699 622 786 624 699 694 786 334 132 195 654 412 473 255 672 590 738 748 830 587 294 68 785 80 290 490 668 731 762 633 837 401 124 427 782 646 702 876 881 536 511 526 679 574 569 585 785 66 488 292 816 595 762 684 841 156 716 372 869 506 729 267 860 546 535 548 732 277 702 311 829 25 24 646 876 511 526 679 735 446 709 37 875 600 714 655 720 429 395 408 745 572 668 570 792 122 120 121 795 637 719 782 851 224 711 245 724 554 85 573 807 630 774 752 830 447 141 119 715 242 279 673 874 93 671 92 888 726 783 642 858 341 854 671 888 626 794 681 846 453 82 508 663 521 527 524 855 231 232 230 700 433 736 694 866 371 836 769 872 23 317 88 757 39 91 40 679 77 93 92 888 634 680 771 814 263 199 280 730 169 162 171 712 448 369 370 822 538 514 73 761 401 782 847 887 438 258 437 718 346 90 347 757 233 700 373 810 314 315 79 739 579 663 566 723 695 627 799 884 617 693 683 889 620 802 650 814 395 745 118 795 681 767 601 794 703 743 623 789 552 570 576 668 595 684 762 812 91 504 40 735 32 33 79 739 671 854 705 888 604 725 731 734 232 700 233 815 685 716 103 869 594 704 653 865 666 731 633 837 164 144 139 701 133 366 135 790 218 217 219 755 522 521 523 817 625 669 661 859 325 694 434 805 62 376 423 777 697 782 113 887 134 136 133 790 616 704 752 865 136 366 133 790 308 720 209 820 655 791 611 864 678 806 603 846 239 237 238 729 40 541 501 679 233 231 373 700 626 700 779 842 371 172 769 836 686 619 841 862 623 811 709 819 659 698 600 799 611 776 647 864 626 779 681 794 108 405 111 880 562 792 652 793 608 730 653 740 142 113 415 697 533 651 537 840 467 666 274 810 203 698 828 885 684 738 597 789 578 582 348 808 594 729 704 752 257 438 437 695 375 241 380 800 253 254 718 861 677 731 725 734 702 829 646 891 499 86 464 732 456 656 807 886 590 752 774 830 651 728 608 732 258 253 254 718 89 679 501 840 571 660 793 808 686 841 713 862 572 668 792 844 194 250 251 827 646 714 765 881 395 118 120 795 658 749 593 756 97 96 98 705 131 135 403 689 630 691 674 774 77 381 94 888 612 777 675 781 659 600 766 799 670 588 813 883 95 705 854 888 277 477 444 870 594 653 855 865 244 681 228 767 334 654 195 879 602 731 666 837 617 683 693 823 646 757 24 891 640 744 643 749 688 601 794 835 87 543 539 735 616 730 673 838 592 839 647 864 83 665 474 860 339 167 707 828 169 712 171 802 364 689 754 797 633 693 683 823 269 726 325 805 451 142 452 832 121 409 138 682 685 716 595 804 233 232 231 700 103 105 156 716 258 253 718 861 606 792 793 821 399 778 210 843 633 824 727 880 635 688 794 835 701 750 648 772 591 775 794 806 696 806 637 850 310 709 692 796 456 807 485 886 558 560 566 845 530 732 546 801 613 793 652 821 383 411 264 686 529 512 545 873 594 752 704 865 532 528 526 756 550 503 22 710 276 281 676 871 758 811 623 819 598 768 734 783 405 824 407 880 685 595 727 804 272 271 273 661 310 261 300 692 300 302 64 692 672 827 598 882 195 337 847 889 626 806 696 832 510 527 519 653 580 550 22 710 444 311 277 702 30 468 29 688 435 434 736 805 308 207 209 720 608 728 651 849 83 803 665 860 610 772 701 843 364 365 689 797 660 808 348 848 730 740 608 874 696 715 603 846 202 242 673 874 227 228 681 779 155 151 154 690 454 491 507 816 80 668 576 844 685 727 618 824 623 811 758 890 470 802 472 877 63 722 27 870 677 768 734 882 127 130 129 889 404 158 155 736 643 744 640 761 519 653 527 855 724 733 605 829 196 809 387 838 246 391 724 829 189 210 211 778 430 699 408 826 430 408 146 826 206 819 345 834 497 87 340 735 223 418 733 825 296 659 479 867 117 447 696 832 620 771 753 789 299 76 343 664 521 524 658 855 33 469 34 721 519 803 653 855 335 337 338 847 595 691 716 774 337 693 338 847 668 606 792 844 149 690 750 872 164 139 398 843 652 764 592 839 507 85 454 807 633 762 727 824 645 853 614 857 645 857 614 890 469 471 70 669 608 801 658 849 767 779 635 794 614 819 758 834 601 775 678 794 398 399 210 843 614 811 758 819 228 767 681 779 647 747 663 839 663 747 621 839 230 231 700 779 608 653 730 865 560 562 652 852 611 792 652 845 697 782 641 850 218 219 220 733 608 651 732 801 644 791 655 864 669 721 625 753 518 457 65 803 137 153 152 706 516 463 535 740 592 764 652 821 291 785 290 791 365 746 689 797 664 631 760 811 631 705 686 888 195 654 132 889 440 260 438 759 640 749 643 817 753 771 684 789 129 178 128 737 171 712 193 802 84 516 540 740 601 794 678 846 525 523 524 801 523 658 524 801 429 408 430 699 623 748 709 811 39 89 343 763 664 741 299 834 626 800 715 846 436 666 467 824 101 165 99 869 83 474 505 860 597 713 686 841 673 730 608 874 105 385 716 804 377 376 78 777 567 742 553 808 102 862 685 869 654 847 195 879 38 763 76 875 672 768 638 861 693 847 337 889 584 551 568 656 406 441 439 878 591 734 783 851 701 772 648 843 645 614 853 890 484 788 656 886 248 298 362 728 662 829 356 891 651 741 593 849 630 716 691 774 648 770 603 795 652 793 792 821 709 748 631 811 604 731 725 823 670 772 588 883 269 325 434 805 362 202 361 857 212 687 211 778 132 790 131 889 339 187 167 828 273 661 271 878 423 414 316 675 643 761 640 817 459 665 534 873 158 736 433 866 662 356 848 891 312 356 662 829 225 226 224 711 799 813 588 883 689 737 617 812 632 737 689 812 306 468 262 856 562 563 652 792 199 388 389 730 177 176 175 703 445 411 383 713 647 644 776 836 26 870 659 876 607 769 690 813 377 423 376 777 84 540 458 740 602 781 700 842 578 550 571 660 571 793 567 808 690 750 622 866 502 556 710 844 182 180 192 809 190 202 673 857 26 702 870 876 467 824 666 880 645 673 853 857 66 453 488 816 117 451 447 832 270 274 436 666 602 810 700 815 614 853 673 857 111 112 110 887 306 262 759 856 589 731 677 837 117 832 696 850 106 105 104 727 371 154 149 690 611 652 839 845 25 24 75 891 490 587 552 785 750 772 607 883 576 583 494 844 239 238 275 729 224 245 222 724 127 129 128 737 576 570 572 668 493 478 263 704 607 750 701 772 313 79 33 721 459 474 83 665 214 216 247 886 105 727 107 804 350 662 356 848 95 854 341 888 651 801 608 849 483 665 459 873 529 761 643 817 299 345 76 664 776 791 644 864 110 338 125 693 116 124 114 782 72 464 548 732 166 159 322 769 83 505 803 860 299 206 345 834 595 684 738 841 384 691 265 804 641 850 782 851 138 409 413 682 371 690 149 872 145 750 147 826 366 364 135 754 653 855 803 860 218 223 418 733 267 704 390 860 425 69 303 867 293 389 279 730 449 767 228 779 727 762 618 824 611 791 776 864 338 693 110 887 470 193 472 802 132 654 790 889 226 228 244 681 466 467 274 810 146 145 147 826 125 126 109 683 493 65 457 803 614 664 811 819 340 93 341 671 544 537 496 840 654 195 847 889 600 698 659 885 116 782 114 850 664 819 614 834 758 811 614 890 696 806 626 846 603 806 696 846 38 343 76 763 500 553 577 742 149 750 148 872 331 719 428 787 614 857 758 890 701 607 751 872 660 613 793 808 30 688 78 777 494 80 576 844 460 555 68 723 432 433 694 866 577 581 462 742 751 836 421 872 564 792 562 793 614 811 667 853 242 293 279 874 417 751 421 872 197 182 198 674 592 764 765 818 639 765 764 818 313 64 302 721 532 526 735 756 322 769 172 836 185 206 248 834 62 31 376 777 309 820 443 844 276 281 282 676 363 174 359 797 408 795 123 826 591 775 768 835 158 435 434 736 312 350 355 662 700 781 635 842 520 665 515 803 135 364 365 689 387 809 746 838 348 347 660 848 484 71 456 656 165 420 422 708 595 738 684 812 571 660 565 793 360 746 365 797 391 222 246 724 227 229 228 779 645 758 857 890 652 792 563 845 309 318 88 844 451 832 117 850 574 68 555 723 202 728 297 874 324 326 325 726 590 667 760 811 388 196 387 838 383 382 70 796 420 276 282 676 479 659 26 870 36 709 310 796 86 651 476 840 644 707 769 813 26 25 702 876 287 211 213 687 341 671 93 888 105 385 156 716 173 400 144 701 200 367 368 854 632 784 774 812 658 756 523 817 28 306 69 856 126 127 128 737 474 860 665 871 516 84 463 740 175 176 174 703 601 678 780 846 277 246 724 829 590 774 738 830 655 600 720 828 242 190 202 673 461 68 489 723 205 184 396 743 384 392 265 691 636 867 722 870 498 348 582 808 674 691 632 774 595 727 683 762 696 745 637 806 590 667 811 853 599 736 695 773 660 710 606 757 560 652 563 845 434 325 433 694 416 188 698 884 331 427 428 719 106 108 107 727 636 780 711 822 117 119 118 696 312 356 350 662 370 369 63 822 536 526 525 756 304 89 344 840 170 163 169 680 190 673 279 838 401 427 335 847 584 807 656 852 360 387 746 838 26 659 307 876 635 794 779 842 185 758 204 819 573 559 554 807 76 446 37 875 665 803 520 855 186 416 188 698 326 726 324 858 612 768 672 798 315 473 319 739 453 66 557 816 126 128 392 737 650 802 620 877 293 486 389 730 626 779 794 842 258 718 259 861 619 708 705 830 705 708 609 830 188 438 695 884 106 107 105 727 371 421 836 872 340 92 93 671 594 860 729 871 302 313 721 877 598 734 768 882 411 96 264 686 298 476 86 651 460 482 82 723 496 537 86 840 92 91 39 763 597 738 684 841 304 476 741 840 576 668 572 844 610 778 649 818 385 397 156 716 614 834 728 849 563 560 562 652 603 745 696 806 484 656 456 886 148 750 400 872 541 511 536 679 596 754 680 771 223 733 391 825 321 489 291 791 347 90 348 660 621 764 656 852 769 836 607 872 444 26 25 702 598 814 677 882 364 360 365 797 483 871 665 873 35 310 692 796 156 103 716 869 578 571 582 808 589 725 677 731 249 299 741 834 303 759 440 884 467 407 824 880 665 871 643 873 474 665 483 871 360 386 387 838 437 258 254 718 421 751 240 836 502 556 580 710 347 848 356 891 212 213 211 687 610 755 778 818 681 800 626 846 615 800 681 846 131 133 135 790 598 677 734 882 695 736 629 773 132 134 133 790 62 675 316 859 506 860 474 871 119 141 121 715 421 240 286 836 102 685 103 869 432 150 433 866 598 725 677 814 371 421 172 836 704 729 594 860 539 480 87 735 322 426 321 776 636 766 659 870 683 727 633 762 185 204 206 819 677 814 650 882 132 131 130 889 636 702 766 870 659 766 702 870 538 514 18 73 550 565 571 660 349 348 808 848 670 772 610 831 703 758 645 890 531 546 513 732 90 503 348 660 803 855 665 860 546 732 531 801 412 672 251 861 608 740 732 874 149 147 148 750 665 860 594 871 601 678 775 868 441 191 445 713 682 715 615 770 673 728 614 857 212 214 213 687 534 515 520 665 274 467 436 666 607 772 670 813 558 663 549 816 225 711 224 863 600 707 698 828 601 780 678 868 173 144 164 701 339 320 289 791 245 224 450 711 443 668 80 844 422 282 284 744 117 447 119 696 427 719 333 847 416 296 425 884 309 88 317 820 690 750 607 883 478 390 704 860 392 197 265 691 506 238 267 729 574 585 587 785 89 501 344 840 333 719 331 879 593 664 741 763 96 705 95 888 310 446 261 709 512 542 16 487 660 613 808 848 237 198 238 729 600 670 813 833 419 301 396 743 292 488 236 747 248 249 298 834 78 29 369 688 690 813 629 883 674 729 630 752 339 167 166 707 435 437 268 805 402 746 387 809 596 771 684 812 534 665 520 873 548 513 546 732 358 171 162 712 607 813 690 883 656 742 613 788 612 777 781 835 500 81 553 742 466 415 467 880 598 677 725 734 26 479 307 659 363 364 754 797 465 73 514 761 172 154 371 769 579 549 566 663 412 798 672 861 670 813 772 883 148 145 400 750 335 195 337 847 770 780 678 846 553 742 81 808 593 741 679 763 385 384 265 804 436 467 407 824 290 80 288 668 169 171 193 802 296 479 425 867 113 111 415 697 635 781 777 835 89 39 40 679 459 483 474 665 207 828 720 885 674 752 630 774 599 678 775 786 281 871 483 873 338 847 693 887 73 481 538 761 66 292 491 816 313 314 79 877 328 329 326 858 684 753 589 771 594 729 676 871 495 744 284 761 701 750 607 872 490 294 587 785 695 759 627 884 678 770 588 780 115 142 451 850 613 764 765 821 102 104 103 685 613 764 656 788 521 524 523 658 461 489 321 776 318 710 88 844 566 723 663 845 600 766 670 881 596 684 771 789 96 97 95 705 591 781 734 851 26 702 444 870 680 754 634 771 143 439 436 824 249 299 304 741 629 799 773 883 415 697 111 880 441 713 445 878 443 80 494 844 63 475 370 822 685 618 841 862 412 255 251 672 608 728 673 874 203 828 207 885 666 824 633 880 616 730 704 865 249 304 476 741 345 261 446 819 263 390 192 704 555 579 566 723 238 275 729 871 5 513 464 537 717 726 638 783 603 745 699 795 728 732 499 874 528 523 756 817 773 799 588 883 607 772 813 883 502 318 556 844 782 850 637 851 445 191 411 713 190 279 386 838 165 372 420 708 617 654 823 889 342 497 341 854 631 875 671 888 629 813 799 883 83 518 515 803 356 829 311 891 408 123 140 826 542 481 16 487 27 722 867 870 624 783 726 858 149 690 151 866 30 78 376 777 456 485 213 886 307 659 296 885 426 322 172 836 423 316 62 675 325 432 433 694 400 751 417 872 639 764 687 818 416 698 203 885 343 89 304 741 543 532 539 735 67 483 459 873 151 149 154 690 226 450 224 711 617 790 654 889 515 459 13 83 704 730 653 865 67 459 534 873 615 780 770 846 589 725 731 823 139 122 398 843 202 362 297 728 687 764 639 886 559 807 584 852 215 413 217 755 426 286 776 836 690 769 607 872 591 781 794 835 599 736 694 805 698 600 828 885 681 601 767 822 296 307 479 659 508 488 453 663 297 728 499 874 160 166 167 707 517 344 501 840 460 82 48 579 226 227 228 681 673 838 645 853 297 499 732 874 68 294 489 785 781 794 635 842 421 417 240 751 635 779 700 842 519 520 803 855 478 267 390 860 635 794 781 835 333 427 331 719 603 715 770 846 591 794 781 842 449 244 228 767 589 677 725 814 401 847 335 887 372 708 165 869 352 742 354 788 338 337 125 693 547 67 534 873 479 867 659 870 530 546 531 801 460 47 68 555 335 847 338 887 595 683 727 804 615 770 715 846 552 585 570 785 402 387 196 809 616 838 673 853 640 756 749 817 599 775 678 868 588 670 766 831 692 743 620 789 623 743 692 789 607 836 751 872 713 841 618 862 749 756 658 817 63 369 28 722 403 135 365 689 331 330 328 787 442 62 316 859 599 773 678 786 496 86 476 840 414 234 272 815 188 438 257 695 443 288 80 668 656 807 621 852 25 74 24 876 502 710 318 844 378 225 379 863 719 782 604 847 230 229 231 779 13 459 515 534 595 716 691 804 588 772 670 831 414 243 232 815 323 324 269 726 607 750 690 872 516 535 530 740 590 752 667 853 310 64 35 692 449 377 448 767 549 558 566 663 368 744 342 854 597 753 684 789 156 372 103 869 442 278 469 859 188 440 438 884 659 870 702 876 555 460 48 579 516 8 535 463 230 449 228 779 393 491 292 747 353 788 418 825 355 223 391 825 7 548 535 463 596 754 689 797 153 323 357 717 116 114 115 850 399 215 212 778 153 336 323 717 389 486 280 730 213 687 214 886 466 373 452 810 35 36 310 796 594 667 752 865 627 722 856 868 401 335 338 887 77 37 381 875 454 52 554 85 598 768 672 882 605 702 724 829 198 267 238 729 592 714 821 864 622 750 690 883 284 481 73 761 333 847 719 879 63 27 477 870 238 729 506 871 712 650 802 814 92 763 38 875 427 333 335 847 617 823 693 889 502 580 22 710 564 572 570 792 333 195 847 879 591 768 734 781 555 47 68 574 446 36 37 709 242 279 190 673 69 28 722 867 481 17 538 542 73 495 284 761 102 103 101 869 541 40 0 511 312 311 356 829 518 65 11 510 109 384 107 804 506 474 483 871 27 722 28 867 299 343 304 741 283 281 487 873 604 693 847 887 462 500 577 742 306 29 468 856 24 317 23 757 539 504 480 735 408 395 123 795 604 847 782 887 366 363 364 754 591 842 781 851 114 782 401 887 590 738 774 784 528 523 526 756 601 856 722 868 277 311 246 829 425 303 440 884 95 341 93 888 568 553 567 742 158 404 435 736 400 235 417 751 463 516 8 84 351 349 808 848 592 765 764 821 764 788 639 886 412 251 253 861 565 564 562 793 352 354 353 788 457 518 83 803 452 374 375 832 603 770 678 846 114 401 112 887 291 290 289 791 348 349 347 848 227 378 241 800 545 534 520 873 516 540 9 84 77 92 38 875 407 104 143 824 478 457 505 860 371 417 421 872 539 511 504 735 623 758 703 890 516 527 540 740 22 1 550 580 560 561 562 852 252 251 250 827 53 573 85 586 554 52 573 85 489 294 291 785 457 803 505 860 498 582 58 808 199 389 280 730 23 88 22 710 368 495 342 744 207 720 295 885 450 370 475 822 416 186 203 698 161 363 366 754 714 765 592 821 10 65 540 510 605 766 670 831 509 426 286 776 303 306 262 759 562 564 563 792 569 723 566 845 84 540 9 458 217 218 216 755 715 800 615 846 245 277 246 724 307 876 659 885 525 526 523 756 333 331 332 879 591 768 781 835 346 347 356 891 484 247 788 886 74 295 720 876 190 181 202 857 12 515 83 518 67 14 547 534 514 465 18 73 580 575 550 710 40 501 89 679 579 82 49 453 649 778 687 818 276 275 281 871 350 356 347 848 612 672 768 882 132 133 131 790 605 766 702 881 574 555 569 723 612 781 768 835 185 184 204 758 84 458 486 740 78 30 29 688 353 355 351 825 574 46 68 587 87 480 340 735 605 670 766 881 467 405 407 880 577 500 57 553 456 455 485 807 811 853 614 890 519 520 515 803 428 429 330 787 205 301 300 743 759 627 856 868 548 7 72 463 693 823 654 889 495 73 465 761 506 267 474 860 49 549 579 453 521 522 520 855 551 71 55 581 416 203 296 885 305 798 412 861 65 11 457 518 455 53 85 586 313 34 64 721 244 370 450 822 519 527 521 855 58 582 553 808 607 813 670 833 72 297 732 874 324 325 269 726 556 575 710 844 635 777 688 835 748 811 623 890 203 187 207 828 590 811 748 890 30 376 31 777 543 539 20 87 529 528 761 817 63 28 27 722 720 828 600 885 734 768 591 783 187 339 208 828 463 84 293 740 401 114 124 782 14 67 459 534 65 10 540 458 558 554 559 816 720 876 295 885 591 806 842 851 424 380 378 800 86 5 464 537 591 794 775 835 354 418 353 788 626 806 794 846 69 27 28 867 577 568 581 742 441 271 439 878 592 833 714 864 357 250 358 827 122 123 120 795 499 362 298 728 100 406 102 862 365 387 402 746 100 98 191 862 258 259 253 861 195 132 130 889 352 81 500 742 585 552 587 785 29 306 28 856 575 580 556 710 95 200 341 854 94 96 95 888 202 297 242 874 604 782 697 887 571 567 553 808 654 847 693 889 101 372 165 869 340 480 91 735 354 484 247 788 122 138 398 843 346 24 757 891 210 212 211 778 591 806 794 842 587 46 68 294 567 571 565 793 794 806 626 842 478 390 263 704 457 12 83 518 538 542 529 761 656 788 764 886 115 451 117 850 310 300 64 692 346 23 90 757 555 566 569 723 352 462 354 742 504 0 40 511 363 359 364 797 333 334 195 879 581 71 55 462 36 446 310 709 219 379 221 863 236 201 292 747 608 732 728 874 461 482 460 723 112 338 110 887 335 333 195 847 259 305 412 861 72 492 297 874 393 292 201 747 84 486 293 740 172 322 159 769 583 556 318 844 440 303 260 759 398 138 399 843 519 518 510 803 394 118 395 745 557 66 51 816 105 107 385 804 586 584 573 807 371 149 148 872 351 349 81 808 74 295 308 720 327 332 328 858 516 530 527 740 146 140 145 826 147 145 148 750 33 34 313 721 233 373 274 810 422 284 368 744 553 500 57 81 435 268 434 805 116 115 117 850 294 290 291 785 344 517 544 840 550 1 22 503 321 509 461 776 217 216 215 755 557 558 549 816 305 473 412 798 685 862 619 869 360 387 365 746 318 42 556 583 318 309 443 844 354 247 418 788 203 207 295 885 327 326 324 858 268 269 434 805 305 468 61 798 559 573 584 807 461 460 68 723 220 391 223 733 180 196 192 809 158 433 151 866 246 312 391 829 349 348 498 808 394 395 429 745 309 209 443 820 470 419 193 802 490 587 45 552 590 853 811 890 281 483 67 873 512 487 547 873 304 344 476 840 453 50 549 557 295 207 308 720 3 544 344 517 502 88 318 710 511 532 526 735 150 149 151 866 185 177 184 758 498 58 81 808 628 759 856 868 337 130 127 889 417 235 240 751 577 553 568 742 279 388 386 838 79 319 32 739 252 250 357 827 331 428 330 787 225 224 221 863 451 375 447 832 539 480 20 87 159 154 172 769 583 494 43 576 364 359 360 797 73 17 538 481 685 841 619 862 234 232 233 815 238 506 275 871 426 421 286 836 361 181 177 857 245 246 222 724 529 528 514 761 75 356 311 891 294 587 45 490 273 441 445 878 368 342 200 854 583 318 494 844 66 50 453 557 464 513 6 548 419 169 193 802 260 303 262 759 187 208 207 828 58 553 81 808 314 470 472 877 388 387 386 838 210 399 212 778 191 406 100 862 586 71 54 551 496 344 544 840 230 228 229 779 504 91 480 735 148 400 417 872 220 223 218 733 297 499 72 732 79 315 319 739 499 297 362 728 449 448 244 767 24 23 346 757 337 195 130 889 343 38 39 763 70 382 35 796 27 867 479 870 464 6 72 548 291 320 321 791 547 487 67 873 345 204 261 819 205 396 301 743 590 784 853 890 42 318 494 583 544 533 537 840 66 454 51 816 402 196 180 809 566 560 563 845 143 436 407 824 408 140 146 826 15 547 512 487 305 61 473 798 308 309 317 820 395 120 123 795 570 563 564 792 556 572 575 844 576 494 43 80 353 418 223 825 490 290 294 785 241 378 380 800 576 572 583 844 544 537 4 496 85 507 485 807 3 544 496 344 529 522 528 817 334 332 157 879 204 345 206 819 273 271 441 878 645 853 784 890 464 72 499 732 26 444 477 870 491 454 66 816 307 295 876 885 200 342 341 854 361 202 181 857 517 536 533 840 316 272 278 859 451 452 375 832 415 111 405 880 308 209 309 820 519 521 520 855 426 509 321 776 547 15 67 487 373 466 274 810 346 75 24 891 22 88 502 710 505 457 83 803 38 92 39 763 455 71 54 586 495 368 284 744 74 307 295 876 569 566 563 845 541 0 40 501 421 426 172 836 27 479 26 870 538 529 514 761 101 103 372 869 492 293 242 874 541 517 2 501 21 504 539 511 107 384 385 804 539 532 511 735 35 382 36 796 547 534 545 873 483 281 275 871 302 314 313 877 462 352 500 742 22 1 580 502 502 41 580 556 401 338 112 887 523 528 522 817 267 505 474 860 344 2 517 501 525 524 531 801 206 299 249 834 537 86 4 496 487 281 67 873 246 311 312 829 351 350 349 848 556 502 41 318 21 504 480 539 234 414 232 815 524 530 531 801 26 307 25 876 561 560 559 852 259 412 253 861 584 561 559 852 248 206 249 834 76 37 38 875 213 214 456 886 302 470 314 877 327 328 326 858 433 150 151 866 318 443 494 844 562 567 565 793 578 60 550 503 291 289 320 791 77 94 93 888 476 344 496 840 18 19 465 514 440 416 425 884 48 47 460 555 353 223 355 825 267 478 505 860 553 582 571 808 225 221 379 863 316 278 442 859 467 415 405 880 60 578 348 503 516 9 8 84 37 77 38 875 371 148 417 872 65 10 11 510 349 498 81 808 41 42 556 318 553 57 58 81 459 13 14 534 344 2 3 517 440 188 416 884 485 455 85 807 515 518 519 803 425 479 69 867 16 15 512 487 334 333 332 879 554 558 557 816 346 356 75 891 576 43 44 80 484 456 247 886 69 479 27 867 547 545 512 873 74 25 307 876 515 13 12 83 307 296 295 885 21 0 504 511 27 26 477 870 350 347 349 848 55 56 581 462 247 456 214 886 72 6 7 548 540 10 9 458 295 296 203 885 94 95 93 888 587 45 46 294 52 53 573 85 16 17 481 542 578 59 60 348 52 51 454 554 86 4 5 537 8 7 535 463 55 54 71 551 457 11 12 518 583 572 556 844 50 66 51 557 549 49 50 453 275 506 483 871 297 492 242 874 82 49 48 579 20 21 480 539 60 1 550 503 544 517 533 840 18 17 538 73 46 68 47 574 15 67 14 547 543 20 19 87 513 6 5 464 45 44 490 552 455 54 53 586 43 42 494 583 544 4 3 496 2 0 541 501 580 1 41 502 59 58 498 582 500 57 56 577 777 243 675 635 777 675 243 423 707 791 320 339 320 791 707 644 694 329 326 432 694 326 329 624 747 211 287 687 747 287 211 393 878 666 618 661 878 618 666 824 744 708 367 422 744 367 708 609 776 785 723 489 723 785 776 611 810 270 815 666 810 815 270 233 778 639 214 687 778 214 639 755 758 205 743 184 758 743 205 623 824 406 685 143 824 685 406 618 861 262 759 259 861 759 262 628 852 845 816 663 558 816 845 663 743 877 692 620 692 877 743 302 743 877 802 301 802 877 743 620 852 558 845 560 852 845 558 816 567 852 562 561 562 852 567 793 183 857 176 181 176 857 183 645 826 144 648 140 826 648 144 701 139 648 144 140 139 144 648 701 514 87 19 465 514 19 87 543 707 186 168 698 707 168 186 167 819 205 758 204 819 758 205 623 616 196 192 199 616 192 196 809 810 415 142 466 810 142 415 697 124 787 394 428 394 787 124 637 878 824 406 618 878 406 824 439 857 185 177 361 857 177 185 758 33 859 32 442 32 859 33 625 766 780 799 588 799 780 766 636 868 695 773 599 868 773 695 627 877 625 620 650 877 620 625 721 753 620 625 650 753 625 620 721 863 222 657 724 863 657 222 221 744 283 761 643 744 761 283 284 886 621 764 656 886 764 621 687 884 885 416 296 416 885 884 698 760 748 830 590 760 830 748 631 733 222 657 220 733 657 222 724 809 182 179 674 809 179 182 180 840 541 536 679 840 536 541 517 828 186 203 187 828 203 186 698 828 167 186 187 828 186 167 707 804 126 109 384 804 109 126 683 735 40 511 504 735 511 40 679 481 873 761 643 529 761 873 643 529 873 761 512 817 545 855 643 817 855 545 522 848 355 662 825 848 662 355 350 882 712 814 650 882 814 712 598 750 144 400 701 750 400 144 145 857 362 248 361 857 248 362 728 874 463 293 740 874 293 463 492 720 881 876 600 876 881 720 646 865 853 752 616 865 752 853 667 520 873 855 545 855 873 520 665 767 78 369 688 767 369 78 448 807 71 456 455 807 456 71 656 157 879 327 642 157 327 879 332 858 327 879 642 858 879 327 332 542 487 873 481 873 487 542 512 873 761 542 481 542 761 873 512 800 141 447 715 800 447 141 380 552 80 44 490 552 44 80 576 345 834 664 299 664 834 345 819 850 114 113 782 850 113 114 115 826 430 431 146 826 431 430 699 582 348 59 578 59 348 582 498 843 772 682 610 843 682 772 648 869 100 102 862 869 102 100 101 548 463 732 535 732 463 548 72 773 866 694 736 694 866 773 622 852 839 764 652 852 764 839 621 106 824 104 407 104 824 106 727 822 448 244 370 822 244 448 767 887 113 111 112 887 111 113 697 860 457 493 478 860 493 457 803 887 114 113 112 887 113 114 782 577 462 56 500 577 56 462 581 464 537 732 86 732 537 464 513 874 72 463 732 874 463 72 492 51 816 554 557 554 816 51 454 85 586 807 455 807 586 85 573</DataArray>
        <DataArray type="Int32" Name="offsets" format="ascii">4 8 12 16 20 24 28 32 36 40 44 48 52 56 60 64 68 72 76 80 84 88 92 96 100 104 108 112 116 120 124 128 132 136 140 144 148 152 156 160 164 168 172 176 180 184 188 192 196 200 204 208 212 216 220 224 228 232 236 240 244 248 252 256 260 264 268 272 276 280 284 288 292 296 300 304 308 312 316 320 324 328 332 336 340 344 348 352 356 360 364 368 372 376 380 384 388 392 396 400 404 408 412 416 420 424 428 432 436 440 444 448 452 456 460 464 468 472 476 480 484 488 492 496 500 504 508 512 516 520 524 528 532 536 540 544 548 552 556 560 564 568 572 576 580 584 588 592 596 600 604 608 612 616 620 624 628 632 636 640 644 648 652 656 660 664 668 672 676 680 684 688 692 696 700 704 708 712 716 720 724 728 732 736 740 744 748 752 756 760 764 768 772 776 780 784 788 792 796 800 804 808 812 816 820 824 828 832 836 840 844 848 852 856 860 864 868 872 876 880 884 888 892 896 900 904 908 912 916 920 924 928 932 936 940 944 948 952 956 960 964 968 972 976 980 984 988 992 996 1000 1004 1008 1012 1016 1020 1024 1028 1032 1036 1040 1044 1048 1052 1056 1060 1064 1068 1072 1076 1080 1084 1088 1092 1096 1100 1104 1108 1112 1116 1120 1124 1128 1132 1136 1140 1144 1148 1152 1156 1160 1164 1168 1172 1176 1180 1184 1188 1192 1196 1200 1204 1208 1212 1216 1220 1224 1228 1232 1236 1240 1244 1248 1252 1256 1260 1264 1268 1272 1276 1280 1284 1288 1292 1296 1300 1304 1308 1312 1316 1320 1324 1328 1332 1336 1340 1344 1348 1352 1356 1360 1364 1368 1372 1376 1380 1384 1388 1392 1396 1400 1404 1408 1412 1416 1420 1424 1428 1432 1436 1440 1444 1448 1452 1456 1460 1464 1468 1472 1476 1480 1484 1488 1492 1496 1500 1504 1508 1512 1516 1520 1524 1528 1532 1536 1540 1544 1548 1552 1556 1560 1564 1568 1572 1576 1580 1584 1588 1592 1596 1600 1604 1608 1612 1616 1620 1624 1628 1632 1636 1640 1644 1648 1652 1656 1660 1664 1668 1672 1676 1680 1684 1688 1692 1696 1700 1704 1708 1712 1716 1720 1724 1728 1732 1736 1740 1744 1748 1752 1756 1760 1764 1768 1772 1776 1780 1784 1788 1792 1796 1800 1804 1808 1812 1816 1820 1824 1828 1832 1836 1840 1844 1848 1852 1856 1860 1864 1868 1872 1876 1880 1884 1888 1892 1896 1900 1904 1908 1912 1916 1920 1924 1928 1932 1936 1940 1944 1948 1952 1956 1960 1964 1968 1972 1976 1980 1984 1988 1992 1996 2000 2004 2008 2012 2016 2020 2024 2028 2032 2036 2040 2044 2048 2052 2056 2060 2064 2068 2072 2076 2080 2084 2088 2092 2096 2100 2104 2108 2112 2116 2120 2124 2128 2132 2136 2140 2144 2148 2152 2156 2160 2164 2168 2172 2176 2180 2184 2188 2192 2196 2200 2204 2208 2212 2216 2220 2224 2228 2232 2236 2240 2244 2248 2252 2256 2260 2264 2268 2272 2276 2280 2284 2288 2292 2296 2300 2304 2308 2312 2316 2320 2324 2328 2332 2336 2340 2344 2348 2352 2356 2360 2364 2368 2372 2376 2380 2384 2388 2392 2396 2400 2404 2408 2412 2416 2420 2424 2428 2432 2436 2440 2444 2448 2452 2456 2460 2464 2468 2472 2476 2480 2484 2488 2492 2496 2500 2504 2508 2512 2516 2520 2524 2528 2532 2536 2540 2544 2548 2552 2556 2560 2564 2568 2572 2576 2580 2584 2588 2592 2596 2600 2604 2608 2612 2616 2620 2624 2628 2632 2636 2640 2644 2648 2652 2656 2660 2664 2668 2672 2676 2680 2684 2688 2692 2696 2700 2704 2708 2712 2716 2720 2724 2728 2732 2736 2740 2744 2748 2752 2756 2760 2764 2768 2772 2776 2780 2784 2788 2792 2796 2800 2804 2808 2812 2816 2820 2824 2828 2832 2836 2840 2844 2848 2852 2856 2860 2864 2868 2872 2876 2880 2884 2888 2892 2896 2900 2904 2908 2912 2916 2920 2924 2928 2932 2936 2940 2944 2948 2952 2956 2960 2964 2968 2972 2976 2980 2984 2988 2992 2996 3000 3004 3008 3012 3016 3020 3024 3028 3032 3036 3040 3044 3048 3052 3056 3060 3064 3068 3072 3076 3080 3084 3088 3092 3096 3100 3104 3108 3112 3116 3120 3124 3128 3132 3136 3140 3144 3148 3152 3156 3160 3164 3168 3172 3176 3180 3184 3188 3192 3196 3200 3204 3208 3212 3216 3220 3224 3228 3232 3236 3240 3244 3248 3252 3256 3260 3264 3268 3272 3276 3280 3284 3288 3292 3296 3300 3304 3308 3312 3316 3320 3324 3328 3332 3336 3340 3344 3348 3352 3356 3360 3364 3368 3372 3376 3380 3384 3388 3392 3396 3400 3404 3408 3412 3416 3420 3424 3428 3432 3436 3440 3444 3448 3452 3456 3460 3464 3468 3472 3476 3480 3484 3488 3492 3496 3500 3504 3508 3512 3516 3520 3524 3528 3532 3536 3540 3544 3548 3552 3556 3560 3564 3568 3572 3576 3580 3584 3588 3592 3596 3600 3604 3608 3612 3616 3620 3624 3628 3632 3636 3640 3644 3648 3652 3656 3660 3664 3668 3672 3676 3680 3684 3688 3692 3696 3700 3704 3708 3712 3716 3720 3724 3728 3732 3736 3740 3744 3748 3752 3756 3760 3764 3768 3772 3776 3780 3784 3788 3792 3796 3800 3804 3808 3812 3816 3820 3824 3828 3832 3836 3840 3844 3848 3852 3856 3860 3864 3868 3872 3876 3880 3884 3888 3892 3896 3900 3904 3908 3912 3916 3920 3924 3928 3932 3936 3940 3944 3948 3952 3956 3960 3964 3968 3972 3976 3980 3984 3988 3992 3996 4000 4004 4008 4012 4016 4020 4024 4028 4032 4036 4040 4044 4048 4052 4056 4060 4064 4068 4072 4076 4080 4084 4088 4092 4096 4100 4104 4108 4112 4116 4120 4124 4128 4132 4136 4140 4144 4148 4152 4156 4160 4164 4168 4172 4176 4180 4184 4188 4192 4196 4200 4204 4208 4212 4216 4220 4224 4228 4232 4236 4240 4244 4248 4252 4256 4260 4264 4268 4272 4276 4280 4284 4288 4292 4296 4300 4304 4308 4312 4316 4320 4324 4328 4332 4336 4340 4344 4348 4352 4356 4360 4364 4368 4372 4376 4380 4384 4388 4392 4396 4400 4404 4408 4412 4416 4420 4424 4428 4432 4436 4440 4444 4448 4452 4456 4460 4464 4468 4472 4476 4480 4484 4488 4492 4496 4500 4504 4508 4512 4516 4520 4524 4528 4532 4536 4540 4544 4548 4552 4556 4560 4564 4568 4572 4576 4580 4584 4588 4592 4596 4600 4604 4608 4612 4616 4620 4624 4628 4632 4636 4640 4644 4648 4652 4656 4660 4664 4668 4672 4676 4680 4684 4688 4692 4696 4700 4704 4708 4712 4716 4720 4724 4728 4732 4736 4740 4744 4748 4752 4756 4760 4764 4768 4772 4776 4780 4784 4788 4792 4796 4800 4804 4808 4812 4816 4820 4824 4828 4832 4836 4840 4844 4848 4852 4856 4860 4864 4868 4872 4876 4880 4884 4888 4892 4896 4900 4904 4908 4912 4916 4920 4924 4928 4932 4936 4940 4944 4948 4952 4956 4960 4964 4968 4972 4976 4980 4984 4988 4992 4996 5000 5004 5008 5012 5016 5020 5024 5028 5032 5036 5040 5044 5048 5052 5056 5060 5064 5068 5072 5076 5080 5084 5088 5092 5096 5100 5104 5108 5112 5116 5120 5124 5128 5132 5136 5140 5144 5148 5152 5156 5160 5164 5168 5172 5176 5180 5184 5188 5192 5196 5200 5204 5208 5212 5216 5220 5224 5228 5232 5236 5240 5244 5248 5252 5256 5260 5264 5268 5272 5276 5280 5284 5288 5292 5296 5300 5304 5308 5312 5316 5320 5324 5328 5332 5336 5340 5344 5348 5352 5356 5360 5364 5368 5372 5376 5380 5384 5388 5392 5396 5400 5404 5408 5412 5416 5420 5424 5428 5432 5436 5440 5444 5448 5452 5456 5460 5464 5468 5472 5476 5480 5484 5488 5492 5496 5500 5504 5508 5512 5516 5520 5524 5528 5532 5536 5540 5544 5548 5552 5556 5560 5564 5568 5572 5576 5580 5584 5588 5592 5596 5600 5604 5608 5612 5616 5620 5624 5628 5632 5636 5640 5644 5648 5652 5656 5660 5664 5668 5672 5676 5680 5684 5688 5692 5696 5700 5704 5708 5712 5716 5720 5724 5728 5732 5736 5740 5744 5748 5752 5756 5760 5764 5768 5772 5776 5780 5784 5788 5792 5796 5800 5804 5808 5812 5816 5820 5824 5828 5832 5836 5840 5844 5848 5852 5856 5860 5864 5868 5872 5876 5880 5884 5888 5892 5896 5900 5904 5908 5912 5916 5920 5924 5928 5932 5936 5940 5944 5948 5952 5956 5960 5964 5968 5972 5976 5980 5984 5988 5992 5996 6000 6004 6008 6012 6016 6020 6024 6028 6032 6036 6040 6044 6048 6052 6056 6060 6064 6068 6072 6076 6080 6084 6088 6092 6096 6100 6104 6108 6112 6116 6120 6124 6128 6132 6136 6140 6144 6148 6152 6156 6160 6164 6168 6172 6176 6180 6184 6188 6192 6196 6200 6204 6208 6212 6216 6220 6224 6228 6232 6236 6240 6244 6248 6252 6256 6260 6264 6268 6272 6276 6280 6284 6288 6292 6296 6300 6304 6308 6312 6316 6320 6324 6328 6332 6336 6340 6344 6348 6352 6356 6360 6364 6368 6372 6376 6380 6384 6388 6392 6396 6400 6404 6408 6412 6416 6420 6424 6428 6432 6436 6440 6444 6448 6452 6456 6460 6464 6468 6472 6476 6480 6484 6488 6492 6496 6500 6504 6508 6512 6516 6520 6524 6528 6532 6536 6540 6544 6548 6552 6556 6560 6564 6568 6572 6576 6580 6584 6588 6592 6596 6600 6604 6608 6612 6616 6620 6624 6628 6632 6636 6640 6644 6648 6652 6656 6660 6664 6668 6672 6676 6680 6684 6688 6692 6696 6700 6704 6708 6712 6716 6720 6724 6728 6732 6736 6740 6744 6748 6752 6756 6760 6764 6768 6772 6776 6780 6784 6788 6792 6796 6800 6804 6808 6812 6816 6820 6824 6828 6832 6836 6840 6844 6848 6852 6856 6860 6864 6868 6872 6876 6880 6884 6888 6892 6896 6900 6904 6908 6912 6916 6920 6924 6928 6932 6936 6940 6944 6948 6952 6956 6960 6964 6968 6972 6976 6980 6984 6988 6992 6996 7000 7004 7008 7012 7016 7020 7024 7028 7032 7036 7040 7044 7048 7052 7056 7060 7064 7068 7072 7076 7080 7084 7088 7092 7096 7100 7104 7108 7112 7116 7120 7124 7128 7132 7136 7140 7144 7148 7152 7156 7160 7164 7168 7172 7176 7180 7184 7188 7192 7196 7200 7204 7208 7212 7216 7220 7224 7228 7232 7236 7240 7244 7248 7252 7256 7260 7264 7268 7272 7276 7280 7284 7288 7292 7296 7300 7304 7308 7312 7316 7320 7324 7328 7332 7336 7340 7344 7348 7352 7356 7360 7364 7368 7372 7376 7380 7384 7388 7392 7396 7400 7404 7408 7412 7416 7420 7424 7428 7432 7436 7440 7444 7448 7452 7456 7460 7464 7468 7472 7476 7480 7484 7488 7492 7496 7500 7504 7508 7512 7516 7520 7524 7528 7532 7536 7540 7544 7548 7552 7556 7560 7564 7568 7572 7576 7580 7584 7588 7592 7596 7600 7604 7608 7612 7616 7620 7624 7628 7632 7636 7640 7644 7648 7652 7656 7660 7664 7668 7672 7676 7680 7684 7688 7692 7696 7700 7704 7708 7712 7716 7720 7724 7728 7732 7736 7740 7744 7748 7752 7756 7760 7764 7768 7772 7776 7780 7784 7788 7792 7796 7800 7804 7808 7812 7816 7820 7824 7828 7832 7836 7840 7844 7848 7852 7856 7860 7864 7868 7872 7876 7880 7884 7888 7892 7896 7900 7904 7908 7912 7916 7920 7924 7928 7932 7936 7940 7944 7948 7952 7956 7960 7964 7968 7972 7976 7980 7984 7988 7992 7996 8000 8004 8008 8012 8016 8020 8024 8028 8032 8036 8040 8044 8048 8052 8056 8060 8064 8068 8072 8076 8080 8084 8088 8092 8096 8100 8104 8108 8112 8116 8120 8124 8128 8132 8136 8140 8144 8148 8152 8156 8160 8164 8168 8172 8176 8180 8184 8188 8192 8196 8200 8204 8208 8212 8216 8220 8224 8228 8232 8236 8240 8244 8248 8252 8256 8260 8264 8268 8272 8276 8280 8284 8288 8292 8296 8300 8304 8308 8312 8316 8320 8324 8328 8332 8336 8340 8344 8348 8352 8356 8360 8364 8368 8372 8376 8380 8384 8388 8392 8396 8400 8404 8408 8412 8416 8420 8424 8428 8432 8436 8440 8444 8448 8452 8456 8460 8464 8468 8472 8476 8480 8484 8488 8492 8496 8500 8504 8508 8512 8516 8520 8524 8528 8532 8536 8540 8544 8548 8552 8556 8560 8564 8568 8572 8576 8580 8584 8588 8592 8596 8600 8604 8608 8612 8616 8620 8624 8628 8632 8636 8640 8644 8648 8652 8656 8660 8664 8668 8672 8676 8680 8684 8688 8692 8696 8700 8704 8708 8712 8716 8720 8724 8728 8732 8736 8740 8744 8748 8752 8756 8760 8764 8768 8772 8776 8780 8784 8788 8792 8796 8800 8804 8808 8812 8816 8820 8824 8828 8832 8836 8840 8844 8848 8852 8856 8860 8864 8868 8872 8876 8880 8884 8888 8892 8896 8900 8904 8908 8912 8916 8920 8924 8928 8932 8936 8940 8944 8948 8952 8956 8960 8964 8968 8972 8976 8980 8984 8988 8992 8996 9000 9004 9008 9012 9016 9020 9024 9028 9032 9036 9040 9044 9048 9052 9056 9060 9064 9068 9072 9076 9080 9084 9088 9092 9096 9100 9104 9108 9112 9116 9120 9124 9128 9132 9136 9140 9144 9148 9152 9156 9160 9164 9168 9172 9176 9180 9184 9188 9192 9196 9200 9204 9208 9212 9216 9220 9224 9228 9232 9236 9240 9244 9248 9252 9256 9260 9264 9268 9272 9276 9280 9284 9288 9292 9296 9300 9304 9308 9312 9316 9320 9324 9328 9332 9336 9340 9344 9348 9352 9356 9360 9364 9368 9372 9376 9380 9384 9388 9392 9396 9400 9404 9408 9412 9416 9420 9424 9428 9432 9436 9440 9444 9448 9452 9456 9460 9464 9468 9472 9476 9480 9484 9488 9492 9496 9500 9504 9508 9512 9516 9520 9524 9528 9532 9536 9540 9544 9548 9552 9556 9560 9564 9568 9572 9576 9580 9584 9588 9592 9596 9600 9604 9608 9612 9616 9620 9624 9628 9632 9636 9640 9644 9648 9652 9656 9660 9664 9668 9672 9676 9680 9684 9688 9692 9696 9700 9704 9708 9712 9716 9720 9724 9728 9732 9736 9740 9744 9748 9752 9756 9760 9764 9768 9772 9776 9780 9784 9788 9792 9796 9800 9804 9808 9812 9816 9820 9824 9828 9832 9836 9840 9844 9848 9852 9856 9860 9864 9868 9872 9876 9880 9884 9888 9892 9896 9900 9904 9908 9912 9916 9920 9924 9928 9932 9936 9940 9944 9948 9952 9956 9960 9964 9968 9972 9976 9980 9984 9988 9992 9996 10000 10004 10008 10012 10016 10020 10024 10028 10032 10036 10040 10044 10048 10052 10056 10060 10064 10068 10072 10076 10080 10084 10088 10092 10096 10100 10104 10108 10112 10116 10120 10124 10128 10132 10136 10140 10144 10148 10152 10156 10160 10164 10168 10172 10176 10180 10184 10188 10192 10196 10200 10204 10208 10212 10216 10220 10224 10228 10232 10236 10240 10244 10248 10252 10256 10260 10264 10268 10272 10276 10280 10284 10288 10292 10296 10300 10304 10308 10312 10316 10320 10324 10328 10332 10336 10340 10344 10348 10352 10356 10360 10364 10368 10372 10376 10380 10384 10388 10392 10396 10400 10404 10408 10412 10416 10420 10424 10428 10432 10436 10440 10444 10448 10452 10456 10460 10464 10468 10472 10476 10480 10484 10488 10492 10496 10500 10504 10508 10512 10516 10520 10524 10528 10532 10536 10540 10544 10548 10552 10556 10560 10564 10568 10572 10576 10580 10584 10588 10592 10596 10600 10604 10608 10612 10616 10620 10624 10628 10632 10636 10640 10644 10648 10652 10656 10660 10664 10668 10672 10676 10680 10684 10688 10692 10696 10700 10704 10708 10712 10716 10720 10724 10728 10732 10736 10740 10744 10748 10752 10756 10760 10764 10768 10772 10776 10780 10784 10788 10792 10796 10800 10804 10808 10812 10816 10820 10824 10828 10832 10836 10840 10844 10848 10852 10856 10860 10864 10868 10872 10876 10880 10884 10888 10892 10896 10900 10904 10908 10912 10916 10920 10924 10928 10932 10936 10940 10944 10948 10952 10956 10960 10964 10968 10972 10976 10980 10984 10988 10992 10996 11000 11004 11008 11012 11016 11020 11024 11028 11032 11036 11040 11044 11048 11052 11056 11060 11064 11068 11072 11076 11080 11084 11088 11092 11096 11100 11104 11108 11112 11116 11120 11124 11128 11132 11136 11140 11144 11148 11152 11156 11160 11164 11168 11172 11176 11180 11184 11188 11192 11196 11200 11204 11208 11212 11216 11220 11224 11228 11232 11236 11240 11244 11248 11252 11256 11260 11264 11268 11272 11276 11280 11284 11288 11292 11296 11300 11304 11308 11312 11316 11320 11324 11328 11332 11336 11340 11344 11348 11352 11356 11360 11364 11368 11372 11376 11380 11384 11388 11392 11396 11400 11404 11408 11412 11416 11420 11424 11428 11432 11436 11440 11444 11448 11452 11456 11460 11464 11468 11472 11476 11480 11484 11488 11492 11496 11500 11504 11508 11512 11516 11520 11524 11528 11532 11536 11540 11544 11548 11552 11556 11560 11564 11568 11572 11576 11580 11584 11588 11592 11596 11600 11604 11608 11612 11616 11620 11624 11628 11632 11636 11640 11644 11648 11652 11656 11660 11664 11668 11672 11676 11680 11684 11688 11692 11696 11700 11704 11708 11712 11716 11720 11724 11728 11732 11736 11740 11744 11748 11752 11756 11760 11764 11768 11772 11776 11780 11784 11788 11792 11796 11800 11804 11808 11812 11816 11820 11824 11828 11832 11836 11840 11844 11848 11852 11856 11860 11864 11868 11872 11876 11880 11884 11888 11892 11896 11900 11904 11908 11912 11916 11920 11924 11928 11932 11936 11940 11944 11948 11952 11956 11960 11964 11968 11972 11976 11980 11984 11988 11992 11996 12000 12004 12008 12012 12016 12020 12024 12028 12032 12036 12040 12044 12048 12052 12056 12060 12064 12068 12072 12076 12080 12084 12088 12092 12096 12100 12104 12108 12112 12116 12120 12124 12128 12132 12136 12140 12144 12148 12152 12156 12160 12164 12168 12172 12176 12180 12184 12188 12192 12196 12200 12204 12208 12212 12216 12220 12224 12228 12232 12236 12240 12244 12248 12252 12256 12260 12264 12268 12272 12276 12280 12284 12288 12292 12296 12300 12304 12308 12312 12316 12320 12324 12328 12332 12336 12340 12344 12348 12352 12356 12360 12364 12368 12372 12376 12380 12384 12388 12392 12396 12400 12404 12408 12412 12416 12420 12424 12428 12432 12436 12440 12444 12448 12452 12456 12460 12464 12468 12472 12476 12480 12484 12488 12492 12496 12500 12504 12508 12512 12516 12520 12524 12528 12532 12536 12540 12544 12548 12552 12556 12560 12564 12568 12572 12576 12580 12584 12588 12592 12596 12600 12604 12608 12612 12616 12620 12624 12628 12632 12636 12640 12644 12648 12652 12656 12660 12664 12668 12672 12676 12680 12684 12688 12692 12696 12700 12704 12708 12712 12716 12720 12724 12728 12732 12736 12740 12744 12748 12752 12756 12760 12764 12768 12772 12776 12780 12784 12788 12792 12796 12800 12804 12808 12812 12816 12820 12824 12828 12832 12836 12840 12844 12848 12852 12856 12860 12864 12868 12872 12876 12880 12884 12888 12892 12896 12900 12904 12908 12912 12916 12920 12924 12928 12932 12936 12940 12944 12948 12952 12956 12960 12964 12968 12972 12976 12980 12984 12988 12992 12996 13000 13004 13008 13012 13016 13020 13024 13028 13032 13036 13040 13044 13048 13052 13056 13060 13064 13068 13072 13076 13080 13084 13088 13092 13096 13100 13104 13108 13112 13116 13120 13124 13128 13132 13136 13140 13144 13148 13152 13156 13160 13164 13168 13172 13176 13180 13184 13188 13192 13196 13200 13204 13208 13212 13216 13220 13224 13228 13232 13236 13240 13244 13248 13252 13256 13260 13264 13268 13272 13276 13280 13284 13288 13292 13296 13300 13304 13308 13312 13316 13320 13324 13328 13332 13336 13340 13344 13348 13352 13356 13360 13364 13368 13372 13376 13380 13384 13388 13392 13396 13400 13404 13408 13412 13416 13420 13424 13428 13432 13436 13440 13444 13448 13452 13456 13460 13464 13468 13472 13476 13480 13484 13488 13492 13496 13500 13504 13508 13512 13516 13520 13524 13528 13532 13536 13540 13544 13548 13552 13556 13560 13564 13568 13572 13576 13580 13584 13588 13592 13596 13600 13604 13608 13612 13616 13620 13624 13628 13632 13636 13640 13644 13648 13652 13656 13660 13664 13668 13672 13676 13680 13684 13688 13692 13696 13700 13704 13708 13712 13716 13720 13724 13728 13732 13736 13740 13744 13748 13752 13756 13760 13764 13768 13772 13776 13780 13784 13788 13792 13796 13800 13804 13808 13812 13816 13820 13824 13828 13832 13836 13840 13844 13848 13852 13856 13860 13864 13868 13872 13876 13880 13884 13888 13892 13896 13900 13904 13908 13912 13916 13920 13924 13928 13932 13936 13940 13944 13948 13952 13956 13960 13964 13968 13972 13976 13980 13984 13988 13992 13996 14000 14004 14008 14012 14016 14020 14024 14028 14032</DataArray>
        <DataArray type="UInt8" Name="types" format="ascii">10 10 10 10 10 10 10 10 10 10 10 10 10 10 10 10 10 10 10 10 10 10 10 10 10 10 10 10 10 10 10 10 10 10 10 10 10 10 10 10 10 10 10 10 10 10 10 10 10 10 10 10 10 10 10 10 10 10 10 10 10 10 10 10 10 10 10 10 10 10 10 10 10 10 10 10 10 10 10 10 10 10 10 10 10 10 10 10 10 10 10 10 10 10 10 10 10 10 10 10 10 10 10 10 10 10 10 10 10 10 10 10 10 10 10 10 10 10 10 10 10 10 10 10 10 10 10 10 10 10 10 10 10 10 10 10 10 10 10 10 10 10 10 10 10 10 10 10 10 10 10 10 10 10 10 10 10 10 10 10 10 10 10 10 10 10 10 10 10 10 10 10 10 10 10 10 10 10 10 10 10 10 10 10 10 10 10 10 10 10 10 10 10 10 10 10 10 10 10 10 10 10 10 10 10 10 10 10 10 10 10 10 10 10 10 10 10 10 10 10 10 10 10 10 10 10 10 10 10 10 10 10 10 10 10 10 10 10 10 10 10 10 10 10 10 10 10 10 10 10 10 10 10 10 10 10 10 10 10 10 10 10 10 10 10 10 10 10 10 10 10 10 10 10 10 10 10 10 10 10 10 10 10 10 10 10 10 10 10 10 10 10 10 10 10 10 10 10 10 10 10 10 10 10 10 10 10 10 10 10 10 10 10 10 10 10 10 10 10 10 10 10 10 10 10 10 10 10 10 10 10 10 10 10 10 10 10 10 10 10 10 10 10 10 10 10 10 10 10 10 10 10 10 10 10 10 10 10 10 10 10 10 10 10 10 10 10 10 10 10 10 10 10 10 10 10 10 10 10 10 10 10 10 10 10 10 10 10 10 10 10 10 10 10 10 10 10 10 10 10 10 10 10 10 10 10 10 10 10 10 10 10 10 10 10 10 10 10 10 10 10 10 10 10 10 10 10 10 10 10 10 10 10 10 10 10 10 10 10 10 10 10 10 10 10 10 10 10 10 10 10 10 10 10 10 10 10 10 10 10 10 10 10 10 10 10 10 10 10 10 10 10 10 10 10 10 10 10 10 10 10 10 10 10 10 10 10 10 10 10 10 10 10 10 10 10 10 10 10 10 10 10 10 10 10 10 10 10 10 10 10 10 10 10 10 10 10 10 10 10 10 10 10 10 10 10 10 10 10 10 10 10 10 10 10 10 10 10 10 10 10 10 10 10 10 10 10 10 10 10 10 10 10 10 10 10 10 10 10 10 10 10 10 10 10 10 10 10 10 10 10 10 10 10 10 10 10 10 10 10 10 10 10 10 10 10 10 10 10 10 10 10 10 10 10 10 10 10 10 10 10 10 10 10 10 10 10 10 10 10 10 10 10 10 10 10 10 10 10 10 10 10 10 10 10 10 10 10 10 10 10 10 10 10 10 10 10 10 10 10 10 10 10 10 10 10 10 10 10 10 10 10 10 10 10 10 10 10 10 10 10 10 10 10 10 10 10 10 10 10 10 10 10 10 10 10 10 10 10 10 10 10 10 10 10 10 10 10 10 10 10 10 10 10 10 10 10 10 10 10 10 10 10 10 10 10 10 10 10 10 10 10 10 10 10 10 10 10 10 10 10 10 10 10 10 10 10 10 10 10 10 10 10 10 10 10 10 10 10 10 10 10 10 10 10 10 10 10 10 10 10 10 10 10 10 10 10 10 10 10 10 10 10 10 10 10 10 10 10 10 10 10 10 10 10 10 10 10 10 10 10 10 10 10 10 10 10 10 10 10 10 10 10 10 10 10 10 10 10 10 10 10 10 10 10 10 10 10 10 10 10 10 10 10 10 10 10 10 10 10 10 10 10 10 10 10 10 10 10 10 10 10 10 10 10 10 10 10 10 10 10 10 10 10 10 10 10 10 10 10 10 10 10 10 10 10 10 10 10 10 10 10 10 10 10 10 10 10 10 10 10 10 10 10 10 10 10 10 10 10 10 10 10 10 10 10 10 10 10 10 10 10 10 10 10 10 10 10 10 10 10 10 10 10 10 10 10 10 10 10 10 10 10 10 10 10 10 10 10 10 10 10 10 10 10 10 10 10 10 10 10 10 10 10 10 10 10 10 10 10 10 10 10 10 10 10 10 10 10 10 10 10 10 10 10 10 10 10 10 10 10 10 10 10 10 10 10 10 10 10 10 10 10 10 10 10 10 10 10 10 10 10 10 10 10 10 10 10 10 10 10 10 10 10 10 10 10 10 10 10 10 10 10 10 10 10 10 10 10 10 10 10 10 10 10 10 10 10 10 10 10 10 10 10 10 10 10 10 10 10 10 10 10 10 10 10 10 10 10 10 10 10 10 10 10 10 10 10 10 10 10 10 10 10 10 10 10 10 10 10 10 10 10 10 10 10 10 10 10 10 10 10 10 10 10 10 10 10 10 10 10 10 10 10 10 10 10 10 10 10 10 10 10 10 10 10 10 10 10 10 10 10 10 10 10 10 10 10 10 10 10 10 10 10 10 10 10 10 10 10 10 10 10 10 10 10 10 10 10 10 10 10 10 10 10 10 10 10 10 10 10 10 10 10 10 10 10 10 10 10 10 10 10 10 10 10 10 10 10 10 10 10 10 10 10 10 10 10 10 10 10 10 10 10 10 10 10 10 10 10 10 10 10 10 10 10 10 10 10 10 10 10 10 10 10 10 10 10 10 10 10 10 10 10 10 10 10 10 10 10 10 10 10 10 10 10 10 10 10 10 10 10 10 10 10 10 10 10 10 10 10 10 10 10 10 10 10 10 10 10 10 10 10 10 10 10 10 10 10 10 10 10 10 10 10 10 10 10 10 10 10 10 10 10 10 10 10 10 10 10 10 10 10 10 10 10 10 10 10 10 10 10 10 10 10 10 10 10 10 10 10 10 10 10 10 10 10 10 10 10 10 10 10 10 10 10 10 10 10 10 10 10 10 10 10 10 10 10 10 10 10 10 10 10 10 10 10 10 10 10 10 10 10 10 10 10 10 10 10 10 10 10 10 10 10 10 10 10 10 10 10 10 10 10 10 10 10 10 10 10 10 10 10 10 10 10 10 10 10 10 10 10 10 10 10 10 10 10 10 10 10 10 10 10 10 10 10 10 10 10 10 10 10 10 10 10 10 10 10 10 10 10 10 10 10 10 10 10 10 10 10 10 10 10 10 10 10 10 10 10 10 10 10 10 10 10 10 10 10 10 10 10 10 10 10 10 10 10 10 10 10 10 10 10 10 10 10 10 10 10 10 10 10 10 10 10 10 10 10 10 10 10 10 10 10 10 10 10 10 10 10 10 10 10 10 10 10 10 10 10 10 10 10 10 10 10 10 10 10 10 10 10 10 10 10 10 10 10 10 10 10 10 10 10 10 10 10 10 10 10 10 10 10 10 10 10 10 10 10 10 10 10 10 10 10 10 10 10 10 10 10 10 10 10 10 10 10 10 10 10 10 10 10 10 10 10 10 10 10 10 10 10 10 10 10 10 10 10 10 10 10 10 10 10 10 10 10 10 10 10 10 10 10 10 10 10 10 10 10 10 10 10 10 10 10 10 10 10 10 10 10 10 10 10 10 10 10 10 10 10 10 10 10 10 10 10 10 10 10 10 10 10 10 10 10 10 10 10 10 10 10 10 10 10 10 10 10 10 10 10 10 10 10 10 10 10 10 10 10 10 10 10 10 10 10 10 10 10 10 10 10 10 10 10 10 10 10 10 10 10 10 10 10 10 10 10 10 10 10 10 10 10 10 10 10 10 10 10 10 10 10 10 10 10 10 10 10 10 10 10 10 10 10 10 10 10 10 10 10 10 10 10 10 10 10 10 10 10 10 10 10 10 10 10 10 10 10 10 10 10 10 10 10 10 10 10 10 10 10 10 10 10 10 10 10 10 10 10 10 10 10 10 10 10 10 10 10 10 10 10 10 10 10 10 10 10 10 10 10 10 10 10 10 10 10 10 10 10 10 10 10 10 10 10 10 10 10 10 10 10 10 10 10 10 10 10 10 10 10 10 10 10 10 10 10 10 10 10 10 10 10 10 10 10 10 10 10 10 10 10 10 10 10 10 10 10 10 10 10 10 10 10 10 10 10 10 10 10 10 10 10 10 10 10 10 10 10 10 10 10 10 10 10 10 10 10 10 10 10 10 10 10 10 10 10 10 10 10 10 10 10 10 10 10 10 10 10 10 10 10 10 10 10 10 10 10 10 10 10 10 10 10 10 10 10 10 10 10 10 10 10 10 10 10 10 10 10 10 10 10 10 10 10 10 10 10 10 10 10 10 10 10 10 10 10 10 10 10 10 10 10 10 10 10 10 10 10 10 10 10 10 10 10 10 10 10 10 10 10 10 10 10 10 10 10 10 10 10 10 10 10 10 10 10 10 10 10 10 10 10 10 10 10 10 10 10 10 10 10 10 10 10 10 10 10 10 10 10 10 10 10 10 10 10 10 10 10 10 10 10 10 10 10 10 10 10 10 10 10 10 10 10 10 10 10 10 10 10 10 10 10 10 10 10 10 10 10 10 10 10 10 10 10 10 10 10 10 10 10 10 10 10 10 10 10 10 10 10 10 10 10 10 10 10 10 10 10 10 10 10 10 10 10 10 10 10 10 10 10 10 10 10 10 10 10 10 10 10 10 10 10 10 10 10 10 10 10 10 10 10 10 10 10 10 10 10 10 10 10 10 10 10 10 10 10 10 10 10 10 10 10 10 10 10 10 10 10 10 10 10 10 10 10 10 10 10 10 10 10 10 10 10 10 10 10 10 10 10 10 10 10 10 10 10 10 10 10 10 10 10 10 10 10 10 10 10 10 10 10 10 10 10 10 10 10 10 10 10 10 10 10 10 10 10 10 10 10 10 10 10 10 10 10 10 10 10 10 10 10 10 10 10 10 10 10 10 10 10 10 10 10 10 10 10 10 10 10 10 10 10 10 10 10 10 10 10 10 10 10 10 10 10 10 10 10 10 10 10 10 10 10 10 10 10 10 10 10 10 10 10 10 10 10 10 10 10 10 10 10 10 10 10 10 10 10 10 10 10 10 10 10 10 10 10 10 10 10 10 10 10 10 10 10 10 10 10 10 10 10 10 10 10 10 10 10 10 10 10 10 10 10 10 10 10 10 10 10 10 10 10 10 10 10 10 10 10 10 10 10 10 10 10 10 10 10 10 10 10 10 10 10 10 10 10 10 10 10 10 10 10 10 10 10 10 10 10 10 10 10 10 10 10 10 10 10 10 10 10 10 10 10 10 10 10 10 10 10 10 10 10 10 10 10 10 10 10 10 10 10 10 10 10 10 10 10 10 10 10 10 10 10 10 10 10 10 10 10 10 10 10 10 10 10 10 10 10 10 10 10 10 10 10 10 10 10 10 10 10 10 10 10 10 10 10 10 10 10 10 10 10 10 10 10 10 10 10 10 10 10 10 10 10 10 10 10 10 10 10 10 10 10 10 10 10 10 10 10 10 10 10 10 10 10 10 10 10 10 10 10 10 10 10 10 10 10 10 10 10 10 10 10 10 10 10 10 10 10 10 10 10 10 10 10 10 10 10 10 10 10 10 10 10 10 10 10 10 10 10 10 10 10 10 10 10 10 10 10 10 10 10 10 10 10 10 10 10 10 10 10 10 10 10 10 10 10 10 10 10 10 10 10 10 10 10 10 10 10 10 10 10 10 10 10 10 10 10 10 10 10 10 10 10 10 10 10 10 10 10 10 10 10 10 10 10 10 10 10 10 10 10 10 10 10 10 10 10 10 10 10 10 10 10 10 10 10 10 10 10 10 10 10 10 10 10 10 10 10 10 10 10 10 10 10 10 10 10 10 10 10 10 10 10 10 10 10 10 10 10 10 10 10 10 10 10 10 10 10 10 10 10 10 10 10 10 10 10 10 10 10 10 10 10 10 10 10 10 10 10 10 10 10 10 10 10 10 10 10 10 10 10 10 10 10 10 10 10 10 10 10 10 10 10 10 10 10 10 10 10 10 10 10 10 10 10 10 10 10 10 10 10 10 10 10 10 10 10 10 10 10 10 10 10 10 10 10 10 10 10 10 10 10 10 10 10 10 10 10 10 10 10 10 10 10 10 10 10 10 10 10 10 10 10 10 10 10 10 10 10 10 10 10 10 10 10 10 10 10 10 10 10 10 10 10 10 10 10 10 10 10 10 10 10 10 10 10 10 10 10 10 10 10 10 10 10 10 10 10 10 10 10 10 10 10 10 10 10 10 10 10 10 10 10 10 10 10 10 10 10 10 10 10 10 10 10 10 10 10 10 10 10 10 10 10 10 10 10 10 10 10 10 10 10 10 10 10 10 10 10 10 10 10 10 10 10 10 10 10 10 10 10 10 10 10 10 10 10 10 10 10 10 10 10 10 10 10 10 10 10 10 10 10 10 10 10 10 10 10 10 10 10 10 10 10 10 10 10 10 10 10 10 10 10 10 10 10 10 10 10 10 10 10 10 10 10 10 10 10 10 10 10 10 10 10 10 10 10 10 10 10 10 10 10 10 10 10 10 10 10 10 10 10 10 10 10 10 10 10 10 10 10 10 10 10 10 10 10 10 10 10 10 10 10 10 10 10 10 10 10 10 10 10 10 10 10 10 10 10 10 10 10 10 10 10 10 10 10 10 10 10 10 10 10 10 10 10 10 10 10 10 10 10 10 10 10 10 10 10 10 10 10 10 10 10 10 10 10 10 10 10 10 10 10 10 10 10 10 10 10 10 10 10 10 10 10 10 10 10 10 10 10 10 10 10 10 10 10 10 10 10 10 10 10 10 10 10 10 10 10 10 10 10 10 10 10 10 10 10 10 10 10 10 10 10 10 10 10 10 10 10 10 10 10 10 10 10 10 10 10 10 10 10 10 10 10 10 10 10 10 10 10 10 10 10 10 10 10 10 10 10 10 10 10 10 10 10 10 10 10 10 10 10 10 10 10 10 10 10 10 10 10 10 10 10 10 10 10 10 10 10 10 10 10 10 10 10 10 10 10 10 10 10 10 10 10 10 10 10 10 10 10 10 10 10 10 10 10 10 10 10 10 10 10 10 10 10 10 10 10 10 10 10 10 10 10 10 10 10 10 10 10 10 10 10 10 10 10 10 10 10 10 10 10 10 10 10 10 10 10 10 10 10 10 10 10 10 10 10 10 10 10 10 10 10 10 10 10 10 10 10 10 10 10 10 10 10 10 10 10 10 10 10 10 10 10 10 10 10 10 10 10 10 10 10 10 10 10 10 10 10 10 10 10 10 10 10 10 10 10 10 10 10 10 10 10 10 10 10 10 10 10 10 10 10 10 10 10 10 10 10 10 10 10 10 10 10 10 10 10 10 10 10 10 10 10 10 10 10 10 10 10 10 10 10 10 10 10 10 10 10 10 10 10 10 10 10 10 10 10 10 10 10 10 10 10 10 10 10 10 10 10 10 10 10 10 10 10 10 10 10 10 10 10 10 10 10 10 10 10 10 10 10 10 10 10 10 10 10 10 10 10 10 10 10 10 10 10 10 10 10 10 10 10 10 10 10 10 10 10 10 10 10 10 10 10 10 10 10 10 10 10 10 10 10 10 10 10 10 10 10 10 10 10 10 10 10 10 10 10 10 10 10 10 10 10 10 10 10 10 10 10 10 10 10 10 10 10 10 10 10 10 10 10 10 10 10 10 10 10 10 10 10 10 10 10 10 10 10 10 10 10 10 10 10 10 10 10 10 10 10 10 10 10 10 10 10 10 10 10 10 10 10 10 10 10 10 10 10 10 10 10 10 10 10 10 10 10 10 10 10 10 10 10 10 10 10 10 10 10 10 10 10 10 10 10 10 10 10 10 10 10 10 10 10 10 10 10 10 10 10 10 10 10 10 10 10 10 10 10</DataArray>
      </Cells>
      <PointData Vectors="Displacement">
        <DataArray type="Float64" Name="Displacement" NumberOfComponents="3" format="ascii">-4.73481926057e-10 -4.43623025224e-07 1.55069717638e-09 0 0 0 -6.23554635098e-10 -4.24590793877e-07 -1.29441420727e-07 -6.48960074365e-10 -3.67741453636e-07 -2.49484460525e-07 1.80799973143e-10 -2.76586223557e-07 -3.47284346591e-07 -1.03611272273e-11 -1.62947556088e-07 -4.12521274644e-07 2.81216427155e-10 -3.21370296936e-08 -4.43195335891e-07 2.98241912136e-10 9.75297377506e-08 -4.33283615115e-07 2.41492154034e-10 2.22737443303e-07 -3.84027267379e-07 3.44042067494e-10 3.26689026274e-07 -3.01280179037e-07 4.58903771233e-10 4.00519762646e-07 -1.92602772825e-07 4.78451484728e-10 4.4074202731e-07 -6.38041840293e-08 3.08569215096e-10 4.40751230214e-07 6.61168836278e-08 -1.6788962635e-10 4.00949001538e-07 1.94171914124e-07 -2.94065761344e-10 3.26659494335e-07 3.0350411052e-07 7.71218217231e-11 2.2303383835e-07 3.86428630827e-07 1.98237642484e-10 9.80887325693e-08 4.34066967314e-07 -3.18977097989e-10 -3.34491432838e-08 4.43796476767e-07 2.96068430175e-11 -1.63544829311e-07 4.1443476112e-07 2.28473366285e-10 -2.75964671442e-07 3.48229226305e-07 -7.65654853661e-11 -3.67541453559e-07 2.49580364494e-07 -3.22794777115e-10 -4.24117614787e-07 1.32891843268e-07 4.38684232699e-12 -2.16446707363e-08 2.2922338286e-10 1.26622680595e-11 -4.32992132439e-08 -2.8565213264e-10 -5.53364699897e-10 -6.73709788209e-08 3.94538472049e-10 -4.26737359312e-11 -8.81083414737e-08 -1.9244898068e-10 -2.20591014227e-10 -1.09915572444e-07 7.83358730337e-10 8.94185527209e-11 -1.3480657887e-07 7.85461919637e-10 -8.72272254519e-10 -1.56087921839e-07 4.13237474704e-10 -5.75500625461e-10 -1.78514386551e-07 -7.13534841588e-10 -3.32263516122e-10 -2.01348229373e-07 4.19838258372e-10 -2.32967743363e-10 -2.25054914682e-07 -1.03249264909e-11 3.99926486674e-11 -2.4602285229e-07 1.57461654428e-09 -3.28523072097e-10 -2.66595770718e-07 1.32711040517e-09 -7.91261731742e-10 -2.91494485938e-07 4.70662302705e-10 -4.30295507954e-10 -3.1177020266e-07 3.9123669908e-10 -7.86671951679e-11 -3.35524746972e-07 1.93585977389e-09 -2.07501072201e-10 -3.55965700618e-07 4.90069113189e-10 -1.6677819962e-11 -3.78781926061e-07 1.49404070603e-09 -5.14289966537e-10 -4.0179824026e-07 4.15985857948e-10 -5.67735025482e-10 -4.2259087053e-07 1.43865960087e-09 0 0 0 0 0 0 0 0 0 0 0 0 0 0 0 0 0 0 0 0 0 0 0 0 0 0 0 0 0 0 0 0 0 0 0 0 0 0 0 0 0 0 0 0 0 0 0 0 0 0 0 0 0 0 0 0 0 0 0 0 -3.47495123241e-10 -2.06428878668e-07 -5.78985910837e-08 -2.50259728334e-10 -2.26836777835e-07 6.1025919028e-08 -1.23435743587e-10 -1.38667852619e-07 3.77150633601e-08 -3.23276169006e-10 -2.87303573674e-07 -8.5150620734e-08 6.08247022261e-10 4.03431318718e-07 -1.31275788906e-07 3.51106721237e-10 2.38743301631e-08 -5.01316011806e-10 -2.09204868132e-10 2.64908577573e-07 3.34454208054e-07 -3.39203837459e-11 7.3216444357e-09 -1.76507785334e-08 -4.1997210888e-10 -1.42169463725e-07 -3.95193155517e-08 -3.3472524777e-10 -2.90935107616e-07 7.95717736804e-08 1.70725185718e-10 7.54601929837e-09 1.73634351031e-08 -5.34639980018e-11 2.54469138888e-08 -4.20234764959e-07 -1.06627019725e-11 -8.56955156117e-08 4.16821207952e-07 -6.52546514841e-11 -7.3954278132e-08 -2.23296916395e-08 -2.73103478836e-10 -7.71399882378e-08 2.07298028524e-08 9.01638396072e-11 -3.54675683073e-07 -9.66996902434e-08 -5.22617489425e-10 -3.57684385732e-07 9.52058146576e-08 -3.84017085225e-10 -1.83995653746e-07 5.00931011168e-08 -3.0179779354e-10 -2.48236059208e-07 -6.93418281507e-08 5.94918534408e-11 -1.07312291123e-08 -1.78969948831e-08 3.84167577263e-10 -9.78481963366e-09 1.69828141324e-08 -2.29620976432e-11 1.5818225927e-08 -1.09224284517e-08 2.96497972565e-10 4.05321683409e-07 1.30738504441e-07 2.83721528733e-10 2.6551839493e-07 -3.32358149085e-07 2.49987714506e-11 1.31550852731e-08 9.81192831823e-09 1.44581500677e-10 -2.02878913018e-07 -3.69865016504e-07 1.75835469066e-10 -3.17904968263e-07 2.80398556075e-07 1.68460188378e-10 -3.42983380267e-08 -1.02544023222e-08 -5.21741630503e-10 -3.97247929205e-07 -1.03948622737e-07 -2.68159381651e-10 -3.32757418724e-08 8.3769387243e-09 2.2866843991e-10 -3.9718192858e-07 1.02042669712e-07 1.15965722715e-10 -3.75959514915e-07 1.02044086093e-07 -3.5280036733e-10 -3.29820339267e-07 1.90420365732e-07 -2.78731513338e-10 -3.07567240948e-07 1.78039851024e-07 3.41329250465e-10 -2.60879950251e-07 2.60766702152e-07 -5.68290058119e-10 -2.46267564872e-07 2.44544284619e-07 -3.71742197199e-10 -1.80454669825e-07 3.09500661621e-07 -1.36617389958e-10 -1.69800002091e-07 2.90390751027e-07 5.37515889752e-11 -9.20706252148e-08 3.33957339846e-07 2.98540954481e-10 -8.76640672586e-08 3.12986060816e-07 2.1126309012e-10 -3.8280057997e-09 3.35484835878e-07 3.71664319698e-10 -2.75607577281e-09 3.12868072735e-07 -4.83090506242e-10 7.93074211721e-08 3.13569740138e-07 -2.47373803669e-10 7.43851510101e-08 2.91705013475e-07 -1.61789567905e-10 1.51604122096e-07 2.73123187895e-07 1.30280411766e-10 1.39408460104e-07 2.53148914742e-07 4.03602092359e-10 2.07664735922e-07 2.16457205133e-07 -9.99866159343e-11 1.92539947704e-07 2.00623057852e-07 7.04133369173e-11 2.48475412953e-07 1.50126384725e-07 9.70377140407e-11 2.29302429795e-07 1.38741715846e-07 2.49863836263e-10 1.79146953858e-07 1.84684260165e-07 4.80331396224e-10 2.09954830315e-07 1.26661050341e-07 1.71441333262e-10 1.62169258318e-07 1.67406313028e-07 2.37863103304e-11 1.89939034724e-07 1.16030138805e-07 4.51569620889e-10 1.48213625952e-07 1.53103617208e-07 7.58592208093e-10 1.71770935347e-07 1.04714281712e-07 6.37293007979e-10 1.32922155826e-07 1.36806598795e-07 3.01089379196e-10 1.53667591901e-07 9.28803055188e-08 2.91005017065e-10 1.16820474249e-07 1.20732822424e-07 4.28571716205e-10 1.33866944258e-07 8.14629110934e-08 5.79890939845e-11 1.01508750464e-07 1.03765547198e-07 -3.13887858616e-11 1.15573335211e-07 6.83452196534e-08 1.40249704179e-11 1.38663327612e-07 3.9717601143e-08 5.82843427422e-10 2.02475880054e-07 5.89902365812e-08 1.03715070626e-10 2.67197538461e-07 7.80055739492e-08 2.04152549991e-10 2.89365890942e-07 8.45973486539e-08 4.38073842085e-10 2.9012389403e-07 7.24641150931e-09 7.51147888542e-11 3.11976599484e-07 7.51429114439e-09 2.1190436968e-10 2.9175321639e-07 -6.96747331573e-08 -6.46193550864e-11 2.7132034408e-07 -6.5220215418e-08 -1.31894564667e-10 2.55481611988e-07 -1.37330817557e-07 1.88664394687e-10 2.34855478033e-07 -1.26249443668e-07 -6.32335346308e-11 2.02664794693e-07 -1.9010725982e-07 -2.40004623694e-11 1.8695125855e-07 -1.75342735509e-07 -4.26255800656e-10 2.18017180933e-07 -2.05333580734e-07 1.85404149057e-10 1.4105543419e-07 -2.26774456661e-07 9.59411132619e-11 1.28941334494e-07 -2.08374433509e-07 -2.10388476256e-10 8.68366117576e-08 8.8033449462e-08 6.47768272944e-10 1.17628955803e-07 3.42922013158e-08 5.0077011674e-10 1.32430395754e-07 2.53466515254e-09 1.68820988094e-10 7.799902426e-08 1.36276916308e-07 4.46473361458e-10 1.09477815385e-07 1.95250927946e-07 1.56817392369e-10 -3.49427238699e-09 2.91572934648e-07 9.9794318262e-11 1.14260307333e-07 2.75343262351e-09 -3.60941921806e-11 1.20795985898e-07 -2.97911369509e-08 4.4051889872e-10 1.42521207072e-07 -3.45320390067e-08 2.60738505539e-10 1.19316178464e-07 -6.51275092243e-08 2.68082673365e-10 9.87200089379e-08 -5.50539517898e-08 1.54414658645e-10 8.94085563848e-08 -8.53371916577e-08 4.81618391911e-10 1.0674042854e-07 -1.00180009493e-07 6.82501316597e-11 7.01435720708e-08 -1.13188700913e-07 -8.33949306224e-11 7.46481425627e-08 -2.45743234745e-07 -6.49063233999e-11 6.76672716377e-08 -2.232525324e-07 8.14594937279e-12 5.82789211739e-08 -9.70372698818e-08 -2.21288492268e-10 3.54599072869e-08 -1.19183019301e-07 1.32708720178e-10 1.63395313462e-07 2.93700039772e-07 2.84998375678e-10 1.70404159804e-07 -1.59562469812e-07 -3.5196094388e-11 4.3116760551e-08 -1.39118875747e-07 -5.39523949848e-10 2.90553003082e-08 -9.79009257272e-08 -1.7948829991e-10 3.67267581475e-09 -1.13990492187e-07 9.65638011586e-11 8.0678993172e-08 -2.64812827984e-07 8.12074172754e-11 8.83698630422e-09 -2.6698608384e-07 2.41632036082e-10 9.86329686753e-09 -2.88300883643e-07 -4.98340161298e-11 9.58182412078e-08 2.7151347275e-08 2.23221607083e-10 -3.88581673286e-09 3.57024595369e-07 -2.34120266819e-10 2.85329191678e-09 -8.91002169942e-08 1.0847942622e-10 -2.35707148204e-08 -9.87256139578e-08 -3.98415495606e-10 -2.7475234978e-08 -1.20731168528e-07 -5.90758259435e-10 -6.29423906678e-08 -2.69127723341e-07 -3.36004275556e-11 -6.71907224964e-08 -2.93927137178e-07 1.34923043996e-10 -5.71211446964e-08 -2.49048340851e-07 -1.50124040606e-10 4.85052625116e-08 -7.71543357168e-08 -2.80218610057e-10 9.01059915786e-08 2.06051286298e-09 3.39573952141e-10 1.17626606986e-08 -3.11076583657e-07 1.50260333388e-10 -7.17382302433e-08 -3.14305833963e-07 -2.44890179944e-10 1.23160424577e-08 -3.34557393868e-07 -5.08740754103e-10 -7.64789081395e-08 -3.35689215556e-07 5.55614637706e-10 3.14396644128e-07 -7.48991120643e-08 7.54998202449e-11 3.33461025869e-07 9.10036080536e-09 3.4737370208e-10 3.34840502408e-07 -7.98994279274e-08 1.04183492469e-10 1.23891808771e-08 -3.54619516419e-07 2.00101019693e-11 3.55826727713e-07 8.75471829235e-09 -8.7991452028e-11 1.00500011736e-07 -3.28997144673e-07 5.07711756116e-10 -1.54214643897e-07 -2.95048085028e-07 1.88789001035e-11 -1.6718453886e-07 -3.16823782106e-07 6.84492018396e-11 -5.1274323363e-08 -9.97245617081e-08 1.66321721838e-10 -4.17988381479e-08 -8.094821901e-08 -5.61838939297e-10 -6.25921669214e-08 -1.1871110905e-07 2.7311281843e-10 7.57214470215e-08 1.97493159393e-08 -1.05897228615e-10 1.0711592685e-07 -3.50942524494e-07 -4.77327046169e-11 -1.58147071882e-07 2.68907370731e-07 1.52196799922e-10 3.57530083714e-07 -8.35497797678e-08 4.23094927238e-11 -1.23097302136e-07 -2.32951595314e-07 -7.62985836885e-11 -1.14981322837e-07 -2.16128933611e-07 8.92633503385e-11 2.49386097229e-07 -5.94768748793e-08 2.01137065246e-10 3.14819324887e-07 -1.68516621093e-07 2.04965601234e-10 3.30769514875e-07 9.82395201546e-08 9.021699382e-11 3.52851911265e-07 1.02581390569e-07 5.07059792839e-10 3.32676647805e-07 -1.78357535051e-07 2.89055791557e-10 -1.91573855634e-07 3.2648625103e-07 -1.38761625475e-10 7.03663294483e-08 1.37497195762e-09 1.64606557848e-10 1.30982820077e-08 -3.78567139952e-07 -5.57787001173e-10 -6.87427924085e-08 -7.56973026957e-08 2.12003354377e-10 -2.35002339755e-07 -2.53253989591e-07 1.69457047957e-10 -2.21207058471e-07 -2.38433932366e-07 -1.12488661837e-10 -2.49325624757e-07 -2.69153819268e-07 -3.26881629509e-13 -5.35375388799e-08 -5.80837022838e-08 1.35407622303e-10 -3.26636724207e-08 -6.13757619806e-08 6.086481364e-10 -3.97667878777e-08 -4.22312103065e-08 1.58709448953e-10 7.78663096134e-08 4.69804109561e-08 4.38071683548e-10 5.84802561079e-08 3.49600822421e-08 1.41507939982e-10 5.44559550933e-08 5.60803022686e-08 3.74911614816e-10 3.94681131535e-08 4.10420113736e-08 4.04792843944e-10 3.39869984731e-08 5.94251783026e-08 2.23386043985e-10 4.40901381954e-08 7.82804975777e-08 1.60495461535e-10 1.89805686931e-08 7.6112228493e-08 -9.66244932851e-11 2.60031459239e-08 1.00239835771e-07 2.36549729996e-10 -6.93964490063e-10 8.8648716643e-08 2.66218403718e-10 -2.32598346617e-10 1.1155777374e-07 5.28853516423e-11 -2.75904562314e-08 9.88719211155e-08 4.30297108186e-10 -3.15358664077e-08 1.16857451219e-07 4.27674510441e-10 -5.6093643694e-08 9.70010581459e-08 7.91511377798e-10 -2.20951928708e-08 7.57654406093e-08 -4.37495408391e-10 -6.65599716312e-08 1.15612533865e-07 3.01919851803e-10 -3.96914764094e-08 1.41309883432e-07 2.30478756125e-10 -7.89933987223e-08 1.35019253347e-07 -3.72947090664e-11 -4.48097066705e-08 1.6258392542e-07 1.71548774513e-10 -9.02614387566e-08 1.54628813848e-07 -5.82667309574e-11 -4.98584403841e-08 1.84353920546e-07 1.28760735109e-10 -1.02666251397e-07 1.76164064433e-07 -4.44758210182e-10 -5.57767583356e-08 2.04641610338e-07 -2.51497358198e-11 -1.11183958785e-07 1.94102412478e-07 7.43839744154e-11 -6.15668064635e-08 2.27365595959e-07 2.12607107691e-10 -1.24133614302e-07 2.15056753293e-07 -4.1819561295e-10 7.56111134891e-08 -1.78332872733e-08 9.05984544803e-12 5.76068436377e-08 -1.33399350308e-08 1.35834633352e-10 3.04886379172e-07 1.8480746517e-07 6.3418900075e-11 3.21127431692e-07 1.98933827135e-07 -1.26997043519e-10 2.54607870623e-07 2.65197243002e-07 -4.04553752303e-10 5.94547527542e-08 -3.25681752638e-08 -7.83874514769e-11 -1.28081074728e-09 1.80815352168e-07 2.57606042567e-11 1.10270080308e-07 -3.70762872209e-07 3.00740208292e-10 -1.50770951939e-07 1.50930089575e-07 -2.77023385245e-10 -1.18956257583e-07 1.18689811839e-07 7.35378893201e-12 -8.83238705243e-08 8.82937272525e-08 2.43892447082e-10 -7.25389884564e-08 7.13339897122e-08 7.55568127807e-11 1.47689285599e-08 5.72671027496e-08 -9.28141789806e-11 -1.76278734393e-07 -3.33571029694e-07 -1.52670754571e-10 -2.63879604423e-07 -2.88578540403e-07 -8.85295515112e-11 -5.31292158066e-08 -2.29408857362e-07 -3.07987841933e-10 -1.04720684671e-07 -1.96696917155e-07 -3.40630697883e-10 -4.71833372962e-08 -2.06026913503e-07 -6.49257424369e-10 -9.39214940285e-08 -1.76156688218e-07 2.78640948408e-11 -4.25706160725e-08 -1.8668027584e-07 -2.69409874908e-10 -1.6039206775e-07 -1.73453505468e-07 1.22851468859e-11 7.00835304009e-09 -2.01737634577e-07 -1.18036291946e-10 -3.27108974885e-08 -1.42085013732e-07 1.68447384407e-10 -8.41101424363e-08 -1.59915428956e-07 -2.88083307449e-10 -1.28189303313e-07 -1.38486141024e-07 -8.1647715569e-11 -1.1573436099e-07 -1.23639979124e-07 -2.51631290651e-10 -2.84365974257e-07 -1.73866798652e-07 -3.22026533719e-10 -1.52812859812e-07 -9.62372816435e-08 9.69303191443e-11 3.78888775366e-07 -8.75244790831e-08 -4.42019082297e-10 -2.9078104715e-07 1.67071580518e-07 1.54297761271e-10 2.85545694724e-07 1.73331359289e-07 2.18043330094e-10 3.00093593718e-08 1.18007210381e-07 -1.59765399251e-10 3.7181243817e-07 1.16577162953e-07 -3.10334637498e-10 5.76773305394e-09 -1.79856270314e-07 -5.78733307499e-11 5.38857993967e-08 -1.83134830303e-07 3.4732528453e-10 -6.67077419752e-08 2.48503482181e-07 -1.77307319642e-10 -1.35357601872e-07 2.32074519187e-07 3.08895355434e-10 -1.81962512212e-07 1.81432718695e-07 -3.72933109946e-10 -1.97748124061e-07 1.97001434048e-07 1.8818965931e-10 -1.81994980176e-09 2.48413236461e-07 8.72644125823e-11 2.6910682298e-07 2.77442805276e-07 1.76248393338e-10 1.83276976906e-07 3.31505644302e-07 -1.69461356953e-10 -9.77335878076e-08 5.72970270542e-08 -8.97596709921e-12 -2.33336441987e-07 1.36211801329e-07 1.19919715341e-10 1.99924276219e-07 -3.20890338558e-07 3.98281332161e-10 3.58347209805e-07 -1.8591126592e-07 -5.41363245106e-10 2.0159057502e-07 3.50780327954e-07 -1.13227291688e-10 9.86047789807e-08 3.79926317843e-07 -7.5532265138e-10 1.00227281723e-07 3.98895252435e-07 -9.28611054148e-12 -1.13753506836e-08 4.05922099776e-07 2.12936872912e-10 4.33613427179e-08 -2.2543883594e-08 -1.01703091925e-10 4.26891762367e-08 -4.00359618019e-08 -3.72834373671e-10 4.28793933372e-08 2.47219737077e-08 -3.35894851358e-11 -2.20823732717e-08 -4.08672982617e-08 -2.63237080578e-10 -1.23535983663e-08 -5.6946616455e-08 -1.43543607162e-10 -8.06039825073e-09 -3.49779158126e-08 -1.43738517568e-10 1.61666098915e-09 -4.52940265441e-08 2.76165589414e-10 4.65708936664e-08 1.0245574405e-09 -1.2208072157e-10 2.0943551396e-07 -3.44427034185e-07 1.91001361607e-10 1.41299738431e-09 -2.2729903602e-08 -2.25345167426e-10 -7.59684192964e-08 -4.72605959646e-08 -2.36469072762e-10 -9.63558620286e-08 -6.10253013972e-08 4.50748450768e-10 1.67726992076e-08 -3.99186219524e-07 5.34547281834e-10 -1.8511299417e-07 -3.53408700345e-07 3.94720772813e-10 -3.24154114516e-07 -1.97495473397e-07 -1.45006816641e-10 -2.64772576381e-07 -1.64453637531e-07 -4.79494534931e-11 -2.02527275203e-07 -2.18907354835e-07 -5.03249449876e-10 -2.45977550103e-07 -1.54184003641e-07 -1.83878274468e-10 -1.3291707392e-07 -8.31815845068e-08 -4.64910634679e-10 -3.43651803486e-07 -2.06647310619e-07 -2.89639471194e-10 -1.69663289569e-07 -1.08222245104e-07 -3.28057463711e-11 -1.60180174754e-07 -5.03581638405e-08 1.0115976644e-10 -9.75150900467e-08 -3.05892043371e-08 1.60221887799e-10 -5.65544814799e-08 -3.49710720995e-08 2.20813536831e-10 -3.80251019906e-08 -2.28799992392e-08 -1.48290075639e-10 -3.1032294837e-07 -9.33944294299e-08 -3.78374556799e-10 -7.72846721137e-08 4.51322694129e-08 -1.97329278396e-10 -5.4724939007e-08 5.51529421193e-08 -2.23062616853e-10 -2.65148358057e-07 -8.47964243388e-08 -2.09466023788e-10 -2.24364282791e-07 -1.41629835008e-07 -3.99706538405e-10 -2.11027654971e-07 -1.27813118742e-07 -1.55492149631e-10 -2.11415970628e-07 1.22767368572e-07 -8.14860362518e-11 -5.4545720249e-08 -1.59942335796e-08 2.23953473651e-10 -1.88043498357e-08 -1.05365634783e-08 -4.68335574349e-10 -2.23660298447e-07 -6.20442346461e-08 1.27645979835e-11 2.89564490665e-09 -7.11266926371e-08 -3.08535661469e-10 1.80659197984e-08 -5.2769088468e-08 2.69156745216e-10 2.30461766426e-08 -7.56306356729e-08 2.55701570154e-10 6.10735193917e-08 -2.0159744462e-07 8.37858627001e-10 1.05482299023e-07 -1.72271750407e-07 -4.15216691157e-10 9.42816606335e-08 -1.52410256725e-07 -1.31960423398e-11 1.36662820261e-07 -1.29797918224e-07 1.78439484815e-10 1.55216330609e-07 -1.47194801713e-07 2.17756838411e-10 1.76603238519e-07 -9.44047325212e-08 2.18857165036e-10 1.57384540892e-07 -8.51260708295e-08 6.34730952736e-10 1.83205454252e-07 -4.26181994131e-08 -9.09051352005e-11 2.06136240348e-07 -4.89485828786e-08 3.27067187597e-10 1.95613160797e-07 -1.04690877346e-07 -9.48542347889e-11 2.26940812903e-07 -5.42782762719e-08 1.50086648387e-10 2.17343182957e-07 -1.17341793869e-07 6.08912715842e-10 2.45144520986e-07 6.6051229695e-09 4.51328171689e-11 1.17632763052e-07 -1.89292814926e-07 2.0421785934e-10 2.6693683416e-07 6.97752820941e-09 4.98180409147e-10 2.46604026746e-07 7.25200805991e-08 -5.95923435215e-10 -1.85296274482e-08 -7.66270597145e-08 3.29957970776e-10 -3.48154149734e-07 2.08552265362e-07 -2.85694408541e-10 -2.77399501345e-07 2.75365137835e-07 -4.30613764569e-10 -2.03658471121e-07 3.47295360169e-07 -6.57907872527e-10 -3.74994624851e-07 -1.01936330233e-07 -7.59049070005e-10 -3.71292708876e-07 -2.04696576905e-07 1.19581789409e-10 -3.0823527193e-07 -1.8326865955e-07 -2.61114190176e-10 -5.38024158233e-08 1.32783447228e-08 -3.99986561236e-10 -3.86548641443e-08 2.22321361033e-08 8.73802476273e-11 -1.90775888421e-08 9.99368363405e-09 -3.67127366957e-10 -2.32113933743e-08 2.40282829869e-08 1.99421258347e-10 -4.07933481891e-08 4.08079722717e-08 -3.948356052e-11 -2.24977382305e-08 3.79392248997e-08 2.48904438903e-10 -8.35445542585e-09 3.36168967513e-08 -1.72445804159e-10 -1.28448891097e-08 5.36835368414e-08 -2.22859683081e-10 5.92393643155e-10 4.37632922708e-08 -1.34911442243e-10 -3.35681608793e-08 5.76736037117e-08 3.59641176536e-10 -5.81098199076e-08 3.37773763047e-08 4.43286099325e-11 7.93169505014e-09 -2.2211266199e-07 1.74533063905e-10 8.80215241867e-09 -2.44507667042e-07 -3.55289277241e-10 9.44676526175e-08 -3.09425061215e-07 1.83857839094e-10 1.76431931027e-07 -2.8464165856e-07 6.63033312247e-11 -8.23924576871e-08 -3.58354981792e-07 1.60116451068e-10 -8.30119509421e-08 -3.77416830695e-07 1.83085448624e-10 8.79873880094e-08 -2.86893639418e-07 8.25750685412e-11 1.64639534071e-07 -2.63679362199e-07 -4.3002217691e-10 2.35394406282e-07 -2.2110701095e-07 -1.9177180717e-10 1.52580890499e-07 -2.44227290283e-07 -6.51993639915e-11 -9.91389138677e-08 3.56426956342e-07 -2.67832480865e-10 -1.07327674426e-07 3.74768612427e-07 -3.27501563426e-10 -1.62312070028e-07 4.28272403065e-08 1.26298636849e-10 -1.35107063844e-07 7.82148797709e-08 3.03599474209e-10 7.36286921351e-08 -7.02148539153e-08 -2.88106988971e-10 8.5526652018e-08 3.3667543395e-07 1.10956082023e-10 -1.8922846476e-09 2.24204809745e-07 -2.6318229432e-10 -7.84880761456e-10 2.01059089522e-07 -9.94192856369e-11 4.72486725939e-08 1.82360645773e-07 -3.13755469042e-10 -2.05440194708e-07 5.57885359664e-08 -5.40254369094e-10 -1.74282748443e-07 9.97381669834e-08 -2.61518503338e-10 -1.27312929433e-09 1.55459774765e-07 -2.6448610541e-10 -1.6407520614e-09 1.34007070291e-07 2.14699672979e-10 4.24212933035e-08 1.64261196546e-07 -3.49330205162e-10 -3.34161588688e-07 8.98075026609e-08 -3.25978682315e-10 -3.13284315851e-07 8.36581765342e-08 -3.23357832799e-10 -2.70107287812e-07 1.56023832404e-07 4.13233418954e-10 2.67816382861e-07 1.62471016589e-07 6.05243761103e-10 2.2551494764e-07 2.33786354746e-07 -5.55434032591e-11 1.88089820119e-07 -3.01661135408e-07 8.56070176079e-10 2.51058935021e-07 -2.360066606e-07 4.1387547369e-10 2.68522240996e-07 -2.51678843199e-07 2.00080903638e-10 2.83552435645e-07 -2.66179207788e-07 -7.83958069859e-11 3.7793955666e-07 9.91197747516e-09 1.58654881217e-10 -4.58256272352e-08 7.83080666053e-08 2.0925969923e-11 3.10454252087e-07 8.98468129877e-08 -2.12708849129e-10 5.81612105774e-08 1.72183106783e-08 3.34134925966e-10 1.84159629718e-07 5.43658255568e-08 4.24920088853e-10 1.61660070438e-07 4.78901104203e-08 8.61340416242e-12 -1.46658179616e-07 -2.75709418065e-07 2.63633358305e-12 2.40488726494e-07 2.49928538886e-07 -2.35228905288e-10 9.51914286964e-08 5.75861710128e-08 -3.13606101809e-11 6.99206878712e-08 7.26691143177e-08 1.23170585877e-10 9.90982525232e-08 -2.41956895808e-08 4.46013472092e-10 2.23806073361e-07 6.51123626557e-08 2.05819038285e-10 2.92437062148e-07 -1.57580332891e-07 3.33568654528e-10 2.74443233202e-07 -1.47568037936e-07 -2.8386183902e-10 4.99095557106e-09 -1.33944441096e-07 1.65075161931e-10 1.31022084221e-07 2.35636743205e-07 2.8693056388e-10 -7.95100168852e-08 2.89717821348e-07 4.61986644021e-10 6.84958182589e-08 2.69367043363e-07 7.90967332159e-10 1.58199030133e-07 3.21623053208e-09 7.26406135679e-11 6.62306937496e-08 1.17894435886e-07 -1.64213549425e-10 1.73732672545e-07 3.12780594731e-07 -3.07925352298e-10 -2.28750058743e-07 2.28466785464e-07 -3.11856617587e-10 -1.45568877207e-07 -1.55872394317e-07 -4.61354665483e-10 5.53530111539e-08 9.83537282282e-08 -2.00437263827e-10 -1.6638544496e-07 1.66714680493e-07 -2.66630556632e-10 1.19441530047e-07 2.13776942969e-07 -2.88217953938e-11 -8.26414472445e-08 -9.0612882666e-08 3.50315249296e-10 8.00895611362e-08 -4.28312600497e-08 -1.40181521307e-12 8.57252911089e-11 6.91159226348e-08 4.14029112881e-10 -1.36312257698e-07 -2.55917351276e-07 -1.09420599715e-10 8.98681767644e-08 3.5738139648e-07 2.562494975e-11 5.8905604564e-08 -5.62791549849e-08 -6.74471649596e-10 -5.4120399276e-09 3.79997267023e-07 -2.03684410622e-10 -1.94807733733e-07 1.11085091982e-07 -1.05101406145e-10 3.57771032564e-08 1.40388858272e-07 -1.66024600168e-10 -1.16247727549e-07 -6.90137705843e-08 3.15469780857e-10 3.69576688775e-08 -5.99504183595e-08 4.28441792039e-10 2.23005634578e-07 5.02584676405e-09 -3.93116594737e-10 2.02392284875e-07 6.27085906405e-09 9.02048933432e-10 1.79009255425e-07 4.43732246304e-09 4.22630776813e-10 1.6295385781e-07 -3.8823534355e-08 2.13419071504e-10 1.38609236131e-07 -7.4771072702e-08 2.23579215831e-10 1.22146430968e-07 -1.14699589274e-07 -2.22442242314e-10 8.30421614604e-08 -1.33746105571e-07 -1.60525886881e-10 4.89987698379e-08 -1.60253565583e-07 -1.92852113126e-10 5.99291702739e-09 -1.57113033949e-07 4.22844128422e-10 -3.40845603135e-09 2.67387930562e-07 -1.36947175364e-10 -3.71934976342e-08 -1.6398062928e-07 -1.14754765965e-10 -7.3610723563e-08 -1.39844420222e-07 3.19709650737e-11 -7.41577949448e-08 2.67943655014e-07 7.3836648732e-11 -1.00919914471e-07 -1.08309577589e-07 -2.88292138457e-10 -1.45766578309e-07 2.51954198047e-07 8.83176814122e-11 -2.47608076313e-07 6.79677508624e-08 4.82119346556e-10 -2.50902464023e-08 -2.53555145929e-08 -5.71930740656e-10 -9.749740388e-08 2.70689906633e-08 -5.7900818141e-11 -2.12359248079e-07 2.12758177046e-07 5.72661690816e-10 -3.35323224049e-07 -9.17167828237e-08 1.99066222835e-10 8.72555543781e-08 1.5493687332e-07 -3.43375465238e-10 -1.5410299535e-07 8.9106680575e-08 -3.54478435257e-10 -1.35979001663e-07 1.35553976296e-07 -4.77296779257e-11 -1.01480372783e-07 1.0306030767e-07 5.79583292544e-10 9.85258181047e-08 1.76564088965e-07 4.14354091678e-10 5.31360537388e-08 2.07205131317e-07 3.41692608846e-11 1.78974671396e-08 -5.07929490878e-09 -1.58240063696e-10 1.77175420083e-08 6.92892837867e-09 -1.5957821846e-10 1.21583940469e-08 1.48274341593e-08 2.95046607918e-10 2.0827411059e-08 3.49249588002e-08 3.38962379444e-11 4.21170175308e-07 3.38803880048e-09 1.86273244546e-10 3.50429359955e-07 -2.38944540082e-07 -2.79339000583e-10 3.51927192765e-07 2.41291078131e-07 3.03299241791e-10 1.16001588926e-08 -1.48512562398e-08 -2.03849205875e-10 1.90432426907e-08 -3.2767657454e-08 2.56155461171e-11 1.94279993244e-09 2.18835388594e-08 3.59589116001e-10 1.58385684389e-07 -3.93738287206e-07 2.21282438895e-10 -9.10004223892e-08 -4.17831066012e-07 -1.52157959101e-10 -2.11463299217e-07 3.64510761664e-07 2.85693217179e-10 5.88679849178e-08 2.29597391172e-07 -1.99042439468e-10 6.31222334349e-08 2.49169042385e-07 -3.56393065839e-10 -1.80771609622e-07 -5.73407590538e-08 2.47058546732e-10 -2.68552677262e-07 7.31059969209e-08 -7.98668497497e-11 -1.88502081068e-07 -2.0419769989e-07 3.11381226317e-10 -2.51968417682e-07 1.45582948195e-07 -2.37558086422e-10 -1.7366529127e-07 -1.87439845444e-07 1.10665287994e-10 -1.9330216869e-07 -1.14933376716e-07 -8.78432400337e-11 3.6808900821e-07 1.80254759305e-07 2.0798667059e-10 -1.15235517309e-07 6.70801904686e-08 1.57601708986e-10 -2.8520716929e-07 -2.93213346461e-07 -2.78355315478e-10 -1.18638345017e-07 3.28106142315e-08 4.01826280074e-10 3.99700760295e-07 7.62228160331e-09 -6.22367230621e-10 -1.18475262799e-07 -3.09329984736e-08 2.85177269e-10 -3.82720500881e-07 1.85290634964e-07 -3.31403294383e-10 3.20177317223e-08 4.2461079253e-07 1.43566429832e-10 2.87395168186e-08 -2.59552442012e-08 -1.06475461411e-10 3.01170092643e-07 2.78019048425e-07 -1.05494159392e-10 9.28185986002e-09 3.58608389684e-08 5.55571027839e-12 2.90451326357e-08 2.57819432902e-08 4.47368409514e-11 2.99269183674e-07 -2.77449088776e-07 3.79202167967e-11 1.63492588016e-07 3.95135393847e-07 -1.14839158342e-10 3.78532523347e-08 -8.95694846715e-09 1.24829720187e-10 1.10018526151e-08 -3.57349340234e-08 2.71458944908e-10 -3.62650670645e-09 -1.65382073846e-08 -7.27112824055e-11 3.7868430096e-08 1.00090803655e-08 4.31951182005e-10 1.09158711453e-07 -3.93002490812e-07 5.15630859548e-10 3.99201289108e-07 -8.29759296228e-08 3.21551118515e-10 -1.18016832171e-08 -1.13112976419e-08 -4.59644387324e-10 -1.21519074023e-07 3.8993627694e-07 3.71675447801e-11 -3.06209393837e-07 -2.99207148469e-07 -2.28488418946e-10 -2.7908105422e-07 2.97451942484e-07 -2.34615919894e-10 -1.20355335613e-08 9.11853244749e-09 1.51912891869e-10 -7.70025786493e-08 -3.9936376519e-07 5.50884622407e-11 -2.7680848069e-09 1.42011720961e-08 -3.79227036853e-10 -4.17567731981e-07 -9.12522248865e-08 2.78711325673e-10 -1.63065486616e-08 -3.21344284275e-09 -2.70334400853e-10 -1.64972398577e-08 3.75344309048e-09 -4.08682537908e-10 -4.17506798518e-07 9.44394297136e-08 2.4499545602e-10 4.01252223613e-07 9.16755092833e-08 3.97213569999e-10 3.26977074252e-07 2.20108179963e-07 -5.18945779757e-11 2.9997234758e-08 1.5666029127e-08 1.19627799311e-10 2.86785976347e-08 -1.46320112153e-08 -6.75606106739e-11 2.87912387666e-08 -4.18957176115e-08 1.34280683718e-10 3.1162396747e-07 -9.46342552025e-08 -1.47724321026e-10 -3.06848042044e-07 5.92078158058e-08 -5.81301889701e-11 1.15514578975e-07 3.10583852299e-07 1.05006204075e-10 -6.95408047566e-08 -3.23016618898e-07 2.02426261863e-10 -1.53292822933e-07 2.75696504552e-07 -1.3987442435e-10 3.11682279386e-07 9.85841077713e-08 3.86017633818e-10 2.02864177172e-07 -2.54672466036e-07 -1.80243184153e-10 -2.99220547598e-07 -1.41311825312e-07 3.54220906839e-10 3.59014145631e-07 1.0151169967e-09 3.10040313403e-11 2.41781789033e-07 2.39547293777e-09 -3.25194484534e-10 1.83477499594e-07 1.14836161225e-07 2.23266295979e-11 1.06376140455e-07 1.22752826862e-08 5.63256570204e-11 5.24520617073e-08 1.28015419466e-07 -3.77064759955e-11 -2.89548955834e-08 2.84995745861e-08 2.216769933e-10 2.37186811076e-08 -8.85977755427e-08 -1.03706977473e-10 -1.07802428876e-07 -6.8517857566e-08 1.81586573488e-10 -1.64944997982e-07 4.93803060473e-08 1.00255526758e-10 1.82091015647e-07 -1.19053696865e-07 2.92101231871e-10 -8.46826635259e-08 1.51291281747e-07 -7.07829238949e-11 5.03369269446e-10 2.56038235324e-07 2.1454280561e-12 8.64879790208e-08 -2.03255460967e-07 4.70163134688e-11 -5.75593263009e-08 -1.91585176379e-07 3.54380496256e-10 -2.13886617526e-07 1.55820736566e-07 -4.8411985129e-10 -1.90167263007e-07 -1.59931989508e-07 -2.95766280242e-10 2.61308525665e-07 2.00539048914e-07 2.86673022221e-10 1.0518744105e-07 -3.16646907481e-07 -5.21258380501e-10 -2.36434033857e-07 -5.0296852235e-08 -1.62998786536e-10 -1.70165892845e-07 -2.7898648376e-07 2.96136020996e-10 -6.46101620402e-08 3.47755612575e-07 1.38456989364e-10 -3.15201710057e-07 1.63477701985e-07 4.50380564788e-11 2.85215841071e-07 -1.92402959244e-07 -3.84684865237e-10 -3.4192923142e-07 -5.17258558291e-08 5.26789761542e-11 2.7919056315e-08 3.57439080852e-07 3.91819748353e-10 -2.64065456222e-07 2.41700412301e-07 -2.3131040296e-10 -2.6523827807e-07 -2.36565752233e-07 -4.54190083036e-10 1.26102195576e-07 2.02983198704e-07 7.38981177507e-11 1.73883796327e-08 -2.77414963011e-07 -8.91189863563e-11 2.15785412185e-07 2.89494889897e-07 1.61078701583e-10 2.4130307262e-08 -3.59799981322e-07 0 0 0 0 0 0 0 0 0 0 0 0 0 0 0 0 0 0 0 0 0 0 0 0 0 0 0 0 0 0 0 0 0 0 0 0 0 0 0 0 0 0 0 0 0 0 0 0 0 0 0 0 0 0 0 0 0 0 0 0 0 0 0 0 0 0 0 0 0 0 0 0 0 0 0 0 0 0 0 0 0 0 0 0 0 0 0 0 0 0 0 0 0 0 0 0 0 0 0 0 0 0 0 0 0 0 0 0 0 0 0 0 0 0 0 0 0 -1.19125408223e-10 5.50257761205e-10 1.44370337559e-09 3.6439625056e-11 -1.35680774597e-09 4.140674747e-10 7.43150872512e-11 -5.72185528738e-10 4.66091864544e-10 2.28951219112e-11 5.32665613064e-09 4.19672963505e-09 3.18928971482e-10 8.72202274045e-09 2.17929613799e-09 2.39367504161e-10 -1.26613191472e-07 -1.86774325962e-08 -1.70836571127e-10 1.20549715294e-07 5.97610876964e-08 1.45506220202e-10 8.19543218117e-08 8.38460984758e-08 -5.31460736412e-11 3.20131618468e-08 -1.10095636016e-07 -1.52962444877e-10 -1.11883493733e-07 3.37464389077e-08 4.07560214215e-10 -2.51912271862e-09 -9.10752721853e-08 -2.73090753624e-10 -2.30723696258e-09 -6.38084025556e-08 2.62227502379e-10 -2.27679886649e-08 -2.90168128637e-08 -1.80621270508e-10 -5.7765856214e-08 3.07795799549e-08 3.64280657675e-11 -3.9264509915e-08 8.44833968728e-08 1.33807678856e-10 5.87901048267e-08 2.84102711712e-08 -2.44247288068e-10 9.06259704413e-08 2.11268631338e-08 2.10260542988e-10 -2.45654735837e-08 2.9418501882e-08 1.77802766608e-10 -1.6750365335e-08 -5.40385072917e-09 -2.80070831451e-10 3.55680327813e-08 -2.25539012354e-08 2.15005494923e-11 5.56881431267e-08 -1.58729608732e-07 -9.77925730511e-11 -5.11994577253e-08 1.62745199825e-07 7.51851873037e-11 3.08248169412e-08 3.29418645561e-08 7.19103344559e-11 5.36014470147e-09 -1.7553566168e-08 -2.46700730375e-10 -9.97346305415e-08 -2.08866287221e-08 5.75954022273e-11 -7.39290522048e-09 1.5829387396e-08 8.97776917896e-11 -6.7468352794e-08 -1.61564271029e-07 2.4490735893e-10 -6.96884667316e-11 7.00863896316e-08 2.03741023172e-10 1.52558846057e-07 -9.01147864611e-08 -1.13219771175e-10 1.35757279004e-07 -3.46897310188e-08 -5.22038549974e-11 -3.51790678796e-08 1.38401479879e-07 2.30012830753e-10 -4.06817502798e-08 1.58092970354e-07 2.71539189307e-11 -1.00342905181e-07 -9.69778038848e-08 1.36291526564e-10 1.71313991194e-08 5.76864430764e-09 -3.52525155222e-11 5.86945206144e-08 -3.86908653966e-08 -3.17464320924e-10 -1.14646157681e-07 -1.13294217481e-07 2.10540107292e-10 7.63106177623e-08 -4.95040680244e-08 -4.81952933058e-11 -1.25767266703e-07 1.75271696928e-08 1.65581098038e-10 8.72670812096e-09 8.92530714556e-08 -1.89076281635e-10 -6.04344375452e-08 -3.60452829755e-08 -4.90206739503e-11 -8.02143927043e-08 -4.68704309417e-08 -3.08224670633e-11 -7.25941172896e-10 -6.42408384069e-08 4.52798886783e-11 1.19774830061e-07 1.36623702222e-07 -5.02217915137e-11 -1.72664722542e-07 5.52495165485e-08 2.02947373729e-10 1.58734728835e-07 -3.95450936086e-08 1.64449556383e-10 8.86862058614e-08 1.04445180041e-07 -3.71829340665e-11 5.0015905987e-08 -1.26568908873e-07 -1.49067806917e-10 -7.8170203714e-08 6.75521128447e-08 -1.29890729328e-10 -5.92959454827e-08 2.75272031183e-08 3.31150377469e-10 9.9370407432e-08 3.69474912141e-08 -5.55709458573e-10 -1.1722838616e-08 -1.03282360443e-07 -3.70923127115e-10 5.17281306101e-09 3.80152494692e-08 -1.34393556758e-10 -1.30337635262e-07 1.66005775326e-07 2.52178206339e-10 4.3660706085e-08 1.08932399327e-07 3.59971945777e-10 9.37472474691e-08 -7.38262599302e-08 1.75173097453e-10 5.98017882607e-08 2.10778135819e-07 -2.11011639503e-10 9.485064743e-09 -3.83493231033e-08 5.00343698813e-11 5.14902706852e-08 -1.73572667106e-07 -1.32594047244e-11 -3.97787414863e-08 -3.88600379407e-10 1.7540223255e-10 2.76576317708e-08 -1.70533938816e-08 9.9760585632e-11 6.96211270109e-08 2.11520011585e-08 -4.05709591365e-11 4.31819751778e-08 7.69927293843e-09 -1.97103233698e-10 -9.73844323377e-08 -9.97318194789e-08 1.38994691463e-11 -1.27337615389e-07 -1.88838280368e-07 2.85199582592e-11 1.30237677871e-09 -3.25974280288e-10 6.84208137147e-11 2.14493984519e-07 -6.85099102338e-08 7.38856566571e-11 1.36541408919e-07 -6.1212437528e-08 -1.21897023095e-10 -1.77117002005e-08 -2.9526953923e-08 -5.244192985e-11 6.59120912459e-09 1.7625844223e-08 -8.99837907262e-11 -2.63955283253e-09 6.66138621029e-08 2.19539682952e-10 1.32093620555e-08 -3.10042487847e-09 1.31818285637e-10 -6.36844902459e-08 -1.88651320307e-08 -2.48006801944e-10 -1.65004901254e-08 5.76341396477e-09 -3.19056680852e-10 -9.93042725385e-08 1.22688855447e-07 -2.24542704333e-11 -3.05086521917e-08 2.70401048114e-08 1.56773963863e-10 1.57587459939e-08 -5.58575045406e-09 -6.0018071299e-11 -2.03361437514e-07 -7.92948759645e-08 -3.39761608315e-10 2.12411237508e-07 1.37398986684e-07 -7.82426873009e-11 6.92980503983e-09 1.58157326076e-07 1.64212408369e-11 1.2247467814e-08 -4.21524852513e-08 -1.37551090354e-10 -9.33175643136e-09 -1.54572642895e-08 -2.0470948675e-10 -1.55308186731e-07 7.12773123777e-08 2.95873795559e-10 1.56119705464e-09 1.14613694802e-09 1.17111627475e-10 -1.94892514659e-07 1.14536065768e-07 -3.19584125365e-10 -7.81162033557e-08 -1.09303153335e-07 9.44237942891e-11 7.31271480578e-08 -2.14518661992e-07 -9.86442974665e-11 2.12350167119e-07 2.69927487326e-08 1.79373557542e-11 -1.32104961244e-07 6.2964490628e-08 7.80365496742e-11 9.35405222756e-08 2.00972285569e-07 9.0886086104e-12 -3.59816573665e-08 -6.29498982518e-09 1.48414915404e-10 -3.02159062372e-11 -5.94887647532e-10 -2.76483262481e-10 -2.55618802109e-07 -2.72360635378e-08 9.67914007108e-11 -1.50298914384e-08 -1.76893736898e-07 -2.15460947844e-11 -4.52265422086e-08 9.42257907381e-08 -7.57906065733e-11 4.24683811764e-08 6.51039775774e-08 2.24176668356e-10 1.60138595843e-07 7.8082140429e-08 1.40886609532e-10 3.56170089263e-11 7.96511114264e-10 -3.81762793283e-11 2.51395515538e-08 1.93329805342e-07 -8.06875017031e-11 -1.65691417322e-07 1.20912370744e-07 1.34201092433e-10 2.88258259914e-08 2.58563864222e-08 -1.43114665843e-10 -1.14199982706e-07 1.77942824386e-08 -6.3346623643e-11 1.5240011093e-07 -1.23514512187e-07 5.20260734763e-11 4.64169570572e-08 -6.12802049252e-08 1.73224231803e-10 1.88706167736e-07 8.39110588453e-08 1.13564870507e-10 -1.84458602311e-07 -6.79625711269e-08 2.4696833525e-10 1.63960048861e-07 3.54762335739e-08 3.84805027149e-11 5.89239612111e-08 -8.50217690103e-08 -1.78925108802e-10 -3.33874000763e-08 -8.63141108471e-08 1.82597436226e-10 7.74089609503e-08 8.48085636733e-08 2.19707406696e-10 1.00826351907e-07 1.13398187551e-07 -2.34359052211e-10 -4.28620327357e-08 -5.94407182497e-08 6.03598792546e-11 9.98176562664e-08 -1.93796348722e-08 -6.65989067702e-11 -3.55867794088e-08 1.28944131888e-07 5.32556581563e-11 6.59126092242e-08 3.22537099507e-09 -9.01683637944e-11 -6.08005124384e-08 1.74234406094e-08 1.10106056797e-11 -3.36617077311e-08 -2.00332655103e-07 6.17853241023e-11 2.42619939794e-07 -2.03983794463e-08 8.79422041956e-11 -1.30556740175e-07 1.83595967187e-07 3.55913655842e-10 7.74160795021e-08 -1.30791526567e-07 2.01639559715e-11 -7.93864451832e-09 -6.26987615487e-08 4.72302358166e-11 1.65855019996e-08 2.24471390774e-07 2.29013116727e-10 -2.13152962128e-07 -3.36272027246e-08 -4.69261658888e-11 -1.55820732795e-08 -2.44310327294e-09 -7.0516208962e-11 -5.0387705512e-08 7.37672788288e-08 -2.6584600291e-10 -2.52304501486e-08 -1.58754905955e-07 7.80231103721e-12 -1.28322547099e-07 1.48499285395e-07 3.16322173378e-10 -1.51175593371e-08 -8.65105737169e-09 -4.60821137141e-11 5.3600023359e-08 8.36220688428e-08 1.44296101898e-10 1.10984904219e-07 1.79280569622e-07 -1.42588634524e-10 4.13384155626e-08 -1.35076580576e-07 -3.23593445775e-10 -4.90641563753e-08 -1.02513914443e-07 3.01736413487e-10 1.40676467504e-07 -9.23790924145e-09 -1.25104357393e-10 -4.38725059451e-08 -2.8147025856e-08 -2.24747273993e-10 -1.77938529386e-07 -3.40888927497e-08 -5.08134899858e-10 -9.55454207348e-08 7.44033766547e-09 -4.83694633732e-11 9.91564153512e-09 -1.38125828663e-08 2.4259666518e-11 -4.97307358991e-08 5.73606221634e-08 9.72228754515e-11 4.53305252972e-08 -4.22239891159e-08 1.82249990163e-10 5.33014921959e-08 -1.16058252244e-07 3.22315120482e-10 9.49782698348e-08 1.62506439792e-07 -1.81145577303e-11 -4.73171400396e-08 -2.45747479204e-07 1.70021548659e-10 2.11593994304e-07 1.13688398635e-07 2.94829242326e-10 1.8871463055e-07 -1.59347167127e-07 6.96418565264e-11 2.57306963002e-08 5.71998514939e-08 2.05943343495e-10 -3.83933319622e-09 -2.70548863547e-07 -2.28178859867e-11 -1.45511223746e-08 5.84070792841e-08 -2.30602097453e-12 2.27820357187e-08 -1.54482946047e-08 1.09755075886e-10 -2.53286177271e-07 1.13434770014e-07 -1.0589380445e-10 1.96018915348e-08 -9.32866904093e-08 2.42862039786e-10 1.99412485678e-07 7.81289306564e-09 2.36426333269e-10 -3.8055183764e-09 4.85682908009e-08 -4.2357115348e-10 -1.55646592206e-07 -4.57779544452e-08 2.02404804121e-10 1.70597017919e-07 -2.11536377575e-07 2.60741349255e-11 -2.21032776735e-07 -1.23145835467e-07 -7.84247977075e-11 -1.74458207182e-09 1.56650891038e-08 -7.57695572065e-11 -1.31449317457e-07 -1.64504166714e-07 -2.71977395827e-10 -4.93989254924e-08 2.60316011894e-07 3.94195961083e-10 1.17148352379e-07 3.24058008983e-08 3.5245623713e-10 1.58848948065e-07 -1.57883460534e-07 2.22842786569e-10 3.64463209476e-08 1.10100016279e-09 -1.32607281968e-10 -1.02045060169e-07 1.61379091058e-09 -1.56849770746e-10 -1.46290448224e-08 1.0628275285e-07 -3.84040344904e-11 7.60062399713e-08 -3.07328416795e-08 -9.2455182105e-11 5.17660016384e-08 -2.13212538653e-08 -2.0835193051e-10 1.0282769891e-07 2.6203286592e-08 1.17500633596e-10 -8.36319889243e-08 -2.30879888133e-10 -7.55499908356e-12 8.73421826578e-08 -1.72762299081e-07 9.68497073173e-11 1.77856935451e-08 6.11338334433e-08 1.85109815351e-10 -1.26742500904e-07 3.44694195492e-08 -9.89609407983e-11 -3.43115521587e-08 2.64102134801e-09 -6.64190666327e-11 -9.45443423988e-08 -2.13319357696e-07 -1.91042993116e-10 -8.65492161753e-08 -6.93693459369e-08 -1.68565023695e-10 -8.5580493914e-08 3.75627465706e-08 1.29075641275e-10 -5.71288448806e-08 2.71050659716e-07 2.45616166176e-10 4.05078446387e-08 7.18564421281e-08 -1.13844226311e-10 -2.6687230998e-07 -1.21175604068e-09 -2.6877866456e-10 7.32851718858e-09 1.62878066048e-08 -1.23479501583e-10 -1.10352739556e-08 1.69723032139e-08 2.6185786687e-10 -3.22028362662e-08 3.62740144e-09 -1.46010853708e-10 -9.5158676849e-08 7.59915820171e-08 -2.24112595684e-10 -3.32526438248e-08 -4.8671098965e-08 -3.6490821362e-11 2.83316860543e-08 -6.07511265998e-08 -4.74299299225e-10 2.91772895899e-08 3.16047216842e-08 1.04446084478e-10 5.91914326224e-09 -7.95043124475e-08 2.6470233246e-10 3.34061564671e-08 2.90052758691e-09 8.47328130052e-11 1.00330336218e-08 -4.09347707624e-08 -1.1642010558e-10 9.55939203918e-08 4.36349261411e-08 -3.35027990674e-11 -2.08700519383e-08 -2.18025546985e-08 -1.70113940277e-10 1.82399584722e-08 -3.33047823551e-08 -3.59745792665e-10 -1.35877557413e-07 3.22926863342e-08 1.0125867659e-10 4.57922191007e-08 3.81547581567e-08 2.49275688243e-10 -5.24878819666e-08 1.20289925753e-07 1.16170054421e-10 -2.72055447334e-08 3.0474026387e-08 -1.04272481663e-11 -4.41810457024e-08 3.21419081706e-08 3.45451405202e-10 1.34328018048e-07 6.70092056708e-08 2.37016327323e-10 3.58019033243e-08 -5.61941811784e-08 -1.66869989562e-10 5.03476607787e-08 -6.70116143313e-08 3.54496229392e-11 5.02840077335e-11 -1.5742783019e-08 3.3229898525e-10 4.46533354448e-08 -3.112012749e-08 -2.6185377116e-11 1.33064118956e-07 -1.78433332542e-08 -5.42173355494e-11 4.78035152489e-10 3.31023640746e-08 -2.12751482472e-10 -7.36773602229e-08 -6.43672304248e-08 -1.61322562924e-10 1.43000795973e-07 -1.17307797642e-07 3.6247653157e-11 2.45570944593e-11 -3.90731077286e-08 2.83166954096e-10 -5.23231212543e-09 -4.23678412409e-09 -1.5408393822e-10 -5.22011430055e-09 2.98637695254e-09 -3.89671310085e-10 -2.83967227968e-08 4.05432216948e-08 1.99782228679e-10 9.8235502318e-08 4.04610220961e-08 -2.35486279208e-10 -2.17900355809e-07 2.8870290159e-08 -1.3939104442e-10 8.99138303588e-08 -1.99717758788e-07 -2.22687454511e-10 -1.22280753653e-07 -6.90386492091e-08 -8.24182867749e-11 -2.79389072398e-08 -2.94177444401e-08 -2.6987325015e-11 9.94471595455e-09 1.13581210267e-07 2.23851207688e-10 -1.55830169442e-08 -1.32639362545e-07 -2.25290702853e-10 -8.4984995457e-08 -1.70026852579e-07 -6.70555073607e-11 2.86881137298e-07 3.0182992465e-08 1.72794640795e-10 1.64077704877e-07 1.4628736531e-07 1.23089157135e-10 1.62661604787e-08 -1.18523681366e-07 -4.19677351025e-11 3.9451163858e-08 3.76922653492e-08 -2.49115689484e-11 1.26583264457e-08 1.17116230862e-08 6.85223738807e-11 -1.0546414456e-08 1.08617715e-08 -7.38204169146e-11 2.26016175582e-07 -8.91299441868e-08 -9.74439495052e-11 9.66630723502e-09 1.63318072531e-07 -7.93760123804e-11 -9.86834929962e-08 -5.81053542646e-08 -3.94095834001e-10 9.16110684318e-08 -3.0186080581e-08 1.03593407326e-10 4.67230379825e-09 -3.48883675397e-08 3.02014690997e-10 -2.18746949175e-08 -7.92728505003e-08 3.78376166705e-11 -9.35123102082e-08 1.38516030827e-07 -3.85067721235e-11 1.36316552153e-08 1.49550319723e-09 1.51908765645e-10 -2.17026575861e-08 1.22847772978e-07 1.61526131647e-10 2.09009083703e-08 2.17074416789e-08 -2.82785404022e-10 -1.90626420413e-07 -1.48195899777e-07 -2.64762417946e-11 -3.11658331818e-08 -2.02051804331e-08 -7.70687968482e-11 -7.85047334156e-09 3.69406683977e-09 -2.9483720726e-10 -8.7413400734e-08 5.6530407083e-08 9.5661006307e-11 8.72145607303e-08 4.02933136908e-09 1.93259113713e-10 2.38239546176e-08 1.9247095394e-07 -7.6009991223e-12 -1.53004051238e-08 4.54038712332e-08 2.75095535116e-10 9.93408160784e-08 -1.00760924277e-08 6.33517778163e-11 -2.46214423273e-08 -1.54923296565e-07 -2.22504290392e-11 -2.86782140625e-08 -5.04654542301e-08 1.44632861184e-10 -4.86631533274e-08 4.08146333439e-08 1.22297875642e-10 -1.70344036987e-08 1.13031913403e-07 7.0367857885e-11 -4.07532272404e-09 2.73357332786e-08 2.63813430663e-10 4.96885727228e-08 1.30955844429e-07 -3.37209190915e-11 1.20872231666e-08 -1.59314813211e-08 -1.04433681172e-10 -1.79999930317e-07 -1.9775336067e-07 -3.25031433304e-11 -6.80639703153e-08 3.31156673641e-09 7.55665135123e-11 3.48804968384e-08 -4.09546571915e-08 2.36488781077e-10 -2.86010353532e-08 8.05162697009e-08 8.66669603247e-11 1.50657923828e-07 -1.95214929475e-07 3.84650335286e-10 1.41595163937e-08 -3.77360368692e-09 -4.11652360595e-10 -2.38754113549e-07 -1.70200427563e-07 1.58892885851e-11 -4.11213048011e-08 1.15363249164e-07 -8.19131501217e-11 -5.07085241248e-09 7.17281923949e-08 -1.62088442613e-10 6.50320337227e-08 4.52008143798e-08 -1.11676105435e-10 -1.09615510175e-08 -8.35564995362e-09 -6.55321387442e-11 4.40944868629e-09 -4.8760537554e-09 1.99101507834e-11 1.00941956219e-08 5.03556153887e-08 1.75957720508e-10 1.67825966648e-07 -4.69893982823e-09 5.57677684717e-11 -2.42498615421e-08 2.13556348954e-08 -7.25492384676e-11 -5.75199354768e-08 -1.21777351887e-07 3.59596686189e-10 1.01058119441e-07 1.01444677442e-07 2.13844410504e-10 4.87022458883e-08 3.88045850447e-08 3.54187866719e-11 4.77017547732e-09 5.68055783504e-09 2.89456481427e-11 4.07545966199e-08 -9.43786774198e-08 8.62327949993e-11 -1.49428692723e-07 2.26544377975e-07 -8.68652194512e-11 1.39891355777e-07 2.88549044133e-08 -1.4362964014e-10 -1.03995728159e-07 -2.14733947368e-08 5.65844435534e-11 -1.49709173846e-08 -2.55096925703e-07 1.12575144721e-10 1.14605596478e-07 -8.95445447075e-08 -2.13316228471e-10 -1.64186336656e-07 8.67053468617e-08 -8.43362853919e-11 2.78621785915e-07 6.60343418548e-08 -3.13090791431e-10 -8.45796561067e-08 -1.14741995103e-07 -7.20950945655e-11 -7.01624029353e-08 2.10394901404e-07 2.18223477767e-10 -1.80524424569e-08 9.54114535324e-08 1.84343651492e-10 2.85200077739e-09 -1.53248125134e-08 -1.59028312114e-10 1.1466073423e-07 -6.38698955247e-08 -1.29454235746e-10 6.19027007239e-08 -8.30543307585e-08 -1.89192329248e-10 -9.4049026328e-08 -2.35916621279e-08 -3.01419884027e-10 -5.05506495713e-08 -2.07680661009e-08 -1.94305982697e-10 2.63593094178e-08 2.37464378721e-07 -2.86695078133e-10 -8.70186041116e-08 8.73536852435e-09 -7.68714923647e-11 2.02627900316e-07 1.92052661352e-07 -1.36458778011e-10 6.27426082697e-08 -4.18182051813e-08 -2.65729199021e-10 1.55208195923e-07 2.59640521625e-07 1.07439302479e-10 6.40687319125e-08 -2.78924780539e-07 -1.78363235169e-10 -2.67148980802e-07 8.81801688306e-09 -9.02260643039e-11 -6.55771981721e-08 -1.37971473757e-08 -4.1706333155e-10 -1.58030097546e-07 -1.12713332661e-07 -3.81134151158e-10 -1.12397065103e-07 1.67891757576e-07 2.33943474922e-10 1.58771364218e-07 -6.94299101631e-08 -3.29569966043e-11 8.2680561612e-08 1.68786120121e-07 3.28936129232e-10 -2.32638579858e-08 2.55932306105e-09 -3.58450782425e-10 -6.84477670293e-08 -6.23035202155e-08 3.30785403859e-10 2.63515963919e-08 -3.17581292341e-08 -1.63875604074e-10 -6.6328671226e-08 -7.23112488882e-08 -2.20547238032e-10 -5.98015912637e-08 -4.27212464334e-08 4.1903143167e-12 1.699938854e-08 3.30282922539e-08 1.43388813884e-10 1.61643273557e-07 7.33124968124e-08 -1.80133555921e-11 -2.23195958276e-07 1.46151435432e-07 1.73013660111e-11 1.90894198958e-07 -3.57595829579e-08 -1.55090080186e-10 -2.99475362181e-08 -1.08120223156e-07 -1.73894178504e-11 -4.73983324237e-08 1.77469075229e-08</DataArray>
        <DataArray type="Float64" Name="DisplacementMagnitude" format="ascii">4.43625988143e-07 0 4.43883782611e-07 4.44383498698e-07 4.43966653181e-07 4.43537719001e-07 4.44359059226e-07 4.4412479082e-07 4.43947034068e-07 4.4440475305e-07 4.44423355555e-07 4.45336656309e-07 4.45682829432e-07 4.45491708402e-07 4.45893773018e-07 4.46173941103e-07 4.45011877222e-07 4.45055344562e-07 4.45536848415e-07 4.44319869167e-07 4.44271408361e-07 4.44450331731e-07 2.16458849181e-08 4.33001573325e-08 6.73744065679e-08 8.81085619841e-08 1.09918585221e-07 1.34808896786e-07 1.56090906103e-07 1.7851674022e-07 2.01348941231e-07 2.25055035499e-07 2.46027894486e-07 2.66599276282e-07 2.91495939852e-07 3.11770745079e-07 3.35530340762e-07 3.55966098443e-07 3.78784872911e-07 4.01798784735e-07 4.22593700757e-07 0 0 0 0 0 0 0 0 0 0 0 0 0 0 0 0 0 0 0 0 2.14395078186e-07 2.34902424853e-07 1.43705304672e-07 2.99656597065e-07 4.24252909996e-07 2.38821739884e-08 4.2665702329e-07 1.91090975891e-08 1.47560526883e-07 3.01620649246e-07 1.89330513367e-08 4.21004520124e-07 4.25539235451e-07 7.72518908565e-08 7.98772627043e-08 3.67621651139e-07 3.70138541724e-07 1.90693122179e-07 2.57739250609e-07 2.08678039905e-08 1.96037306614e-08 1.92228052588e-08 4.25885326698e-07 4.2539633027e-07 1.64113019228e-08 4.21853060538e-07 4.23894975216e-07 3.57988426799e-08 4.10623313562e-07 3.43150114236e-08 4.10080776338e-07 3.89562017925e-07 3.80843138769e-07 3.55381307821e-07 3.68860051917e-07 3.47058991529e-07 3.58266221681e-07 3.36390914943e-07 3.46416667835e-07 3.25031309384e-07 3.35506741162e-07 3.12880432473e-07 3.2344378547e-07 3.01039908934e-07 3.12378155092e-07 2.88996727934e-07 2.99964209688e-07 2.78066993368e-07 2.90306677827e-07 2.6800909955e-07 2.57297433841e-07 2.45202534988e-07 2.33074604745e-07 2.22575449205e-07 2.13091999932e-07 2.01173831515e-07 1.90747873188e-07 1.79556594446e-07 1.67998578262e-07 1.56705929443e-07 1.45159631333e-07 1.34269377919e-07 1.44239406758e-07 2.10894925785e-07 2.78351225763e-07 3.01478642557e-07 2.902147072e-07 3.12067090285e-07 2.99957584699e-07 2.79049117157e-07 2.90052796765e-07 2.66638431556e-07 2.77873700164e-07 2.56312014048e-07 2.99488818244e-07 2.67064269574e-07 2.45042407526e-07 1.23654881137e-07 1.2252732723e-07 1.324555964e-07 1.57019980272e-07 2.23849315978e-07 2.91593914118e-07 1.14293522048e-07 1.24415366225e-07 1.46645662194e-07 1.35933847462e-07 1.130338429e-07 1.23597532656e-07 1.46389157192e-07 1.33160832737e-07 2.56830857893e-07 2.33282140522e-07 1.13193040712e-07 1.24346475957e-07 3.36091891355e-07 2.33447725787e-07 1.45647237764e-07 1.02122929944e-07 1.14049783308e-07 2.76830170192e-07 2.67132304085e-07 2.88469656152e-07 9.95908303531e-08 3.57045810923e-07 8.91461987719e-08 1.01500429636e-07 1.23818667115e-07 2.76390710786e-07 3.01509131351e-07 2.5551500828e-07 9.11349249654e-08 9.01299836575e-08 3.11299078696e-07 3.22388823503e-07 3.34784101571e-07 3.44291347042e-07 3.2319566138e-07 3.33585188581e-07 3.44241486902e-07 3.54835883307e-07 3.55934412003e-07 3.44004914651e-07 3.32920090475e-07 3.58228948158e-07 1.12134067658e-07 9.11031541403e-08 1.3420291515e-07 7.82550165146e-08 3.66925726132e-07 3.11964216949e-07 3.67162565662e-07 2.63475602937e-07 2.44811001318e-07 2.56380444076e-07 3.57084162856e-07 3.45050021449e-07 3.67460774932e-07 3.77472408812e-07 3.78541804597e-07 7.03798985699e-08 3.7879370578e-07 1.02254409537e-07 3.45490561202e-07 3.25243495764e-07 3.66888345741e-07 7.89935727791e-08 6.9526383409e-08 5.80107144812e-08 9.09414447604e-08 6.813471664e-08 7.81695041059e-08 5.69413664413e-08 6.84589785109e-08 8.98433441521e-08 7.84433494496e-08 1.03557701836e-07 8.86517484596e-08 1.11558333871e-07 1.02649368517e-07 1.21038671221e-07 1.12053045696e-07 7.89254460169e-08 1.33404194883e-07 1.46778702851e-07 1.56429565417e-07 1.68645913108e-07 1.79045320596e-07 1.90977054887e-07 2.03897408892e-07 2.12107126853e-07 2.23690902482e-07 2.35553797288e-07 2.48311511087e-07 7.7686816807e-08 5.913123018e-08 3.56524223354e-07 3.77753224984e-07 3.67634004965e-07 6.77917202084e-08 1.80819905432e-07 3.8681339e-07 2.13335094001e-07 1.68041481172e-07 1.248875031e-07 1.01737418967e-07 5.91409166058e-08 3.77284816372e-07 3.9103713752e-07 2.35480668518e-07 2.2283669777e-07 2.1136100027e-07 1.99631779483e-07 1.91472670418e-07 2.36245225429e-07 2.0185933312e-07 1.45801810257e-07 1.80686161212e-07 1.88708748423e-07 1.6935552373e-07 3.33307267108e-07 1.80592049114e-07 3.8886661972e-07 3.35360590678e-07 3.34036117353e-07 1.21763339699e-07 3.89659787026e-07 1.79948995616e-07 1.90898006266e-07 2.573014266e-07 2.68663905797e-07 2.56959690769e-07 2.79130837898e-07 2.48419974402e-07 3.86513906592e-07 3.78796084366e-07 1.13290918489e-07 2.70184289072e-07 3.78074516442e-07 4.03702712648e-07 4.04581130913e-07 3.92513594985e-07 4.11294907493e-07 4.0608145707e-07 4.88720581919e-08 5.85256725607e-08 4.94970439768e-08 4.64517858082e-08 5.82717582713e-08 3.58949191296e-08 4.53230966958e-08 4.65829810367e-08 4.03104491774e-07 2.27745814645e-08 8.94696341881e-08 1.14055229935e-07 3.9953868958e-07 3.98954653853e-07 3.79579382705e-07 3.11688204986e-07 2.98224293949e-07 2.90306588616e-07 1.56799739642e-07 4.00998614919e-07 2.01240577552e-07 1.67909601053e-07 1.02200305489e-07 6.6493690906e-08 4.43785027372e-08 3.2407232792e-07 8.94985220738e-08 7.76962348674e-08 2.78377684303e-07 2.65326940646e-07 2.46716485567e-07 2.44476100264e-07 5.68423939086e-08 2.15562728187e-08 2.32106948393e-07 7.11856118036e-08 5.57767814611e-08 7.90644784684e-08 2.1064560245e-07 2.02001914353e-07 1.79215206642e-07 1.88478715486e-07 2.13912250186e-07 2.00252352785e-07 1.78931242507e-07 1.88098251646e-07 2.11868170366e-07 2.21866616347e-07 2.3334153688e-07 2.46996312306e-07 2.45234244333e-07 2.22865965914e-07 2.6702809035e-07 2.57046603326e-07 7.8837862088e-08 4.0583921476e-07 3.90866376276e-07 4.02605297385e-07 3.88603161247e-07 4.2398058967e-07 3.58603400339e-07 5.54173489768e-08 4.459401739e-08 2.15368461923e-08 3.34105065537e-08 5.77011925894e-08 4.41082143192e-08 3.46403612289e-08 5.51991217467e-08 4.37678688885e-08 6.67314333056e-08 6.72145197222e-08 2.22254242632e-07 2.44666114514e-07 3.23524546409e-07 3.34886747838e-07 3.67704792537e-07 3.86438188755e-07 3.00082945713e-07 3.10858471088e-07 3.22953590659e-07 2.87972106706e-07 3.69957705286e-07 3.89834342115e-07 1.67867471079e-07 1.56113747215e-07 1.01741840894e-07 3.4736902429e-07 2.24212822481e-07 2.01060793747e-07 1.88382196805e-07 2.12880559915e-07 2.00804557301e-07 1.55465207748e-07 1.34017375396e-07 1.69650679079e-07 3.4601947477e-07 3.24262022632e-07 3.11931863982e-07 3.13245298324e-07 3.248282894e-07 3.55495744185e-07 3.44572874089e-07 3.68030712464e-07 3.889130937e-07 3.78069519971e-07 9.07312877585e-08 3.23193893632e-07 6.06567546403e-08 1.92016988448e-07 1.68604927589e-07 3.12288816534e-07 3.46841609567e-07 1.11254799995e-07 1.00844949063e-07 1.02009363386e-07 2.33085772135e-07 3.32191268689e-07 3.11601548999e-07 1.34037694383e-07 2.69613591184e-07 3.00430259995e-07 2.77939731958e-07 1.58233697117e-07 1.3522428807e-07 3.57791515993e-07 3.23301339702e-07 2.13275874341e-07 1.12861085181e-07 2.35537557857e-07 2.44881464258e-07 1.22638917715e-07 9.08238810072e-08 6.9115975812e-08 2.8995671005e-07 3.68507481224e-07 8.14690996114e-08 3.80036403563e-07 2.24254302679e-07 1.44875959671e-07 1.35190466583e-07 7.04274198841e-08 2.2306267225e-07 2.02489790338e-07 1.79066515716e-07 1.67515387985e-07 1.57490568611e-07 1.67558337201e-07 1.57429574146e-07 1.67577177731e-07 1.57227407544e-07 2.67409988183e-07 1.68145834917e-07 1.58034849509e-07 2.78016513602e-07 1.48039856749e-07 2.91082284548e-07 2.56767175497e-07 3.56742907969e-08 1.01186961233e-07 3.00603552037e-07 3.47640562621e-07 1.77817339176e-07 1.78010818788e-07 1.92003372464e-07 1.44636424718e-07 2.02194337858e-07 2.1391021093e-07 1.86042934379e-08 1.90248885203e-08 1.91756307525e-08 4.06647371947e-08 4.2118380373e-07 4.24140618488e-07 4.26701548419e-07 1.88471612893e-08 3.78999475158e-08 2.19696245017e-08 4.24400745918e-07 4.2762591779e-07 4.21408169636e-07 2.37024225137e-07 2.570402063e-07 1.89648265244e-07 2.78325507793e-07 2.7790239579e-07 2.91002706642e-07 2.55525704159e-07 2.24889799125e-07 4.09855223138e-07 1.33337990315e-07 4.09044277304e-07 1.2309212321e-07 3.99773633975e-07 1.22448461121e-07 4.25214866304e-07 4.25816357255e-07 3.87253810805e-08 4.09875624216e-07 3.70427296915e-08 3.88372033044e-08 4.08093179508e-07 4.27623440944e-07 3.88986995437e-08 3.73903978727e-08 1.69333264407e-08 3.91689286888e-08 4.07880826532e-07 4.07733908325e-07 1.63501858161e-08 4.08432854577e-07 4.28122776725e-07 4.07877365294e-07 1.51015478257e-08 4.06719605063e-07 1.44685388737e-08 4.27422417699e-07 1.66224975307e-08 1.69210028853e-08 4.2805478588e-07 4.11591795326e-07 3.94159581581e-07 3.38417088041e-08 3.21958386334e-08 5.08349402314e-08 3.25676461217e-07 3.12508092986e-07 3.31369809494e-07 3.30417418785e-07 3.15447766138e-07 3.26901650582e-07 3.25594975923e-07 3.30910864985e-07 3.59015755501e-07 2.41793657402e-07 2.16451940471e-07 1.07082054153e-07 1.38344387566e-07 4.06277386967e-08 9.17179960819e-08 1.27734377644e-07 1.7217810534e-07 2.17556729999e-07 1.73379037826e-07 2.56038739918e-07 2.2089126948e-07 2.00044890119e-07 2.64627497978e-07 2.48479503299e-07 3.29390563317e-07 3.3366112143e-07 2.41725251931e-07 3.26787263793e-07 3.53706837385e-07 3.55073367403e-07 3.44045021403e-07 3.45819767283e-07 3.58527785535e-07 3.57980178221e-07 3.55407868213e-07 2.38964744207e-07 2.77959390756e-07 3.61068751529e-07 3.6060826978e-07 0 0 0 0 0 0 0 0 0 0 0 0 0 0 0 0 0 0 0 0 0 0 0 0 0 0 0 0 0 0 0 0 0 0 0 0 0 0 0 1.5495979812e-09 1.41905143649e-09 7.41728142708e-10 6.78132209458e-09 8.99581725197e-09 1.27983608482e-07 1.34549807303e-07 1.17246323035e-07 1.1465554686e-07 1.16862148305e-07 9.11110162836e-08 6.38506864306e-08 3.68839463706e-08 6.54546355148e-08 9.31619418703e-08 6.5295006226e-08 9.3056276097e-08 3.83269481549e-08 1.76013623161e-08 4.21170019889e-08 1.68214917398e-07 1.70608892209e-07 4.51147584799e-08 1.83538553861e-08 1.01898521333e-07 1.74707718822e-08 1.75085694339e-07 7.00868521742e-08 1.77186110515e-07 1.40119338634e-07 1.4280244807e-07 1.6324351438e-07 1.39547102456e-07 1.80770757679e-08 7.02995807813e-08 1.61181332571e-07 9.0961571344e-08 1.26982712895e-07 8.96788359425e-08 7.03677441448e-08 9.29041898765e-08 6.42449473486e-08 1.8169217918e-07 1.81288769678e-07 1.63586581829e-07 1.37018487028e-07 1.36092912848e-07 1.03314524244e-07 6.537409987e-08 1.06017473281e-07 1.03947004463e-07 3.83673659656e-08 2.11058841722e-07 1.17356672042e-07 1.19327250212e-07 2.19097483107e-07 3.95054624271e-08 1.81048947098e-07 3.97806417784e-08 3.24929777643e-08 7.27634415861e-08 4.38630075353e-08 1.39392260646e-07 2.27760322748e-07 1.3428543827e-09 2.25169451473e-07 1.49634636086e-07 3.44319646673e-08 1.88180012875e-08 6.66661980355e-08 1.35701170965e-08 6.64200638398e-08 1.74798347327e-08 1.57841678883e-07 4.07669673996e-08 1.67201453795e-08 2.18274036991e-07 2.52976541995e-07 1.58309090425e-07 4.3895703097e-08 1.80562348709e-08 1.70883381379e-07 1.95921092533e-09 2.2605666623e-07 1.34348139882e-07 2.26640342926e-07 2.14058897714e-07 1.46342913006e-07 2.21674750398e-07 3.65281623729e-08 6.13865865878e-10 2.57065850692e-07 1.77531127296e-07 1.04517655086e-07 7.77309271807e-08 1.78160716174e-07 8.09658917827e-10 1.94957462395e-07 2.05118145671e-07 3.87233646889e-08 1.15578081916e-07 1.96167358511e-07 7.68752243888e-08 2.06521460253e-07 1.96580517696e-07 1.67754349465e-07 1.03444361331e-07 9.25466165204e-08 1.14824531567e-07 1.51740404804e-07 7.32830659869e-08 1.01681553851e-07 1.33764765363e-07 6.59914987629e-08 6.32478199291e-08 2.03141043094e-07 2.43475939032e-07 2.25283264594e-07 1.51986181812e-07 6.31993447997e-08 2.25083287659e-07 2.1578931038e-07 1.57725065654e-08 8.93338528504e-08 1.60747523942e-07 1.96261850387e-07 1.74207190919e-08 9.93258024141e-08 2.10853485695e-07 1.41260636954e-07 1.13650775659e-07 1.40979780541e-07 5.21254975376e-08 1.81174565986e-07 9.58360279282e-08 1.70032271083e-08 7.59169787107e-08 6.19494247986e-08 1.27712960185e-07 1.88226774402e-07 2.50261334618e-07 2.40202205062e-07 2.46991535036e-07 6.27207827838e-08 2.70576182356e-07 6.01923798625e-08 2.75258235662e-08 2.77527199912e-07 9.53239317945e-08 1.99565627612e-07 4.87177250993e-08 1.62239521052e-07 2.71755446179e-07 2.53022500707e-07 1.57621297319e-08 2.10571958406e-07 2.64961796982e-07 1.21548458598e-07 2.23964951805e-07 3.64636280542e-08 1.02057906165e-07 1.07284934206e-07 8.19844957729e-08 5.59850278197e-08 1.06114048561e-07 8.36323901569e-08 1.93585817952e-07 6.36685626209e-08 1.3134624732e-07 3.44131864053e-08 2.33331921217e-07 1.10918481209e-07 9.34612715656e-08 2.770057431e-07 8.24881450869e-08 2.66875085287e-07 1.78625880026e-08 2.02447917956e-08 3.24075496503e-08 1.21778141045e-07 5.89462842107e-08 6.70327170075e-08 4.30162483299e-08 7.97244182399e-08 3.35328856127e-08 4.21464636793e-08 1.05081958246e-07 3.0181311796e-08 3.79728001541e-08 1.39662656484e-07 5.96047242548e-08 1.31242927921e-07 4.08512110464e-08 5.46357682195e-08 1.50114520997e-07 6.66304619276e-08 8.38180842466e-08 1.57429032374e-08 5.44287894772e-08 1.34255148806e-07 3.31058599715e-08 9.78342426003e-08 1.84960463509e-07 3.90731322588e-08 6.7385171526e-09 6.01596064427e-09 4.95002882287e-08 1.06241932106e-07 2.1980471826e-07 2.19024426708e-07 1.40424240743e-07 4.0570839509e-08 1.14015742024e-07 1.33551791537e-07 1.90083220739e-07 2.88464563626e-07 2.19821555688e-07 1.19634719761e-07 5.45628349538e-08 1.72451722028e-08 1.51396708456e-08 2.42955683253e-07 1.63603911341e-07 1.14519300927e-07 9.64569470364e-08 3.51999906812e-08 8.22361132171e-08 1.67126432345e-07 1.37134983317e-08 1.24750165324e-07 3.01344833312e-08 2.41455041028e-07 3.71424174663e-08 8.67652010329e-09 1.04100319317e-07 8.7307641508e-08 1.93939903767e-07 4.79125659685e-08 9.98508941136e-08 1.56867610596e-07 5.80448320486e-08 6.35134450761e-08 1.14308351898e-07 2.7637936262e-08 1.40065902514e-07 1.99978548365e-08 2.67406764082e-07 6.81444905021e-08 5.3795341022e-08 8.54455665132e-08 2.46590117833e-07 1.46587838913e-08 2.93209620812e-07 1.22473022411e-07 7.19072585918e-08 7.91978869881e-08 1.37835031254e-08 6.57445301176e-09 5.13573868382e-08 1.67891828503e-07 3.23128772572e-08 1.34678400916e-07 1.43191813299e-07 6.22715850488e-08 7.4178545343e-09 1.02802104721e-07 2.71387724183e-07 1.42836285569e-07 1.06189635965e-07 2.55535854769e-07 1.45439612569e-07 1.85674488885e-07 2.86340079282e-07 1.42546629891e-07 2.21785442535e-07 9.71044992022e-08 1.55890272175e-08 1.31249658356e-07 1.03585631113e-07 9.69629912335e-08 5.46513640781e-08 2.38922962708e-07 8.74564252577e-08 2.79181476155e-07 7.54016962546e-08 3.02494388647e-07 2.86188481863e-07 2.67294532639e-07 6.70129714052e-08 1.9410816838e-07 2.02041797084e-07 1.73288526021e-07 1.87949010905e-07 2.3406525199e-08 9.25578409941e-08 4.12685694426e-08 9.81245952735e-08 7.34941076249e-08 3.71462961478e-08 1.77491663566e-07 2.66789576622e-07 1.94214683453e-07 1.12191183405e-07 5.06118063851e-08</DataArray>
        <DataArray type="Float64" Name="NodalVonMises" format="ascii">7698.37325532 8026.20841156 7878.8375536 8096.6686625 8049.42574137 7799.18580452 7871.89069147 7842.92641517 7686.07479391 8056.08844653 8156.32921261 8061.79028293 8278.40007396 7908.93975251 7880.03357786 7780.53053004 7571.10102165 7839.391555 7919.32478716 7778.30014081 7789.78112187 7825.75104458 7314.65211539 7571.39558344 7246.04591401 7254.44626376 7182.3523706 7593.9089821 7279.12198836 7529.77028913 7624.89048716 6669.07817689 7030.57556204 7227.77012959 7084.63590425 7908.96511248 7583.44862841 7570.66309579 7452.78523334 7052.7022447 6951.77372492 8137.93709854 8117.99613274 7908.34394369 8149.62402358 8450.17294068 8091.93623882 8029.18175109 8320.01863534 8363.84150599 8095.80033194 7267.33920903 7864.11605711 7853.52919872 8017.13395575 7961.00430006 8032.79605553 7992.98330766 7151.83018549 8175.52586258 8247.80259822 7438.66680927 6904.84008127 7081.62942235 7199.79403401 7317.26981434 7803.49160391 7538.85367569 7419.41600696 6902.0408747 7337.87602296 7286.81794179 7494.34025359 7359.48136322 7374.84337293 7446.83870685 7136.06669822 7876.57817591 7467.01380632 7179.6548151 7277.98666852 7507.51794551 7610.44785121 7052.3201003 7409.87535984 7606.61576687 7225.36118214 7191.37356942 7405.81518128 7020.8601261 7266.11823694 6644.60884186 7193.42606461 7704.03932225 7487.16141625 7460.75072893 7212.0330172 7743.73884107 7070.32457452 6973.05010881 8064.79864816 8129.25786258 7603.74006947 7623.38927494 7338.67270476 7103.35990075 7616.43633246 7503.3800566 6921.33969105 7568.42762541 6729.31093622 7274.37477414 8296.39082259 7110.24713906 7320.26381578 7690.9061962 6706.87429171 7383.56648338 7497.98411652 7398.57894354 8250.96788972 7301.97467307 6891.16668734 7441.00905826 6828.10105213 7196.99643192 7415.76830604 7269.25377182 7839.41377489 7076.85176099 8076.62452123 7112.3882588 7167.41911262 7827.77163448 6920.78284063 7274.87720289 6710.32604476 8107.73094064 7498.81334683 7178.63831306 7411.30681485 7818.39788967 6784.39508861 7602.32532177 7061.6075858 7441.30369412 8153.09192299 7297.18469449 7559.37534249 7162.97309776 8146.94811749 7406.83099426 7007.92187051 7360.86260138 7420.71026117 6650.54257481 8189.1558147 7384.16957861 8013.14610209 8417.61381776 7325.3784436 7060.34925507 6858.84847036 8273.32241358 7028.18058329 7430.13061713 7445.77832539 7956.51951729 6703.3997576 7515.55316647 7302.97553597 7347.06130228 7657.26335136 7151.06634176 7443.7800582 7714.69226342 6890.75687574 7289.18024095 6900.56729029 6682.24413128 8088.39557896 8103.50654924 7926.49769737 6888.40721385 7222.10970978 7527.75312896 7180.49244064 7872.95949096 7503.83340198 7139.82362976 7450.9506572 7757.29126597 6842.87057551 7440.82490493 6594.43032121 7136.21066962 7273.28057912 7508.35428075 7467.3158685 7018.95821071 7361.19517581 6945.46604528 7116.11960917 7568.62718461 8087.52159107 7130.76922876 7123.64049322 7155.43839518 6989.06179693 7211.128932 7248.48578792 6846.07828641 7148.96864858 7646.08535726 6756.75308741 7766.14899965 6948.29671794 7501.41101486 7415.93669219 6896.4322953 7152.31941591 7339.6130854 7030.73936508 7402.08251877 7384.97854388 7347.09768992 7216.10098369 7563.26985417 7510.11789415 8001.14551929 7359.27945477 7410.34111664 7612.4402163 7544.37784557 7366.78904896 7476.0141651 7352.51419367 6808.03696142 7533.54533248 6790.90399098 7260.77396809 7218.34032244 7418.8242591 6693.67736408 7385.49355287 7103.625147 7657.76409584 7631.94225132 7082.04561001 7057.91819848 7312.83767436 7641.140963 7034.67618801 7500.20532463 6972.35310641 6897.39195625 6563.73429698 8226.45181395 7366.55265057 7059.9651533 7548.42241342 6926.09556244 6861.79932295 8096.65398862 7953.31447268 7688.08927984 6881.55619396 7454.07410513 8155.67856893 7497.13193488 6881.14462825 7154.01616124 7491.97681666 7220.68396341 7198.17559152 7615.09053671 7726.12468844 6943.72285852 7589.61713516 7036.38098304 7132.25598729 7246.44086015 7227.01191906 7276.26255171 7369.41467325 6942.94836694 7284.98172365 6993.31146904 6963.87890994 7861.26027993 7339.83428643 7610.97184038 7723.43035344 7499.47393111 7619.92456179 7591.56738897 7084.92151145 7580.82439817 7200.79923475 7086.66243604 8169.60488682 7429.55141994 7077.69767105 7373.9422776 7274.51822583 8106.77202877 8101.14818813 7358.32743597 7265.46822678 7146.38189427 7420.10412884 7645.93639713 7311.70900658 7841.6685933 7516.49598539 7150.22711294 7392.77201214 6984.95333702 7595.02468935 6916.23846385 7074.06257406 7998.63339948 6848.38124712 7056.25049022 7323.30696176 7247.855828 7099.66280019 7230.3480264 7994.90841295 6816.90462858 7436.97382717 7094.4965829 7559.29598109 7757.2078434 7511.51183332 8287.06742596 6864.51673995 7266.71582064 7404.72157027 6920.05987884 6584.28650069 7669.41200382 6905.70102358 7351.89634072 7582.38004199 7226.92878386 7833.15683748 7276.46432865 7316.16596261 7638.68973229 7356.23652817 6989.82338125 7473.57721885 7644.60820837 7612.77696161 7439.45362358 7271.80754152 7773.39483475 7208.77261546 8138.13836207 6899.29611336 7821.6921197 7311.31519391 7554.22777809 7511.68825271 7208.61868802 7653.19032497 6878.03011003 7859.1243625 7088.00281471 8215.13416502 7217.07493588 7400.80607983 7772.58222137 7065.71381257 7543.47532271 8087.02763426 6991.01354634 7804.64628152 8317.39495824 7564.21246105 6911.88449808 8014.56752537 7063.97271473 7621.93603085 7397.98247036 8145.25445381 7534.71006042 7105.92610809 7874.4420294 7060.69947773 7165.50606689 7316.33915846 7574.6660909 7122.18631796 7698.5328658 7811.29348654 7178.1908518 7853.54147953 7250.67257592 7216.31535617 7341.18682194 6858.926309 8128.64246126 7090.34990397 7149.11809232 6887.42272364 7726.17728658 7274.24998465 7396.92385328 6476.86389762 7509.44428062 7496.61932281 6997.27275116 7436.96528614 7388.82725157 7300.35927719 7615.77557099 6943.09538924 7502.91528971 7334.54835674 7703.58146107 7186.04694317 7371.8190356 7058.85426173 8173.46855303 7843.91625609 7510.9623096 7290.961933 7324.59111483 7152.33466116 6775.46087564 7407.00767734 7422.28184029 7217.64448143 7437.847314 7225.79626697 7426.10439858 7244.47892789 7043.74473508 7715.27170436 7250.68749232 7998.72733829 7367.55018908 7366.26415252 7350.34255125 7320.29871869 7038.06477291 7557.43034953 7407.22298176 7583.34911802 8086.94724895 7203.631372 7394.11204906 7739.72330457 7836.58943639 7471.64321244 7303.84458891 7439.86890892 7114.10113734 7645.09241202 7256.24389412 7535.50323149 7041.4398164 7283.02935306 7103.87173035 7637.09344947 7001.69619535 6958.41571695 7114.33792958 8246.70743523 7529.88453753 7017.57711141 7104.69135219 7452.82539251 6804.57879186 7239.19376404 7830.98829588 7918.96357844 7527.64685438 7355.52340207 7103.92732976 6890.57440721 7397.49898437 7296.51126867 7335.82214898 7247.59576288 7285.87496988 7304.41999284 7029.50817766 7385.11892944 7214.40970147 8078.01274311 6804.88923837 7442.83310192 7113.41416529 7713.75905414 6728.68243153 7607.84976855 7023.32768668 7490.46934729 7191.61419158 7161.11110199 6946.43310341 7184.77038241 7392.19059719 7842.38193454 7619.41558349 7842.61424847 7087.34237108 6210.95360232 6039.7588208 6111.51706683 6201.5390456 6326.1770511 6456.72024197 6453.65077791 6741.27695921 7210.63163685 4394.9275613 4484.44516728 2388.31862833 2995.49563385 2725.30045008 2570.32648639 3599.38527578 4497.75671511 4040.47888217 4095.60483205 4557.59915584 4388.14826918 4297.71144538 5025.15300291 4823.47598601 6406.25343119 6078.55217652 4689.52131335 6254.73115232 6839.26274061 6859.22105334 6648.03937496 6459.45382129 6438.67173641 6362.67305843 7028.92055455 4328.73208783 4775.61068195 6877.63977666 6805.74951154 6163.26769185 6058.171636 6262.95826928 6412.52253611 6184.5752623 6319.07257076 6555.24390264 6464.59639213 6696.48818179 4316.77721102 4399.44165437 2423.55879982 2633.87337255 2206.59337436 2258.88630667 2946.27379834 3861.67819202 4133.30323515 3671.72133477 4546.93943433 4338.23456326 3935.99478741 4700.46450127 4403.55236698 6486.88102923 6258.76636241 4416.58309025 6279.06930064 6794.65446348 6667.3897262 6709.42987568 6660.56623845 6589.04933811 6791.97975212 6872.56229006 4692.52487716 5020.66504112 6982.23434115 6990.72545772 2275.65785859 1768.25876101 2051.58331621 2268.66933954 2146.41060915 3465.20198303 3680.46852287 3794.77180585 3997.79262955 3830.71013337 3615.35419792 3788.09608535 3822.76143169 3606.95929168 3581.63712271 3772.69792098 4110.45766019 3916.03296392 3856.02942409 4089.58999051 3963.57463955 4043.26665116 3943.40754518 3841.62557308 4200.66809215 4259.72818021 4317.81675843 4462.62651401 4696.67175545 4342.71536837 4426.69667824 4361.40418757 4286.26021333 4737.44992136 4314.99363924 4355.50681522 4212.37667623 4363.21739162 4846.41777915 3901.33793803 4429.05577341 4614.42388615 4926.70129426 4499.31562269 4533.10101524 4607.25170283 4517.2668364 4809.99034059 4651.86064634 4692.58703084 4725.31418575 5117.97327296 4893.30231863 4440.4206147 4680.13708035 5016.53181153 4661.86907093 4785.36484278 4863.42891678 4918.13209326 5181.89727356 4819.04196859 5233.47832884 5083.02222085 2134.64563315 4922.221316 4973.70374281 5227.29409741 5315.02136418 5242.05338212 2377.05296759 4972.01891139 5317.06997814 5567.04618082 5153.27636164 5548.86023723 5285.66836557 5482.56491421 5326.52380657 2313.52163422 5512.16723819 5612.60016984 2389.54092202 5455.36014581 5400.42276932 4912.35907208 5679.16391887 5358.96213725 5341.19236418 2523.18825426 2137.92215746 5390.14727224 5676.40244148 5360.66519621 5496.31550252 5457.97228589 2258.08979581 5426.68260485 5499.02716053 5372.68357756 5427.07907402 5785.17110869 5250.42081349 5770.5885068 5611.59427996 5236.16921733 5461.39315944 5536.07374099 5627.61195889 5395.68144798 5412.16943682 5703.01754901 5619.57605846 5639.99890396 5593.49780784 5653.41966805 5790.64303391 5781.84725202 5941.72816276 6248.45123164 5729.88732573 5563.33287318 5739.83018913 5459.45156235 5773.72693685 5844.36455492 2943.5978487 5853.97146177 5772.02851334 5841.12369608 5754.07765721 5505.19539694 5727.06291812 5881.46019553 5450.54867768 6002.2347571 5747.5633382 2675.73451783 5694.47227804 5800.7313573 5908.53676022 5962.68292745 6051.07160954 3037.341793 5682.72024594 6020.21343097 2297.82814416 5798.27881801 6009.12198202 6127.18308475 2467.35200213 5878.59375087 5768.02914931 5771.25187086 5839.261444 6114.84193453 5970.43712336 5822.41669309 5475.79382352 6300.96599782 3043.12114614 3046.98869667 5822.25746956 6023.79111974 3046.7027992 3255.7882845 6063.1138269 5814.28401827 3646.00699146 5909.95088201 5995.23111353 6045.48244463 3110.9338271 5900.53887555 3132.60594987 5957.36169055 3341.02810344 3097.11640386 3048.56467636 6065.96596627 3090.53473687 6323.03161859 3234.777684 2956.46963823 3595.97760573 3110.15038496 3181.57139716 2465.93486482 6057.81360873 6022.82646848 5892.74944373 6160.18250059 3291.56041207 2727.70003294 5920.24517732 3517.06973869 3194.56000905 5648.07535364 3079.18527553 6131.42947333 6209.01963429 3233.34819347 5916.02312337 6187.45010365 3219.50419416 3097.36319785 2954.85956404 6181.78054755 6149.72487755 6162.25122809 5952.34695456 3281.91231898 6347.8653121 3586.80529872 6127.05596323 5943.0729563 6242.46077274 6349.87824282 3127.10983291 6165.88793526 5967.78579294 6508.3747406 6125.43555064 3376.94996105 3525.4023202 3588.28420474 3240.81919944 6344.74126004 6004.96702556 3115.16435069 3150.79087838 6393.64445894 5882.00904716 3037.67968345 6108.12228975 3095.3205447 6184.34266367 6267.40363296 6350.89536995 5999.70219913 6256.73900764 6327.15035219 3531.91889915 3348.22946709 6209.09004754 2751.17651932 6036.62212682 3323.45949431 6117.19151707 3279.29791241 6346.83915672 3388.10125783 5924.39015893 3471.22399412 3459.72621451 6105.56532615 5987.67244086 3486.49740556 3141.35325446 6431.54476535 6363.01198264 3603.9332215 5944.24622338 3020.00796266 3366.46193076 3194.08433847 6347.47321926 3563.05856096 6072.92487571 6213.47994136 6416.98220019 6557.91399552 6371.80511251 6173.71902747 6269.39521103 6458.58215037 2839.05252794 3349.77083288 6537.38645666 6357.86192086 3625.68163093 6860.60402742 6319.41699048 6564.83729971 6292.57697923 5980.69268376 6619.35894426 6463.95685214 6162.55777296 6323.31052581 6239.61405393 6553.34413361 6233.88200765 3123.98312495 3825.05385893 3262.89845311 6258.89073434 6326.02240459 6247.99524469 6709.1200846 6752.02651017 6203.57762633 3533.39626841 6573.26861381</DataArray>
        <DataArray type="Float64" Name="NodalStressTrace" format="ascii">228.767829148 -174.933932347 384.310729915 -243.802860356 -516.276022212 130.463274595 333.888040765 -2.95386620016 320.256596481 -453.324692353 81.5775750415 521.235434519 61.1724786976 535.129925862 365.989155221 236.988160013 -198.877174663 -223.896602782 -227.411208746 -828.584053454 477.246041683 -454.735875176 100.695941037 -162.021471573 -195.203172995 -68.1497256313 115.201465359 753.541841388 -41.6285147395 37.1734072851 368.653619363 -254.677810685 113.806440082 250.022384744 261.411127766 -134.676773278 -222.022283457 70.6100061168 -649.706557028 781.476375026 370.786071921 -583.263235757 -689.088617067 -303.920716472 -161.339901914 -932.541787371 1162.53770259 -413.31824712 -179.349503909 541.366484798 -879.945263865 -85.8139887797 181.177804646 -819.295443102 813.564425268 -829.504878395 -630.753618658 -315.831392322 -199.746468532 749.456112004 1092.95737443 22.5891716279 -110.537812034 220.751031767 127.321459174 -203.605376335 -927.595570047 -175.479979335 -67.6161918863 146.421176255 -590.824861187 -322.225462095 502.157016199 59.6059981296 421.65318995 -343.55121383 303.501945735 -833.214234238 181.087931408 295.963419744 -427.156790348 -710.77274715 -156.748332529 -66.3034209617 -69.9408851605 9.22904838673 352.480851194 -207.845908456 316.961171886 52.0935936741 -388.820117492 15.9191506176 -551.77688212 59.856044223 450.006305148 -515.159849974 -59.6720134637 14.2059271242 -338.976904948 -169.768865567 298.496874407 92.5820144123 -362.399996371 -27.285099931 -107.52353717 -245.293980113 254.165492228 124.450830385 -264.8044535 -210.162175069 -163.359987507 5.85997419109 6.67725710095 -84.313136924 253.301584664 -158.751510136 268.357897729 -200.472255139 -161.781742611 513.475409799 230.180590375 194.869111674 -196.936126613 -89.6815036785 -378.604651134 133.249758097 107.153464885 210.885104743 -17.1314001284 -372.741695859 -204.56314972 106.603114989 81.5815310315 58.2005938312 -158.968044138 4.91373413571 -181.044896548 -434.842547734 357.062409471 284.54157721 -302.648494228 62.0943328059 131.768750768 -268.079655082 -573.385291264 -124.178955028 -199.65493848 284.815220314 -167.91529601 422.265564331 596.066830666 -0.747923926073 48.6568639449 138.633926052 -359.591757317 -199.325120999 -666.067211717 -47.5623040151 -57.9802636329 380.21001796 98.0453360847 -603.485283968 11.240301927 0.741114580275 -354.087119907 103.766533397 568.195061298 56.5322578189 -30.680050802 307.279997624 83.6444558597 1070.87768079 1107.44239389 188.726349073 281.366012664 -20.5159046454 7.92401918501 -83.960926172 212.357745109 227.23105278 -324.602617802 252.977888838 -309.870872041 55.062127359 49.8511616891 -354.581333335 105.280228427 189.451067297 -364.592168157 -730.901441943 217.689053386 192.52389082 335.387435413 151.987867622 -547.108835487 -116.367926021 -49.1970001496 554.550025304 -170.58469788 -252.092638055 -410.259597976 170.189501996 -6.15427186694 -412.429521048 92.0064094611 -45.4850594074 -494.942312269 -131.676508425 -214.282173189 142.5724695 656.355855802 371.807245297 233.965190052 358.891200865 -42.8380807645 607.919045301 91.6204292996 -1066.02227613 -717.722049064 -247.058625561 282.954415747 -117.873007794 -46.9315720133 739.435694323 -174.11855922 -253.479055596 -321.332152686 54.9701029746 105.71962093 -238.322076639 183.818739154 168.636855189 44.6347262522 93.5233505881 771.542532356 346.396041183 -179.452465532 383.029441541 -494.276535421 -410.468344768 -561.140221251 -85.9253526721 -169.599495431 83.4012974771 -4.7221047392 127.027859985 513.605406606 -79.167474055 -278.032119219 -207.22326677 80.8366184444 -34.7115408744 244.915840616 410.766371456 -167.440151706 -64.953197676 -348.281460129 -69.5186957027 595.103903599 -497.441407579 -318.645307217 59.5150281003 38.5189710343 29.2271099012 322.726834238 285.323158609 -413.61124012 347.225736412 -222.763762062 -161.427682568 -101.087500194 249.201540565 309.71360456 71.6510537406 -831.788085156 -737.947114877 1084.51538597 -353.440627677 -227.788437904 10.4173566568 138.227464272 97.8896524302 -210.338231325 9.31882860427 84.0521239224 -228.896010563 250.048958565 -622.976215777 -40.0936161229 39.5890688899 -87.579849249 -453.529058284 198.312315559 -48.6667092157 -387.053269392 -503.188430429 -2.99195576734 314.826080251 -52.9406589575 -194.748994202 -107.997857683 547.702494392 -269.062651361 423.013817789 666.443960468 -53.0014054972 351.682367455 288.325100884 -13.0565491016 334.364305713 -8.61009400379 262.639216271 -556.690639259 97.393823559 -626.52520945 58.1190541417 -253.480649844 -173.526942762 -316.739331337 195.501593253 161.124546024 -493.436517692 149.449587687 75.5119382852 -1.9892604227 -51.1125476992 -139.339627507 -374.147088453 -320.520836317 67.902119976 121.724469474 -9.61596573957 -112.328570861 -434.399346015 -139.885475314 119.851661997 292.984999786 132.754470297 257.675180894 -307.349543143 42.4071948012 -34.8088175429 -83.4461821317 26.4294592715 498.184353008 -548.464356245 375.016863554 -55.2313373407 438.331116289 -314.397076321 564.75424456 189.883979453 -313.787715295 -762.682836407 -665.878752444 -420.757990422 6.46931950662 -210.771545118 232.720705181 -178.943792679 -330.127142681 115.064694241 717.175047305 96.0847296624 29.4792200914 -106.993804134 188.783308041 142.376299387 421.475570008 -151.379995295 -184.785034136 -16.4135294277 -156.38507048 -492.277916425 53.2279795467 505.974769465 41.2320656444 -12.031291403 -500.979624196 207.742642169 633.601408781 -86.7328444349 632.848038754 406.751653844 193.447092029 -879.834415292 341.565850828 -224.172029033 13.2282615411 -340.941858805 -146.034622879 -287.581505564 -583.544336585 -1282.846399 -456.625339184 -145.584263533 -67.406504398 491.459823775 769.236020385 420.594136295 258.058160521 -200.683987493 175.127308944 -53.4849565651 56.6662026139 369.907276185 -404.261821437 -226.763927659 -440.911034867 -175.622199485 -28.5208884807 -425.731484462 -254.461766331 163.450204101 46.2480309815 -142.54544967 -335.927587333 161.025392686 -390.274541039 -58.1482729975 -35.0947467539 -338.020258789 -355.16822513 133.190750573 41.0168274344 -192.430008989 61.1364047706 -480.794443294 8.26459712802 -2.51387661278 -16.2321469681 -151.876011182 297.634520651 -28.6119616403 193.370452182 164.895883887 262.739308647 148.576001074 -171.071079797 15.1199036571 -374.534662037 222.45297586 58.9844735571 90.2337599304 -22.7765257306 -6.25033098514 108.358787898 -260.673566329 -231.473577688 -474.181599602 -179.100915216 60.7194524431 -310.765299643 244.527680269 953.073237621 -114.315375866 -282.909623311 -102.847032683 121.438645607 78.4567671434 -285.54880632 187.472092439 -288.354363362 159.298117506 -48.5085473862 -245.702766623 256.150688412 29.9288859556 -9.96852311132 246.810436398 49.1791514249 -49.5156089062 218.338290408 -153.777592564 -585.988618433 -20.4662203787 -182.916520321 413.35545105 -599.556313957 165.127707087 -245.578681599 -146.973171381 -87.9419503044 13.4700894804 78.0718247521 -224.774634601 -378.552799741 -167.968433736 139.833206819 -40.5681901808 -459.691896474 -297.944176108 -54.8338055921 -124.010543049 -502.630194327 -149.244371142 -254.185273899 -155.997490872 1430.39311903 0.770642541202 -608.573677612 320.009477074 -161.950118636 733.489556783 107.903496567 282.31483895 -738.025304992 53.8808527472 -652.391000555 10.061315044 334.921748131 -72.0015156672 -254.8917931 -729.910542246 -270.335010818 529.115254928 -627.478178738 -50.6789178591 -367.860226017 -2.46172838532 270.743084629 231.672229191 149.050423545 561.572843159 503.495021656 -383.557192057 241.345504063 -236.377881158 1002.12001392 405.648610413 385.780540407 118.35888966 -271.255793484 685.155525994 -302.880079025 317.303094195 12.8281495538 389.434533661 -465.393278097 419.756409239 -154.90887205 3.84000849338 -1001.45066261 56.9003662874 -62.6532633471 -877.732123041 -154.256020929 -517.557589987 -228.627931171 -201.429893465 288.712448814 -10.2287512315 415.921411788 -160.161744709 116.296661372 306.649161216 704.524192884 -686.323015028 -111.760376424 545.990406101 551.074016704 47.1955811271 1002.94080262 -225.021447099 -1139.22547064 -1380.22901302 -597.413353152 -181.126729064 -116.31458043 289.204424651 63.3210412097 42.0893816609 314.290965452 144.830444263 3.75625295454 137.306079508 444.300940554 390.46981053 1.77495985827 -240.338158299 -77.2503838463 217.725373113 258.019150015 -255.249052636 -128.07148062 42.4268124554 -338.461107932 -350.428518013 469.102209987 150.226277996 281.065478412 -326.733766617 299.476498065 -187.958016204 626.84735442 153.8695424 295.723411035 339.20535898 -267.082471171 203.968332075 124.486155873 -68.8773291741 479.24864378 19.8165899952 295.963157466 477.083534352 -25.3244342021 -605.808663123 170.872037234 52.9829501458 151.825216686 -256.046203085 183.545574483 -215.065461876 -11.3353275142 -947.304361932 -159.380853063 177.851912408 -532.392639224 -190.516019693 -662.950384645 221.786695617 23.6403797736 3.38276074007 -355.254344501 -92.4583385503 -82.7237535121 368.036610308 -297.668131561 111.683080154 -161.71686032 -108.128405158 299.900723818 -213.499943231 200.499603993 -334.973128428 -223.110828372 -444.386689159 -156.114747019 56.6092457089 -368.26590522 111.778019784 -156.423549608 -424.409827087 -46.4309189346 -365.114964993 -193.130781701 359.85452401 492.224090686 -31.7604575237 -659.503846781 372.711731596 85.0566980901 193.655150959 85.7050427973 -57.8005219523 298.535038018 -279.843567612 -60.613024512 -154.176896539 688.990638459 -168.036428006 78.9906302501 -548.722162122 -31.0597258306 208.366649626 -266.914916361 -537.565349202 234.767311974 183.788997367 140.886465885 32.7391791284 307.356313023 26.1652563095 -186.601651328 -81.42798767 -44.9109973665 134.229561702 300.413877385 287.195188199 -13.6318719681 -112.307904516 -145.336314354 -244.549514735 107.578628862 192.784982747 116.347827801 9.7452866446 -413.41874757 -224.574669182 362.078492711 14.2414227276 62.9690056119 -150.636190862 5.31483672131 -109.952392406 -523.112177076 78.1132309419 -133.531987971 -6.42456545777 -25.6568608709 -229.367335045 232.095573311 6.07609029368 -277.647458766 43.3700135762 -121.835231869 -100.926804701 68.9092185271 318.155433574 310.24588594 551.649131714 560.727038424 304.234790557 -214.145493648 -41.7732559369 36.0951611361 115.045044043 173.218845316 -161.687759794 101.586851055 589.23460485 85.6437516575 -24.587705881 163.523763746 202.713947973 360.966219305 209.407079555 -191.537421364 -396.378166151 55.6805142819 230.381224104 -45.4606527883 -456.242349384 335.040357133 265.973892721 -365.042879689 -265.767079339 -384.913484311 -68.5878015741 -241.478451018 -29.7061574804 296.147868669 -127.304915185 -126.512636953 -621.282424628 229.40963423 32.7082240266 259.980269046 191.878203054 67.1365459243 118.556476913 549.486754053 -114.516094965 -193.786671944 -29.5677197273 643.091532056 -72.5705042379 199.172826024 196.511320279 3.73304734207 -451.884436678 379.514100924 215.934906841 -116.639103616 183.909513577 237.186975571 -162.91397407 -43.0124117329 81.48728332 -25.2655210603 319.372258251 -477.648298447 331.095400283 -42.2014035753 -473.181439293 -28.5311286784 -153.674539947 313.919486232 -160.204785926 -47.3657070376 -316.207394824 182.076232117 -298.377037208 -299.187596803 -16.946019562 -360.340167905 -293.785796397 152.304954529 280.753476604 119.736647916 -250.513310746 -625.89176019 -712.6201494 453.934346617 251.839101417 112.094731953 148.265039079 -38.4665014204 193.86109558 -6.90892612642 133.806739748 102.651577874 100.462718808 99.8115774153 -172.77433765 328.142562698 -97.7517887937 -535.57227265 177.781709157 470.732756717 -160.90820522 367.41323423 -342.102139566 -189.74879973 -311.407284016 255.822389775 320.757131091 347.010387813 189.729775302 -22.2131421979 -467.610017471 266.645946367 202.06548446 -204.646334317 -228.115441011 -15.7534242854 82.6964642806 -45.9338700812 -178.81737724 158.631472547 187.660338223 117.629259234 88.3949177079 122.090959708 250.483979658 -19.990604638 -360.714226072 62.2148201109 -351.821788391 -49.2137642986 -1285.14899811 -509.894063475 168.979046543 357.905315614 -290.023090587 22.9542663031 -55.8585783723 -177.2191543 -95.435424011 389.250015021 -131.87849426 548.299394815 282.230636659 891.83145577 137.063370473 -267.805386458 -183.43383476 -100.347892396 -109.247753703 101.40954665 429.602875172 191.478537008 296.33803188 249.639806741 -201.691562992 149.00137413 16.5912921019 627.306568973 13.8228346884 -11.4586280935 -129.25850865 -97.5822047749 -213.427217839 52.0444346133 -268.907057065 -17.0191215659 -123.238709202 -409.162048522 -116.132478622 164.277278382 -26.0683870932 162.283313051 248.839230416 -57.3644548921 -232.986268807 -30.5745529443 19.0069399436 -276.193455247 -60.8415347963 -220.786083836 -21.0237962102</DataArray>
        <DataArray type="Float64" Name="NodalPrincipalStress" NumberOfComponents="3" format="ascii">-4362.01548556 93.3402856512 4497.44302906 -4673.5211084 -64.4121334502 4562.9993095 -4211.5516825 -252.584716719 4848.44712914 -4668.00038681 -213.710943133 4637.90846958 -4869.2071414 -56.1534718835 4409.08459107 -4362.28962068 -123.721245746 4616.47414102 -4352.07146058 -12.1263437308 4698.08584508 -4555.52500248 106.505802522 4446.06533376 -4301.43224773 72.8090839462 4548.87976026 -4806.50072302 -106.629886202 4459.80591687 -4595.17011582 -119.610995752 4796.35868661 -4436.46019979 115.247637963 4842.44799635 -4800.8706328 167.316712706 4694.72639879 -4455.82952403 344.594157132 4646.36529275 -4392.56690281 62.5124025202 4696.04365551 -4500.17915872 315.775493638 4421.39182509 -4530.68915957 173.610378056 4158.20160685 -4439.94803164 -354.700205306 4570.75163416 -4683.92967594 40.8172946907 4415.7011725 -4866.31460676 -43.5830709892 4081.3136243 -4283.36504191 85.738291491 4674.8727921 -4654.77965734 -140.178794663 4340.22257683 -4163.44983066 19.2307743783 4244.91499732 -4294.02938984 -285.513634669 4417.52155294 -4346.91348915 195.641578882 3956.06873727 -4289.33048883 176.913492266 4044.26727093 -4078.54926214 -2.50478297007 4196.25551047 -4080.80113749 187.04076808 4647.30221079 -4168.10674009 -78.8944576768 4205.37268303 -4259.67916306 -102.375206821 4399.22777717 -4275.6881089 156.912416005 4487.42931226 -3999.44698193 86.9346284051 3657.83454284 -3931.06899188 -91.9020901386 4136.7775221 -4053.40386587 43.5499339083 4259.8763167 -4029.22162786 176.861821426 4113.7709342 -4550.43161309 -134.484308394 4550.2391482 -4469.28638332 -5.04665232297 4252.31075218 -4356.98857316 88.2180707094 4339.38050857 -4703.81733146 221.571919289 3832.53885514 -3854.36219121 385.062374958 4250.77619128 -3821.26161084 17.0676368591 4174.98004591 -4783.47304878 -395.539418368 4595.74923139 -4820.05238426 -408.956615016 4539.92038221 -4592.90317552 -241.887648873 4530.87010792 -4621.44522443 -297.240999205 4757.34632172 -5054.17602074 -554.338099101 4675.97233247 -4397.13567156 661.615031665 4898.05834249 -4689.03939747 -293.093394274 4568.81454462 -4712.54160289 -325.282551687 4858.47465067 -4748.08873046 413.005594714 4876.44962054 -4854.68746074 -496.321927853 4471.06412473 -4168.92850881 -21.090864434 4104.20538446 -4547.62319927 209.224911539 4519.57609238 -4669.50028292 -510.550375454 4360.75521527 -4438.55815911 456.722339314 4795.40024507 -4737.26402513 -515.290794356 4423.04994109 -4786.60656021 -325.28009844 4481.13303999 -4650.37438941 -236.617338301 4571.16033538 -4172.4524384 -9.84484947911 3982.55081935 -4513.92186466 341.766972237 4921.61100442 -4511.93752564 630.440811384 4974.45408869 -4267.28913604 1.81676370155 4288.06154396 -3802.22564799 -422.465019861 4114.15285582 -3935.08411856 -47.6126696892 4203.44782002 -4151.1228802 145.257506988 4133.18683239 -4196.24292083 -200.426330437 4193.06387493 -4822.46270118 -243.879811004 4138.74694214 -4287.22386193 -267.144142978 4378.88802558 -4258.34276034 -58.2560755608 4248.98264402 -3988.20507689 185.941159608 3948.68509354 -4473.74910772 -78.3298058461 3961.25405238 -4243.10963865 -192.373191271 4113.25736783 -4054.44481585 -10.7340900677 4567.33592211 -4297.90867164 184.442303544 4173.07236622 -4133.9350765 196.289914517 4359.29835193 -4401.01728114 -100.781672836 4158.24774014 -3922.03086899 -43.1428171566 4268.67563188 -4729.47848543 -401.468126172 4297.73237736 -4253.31129861 84.2993771775 4350.09985284 -4056.18105068 169.641558952 4182.50291147 -4275.31999245 -258.323241535 4106.48644364 -4586.74855184 -152.400982761 4028.37678745 -4447.87844882 -6.23517961464 4297.3652959 -4103.31981429 53.0317317051 3983.98466162 -4359.48543352 116.142602581 4173.40194578 -4412.10344038 89.1555611605 4332.1769276 -4016.79943811 67.642780297 4301.63750901 -4195.87966548 -66.7629104963 4054.79666752 -4122.75118354 44.8641443219 4394.84821111 -4068.28725523 116.740735417 4003.64011348 -4379.4528396 9.26170046721 3981.37102164 -3856.97664697 77.7157506396 3795.18004695 -4350.86194022 -110.84720415 3909.93226225 -4368.5635943 -75.7071274583 4504.12676598 -4131.3450267 106.85746613 4474.49386572 -4435.67194011 -220.442092502 4140.95418264 -4161.03807917 -23.7443658252 4125.11043153 -4387.47840687 -145.771158887 4547.45549288 -4222.91165739 -18.7716223493 3902.70637479 -4031.32474106 -138.327924393 3999.88379988 -4486.99722367 -14.5231406456 4800.01723872 -4676.52694934 70.7055546108 4698.40340914 -4537.95340921 -28.0897153119 4203.64312815 -4402.2219966 5.91594011979 4369.02095655 -4329.68044782 128.588122402 4093.56878825 -4181.10729393 -30.1446128164 3965.95792664 -4254.83820033 -11.7939875093 4520.79768007 -4244.1575437 -28.6704424548 4397.27881654 -4008.91104495 -210.861506341 3954.96809779 -4492.96862721 52.4677063571 4230.33874578 -3980.82626894 72.1156479995 3745.35063343 -4234.30348091 110.955108017 4129.20834709 -4759.82646096 -39.9313250555 4806.43504312 -4111.21813691 -42.734129918 4069.63912991 -3969.23178774 -213.742638342 4436.27601075 -4447.33312952 -137.677869727 4426.25948911 -3767.69201432 110.642504541 3925.40740751 -4403.25777772 118.738465313 4084.04705727 -4457.52187695 148.971119393 4146.76901495 -4189.06681556 390.854484225 4311.68774114 -4716.81168986 150.250895673 4796.74138457 -4066.25570569 -79.2376440438 4340.36246141 -3967.89971957 -176.794362243 3947.7579552 -4354.83671562 67.9922552255 4197.16295672 -4103.60845925 -28.2829562563 3753.28676437 -4190.91799662 243.544973227 4080.62278149 -4209.50605577 -12.8846700522 4329.54419071 -4136.52405342 127.426795754 4219.98236241 -4458.27504661 -148.287080383 4589.43072686 -4159.01204337 -202.876025755 3989.14637327 -4692.54935494 -139.681643815 4627.66784903 -3977.67171472 -128.145912691 4212.4207424 -4051.05588255 -72.5199723506 4205.15738593 -4497.21007464 16.6363426668 4538.77432581 -4016.32821822 -65.0015644561 3922.36173854 -4154.00050296 -57.4151368908 4216.32937399 -3865.48648449 -151.123503254 3835.5650912 -4794.68491081 -206.519426889 4566.36178996 -4211.35034418 150.223465767 4418.18928788 -4041.95499089 104.566722793 4221.9298453 -4446.90778091 57.9592864632 4086.30000022 -4494.89843213 43.5774216309 4513.41534331 -3824.52367969 -20.6626592674 3976.95508973 -4513.01418853 10.5551488384 4234.37938461 -4264.93041823 -173.4721467 3865.01727366 -4420.1304824 152.560325344 4143.39120203 -4849.54370012 113.2062494 4536.68251224 -4034.65964535 -37.0576319017 4356.53249756 -4452.29624056 37.0549140224 4247.32603053 -3866.25146683 -54.2633148818 4342.78034604 -4406.65163918 39.3644470876 4963.35402276 -4275.68792034 31.6211827978 4243.31881361 -3898.84016729 -208.923180413 4156.42021164 -4242.02580916 150.880808793 4229.77892642 -4508.63930474 135.814998684 4013.23254874 -3858.52496646 -103.853971883 3763.05381735 -5016.16978721 -83.8172167502 4433.91979224 -4178.11124693 -159.357555354 4289.90649827 -4648.58851496 3.28170938616 4587.32654194 -4710.53560015 87.7393370235 5003.00628109 -4140.55816383 -61.2443416264 4299.84784154 -4157.59506117 -411.388891834 3965.49866904 -3881.89537583 -115.561822304 4008.69750006 -4754.49116565 -37.6610615067 4792.89334173 -4187.45783084 -57.852713934 3891.22342486 -4282.3574671 102.570929491 4283.553071 -4038.3869563 78.2506119385 4528.33140565 -4666.95830606 227.026827573 4496.46373631 -3848.66751368 -36.5634771638 3854.55094005 -4230.56879315 159.190005313 4378.65878546 -4101.05571866 -108.209536774 4292.9097113 -3689.90004721 0.0649198956378 4760.71280811 -3971.92476002 243.539115027 4835.82803888 -4054.5983638 94.0601860846 4149.26452678 -4198.11178804 122.992115596 4356.48568511 -4425.01678951 -76.0289330114 4480.52981788 -3940.44575814 -46.3721600111 3994.74193734 -4260.4736735 67.923279367 4108.58946796 -3900.02926855 65.8410922707 4046.54592139 -3762.43910531 80.0307838649 3909.63937423 -4765.72769151 -117.456087216 4558.58116093 -4572.73401811 58.5103981034 4767.20150885 -4722.26513182 -11.636930673 4424.03119046 -3914.0693657 -60.473811026 4029.60530408 -4219.33487306 196.634177971 4072.55185678 -4403.61988279 -186.440324755 4235.47887421 -4018.97542991 -113.631410827 4237.88706917 -4557.66278424 224.587727317 4522.52612422 -4499.47559102 22.769754525 4112.11366834 -4471.97997903 -3.83488525906 3744.91342235 -4186.58430585 9.28802669548 4394.98533254 -4365.36256315 -2.75801198473 4560.64446595 -3836.47655045 141.874199206 4029.98978665 -4294.51062887 205.809691987 4240.6888045 -4013.48123155 -91.4940569359 3557.866453 -4184.63278218 55.8718579365 4012.39299822 -4213.48572405 1.63461234434 4162.65411156 -3967.66402514 -117.594667871 4639.80871832 -4454.30873023 160.374930423 4123.34910192 -4124.1255342 -88.397235838 3960.43013199 -4405.45240135 -73.6043362091 4068.79713959 -3838.47087153 -134.265929164 4142.92630269 -4082.6487533 -9.23898477959 4085.73346621 -4432.14286384 -248.109206764 4267.82254956 -4618.15924775 32.6923562699 4677.47330094 -4062.5971513 -100.112180056 4117.22427195 -4239.34528499 -197.970955377 3942.3739281 -4066.86196468 -211.348782554 4146.53423881 -4104.70687748 -64.6336413008 3955.05834559 -3976.44368347 -194.314698288 4313.33085125 -3969.76948186 247.80054229 4378.32479537 -3781.46460989 88.5230541895 4064.74880099 -3979.61634918 -20.5135324176 4234.09507165 -4106.65114642 -202.934636028 4668.47698332 -3830.10050306 -128.621908495 3915.88433079 -4320.82133605 327.51346206 4601.22691929 -4015.78841834 138.863001696 3968.54584594 -4807.40582536 -66.4272407171 3807.81078994 -4568.64302176 -81.536700621 3932.45767331 -4108.9122049 51.229149137 3810.6244302 -3971.48636156 -3.48139374663 4257.92217106 -4235.23939513 -80.5366416247 4197.90302896 -4021.70898621 -69.2614813439 4044.03889554 -3865.24077005 -26.6486321437 4631.32509652 -4251.66206331 -162.396131798 4239.93963589 -4325.05934245 -53.1181968251 4124.69848368 -4256.68618515 -105.56238927 4040.91642173 -4379.8310597 132.320946123 4302.48021655 -4182.37028757 -157.119183506 4445.20909201 -4615.37905684 -216.957838298 4594.0148185 -4067.67135348 -151.255272747 4402.74536538 -4058.90898038 -243.534748333 4471.0805839 -4416.2393269 130.747401467 4330.12665169 -4278.58931 12.3170987573 4359.79556183 -4024.18954939 357.783052726 4437.94902902 -3967.66357653 -274.437358006 4588.49697571 -4159.31317329 -296.192400462 4276.05310822 -3743.78760075 62.2574669888 4064.55957531 -4633.8532836 113.791813105 4025.78493507 -4076.57911958 -64.207387305 3730.31816212 -4363.2766288 -200.75104692 4002.88745447 -4159.42643251 -49.3631107785 4122.86419061 -4356.66287374 9.63215598361 4177.43122232 -3834.61075205 59.4454756445 3858.56657388 -4201.96654962 -100.158402453 4297.40284733 -4014.18695688 -22.5662332166 4163.78105009 -4084.25439039 -114.076116039 4711.93591304 -4374.37716066 -106.052201336 4401.26188794 -4141.91493732 -119.655575948 3983.53839405 -4201.41013879 85.4883223532 3908.69854967 -4168.40731049 -5.92640287872 4255.17033181 -4556.82695001 307.755903512 4214.35950562 -4043.19085745 265.071129001 4023.03556906 -4044.49092641 -115.901180196 4571.15847806 -4010.95580902 -172.451643582 4015.96730089 -4029.54019278 72.9990260144 3891.58796909 -3896.51240934 -102.275201844 3650.50615105 -4743.14052353 -75.6049385955 4749.22676643 -3891.72496976 -90.3346207557 4577.16349412 -4293.6680455 -17.6620204157 3813.88865833 -4483.80034039 -20.3670920472 4185.52212522 -3946.95734961 15.1508289556 3991.32154875 -3936.00037092 17.7773320383 3956.74200991 -4530.54433802 -241.989271624 4801.76071954 -4503.82033514 153.115022443 4673.43214694 -4206.66204661 -142.38193604 4634.36714126 -4096.25261698 -101.18445204 3783.8258289 -4075.60473237 -66.0416609996 4488.87212978 -4756.75833799 -117.654481123 4651.64905705 -4421.59261193 55.7732172374 4204.39171213 -3941.75829407 -100.987864955 3941.65865883 -4072.68458454 155.579406387 4166.30671872 -4279.23333392 278.66376625 4310.28317223 -4100.64830561 -3.43014910845 4175.72950846 -4366.74672116 -372.11784741 3907.07648342 -4773.02461167 56.7201438268 3978.35735297 -3981.82981222 140.109926245 4926.23527195 -4117.56645621 -84.9767668732 3849.10259541 -4397.71287395 -154.010086811 4323.93452286 -4020.13201941 -30.4869874272 4061.03636349 -4003.89044865 -64.2811007432 4206.39901367 -4169.43575157 130.92954487 4136.39585913 -4247.19493077 -18.876221705 4055.73292115 -4100.15527126 -157.510165605 4266.98426547 -4291.14974579 170.834520717 4204.367349 -4049.73557149 -123.784644684 3944.62420561 -4115.99765452 106.36394407 4259.68266901 -4150.8702959 -353.051708593 3880.94578872 -4026.80896761 3.20347044483 3983.51188104 -4486.87317982 -24.7485375627 4551.21078628 -4335.09241543 142.411990296 4105.10057589 -4579.5539224 -59.6817992952 4185.70666341 -4321.92520423 -55.8790045471 4576.11652434 -4337.35446881 2.46911254069 4286.21864706 -4548.27155157 -53.1557559902 4214.37403816 -4541.23644894 -152.308112683 4190.35613119 -4071.2416231 2.12256887474 4066.12709846 -4204.2796033 19.3889816861 4499.71670187 -4156.00498683 -2.88933677134 4105.95366465 -4166.89933466 -1.5576083959 3973.70794885 -4659.25758018 -165.95013597 4717.20985847 -4070.01416348 151.028129892 4466.68852798 -4202.34380631 -3.98885067925 3937.27000562 -4047.72630845 45.6442362363 4425.09589001 -4026.71209507 328.378482541 4364.777573 -4656.46717188 -59.7840530091 4663.24981939 -4450.92808619 -88.7804092704 4891.39086292 -4097.39578672 18.4372169713 4367.28367063 -4183.16838604 -13.5315882595 4183.6434252 -4044.23721958 206.038112966 4172.56341232 -4248.37429214 -41.3672015053 4281.13139964 -4253.05878138 -10.2111217948 4525.90911945 -4515.79565471 75.5819324573 3883.52308299 -4561.82099423 210.804586812 4448.41023097 -4730.46393785 241.640337009 3862.29839139 -4215.73866303 301.661728638 3972.19598853 -4275.44490097 -203.733687064 4225.69793819 -4087.51344732 -11.1678377368 3925.15434229 -4427.25811655 -207.242201769 4317.76098698 -3867.41788499 -4.48155371267 4067.40103195 -3952.10089231 -49.2880322427 4162.51347057 -4804.65807409 -83.6567129114 4394.87826931 -3923.50440568 126.42476134 3946.52923202 -4045.86695691 35.3226200938 4086.05627511 -4168.74045057 -90.8339040559 4257.58509421 -4176.11405127 -33.845289892 4158.84679346 -4208.33618681 113.598490265 3955.39806904 -4389.2331391 103.36185393 3911.72419672 -4742.62438824 -21.8183614946 4443.92191342 -3917.28721425 62.4007530193 3922.78858121 -4287.642319 134.684119952 4274.68266852 -4048.78780919 -73.9600891414 4113.13193259 -4545.49001385 305.296877689 4127.8645653 -4655.90619624 -34.108582277 4255.6154325 -4391.19809111 7.46368296391 4243.84893283 -4804.46072782 163.824931619 4760.4874582 -3790.85281256 -15.6219978544 4099.4598102 -4160.02721635 90.350135154 4202.43155149 -4240.01470551 209.497980661 4288.19190574 -4029.36571815 -185.133528568 3907.14970357 -3728.08443125 -73.5143533632 3844.00597942 -4312.63276517 -224.673560081 4502.49750771 -3956.56656033 -106.017706541 3979.13808474 -4293.76937718 182.467457655 4137.7313788 -4145.49646241 61.4730901475 4582.20772527 -4399.46648649 -57.4973606064 3908.49949085 -4276.83576956 -77.613805369 4729.46643848 -4288.5744679 180.577975951 4052.76515461 -4079.67351168 211.465750657 4306.53887731 -4614.46057014 136.864598915 4163.1988949 -4087.39798456 283.032444725 4369.11978439 -3960.54531146 103.899331258 4046.52995966 -4360.96087202 -196.627658305 4243.80081503 -4684.51972667 -177.239905985 4099.07679625 -4542.03179257 -351.601239858 4227.75427998 -4302.53673971 -356.68785297 4238.46660226 -4197.14484375 81.1183369371 4122.49582632 -4531.03112572 -91.3736158422 4411.63319645 -4029.92630758 2.33194957571 4260.31506319 -4790.91322179 20.4012865333 4591.56814258 -4104.84137092 -65.7673401509 3840.48156839 -4446.96788085 5.81144069041 4556.2211344 -3757.24748076 -172.870932632 4647.29346069 -4379.14427009 168.989287593 4306.23971216 -4310.84028394 9.55034324831 4330.76916078 -4142.0769908 -113.412758182 4148.49594485 -4209.05270231 -198.931418126 4596.76742847 -3877.52383841 -4.98970042063 4024.88983821 -4289.28260004 -12.9327095148 4723.69087956 -4138.4100066 -11.3902814593 3998.42029276 -4795.51439036 -77.2456476142 4687.97500384 -4187.67532223 99.2502665855 4072.01152622 -4422.66535747 183.627115448 4082.65317154 -4553.44980209 -323.644795065 4384.81668073 -3992.64227079 -75.4182306799 4121.28848101 -3959.77053048 -211.275271603 4677.02057155 -4512.2043841 -258.52762742 4811.96407716 -4056.137365 63.3970256337 3980.70904796 -4564.80173523 -345.25368384 4409.07579487 -4767.37767965 188.259166734 4786.86115509 -3976.95750299 -83.5093892934 4694.06830107 -3978.5000031 -53.2378937186 3945.00505239 -4246.94939274 -81.9139947446 4961.71142624 -3870.02204904 54.9551716774 4221.8185312 -4273.91279422 -9.15869090622 4476.51857715 -4584.83047516 -231.316306272 3936.31236614 -4567.38286494 80.2773606577 4828.67135511 -4385.04386192 -131.465834732 4292.33766762 -4122.18751217 76.6980022924 4058.71777142 -4686.82878341 -56.3767554084 4402.26368002 -4099.04737131 -33.7420610255 3986.75480946 -4263.66454655 43.7464715329 3932.33656945 -4442.3676959 -119.522538123 3978.34589743 -4877.38116848 -221.795121223 3816.32989071 -4221.47187921 -199.375257657 3964.22179768 -4368.75618241 -257.922712488 4481.09463136 -4540.45999209 34.091459607 4438.96202809 -3942.71955806 108.545306842 4325.63407499 -4219.1406589 143.742673336 4844.63400595 -3982.22830782 54.6505768211 4348.1718673 -4077.9621102 130.171015763 4205.84925496 -4298.38945615 -66.019372649 4163.7248413 -3928.77224659 147.02555217 3956.87400336 -4648.31269193 -128.822652809 4723.65038818 -4023.08165725 -65.7447618084 4145.49262167 -3998.05754028 145.447341473 4222.51747499 -4009.03629133 -266.08458752 3870.85905741 -4652.75578108 212.562898734 4213.42895469 -4398.49484081 -3.53075423353 3961.11456017 -4371.50884519 43.7760095494 4152.11063616 -3705.10691222 -46.7219398485 3723.30796359 -4556.33401434 66.0631362711 4064.53939361 -4458.6692479 45.8667252767 4158.34075629 -3889.20092642 -87.8319768253 4140.48310735 -4346.41925133 187.398308214 4205.26897409 -4231.27376251 -168.911259457 4257.6395723 -4318.31224721 -83.9485391338 4066.33319901 -4299.36157567 -9.93647327981 4470.32344164 -4159.13806233 -34.7375760891 3803.60109738 -4290.02665806 -76.1314499696 4308.00983503 -4082.8514673 -279.317680663 4327.07440121 -4642.46776997 103.15693458 4201.2905766 -4288.19434579 -19.335004476 3952.36112514 -4038.15174345 -259.134442854 4430.47693688 -4072.58053918 55.438145294 4058.15922132 -4753.17459028 -52.2423770604 4612.98695835 -4564.91005545 177.71152343 4448.33493679 -4477.44011231 -186.201524826 4182.84719384 -4201.17158309 14.2366855564 4195.19949466 -4167.41566834 -88.1991872686 4253.100979 -4092.58053979 -79.3704633345 4155.71885615 -3923.71499959 -97.5617212948 3869.40070971 -4224.3884208 215.632226224 4306.39071523 -4313.02968016 52.3585777207 4232.05914079 -4083.03868975 58.1016647271 4218.3074772 -4268.53622155 148.364520404 4285.06758504 -3925.04480198 -183.692060169 4371.4761708 -4225.91815921 63.3574846174 4311.13667567 -4208.91210703 -62.5809637756 4100.42199101 -4083.24731989 99.7599340318 3998.60728952 -4470.58720502 -298.343536014 4394.396079 -3980.74953601 -161.678293815 4364.88080568 -4499.51611668 -110.506252762 4669.006843 -4137.48420785 -110.132692483 4337.85066027 -4373.17211282 241.072301712 4109.32328538 -4190.64775464 -99.3675616257 4283.76498528 -4179.94672864 57.8483385276 4230.45717801 -4137.28178549 -70.466750228 3947.07496939 -4406.1339496 -123.210311025 4297.87068294 -4389.71296387 -209.250026359 4124.78139062 -4493.83291864 85.9392036141 4228.79279981 -4576.89180604 -93.3151787812 4730.92643726 -4341.67861246 100.196751012 3930.7165618 -4214.5038256 186.684066966 4272.34743891 -4135.6375592 341.457606973 4747.25318985 -4555.31350315 -0.411853962333 4441.40998125 -4456.21003123 57.3835801047 4115.91682781 -4183.02745984 -147.495160861 4227.67558802 -4223.74557725 10.2920216125 4334.89220124 -4064.04947245 4.29323834359 4138.21300125 -4358.30740262 -368.906916859 4441.66551316 -4011.76742603 -127.881725275 4327.12124374 -4333.68116863 -291.54660748 4336.87341275 -4031.78152696 167.977266011 4023.10237846 -4028.53086253 -340.08939585 4320.11171099 -4162.43904678 -98.931718458 4015.66799861 -4070.32137617 -348.617030279 4675.08909487 -3910.12275813 -147.199653483 4087.25129757 -4055.95377688 107.910987785 3938.07426598 -3971.87790885 35.7153222242 4182.97302302 -4785.44455373 158.82384228 4675.79986288 -4196.47985692 -311.179069534 4458.14331755 -4107.90144424 381.160141443 3945.0795932 -4050.99081218 -200.326593078 4097.5398127 -4542.08988139 -80.0824563537 4036.18371931 -3886.26223897 -65.6465280471 3931.44254664 -4304.53229697 87.1176623576 4034.4981143 -4333.75108236 74.7196039013 4672.3869295 -4842.434776 -14.3558738562 4257.2343359 -4264.11162527 32.4031784267 4396.83615393 -4336.23093432 -44.0437637496 4134.69601647 -4120.2438314 -75.8769336219 4049.14759364 -3987.29031378 -37.0862405204 3936.434604 -4370.52572956 246.034449618 4137.96136942 -4143.56462184 -29.0582837068 4250.69473029 -4315.27437396 -3.10238285108 4093.60212221 -4268.67027109 -197.614742259 4087.7322136 -4289.78126938 44.7508789769 4077.06195667 -4207.6741598 149.39694091 4198.11042571 -4079.51110515 37.1841697977 4001.75874518 -4294.15652197 -356.341958533 4190.80658403 -4143.98996555 -312.414863202 4158.46065264 -4728.01983776 81.1669140792 4592.01911809 -3954.94554324 -52.9535332599 3883.88853345 -4366.93543215 -336.719746136 4201.02498396 -4141.73372814 -61.5574546546 4054.04681165 -4629.22500755 140.416598861 4234.62313479 -3893.12314369 -102.35787731 3839.48353013 -3802.59424744 302.003166229 4930.98420023 -3973.44350773 -134.988970921 4109.20312119 -4374.90457106 -473.961619907 4240.29251336 -3946.6740099 -40.9055183031 4307.58900528 -4038.32518201 -328.107556649 4204.48262002 -3835.82786187 414.54271923 4154.77469942 -4167.96613346 206.708599682 4069.16103034 -4093.72116224 -37.6621827315 4413.69818392 -4803.33423646 -141.928663149 4207.23759462 -4249.19945079 -210.933933774 4514.01423731 -4823.34357391 -53.3828206813 4224.33539403 -3968.12303888 -194.104804365 4172.28915828 -3315.01212084 -109.580691182 3759.51456015 -3509.27225994 20.0069057978 3417.26383848 -3556.70428486 -92.2410833416 3394.0535751 -3580.81480687 -666.057835323 3516.96209995 -3851.23174833 158.240934521 3422.65580299 -3655.3794271 441.264347068 3743.23033495 -3837.40794376 -372.677289787 3582.60705481 -3706.35578357 -338.09049266 3993.76735838 -4152.97564828 -288.492408321 4073.60783058 -2429.77523741 -151.748710162 2579.06221918 -2539.07835603 240.937960188 2568.88348047 -1267.55849669 87.7327799007 1411.49794598 -1612.20550374 -43.4916538455 1804.74758113 -1378.91613815 261.104168384 1679.38481293 -1296.79379296 211.1593581 1589.12945652 -2122.53823953 -88.3082250703 1827.28927255 -2536.26381021 199.591044267 2578.01827001 -2381.94226424 -59.394510689 2204.95889377 -1973.19430932 305.931294783 2669.38302846 -2347.13278644 -56.1465605137 2808.92795736 -2495.65585549 372.271209357 2509.16518654 -2299.01874399 -144.707961427 2562.08559508 -2891.99621167 -174.346595345 2795.08701353 -2174.96558054 -316.619872995 3176.74097953 -3784.48552119 -95.2450231093 3576.85046528 -3430.67565733 249.460399946 3498.51835158 -2717.36297605 151.343671547 2578.84745406 -3405.47806966 58.7239330967 3736.18867022 -3993.7890469 -325.822676842 3854.21844565 -3723.4306487 34.5051352971 4108.68192264 -3873.53158306 -59.6580451147 3778.28075613 -3520.52607772 -344.953378101 3869.31946432 -3870.03278433 -629.436196656 3498.01831838 -3613.27302377 46.4381998621 3623.73519019 -4116.26687868 112.059482304 3941.55413303 -2673.4319895 -400.466991865 2196.16685832 -2795.70557992 -60.4334840762 2701.88304307 -4101.9909166 -202.655788087 3787.0891147 -3960.15393493 -67.9224033339 3799.44840709 -3567.57976587 -105.807271302 3471.9571437 -3439.15597567 196.64334991 3531.22507458 -3573.76916454 -24.6433658057 3588.18377912 -3518.05958661 73.9700940254 3860.01090438 -3575.36162454 -103.708180375 3518.90806021 -3551.36468333 -17.3075311358 3684.96887584 -3667.13815962 90.9322969563 3882.85502388 -3466.91778186 207.320340627 3964.12163412 -4166.56898364 3.51410994064 3476.73185867 -2464.00171778 -121.20160798 2473.44294934 -2337.48628894 166.044084898 2717.43261015 -1157.80309354 83.9293318901 1624.94777836 -1502.50957588 10.8912879524 1538.81386906 -875.216083657 230.946223742 1647.21066253 -1396.49839035 -32.0528877641 1203.52983102 -2098.25737019 -319.256923812 1278.28882336 -2715.16315678 -333.681660872 1668.61580464 -2560.98529946 -241.689491996 2205.2614383 -2136.49057698 -75.7110805314 2031.07492845 -2575.50333096 -161.289038816 2620.47778934 -2406.48877966 123.66669 2572.02651432 -2237.48508301 28.241750021 2272.5643742 -2700.95787832 103.32805633 2639.71920365 -2425.59027158 152.03765809 2587.84357894 -3757.90127993 186.917924329 3715.81379986 -3537.09162236 -93.1354375339 3633.98331285 -2586.00155096 259.23644169 2464.07118878 -3452.55518514 151.743908982 3745.11221671 -3766.92242762 101.934012727 4055.45822542 -3854.82234753 79.2922724596 3777.30503493 -3924.80193151 -109.706105244 3794.16987845 -3847.65155519 -39.3571463666 3809.75831771 -3679.72934677 -7.69252530832 3905.14724519 -3653.45533885 -208.41977704 4119.89426591 -4018.3184273 -121.089694943 3884.15906961 -2776.16146418 36.2749242904 2611.81505927 -2882.36185857 9.79080287433 2914.99786815 -4041.20942805 -245.736505616 3948.48482573 -4094.22030457 -155.363236942 3899.1550235 -1093.41555589 100.627836643 1461.88992923 -934.507808059 4.51612120967 1080.21796485 -1094.21329995 124.318663537 1250.96011482 -1420.35417927 -50.6948099984 1144.31522265 -1076.1412478 24.4212239851 1351.19652188 -2099.72264912 93.489075785 1818.27555713 -1869.37557049 195.387666009 2300.8352589 -2099.04811139 35.5952797454 2217.32237405 -2149.74189192 49.9268807418 2395.53842221 -2070.06774782 128.888563809 2280.38454299 -2129.27259076 -64.5491996034 1926.73931919 -2127.98742136 154.893420282 2177.06233315 -2097.84869549 -22.0729604651 2244.40781182 -2066.51404139 -18.8000483861 2016.43676061 -1846.55135377 121.784338029 2204.01565952 -2101.11225779 -65.5788599823 2186.50770777 -2261.93088279 153.023991619 2404.87004863 -2089.32853917 218.735630731 2347.67644279 -2258.75017245 136.019845551 2097.4058927 -2583.09509702 -84.2822532379 2061.56868714 -2222.06560968 104.707630651 2288.23001626 -2237.78392372 -67.1075815139 2357.87445538 -2154.59803291 13.6215884208 2292.80166117 -2255.05935051 -92.018214872 2091.0313623 -2333.12770494 82.6608615787 2434.01241784 -2530.5801913 38.2361100646 2277.27861936 -2463.95045952 46.1449183704 2406.47021363 -2775.79046003 -431.354453064 2259.84055116 -2706.1724767 -62.3513878062 2609.14301144 -2369.58544317 -13.6596705444 2561.09702613 -2755.57324781 -48.2849694958 2271.46557808 -2628.19479048 82.3445469364 2355.33422385 -2623.26454552 -262.360610249 2222.67477112 -2538.47162042 -105.552387626 2865.81070367 -2454.04517537 56.4178517583 2421.26770338 -2482.60206439 10.680910755 2475.30391437 -2537.94536908 -66.4180614588 2249.10908604 -2445.32788098 -141.691286969 2494.56082939 -2827.77733878 56.0156260531 2689.03795921 -2066.8572668 71.9473231208 2362.94655399 -2594.52402425 -121.918334993 2418.77422768 -2614.61982629 67.0636510831 2659.23925536 -2832.25914766 -125.107615051 2795.64990239 -2610.70817108 -7.06218975769 2509.64195568 -2473.54113033 75.325836511 2698.11601764 -2730.40967381 11.9169755277 2504.99275505 -2466.42899423 18.1197818159 2648.8088164 -2814.25881215 -187.689352142 2666.97503586 -2683.5934609 -142.315323739 2602.79795627 -2802.27194982 -195.892120667 2553.77738133 -2780.76508155 62.1730470943 2562.47728743 -2889.84851525 10.2263339471 2936.23142702 -2935.85418826 -85.1755678639 2652.76385091 -2570.1722259 221.653995676 2460.29625001 -2701.30261821 -73.5578631155 2618.43693171 -2987.31101901 -163.655978278 2726.5571702 -2664.54202249 -9.14794617977 2627.25904973 -2845.79331481 -90.9392967436 2571.61764656 -2833.7650441 -51.7583800434 2692.39264245 -2671.56126584 129.360808046 2902.05498181 -2798.93042684 192.358487514 3098.79603001 -2731.68982237 -44.1793989164 2744.10876376 -3203.99494533 -211.800710255 2756.2918088 -2715.01355539 28.1825997243 3059.54268726 -1142.44169959 -51.1854411663 1278.68383884 -2746.29745345 67.789494621 2872.16310979 -2796.08452381 14.6532343544 2867.13633226 -2971.78796561 -76.6962673425 2990.683711 -3006.14222424 243.675603424 3061.00165883 -3054.01142837 -146.019402822 2920.18726358 -1371.79030142 26.5083396794 1284.66893723 -2831.01362763 -148.832462318 2825.66919341 -2867.15672706 347.637055395 3208.51031012 -3234.98042788 -28.6598100121 3095.60380989 -2965.91807104 166.443352516 2878.46534878 -3369.10550945 -164.844381862 2985.22772919 -3026.10412301 -12.6247649777 3007.66916216 -3105.84795823 143.70860872 3170.50599914 -3051.59435243 -221.393198834 3006.0726349 -1501.46657156 -171.548018478 1135.44924083 -3068.2721452 71.9955101692 3231.04394701 -3159.10764791 112.763001882 3230.13364339 -1302.62478929 55.4540138183 1388.05724135 -3069.44189017 -51.6945638854 3153.87563318 -3032.61007582 225.267481949 3114.69890689 -2817.4320637 41.6870676154 2801.9102524 -3262.21997067 -145.783599973 3221.40191932 -3033.26237426 -113.73018842 3065.56457501 -3039.49208567 -71.4342894181 3066.01537772 -1352.6663222 -12.0320208907 1498.92790479 -1115.16326065 113.302279078 1302.27485896 -2971.8314664 47.7858368186 3211.24081778 -3231.18725815 -43.0276785623 3260.58306474 -3048.65317315 -128.420346253 3064.76561489 -3191.98918546 -2.57710566425 3049.22997677 -3145.02892142 -182.430416989 3082.90982368 -1229.19866252 14.8835753916 1321.89371599 -3119.8279395 236.202425981 3076.41049627 -3139.45382315 98.3457388402 3157.45591211 -2995.28739703 -162.427617612 3167.46030129 -3224.77101345 -153.462316411 2964.81458229 -3348.60348727 -160.871327404 3284.9001455 -2919.61474971 201.792539721 3079.9007027 -3271.79040256 -58.6621504765 3344.69397576 -3167.82154299 -23.6773667216 3254.46791533 -3061.13612876 1.15630046682 2909.34363743 -3163.7356934 95.1499290944 3073.90060103 -3193.26180076 -62.1154845029 3145.42489286 -3429.13330334 -96.0927724931 3002.11389876 -3165.60156107 266.587487096 2977.12730492 -3058.22919416 -199.052946881 3123.75015307 -3281.52803669 20.3919274062 3254.71154383 -3245.46130498 50.833592122 3168.97085199 -3328.17656881 -18.2477627251 3117.05699649 -3164.10332133 150.967717212 3245.23117743 -3167.77524438 -114.98664834 3288.83798302 -3339.06559342 -227.036817787 3288.45495244 -3339.21653684 117.151375711 3265.43517471 -3414.67238586 -62.1101041396 3354.94725813 -3586.39995467 -101.483334424 3586.95648439 -3253.06130192 7.16033906719 3314.81018138 -3123.45368539 202.891213424 3238.71790554 -3217.20501278 161.167360625 3366.2835381 -2964.09727731 237.655796245 3278.09061278 -3134.41486854 202.66994571 3492.47196125 -3192.34731773 25.4420374074 3471.14007088 -1691.15384761 -99.6842564728 1576.69261043 -3433.15734626 120.572341605 3270.81174872 -3342.34629064 107.945235745 3270.49621603 -3299.87400351 43.2824944945 3371.63655306 -3231.01111822 50.872713652 3353.35724988 -3171.77256661 -121.562215848 3131.64702267 -3190.52204338 -68.5431087383 3360.65200317 -3203.10984636 237.84906093 3554.49539028 -3136.04840634 125.3847693 3096.3073887 -3436.24485135 -40.1773823388 3451.83452781 -3254.58535633 102.862985502 3315.24613457 -1467.6066428 124.917415897 1545.40317488 -3231.23998123 315.842372823 3276.36382771 -3248.64058035 43.7285620233 3414.31909788 -3407.92084749 -141.601775828 3357.98520195 -3580.63160979 -71.3062022065 3255.55964584 -3439.38384521 -3.77752011065 3498.8418796 -1714.35454889 220.98256107 1723.75321192 -3240.33998517 -80.5733747815 3275.45270716 -3644.08243331 -43.6718031204 3231.51188705 -1190.56972434 120.419092422 1405.19098905 -3224.50149403 81.8153121782 3408.66007457 -3549.42657833 -170.731534294 3355.11523294 -3593.81910022 -127.976982238 3456.02900312 -1554.94602937 -66.8604511331 1236.89299619 -3379.27704556 -10.9489032727 3321.63814726 -3419.42179959 -10.7201836822 3188.66353225 -3365.44215317 81.9717497705 3253.76424592 -3254.91710773 122.921975878 3428.14300052 -3504.4169967 -128.950720591 3506.06280211 -3444.3305715 -85.3152170459 3403.13315159 -3456.45051401 -354.002392001 3189.17048138 -3082.78075628 134.391171435 3177.79921907 -3575.95148812 -21.2554794151 3629.91519156 -1671.89488118 173.255287185 1758.61986304 -1608.53230629 -34.795890862 1835.20640021 -3320.34253897 41.0296420017 3346.44944289 -3375.00922695 -12.2567439011 3505.82244776 -1465.68543532 22.8146719702 1992.3575174 -1940.09661414 70.3309829689 1755.24953621 -3478.24572001 -204.805183713 3489.26423177 -3342.26414629 17.1423544744 3295.55407209 -1846.5909707 231.28940747 2258.39309529 -3396.5564467 -36.1631825023 3360.14912496 -3303.69526722 -52.4348283551 3555.3029216 -3404.43594913 69.9744433083 3530.9728261 -1729.04477498 -50.0913185066 1782.86914083 -3538.97253469 -144.58904552 3231.67714353 -1626.33750299 111.678463059 1894.17314085 -3435.11365717 276.42988973 3374.61867428 -1931.22678235 -51.3598739008 1865.94755264 -1681.23122959 84.2654766667 1780.8752665 -1582.86887393 -37.9756484988 1858.03149799 -3481.88367359 -139.06354361 3458.03324313 -1753.16873734 -7.19288552835 1717.34921113 -3605.01926752 35.4809412522 3651.02560958 -1835.74705852 41.7857969685 1768.69574049 -1529.65910254 54.2099866088 1794.82137418 -2252.27456528 -41.9795353086 1816.60580214 -1674.9137412 171.394593735 1834.61454775 -1820.98689317 -6.63602740348 1785.421517 -1534.21144822 -159.594107444 1220.62411637 -3506.95846284 60.7661730176 3417.66116114 -3455.19329113 -134.771208987 3436.28996017 -3229.67024071 24.8000444092 3518.78968253 -3538.50065735 -141.559618813 3519.85549024 -1839.11517518 -77.0816334173 1868.83110156 -1629.34055343 -142.915613558 1456.04877217 -3311.77789281 14.7456788462 3479.10844608 -2107.57972695 -51.7397774186 1860.94246716 -1819.09362712 -247.763584943 1767.66961526 -3261.20708992 26.2253292042 3218.03574116 -1892.68596718 -57.0408797369 1589.38667901 -3595.93891693 -127.141545191 3429.29466573 -3521.06283859 84.3835757267 3588.98421739 -1752.88426059 117.648479432 1915.98925776 -3332.53199879 24.4655139307 3427.80313278 -3633.60989339 -62.395714316 3445.49229696 -2031.90315149 -224.248295612 1630.25968691 -2046.21881725 -129.42406802 1463.02273587 -1503.83426964 108.944692765 1848.8239235 -3473.78912173 127.34142197 3598.28680117 -3439.35506619 -43.8778301327 3595.32762828 -3531.56425812 133.667603036 3546.16169417 -3482.78169386 114.986904825 3329.32828761 -1731.60447292 -37.8653232872 1963.33089179 -3627.32313897 -25.4805284343 3645.89474128 -2018.92972329 143.355191402 2009.38127163 -3473.78989252 58.3712700099 3518.07020038 -3367.85011498 36.1836450874 3432.1291887 -3535.4402459 -2.34735157516 3637.59917489 -3703.85281194 -64.1546697831 3595.23314407 -1637.71097522 41.0870507589 1924.76648716 -3563.24165759 -29.2882474496 3494.77811625 -3635.65115477 -70.8511843493 3170.93006647 -3679.77520308 71.5431455811 3786.01376665 -3294.87586906 70.0498171423 3695.55880863 -1965.69303856 -43.3827151846 1848.16754852 -1754.18799605 -93.4819866853 2215.08321697 -2149.56240963 -101.485811766 1908.94608183 -1832.57215302 -168.977016192 1811.80036948 -3684.75029734 -197.489133348 3570.83214668 -3326.28097109 38.0200471503 3544.08331372 -1684.3588925 147.076698278 1858.03932531 -1628.69171513 43.3553151036 1932.34678784 -3567.08088745 -17.3025889535 3774.11325171 -3340.86709692 -82.866056218 3401.52001094 -1858.72129875 -165.552793777 1556.66407506 -3399.92836006 60.2954044185 3606.27890201 -1707.83089218 104.594350374 1805.30202627 -3579.30073084 -129.70426919 3504.35866572 -3630.12342339 -114.260716379 3516.26869876 -3718.34044146 148.562372916 3554.02464426 -3430.72485689 95.3918857006 3418.02943547 -3588.4375946 -31.2530707143 3573.75679523 -3639.86830077 -118.256740798 3579.30766433 -2007.21202908 178.019195129 1987.8243065 -1734.62542207 -113.938046182 2036.22380647 -3520.69402156 61.526688233 3576.79659256 -1554.24954407 88.2311656655 1554.41329611 -3430.2145419 65.8276921055 3486.4778095 -1750.98147187 28.4330903353 1973.03236119 -3537.76891578 68.1853347699 3449.59297637 -2004.85612377 -54.1503864009 1698.2922841 -3664.14637801 130.706942528 3595.65425559 -1972.00450749 -251.368125586 1871.55084469 -3356.71821298 -96.2059367219 3403.71038541 -2498.89688679 -248.276775566 1462.02466425 -2134.16365248 -158.077213235 1782.34680224 -3414.37346101 -7.36870219535 3590.72120975 -3328.06241174 149.634036307 3536.33369105 -2078.33271505 -103.486510841 1891.7961353 -1796.30430076 67.8927376242 1751.36582943 -3720.80202493 3.43944208886 3661.50400447 -3726.92316827 15.1785162423 3534.52549772 -2157.80271027 142.711913537 1919.65537272 -3226.32071655 29.3707062247 3586.20002534 -1712.85047484 -111.193319174 1692.16529975 -1724.32381611 167.419917429 2105.2032935 -1740.04823359 169.601844107 1852.67702615 -3335.58153759 323.031671256 3904.3813221 -1935.45285657 -24.4376074509 2096.95383449 -3542.42531063 -161.850259059 3436.47018323 -3615.47466267 -73.9700277771 3506.01085569 -3713.91737449 -30.8875286686 3644.45701077 -3734.91647177 -127.128920211 3752.79763828 -3635.50562581 64.0930990188 3672.82207344 -3386.70816703 159.793590953 3656.51745124 -3558.25140206 138.206813961 3611.5231251 -3588.86589948 85.3346536118 3799.86927775 -1487.10907742 35.0176413354 1701.73124282 -1934.96173715 -109.829162567 1843.09933673 -3646.35425692 -48.8277808427 3844.18341189 -3668.04293201 67.4049739175 3617.22925019 -1856.07918832 243.243478158 2240.14227913 -3962.77500953 63.2469734796 3913.35087074 -3607.04146425 -24.6242960735 3620.20713223 -3933.0005108 213.53082908 3590.21117307 -3694.90943681 75.1434274715 3522.18380457 -3436.49169252 -162.052986018 3385.1174607 -3805.86593228 60.8587990909 3797.0515678 -3823.43762707 -29.660374528 3584.19094453 -3575.1155343 62.7446353364 3495.3517774 -3723.09042726 85.250827143 3514.60089092 -3635.91774335 -273.544398999 3500.30009383 -3830.23084679 51.7978308222 3662.30053734 -3504.67331097 63.7319886798 3605.21860067 -1713.67944129 -130.916806553 1818.52786075 -2055.84006057 -47.4686419012 2265.59201552 -1825.04922391 213.983558052 1859.90489627 -3577.65418037 -74.5626583249 3594.8523838 -3683.66889418 -119.933426293 3570.61605166 -3573.32281818 -46.7088559889 3589.45712123 -3912.2005653 136.941365323 3794.26613993 -3957.77603434 -81.4071899673 3762.98976906 -3597.72906328 28.036175395 3508.85135308 -2009.95560579 -161.427804149 1950.59732611 -3749.34874094 -8.60265088061 3736.92759562</DataArray>
        <DataArray type="Float64" Name="ShellTopNodalVonMises" format="ascii">0 0 0 0 0 0 0 0 0 0 0 0 0 0 0 0 0 0 0 0 0 0 0 0 0 0 0 0 0 0 0 0 0 0 0 0 0 0 0 0 0 0 0 0 0 0 0 0 0 0 0 0 0 0 0 0 0 0 0 0 0 0 0 0 0 0 0 0 0 0 0 0 0 0 0 0 0 0 0 0 0 0 0 0 0 0 0 0 0 0 0 0 0 0 0 0 0 0 0 0 0 0 0 0 0 0 0 0 0 0 0 0 0 0 0 0 0 0 0 0 0 0 0 0 0 0 0 0 0 0 0 0 0 0 0 0 0 0 0 0 0 0 0 0 0 0 0 0 0 0 0 0 0 0 0 0 0 0 0 0 0 0 0 0 0 0 0 0 0 0 0 0 0 0 0 0 0 0 0 0 0 0 0 0 0 0 0 0 0 0 0 0 0 0 0 0 0 0 0 0 0 0 0 0 0 0 0 0 0 0 0 0 0 0 0 0 0 0 0 0 0 0 0 0 0 0 0 0 0 0 0 0 0 0 0 0 0 0 0 0 0 0 0 0 0 0 0 0 0 0 0 0 0 0 0 0 0 0 0 0 0 0 0 0 0 0 0 0 0 0 0 0 0 0 0 0 0 0 0 0 0 0 0 0 0 0 0 0 0 0 0 0 0 0 0 0 0 0 0 0 0 0 0 0 0 0 0 0 0 0 0 0 0 0 0 0 0 0 0 0 0 0 0 0 0 0 0 0 0 0 0 0 0 0 0 0 0 0 0 0 0 0 0 0 0 0 0 0 0 0 0 0 0 0 0 0 0 0 0 0 0 0 0 0 0 0 0 0 0 0 0 0 0 0 0 0 0 0 0 0 0 0 0 0 0 0 0 0 0 0 0 0 0 0 0 0 0 0 0 0 0 0 0 0 0 0 0 0 0 0 0 0 0 0 0 0 0 0 0 0 0 0 0 0 0 0 0 0 0 0 0 0 0 0 0 0 0 0 0 0 0 0 0 0 0 0 0 0 0 0 0 0 0 0 0 0 0 0 0 0 0 0 0 0 0 0 0 0 0 0 0 0 0 0 0 0 0 0 0 0 0 0 0 0 0 0 0 0 0 0 0 0 0 0 0 0 0 0 0 0 0 0 0 0 0 0 0 0 0 0 0 0 0 0 0 0 0 0 0 0 0 0 0 0 0 0 0 0 0 0 0 0 0 0 0 0 0 0 0 0 0 0 0 0 0 0 0 0 0 0 0 0 0 0 0 0 0 0 0 0 0 0 0 0 0 0 0 0 0 0 0 0 0 0 0 0 0 0 0 0 0 0 0 0 0 0 0 0 0 0 0 0 0 0 0 0 0 0 0 0 0 0 0 0 0 0 0 0 0 0 0 0 0 0 0 0 0 0 0 0 0 0 0 0 0 0 0 0 0 0 0 0 0 0 0 0 0 0 0 0 0 0 0 0 0 0 0 0 0 0 0 0 0 0 0 0 0 0 0 0 0 0 0 0 0 0 0 0 0 0 0 0 0 0 0 0 0 0 0 0 0 0 0 0 0 0 0 0 0 0 0 0 0 0 0 0 0 0 0 0 0 0 0 0 0 0 0 0 0 0 0 0 0 0 0 0 0 0 0 0 0 0 0 0 0 0 0 0 0 0 0 0 0 0 0 0 0 0 0 0 0 0 0 0 0 0 0 0 0 0 0 0 0 0 0 0 0 0 0 0 0 0 0 0 0 0 0 0 0 0 0 0 0 0 0 0 0 0 0 0 0 0 0 0 0 0 0 0 0 0 0 0 0 0 0 0 0 0 0 0 0 0 0 0 0 0 0 0 0 0 0 0 0 0 0 0 0 0 0 0 0 0 0 0 0 0 0 0 0 0 0 0 0 0 0 0 0 0 0 0 0 0 0 0 0 0 0 0 0 0 0 0 0 0 0 0 0 0 0 0 0 0 0 0 0 0 0 0 0 0 0 0 0 0 0 0 0 0 0 0 0 0 0 0 0 0 0 0 0 0 0 0</DataArray>
        <DataArray type="Float64" Name="ShellBottomNodalVonMises" format="ascii">0 0 0 0 0 0 0 0 0 0 0 0 0 0 0 0 0 0 0 0 0 0 0 0 0 0 0 0 0 0 0 0 0 0 0 0 0 0 0 0 0 0 0 0 0 0 0 0 0 0 0 0 0 0 0 0 0 0 0 0 0 0 0 0 0 0 0 0 0 0 0 0 0 0 0 0 0 0 0 0 0 0 0 0 0 0 0 0 0 0 0 0 0 0 0 0 0 0 0 0 0 0 0 0 0 0 0 0 0 0 0 0 0 0 0 0 0 0 0 0 0 0 0 0 0 0 0 0 0 0 0 0 0 0 0 0 0 0 0 0 0 0 0 0 0 0 0 0 0 0 0 0 0 0 0 0 0 0 0 0 0 0 0 0 0 0 0 0 0 0 0 0 0 0 0 0 0 0 0 0 0 0 0 0 0 0 0 0 0 0 0 0 0 0 0 0 0 0 0 0 0 0 0 0 0 0 0 0 0 0 0 0 0 0 0 0 0 0 0 0 0 0 0 0 0 0 0 0 0 0 0 0 0 0 0 0 0 0 0 0 0 0 0 0 0 0 0 0 0 0 0 0 0 0 0 0 0 0 0 0 0 0 0 0 0 0 0 0 0 0 0 0 0 0 0 0 0 0 0 0 0 0 0 0 0 0 0 0 0 0 0 0 0 0 0 0 0 0 0 0 0 0 0 0 0 0 0 0 0 0 0 0 0 0 0 0 0 0 0 0 0 0 0 0 0 0 0 0 0 0 0 0 0 0 0 0 0 0 0 0 0 0 0 0 0 0 0 0 0 0 0 0 0 0 0 0 0 0 0 0 0 0 0 0 0 0 0 0 0 0 0 0 0 0 0 0 0 0 0 0 0 0 0 0 0 0 0 0 0 0 0 0 0 0 0 0 0 0 0 0 0 0 0 0 0 0 0 0 0 0 0 0 0 0 0 0 0 0 0 0 0 0 0 0 0 0 0 0 0 0 0 0 0 0 0 0 0 0 0 0 0 0 0 0 0 0 0 0 0 0 0 0 0 0 0 0 0 0 0 0 0 0 0 0 0 0 0 0 0 0 0 0 0 0 0 0 0 0 0 0 0 0 0 0 0 0 0 0 0 0 0 0 0 0 0 0 0 0 0 0 0 0 0 0 0 0 0 0 0 0 0 0 0 0 0 0 0 0 0 0 0 0 0 0 0 0 0 0 0 0 0 0 0 0 0 0 0 0 0 0 0 0 0 0 0 0 0 0 0 0 0 0 0 0 0 0 0 0 0 0 0 0 0 0 0 0 0 0 0 0 0 0 0 0 0 0 0 0 0 0 0 0 0 0 0 0 0 0 0 0 0 0 0 0 0 0 0 0 0 0 0 0 0 0 0 0 0 0 0 0 0 0 0 0 0 0 0 0 0 0 0 0 0 0 0 0 0 0 0 0 0 0 0 0 0 0 0 0 0 0 0 0 0 0 0 0 0 0 0 0 0 0 0 0 0 0 0 0 0 0 0 0 0 0 0 0 0 0 0 0 0 0 0 0 0 0 0 0 0 0 0 0 0 0 0 0 0 0 0 0 0 0 0 0 0 0 0 0 0 0 0 0 0 0 0 0 0 0 0 0 0 0 0 0 0 0 0 0 0 0 0 0 0 0 0 0 0 0 0 0 0 0 0 0 0 0 0 0 0 0 0 0 0 0 0 0 0 0 0 0 0 0 0 0 0 0 0 0 0 0 0 0 0 0 0 0 0 0 0 0 0 0 0 0 0 0 0 0 0 0 0 0 0 0 0 0 0 0 0 0 0 0 0 0 0 0 0 0 0 0 0 0 0 0 0 0 0 0 0 0 0 0 0 0 0 0 0 0 0 0 0 0 0 0 0 0 0 0 0 0 0 0 0 0 0 0 0 0 0 0 0 0 0 0 0 0 0 0 0 0 0 0 0 0 0 0 0 0 0 0 0 0 0 0 0 0 0 0 0 0 0 0 0 0 0 0 0 0 0 0 0 0 0 0 0 0 0 0 0 0 0 0</DataArray>
      </PointData>
      <CellData Scalars="VonMises">
        <DataArray type="Int32" Name="ElementIndex" format="ascii">0 1 2 3 4 5 6 7 8 9 10 11 12 13 14 15 16 17 18 19 20 21 22 23 24 25 26 27 28 29 30 31 32 33 34 35 36 37 38 39 40 41 42 43 44 45 46 47 48 49 50 51 52 53 54 55 56 57 58 59 60 61 62 63 64 65 66 67 68 69 70 71 72 73 74 75 76 77 78 79 80 81 82 83 84 85 86 87 88 89 90 91 92 93 94 95 96 97 98 99 100 101 102 103 104 105 106 107 108 109 110 111 112 113 114 115 116 117 118 119 120 121 122 123 124 125 126 127 128 129 130 131 132 133 134 135 136 137 138 139 140 141 142 143 144 145 146 147 148 149 150 151 152 153 154 155 156 157 158 159 160 161 162 163 164 165 166 167 168 169 170 171 172 173 174 175 176 177 178 179 180 181 182 183 184 185 186 187 188 189 190 191 192 193 194 195 196 197 198 199 200 201 202 203 204 205 206 207 208 209 210 211 212 213 214 215 216 217 218 219 220 221 222 223 224 225 226 227 228 229 230 231 232 233 234 235 236 237 238 239 240 241 242 243 244 245 246 247 248 249 250 251 252 253 254 255 256 257 258 259 260 261 262 263 264 265 266 267 268 269 270 271 272 273 274 275 276 277 278 279 280 281 282 283 284 285 286 287 288 289 290 291 292 293 294 295 296 297 298 299 300 301 302 303 304 305 306 307 308 309 310 311 312 313 314 315 316 317 318 319 320 321 322 323 324 325 326 327 328 329 330 331 332 333 334 335 336 337 338 339 340 341 342 343 344 345 346 347 348 349 350 351 352 353 354 355 356 357 358 359 360 361 362 363 364 365 366 367 368 369 370 371 372 373 374 375 376 377 378 379 380 381 382 383 384 385 386 387 388 389 390 391 392 393 394 395 396 397 398 399 400 401 402 403 404 405 406 407 408 409 410 411 412 413 414 415 416 417 418 419 420 421 422 423 424 425 426 427 428 429 430 431 432 433 434 435 436 437 438 439 440 441 442 443 444 445 446 447 448 449 450 451 452 453 454 455 456 457 458 459 460 461 462 463 464 465 466 467 468 469 470 471 472 473 474 475 476 477 478 479 480 481 482 483 484 485 486 487 488 489 490 491 492 493 494 495 496 497 498 499 500 501 502 503 504 505 506 507 508 509 510 511 512 513 514 515 516 517 518 519 520 521 522 523 524 525 526 527 528 529 530 531 532 533 534 535 536 537 538 539 540 541 542 543 544 545 546 547 548 549 550 551 552 553 554 555 556 557 558 559 560 561 562 563 564 565 566 567 568 569 570 571 572 573 574 575 576 577 578 579 580 581 582 583 584 585 586 587 588 589 590 591 592 593 594 595 596 597 598 599 600 601 602 603 604 605 606 607 608 609 610 611 612 613 614 615 616 617 618 619 620 621 622 623 624 625 626 627 628 629 630 631 632 633 634 635 636 637 638 639 640 641 642 643 644 645 646 647 648 649 650 651 652 653 654 655 656 657 658 659 660 661 662 663 664 665 666 667 668 669 670 671 672 673 674 675 676 677 678 679 680 681 682 683 684 685 686 687 688 689 690 691 692 693 694 695 696 697 698 699 700 701 702 703 704 705 706 707 708 709 710 711 712 713 714 715 716 717 718 719 720 721 722 723 724 725 726 727 728 729 730 731 732 733 734 735 736 737 738 739 740 741 742 743 744 745 746 747 748 749 750 751 752 753 754 755 756 757 758 759 760 761 762 763 764 765 766 767 768 769 770 771 772 773 774 775 776 777 778 779 780 781 782 783 784 785 786 787 788 789 790 791 792 793 794 795 796 797 798 799 800 801 802 803 804 805 806 807 808 809 810 811 812 813 814 815 816 817 818 819 820 821 822 823 824 825 826 827 828 829 830 831 832 833 834 835 836 837 838 839 840 841 842 843 844 845 846 847 848 849 850 851 852 853 854 855 856 857 858 859 860 861 862 863 864 865 866 867 868 869 870 871 872 873 874 875 876 877 878 879 880 881 882 883 884 885 886 887 888 889 890 891 892 893 894 895 896 897 898 899 900 901 902 903 904 905 906 907 908 909 910 911 912 913 914 915 916 917 918 919 920 921 922 923 924 925 926 927 928 929 930 931 932 933 934 935 936 937 938 939 940 941 942 943 944 945 946 947 948 949 950 951 952 953 954 955 956 957 958 959 960 961 962 963 964 965 966 967 968 969 970 971 972 973 974 975 976 977 978 979 980 981 982 983 984 985 986 987 988 989 990 991 992 993 994 995 996 997 998 999 1000 1001 1002 1003 1004 1005 1006 1007 1008 1009 1010 1011 1012 1013 1014 1015 1016 1017 1018 1019 1020 1021 1022 1023 1024 1025 1026 1027 1028 1029 1030 1031 1032 1033 1034 1035 1036 1037 1038 1039 1040 1041 1042 1043 1044 1045 1046 1047 1048 1049 1050 1051 1052 1053 1054 1055 1056 1057 1058 1059 1060 1061 1062 1063 1064 1065 1066 1067 1068 1069 1070 1071 1072 1073 1074 1075 1076 1077 1078 1079 1080 1081 1082 1083 1084 1085 1086 1087 1088 1089 1090 1091 1092 1093 1094 1095 1096 1097 1098 1099 1100 1101 1102 1103 1104 1105 1106 1107 1108 1109 1110 1111 1112 1113 1114 1115 1116 1117 1118 1119 1120 1121 1122 1123 1124 1125 1126 1127 1128 1129 1130 1131 1132 1133 1134 1135 1136 1137 1138 1139 1140 1141 1142 1143 1144 1145 1146 1147 1148 1149 1150 1151 1152 1153 1154 1155 1156 1157 1158 1159 1160 1161 1162 1163 1164 1165 1166 1167 1168 1169 1170 1171 1172 1173 1174 1175 1176 1177 1178 1179 1180 1181 1182 1183 1184 1185 1186 1187 1188 1189 1190 1191 1192 1193 1194 1195 1196 1197 1198 1199 1200 1201 1202 1203 1204 1205 1206 1207 1208 1209 1210 1211 1212 1213 1214 1215 1216 1217 1218 1219 1220 1221 1222 1223 1224 1225 1226 1227 1228 1229 1230 1231 1232 1233 1234 1235 1236 1237 1238 1239 1240 1241 1242 1243 1244 1245 1246 1247 1248 1249 1250 1251 1252 1253 1254 1255 1256 1257 1258 1259 1260 1261 1262 1263 1264 1265 1266 1267 1268 1269 1270 1271 1272 1273 1274 1275 1276 1277 1278 1279 1280 1281 1282 1283 1284 1285 1286 1287 1288 1289 1290 1291 1292 1293 1294 1295 1296 1297 1298 1299 1300 1301 1302 1303 1304 1305 1306 1307 1308 1309 1310 1311 1312 1313 1314 1315 1316 1317 1318 1319 1320 1321 1322 1323 1324 1325 1326 1327 1328 1329 1330 1331 1332 1333 1334 1335 1336 1337 1338 1339 1340 1341 1342 1343 1344 1345 1346 1347 1348 1349 1350 1351 1352 1353 1354 1355 1356 1357 1358 1359 1360 1361 1362 1363 1364 1365 1366 1367 1368 1369 1370 1371 1372 1373 1374 1375 1376 1377 1378 1379 1380 1381 1382 1383 1384 1385 1386 1387 1388 1389 1390 1391 1392 1393 1394 1395 1396 1397 1398 1399 1400 1401 1402 1403 1404 1405 1406 1407 1408 1409 1410 1411 1412 1413 1414 1415 1416 1417 1418 1419 1420 1421 1422 1423 1424 1425 1426 1427 1428 1429 1430 1431 1432 1433 1434 1435 1436 1437 1438 1439 1440 1441 1442 1443 1444 1445 1446 1447 1448 1449 1450 1451 1452 1453 1454 1455 1456 1457 1458 1459 1460 1461 1462 1463 1464 1465 1466 1467 1468 1469 1470 1471 1472 1473 1474 1475 1476 1477 1478 1479 1480 1481 1482 1483 1484 1485 1486 1487 1488 1489 1490 1491 1492 1493 1494 1495 1496 1497 1498 1499 1500 1501 1502 1503 1504 1505 1506 1507 1508 1509 1510 1511 1512 1513 1514 1515 1516 1517 1518 1519 1520 1521 1522 1523 1524 1525 1526 1527 1528 1529 1530 1531 1532 1533 1534 1535 1536 1537 1538 1539 1540 1541 1542 1543 1544 1545 1546 1547 1548 1549 1550 1551 1552 1553 1554 1555 1556 1557 1558 1559 1560 1561 1562 1563 1564 1565 1566 1567 1568 1569 1570 1571 1572 1573 1574 1575 1576 1577 1578 1579 1580 1581 1582 1583 1584 1585 1586 1587 1588 1589 1590 1591 1592 1593 1594 1595 1596 1597 1598 1599 1600 1601 1602 1603 1604 1605 1606 1607 1608 1609 1610 1611 1612 1613 1614 1615 1616 1617 1618 1619 1620 1621 1622 1623 1624 1625 1626 1627 1628 1629 1630 1631 1632 1633 1634 1635 1636 1637 1638 1639 1640 1641 1642 1643 1644 1645 1646 1647 1648 1649 1650 1651 1652 1653 1654 1655 1656 1657 1658 1659 1660 1661 1662 1663 1664 1665 1666 1667 1668 1669 1670 1671 1672 1673 1674 1675 1676 1677 1678 1679 1680 1681 1682 1683 1684 1685 1686 1687 1688 1689 1690 1691 1692 1693 1694 1695 1696 1697 1698 1699 1700 1701 1702 1703 1704 1705 1706 1707 1708 1709 1710 1711 1712 1713 1714 1715 1716 1717 1718 1719 1720 1721 1722 1723 1724 1725 1726 1727 1728 1729 1730 1731 1732 1733 1734 1735 1736 1737 1738 1739 1740 1741 1742 1743 1744 1745 1746 1747 1748 1749 1750 1751 1752 1753 1754 1755 1756 1757 1758 1759 1760 1761 1762 1763 1764 1765 1766 1767 1768 1769 1770 1771 1772 1773 1774 1775 1776 1777 1778 1779 1780 1781 1782 1783 1784 1785 1786 1787 1788 1789 1790 1791 1792 1793 1794 1795 1796 1797 1798 1799 1800 1801 1802 1803 1804 1805 1806 1807 1808 1809 1810 1811 1812 1813 1814 1815 1816 1817 1818 1819 1820 1821 1822 1823 1824 1825 1826 1827 1828 1829 1830 1831 1832 1833 1834 1835 1836 1837 1838 1839 1840 1841 1842 1843 1844 1845 1846 1847 1848 1849 1850 1851 1852 1853 1854 1855 1856 1857 1858 1859 1860 1861 1862 1863 1864 1865 1866 1867 1868 1869 1870 1871 1872 1873 1874 1875 1876 1877 1878 1879 1880 1881 1882 1883 1884 1885 1886 1887 1888 1889 1890 1891 1892 1893 1894 1895 1896 1897 1898 1899 1900 1901 1902 1903 1904 1905 1906 1907 1908 1909 1910 1911 1912 1913 1914 1915 1916 1917 1918 1919 1920 1921 1922 1923 1924 1925 1926 1927 1928 1929 1930 1931 1932 1933 1934 1935 1936 1937 1938 1939 1940 1941 1942 1943 1944 1945 1946 1947 1948 1949 1950 1951 1952 1953 1954 1955 1956 1957 1958 1959 1960 1961 1962 1963 1964 1965 1966 1967 1968 1969 1970 1971 1972 1973 1974 1975 1976 1977 1978 1979 1980 1981 1982 1983 1984 1985 1986 1987 1988 1989 1990 1991 1992 1993 1994 1995 1996 1997 1998 1999 2000 2001 2002 2003 2004 2005 2006 2007 2008 2009 2010 2011 2012 2013 2014 2015 2016 2017 2018 2019 2020 2021 2022 2023 2024 2025 2026 2027 2028 2029 2030 2031 2032 2033 2034 2035 2036 2037 2038 2039 2040 2041 2042 2043 2044 2045 2046 2047 2048 2049 2050 2051 2052 2053 2054 2055 2056 2057 2058 2059 2060 2061 2062 2063 2064 2065 2066 2067 2068 2069 2070 2071 2072 2073 2074 2075 2076 2077 2078 2079 2080 2081 2082 2083 2084 2085 2086 2087 2088 2089 2090 2091 2092 2093 2094 2095 2096 2097 2098 2099 2100 2101 2102 2103 2104 2105 2106 2107 2108 2109 2110 2111 2112 2113 2114 2115 2116 2117 2118 2119 2120 2121 2122 2123 2124 2125 2126 2127 2128 2129 2130 2131 2132 2133 2134 2135 2136 2137 2138 2139 2140 2141 2142 2143 2144 2145 2146 2147 2148 2149 2150 2151 2152 2153 2154 2155 2156 2157 2158 2159 2160 2161 2162 2163 2164 2165 2166 2167 2168 2169 2170 2171 2172 2173 2174 2175 2176 2177 2178 2179 2180 2181 2182 2183 2184 2185 2186 2187 2188 2189 2190 2191 2192 2193 2194 2195 2196 2197 2198 2199 2200 2201 2202 2203 2204 2205 2206 2207 2208 2209 2210 2211 2212 2213 2214 2215 2216 2217 2218 2219 2220 2221 2222 2223 2224 2225 2226 2227 2228 2229 2230 2231 2232 2233 2234 2235 2236 2237 2238 2239 2240 2241 2242 2243 2244 2245 2246 2247 2248 2249 2250 2251 2252 2253 2254 2255 2256 2257 2258 2259 2260 2261 2262 2263 2264 2265 2266 2267 2268 2269 2270 2271 2272 2273 2274 2275 2276 2277 2278 2279 2280 2281 2282 2283 2284 2285 2286 2287 2288 2289 2290 2291 2292 2293 2294 2295 2296 2297 2298 2299 2300 2301 2302 2303 2304 2305 2306 2307 2308 2309 2310 2311 2312 2313 2314 2315 2316 2317 2318 2319 2320 2321 2322 2323 2324 2325 2326 2327 2328 2329 2330 2331 2332 2333 2334 2335 2336 2337 2338 2339 2340 2341 2342 2343 2344 2345 2346 2347 2348 2349 2350 2351 2352 2353 2354 2355 2356 2357 2358 2359 2360 2361 2362 2363 2364 2365 2366 2367 2368 2369 2370 2371 2372 2373 2374 2375 2376 2377 2378 2379 2380 2381 2382 2383 2384 2385 2386 2387 2388 2389 2390 2391 2392 2393 2394 2395 2396 2397 2398 2399 2400 2401 2402 2403 2404 2405 2406 2407 2408 2409 2410 2411 2412 2413 2414 2415 2416 2417 2418 2419 2420 2421 2422 2423 2424 2425 2426 2427 2428 2429 2430 2431 2432 2433 2434 2435 2436 2437 2438 2439 2440 2441 2442 2443 2444 2445 2446 2447 2448 2449 2450 2451 2452 2453 2454 2455 2456 2457 2458 2459 2460 2461 2462 2463 2464 2465 2466 2467 2468 2469 2470 2471 2472 2473 2474 2475 2476 2477 2478 2479 2480 2481 2482 2483 2484 2485 2486 2487 2488 2489 2490 2491 2492 2493 2494 2495 2496 2497 2498 2499 2500 2501 2502 2503 2504 2505 2506 2507 2508 2509 2510 2511 2512 2513 2514 2515 2516 2517 2518 2519 2520 2521 2522 2523 2524 2525 2526 2527 2528 2529 2530 2531 2532 2533 2534 2535 2536 2537 2538 2539 2540 2541 2542 2543 2544 2545 2546 2547 2548 2549 2550 2551 2552 2553 2554 2555 2556 2557 2558 2559 2560 2561 2562 2563 2564 2565 2566 2567 2568 2569 2570 2571 2572 2573 2574 2575 2576 2577 2578 2579 2580 2581 2582 2583 2584 2585 2586 2587 2588 2589 2590 2591 2592 2593 2594 2595 2596 2597 2598 2599 2600 2601 2602 2603 2604 2605 2606 2607 2608 2609 2610 2611 2612 2613 2614 2615 2616 2617 2618 2619 2620 2621 2622 2623 2624 2625 2626 2627 2628 2629 2630 2631 2632 2633 2634 2635 2636 2637 2638 2639 2640 2641 2642 2643 2644 2645 2646 2647 2648 2649 2650 2651 2652 2653 2654 2655 2656 2657 2658 2659 2660 2661 2662 2663 2664 2665 2666 2667 2668 2669 2670 2671 2672 2673 2674 2675 2676 2677 2678 2679 2680 2681 2682 2683 2684 2685 2686 2687 2688 2689 2690 2691 2692 2693 2694 2695 2696 2697 2698 2699 2700 2701 2702 2703 2704 2705 2706 2707 2708 2709 2710 2711 2712 2713 2714 2715 2716 2717 2718 2719 2720 2721 2722 2723 2724 2725 2726 2727 2728 2729 2730 2731 2732 2733 2734 2735 2736 2737 2738 2739 2740 2741 2742 2743 2744 2745 2746 2747 2748 2749 2750 2751 2752 2753 2754 2755 2756 2757 2758 2759 2760 2761 2762 2763 2764 2765 2766 2767 2768 2769 2770 2771 2772 2773 2774 2775 2776 2777 2778 2779 2780 2781 2782 2783 2784 2785 2786 2787 2788 2789 2790 2791 2792 2793 2794 2795 2796 2797 2798 2799 2800 2801 2802 2803 2804 2805 2806 2807 2808 2809 2810 2811 2812 2813 2814 2815 2816 2817 2818 2819 2820 2821 2822 2823 2824 2825 2826 2827 2828 2829 2830 2831 2832 2833 2834 2835 2836 2837 2838 2839 2840 2841 2842 2843 2844 2845 2846 2847 2848 2849 2850 2851 2852 2853 2854 2855 2856 2857 2858 2859 2860 2861 2862 2863 2864 2865 2866 2867 2868 2869 2870 2871 2872 2873 2874 2875 2876 2877 2878 2879 2880 2881 2882 2883 2884 2885 2886 2887 2888 2889 2890 2891 2892 2893 2894 2895 2896 2897 2898 2899 2900 2901 2902 2903 2904 2905 2906 2907 2908 2909 2910 2911 2912 2913 2914 2915 2916 2917 2918 2919 2920 2921 2922 2923 2924 2925 2926 2927 2928 2929 2930 2931 2932 2933 2934 2935 2936 2937 2938 2939 2940 2941 2942 2943 2944 2945 2946 2947 2948 2949 2950 2951 2952 2953 2954 2955 2956 2957 2958 2959 2960 2961 2962 2963 2964 2965 2966 2967 2968 2969 2970 2971 2972 2973 2974 2975 2976 2977 2978 2979 2980 2981 2982 2983 2984 2985 2986 2987 2988 2989 2990 2991 2992 2993 2994 2995 2996 2997 2998 2999 3000 3001 3002 3003 3004 3005 3006 3007 3008 3009 3010 3011 3012 3013 3014 3015 3016 3017 3018 3019 3020 3021 3022 3023 3024 3025 3026 3027 3028 3029 3030 3031 3032 3033 3034 3035 3036 3037 3038 3039 3040 3041 3042 3043 3044 3045 3046 3047 3048 3049 3050 3051 3052 3053 3054 3055 3056 3057 3058 3059 3060 3061 3062 3063 3064 3065 3066 3067 3068 3069 3070 3071 3072 3073 3074 3075 3076 3077 3078 3079 3080 3081 3082 3083 3084 3085 3086 3087 3088 3089 3090 3091 3092 3093 3094 3095 3096 3097 3098 3099 3100 3101 3102 3103 3104 3105 3106 3107 3108 3109 3110 3111 3112 3113 3114 3115 3116 3117 3118 3119 3120 3121 3122 3123 3124 3125 3126 3127 3128 3129 3130 3131 3132 3133 3134 3135 3136 3137 3138 3139 3140 3141 3142 3143 3144 3145 3146 3147 3148 3149 3150 3151 3152 3153 3154 3155 3156 3157 3158 3159 3160 3161 3162 3163 3164 3165 3166 3167 3168 3169 3170 3171 3172 3173 3174 3175 3176 3177 3178 3179 3180 3181 3182 3183 3184 3185 3186 3187 3188 3189 3190 3191 3192 3193 3194 3195 3196 3197 3198 3199 3200 3201 3202 3203 3204 3205 3206 3207 3208 3209 3210 3211 3212 3213 3214 3215 3216 3217 3218 3219 3220 3221 3222 3223 3224 3225 3226 3227 3228 3229 3230 3231 3232 3233 3234 3235 3236 3237 3238 3239 3240 3241 3242 3243 3244 3245 3246 3247 3248 3249 3250 3251 3252 3253 3254 3255 3256 3257 3258 3259 3260 3261 3262 3263 3264 3265 3266 3267 3268 3269 3270 3271 3272 3273 3274 3275 3276 3277 3278 3279 3280 3281 3282 3283 3284 3285 3286 3287 3288 3289 3290 3291 3292 3293 3294 3295 3296 3297 3298 3299 3300 3301 3302 3303 3304 3305 3306 3307 3308 3309 3310 3311 3312 3313 3314 3315 3316 3317 3318 3319 3320 3321 3322 3323 3324 3325 3326 3327 3328 3329 3330 3331 3332 3333 3334 3335 3336 3337 3338 3339 3340 3341 3342 3343 3344 3345 3346 3347 3348 3349 3350 3351 3352 3353 3354 3355 3356 3357 3358 3359 3360 3361 3362 3363 3364 3365 3366 3367 3368 3369 3370 3371 3372 3373 3374 3375 3376 3377 3378 3379 3380 3381 3382 3383 3384 3385 3386 3387 3388 3389 3390 3391 3392 3393 3394 3395 3396 3397 3398 3399 3400 3401 3402 3403 3404 3405 3406 3407 3408 3409 3410 3411 3412 3413 3414 3415 3416 3417 3418 3419 3420 3421 3422 3423 3424 3425 3426 3427 3428 3429 3430 3431 3432 3433 3434 3435 3436 3437 3438 3439 3440 3441 3442 3443 3444 3445 3446 3447 3448 3449 3450 3451 3452 3453 3454 3455 3456 3457 3458 3459 3460 3461 3462 3463 3464 3465 3466 3467 3468 3469 3470 3471 3472 3473 3474 3475 3476 3477 3478 3479 3480 3481 3482 3483 3484 3485 3486 3487 3488 3489 3490 3491 3492 3493 3494 3495 3496 3497 3498 3499 3500 3501 3502 3503 3504 3505 3506 3507</DataArray>
        <DataArray type="Float64" Name="VonMises" format="ascii">5333.89528611 5341.73254019 4916.90112782 2751.95635418 5087.80440599 5503.89328823 2462.15805155 1862.06163293 7534.06550512 4711.13397911 5586.31742031 1914.89215166 2079.91464024 4982.35051787 3957.17264881 3905.67149552 3889.34891122 4495.58071707 3536.83879291 2136.04412689 2764.22261316 5099.51851012 4496.93220962 3444.26949029 5258.97734923 2478.5755858 6041.88945139 5009.04145457 4547.67880241 4862.92639062 4385.09036901 8299.67417283 2441.7896826 3623.25721738 2235.91601964 5745.46880145 2911.57755668 5154.24028181 3037.39803666 3088.34246792 2838.57953923 5055.06219461 4389.83674923 4009.0568812 5343.99251813 7096.61909733 5058.14178068 5753.52748317 7671.46275127 4478.73575601 2592.27217222 3497.97236365 2017.05030719 2423.19101614 4872.08317811 5460.02086668 4617.62004782 4667.25961819 3353.5190047 1131.67875467 5466.94580341 5612.30029358 3353.50088168 5349.46277316 4129.14501108 5412.78731128 5761.07386693 5529.31361046 5514.71576546 5036.58988665 4287.87210568 3319.63257801 5209.91187901 2485.50468021 4494.48342222 5576.68692764 4717.20341211 5209.08604563 6470.03830633 5298.3420792 8314.62177965 5345.20310496 5042.13815518 6542.22498376 5645.85605051 5916.38434885 5834.98199949 2848.79054041 4260.27815057 4990.73103143 5107.89405022 4410.426554 4030.24679667 5157.93540924 3945.88489829 5607.5552443 5051.69614967 4428.88809145 5017.02493183 5450.34710686 4979.13830401 4523.6497897 3363.76793404 4977.70565743 5062.51335056 3069.02305861 5042.78890938 5533.83680291 5982.97798343 4759.09007041 3980.25772466 4280.47749266 3858.88314943 5471.2359181 5257.55314918 5219.29955804 3936.89274572 5539.71531089 2769.36105848 5386.1525788 6533.15932995 4930.18103755 5679.60524738 3350.24494486 4495.33119888 5662.2994471 666.577938004 5267.93565527 4871.68987691 3721.42737931 7476.86512514 7310.76338136 5251.34723207 4594.23493667 5483.46550069 4940.08641848 4297.22189499 6592.58769321 4776.77113217 3236.40296751 3430.12740075 2618.6769603 7679.25607177 5172.90348913 7676.60826331 724.170266425 4508.66992032 4886.061848 5643.43700118 5040.47201457 3739.04824629 3795.93263683 7359.70351118 4994.84151209 8181.40650208 4596.69406192 6588.11406663 4713.49260733 3666.28760153 6721.15917473 5158.81058323 6219.54742166 2779.02282018 4484.60900849 5445.86065662 6840.16125209 3235.46308964 4686.34766654 7050.57217622 5077.47348174 4977.92812778 3176.01290815 5839.70507352 3124.07113383 6403.88557474 2347.04794026 7481.4358471 3958.49201064 4798.77067544 5583.17175239 4429.1445409 3050.06795933 2355.90486573 4618.25494516 4443.15789105 7256.93787309 2382.82760095 7145.2673906 1819.66413318 5002.84419512 3241.39298657 6413.33405881 6136.15546028 5829.13791374 7120.72279067 4285.14755123 6782.82350945 6550.96362403 5624.20411493 2678.70563412 3175.88180023 4441.39138292 5801.17913125 5303.01092186 6136.0751341 3373.58537118 7123.72991095 4423.84962579 4776.08565607 6181.32930685 5847.23700851 5678.69373132 4907.2079079 3135.78639977 4894.39920773 5348.83502484 5194.55468733 4271.70972245 6037.01906699 3543.52370451 5471.6016628 734.633145856 4462.61837462 5352.95451648 7095.64315797 5159.78762672 1074.62399315 8422.12877576 4481.33734362 5330.60519708 5104.77511571 5125.51004586 5672.37270243 5294.67765206 4001.35075143 4741.83618522 4143.61146485 5582.08064524 5781.42961863 2347.19923047 4526.16234053 5541.11566917 5923.10550811 6151.97979302 2501.52588234 8138.09165209 3252.04956905 5847.04018381 7465.67786226 5742.17594861 5089.57799164 7220.88116959 2573.67450899 3989.01460904 8089.46907438 3853.5562429 2203.38548111 5443.33375317 4677.2652588 5447.88119781 5156.63993155 5184.52633304 2720.109151 5379.91573342 1114.22015539 2042.41303241 7004.61411684 5343.25361021 7680.95760873 5341.06649436 2152.38456544 5218.58117576 4949.20966524 7802.69161094 4142.14144597 8286.86308223 3877.63131975 1932.47515093 5790.74110575 5633.42074189 6117.77343816 4901.31831948 5952.69735856 4806.91856044 6650.04775337 5580.7106937 5254.9366434 4654.9042374 5282.77804437 2956.55850159 6026.24600142 6178.89574035 4610.06526369 4081.05388565 4930.46103219 4099.98951407 7568.90735789 3280.99483977 7249.73799757 3352.99844191 5504.6638522 7794.78498331 3777.1075665 8303.46613931 5480.03782032 4498.40862097 4477.73823065 5361.19693185 5912.78580673 5104.01420405 4608.9096639 6100.73323832 4478.89173832 4497.93505543 4719.30993734 6385.99133412 4889.66767051 5401.69618337 6227.45918806 4364.40642581 7231.09044187 5750.93760444 2651.08575415 5164.2238894 5603.13053314 5485.3209553 4090.98773727 5210.28872096 5761.69881378 3278.20642626 4577.5888974 4349.07888813 5053.94517008 5947.04476234 2850.25843251 4170.88975259 4612.0778637 7507.3257789 7424.10358291 1372.68966454 4712.74171412 3612.29007315 2339.9297587 2901.12607826 8318.7160154 6001.27210123 4986.88021438 6440.8656686 5414.91871122 5208.86120635 7139.20577352 5203.39760431 5493.66843618 5306.32471128 7962.00146607 5301.35628471 4997.85449719 4799.95768943 5833.92891018 4792.17884776 4620.8668644 5357.20011724 5657.85901311 5617.69617014 2786.90233402 5356.95231804 5407.1921668 6209.75192254 4152.37332999 4788.7121539 6904.46094163 4043.29141407 6096.07723427 6577.87634509 3187.8301857 5511.37658995 846.581099062 7828.38859017 5505.48015586 4738.71898759 4034.27432249 4858.49899859 6942.66215436 5184.32942171 4902.79412214 3921.97494861 5917.81870715 4173.96605438 6587.6750264 2425.31835151 5359.82487466 5308.36435495 5017.58822674 4905.63360588 5089.65909147 6674.61988845 3006.50001037 5381.83237706 5072.60271231 7152.56774808 3079.50920683 2608.50260564 5777.96254936 7415.626644 3026.48232684 5429.23482141 3308.79026488 7314.82102811 7466.29831881 4923.62404506 8422.52328474 4747.08006047 5657.86239742 5488.65778469 2565.60916701 6047.24899875 6179.24964219 5694.44839034 5580.50336231 8059.02302349 4975.04534256 3358.6249978 5041.96147151 6709.9881831 6899.89691706 5225.79982753 5474.32291777 5358.71885498 4539.55958415 5653.31416554 6038.75871583 4671.56853579 5439.55179923 4903.98040351 6889.43934429 4891.68507438 8093.52382474 5070.46009911 5070.63624175 5228.54845532 7894.92883057 2399.92638013 8195.49818943 2633.87337255 5340.37721442 7515.70979568 2815.91151193 6629.84732031 5886.07692861 5488.66488853 6980.86453044 7180.84940926 5408.92530702 5446.37234445 6247.51421743 5060.03003772 5773.81578078 5169.85421782 5278.7215277 5107.85217159 5323.32139976 7077.97351878 4889.50310922 5795.70253648 2959.03755408 5190.36546595 5264.7230901 3206.06555128 7024.55317001 4085.12851779 2998.91978924 5797.25654541 5101.13205786 5203.04347398 7689.32956713 7230.62625641 4167.17776506 6568.41441685 5694.58111359 5588.5526921 7468.13854313 4693.75491498 3215.17624764 7753.5036104 4551.51001855 5332.78623402 4623.5094034 5739.91926455 7210.09031012 3413.47143942 5913.15195814 2365.78268314 5660.37900451 3715.52159315 7277.16276196 5523.91109089 3031.1434335 4811.61207577 6742.7816295 4321.1212865 4830.72731723 5411.04705358 7214.2906728 5790.57495093 1805.57086609 7586.85123774 7372.27429012 2718.34267365 5345.27589282 4499.56989129 3060.61655778 5080.23317746 5736.61759638 5524.6571206 4841.59223567 5879.2740264 4154.71098397 3665.00086658 6848.95863251 8090.40853778 4858.35421569 5150.97881619 7291.91442634 8312.7564015 2156.21759412 4217.5990501 6211.12176381 7071.28895177 3567.14752358 7588.73164577 5452.5486659 3912.65857615 3552.04675216 5488.3717824 5648.17786989 4450.72327877 5256.95719845 5530.22196174 1505.61880745 5851.6148853 2588.14845491 5792.31486567 6855.25388558 3612.03158897 5449.69707315 3809.03137336 7519.02050993 4568.86615046 5747.38670147 4452.32464997 5282.97284021 4138.28376638 5072.09120199 4779.06594571 3585.22788149 5887.3098836 2601.7084353 2939.17364205 4865.74761762 5004.28842235 7230.0351057 7271.42464929 5715.93596375 7587.7589342 4952.82963802 1815.84990905 5094.46404074 7334.61609041 6782.99524081 5645.20385967 7441.99441898 5202.70304909 7465.33744159 5202.03565936 3869.83306334 4732.55136994 3071.66025805 5979.65922496 6107.55961597 3167.65815681 3835.85798073 4151.11474283 5748.54600338 4161.15108508 5733.68695259 5292.9673729 4915.65601121 6235.35525453 8086.89032989 5314.09547454 6121.25145015 4360.87364338 2461.98547492 6407.75382055 5080.39710722 5348.11203454 5326.80127742 4543.63566986 5239.06863115 2854.78733247 8303.19780305 4932.15671308 5233.42068362 4383.12293354 7015.63044852 5564.91771418 5483.7683833 5108.71216608 6011.73952035 8252.2920334 4471.03741059 5088.56585003 7103.30254273 7949.46364934 7671.82599355 3055.03584389 6661.71524037 7579.01819514 5792.29491489 2708.53628139 1403.9355293 5411.85563347 3064.71090644 6340.49515786 5817.55618529 5335.43069251 8563.17836494 9098.97527116 1744.5377645 5667.1217577 5493.02407592 5873.12553224 5552.44102833 7679.16489012 5455.41033839 5297.30924927 6538.72405092 5333.78306543 5548.31680161 4776.41377216 5514.09561944 7988.60487478 5699.2298527 4928.75281221 5894.2375759 6789.74219646 7951.31717181 5219.36252253 7494.40077399 5196.52495562 4803.22420721 3101.43301127 5924.52016912 4965.04369024 3316.07843292 3394.88207399 4517.32524816 7112.25406712 5583.21062577 2739.41978493 6765.77065321 5632.43827587 7475.88324905 6715.59013111 5621.24280272 5297.37977854 7974.33082727 2783.54487985 5478.53840106 5138.32364136 7393.01519463 3197.97628102 6188.08151984 6377.37478166 2645.23768264 5842.50318887 3952.00668991 7816.91139891 5303.06314778 4054.16612478 7188.25200007 4614.59812211 7145.24154995 5136.80221625 3272.65700912 5068.25148494 6753.8212278 4466.87806396 5987.89593228 6479.8463013 2697.43408727 5309.75132136 7645.27109354 7276.77732389 4272.86082886 5265.29952776 7552.36994887 3996.88215681 8574.33700119 5610.10743843 5967.6719807 6120.40317125 5403.06189545 3508.10205232 5102.62880085 7461.02014411 8213.84587284 5017.5603151 6088.27616002 4787.76950117 5502.14650937 5780.80928796 5695.80294653 5650.8402747 7456.41134777 6085.63810708 7279.2780206 7490.27648606 7605.94726663 7899.50269358 6838.87736221 7448.65536623 4933.4519745 2655.52126496 7830.23460328 5555.99327288 7662.33668639 2809.56944196 4472.15349279 6021.62115674 7915.4307472 1834.75092291 5827.48635602 6408.90410782 5747.30618027 7531.96882111 2726.47592352 7401.04003763 3914.56377365 3145.14706793 3749.17793576 4049.04559471 5701.96872954 5980.33578113 5684.11380143 1154.61323996 5376.26830135 5567.13441062 2500.24166336 4193.42954335 6134.95826289 5794.94134415 4625.6549827 5864.39452941 5724.98777747 5492.49507503 3498.14801259 5641.88532407 2956.23200578 3531.86353714 4235.41586303 7643.16878064 7076.03484962 5578.71257342 5650.79982363 5727.62362313 5358.52130937 6118.57562977 7798.46573151 5986.90585463 3302.65145214 5069.55010553 5162.92092029 5562.27167271 3472.23161155 2743.10066609 6154.89675014 5539.44739214 5160.24005301 4889.98296775 5695.37507381 4654.11668701 5335.43426979 4426.96851554 5217.47032585 4285.67764396 3026.17314404 7515.03123327 7968.5231422 7241.17494863 7969.33943842 8413.44407636 8103.2806747 7682.09567752 4008.52786726 5714.36121948 3650.81757247 5260.08400767 5745.94649785 5793.25344674 2298.05283422 5303.75746187 2104.94023702 5691.82084609 4666.45895239 7582.48946936 7670.15092276 7855.13267059 2520.46953991 6599.55612273 7535.02490171 5372.32835706 6890.35383707 2187.16477854 2638.0843198 5453.16182672 5042.91943374 6972.32104697 5280.78213581 3447.91501442 5556.74259707 4735.38013476 5991.33445623 5113.01677803 9063.45588099 5274.42795144 6107.94901353 4563.55165467 3660.48237958 5561.78491618 4864.66932011 4564.77807169 5516.05212817 5091.48972774 5971.10624496 7183.69799284 3042.43146992 5026.90356235 4602.23031802 5635.9892449 5301.15772661 3403.80641581 5595.72841518 4739.03482694 6658.57157649 2732.55409631 5587.33477686 2663.79251267 5514.80279037 8034.84579985 7499.27282946 5756.33143274 6827.88842022 7674.04350204 2450.60941615 5220.2476653 5561.22697399 5495.57711999 7860.76561284 5938.72709533 7784.9201326 5001.10434273 5518.85617233 7037.27767721 4963.00250069 5322.17053405 4977.06576948 7611.47071861 3211.67358128 7893.23836822 3619.61128505 6468.05795191 5161.50587577 5711.67983642 5493.26858027 5139.74254088 3099.75943609 3149.80888823 7375.57219914 6022.13332511 4420.72531778 7884.67520877 1931.68650396 4039.89723781 4605.40783969 5935.0573616 8275.34143327 5320.25442592 3750.7639671 2704.78940595 6012.58411703 1610.13356927 4982.44310137 5479.24320171 5412.15645851 6727.37047854 3458.85426937 4710.30108524 5746.56671431 2189.55723948 7877.33623488 5673.51102469 3076.3177512 7683.50766451 3883.64911465 5717.96848346 4863.74716537 7075.72321668 7407.15053838 7163.79915472 4603.85018492 4578.93519344 4878.43449126 7813.56428801 6234.72550938 5167.63573699 5251.58606891 725.10758568 5092.13921657 5372.66861875 6002.15993066 3724.45704018 6806.58021018 5668.83005799 5214.2348159 8086.07282256 2812.39650029 5490.39926795 1677.21665509 4533.29065926 8266.96622388 6742.37011754 5449.73964258 4994.95815055 5145.26265748 5444.98070229 5315.25743858 5692.2981561 7330.61721387 3238.0394086 6041.93306456 5657.52817089 7615.95017628 6993.03296212 3781.33674045 4234.71683607 5357.06358213 4849.73828842 6573.55433235 7716.21647307 4220.80080758 5113.42566412 2412.01184641 5561.43679135 5862.90481281 5967.23901057 6203.03040741 7919.68379027 7481.70780476 1996.13741981 6328.79356226 3124.92799305 4993.52548406 7754.27874569 7980.94617511 4110.51273775 5156.72167261 5144.99848402 7764.09659813 5577.52597978 3507.95966038 8049.58544308 5481.77131266 4480.44717328 8310.35097053 4573.18701645 2846.08293016 6938.27529261 6823.49933298 5432.21728485 3228.8405693 7573.1747312 5498.2769897 5942.73982709 8441.76160301 3296.33589994 5269.3618138 7182.76305683 4345.25143591 4733.57423386 4966.93938481 5074.73911242 4372.24569572 5791.51776424 1007.09952108 6380.50506864 3206.82154936 5445.26356463 8098.16196734 8107.09096074 2406.44644336 6154.83619418 7271.99720256 2232.57196856 2761.06150888 7105.35191406 5868.02357873 7581.0459091 5197.38888776 4015.51146682 2826.24848773 7367.14597282 6974.63835241 4840.99761333 3860.84378899 5002.50939962 4817.26424048 7588.6776326 5956.96589983 3331.05614642 7070.99627569 7422.97920782 5632.0323692 3630.18677245 4699.89635549 7908.72529878 4981.34466078 8210.12475686 2910.29528752 4120.16975472 7799.44988523 4924.0746841 4998.27191244 7915.24917 4906.19339231 2549.08951792 5394.71699019 2909.14644636 6090.02360669 2488.53055632 5763.16038265 3083.25718886 4005.99098476 5382.41816075 5448.61825524 7571.94428216 8175.91145779 5350.52125039 8056.16555816 7349.48373947 5747.54266069 4121.10601691 4115.17926857 3768.54848973 5121.9136366 3735.14728711 5306.19892428 7754.32601579 7656.9246313 3539.70571982 2703.41663132 5854.68018438 4993.43769317 8394.63268252 4648.88091064 2928.42565483 6098.83471795 5507.7520668 4866.39344399 5212.93011825 4828.50107882 7352.92362072 5145.91971369 3092.42950057 4450.72659574 5109.02092385 3411.93018072 2688.43167645 5438.44372599 6942.05390254 7385.0018159 5608.85213146 7185.39750557 3130.74440448 4272.58711257 5225.77583387 5069.84412247 8214.78740899 6554.52416645 5544.45835614 4278.00599642 7387.39593776 7553.64278082 7714.94653158 5171.66011814 5072.14983511 4815.32636254 4621.20545684 2904.30150473 7820.21124594 8245.12365972 7612.03363404 4124.39972095 5494.96796765 7002.15886576 7342.38517495 8069.59981425 4825.47314573 7886.26131426 6336.79005803 2356.06604369 8238.40558298 878.377404843 3066.28629644 7493.83559862 3263.12610441 8226.53878918 4001.41073473 4946.5317391 8339.1632154 5601.47085938 8466.21754848 5686.02985852 2465.51883915 2010.76114293 5079.16267757 5559.25879465 5181.47991027 8240.15114163 5114.06868766 5432.27080858 1098.2044006 6442.11322061 6072.73270716 3710.75261604 7095.08290217 5350.61944135 5942.8606762 4886.32584473 7979.38621271 5108.16532599 3949.56332925 3808.56047425 5210.83033469 2679.49261685 4961.08860794 5613.44830603 5347.37246326 2843.13274598 6164.81877404 7100.9363576 8026.23225128 5710.09684235 7415.56181271 5416.6448306 7388.61867091 1985.33052867 7848.41334603 6952.97302341 6017.88454446 6256.97234382 8699.83135996 8027.78618855 2530.35228592 5465.84717117 3881.96713711 2466.95752532 4970.01595397 2926.58767303 5483.84756698 2413.97151299 4956.49226217 3455.78060687 788.472742221 6186.1269856 5364.63268413 2511.45726642 8588.56027709 5127.25091915 8089.21181945 8105.62168905 5897.77312292 1788.27401963 7663.03018867 3179.13540165 7811.55081494 8117.4386582 4234.43716806 5068.32272113 5058.95664524 1578.56126239 6052.1122877 4575.8628682 1601.8585561 2221.85831622 5682.55227003 4802.08939927 6751.12403646 5793.10149738 2667.55675795 4807.10253797 4343.33341223 8145.45385963 7724.40227936 7921.59989501 2415.8446127 7467.86620224 4711.36089301 7841.0097431 5374.10019883 7577.46582775 4966.61661154 5401.70696038 3983.86444502 5123.96018064 3851.75822127 7808.12327784 8539.3930085 6553.67282768 5363.48370106 4278.69598144 7529.48768415 6461.37358807 7145.49240526 7218.42145341 7733.88377883 5316.10233323 6178.84063518 4452.10238082 7045.21277562 7036.14445455 7650.60379028 5572.54887157 5030.62608036 8360.26216863 4967.44748632 4394.23572565 4330.38467075 7336.89322148 5511.26672765 5367.00846545 2564.15189612 6906.18298382 6308.80726621 8222.74895718 2978.75304043 5935.22109462 1038.56363077 6079.05585636 3460.28093877 3919.36664556 7288.69033385 4563.05872482 990.590659113 4706.2326964 8154.83830771 5383.91492458 7496.45448922 7344.74947733 5223.36917994 1540.32579136 6492.93583516 3564.73394266 7464.83558014 5803.83900004 1329.80588257 6023.16742689 5485.21876193 4835.20992843 3598.75722206 5844.40029387 6874.20575888 5164.20594762 7891.64555714 4007.49748315 2446.89850751 7888.9173683 5843.03896871 6484.57234269 5683.90516431 2922.24112752 8315.93376841 6559.51503695 3114.19933271 5171.10357558 7813.83496148 5689.20918285 5707.12909281 2796.99361593 2518.85194433 8166.9890823 4833.65402002 4745.44012984 4263.64256087 7140.70419793 5124.1443185 5509.04420421 7959.06555922 5860.73833112 3915.24223746 3171.11526686 4388.18082846 6551.33352793 7189.70091691 6145.16048648 4983.71947904 3434.94947007 5790.38868947 6025.50158755 8676.04047642 4869.92008536 7704.03892565 5470.54411192 8447.80786647 2114.78867568 8183.92140581 7877.13714908 1056.32222728 7792.37969056 3024.70529217 7587.30284609 4197.70594931 2569.68412624 3832.20099819 5509.72020496 5774.8079296 4582.25824353 4363.23907035 8049.02093236 7336.88093217 8350.95914519 5662.97078511 2347.1320124 4355.86545882 6291.45418626 5365.42905337 8053.17281852 3026.65925697 3106.95327987 5419.41804282 2950.97892265 2834.27498039 6000.63926074 6432.12050582 5366.68721232 3706.81290711 5852.9369809 6054.05082546 5078.47521322 2684.47116711 1280.1726716 5875.04071606 6042.59134082 6492.78064813 8233.07078356 4576.49822007 3483.85595133 5667.45666025 4776.92779823 5275.08161751 4459.57462876 8559.57687567 5341.76154878 4308.32234503 5046.57591513 2617.39258895 7352.08693314 6210.96819233 7949.16263514 4876.01598421 7141.96286376 5961.95220708 4760.12976647 6146.4148871 7113.84287104 7242.98531756 7601.18669059 5741.10324661 5467.86133113 7961.34486652 5346.99495355 8854.28586003 2699.11880845 5835.57074013 6037.16549046 5233.37663991 4481.2843739 4210.17797942 4837.91327621 5535.26826931 4924.87503528 6497.82650616 6055.28268792 4775.04465459 5019.03881281 2225.09351891 7991.74474617 5245.72004913 2409.12173628 3881.34884588 7519.54874666 8077.5278521 3064.02497322 5264.58992564 4965.34738075 5558.97526991 4057.80557178 5842.18240537 7907.32203238 5255.03331143 6563.46950459 5066.12628154 4520.67158062 5504.99115493 8944.00570149 7658.75042403 2166.52175675 6637.36372476 6585.19286513 8244.09394985 5558.25654598 5647.41965227 5377.15166388 8642.62687717 2908.73608875 4696.91512343 5702.90089797 5584.9066018 3820.18812682 5407.99342839 7601.75411946 2118.0934858 5305.82029202 7846.65565417 8405.56692627 7777.51618166 5022.21419789 2367.69075133 6082.03216317 2527.18889464 3027.39450036 7861.59987674 5812.0820288 5502.6352097 4780.04352766 3749.86884114 6142.89860557 5886.86526778 7622.77591835 7166.9714982 5137.99253637 7618.92921225 7348.35549312 4905.93169234 3851.4434938 3678.86804289 5328.82434659 4056.06617855 5061.0877653 7733.03117402 6770.28667327 8113.3444226 7765.14234447 4095.56119652 7075.84840349 5308.09578839 6518.19862241 5277.63992701 5583.0169853 4706.78078095 8285.4943397 5520.09486623 7983.37123168 4874.76415987 7370.33236814 7520.03869056 7752.25313144 5115.53076221 4947.13907744 5452.11113312 5501.60935344 7719.08469524 7226.70857748 2564.1060082 4714.70002043 8238.52741275 6622.29241978 5902.09358834 7779.66575168 8138.68652737 4051.03005778 5455.34737615 4710.93410528 6455.17059848 1032.86225169 2604.45447813 5632.86799403 8702.82622202 8621.20354214 1561.74858877 4901.90926552 7657.21344293 5440.00172699 7778.47696858 6076.05383436 6784.35432832 4077.72682851 3278.87315718 6423.60818348 5994.60552327 6554.35432363 7582.69813979 8970.05142453 6000.09775638 4976.32286631 5394.81454116 4750.20884702 2794.2663338 7636.00419375 3106.62680877 6080.01062409 7644.63309119 5491.56612552 4532.6148117 7601.08944528 3500.22991567 5772.85832341 3465.64060939 2593.71272566 3942.97758581 8065.75867559 2769.6813346 6057.90363873 4931.67532201 5424.39302399 2734.30406661 8026.97637178 2150.98738759 5894.61903783 2826.45682215 7239.82605617 5649.95400784 7805.58761103 4204.30168898 4700.14423298 2375.35086854 5944.45117155 6025.99561099 5632.03559066 8086.6652157 5786.4804997 2721.85794898 5789.38221284 1634.70061036 8143.29670751 7598.83119445 6559.68116339 3965.62580864 7972.25732224 4601.81889143 2568.74318823 4014.81419323 5291.74842398 7639.01141858 5926.01406424 8155.85247966 7531.35215001 4153.37447815 6335.72855992 3713.86451702 3082.1478521 3627.95504687 3668.32642961 5504.17725218 4032.91342922 4739.84880105 7653.88296913 5020.77660337 3176.3355842 3493.68074711 4149.26925215 7715.14590843 5896.76043838 8209.47298052 3462.82783336 4078.17987816 4283.95547758 2633.87337255 5272.26364495 848.631451576 3350.98519429 861.253245845 5445.05239603 4080.81312101 6127.8966514 5653.00674743 7023.68842427 5968.401889 5229.20727577 7172.27107624 5894.86988705 5872.03796453 8227.75415704 6257.19926054 5020.66504112 7075.92632794 2813.13881687 8106.90884199 7246.21080353 4045.76251665 2249.76586882 4012.78257214 5156.81835398 5622.91916015 1326.89118033 6812.31886394 5450.23874559 7887.92580598 5334.64910596 8266.14333587 8064.94210479 3242.97694695 3874.91408399 7182.91926634 5669.68674945 3210.94487142 4924.30273154 4137.28576751 5916.92583439 4445.96423337 7874.86900726 7624.72009187 6210.69216861 4648.86285069 7868.63445372 3986.87491719 7481.48023232 6171.46519037 3885.51868568 2829.89643877 5207.10781966 1704.90861378 5554.88826296 3732.69950242 4261.38685264 2706.44811281 3050.24676174 5986.32674425 2248.04969199 5705.21117221 5367.70543323 2435.07217514 5194.93675546 4629.12422877 4749.21030846 5574.05547642 4546.28891428 2988.41739425 4410.49383398 4787.9864602 3043.73424419 8424.45550858 2916.17123198 7927.89451265 6208.77987277 5496.00287822 8205.55347776 7920.58122976 6806.59107623 5146.52079562 4107.27804537 2228.38554816 6762.84146139 5339.52587544 3815.21281311 5349.5918259 1908.70681002 1558.15944445 5361.54508225 5881.25369571 5013.54151272 4546.2365572 3304.86493399 1882.34403251 5586.06331925 6240.42278985 5404.402335 5144.95767133 7435.46787201 8069.48032423 8073.73525476 4489.78169837 4645.11331808 4209.29526362 3911.08310468 5950.3836331 3508.92889736 3672.41156991 5029.37715523 1831.30324793 4138.16305531 4790.67371491 4872.28509245 2275.29105954 5714.26095395 2189.55723948 8722.50869469 5609.18303355 4123.64280053 7380.45766501 8193.69830732 5363.07521832 4578.74687369 3441.36841356 5146.9784984 6784.09169441 8019.46888427 4707.41275461 5823.39443343 5082.67180713 8186.01127875 5013.03819991 6046.85217561 7761.85901209 5201.56768227 5117.18251241 5593.36802757 5308.4936573 7850.13088667 3281.22386186 1731.90155917 7238.13000751 7295.54483625 4714.86232499 2925.59591093 7438.12851705 3113.83737744 7781.53640346 6243.03371587 3107.20298898 8763.65263999 5890.89141199 6297.89003773 7496.89705186 7795.65837238 7892.80618657 5779.19127709 6377.40570322 5189.04788309 4167.96625157 4908.25264371 3300.80347486 6375.18043594 7861.99949995 2210.10484129 2837.8759289 4042.27962036 5176.897895 7586.06311069 4621.60516984 4239.49649805 5774.14191826 6452.62595514 5833.58667905 4664.36552025 4498.07339663 7126.83336443 3101.18334221 5169.3798903 7428.90054473 5555.54995764 3620.97301602 6313.99290055 1852.9463412 5214.91967303 6218.29755877 5026.88577725 5130.5349305 8254.2596582 8236.6990871 2226.96592474 7565.56434248 1410.0080138 4512.50458932 5604.05135567 4929.14405175 8218.26427744 8468.99303043 5559.34847337 7253.71325239 5320.60098488 7620.94827692 7823.06086258 5411.32086647 5386.31733228 5571.84640308 2528.12206476 6059.8670336 7758.32484683 5422.21443238 5571.37651658 2123.45963692 4492.9734514 6997.56801453 3338.26926297 2529.28167538 7117.39747195 5733.19203955 6616.97394609 7744.21121923 5441.07906997 6547.67681456 4172.75957546 5611.37458831 9131.2606947 7384.61873008 5708.51472626 5489.49366181 8144.78925872 5781.25716239 6336.86401594 5523.44907095 2759.71383494 2835.80843706 3644.30230394 4965.91380953 5332.14739001 3544.80713751 5105.27793586 2245.17099111 5835.20153686 8481.46240909 6959.44760765 5838.68247694 4942.31893981 4724.1188999 1543.66888566 646.534797216 7864.39756966 8042.87791589 5256.74225813 3057.12497001 2335.10618502 2633.87337255 5373.65756388 5392.40688563 7011.29015661 3485.66003399 7824.23973222 4944.22792295 4466.99708549 2872.14239175 7698.55112383 2586.57814464 4188.40136361 5316.66516414 2807.3208217 3250.24293597 4216.6364542 7545.30066979 7982.48180782 7761.00799624 8267.04908827 7880.789493 8380.34107053 3387.94642419 5668.56125328 8816.42219787 6179.06008468 4181.12014901 8169.43423432 5870.22993969 7985.8053805 4090.67433904 5860.12623222 4017.69699167 2393.76065381 1369.29313027 6880.97673515 7148.49333311 8088.0081948 3230.14156974 8022.58373886 7693.52831246 2252.15853968 2900.20081044 3163.81691851 7136.46749906 8663.74381842 5488.27715764 7655.56587641 4428.10907178 8301.30473093 2530.73733806 8162.83648151 5366.47999981 7286.01122541 1762.25544975 5351.57351882 7081.31067261 7921.50470523 5341.95931876 8016.46406624 7956.69807212 4182.26516828 7634.13827737 5577.33550216 8020.77335287 8188.78576468 4824.58744588 5460.91288774 5343.20259476 7493.05531989 7001.00128319 7636.08199865 4300.11095678 5489.63204898 7668.25677873 4396.32278232 9418.79561516 7932.0251986 4174.77982426 5135.06568076 3236.63688933 3830.02538018 3515.3409258 6970.80002824 8035.34639073 2160.32893976 6277.80498632 7887.19533028 2250.64152237 7995.68321882 5180.47604841 4478.34244281 5020.66504112 8040.01131785 2646.91888226 8908.61889119 6226.43550505 4790.34486024 8388.00335752 7596.89602168 5444.09524774 6111.95037999 3922.21258345 7302.98903952 4753.92539239 8079.63172517 4567.38815927 5240.59189325 6059.8990675 2719.54822934 7424.62255969 5475.33205981 6720.33930083 4329.79481827 6574.7732041 3452.54803266 7960.08413934 2294.5794707 7360.73765982 5557.14852284 5622.72456058 8083.88453914 7151.2988075 7108.27126013 3869.93934508 8080.00479851 7737.65203403 7915.78435474 7106.20351337 6042.23420724 8197.78720468 7913.7764381 6302.05315689 6767.31987042 5492.54504833 3970.87204284 5415.37520188 4223.99050315 6136.43282303 3658.00056641 4230.05687097 4588.82862108 3700.78704404 7879.78540292 7459.11345034 6392.82141022 2637.00634638 6417.74150665 5547.20026965 4514.71013971 2619.31310904 8517.17299974 7723.90626591 8597.71403669 2669.27441494 4639.24494594 7096.95692352 7797.20851105 5851.01110362 7661.83147948 4159.92901846 7431.92983739 5512.53264772 3376.87726479 2010.27104938 8192.11477851 5837.54634796 8294.47957507 5470.88623144 6473.04719127 4187.24209158 4242.8156495 2811.06505796 3186.68589633 5083.89703799 7606.49776038 1097.43908609 5369.01330681 7534.83160395 4838.4272058 5640.79778181 5467.3513011 525.225610981 7088.187656 2764.45022734 8113.46358039 6789.87973606 5566.92189412 1362.16711229 5601.64938991 8198.21081772 5318.67602634 2698.62751849 5524.09745104 7055.04278738 7726.42775938 4491.37481366 4906.87272747 4284.25122956 7957.05861146 1832.50199769 8268.41528111 3529.34691645 7712.97571692 7967.92925223 4951.31316289 8866.97724413 4830.9397661 2782.60827162 3488.06434587 5505.1951582 7806.90564433 3788.59910686 6564.54714164 5752.28322712 3100.87390118 5141.05986199 4840.92169077 4077.80955655 2988.87622352 6903.17833725 5435.06780334 2212.42353611 6730.35880152 8288.57324852 7541.69587565 5564.54546112 4706.22784103 6299.21078991 7968.58996153 7771.12227696 5184.78307149 8444.35672383 8350.84935502 7207.28137288 3690.13119532 5484.34332638 5659.4895127 3716.29719552 5266.03261574 745.733096888 5603.97679927 4881.05485689 6210.52270255 2375.35086854 5094.33978377 2543.00337364 8408.2915275 5334.66188646 2275.89385962 4029.9015737 5111.05633307 7951.85295017 3945.99607981 3419.6229979 5921.70251951 4856.55461849 8000.1206217 7845.2303626 7805.69410612 5038.72540416 5931.67503132 5227.66459143 4461.71510509 6182.26961386 8211.53436024 8148.25752119 5556.89469796 7597.08651817 4379.57878152 5745.95516735 4048.1704725 7137.41421761 5862.59470729 5440.85063278 4958.58915791 5567.69595825 5681.93761663 7326.35222863 8444.15893057 5524.19998223 5077.77853665 3803.90135372 8070.48013339 5754.72373345 3417.14501424 7759.45767664 7831.02662132 5725.6226358 4996.51154578 5544.1396139 7497.34229185 6231.13454226 8187.12666156 5367.48631286 7765.82239775 5710.44773904 7589.50285006 5825.1757682 5451.03970712 7322.80914563 2605.9718644 7845.89883046 2981.5109492 8624.37193831 4264.25074751 7996.38042091 2960.52500506 5953.35461819 3784.16189181 5828.2011646 7978.98938509 1048.64199959 8992.09789286 4559.30202612 4701.84601792 4765.24371395 8190.00856046 2786.32016706 4413.47119517 6364.07535665 2026.55533165 7343.80745585 4592.52379872 5289.29518654 4932.9822654 4893.82256378 5459.49547338 4036.03423849 3205.86553747 3066.54570717 5111.47846753 8389.03406306 3304.51148519 4115.1385398 3846.90826551 6820.6777279 8441.5239014 6251.50262791 869.802010063 5653.36054385 4740.69946023 3702.25737437 4879.36682163 5972.98360249 7682.08315176 2478.18989799 3024.57064598 8171.52621912 6665.47011269 6293.32279392 1732.62681792 2554.22432867 3692.41250124 7614.51012973 2642.38808976 8106.85656363 4663.50256931 3805.37797223 5904.53082437 7698.41706598 6956.38527318 4859.19740421 5100.79832036 6681.44574153 8074.5166138 5840.22775849 5829.02993855 5835.88557237 6187.47692144 4916.09248888 5445.45747356 4739.03482694 8015.41520526 1971.7785101 4999.59306419 3908.32650157 5353.68648959 7737.69544381 5470.70984705 4551.85882837 4239.87791757 4001.38445639 2079.33147532 3938.62272693 2893.33053243 1663.83691739 8273.12880578 7241.47944569 5346.66346715 8430.57710115 7958.71031127 5693.22184317 7187.70164067 4530.72457895 5830.52489898 7816.20349571 5773.13942097 5878.81665623 8156.2170686 2937.28020465 4079.00356497 3859.63443444 7910.22818618 2807.17007839 7656.14463175 7897.85261526 8162.55066212 5493.51355682 5668.52225598 5175.48667957 8291.47505274 6194.11382675 3067.49591741 4584.05791398 4776.94633055 5695.35292168 5582.98426186 8130.09803754 6870.73061784 5321.44366156 5445.30383655 4276.84274422 8203.21995734 8628.18392363 6895.26313882 4788.24847588 4414.11575065 8260.26695584 8104.67407567 1824.65456854 5433.34077617 8283.16917595 7891.01972332 3160.11139505 7583.06821821 6222.99072403 3764.77493096 6537.54889654 7141.2784259 7915.59941849 7922.91042354 4588.82862108 8034.76319429 4695.06652021 7361.52347366 7458.29474392 6853.63384932 6498.16700789 5784.88191271 7866.93649026 3424.79880719 7327.31204866 4335.47965255 7558.42746365 4074.44503944 7538.93974864 7631.12255216 6557.8905273 8309.88177404 6582.96292937 7535.08187053 909.197142349 8023.80498774 5216.31883771 8017.60377597 8096.41107542 6507.29712853 8025.29805856 5880.36054025 7100.49914632 5940.59393953 8160.33591178 7861.26523898 7336.54964517 6049.47503275 3214.14127482 5860.12579198 8399.97729414 4900.44073772 7872.40700304 7377.95075024 7961.5210312 8217.48663708 7352.45712794 5090.43185801 7838.32812571 7040.73484561 5473.21420574 4777.82788784 8152.95114508 5955.68662502 4288.00875122 2517.11611465 3126.154482 7386.79450452 6193.50578337 6164.53046938 5266.9021221 4441.44223392 5309.77811621 3499.8862535 5797.88172696 5839.48522572 5723.95288525 5781.2164386 6855.212585 5740.79244372 3714.76931655 2354.54557013 7962.60151773 6117.26569238 8099.02831008 3079.04323042 2899.8812599 7427.14112911 6192.62242168 6595.72415751 6977.29761202 8026.67148896 5830.61594274 7948.96096378 8255.94054662 7682.22364499 2168.26381281 8003.15890713 7016.40604272 3192.16451033 5688.25281807 8167.38935352 5584.8963938 7907.11981227 7752.99736364 7982.08915846 974.550200943 5044.12478225 6402.74909512 7553.93878199 8150.99550732 5563.90632638 1553.8822833 7578.5413746 6858.35684564 6222.67288315 8037.78924175 8216.65547943 2446.76433022 8229.09115582 8196.45181581 8369.80502308 7332.19568517 6129.3473303 6800.94064172 4454.28850217 7862.99926209 7924.86106984 6502.1795784 8268.48473424 8592.55656471 7526.19126944 2564.09458632 797.067503478 7431.29360471 7828.02396651 4947.14847076 5705.77067446 8346.76818262 2620.0157086 6240.36458151 2161.74195886 4709.12312282 7342.23260794 8314.4917292 7680.98994848 7548.46645142 5470.01404133 6503.10070835 4814.35951678 2999.09893775 4452.12091855 1295.05374625 2856.17996839 5668.20358016 2825.72847596 7748.08617335 5790.19961029 7534.40371476 7813.83326527 4435.69653479 8211.06503313 7108.34243077 8502.90895941 3757.2609122 7706.21218436 9194.41480236 6487.69098901 7988.45023629 4441.7568439 6171.01545445 5416.27220008 3536.07431215 8371.87664903 5593.36802757 7599.03940098 4384.98747273 7851.60107281 7708.48006144 4100.63296336 8290.14934693 6467.20637196 7776.10021341 3933.68513411 7835.49701289 3579.05121089 5929.65765084 4209.19236964 3941.115008 8709.67411547 8286.95272245 8003.74229218 7727.84471153 5537.45267838 7325.38272509 2494.61001287 8492.31027924 8223.09738693 8338.64777129 6226.63861137 7455.08096996 835.120557561 5841.48464874 5548.091858 2941.4206291 7816.17840135 4000.10034547 332.18120177 2543.65453727 4997.49249579 6234.70651471 4674.69374368 2514.20500466 5677.56250815 7571.68671076 7563.29167362 2806.26634354 5638.51558735 7978.70806207 3185.51933288 8397.7472117 5362.337294 7363.30347541 8175.79641273 5359.72514121 695.554540419 6100.93516841 5661.4937222 7905.66894909 5537.13033139 5072.2704581 7833.31989286 8258.13557924 8327.80574761 6136.56876447 8409.66150982 7279.29283125 3116.40967952 3837.47881403 4151.19975138 7891.2312644 1430.16183069 3817.23897946 7884.51318922 5379.29686095 9254.64419731 8179.24514946 8653.80127153 6175.66951821 7955.99239268 2667.88686131 7548.10011388 5693.40484352 6530.41083383 8198.47103681 3934.25747438 4124.56893203 7690.55874749 5019.49422762 8324.70083153 4734.99118197 5039.08868023 7758.5646986 4584.05791398 6283.90191373 1818.76366263 5067.86404311 4688.89668643 7343.02289727 5844.02865317 5703.8592623 5390.84187579 5793.27568904 8237.21216176 4622.46701804 1730.02706313 7604.94521945 5792.08767226 5332.54096377 7503.67572913 5075.40106937 7033.00976209 2714.35000924 5461.04827557 7821.28234584 5360.66771031 2982.05517573 8851.23927836 7802.66005547 7313.80322214 7214.2193803 8135.18432537 8116.1282489 6131.50982005 7784.01889764 8341.06620597 3711.98147147 8295.97536429 7885.88614416 7479.78108817 5020.66504112 7709.39307718 7824.90896462 4523.99600152 7840.26553773 8410.04893774 7311.23535881 5568.95948551 8245.63036528 2736.50326971 8470.11147178 8411.42462378 8220.96880585 8088.5425122 2472.54163672 4777.27693098 8106.28151757 8165.62324444 7121.77501009 2091.68738555 5592.28946731 4616.44188916 8004.18025975 3700.20816528 5647.79837693 3276.94293322 5687.57648718 7512.50217828 1907.533259 7602.83538671 5838.75124105 5930.77541916 8073.0385839 4529.46543256 5135.87819799 5315.29795578 7959.27153405 8072.11295704 2976.99502111 5350.25568399 5033.69531997 7665.87702776 7645.46113823 8329.6513754 7528.20891987 7933.72254939 8481.59961303 3376.76215584 7439.33871148 7662.53639151 5878.00928753 2744.36053804 825.678392147 5968.47632508 5233.10602152 6141.29727512 7775.24948564 7719.66483244 7869.12494843 814.539039492 5560.77595313 5510.4537571 5619.68619351 6381.52751833 5528.91034066 680.58470073 7785.33266431 2892.63749458 8303.01590364 4301.38739156 1118.4070393 7692.27812179 9631.57003209 3932.51856586 2589.17661247 2724.97887932 7903.02413668 1157.85721745 5303.88404941 4377.0427232 8637.86355367 7744.96819963 2293.32521284 6557.60668434 5447.41351373 8105.15794437 8216.54039865 3355.87861754 8269.42032903 4921.68963443 8520.49036924 5738.13671954 4156.057943 7042.50956789 8789.8014328 8119.16386217 5096.96717902 6234.96893081 7622.70847853 5213.63208492 5849.53357771 5595.10962088 4289.90257096 2444.35878808 3405.90007607 5556.46036705 4928.9860855 8088.12523512 8239.73094033 7711.62691933 4018.1944374 7788.41735567 5278.59060416 2268.53244682 6967.38116594 8261.8843056 9028.5404523 7568.12905269 5735.21307516 4242.41976676 5360.97728596 7875.80086543 7589.00290763 6808.28487413 8102.19953651 7115.12460119 8016.96172362 6305.70069139 3502.57168512 7342.86179879 7987.17442553 5544.10159299 7704.84524976 7244.30463697 8244.35095516 4313.28439007 7898.39675999 4436.9615615 5976.84360532 2507.23775797 2052.7613711 7951.53366337 8111.26838355 4734.9766258 4765.19345549 8205.11740067 6159.7421963 5210.73813218 2501.46426244 5175.32356318 5407.35252497 5450.11861802 7605.77810416 8007.10043511 5938.74015701 8820.63969558 5985.42444795 8505.72694238 8165.79550472 4414.35757596 5594.91435466 8054.74206517 2420.26034 8303.62058573 5168.64698355 4965.64183479 8062.24004111 2490.88070837 7880.60537959 2596.60858079 2398.823188 8405.96366564 1371.89173539 8480.32935234 5580.67701743 5628.14127376 7656.2157929 6944.55808323 5511.51207572 3886.52944105 8273.17606277 8572.87502635 5004.84265431 3549.24388267 5020.66504112 8633.83745615 4488.07295543 2797.2296731 1067.41627322 1157.34547268 4119.71516122 3617.53411741 5721.0483806 3813.48824443 2396.80854413 8434.65967145 8695.85801738 8566.42107319 7973.23642579 2840.66779107 8326.11982047 7808.61561306 8651.30700485 8181.78876644 3609.01280501 7571.37049611 6467.06767517 8157.05502742 5794.73509414 7916.69139686 7686.92748596 5361.29554898 1258.83412319 8007.73823375 7417.06459347 5461.03495445 5297.2371828 2097.80499686 8688.62012973 8279.81019094 4529.46543256 6992.73592155 2727.46047062 8352.08497588 8040.08384222 8610.17558316 5674.23037458 8048.73867449 7481.92251702 8672.8497938 8894.20868273 7119.7428817 7965.73993477 7482.0096256 5582.10980165 8082.53913223 7734.97059621 8227.79696002 8088.74532622 7947.21310132 7626.30445122 8276.83886233 8515.46756279 2933.78950141 5098.8628004 8489.2180224 8969.8765219 8094.19935603 3248.31749957 5560.91092511 7616.22141528 1885.18633 3716.88009809 7464.4034264 5718.73800489 7685.15538166 7893.57126969 5540.4679422 6088.31732927 8206.66634972 3607.58878206 5915.05945217 2189.55723948 8375.90689823 664.527085822 7897.40613356 7628.81929451 7482.3823274 6184.7247798 7743.19789293 7600.17910876 8530.82771045 7398.56319159 8088.35138133 7791.09168253 8420.41343416 8875.31622769 7817.39872886 8121.80325269 8254.45534802 4748.42362758 5882.84005732 8028.11280088 8685.85868689 6243.33787007 8581.23122245 5595.6610963 8141.90431197 1554.76454138 5876.81718164 1501.36334834 3172.89226102 5002.47273041 8193.29401966 7948.85652235 7863.66527453 5045.1038171 8378.46398446 8583.7397257 7747.42136852 6225.35011569 2677.14074337 4488.80727329 8441.76619157 2095.3160088 7573.54512589 7078.227212 8954.93572357 2318.19791464 8038.73623769 8305.73593127 7772.16667593 9089.27355101 4739.08090289 7814.67502706 7084.88565376 8557.01369454 7848.280561 7550.84120395 6170.66258479 4959.79463528 4928.5909203 7690.62004298 2633.87337255 8681.43658858 7665.60073554 7665.60073554 7534.37108605 5820.87783693 6947.36297416 8310.45019283 7963.68040229 8055.46674795 5907.12578188 8331.09446723 7467.19900372 8152.97133922 1997.33447606 7918.75298103 2446.21060605 8808.77260697 8460.50220055 2189.55723948 4632.97698843 8230.71438296 9079.90069721 4212.6239771 8177.21558285 4993.97289446 3701.67293483 7607.62413842 2639.74933136 7946.67864991 8978.50037017 6840.70818517 8492.38280826 8016.99536532 7799.06740131 8059.57393168 4908.25264371 7823.58283696 8659.2206089 5033.9346051 7866.29668358 8092.20554224 2490.78207955 8373.2177705 2849.35304591 5096.96717902 3146.68869304 9082.34457135 8096.85033925 8151.10691652 7757.07397161 7897.40613356 7035.71222494 2661.07373905 7684.51315467 7977.60173581 8464.06049913 3230.76933136 5069.16027614 8392.47451837 9712.74802299 3771.90493879 8149.80074875 4710.94151723 7688.16038827 8768.14776389 8059.63758253 3047.19252273 7846.26797883 7482.65254101 7376.89618569 8141.7747263 8012.4412949 7798.24123436 8409.872553 2364.77037082 5359.72514121 2152.40478259 7576.13625724 8282.12628339 5915.39128206 5235.98274837 3036.80215557 8465.1193322 2559.24946067 8456.49327355 7392.31926795 5336.98835343 7568.29716176 5498.65649291 1903.42793007 7537.73539194 7997.31724479 7753.65947615 7991.74211841 8378.99932409 5159.62064816 5557.48883249 2983.37855682 8886.50926058 7899.91393467 2303.51767722 8588.31155372 2373.33122899 7743.82690321 5045.1038171 8091.42563054 2310.13287693 8186.42008639 8180.45537685 8177.50297035 8756.44676365 7812.47483713 8577.14508101 6942.3249691 8078.13867671 8733.73597614 5020.66504112 8215.75296574 4908.25264371 7831.01184822 7987.58084472 8107.30273688 5676.29542292 5359.72514121 5664.9184666 8017.11089566 7340.19762873 8925.81537341 8249.32763974 6738.3262675 8201.14388419 3488.89090829 8359.37544312 2095.3160088 3351.58714635 8088.31674789 8585.59101537 5104.81854047 4301.59652731 8008.44179279 8625.7492729 8008.14800346 5096.96717902 7933.07955616 7591.48734868 8480.20335353 8499.94100279 8172.81939606 8618.07504159 8373.22266127 8885.2729251 5588.79189334 8690.43761567 8172.14793384 8490.50704265 8807.45882418 7628.96547458 8824.8650207 8194.14833327 8141.58223952 6432.78626575 7931.90983662 8227.25836497 5487.82118316 8344.70508526 7546.13561932 8631.82679918 5593.36802757 7905.5388674 7949.906496 7988.18901644 8061.16352494 5191.64505966 8319.27139689 8075.17376512 8996.41288386 8616.57032688 8295.64716442 8163.52076109 8195.05060405 7975.64563406 7401.13679825 6883.80317866 8091.74243719 6850.91720156 8828.61265457 5159.62064816 8521.32609129 5624.26494137 7793.05295345 8077.95068641 7628.10802246 8628.74743776 8347.66300836 8787.11086868 8485.97835537 8913.16106083 5593.36802757 8646.75666688 8128.11940387 8302.91787434 8668.03970135 8409.91390455 8125.00024081 8189.74206221 8339.11027342 9622.05812808 8506.75479887 2643.31719405 8187.49163546 6609.73800347 7972.80225075 8059.63758253 8022.72086471 7990.66341687 8250.13507234 5128.82428589 8430.29717992 8783.35002889 7637.66166194 4305.41854173 8462.48718262 8166.4672413 5045.1038171 8343.33825786 8999.7386436 8757.68553022 8382.04755431 8865.98632203 8604.01100294 8073.94135489 8137.47691269 7945.94248484 8815.95250352 8013.08916417 3925.08672677 8793.32171366 7464.79638619 8602.90718413 8580.63638947 8183.19028076 5042.79246873 7966.49226115 8573.62491996 7817.08648746 8817.48638291 6075.2367441 8322.74157035 7661.53237544 9166.8176929 8617.41480389 7797.82339719 7164.1981442 8053.29675039 8670.29515864 8171.23177236 8705.36971029 7846.26797883 6520.56723379 8960.83787701 7777.81978591 7932.92174161 8347.24584408 7600.00900254 9166.61797642 8473.96526744 8573.22574358 8560.73732907 8181.07979077 8107.75793703 8101.43009982 7280.33379358 7979.13122402 9256.45142571 6406.46453481 9166.65551059 9634.69285451 2290.61239525 8370.1406733 5089.9119382 7773.70844576 9008.8481206 2375.35086854 8657.58842393 9353.64511859 7615.4864846 8688.9493289 8069.9493499 8820.29624131 2189.55723948 5233.75618739 7941.47114012 8252.20145477 7783.18099385 8926.58684709 5233.75618739 8121.5842836 9231.53726459 8396.66287258 2684.97352794 8937.76196875 7659.24405213 8027.1469052 2188.29235571 8066.5491155 8087.92357791 8161.96707459 7509.76230077 8634.61591273 8613.18819911 5055.409452 8983.47099602 8992.53091413 8711.21427047 8136.11322764 2132.02232191 8858.71273334 8021.67942017 8560.79475514 8641.88099541 8295.07250524 6772.2833982 8094.91842418 8305.52583644 7985.2650493 8444.19852088 2375.35086854 7780.55884423 8186.9380756 8641.32557089 4894.17926653 8787.36754887 8673.89375875 7941.2561652 7664.40839758 8922.39026823 5086.30382927 8495.86338474 5281.85651195 8969.80115887 8858.77166436 8601.58279557 8095.07631581 8054.49833468 8574.85232596 2275.8942802 8803.15159724 7788.04985083 2944.64297349 8428.95121033 8060.80464802 8507.21571186 8273.06107314 8578.10212834 8364.80103838 7875.40220929 8656.01776764 2672.96179094 8042.03232774 2633.87337255 8673.26624127 2633.87337255 8688.16623598 8237.23991607 8787.15365559 9124.32420085 9148.10598371 8979.16211993 8224.57232348 2095.3160088 8199.10492715 9423.92898058 9064.81434901 8591.98638009 8026.59381173 9147.77287671 8048.73867449 7920.11608999 8961.39258442 5359.72514121 9459.14046033 9221.77746341 8781.60255544 8400.88809523 7824.41960745 8434.89118041 7965.6476859 7973.01977669 7723.94423102 8077.95068641 7853.20899793 7880.69579514 7860.61556886 8897.69953673 9116.99858421 5062.42455642 9134.99660616 7636.32721883 8835.67083299 5159.62064816 8480.52658043 7800.01966498 9017.00909324 8782.72906486 5371.27855379 8515.36812557 8169.73896895 8644.76962521 7795.82826259 8930.08640759 8451.14605682 7978.6618465 8773.59320124 8049.35960367 8354.54476864 8653.04775377 8806.87197784 8213.55724503 7665.60073554 7768.71245627 8192.11244335 8031.06340132 7876.58124214 7690.53568265 7846.26797883 8341.27494619 5233.75618739 7941.18459238 8059.63758253 8844.60305459 8739.15310602 8676.87025002 7967.36530888 8199.10492715 5077.62442994 7832.56670662 7897.40613356 7848.62899656 7725.49855577 7797.53956276 8506.75479887 8070.4740289 7945.94248484 8138.73279171 7925.42862952 8054.49833468 7948.82419349 7977.60173581 4739.29174684 5734.97210633 5630.61025917 5211.34134112 7721.47907693 5462.85729975 7716.25640214 8322.63545028 5393.1853147 4732.52182028 5705.13185876 5188.22432361 5566.02914081 5664.53170117 6036.82728677 7788.27240711 5007.55895983 5547.22694886 5426.84226706 5360.44907497 5414.94454208 5410.07092614 5621.42907472 5514.32004818 4962.47841743 3975.81974389 5588.2189535 5368.10433267 5412.9310775 5686.07359702 2974.31993712 4073.84798857 2633.87337255 3027.22447261 7295.08070186 5992.35268043 6608.17181567 5746.63975066 6693.21413746 5348.72400361 7930.50007818 7430.60811758 6438.16775914 7970.6163354 7333.6109859 5768.49407098 7211.53661479 5317.69461129 7768.55841813 7441.92022275 7194.51413371 6958.57369952 6400.54076435 7936.23489093 8360.02192988 7470.29355933 7199.24922729 7401.05296883 2196.68471361 2134.16583597 3211.6658262 2495.0923265 4193.45918645 4573.16028333 5858.75195753 4025.49404079 5711.90486551 5603.94115612 5829.35221336 6048.51439311 4325.90567004 4840.09677919 5671.1707151 5568.41671915 2096.70411294 2036.10912268 5934.3863771 5753.08075455 8063.34458805 7862.04605132 4987.51134261 5923.74009795 7947.38747292 5992.49926502 7530.98104023 6749.81520059 8305.28717829 6293.65281589 5664.20157986 5424.8482326 4648.36419167 4456.33344063 5432.96889146 3887.28675575 2680.09326339 5799.20943568 5798.03475887 3615.7069172 3680.44338662 7013.25814359 8092.35722087 7285.86812152 5973.10986995 7461.68868898 7604.30775965 5104.25150656 5307.3718462 2735.6086258 3239.66928286 5092.70118522 4396.42536374 8233.23499396 8196.11612339 7791.29678015 7486.27061157 7135.73499358 7243.85544854 5703.45379589 6032.38539527 6429.49536121 5487.78367471 6136.87855959 5764.18057759 7595.51894568 7577.67933842 8491.70196547 7800.01966498 7505.51071309 5844.53462627 6206.23498275 7296.29701248 7698.08034758 5707.03521359 8192.11244335 8369.05437011 3948.89518899 4880.4366771 7260.58973891 8122.89474231 6633.40039775 6606.46935907 4768.64520211 4717.49999603 2991.36140473 2677.4705087 8296.76621478 6931.95776496 7914.60425712 5808.76763568 8520.70069236 8723.02444978 7501.22509755 6079.62082859 8211.64078982 6300.20818382 8196.25879331 7978.6618465 6098.09116842 5894.89166338 6479.6878603 7743.74361652 5159.62064816 7152.32254723 6476.74786891 6058.242877</DataArray>
        <DataArray type="Int32" Name="HasVonMises" format="ascii">1 1 1 1 1 1 1 1 1 1 1 1 1 1 1 1 1 1 1 1 1 1 1 1 1 1 1 1 1 1 1 1 1 1 1 1 1 1 1 1 1 1 1 1 1 1 1 1 1 1 1 1 1 1 1 1 1 1 1 1 1 1 1 1 1 1 1 1 1 1 1 1 1 1 1 1 1 1 1 1 1 1 1 1 1 1 1 1 1 1 1 1 1 1 1 1 1 1 1 1 1 1 1 1 1 1 1 1 1 1 1 1 1 1 1 1 1 1 1 1 1 1 1 1 1 1 1 1 1 1 1 1 1 1 1 1 1 1 1 1 1 1 1 1 1 1 1 1 1 1 1 1 1 1 1 1 1 1 1 1 1 1 1 1 1 1 1 1 1 1 1 1 1 1 1 1 1 1 1 1 1 1 1 1 1 1 1 1 1 1 1 1 1 1 1 1 1 1 1 1 1 1 1 1 1 1 1 1 1 1 1 1 1 1 1 1 1 1 1 1 1 1 1 1 1 1 1 1 1 1 1 1 1 1 1 1 1 1 1 1 1 1 1 1 1 1 1 1 1 1 1 1 1 1 1 1 1 1 1 1 1 1 1 1 1 1 1 1 1 1 1 1 1 1 1 1 1 1 1 1 1 1 1 1 1 1 1 1 1 1 1 1 1 1 1 1 1 1 1 1 1 1 1 1 1 1 1 1 1 1 1 1 1 1 1 1 1 1 1 1 1 1 1 1 1 1 1 1 1 1 1 1 1 1 1 1 1 1 1 1 1 1 1 1 1 1 1 1 1 1 1 1 1 1 1 1 1 1 1 1 1 1 1 1 1 1 1 1 1 1 1 1 1 1 1 1 1 1 1 1 1 1 1 1 1 1 1 1 1 1 1 1 1 1 1 1 1 1 1 1 1 1 1 1 1 1 1 1 1 1 1 1 1 1 1 1 1 1 1 1 1 1 1 1 1 1 1 1 1 1 1 1 1 1 1 1 1 1 1 1 1 1 1 1 1 1 1 1 1 1 1 1 1 1 1 1 1 1 1 1 1 1 1 1 1 1 1 1 1 1 1 1 1 1 1 1 1 1 1 1 1 1 1 1 1 1 1 1 1 1 1 1 1 1 1 1 1 1 1 1 1 1 1 1 1 1 1 1 1 1 1 1 1 1 1 1 1 1 1 1 1 1 1 1 1 1 1 1 1 1 1 1 1 1 1 1 1 1 1 1 1 1 1 1 1 1 1 1 1 1 1 1 1 1 1 1 1 1 1 1 1 1 1 1 1 1 1 1 1 1 1 1 1 1 1 1 1 1 1 1 1 1 1 1 1 1 1 1 1 1 1 1 1 1 1 1 1 1 1 1 1 1 1 1 1 1 1 1 1 1 1 1 1 1 1 1 1 1 1 1 1 1 1 1 1 1 1 1 1 1 1 1 1 1 1 1 1 1 1 1 1 1 1 1 1 1 1 1 1 1 1 1 1 1 1 1 1 1 1 1 1 1 1 1 1 1 1 1 1 1 1 1 1 1 1 1 1 1 1 1 1 1 1 1 1 1 1 1 1 1 1 1 1 1 1 1 1 1 1 1 1 1 1 1 1 1 1 1 1 1 1 1 1 1 1 1 1 1 1 1 1 1 1 1 1 1 1 1 1 1 1 1 1 1 1 1 1 1 1 1 1 1 1 1 1 1 1 1 1 1 1 1 1 1 1 1 1 1 1 1 1 1 1 1 1 1 1 1 1 1 1 1 1 1 1 1 1 1 1 1 1 1 1 1 1 1 1 1 1 1 1 1 1 1 1 1 1 1 1 1 1 1 1 1 1 1 1 1 1 1 1 1 1 1 1 1 1 1 1 1 1 1 1 1 1 1 1 1 1 1 1 1 1 1 1 1 1 1 1 1 1 1 1 1 1 1 1 1 1 1 1 1 1 1 1 1 1 1 1 1 1 1 1 1 1 1 1 1 1 1 1 1 1 1 1 1 1 1 1 1 1 1 1 1 1 1 1 1 1 1 1 1 1 1 1 1 1 1 1 1 1 1 1 1 1 1 1 1 1 1 1 1 1 1 1 1 1 1 1 1 1 1 1 1 1 1 1 1 1 1 1 1 1 1 1 1 1 1 1 1 1 1 1 1 1 1 1 1 1 1 1 1 1 1 1 1 1 1 1 1 1 1 1 1 1 1 1 1 1 1 1 1 1 1 1 1 1 1 1 1 1 1 1 1 1 1 1 1 1 1 1 1 1 1 1 1 1 1 1 1 1 1 1 1 1 1 1 1 1 1 1 1 1 1 1 1 1 1 1 1 1 1 1 1 1 1 1 1 1 1 1 1 1 1 1 1 1 1 1 1 1 1 1 1 1 1 1 1 1 1 1 1 1 1 1 1 1 1 1 1 1 1 1 1 1 1 1 1 1 1 1 1 1 1 1 1 1 1 1 1 1 1 1 1 1 1 1 1 1 1 1 1 1 1 1 1 1 1 1 1 1 1 1 1 1 1 1 1 1 1 1 1 1 1 1 1 1 1 1 1 1 1 1 1 1 1 1 1 1 1 1 1 1 1 1 1 1 1 1 1 1 1 1 1 1 1 1 1 1 1 1 1 1 1 1 1 1 1 1 1 1 1 1 1 1 1 1 1 1 1 1 1 1 1 1 1 1 1 1 1 1 1 1 1 1 1 1 1 1 1 1 1 1 1 1 1 1 1 1 1 1 1 1 1 1 1 1 1 1 1 1 1 1 1 1 1 1 1 1 1 1 1 1 1 1 1 1 1 1 1 1 1 1 1 1 1 1 1 1 1 1 1 1 1 1 1 1 1 1 1 1 1 1 1 1 1 1 1 1 1 1 1 1 1 1 1 1 1 1 1 1 1 1 1 1 1 1 1 1 1 1 1 1 1 1 1 1 1 1 1 1 1 1 1 1 1 1 1 1 1 1 1 1 1 1 1 1 1 1 1 1 1 1 1 1 1 1 1 1 1 1 1 1 1 1 1 1 1 1 1 1 1 1 1 1 1 1 1 1 1 1 1 1 1 1 1 1 1 1 1 1 1 1 1 1 1 1 1 1 1 1 1 1 1 1 1 1 1 1 1 1 1 1 1 1 1 1 1 1 1 1 1 1 1 1 1 1 1 1 1 1 1 1 1 1 1 1 1 1 1 1 1 1 1 1 1 1 1 1 1 1 1 1 1 1 1 1 1 1 1 1 1 1 1 1 1 1 1 1 1 1 1 1 1 1 1 1 1 1 1 1 1 1 1 1 1 1 1 1 1 1 1 1 1 1 1 1 1 1 1 1 1 1 1 1 1 1 1 1 1 1 1 1 1 1 1 1 1 1 1 1 1 1 1 1 1 1 1 1 1 1 1 1 1 1 1 1 1 1 1 1 1 1 1 1 1 1 1 1 1 1 1 1 1 1 1 1 1 1 1 1 1 1 1 1 1 1 1 1 1 1 1 1 1 1 1 1 1 1 1 1 1 1 1 1 1 1 1 1 1 1 1 1 1 1 1 1 1 1 1 1 1 1 1 1 1 1 1 1 1 1 1 1 1 1 1 1 1 1 1 1 1 1 1 1 1 1 1 1 1 1 1 1 1 1 1 1 1 1 1 1 1 1 1 1 1 1 1 1 1 1 1 1 1 1 1 1 1 1 1 1 1 1 1 1 1 1 1 1 1 1 1 1 1 1 1 1 1 1 1 1 1 1 1 1 1 1 1 1 1 1 1 1 1 1 1 1 1 1 1 1 1 1 1 1 1 1 1 1 1 1 1 1 1 1 1 1 1 1 1 1 1 1 1 1 1 1 1 1 1 1 1 1 1 1 1 1 1 1 1 1 1 1 1 1 1 1 1 1 1 1 1 1 1 1 1 1 1 1 1 1 1 1 1 1 1 1 1 1 1 1 1 1 1 1 1 1 1 1 1 1 1 1 1 1 1 1 1 1 1 1 1 1 1 1 1 1 1 1 1 1 1 1 1 1 1 1 1 1 1 1 1 1 1 1 1 1 1 1 1 1 1 1 1 1 1 1 1 1 1 1 1 1 1 1 1 1 1 1 1 1 1 1 1 1 1 1 1 1 1 1 1 1 1 1 1 1 1 1 1 1 1 1 1 1 1 1 1 1 1 1 1 1 1 1 1 1 1 1 1 1 1 1 1 1 1 1 1 1 1 1 1 1 1 1 1 1 1 1 1 1 1 1 1 1 1 1 1 1 1 1 1 1 1 1 1 1 1 1 1 1 1 1 1 1 1 1 1 1 1 1 1 1 1 1 1 1 1 1 1 1 1 1 1 1 1 1 1 1 1 1 1 1 1 1 1 1 1 1 1 1 1 1 1 1 1 1 1 1 1 1 1 1 1 1 1 1 1 1 1 1 1 1 1 1 1 1 1 1 1 1 1 1 1 1 1 1 1 1 1 1 1 1 1 1 1 1 1 1 1 1 1 1 1 1 1 1 1 1 1 1 1 1 1 1 1 1 1 1 1 1 1 1 1 1 1 1 1 1 1 1 1 1 1 1 1 1 1 1 1 1 1 1 1 1 1 1 1 1 1 1 1 1 1 1 1 1 1 1 1 1 1 1 1 1 1 1 1 1 1 1 1 1 1 1 1 1 1 1 1 1 1 1 1 1 1 1 1 1 1 1 1 1 1 1 1 1 1 1 1 1 1 1 1 1 1 1 1 1 1 1 1 1 1 1 1 1 1 1 1 1 1 1 1 1 1 1 1 1 1 1 1 1 1 1 1 1 1 1 1 1 1 1 1 1 1 1 1 1 1 1 1 1 1 1 1 1 1 1 1 1 1 1 1 1 1 1 1 1 1 1 1 1 1 1 1 1 1 1 1 1 1 1 1 1 1 1 1 1 1 1 1 1 1 1 1 1 1 1 1 1 1 1 1 1 1 1 1 1 1 1 1 1 1 1 1 1 1 1 1 1 1 1 1 1 1 1 1 1 1 1 1 1 1 1 1 1 1 1 1 1 1 1 1 1 1 1 1 1 1 1 1 1 1 1 1 1 1 1 1 1 1 1 1 1 1 1 1 1 1 1 1 1 1 1 1 1 1 1 1 1 1 1 1 1 1 1 1 1 1 1 1 1 1 1 1 1 1 1 1 1 1 1 1 1 1 1 1 1 1 1 1 1 1 1 1 1 1 1 1 1 1 1 1 1 1 1 1 1 1 1 1 1 1 1 1 1 1 1 1 1 1 1 1 1 1 1 1 1 1 1 1 1 1 1 1 1 1 1 1 1 1 1 1 1 1 1 1 1 1 1 1 1 1 1 1 1 1 1 1 1 1 1 1 1 1 1 1 1 1 1 1 1 1 1 1 1 1 1 1 1 1 1 1 1 1 1 1 1 1 1 1 1 1 1 1 1 1 1 1 1 1 1 1 1 1 1 1 1 1 1 1 1 1 1 1 1 1 1 1 1 1 1 1 1 1 1 1 1 1 1 1 1 1 1 1 1 1 1 1 1 1 1 1 1 1 1 1 1 1 1 1 1 1 1 1 1 1 1 1 1 1 1 1 1 1 1 1 1 1 1 1 1 1 1 1 1 1 1 1 1 1 1 1 1 1 1 1 1 1 1 1 1 1 1 1 1 1 1 1 1 1 1 1 1 1 1 1 1 1 1 1 1 1 1 1 1 1 1 1 1 1 1 1 1 1 1 1 1 1 1 1 1 1 1 1 1 1 1 1 1 1 1 1 1 1 1 1 1 1 1 1 1 1 1 1 1 1 1 1 1 1 1 1 1 1 1 1 1 1 1 1 1 1 1 1 1 1 1 1 1 1 1 1 1 1 1 1 1 1 1 1 1 1 1 1 1 1 1 1 1 1 1 1 1 1 1 1 1 1 1 1 1 1 1 1 1 1 1 1 1 1 1 1 1 1 1 1 1 1 1 1 1 1 1 1 1 1 1 1 1 1 1 1 1 1 1 1 1 1 1 1 1 1 1 1 1 1 1 1 1 1 1 1 1 1 1 1 1 1 1 1 1 1 1 1 1 1 1 1 1 1 1 1 1 1 1 1 1 1 1 1 1 1 1 1 1 1 1 1 1 1 1 1 1 1 1 1 1 1 1 1 1 1 1 1 1 1 1 1 1 1 1 1 1 1 1 1 1 1 1 1 1 1 1 1 1 1 1 1 1 1 1 1 1 1 1 1 1 1 1 1 1 1 1 1 1 1 1 1 1 1 1 1 1 1 1 1 1 1 1 1 1 1 1 1 1 1 1 1 1 1 1 1 1 1 1 1 1 1 1 1 1 1 1 1 1 1 1 1 1 1 1 1 1 1 1 1 1 1 1 1 1 1 1 1 1 1 1 1 1 1 1 1 1 1 1 1 1 1 1 1 1 1 1 1 1 1 1 1 1 1 1 1 1 1 1 1 1 1 1 1 1 1 1 1 1 1 1 1 1 1 1 1 1 1 1 1 1 1 1 1 1 1 1 1 1 1 1 1 1 1 1 1 1 1 1 1 1 1 1 1 1 1 1 1 1 1 1 1 1 1 1 1 1 1 1 1 1 1 1 1 1 1 1 1 1 1 1 1 1 1 1 1 1 1 1 1 1 1 1 1 1 1 1 1 1 1 1 1 1 1 1 1 1 1 1 1 1 1 1 1 1 1 1 1 1 1 1 1 1 1 1 1 1 1 1 1 1 1 1 1 1 1 1 1 1 1 1 1 1 1 1 1 1 1 1 1 1 1 1 1 1 1 1 1 1 1 1 1 1 1 1 1 1 1 1 1 1 1 1 1 1 1 1 1 1 1 1 1 1 1 1 1 1 1 1 1 1 1 1 1 1 1 1 1 1 1 1 1 1 1 1 1 1 1 1 1 1 1 1 1 1 1 1 1 1 1 1 1 1 1 1 1 1 1 1 1 1 1 1 1 1 1 1 1 1 1 1 1 1 1 1 1 1 1 1 1 1 1 1 1 1 1 1 1 1 1 1 1 1 1 1 1 1 1 1 1 1 1 1 1 1 1 1 1 1 1 1 1 1 1 1 1 1 1 1 1 1 1 1 1 1 1 1 1 1 1 1 1 1 1 1 1 1 1 1 1 1 1 1 1 1 1 1 1 1 1 1 1 1 1 1 1 1 1 1 1 1 1 1 1 1 1 1 1 1 1 1 1 1 1 1 1 1 1 1 1 1 1 1 1 1 1 1 1 1 1 1 1 1 1 1 1 1 1 1 1 1 1 1 1 1 1 1 1 1 1 1 1 1 1 1 1 1 1 1 1 1 1 1 1 1 1 1 1 1 1 1 1 1 1 1 1 1 1 1 1 1 1 1 1 1 1 1 1 1 1 1 1 1 1 1 1 1 1 1 1 1 1 1 1 1 1 1 1 1 1 1 1 1 1 1 1 1 1 1 1 1 1 1 1 1 1 1 1 1 1 1 1 1 1 1 1 1 1 1 1 1 1 1 1 1 1 1 1 1 1 1 1 1 1 1 1 1 1 1 1 1 1 1 1 1 1 1 1 1 1 1 1 1 1 1 1 1 1 1 1 1 1 1 1 1 1 1 1 1 1 1 1 1 1 1 1 1 1 1 1 1 1 1 1 1 1 1 1 1 1 1 1 1 1 1 1 1 1 1 1 1 1 1 1 1 1 1 1 1 1 1 1 1 1 1 1 1 1 1 1 1 1 1 1 1 1 1 1 1 1 1 1 1 1 1 1 1 1 1 1 1 1 1 1 1 1 1 1 1 1 1 1 1 1 1 1 1 1 1 1 1 1 1 1 1 1 1 1 1 1 1 1 1 1 1 1 1 1 1 1 1 1 1 1 1 1 1 1 1 1 1 1 1 1 1 1 1 1 1 1 1 1 1 1 1 1 1 1 1 1 1 1 1 1 1 1 1 1 1 1 1 1 1 1 1 1 1 1 1 1</DataArray>
        <DataArray type="Float64" Name="StressTrace" format="ascii">2714.25147144 -2536.41507562 757.573383776 -2960.84706404 -2088.5716649 -2241.57389392 -941.180308201 -31.2406981695 -1429.0903966 -4069.45446925 -2089.88988978 1802.44146837 301.868595982 -541.238699767 -108.992186056 1996.84196862 -1520.09414709 -566.55262776 -2044.35043639 -849.819150895 2568.89870535 -121.569413545 13045.0035976 1164.1219743 -3826.87860263 612.716167903 1844.4421177 2028.17792605 -77.2630483538 -86.0306166366 -1024.76239412 350.473221487 111.464286437 1308.65521784 3262.02299339 1387.89628588 -760.487035999 -2191.91165192 -2631.18410277 -6737.15649596 -1918.73097626 12.6596836989 -861.381906989 109.942550197 7634.10919221 222.597563588 2191.8753605 -2241.24422668 558.808538505 845.813759977 4422.4635729 788.862285359 -3371.15441536 -2185.06708796 -669.601722956 2310.10307791 416.907861126 -1123.27184293 -1062.92868218 1725.79198481 221.085187616 -468.112543607 2601.75308465 3266.19957237 -4564.41530407 391.897349113 4311.90501114 31.956142852 1631.24197418 1140.44944608 355.107748888 -2958.81658317 2123.94024479 -824.198997272 -127.1804529 700.15558942 -4307.50747595 -2622.7842148 10861.2542166 -1666.70715941 43.8562618342 467.039920331 951.002348976 3069.8452139 1814.79543959 1443.38417616 179.896646866 76.5739765363 2709.02453289 -89.893777416 5392.82172035 1033.48190732 -2808.10468244 2198.81848541 1014.80039928 286.221758286 2012.10782621 -719.689150581 2625.54011365 1834.15211094 1258.48070221 1172.96954197 3386.34205801 1004.93956913 -514.541492108 -3345.70454121 -1223.53176008 2299.54381219 1061.96702229 1051.91379094 1208.82552057 11760.3586035 -921.008296762 10000.4065039 -3148.87985013 -4371.81478206 -1195.86574218 323.694844837 80.4160967531 -108.210655517 997.044535388 139.853470253 2314.97330269 3142.86611616 -559.978826277 344.730924323 669.419146241 1328.86783806 607.600677374 -2064.84460525 -2143.18162875 -2692.94685248 274.506408402 -601.322394123 -2067.8643097 3515.04913923 2258.10725131 -70.2155778009 -179.01695669 -3955.93400064 517.963493095 2161.0837811 1820.70024837 6096.28086645 -1050.6628091 453.917416289 -2035.51159356 197.554513252 -1892.93779849 253.701202194 -4767.38452056 -1181.44760877 1010.67421756 -356.493026964 1485.96994672 431.297756453 -958.051256974 -143.293145715 3672.23213901 242.299611288 3067.31832726 725.096981494 1634.14296822 621.499243497 -960.214230199 -86.4593458639 -4380.63122886 -628.069898794 797.695078685 16.6420657823 -2141.68205193 5019.98749859 641.424240548 -762.461836792 -2251.86717573 3488.38160902 43.6478209912 2150.15294478 -1186.96662793 1981.88896526 -235.188949282 2790.68737474 2944.51992359 -720.254473632 674.476007643 3482.65843169 -2744.35153075 -1204.05485497 -931.551027303 327.072036032 1350.54343482 -1478.72403126 -1067.03127298 2383.08820062 -801.960225521 -223.52680571 5626.29731561 -7494.73121364 2961.05111762 4493.37490908 1848.00337225 -452.926711832 -886.272597554 -707.754647319 -2766.938627 -3580.05299144 -1356.41893565 -209.606097966 815.25565959 -1808.45286464 -410.325221845 -1709.35183093 -494.263262585 -3095.62520418 2614.74660786 1297.29300586 -5746.67802386 -5654.61677073 40.2713755545 -1459.12582393 1338.81553436 393.567365807 7624.08461355 729.708611133 -1021.91201151 566.687273616 -906.39351131 -227.093006132 -1123.1366073 -1555.15299576 -137.380321112 -2451.25001503 -184.263889375 -89.5193331705 1110.2718854 379.093569954 -817.607307093 -2248.45932528 -2381.36959869 -1192.49873947 -8424.12522401 -3077.49146187 -1516.86016191 -1611.57201266 -404.481087154 -1735.233597 -3486.38239558 1038.3611991 -2268.04786897 -2482.31995693 632.053790942 4312.91442386 1947.71730315 -1368.49295328 -2733.2112712 -1625.40194841 -2499.43074035 134.697372974 -1171.50661828 -1554.47994337 -889.796608792 135.792123298 -2106.99829523 -3080.93078529 257.067771577 -869.803651806 461.824007283 -1811.09867745 -161.264958688 -411.309151245 -2649.04099396 -694.119835926 691.876776617 330.567496034 -2435.67990089 -554.634815826 -346.367071855 922.641693893 -2359.18689047 -2660.67197061 2837.03407842 -96.3244242553 2160.57876985 548.094336322 -1325.82084805 -471.255774341 -416.782969367 1303.50063731 -2643.62359252 2144.83862428 1997.68035784 2182.57035646 -1328.26065921 -2731.95259203 -2419.69146143 9730.72991472 1080.08371694 -162.394063562 -1678.60150735 4317.47823267 -1719.11386714 242.312531569 1337.89657352 288.558356061 -3721.56020201 8670.76824107 8696.94446667 3201.40746846 675.369452509 1623.40382382 1740.87912221 2801.52674751 1522.6625833 548.054245605 -7920.00558294 166.160529005 194.861960734 -13039.854891 -1263.76737327 -2122.70601283 -660.420906858 -1467.83714386 2948.84929363 1770.97248062 2643.72144992 3180.71439235 345.139449511 1429.26028333 1332.91349526 332.776545128 1471.25862124 -1206.93753344 1479.12764026 62.7126399374 -2818.92479375 9187.34566226 3062.05702838 1764.87954294 -1242.49514257 -488.962942057 -1674.12172628 8265.67314063 -1136.35569522 595.365564812 -581.698584293 -1288.0535769 -315.760280386 -953.416071692 202.73658038 1065.82670964 -84.0355287067 1485.18596585 2483.50205533 1331.87970403 -2214.24458342 -885.953651484 -1532.67793714 2133.20760396 -2598.42891931 -9962.80560287 3.724201296 1874.44271321 -2781.60759557 831.458436277 3746.26598262 1559.70520628 2133.41661002 -1080.04703593 -3359.82094374 1161.0673111 1898.90443643 -86.5473485758 -503.451445045 5177.58116783 -189.363489789 -535.649042479 -393.070382742 -433.657610954 -217.494929447 1448.02687252 95.9505866247 219.354804053 -9504.66047886 1817.86072629 -1047.86325287 3269.43218334 450.289569761 2523.26630623 -881.039660038 -2978.39277239 1602.03368963 -3204.79687926 -3968.32196849 4901.19184134 112.767471787 -544.550063468 -3408.40895063 2968.19104517 5015.25041103 393.766986277 -149.253855967 -1751.79208823 3346.79097647 579.656176934 -721.898852065 -299.983089578 2170.73788829 -1218.46786838 3403.73966871 848.944703098 383.753163102 -337.294667806 -5295.14163156 2137.72663414 1566.58739045 -657.762059668 330.604195088 -3755.97432571 379.848539808 -847.333791794 560.4001435 -1050.20316391 -843.101766175 15.0233981391 -6633.10027654 -399.840807099 1988.46090326 -2758.32869571 1512.80298514 -1552.3245731 -1161.27715553 3252.59278947 710.99234632 -1480.47287744 -6278.53194832 3786.87351353 -603.504360794 571.923394832 -692.451985437 -2986.7593339 -158.632657203 -1559.54168889 831.141223163 47.1955811271 -1434.45251746 -6029.48820138 -762.571677686 943.30241635 -1283.65115814 3848.91134048 -315.470980119 -683.42387538 -150.403405616 -1137.47105071 -39.9300888442 -13787.9056988 2557.13870141 -666.598124404 2462.07578211 -1617.37753877 1786.11397175 827.781174749 166.147934395 -463.718788313 -530.199141474 1620.62392567 1227.17360395 2775.89970571 -4019.90404783 884.365228855 2970.5893518 -760.934553551 547.023802783 4433.10177744 -1335.31206185 1656.50675264 -5130.72524914 -847.764345242 625.348077452 929.470524025 -1175.92958058 -524.67410217 -3009.16813666 129.301251535 -1403.05890349 292.345652377 7743.03566237 3386.21978369 -186.814149674 -308.598407469 -5538.88243552 -1706.04443803 2144.72510421 743.667980859 2602.21788211 5340.10327552 -1264.38846749 1651.90411717 -280.25111363 -169.047840051 1991.72114782 -2468.41471646 7364.17717039 -667.078105056 2468.45484509 698.983258623 1077.92389849 -1673.80740748 -85.6761401922 -1691.10112341 2464.48287238 -2846.65571638 357.218748167 937.621316742 3504.19719991 2057.96456255 -919.252143116 527.663017187 -994.489452661 1583.12070928 900.55957617 -858.85624443 -170.813589134 -3085.38381488 839.675445122 -238.485979011 311.728219704 -1191.93771537 -1304.55578511 3990.03276418 -5831.23318288 -1733.76133867 -3466.2254153 2166.21934299 674.616697812 -287.408043993 -1833.83743076 2181.13075066 -12.7875421567 900.690710481 -154.819078735 -90.2447581706 2924.6353891 263.750395134 3110.27362744 314.199169552 -2563.14634819 -1539.3987131 -269.022788712 774.051744806 1214.54725938 -1150.85614392 4422.91148318 131.483986303 -2335.41593698 -582.408152095 -984.726800913 -4748.85186093 2179.2080817 1261.29466794 315.856034396 -779.050994393 2318.8418946 -510.486485802 -1107.97934249 1377.26126132 -612.810688451 1754.46435377 3373.65878083 1727.95965865 13.4366711883 9.01679459594 1686.10323758 506.364843412 418.592245292 2412.65384877 3304.56551308 -4493.29753069 -4348.85014837 4468.58551607 167.629854665 -757.195973639 2088.44255789 4664.68755707 4518.70285577 1309.83460057 40.3065413036 224.19573825 156.5313855 1005.85735119 9999.16428903 474.855513627 279.08262775 -1332.99771727 -1475.73777023 2300.5139345 742.722056582 -62.9218080318 1273.36473756 -1480.18528966 300.820227313 -2895.01399871 -603.534680685 3277.11753262 -778.69935106 2547.80698215 -1619.92057554 -94.7063368116 -2232.12984274 51.6485591968 -36.2355012311 -1103.74817609 11.6690259397 -1261.65778411 -8585.64586911 5234.6425962 -465.622282026 105.066480278 870.951397574 -3160.93095909 -167.451760538 3141.02202809 -1968.64492351 5334.28184917 849.863194258 -439.32495775 -5381.08902548 -4594.06418432 773.032224099 470.89139714 3052.28956433 -1107.2118617 5859.87501555 -132.490123363 1375.63353719 1136.68962606 -664.365881422 1254.92511341 550.149407704 -842.709602326 765.158173607 -1811.51669091 1053.90743706 2287.29532535 -1904.1552175 -684.15003881 6497.12870672 301.865252687 6196.00098134 -1552.69998107 -664.384545451 3928.39654649 -500.523162381 -1038.48807661 426.658743803 -953.087838723 -890.311930044 -1134.9960728 737.875706919 -1417.29796934 -6517.57112148 -3140.12296262 -1376.05903325 -6376.02215935 -3394.75428092 -2450.39392409 3728.50815677 3592.87491829 840.755253821 2895.61044771 3466.94647841 2081.22339319 650.136808755 340.447648007 -197.552657823 -7609.59182618 -1606.17618998 -1798.37312473 -3287.87363124 6835.94459345 226.649721388 1298.47358365 79.8403005985 1920.02021108 -171.799001181 -822.896159081 1611.15808661 1001.07242502 -1697.66426271 15299.8958782 -93.3120179002 -804.811504319 -538.518901065 -2702.73249505 -285.776739777 3831.15459155 2145.30416571 -2714.82384404 -717.74104764 -2528.55008267 -969.040593687 -489.319946116 641.464633508 1509.06226845 3064.02413159 -751.214958596 1630.76809673 997.524137895 -7965.21634121 -702.612192405 -2135.38274281 -1178.91143233 -447.112806235 3143.74334454 -2075.63647905 2652.74527172 1939.75265919 -1401.87181553 7102.37223044 1470.26778959 2006.11192642 2061.41983067 -603.880086461 1732.80050601 -2336.07228293 -1298.07450933 1067.83655403 875.51468235 3010.64814024 1814.59048216 -598.70505322 1301.84009085 -1406.4799627 -976.697456677 -1184.34639629 44.9242448911 -2449.59551204 1686.21095453 -572.00854941 -767.768172214 3144.92782063 -1685.05856505 -2909.34114767 606.810967616 -1379.21529853 -243.424497718 -1317.60126073 -408.097137637 1096.24611515 -5316.93462705 -497.374590759 1618.18674053 -138.152472348 7103.15094395 1011.5093404 2179.85562009 524.437573268 -1315.65429732 215.013593971 -4125.68130468 -5749.05731784 1309.01777651 1467.26142279 210.178485698 -1354.38421535 6350.59472743 -2852.84190869 -982.236373654 342.582577833 -1746.77007816 -581.69331339 -149.271615548 3151.15420946 -302.047237222 3787.33078129 -9.82522699215 -1561.55392488 2625.12569353 83.6405854141 805.924159294 -2059.81877794 875.778055943 -1756.17286167 -1491.41580345 1163.80075419 6886.11583193 51.5167831834 -830.638635817 1025.68575663 118.701325982 -494.159447886 -436.605250838 252.656608788 -1371.90134496 -2368.73743997 -620.809914397 -2781.1255753 -944.553438764 1831.35852186 583.693468989 -1413.25372307 828.353081706 2649.55979318 1842.01018887 1920.58286388 -1175.27087188 832.821777064 -342.411411103 -931.546968134 -878.653748112 487.232877022 2728.6923384 -36.6804902215 -2461.79105996 -702.985779501 -2032.81848718 -5238.94607724 -627.344490568 -1193.18445785 -1268.18345591 2772.07459296 258.072071818 -566.252616257 2519.01637949 -5.27428180399 1625.7922071 512.873393549 8057.70722607 1336.50943203 -2620.27926362 1161.06857811 -3193.44715001 3284.08724535 562.887158649 3043.46808044 2618.86485596 -97.3396225057 -1382.47663265 -555.133797071 -1551.4817337 3144.83748283 321.917072473 -508.826243013 -49.5618191691 -466.422649852 -630.495171752 -1239.59257398 -842.266682301 -13998.8629909 -607.451502446 -143.350084972 1956.48287837 1044.77274418 -1345.32581799 -1205.06142442 1190.13417269 -3164.78208756 -1836.86136513 377.153407233 -4971.40469629 2318.46978155 -41.1974502514 -1530.448687 1300.46688926 -1141.64978476 -1418.57223356 1644.88628098 -3110.63591562 -1139.38061597 -1807.24973083 721.424833084 -1532.17251269 -3109.55707695 978.648454424 -2217.93821206 -139.654948107 76.7706682014 -3752.9398218 4665.54124145 1382.43219371 1804.30705667 385.217074039 -2346.0666558 -4922.09864039 -2345.30881639 201.561444442 -5378.46998822 -2385.28213553 200.53394149 1351.46420351 -1291.26581195 435.333913329 -2584.81269108 2328.15372083 -233.117805971 -4110.59364139 -4741.80152237 3147.47335372 -4098.55739731 345.191015686 -923.332216323 712.215635562 -788.553339153 -2897.54831609 153.103159913 -66.7793656279 -1168.61667098 -1469.95949155 -599.537212128 -1822.92670159 1936.62962008 -1908.0497682 828.519638151 -877.724485182 775.344392802 477.529530159 -513.877951115 212.634862312 -2361.3643463 -1678.3473432 -1970.37257638 490.338864044 5329.68436923 -2704.53618539 1999.73177098 731.860730642 1651.57645334 -5685.69047192 724.615484088 -850.027388676 -360.846287129 -684.628548019 23.4541440819 -207.49384539 -6851.62581134 -2679.97285276 1866.00328719 1655.5402041 -456.910653837 541.603351389 -142.599987889 -2423.81763316 775.448458728 -1592.41397982 3530.99519642 -1032.63584813 3036.10615285 10.6484944272 -2035.95926097 3211.03331351 3206.65334027 936.697173296 -2196.77294467 1096.73794267 -4003.35024412 -575.684292022 1504.70443351 458.361401823 1051.51205681 407.687415393 -1953.54452947 523.679282914 -890.493610102 544.725958443 1544.61932789 -753.190421906 1912.85565395 -988.255683643 -84.0531304958 597.903554912 -1044.18154101 -614.827177225 826.76646462 255.785695627 -1828.26887343 459.416067283 639.889536394 -541.969993534 -2841.130073 1063.64322438 1552.26904233 3839.32796639 -1412.36059788 -2089.10140861 -107.985235505 816.160105277 9925.7281162 1229.37715663 969.287468543 -1248.0324269 -163.999528704 -1620.14431709 -2025.08630716 736.455688289 -2487.08982566 901.626361335 4093.50015643 -104.694254158 -1076.47283749 -1599.37451315 1101.39476799 2076.01728251 640.704172584 2026.60442154 1123.12514433 -417.390022543 136.604117635 2948.41346751 2461.76006277 1284.74413857 2068.11740656 -2157.15185324 1663.08416955 792.404025183 -5884.07592062 45.6108966525 -1846.95185641 791.543004083 611.750419639 1472.67286432 1374.58162045 1512.88291376 -223.616924868 -4676.72028018 2881.64631115 341.0510366 120.315970884 -780.94595077 -2617.32915703 -2004.36066173 -890.362002411 870.515309717 -698.653237778 67.873284752 -1308.34274151 -2294.94138167 -345.738636808 218.696644371 -1717.3062322 917.063691095 47.288078274 -946.522779305 -2151.29628845 3511.62431212 -144.883581583 691.374780609 585.677951477 -1094.68265021 -181.420389708 -2178.57912922 1102.84962551 -6101.58705322 -486.846494767 -2994.43565482 -1958.78914521 -3508.15090519 -1131.64430456 -1379.25494041 12.462510326 224.002351448 -4783.5797689 -9533.4493698 -765.549539601 2002.55264724 -162.189872578 3901.70860699 1694.77144939 -1976.83174277 -3815.84023523 -628.734821515 1678.30639996 964.410091935 1507.09858571 -0.389420215224 -6607.77651213 -3104.04142991 1304.86841546 2319.29060145 1727.15292558 -118.75255897 -2041.52542526 -1679.79615593 1835.15868486 3136.13422068 1315.36130332 -59.4201466185 895.241254363 -1029.15427933 -1279.22441414 -605.655184485 -1753.0117295 -563.624183237 -493.613958353 -380.54607515 -4313.02965036 -638.566691958 -1175.22316874 -2380.35903998 -292.93502558 -767.834832488 -325.127847583 1036.14963633 -1350.26645304 526.835717951 -66.8555706533 -873.076660847 398.482966989 -6561.12669151 -948.20295142 1172.38811145 3105.86681509 -1427.98033111 -1624.44662081 -4277.35753738 2121.48306136 -496.944702468 432.629362853 6311.1926715 -699.714190294 2211.30207608 1103.56672575 358.656054367 692.218512513 6292.3155885 -3029.38444636 1549.35325543 368.035775085 -2521.94185371 -476.616133607 -1681.57791027 -3523.92778669 288.093356046 -4620.0423892 -2034.31672513 2345.25256625 -1365.78636644 433.573403731 -1812.26563442 4327.09660889 -5182.66704311 -1234.97446908 -1018.73410326 -235.702165015 -2931.27998488 -341.081931935 -1454.01683099 -2228.56882119 -1222.65741368 -213.4416526 -2047.45247968 -62.2757522413 1571.34027648 -3712.8694572 727.727487865 -2797.40199385 1408.99604376 4117.28900688 2089.67357676 -4343.94701828 -470.696805319 -3035.61384027 1703.63268319 -671.196441219 -794.515907827 1652.47675159 -488.528121385 387.118984002 1428.23974486 2216.4697918 -3412.72863901 -476.968280828 -333.819288665 -890.849091561 833.209949657 -1521.57710061 60.08176543 -758.949098541 309.551041827 3009.7177458 -148.424008693 106.224205888 -1741.67494204 -471.866201704 1385.60700595 -1073.56871892 -102.011016568 264.343119905 -9621.02661481 1073.74610114 -3673.33256706 -300.000828932 -261.198831785 -1623.99378298 2412.8071175 -970.071148008 -197.270912933 1221.82422156 434.354587549 -1363.992097 -1474.52061492 5667.9005526 4152.93610176 -265.471807413 -674.15786729 -450.411940421 1643.91477423 -73.8321317303 431.529903082 3311.54179475 1607.22280524 -1099.75701943 2624.76833779 -1174.00898189 8233.82526288 1798.21081197 758.076095915 -1226.789604 1441.66546979 1400.78830748 2821.53418812 -39.4247423993 -2859.04320489 991.847863946 1932.00827462 -1397.76105051 750.49633839 3798.89814038 -615.539774379 -810.429169591 -5239.92666578 2565.91130589 15.8324638076 -2244.25759282 -7700.39985108 1327.03268973 -213.878793967 5388.96335543 -858.727428252 -739.51425871 -93.2335956212 1263.35199952 829.337399024 -3123.7952623 3622.79265283 -1327.59829222 -92.5097706272 -479.055355898 807.748911901 1812.84124089 506.733386828 -765.038586905 -1347.15932078 498.985671027 2062.93129129 484.625469492 323.264116761 2929.81928153 -215.038908915 -87.2595077823 1116.50856041 -67.1006760684 1003.26124483 -5981.62864392 -717.148657704 -274.43546397 1032.1488236 3302.23822786 -270.68454269 3463.6984488 86.874730257 2386.16546852 1432.41209171 63.4240181237 1399.51896089 -1523.39288257 -1452.4615939 434.693819832 1965.27960036 -1810.27862095 -499.415004452 1663.49420887 1425.88753459 -1823.47146845 -1596.94468719 6261.25869421 -1286.26991904 -7810.4508761 -2265.0837355 2163.98173348 -364.41170472 -1359.6792806 1042.67642525 468.571530607 1706.6781912 -1474.06687042 2750.66784314 763.238226009 1071.43162523 1456.51569076 481.816332429 -1730.68975871 3251.72623849 -1482.40013656 1942.84523671 -5886.09664394 601.031575626 -2391.03724009 -3096.40947223 -3602.28006105 1878.96723864 118.390565817 -2503.39955317 1436.2821621 838.371845838 108.015483815 -527.628620723 632.781055798 -1345.52231173 916.393040762 -98.8022843806 -802.90784684 7750.00818836 1755.23719704 717.889293608 -9957.34760452 -3644.19851102 -2338.41785298 -698.472900156 -173.623202368 -505.034494934 -1035.79968376 2423.05500421 1347.82130778 254.280319388 1522.95090812 525.427418125 402.399137935 -3343.70954156 2728.7947976 -2345.88429363 931.391500406 1172.12773348 1136.32140608 65.3264875823 -1233.51906643 -387.503274649 1835.174862 1889.52181279 5641.07592084 474.26355755 219.939598032 -16.1453040804 -3607.38107072 2225.65777349 91.6098935215 -1746.86434862 338.907071537 -1951.49972427 2714.29966668 -37.9034641159 -526.364847675 -864.738385135 -1613.07519878 421.820047595 785.368550963 -1446.87024541 -1787.0924654 -2146.21739637 -469.596755896 3245.35955137 -192.872580342 1020.36836135 1186.97713686 -2150.70532087 -2923.4711637 831.313109761 3856.6330733 -2259.44510942 1334.11568903 -3349.57812003 -929.411250873 -1487.70190713 -1370.19769307 1060.71599654 831.871967346 1532.7525473 599.242025687 -2923.28629006 -5024.42907731 1092.73490055 653.185916214 1376.62316584 1329.64957903 1006.196959 2106.95312218 -2165.22335642 -77.3697560926 -674.439586999 611.3222292 195.633946475 -9745.0017527 -451.839030196 -2313.41183276 -2374.47403969 -1474.74385691 -2866.22187561 798.650270869 2052.78890107 -318.003461877 -499.258384487 -1539.86120736 541.974044091 1697.24850778 -4747.82742878 1349.87833464 707.755773717 4018.75938633 1117.42206038 240.570122774 -862.095422439 -10094.3043201 -1583.73527408 -4048.98028874 -732.617538305 184.785761204 -400.541491007 -1498.71116485 1834.61267745 1598.41754843 -1898.94021541 -723.604921366 -354.310712569 -1514.54356443 91.1094101042 -1598.23662252 828.444814791 307.764634156 698.235674915 -217.298276148 1704.41849626 -2622.33329546 26.5389139631 -1631.1604465 191.538267153 -2030.635203 2996.58087451 -2065.60317892 -678.286592417 -537.588279435 2498.46029258 -1105.97213325 -264.347366821 751.596390872 -3087.82589871 5024.18348397 -280.890788407 1549.19753279 746.682570822 923.764145944 -3277.15201938 1711.77502965 61.5141726722 1831.26874525 -4696.79368533 509.814761825 861.661840672 -11995.7553558 -3309.4902975 1701.64898224 873.765989888 1996.47904955 2195.28900232 2988.67323332 -808.56674459 1483.46128447 -734.428720059 451.928414118 3652.99165505 -4353.67347358 2429.53340418 2005.43059022 195.565204285 2148.97128846 -1717.75254856 -2979.35902947 -297.949311368 2251.36320813 407.494856357 -1950.0793867 2100.41053492 -435.505474805 1919.99928647 -3809.9053644 -406.527735436 1446.95947614 809.098088449 1031.97339381 -165.673425107 1048.66081888 951.900066502 -1634.16356832 -2920.06142221 828.755402639 -1033.49927068 846.317290471 -799.16792138 2491.48743697 2361.81048014 -4240.42557206 558.652034604 -2340.39677307 -899.946165856 -783.94953763 4813.93880086 143.71219608 -2390.56396784 1715.98776913 2896.13291339 -1273.83585236 982.758730384 -1.98068165321 -949.475458222 286.859410635 2350.2121325 1704.13313101 -1603.36717096 5530.68476344 2008.0396091 1917.60901915 2194.28036351 -477.218230111 1322.45994623 -1268.40231666 -23.4856355086 -795.504938405 1758.5672525 10.7515930331 3775.30581414 -1745.65052317 602.353761422 -1928.4808783 419.983533528 891.622948602 -1193.52763152 4378.88578647 -88.8521668526 950.638094484 -1179.31861122 -4603.92505396 987.737960808 -1189.97066036 -2775.52738123 975.916954729 693.232369822 -940.681588958 1708.50594057 -9187.77598654 -100.406863441 -119.027521319 -1196.78505721 697.940702803 1268.92224248 -1039.73610915 -736.845958169 767.468953016 994.491997406 -2005.35627867 785.165928727 -9451.2882725 858.093787094 2429.43160353 6487.17742511 6154.85006118 -3676.64176637 -135.659980884 -1555.55885503 -603.169733565 -842.107239569 -429.466303363 -6689.60388033 -154.654740098 -263.009359 8227.21823691 -694.993470362 1044.55239354 1040.4380609 -3192.18116853 47.1955811271 -361.607158934 -1215.09056922 -7262.0357874 -1014.00198879 511.147127666 4119.54955736 -337.653305176 -464.125614187 -1714.12850716 -81.5025422349 1009.70189467 -6418.67659638 -901.499428198 6993.20038291 -1808.63289013 729.392416973 42.4268124554 -269.580293756 270.463848068 -326.307593835 1151.15387853 5380.86097336 573.875899338 894.717583308 740.579324497 3524.55628385 -2963.77397838 -18966.2109717 -1580.94670212 651.97500336 2006.5810937 2397.08345771 2786.39647925 -962.278695055 2610.73802892 -149.336641076 794.248833838 -2436.5294337 13701.2030915 -202.654896254 -4079.9570096 3368.29028703 1847.79179595 -382.100667113 5697.87225398 2102.31201889 262.632292598 760.189862226 -908.926833567 4118.150062 -1476.24520145 509.431725749 1202.8148861 605.049133869 -114.72698204 -397.114261523 -1808.67180468 52.7472766992 4795.64668061 709.543315196 -634.693877662 641.586189386 -3196.77877821 -6337.7080898 231.56729323 -1471.75882498 327.202617143 -2093.91841223 -327.229632982 474.49577589 -1027.715023 -2716.8563069 1240.74923423 281.580637779 -1132.61339951 -155.708557844 -4333.20644484 -22.8786691482 -631.183882849 -68.4457261913 -1533.54641794 -4858.63950131 -4267.2569559 -676.109269939 1281.03572593 3493.89391888 -854.575415527 1631.68732944 1441.52860993 2225.95783495 -2185.02676355 1306.14381506 -2482.35737833 428.908144044 -45.5899491665 301.279870265 133.650120042 -499.236171676 -1181.18432614 3593.03204459 787.333851596 -2722.28808487 2608.52786397 1064.78062786 4515.26457919 -979.744729061 -2731.11465937 2683.23061837 1038.22707065 -1025.21232889 -5934.08703678 833.474797999 10621.7259685 431.339924513 2135.63293657 1755.14897848 3885.66731232 345.191015686 1227.43710401 6268.65486451 1251.6494703 -354.312646779 -217.919127384 -1065.77186202 -467.523810536 538.581773518 -1222.2939414 946.689802901 -730.710859461 178.619261264 380.585419779 660.282691495 463.960119047 -1704.35474147 -745.510086568 -553.518689057 1084.91691855 -1505.11429417 -30.3221169891 -4190.68566059 2904.12463885 -222.712687247 -79.8544237487 -1719.20790729 980.440270614 1638.49616011 -2346.15277915 -161.476716432 78.4874002352 -2375.4073206 -5133.11627048 271.560685365 786.873382801 1200.62533417 -1885.90592012 -1009.60022418 783.996045076 2751.4028907 -1220.50149008 -1003.11448974 -212.62855842 -1443.79555585 -54.8016143872 260.112752497 1376.93751613 -1877.66119109 284.923522959 1230.88968975 814.750726661 604.703358194 767.101453325 -1925.10493528 95.6526869468 269.087275707 3143.71065359 -781.543550719 -177.313850365 789.872016052 -1179.9480004 -417.847714468 -5982.22598775 819.61625345 1007.34024708 -1968.73046241 -1077.37262545 -1213.79385993 -3577.91885269 -4456.62794299 1387.12185122 -1499.0902989 39.3968763952 22.7531397291 5103.62326039 5102.49681369 314.254991707 -7176.6143116 16.4801063313 -1143.63566586 1446.5085843 -330.2941363 3671.17978233 -2050.97251848 -2203.68271503 818.065652549 -2519.24170829 -2187.59877996 442.631984663 682.743783373 471.991111607 6390.13560992 16.8564038904 -410.864674914 5589.15607816 -28.6995940015 -6143.39348469 1145.10993076 3314.23569869 -1192.06680129 229.904140118 3430.77409602 1429.06028566 276.154008643 -163.641883095 -1131.19062446 1483.56531543 11.2353570541 -1054.69496096 -1331.694793 -4053.63312019 -3614.2997252 -296.634671634 2291.46130584 -747.995916783 -20.2983719801 1247.03703687 2956.63907208 3066.76806135 -891.023203296 2357.58997121 -433.077249189 3129.03368007 -1323.53707546 1751.88162161 -438.049968048 -4102.67945679 -5429.64686011 -4361.10318295 626.28033167 396.984056223 -2468.5267548 -711.952001842 209.932045578 8207.83793313 -525.722621814 -4432.64400116 47.1955811271 -4955.67448183 -8294.45133937 -13181.0803756 -523.814705046 6161.65417929 639.881974349 947.767430974 341.425825808 1192.68811962 -2175.92212705 3832.21741225 -2421.92151094 1720.05437826 1170.10098704 -5383.32996347 -377.216732376 690.147507581 -2285.38412164 356.266423011 -35.2088278191 -930.706150696 -3797.29690587 -250.765306714 1039.85775941 -3617.52465096 1880.04964581 -853.468786564 7089.53107725 -880.551940349 -305.186045737 -4502.04488823 -941.437145588 657.719652399 -1018.52848139 12747.7182366 1799.00448557 -35.0630017677 119.073609348 1679.06574502 -704.088803226 -686.42977114 -533.603712554 -1481.2048489 467.095997348 2446.16486414 -721.600659555 -2408.87767094 2966.08315416 -2490.99065877 2526.26906814 -135.300263889 -620.595438057 -751.333315004 2232.92682364 -3026.49165417 450.866704944 1399.41900356 24.2811721999 1077.60553449 -2039.88227879 1462.86582597 -1739.38225886 2535.33303345 -1754.5296104 196.40960721 -3754.82241191 -1218.36105988 721.425140673 83.6390039691 -2200.12238775 -80.4023415883 1424.99200958 -1687.875998 -86.4529963318 748.358877973 2874.25257549 87.1220234938 -193.488665572 -2645.24778475 -2956.69043872 353.487091528 200.579081478 -851.213303136 85.2279338005 1133.55796086 -1649.16360182 -669.303235273 -1835.50168464 -920.925791324 -435.215922804 -3504.74079485 42.4268124554 -1232.51360389 -3333.81205929 -1526.27791394 -623.211877719 -2381.74732778 -3856.2702069 -4878.00630999 511.356030596 -640.532879683 -3368.20570507 595.211455326 488.596301379 -647.932027947 -104.638020176 -1985.92787199 511.690965111 -566.234324465 412.90943544 -2297.8842131 -545.925988048 -700.099926683 1060.52279211 754.42956274 -592.163836927 -108.857019281 1435.79875864 -2009.0829521 -164.461553365 647.380856733 2169.37852136 2570.73685599 -3405.88402182 -0.854295533074 -710.714074943 455.080645376 -3990.10612133 297.11984032 -1069.82520182 -556.810031772 1535.96780496 724.306745183 -1785.04690701 2511.4501765 -6749.94731994 998.502498628 1297.22953225 2481.67909793 2858.9390685 -131.185915137 5251.63110179 1638.69211128 -1019.62532359 7430.05609799 2464.83195699 -1589.01726573 1304.55089224 -1235.89915263 723.05295934 -2226.57622365 375.082532826 -2963.51229525 2401.47103726 -925.600645386 569.645919252 -888.301550167 204.449168774 -186.398922478 1104.77742965 -192.544695491 -1464.1635141 -978.158040463 -2363.08836689 119.346061301 1125.26063932 -247.75234126 -6176.83414527 1017.52218947 274.794459992 1019.35319235 194.420322114 2174.2499956 1285.24999642 -386.917167218 1390.36931771 1398.42311201 -523.106142399 -760.998740172 -2130.97013968 -1171.74583884 767.445437511 -6022.264387 -1821.09907653 58.8047846151 -204.775111065 -2194.38975244 -901.632555067 -3134.78306183 1294.78512918 2438.39733764 -1243.1834045 -1556.66616645 -455.316251592 -1519.20089856 -961.074541382 2557.54962085 -860.908033079 1602.18652646 -1845.438765 898.413820883 -4513.77354578 78.9115671799 746.516965503 -897.675842209 -158.801923603 -140.441218566 751.665013563 10332.3846699 -2064.9854186 578.6683387 4416.18494775 -698.148025233 1386.0724871 -1771.09846949 5810.55377184 606.168108319 -764.558374416 1042.38845612 -2579.26460252 -3753.54781569 1120.3158175 -3206.27515106 -3247.01190769 4690.38291498 -713.136192001 -921.200928245 -1929.1304454 -2818.8547906 1016.05323022 248.115061437 -111.427415391 -843.710544462 8002.95111328 -6438.42756956 2401.60611458 2135.1329392 70.0489725439 -967.19403413 734.315220964 3375.89333929 -1447.79982087 -415.862436484 -88.8521668526 -2422.65544838 -4134.11130048 -112.851848913 -2251.90534742 -2468.11846041 2886.61624479 2082.19319774 2536.96779158 -1023.24392919 1665.20031249 1129.783391 -245.011507182 -576.330952421 331.904136514 80.5762016346 6123.97875405 1596.88343919 -1048.41422496 -292.071321046 -220.45954467 1448.51626593 -1144.53157078 2898.18629202 -1698.07709852 -692.150753454 -2065.55562866 -508.424600724 229.389420495 1341.62267701 395.849421488 437.441788536 1534.85290138 2920.76305978 -321.743170757 2594.08947437 -866.605943719 -1524.47512289 -38.1506107287 -247.891409357 131.044181301 5873.59626474 -70.1450562695 -306.144302247 -1952.06346623 -2668.09131407 535.800680828 2.64155036549 834.1820701 2875.88470093 -2886.0873481 352.65859149 877.746955485 4693.65930652 1368.64695187 -1814.0999667 -1120.19818364 1403.59365174 -1011.7132218 6521.13557654 3328.26201274 1504.56175984 656.986087135 883.865402308 -1838.28351433 563.122122385 -139.292525015 1681.49395025 911.506572375 650.955089458 -2541.32846477 -1899.81307096 -9278.78152374 -2049.68067349 71.8224123422 -189.672015525 5919.69298838 -1297.64072729 -216.943935012 -2594.83234015 -479.418494584 107.72006521 -1611.90868977 -2295.22087121 -318.853977237 5033.70393838 -135.600738047 -1367.40652935 734.722974444 -1107.89722198 -1365.36458781 1717.65611686 -1159.1356284 -439.585993971 -2845.42354938 -1238.93390217 1851.01653905 -950.227688005 -638.654764846 -450.058595983 -2425.5535007 -813.398922441 912.466069736 692.835526817 101.242305261 1528.29743174 -587.998144213 1493.0812369 -2427.47518378 5557.0594662 2228.10471591 -420.173005416 750.206525276 -44.8070647626 1155.10197592 1465.06072838 865.226111544 -1794.17960165 715.608045563 1939.08125018 -2337.590336 725.377003204 1730.61985437 -451.347520272 -404.711012418 -1544.24599046 3033.33883963 -681.510096064 -49.5618191691 631.201984938 -2682.96571859 -692.819286343 3194.76676782 185.516568717 712.624929675 400.324422319 2556.11993437 -138.804219769 8095.21072283 2159.19042382 -878.743179476 1129.23282029 -1232.36496505 744.469910964 411.603985326 2995.65010342 1433.40758591 1717.77523434 2908.32600108 -2357.1243016 -324.701227769 406.381545522 92.8846982973 194.459356279 -1898.75324873 -1831.77732067 491.241479839 -1599.16017346 -1340.50493829 2059.24775756 -1650.65013394 -657.425103101 257.173967927 -296.185406993 -2386.38421379 -2827.19246094 -2109.09207007 154.969460811 -69.7700528237 -493.436398069 -244.070069399 -6848.72120612 6918.38911518 -1017.57914933 240.573791239 -1306.83761224 -3066.92295929 347.900892941 1515.92039995 -931.531570946 -372.194833639 -1974.32776417 -1220.35237244 -336.411421989 985.551965213 899.9764246 3309.06535668 692.549855036 -933.250356288 -780.371219908 -2575.34148091 1695.78509916 1434.64022875 565.296201531 1417.4485012 -1479.2065442 -681.115949761 360.937609622 -131.185915137 -1832.07249731 -1020.08469792 982.472480596 1072.70176396 1188.1575679 2143.73692457 2531.02001628 3377.16221294 4278.68124752 -697.788951497 38.3578680521 724.016395242 -822.149716377 263.679489952 -1647.50203441 -1453.08090877 2760.05881766 5068.42790175 802.313825733 -1410.70121504 7436.48953084 62.4597458936 1114.44360348 6938.96396035 -1568.14502069 -574.33384458 -1684.62030756 2407.96395486 1173.98461252 1548.90212599 -48.3886349366 613.968318067 1896.74562616 -162.135542879 2787.58915819 -1091.23767276 -512.427970083 127.437518536 -1905.78518924 1338.46613975 1059.55586622 -1061.06231785 -1678.96441989 1651.23833586 -1538.17362498 -110.081481103 -279.506795919 6576.6261983 -2857.98075775 2149.68521597 -754.654477128 -163.874476401 -2337.33247754 2852.30226706 -763.939300411 -2820.51925473 2274.10371432 -679.998395254 356.801043147 3915.05081923 320.528503907 -113.902786803 3012.88855561 5725.41141584 926.839493492 8327.82787592 1004.69848124 -1247.57931597 518.279127811 458.362697095 -381.847423047 -1184.29294262 1914.88702979 -9375.7523667 1550.90247475 -1566.44454868 306.651680427 -1146.44673157 1349.98789435 951.731865033 -977.376110405 2637.27638007 -262.146827799 1899.23213412 -582.676192528 4973.49188882 566.204648853 -577.312975641 7114.89284781 1466.05600742 -955.863645952 2509.2787377 7015.41228134 -2116.66394785 1983.75224633 478.36779271 154.535060242 2710.13547816 -2720.70713358 1256.70017171 5203.75124984 -2741.35371451 -1627.66323063 -1032.70347992 774.941941167 1526.06456402 384.978481259 519.210056196 -1502.14183204 2083.77057704 -759.497111321 3052.89149413 1679.60975496 -1105.64651762 -1406.23830932 317.295358085 -214.472007399 -953.606133342 203.195295133 59.3195015491 22.7980787978 648.44024433 873.6619308 -627.131433131 2589.7709578 1735.47596383 -2543.07162177 -2412.73200805 -1479.69072509 -1567.30051625 316.713038206 -1031.28462725 866.508841706 870.286336393 508.150184117 -333.309713438 -829.218268462 -463.3340583 -932.0594492 1703.23384435 2221.6295701 992.508728073 2930.3654708 446.436453386 332.256873401 1726.79733894 1059.60038422 301.523415195 -77.686094837 -2275.04808639 1951.65166704 715.252920459 2568.51265315 -1285.90498824 179.979418977 707.00502193 -303.20295752 502.668893557 107.894134986 -30.3221169891 -2146.78434561 -1693.94969118 -233.499885605 -409.8597357 -995.7222298 1374.7704047 1933.49530543 212.831243983 1160.63959113 -627.404024245 1976.19057575 -303.321062869 1750.44152944 1681.88294054 -4738.51113649 455.592180219 -8537.53206693 -2502.72522536 1534.66125375 629.262362395 -1224.98599557 84.8283388765 -570.933784221 641.495366893 -996.93029796 1783.46301688 -468.375271311 1372.33830102 5464.06152407 931.091610316 -1235.46557993 175.809650436 26.4737277957 -13.2027310982 -1375.76746949 -1088.85120748 -2576.1414171 859.660362149 2798.84671308 -1494.18561284 -1322.03624187 3888.29919563 -1337.54868098 -2053.46396884 -2160.74660383 556.085295389 2139.1565531 189.791707988 -238.859787337 91.0352799791 -478.415517224 2011.55148471 -2649.49519341 -5509.38336421 -2295.9495552 164.151304973 251.221017243 -1688.06316328 -180.180473151 1864.679826 -7040.52049232 -1373.61898609 -659.588872431 625.126006334 -146.17352945 114.930306685 112.262397698 -317.85634306 191.653712909 -2876.56843584 2781.67188201 1469.18497842 -988.333995513 -2534.73976841 1326.77878647 598.051416789 2481.52935216 2527.86978203 150.935635111 -1386.84049169 -5422.11870907 115.139632765 2620.99539116 -10460.948596 -1053.95491606 3766.54369913 -1278.90918398 -40.113991614 -244.070069399 -636.648149229 395.574254879 -97.251702817 -3695.26888867 -1106.67920799 807.423209837 6552.923641 3870.53956963 -2191.97824698 1931.30721195 1106.16978404 532.994166832 -722.554751355 -1835.46741849 1279.22703092 1791.63690461 400.229656134 -315.463900939 -706.950073841 -5552.62386097 -1298.94517667 735.149251022 -898.152606283 -2736.90412253 -336.35501425 2153.23523775 -978.346556611 -523.561853704 -344.850982166 -2920.75655173 205.219227763 -41.9755884271 80.7860731403 -5908.99678398 -1326.53540649 2497.95693064 42.4268124554 1510.18737357 3187.98141337 -611.324798922 -4070.36765708 -1592.88118807 -167.275033291 -196.634739355 426.671460302 1353.80411719 1197.60922884 -159.428440094 318.250451272 80.6338010042 210.049321585 -1259.99669404 935.426899521 804.58622451 -1272.7195831 250.684821498 -804.418964541 -635.975612193 -147.651086821 -3964.36855572 969.040236862 1640.64691904 -148.187769838 -348.863090184 1317.33246711 1077.47444849 2375.87984039 -998.577977807 -194.274321015 159.377571609 -542.690506191 -7987.96596925 -789.359709207 441.127118894 1422.10697649 998.766747341 -254.22675638 -1347.13979386 2117.72103607 191.119439627 1414.95143695 -619.64622476 -760.841496888 -299.208052222 -1789.03885642 980.631696787 -164.16983883 -1113.77269107 -729.030711935 -416.246045323 -976.018770361 1964.65248829 790.879697925 -1605.45696505 -1545.11154742 -1407.3874258 112.61692864 1023.92760779 -872.068889593 313.044341258 2066.4441873 -376.371751387 640.554813402 -1369.3254315 1625.79946083 -1432.83935818 -4363.64655409 3339.66565918 3395.38680541 -595.788653024 -415.749904038 1281.72563483 788.456260217 -431.744441159 3203.49362127 1307.6673547 -3791.84191512 254.970877506 316.431011036 -2774.66703667 3557.56457862 210.270614905 -1350.9502729 -289.260949981 -1540.14302631 101.942824597 4334.25711855 -4141.07326107 -1325.26372199 766.105307088 -1133.58082837 152.399629889 -54.4131532607 -143.119014627 1547.95660998 -537.307292117 1476.63580285 90.4766372781 4463.54306014 -11.0036433959 735.337903646 2325.72117112 -2020.389009 -441.043801506 -455.787734534 -1295.66737557 3732.97898977 1337.97490311 -2531.45403572 497.687384881 1579.19425489 6792.48306171 -366.216267686 -465.437399954 1418.85738747 -550.077917432 -2831.17656664 -263.76811153 -535.370945189 1510.30789872 551.16620803 148.720511872 -1503.04616634 1617.56431937 -2444.96254912 -4706.91819673 1839.08438157 4401.75659033 -155.345089767 1330.17662322 990.814923496 1926.70932949 -772.995203908 -1843.42192921 -213.506498348 -1161.00758053 -145.262228912 381.245268918 2036.82614459 -816.586653208 -748.427840558 1172.51142382 -1835.45381323 -854.503704706 -498.036296623 -743.854817427 -335.176375184 828.358259543 849.319034471 -774.819752655 -1260.67024635 1464.00659816 247.116580915 -1650.61548802 -1540.22194649 -1814.4738649 -1121.0864735 -1668.58422433 -1941.91858975 -1618.48137617 1105.73989514 -3333.79632981 2897.67029957 -1105.8354611 -639.10509274 1341.85649737 -1380.41777715 543.982277204 -1397.36127517 114.630694467 3075.53396395 -2643.3228845 1057.15232439 307.746985443 1359.97029917 -599.380529369 -2034.1125789 -391.211264339 388.831839053 -304.989482411 42.4268124554 195.920164859 -625.220208179 2540.50433792 1605.69959485 113.585871853 250.933042628 195.477298696 399.168133011 -721.618648967 -521.706869071 -564.170851001 -36.780332527 -1260.40502401 -229.021989231 -1712.17753673 -887.936345809 1448.21295126 370.725987032 144.392950382 803.892217034 2207.82355185 1450.54772592 -586.674678825 2701.08474521 298.939112672 -36.4361490378 933.326088451 3155.41623232 -678.82529466 1865.17386762 1001.08045776 1616.16273881 -1930.03557744 -795.521653681 -1482.61917647 159.377571609 1615.03446332 -1121.5652313 -626.713484057 832.934750551 1486.42746307 3772.68694223 486.056986109 521.280208918 -396.912395145 1123.21824 -1113.60319352 663.337978212 -1.57209204776 2192.86459264 -278.198115274 -1406.06918603 1529.3430838 1117.97660587 -6.38477215165 846.547437354 -699.632661631 900.013674211 3289.61713018 6018.27576313 52.8491880246 538.770640323 887.748167807 -1593.9707343 1945.58411372 1759.33684637 1316.88233056 -810.953090869 1425.16878858 -347.614566078 377.740919801 -7124.32707422 -1872.11232132 209.784212222 556.468455565 -2650.81620731 -651.282997806 345.191015686 -3085.5484355 2011.55316337 -52.6086978453 1959.67753701 1407.90173227 953.928511905 393.861083452 -75.6166767192 -1520.59567289 -140.620391617 -2037.91062385 241.384106932 -822.48378278 -1731.22671297 4926.4337668 999.67406376 -295.206133831 263.714586871 -2431.1442777 -648.674919344 1663.70813282 1078.12554966 -2027.1327794 1052.55183732 -626.823581318 430.979212767 -3576.98791725 -1335.62794789 2649.20886018 -1209.31127749 1661.48618379 -834.017721166 -2231.67497681 -94.2018765682 -108.570933763 378.277083019 1354.05617653 -1529.58204607 -2472.53866639 704.639763224 -899.27083093 -201.375747807 634.769583241 255.823748596 109.410861466 -1627.6413977 365.652809364 -768.480189421 -2176.81697406 1274.73944431 -2744.32428455 -1757.45618642 -2892.00045465 203.528246532 1766.57863608 1250.50460811 817.547115747 -1990.76961838 -1909.51012316 5.84912310265 47.1955811271 1692.33089164 43.8202032089 43.8202032089 1212.55189674 -2310.19190711 4327.95231988 -625.646276804 -250.302164644 1463.90185195 -2767.0968453 57.2701442001 -643.952072725 -751.4510274 -40.8710118895 1232.64689037 721.993728202 2252.40526167 -319.196094527 345.191015686 1800.00337599 1598.33261427 -3932.78603142 -113.804719989 -1247.62286914 1261.5235202 699.010631885 -1903.92135184 1040.58026499 1859.39065445 1523.15515101 500.042653717 1237.6440826 620.387351786 376.612811923 1602.43280779 -54.8016143872 -76.3270197074 2093.26081739 588.870685919 476.257425659 1382.12156997 -2348.21551665 46.4806285359 -253.216074517 -54.4131532607 -1171.32590456 -87.8500159225 -185.97053811 142.237870802 -2150.69188855 -52.6086978453 -198.11946307 -2279.41476439 614.490261523 113.988228762 -736.663596032 329.292895061 -207.763646448 193.577158252 -215.441720788 236.812734865 -1992.77537323 -58.0354580769 -5.73176098276 -3032.37842603 55.5508108205 2490.32091025 265.513716624 528.531563768 892.184657432 1302.88728009 -3112.78145697 -1528.15181532 -5.20199183198 886.273020465 91.0352799791 -1868.31567712 6275.98164651 1174.83228129 7492.02095683 1042.14304586 66.5157871359 -1393.36531048 -1503.31992826 212.46391112 1661.38662092 -4045.19731712 1353.4045266 717.883964826 522.628308574 -1308.88548801 405.857849402 337.002690564 -1048.85247858 -1495.86918921 -54.3699317111 978.955458422 -287.511729045 -255.959611058 -614.069234449 1815.98805599 -92.1516005257 2894.20253975 -1921.28144375 -94.2018765682 1818.95132174 291.95611693 -1085.07571374 1066.8973403 173.258418379 -166.148244256 -1301.51438564 -266.917063014 -1306.67956311 1054.5533069 -1192.7775683 42.4268124554 -182.985427376 -54.8016143872 -323.743048147 1110.19670854 936.441242153 -1048.79027875 91.0352799791 3971.07542046 348.464103923 -1347.87502895 -153.993601928 842.148982801 1992.96766449 -87.7028695713 -1409.68619063 4496.86556451 -201.375747807 2610.80339848 -60.1741756604 -2922.25433631 260.162686705 884.416297217 -37.5534643047 -106.714993935 28.741062465 -54.4131532607 -652.873450036 -2064.03118048 -725.404048031 1179.3987386 -3883.95805825 1186.5811867 33.9198035515 -1439.12665951 -370.070583172 140.218397264 478.817584245 813.868004467 -1114.36373618 -1247.21925559 3035.93314085 -453.960628706 590.264603501 687.41905498 728.064958596 444.010570878 85.0849397637 -3112.16322242 -7515.67143286 -263.991212685 -30.3221169891 -1061.73492808 -1380.50165821 -125.585166866 -1528.26851239 -1663.39296693 -1428.63570539 180.605830324 262.473793728 -1838.04523713 600.518682352 -2068.80479638 -761.00172628 -290.578547014 -922.771045319 -1518.51740925 1702.26852159 -2668.67651427 937.074089099 -54.3699317111 812.578524693 1869.00349225 -924.137781285 314.941756906 -206.5226161 -2009.33034557 -2228.3319706 322.366936521 236.341962901 -201.927866245 -30.3221169891 272.478445894 -1578.3362588 -1008.75473872 -1266.13443459 -1833.64324362 1306.85075053 -187.642628573 1004.57930076 92.4570059893 511.752436363 -1062.22964283 328.300668486 595.104714467 -631.771424149 55.5508108205 323.717658381 -1200.84300303 -844.976303785 3469.54200351 80.2673505444 -1252.42296752 491.442241423 1147.40639295 436.54797521 -1106.59035548 -94.2018765682 179.261022865 -786.490653009 -326.985955707 1655.20627378 -500.092490658 -572.379800183 1147.0087602 1191.95452101 586.404757025 338.121286182 3298.01145519 -1178.22066122 2241.62377361 -10.8709489462 1096.69861909 1617.31875582 788.089756563 2549.10383473 -1711.90578407 -5012.17466375 -989.624439698 -11.3884653443 -1598.95019437 -4068.99721226 -512.681659717 868.965181965 -48.6774783643 1664.92557522 -6222.9920689 697.058093896 -97.7652602295 -843.955377774 -483.083236334 265.513716624 733.415985446 -512.621895545 1078.07728638 114.55554683 2370.9087137 -637.578552515 2416.02651249 1263.45934264 -2332.34095498 188.803606286 -991.210474531 -1408.58327069 -1151.02055671 -106.889608427 1918.53068602 -875.253174899 -246.913688008 1595.02748385 1071.8589122 1442.15460418 -3972.64273911 2461.37013203 1005.90371018 297.70809319 -88.8521668526 1378.11728225 246.392674587 212.034723792 -1143.31785267 -3118.58702637 420.771619186 345.191015686 -159.133683694 -2471.94281193 -1583.99346541 -511.750333343 -1294.73388218 -159.133683694 -2066.45829758 -566.028880129 3632.57032305 3800.93840013 1581.94345652 -2321.82974295 -1696.34210993 1124.09308812 -1272.35983646 839.349178686 1231.96044083 -73.8247735007 -1072.18588298 630.851630002 -297.599381189 609.873136134 -514.641115685 987.196386158 2992.37189382 2916.98368636 -1077.81511818 -2664.36344134 -1695.25382681 -1195.29505045 337.452509448 -219.310732779 3071.36821473 2975.27098968 -961.186813386 -1067.58602249 -88.8521668526 3141.65796329 1670.47412321 233.044338555 611.731383322 661.454640394 145.701745836 848.960355166 972.50400962 -1430.88120773 840.103014676 -113.848273541 -1700.82944694 -808.003735579 -1027.4901762 -9.70248463435 -2598.01938663 506.791377082 485.191526035 965.072955041 -1743.42318468 2740.16144783 -1082.38260685 -887.084814736 1871.97330032 1.84323349925 187.123145007 1792.68744962 -3661.5774541 -3200.8561493 903.626284452 1149.96760177 -353.707828794 47.1955811271 -3031.3076238 47.1955811271 -2274.73457326 1956.81186926 -348.631995934 -445.58372104 -415.324214264 46.2686113164 398.8068624 -201.375747807 -491.559296882 -371.665770157 3105.1862918 -806.566702227 112.09537895 -763.400624801 486.056986109 -531.889032937 1208.30276104 91.0352799791 413.406419233 -218.061221948 942.240955091 5230.21588437 -1876.16187234 -2253.45455909 134.094188002 367.545923936 267.860151122 314.941756906 577.502769566 576.5185842 -1177.37695609 -2203.24615721 1172.02956455 -2508.83012349 91.2749707039 1840.60365426 -1184.76407425 -54.3699317111 -694.600513163 83.4504319913 -2232.6248308 61.6197231759 -3097.08867256 363.563764741 2373.43247219 -380.616075465 1081.33468179 1061.44462235 -159.026134263 34.9111114265 -17.9513852171 700.680127663 221.986675071 -191.559220592 -462.340422025 258.502641545 43.8202032089 -2003.39991967 124.732207098 -250.677355639 358.94271376 1281.85187282 265.513716624 173.124427118 -159.133683694 438.114535153 55.5508108205 331.071206596 -356.539330926 -38.8964998369 -671.926042817 -491.559296882 1162.31832954 -2584.0590301 -52.6086978453 1559.67770334 -227.485171565 -770.976990911 511.752436363 -252.040721859 586.404757025 -2229.56180535 -874.501927243 506.791377082 -463.41935315 113.988228762 2773.88370175 3053.42280414 67.6861502696 -751.649061053 2048.08860981 -2134.26430336 -107.33650553 -3554.93327371 -6870.52353658 978.043666166 -1828.7033155 -879.234694259 1556.92085893 -2481.2771536 -3876.09994021 158.054946899 231.598206653 -1703.59877318 850.126751298 -354.887361428 2815.0328831 1094.56373117 1290.61877235 137.179176535 1639.60140042 76.6312326418 -4027.55236339 285.872234262 2073.19475937 -2589.67737499 -411.412403439 600.028244511 47.1955811271 1339.26097802 -812.226637524 1833.96358902 2368.64601177 -3591.24182679 317.761568141 1327.7443934 -1094.74440585 -2104.20201535 1680.88414604 970.976946721 559.090114361 84.677749842 -203.037835447 2881.74332474 1444.76016331 1026.17990931 -390.202600624 -1693.00475633 -865.70931178 -1117.36462545 -1327.06719404 -2067.6068871 -329.328254226 -2479.43879044 1378.82192624 -139.935742541 616.481739789 -252.627892878 -588.405442786 510.820716565 -11870.3638956 -640.70135223 -198.525873014 -2021.81386781 -937.808745382 -1177.79453395 -331.005838067 -721.120804575 303.549245119 1224.0755563 1617.66696816 -992.758132722 1599.61505991 -248.508169133 -2168.75261078 -318.069675835 -230.603016055 1812.78611983 398.790204343 949.998512829 57.4661883628 -1879.01125972 1319.88735324 -2964.96032568 -430.261955595 -471.26285457 -970.865657669 2819.13153882 4337.17253883 1511.05466014 347.61329246 -930.190829725 -1474.99488404 -260.481270092 -689.098463365 2297.64535205 1128.3090552 352.170441001 2475.33311483 -1324.48299999 -296.095939661 -68.484099375 -2289.74985228 607.267216013 -1875.87181986 5147.82129815 781.04277254 -2256.59490936 1874.01158386 -882.262413394 -471.324128948 -4232.02237737 813.664297157 900.35787994 1002.02655614 -1292.81276718 1642.07180464 379.188027161 -4256.57741024 -2848.55161284 2108.40688762 -1324.012908 83.4504319913 -2611.38472412 -845.694775308 1418.32929164 228.396830909 -938.97649883 3373.69893215 124.732207098 3211.77938697 681.167435442 704.797283526 1065.47469298 465.290270325 2101.28650737 490.424326575 779.497226557 -62.7317915895 4073.94822012 -337.508239093 -274.301404012 1554.05478938 -187.222634822 2172.04588661 -474.709345763 1975.4817879 -1044.28728294 4086.510754 -1800.44099649 2038.00816004 -2706.82492625 34.9111114265 335.090440731 -258.792340079 1261.1405656 1479.98375238 -54.3699317111 5861.8165422 328.45236253 606.458330337</DataArray>
        <DataArray type="Float64" Name="HydrostaticPressure" format="ascii">-904.750490481 845.471691873 -252.524461259 986.949021346 696.190554965 747.191297975 313.7267694 10.4135660565 476.363465533 1356.48482308 696.629963261 -600.813822789 -100.622865327 180.412899922 36.3307286854 -665.61398954 506.69804903 188.85087592 681.450145463 283.273050298 -856.299568449 40.5231378483 -4348.33453254 -388.040658099 1275.62620088 -204.238722634 -614.814039232 -676.059308684 25.7543494513 28.6768722122 341.587464708 -116.824407162 -37.1547621455 -436.218405946 -1087.3409978 -462.632095292 253.495678666 730.637217308 877.061367591 2245.71883199 639.576992088 -4.21989456628 287.12730233 -36.6475167323 -2544.70306407 -74.1991878627 -730.625120166 747.081408892 -186.269512835 -281.937919992 -1474.1545243 -262.95409512 1123.71813845 728.355695988 223.200574319 -770.034359304 -138.969287042 374.423947644 354.309560725 -575.263994936 -73.6950625388 156.037514536 -867.251028215 -1088.73319079 1521.47176802 -130.632449704 -1437.30167038 -10.6520476173 -543.747324725 -380.149815359 -118.369249629 986.27219439 -707.980081597 274.732999091 42.3934843001 -233.385196473 1435.83582532 874.261404935 -3620.4180722 555.569053137 -14.6187539447 -155.679973444 -317.000782992 -1023.28173797 -604.931813197 -481.128058721 -59.9655489553 -25.5246588454 -903.008177631 29.964592472 -1797.60724012 -344.493969106 936.034894146 -732.939495135 -338.26679976 -95.4072527621 -670.702608736 239.896383527 -875.180037882 -611.384036979 -419.493567403 -390.989847325 -1128.780686 -334.979856376 171.513830703 1115.23484707 407.843920027 -766.514604065 -353.98900743 -350.637930315 -402.94184019 -3920.11953448 307.002765587 -3333.46883464 1049.62661671 1457.27159402 398.621914059 -107.898281612 -26.8053655844 36.0702185057 -332.348178463 -46.6178234177 -771.657767562 -1047.62203872 186.659608759 -114.910308108 -223.139715414 -442.95594602 -202.533559125 688.281535083 714.393876249 897.648950828 -91.502136134 200.440798041 689.288103233 -1171.68304641 -752.702417105 23.4051926003 59.6723188967 1318.64466688 -172.654497698 -720.361260367 -606.900082789 -2032.09362215 350.220936368 -151.30580543 678.50386452 -65.8515044173 630.979266164 -84.5670673981 1589.12817352 393.815869591 -336.891405854 118.831008988 -495.323315572 -143.765918818 319.350418991 47.7643819049 -1224.07737967 -80.766537096 -1022.43944242 -241.698993831 -544.714322741 -207.166414499 320.071410066 28.8197819546 1460.21040962 209.356632931 -265.898359562 -5.54735526078 713.894017312 -1673.3291662 -213.808080183 254.153945597 750.622391909 -1162.79386967 -14.5492736637 -716.717648259 395.655542644 -660.629655088 78.3963164273 -930.229124914 -981.506641198 240.084824544 -224.825335881 -1160.8861439 914.783843583 401.351618324 310.517009101 -109.024012011 -450.181144938 492.908010421 355.677090994 -794.36273354 267.320075174 74.5089352366 -1875.43243854 2498.24373788 -987.017039208 -1497.79163636 -616.001124083 150.975570611 295.424199185 235.918215773 922.312875668 1193.35099715 452.139645217 69.8686993221 -271.75188653 602.817621546 136.775073948 569.783943644 164.754420862 1031.87506806 -871.58220262 -432.431001952 1915.55934129 1884.87225691 -13.4237918515 486.375274642 -446.271844787 -131.189121936 -2541.36153785 -243.236203711 340.637337172 -188.895757872 302.131170437 75.6976687107 374.378869099 518.38433192 45.7934403705 817.083338342 61.4212964583 29.8397777235 -370.090628467 -126.364523318 272.535769031 749.486441759 793.789866229 397.499579824 2808.04174134 1025.83048729 505.620053971 537.190670888 134.827029051 578.411198999 1162.12746519 -346.120399701 756.015956324 827.439985643 -210.684596981 -1437.63814129 -649.239101051 456.164317761 911.070423733 541.800649472 833.143580117 -44.8991243245 390.502206095 518.159981123 296.598869597 -45.2640410994 702.332765078 1026.97692843 -85.6892571922 289.934550602 -153.941335761 603.69955915 53.7549862294 137.103050415 883.013664652 231.373278642 -230.625592206 -110.189165345 811.893300297 184.878271942 115.455690618 -307.547231298 786.395630155 886.890656871 -945.678026139 32.1081414184 -720.192923282 -182.698112107 441.940282685 157.085258114 138.927656456 -434.500212436 881.207864173 -714.946208093 -665.893452614 -727.523452154 442.753553068 910.65086401 806.563820477 -3243.57663824 -360.027905645 54.1313545206 559.533835782 -1439.15941089 573.037955715 -80.7708438563 -445.965524507 -96.1861186871 1240.52006734 -2890.25608036 -2898.98148889 -1067.13582282 -225.123150836 -541.134607942 -580.293040738 -933.84224917 -507.554194435 -182.684748535 2640.00186098 -55.3868430018 -64.9539869114 4346.61829699 421.255791089 707.568670943 220.140302286 489.279047952 -982.949764542 -590.324160207 -881.240483307 -1060.23813078 -115.04648317 -476.420094443 -444.304498422 -110.925515043 -490.419540414 402.312511147 -493.042546754 -20.9042133125 939.641597917 -3062.44855409 -1020.68567613 -588.293180982 414.165047523 162.987647352 558.040575426 -2755.22438021 378.785231739 -198.455188271 193.899528098 429.351192298 105.253426795 317.805357231 -67.5788601266 -355.27556988 28.0118429022 -495.061988616 -827.834018443 -443.959901344 738.081527806 295.317883828 510.892645713 -711.069201321 866.142973104 3320.93520096 -1.241400432 -624.814237735 927.202531858 -277.152812092 -1248.75532754 -519.901735427 -711.138870008 360.015678644 1119.94031458 -387.022437033 -632.968145476 28.8491161919 167.817148348 -1725.86038928 63.121163263 178.549680826 131.023460914 144.552536985 72.4983098158 -482.675624172 -31.9835288749 -73.1182680178 3168.22015962 -605.953575428 349.287750958 -1089.81072778 -150.096523254 -841.088768744 293.679886679 992.797590798 -534.011229878 1068.26562642 1322.7739895 -1633.73061378 -37.5891572622 181.516687823 1136.13631688 -989.397015057 -1671.75013701 -131.255662092 49.7512853225 583.930696075 -1115.59699216 -193.218725645 240.632950688 99.9943631926 -723.579296096 406.155956128 -1134.57988957 -282.981567699 -127.917721034 112.431555935 1765.04721052 -712.575544712 -522.195796816 219.254019889 -110.201398363 1251.9914419 -126.616179936 282.444597265 -186.800047833 350.067721304 281.033922058 -5.0077993797 2211.03342551 133.280269033 -662.820301085 919.442898571 -504.267661714 517.441524366 387.092385178 -1084.19759649 -236.997448773 493.490959147 2092.84398277 -1262.29117118 201.168120265 -190.641131611 230.817328479 995.586444632 52.8775524011 519.847229631 -277.047074388 -15.7318603757 478.150839155 2009.82940046 254.190559229 -314.434138783 427.883719379 -1282.97044683 105.156993373 227.80795846 50.1344685386 379.157016903 13.3100296147 4595.96856626 -852.379567135 222.199374801 -820.691927369 539.125846257 -595.371323918 -275.92705825 -55.3826447982 154.572929438 176.733047158 -540.207975224 -409.057867983 -925.299901904 1339.96801594 -294.788409618 -990.196450598 253.644851184 -182.341267594 -1477.70059248 445.104020618 -552.168917547 1710.24174971 282.588115081 -208.449359151 -309.823508008 391.976526859 174.89136739 1003.05604555 -43.1004171782 467.686301164 -97.4485507924 -2581.01188746 -1128.7399279 62.2713832245 102.866135823 1846.29414517 568.681479342 -714.90836807 -247.889326953 -867.405960704 -1780.03442517 421.462822496 -550.634705724 93.4170378765 56.3492800169 -663.907049275 822.804905485 -2454.72572346 222.359368352 -822.818281697 -232.994419541 -359.307966165 557.935802494 28.5587133974 563.70037447 -821.494290792 948.885238792 -119.072916056 -312.540438914 -1168.0657333 -685.988187516 306.417381039 -175.887672396 331.49648422 -527.706903092 -300.18652539 286.28541481 56.9378630447 1028.46127163 -279.891815041 79.4953263369 -103.909406568 397.31257179 434.851928371 -1330.01092139 1943.74439429 577.920446222 1155.40847177 -722.073114332 -224.872232604 95.802681331 611.279143587 -727.043583554 4.26251405224 -300.230236827 51.6063595784 30.0815860569 -974.878463034 -87.916798378 -1036.75787581 -104.733056517 854.382116065 513.132904368 89.6742629041 -258.017248269 -404.849086459 383.618714639 -1474.30382773 -43.8279954345 778.471978992 194.136050698 328.242266971 1582.95062031 -726.4026939 -420.431555979 -105.285344799 259.683664798 -772.9472982 170.162161934 369.326447496 -459.087087106 204.270229484 -584.821451257 -1124.55292694 -575.986552882 -4.47889039611 -3.00559819865 -562.034412528 -168.788281137 -139.530748431 -804.217949591 -1101.52183769 1497.76584356 1449.61671612 -1489.52850536 -55.8766182216 252.39865788 -696.147519295 -1554.89585236 -1506.23428526 -436.611533525 -13.4355137679 -74.7319127501 -52.1771285 -335.285783729 -3333.05476301 -158.285171209 -93.0275425834 444.332572423 491.912590078 -766.837978167 -247.574018861 20.9739360106 -424.454912519 493.395096552 -100.273409104 965.004666236 201.178226895 -1092.37251087 259.566450353 -849.268994051 539.97352518 31.5687789372 744.043280912 -17.2161863989 12.0785004104 367.916058696 -3.88967531325 420.552594705 2861.88195637 -1744.8808654 155.207427342 -35.0221600926 -290.317132525 1053.64365303 55.8172535127 -1047.0073427 656.214974504 -1778.09394972 -283.287731419 146.441652583 1793.69634183 1531.35472811 -257.677408033 -156.963799047 -1017.42985478 369.070620567 -1953.29167185 44.1633744545 -458.544512397 -378.896542021 221.455293807 -418.308371137 -183.383135901 280.903200775 -255.052724536 603.838896969 -351.302479021 -762.431775116 634.718405832 228.050012937 -2165.70956891 -100.621750896 -2065.33366045 517.566660356 221.46151515 -1309.4655155 166.841054127 346.162692203 -142.219581268 317.695946241 296.770643348 378.332024268 -245.958568973 472.432656448 2172.52370716 1046.70765421 458.686344416 2125.34071978 1131.58476031 816.797974698 -1242.83605226 -1197.62497276 -280.251751274 -965.203482571 -1155.64882614 -693.741131065 -216.712269585 -113.482549336 65.8508859409 2536.53060873 535.392063326 599.457708243 1095.95787708 -2278.64819782 -75.5499071294 -432.824527884 -26.6134335328 -640.006737026 57.2663337271 274.298719694 -537.052695538 -333.690808339 565.888087571 -5099.96529273 31.1040059667 268.27050144 179.506300355 900.910831685 95.2589132591 -1277.05153052 -715.101388571 904.941281348 239.24701588 842.850027555 323.013531229 163.106648705 -213.821544503 -503.020756151 -1021.3413772 250.404986199 -543.589365577 -332.508045965 2655.07211374 234.204064135 711.794247605 392.970477444 149.037602078 -1047.91444818 691.878826351 -884.248423907 -646.584219731 467.290605178 -2367.45741015 -490.089263198 -668.703975473 -687.139943556 201.293362154 -577.600168671 778.690760977 432.69150311 -355.945518011 -291.83822745 -1003.54938008 -604.863494052 199.568351073 -433.94669695 468.826654232 325.565818892 394.782132095 -14.974748297 816.531837347 -562.070318177 190.66951647 255.922724071 -1048.30927354 561.686188349 969.780382556 -202.270322539 459.738432842 81.1414992393 439.200420245 136.032379212 -365.415371718 1772.31154235 165.791530253 -539.395580177 46.0508241158 -2367.71698132 -337.169780132 -726.618540031 -174.812524423 438.55143244 -71.6711979902 1375.22710156 1916.35243928 -436.339258835 -489.08714093 -70.0594952327 451.461405117 -2116.86490914 950.947302898 327.412124551 -114.194192611 582.256692722 193.89777113 49.7572051827 -1050.38473649 100.682412407 -1262.44359376 3.27507566405 520.51797496 -875.041897843 -27.880195138 -268.641386431 686.606259312 -291.926018648 585.390953891 497.138601152 -387.933584729 -2295.37194398 -17.1722610611 276.879545272 -341.895252209 -39.5671086607 164.719815962 145.535083613 -84.2188695961 457.30044832 789.579146656 206.936638132 927.041858432 314.851146255 -610.452840619 -194.564489663 471.084574356 -276.117693902 -883.186597725 -614.003396292 -640.194287961 391.756957295 -277.607259021 114.137137034 310.515656045 292.884582704 -162.410959007 -909.564112799 12.2268300738 820.597019986 234.328593167 677.606162393 1746.31535908 209.114830189 397.728152618 422.727818637 -924.024864321 -86.0240239395 188.750872086 -839.672126497 1.75809393466 -541.930735701 -170.95779785 -2685.90240869 -445.50314401 873.426421206 -387.02285937 1064.48238334 -1094.69574845 -187.629052883 -1014.48936015 -872.954951986 32.4465408352 460.825544217 185.044599024 517.160577901 -1048.27916094 -107.305690824 169.608747671 16.5206063897 155.474216617 210.165057251 413.19752466 280.755560767 4666.28766364 202.483834149 47.7833616573 -652.160959457 -348.257581392 448.441939329 401.687141473 -396.711390897 1054.92736252 612.287121711 -125.717802411 1657.13489876 -772.823260516 13.7324834171 510.149562334 -433.488963086 380.549928252 472.857411186 -548.295426995 1036.87863854 379.793538658 602.416576942 -240.474944361 510.724170895 1036.51902565 -326.216151475 739.312737354 46.5516493691 -25.5902227338 1250.9799406 -1555.18041382 -460.810731235 -601.435685556 -128.405691346 782.022218599 1640.6995468 781.769605463 -67.1871481475 1792.82332941 795.094045175 -66.8446471633 -450.488067836 430.421937316 -145.111304443 861.604230358 -776.051240275 77.7059353237 1370.19788046 1580.60050746 -1049.15778457 1366.1857991 -115.063671895 307.777405441 -237.405211854 262.851113051 965.849438696 -51.0343866378 22.2597885426 389.538890327 489.986497184 199.845737376 607.642233864 -645.543206693 636.0165894 -276.173212717 292.574828394 -258.448130934 -159.176510053 171.292650372 -70.8782874373 787.121448765 559.449114399 656.790858793 -163.446288015 -1776.56145641 901.512061798 -666.577256994 -243.953576881 -550.525484446 1895.23015731 -241.538494696 283.342462892 120.28209571 228.209516006 -7.81804802729 69.1646151302 2283.87527045 893.324284253 -622.001095731 -551.8467347 152.303551279 -180.534450463 47.5333292962 807.939211054 -258.482819576 530.804659939 -1176.99839881 344.211949375 -1012.03538428 -3.54949814239 678.653086991 -1070.34443784 -1068.88444676 -312.232391099 732.257648224 -365.579314224 1334.45008137 191.894764007 -501.568144504 -152.787133941 -350.504018936 -135.895805131 651.181509823 -174.559760971 296.831203367 -181.575319481 -514.873109296 251.063473969 -637.618551317 329.418561214 28.0177101653 -199.301184971 348.06051367 204.942392408 -275.58882154 -85.2618985423 609.422957811 -153.138689094 -213.296512131 180.656664511 947.043357666 -354.547741461 -517.423014109 -1279.7759888 470.78686596 696.367136204 35.9950785018 -272.053368426 -3308.57603873 -409.792385542 -323.095822848 416.010808966 54.6665095679 540.048105697 675.028769052 -245.48522943 829.029941885 -300.542120445 -1364.50005214 34.8980847193 358.824279162 533.124837717 -367.131589329 -692.005760838 -213.568057528 -675.534807181 -374.375048109 139.130007514 -45.5347058783 -982.804489171 -820.586687589 -428.24804619 -689.372468853 719.050617747 -554.361389849 -264.134675061 1961.35864021 -15.2036322175 615.650618804 -263.847668028 -203.916806546 -490.890954775 -458.193873484 -504.294304587 74.538974956 1558.90676006 -960.548770384 -113.683678867 -40.1053236281 260.315316923 872.443052344 668.120220576 296.787334137 -290.171769906 232.884412593 -22.6244282507 436.114247171 764.980460558 115.246212269 -72.8988814571 572.435410734 -305.687897032 -15.762692758 315.507593102 717.098762818 -1170.54143737 48.2945271942 -230.458260203 -195.225983826 364.894216738 60.4734632359 726.193043074 -367.616541836 2033.86235107 162.282164922 998.145218275 652.929715072 1169.38363506 377.214768188 459.751646805 -4.15417010866 -74.6674504828 1594.52658963 3177.8164566 255.183179867 -667.517549078 54.0632908592 -1300.56953566 -564.923816465 658.943914256 1271.94674508 209.578273838 -559.435466653 -321.470030645 -502.366195238 0.129806738408 2202.59217071 1034.68047664 -434.956138488 -773.096867149 -575.717641861 39.5841863233 680.508475086 559.932051975 -611.71956162 -1045.37807356 -438.453767774 19.8067155395 -298.413751454 343.051426445 426.408138048 201.885061495 584.337243166 187.874727746 164.537986118 126.848691717 1437.67655012 212.855563986 391.741056246 793.453013326 97.6450085266 255.944944163 108.375949194 -345.383212109 450.08881768 -175.611905984 22.2851902178 291.025553616 -132.827655663 2187.0422305 316.067650473 -390.796037149 -1035.28893836 475.993443704 541.482206936 1425.78584579 -707.161020452 165.648234156 -144.209787618 -2103.7308905 233.238063431 -737.100692027 -367.855575251 -119.552018122 -230.739504171 -2097.4385295 1009.79481545 -516.451085143 -122.678591695 840.647284571 158.872044536 560.525970089 1174.64259556 -96.0311186821 1540.01412973 678.105575042 -781.750855417 455.262122146 -144.52446791 604.088544807 -1442.3655363 1727.55568104 411.65815636 339.57803442 78.5673883382 977.093328292 113.693977312 484.672276997 742.856273729 407.552471227 71.1472175335 682.484159893 20.7585840804 -523.780092159 1237.6231524 -242.575829288 932.467331284 -469.665347921 -1372.42966896 -696.557858921 1447.98233943 156.898935106 1011.87128009 -567.877561062 223.732147073 264.838635942 -550.825583864 162.842707128 -129.039661334 -476.079914953 -738.823263934 1137.576213 158.989426943 111.273096222 296.949697187 -277.736649886 507.192366868 -20.0272551433 252.983032847 -103.183680609 -1003.2392486 49.4746695642 -35.4080686293 580.558314012 157.288733901 -461.869001984 357.856239639 34.0036721894 -88.1143733017 3207.0088716 -357.915367048 1224.44418902 100.000276311 87.0662772616 541.331260992 -804.269039166 323.357049336 65.7569709776 -407.274740521 -144.784862516 454.664032333 491.50687164 -1889.3001842 -1384.31203392 88.4906024711 224.719289097 150.137313474 -547.97159141 24.6107105768 -143.843301027 -1103.84726492 -535.740935081 366.585673142 -874.922779263 391.336327295 -2744.60842096 -599.403603991 -252.692031972 408.929868 -480.555156598 -466.929435826 -940.511396042 13.1415807998 953.014401628 -330.615954649 -644.002758206 465.920350169 -250.16544613 -1266.29938013 205.179924793 270.14305653 1746.64222193 -855.303768629 -5.27748793588 748.085864272 2566.79995036 -442.34422991 71.2929313223 -1796.32111848 286.242476084 246.504752903 31.0778652071 -421.117333175 -276.445799675 1041.26508743 -1207.59755094 442.532764073 30.8365902091 159.685118633 -269.2496373 -604.28041363 -168.911128943 255.012862302 449.053106926 -166.328557009 -687.643763764 -161.541823164 -107.754705587 -976.606427178 71.679636305 29.0865025941 -372.169520137 22.3668920228 -334.420414942 1993.87621464 239.049552568 91.4784879902 -344.049607865 -1100.74607595 90.2281808968 -1154.5661496 -28.958243419 -795.388489507 -477.470697236 -21.1413393746 -466.506320295 507.797627523 484.153864634 -144.897939944 -655.093200121 603.426206983 166.471668151 -554.498069624 -475.295844864 607.823822818 532.314895731 -2087.0862314 428.756639679 2603.48362537 755.027911833 -721.327244494 121.47056824 453.226426868 -347.558808418 -156.190510202 -568.892730399 491.355623474 -916.889281047 -254.412742003 -357.143875077 -485.505230254 -160.605444143 576.896586237 -1083.90874616 494.133378852 -647.615078903 1962.03221465 -200.343858542 797.012413364 1032.13649074 1200.76002035 -626.322412881 -39.463521939 834.466517723 -478.760720699 -279.457281946 -36.0051612715 175.876206908 -210.927018599 448.507437245 -305.464346921 32.9340947935 267.635948947 -2583.33606279 -585.079065679 -239.296431203 3319.11586817 1214.73283701 779.472617659 232.824300052 57.8744007894 168.344831645 345.266561254 -807.685001405 -449.273769259 -84.7601064626 -507.650302707 -175.142472708 -134.133045978 1114.56984719 -909.598265867 781.961431208 -310.463833469 -390.709244493 -378.773802028 -21.7754958608 411.173022142 129.167758216 -611.724954001 -629.840604263 -1880.35864028 -158.087852517 -73.3131993441 5.38176802681 1202.46035691 -741.885924498 -30.5366311738 582.288116206 -112.969023846 650.49990809 -904.766555561 12.6344880386 175.454949225 288.246128378 537.691732925 -140.606682532 -261.789516988 482.290081802 595.697488467 715.405798789 156.532251965 -1081.78651712 64.290860114 -340.122787117 -395.659045621 716.901773623 974.490387899 -277.10436992 -1285.54435777 753.148369808 -444.705229677 1116.52604001 309.803750291 495.900635711 456.732564356 -353.571998847 -277.290655782 -510.917515765 -199.747341896 974.428763355 1674.80969244 -364.24496685 -217.728638738 -458.874388612 -443.216526342 -335.398986332 -702.317707394 721.741118808 25.7899186975 224.813195666 -203.7740764 -65.2113154917 3248.33391757 150.613010065 771.137277587 791.491346563 491.581285638 955.407291871 -266.216756956 -684.262967024 106.001153959 166.419461496 513.287069121 -180.658014697 -565.749502595 1582.60914293 -449.959444881 -235.918591239 -1339.58646211 -372.474020126 -80.1900409247 287.365140813 3364.76810671 527.911758025 1349.66009625 244.205846102 -61.5952537347 133.513830336 499.570388282 -611.537559151 -532.805849476 632.980071802 241.201640455 118.103570856 504.847854809 -30.3698033681 532.745540841 -276.148271597 -102.588211385 -232.745224972 72.4327587159 -568.139498755 874.111098485 -8.84630465436 543.720148832 -63.8460890511 676.878401001 -998.860291504 688.534392973 226.095530806 179.196093145 -832.820097527 368.657377752 88.1157889404 -250.532130291 1029.27529957 -1674.72782799 93.6302628024 -516.399177598 -248.894190274 -307.921381981 1092.38400646 -570.59167655 -20.5047242241 -610.422915082 1565.59789511 -169.938253942 -287.220613557 3998.5851186 1103.1634325 -567.216327412 -291.255329963 -665.493016516 -731.763000775 -996.224411107 269.522248197 -494.487094825 244.809573353 -150.642804706 -1217.66388502 1451.22449119 -809.844468061 -668.476863407 -65.1884014285 -716.32376282 572.584182853 993.119676492 99.3164371225 -750.45440271 -135.831618786 650.026462233 -700.136844974 145.168491602 -639.999762156 1269.9684548 135.509245145 -482.31982538 -269.699362816 -343.991131269 55.2244750356 -349.553606294 -317.300022167 544.721189439 973.353807403 -276.25180088 344.499756893 -282.10576349 266.389307127 -830.495812322 -787.270160046 1413.47519069 -186.217344868 780.132257689 299.982055285 261.316512543 -1604.64626695 -47.90406536 796.854655946 -571.995923044 -965.377637797 424.611950788 -327.586243461 0.660227217737 316.491819407 -95.6198035451 -783.404044166 -568.044377003 534.455723654 -1843.56158781 -669.346536368 -639.203006383 -731.426787835 159.07274337 -440.819982078 422.800772219 7.82854516955 265.168312802 -586.189084168 -3.58386434435 -1258.43527138 581.883507722 -200.784587141 642.826959434 -139.994511176 -297.207649534 397.842543839 -1459.62859549 29.6173889509 -316.879364828 393.106203739 1534.64168465 -329.245986936 396.656886787 925.175793743 -325.305651576 -231.077456607 313.560529653 -569.501980191 3062.59199551 33.4689544803 39.6758404395 398.928352404 -232.646900934 -422.974080828 346.578703049 245.61531939 -255.822984339 -331.497332469 668.452092889 -261.721976242 3150.42942417 -286.031262365 -809.810534509 -2162.39247504 -2051.61668706 1225.54725546 45.2199936282 518.519618344 201.056577855 280.70241319 143.155434454 2229.86796011 51.5515800326 87.6697863333 -2742.40607897 231.664490121 -348.184131181 -346.812686966 1064.06038951 -15.7318603757 120.535719645 405.030189741 2420.6785958 338.000662929 -170.382375889 -1373.18318579 112.551101725 154.708538062 571.376169055 27.1675140783 -336.567298223 2139.55886546 300.499809399 -2331.0667943 602.877630042 -243.130805658 -14.1422708185 89.8600979185 -90.1546160225 108.769197945 -383.717959511 -1793.62032445 -191.291966446 -298.239194436 -246.859774832 -1174.85209462 987.924659458 6322.07032389 526.98223404 -217.32500112 -668.860364568 -799.027819236 -928.798826417 320.759565018 -870.246009639 49.7788803586 -264.749611279 812.176477899 -4567.06769718 67.5516320848 1359.98566987 -1122.76342901 -615.930598651 127.366889038 -1899.29075133 -700.770672962 -87.5440975328 -253.396620742 302.975611189 -1372.71668733 492.081733816 -169.81057525 -400.938295366 -201.683044623 38.2423273466 132.371420508 602.890601561 -17.5824255664 -1598.54889354 -236.514438399 211.564625887 -213.862063129 1065.59292607 2112.56936327 -77.1890977433 490.586274994 -109.067539048 697.972804078 109.076544327 -158.16525863 342.571674335 905.618768967 -413.583078076 -93.8602125931 377.537799838 51.9028526148 1444.40214828 7.62622304939 210.394627616 22.8152420638 511.182139314 1619.54650044 1422.4189853 225.369756646 -427.011908642 -1164.63130629 284.858471842 -543.895776479 -480.509536642 -741.985944983 728.342254517 -435.381271686 827.452459442 -142.969381348 15.1966497222 -100.426623422 -44.5500400141 166.412057225 393.728108715 -1197.6773482 -262.444617199 907.429361623 -869.509287989 -354.926875954 -1505.08819306 326.581576354 910.371553125 -894.410206123 -346.075690216 341.737442965 1978.02901226 -277.824932666 -3540.57532282 -143.779974838 -711.877645524 -585.049659494 -1295.22243744 -115.063671895 -409.145701336 -2089.5516215 -417.216490101 118.104215593 72.6397091282 355.257287341 155.841270179 -179.527257839 407.431313801 -315.563267634 243.570286487 -59.5397537548 -126.861806593 -220.094230498 -154.653373016 568.118247156 248.503362189 184.506229686 -361.638972848 501.704764723 10.1073723297 1396.8952202 -968.041546285 74.2375624156 26.6181412496 573.069302431 -326.813423538 -546.165386702 782.050926385 53.8255721439 -26.1624667451 791.802440198 1711.03875683 -90.5202284551 -262.2911276 -400.208444722 628.635306707 336.533408059 -261.332015025 -917.134296899 406.833830028 334.37149658 70.8761861402 481.265185283 18.2672047957 -86.7042508324 -458.979172042 625.887063698 -94.974507653 -410.29656325 -271.583575554 -201.567786065 -255.700484442 641.701645092 -31.8842289823 -89.6957585691 -1047.9035512 260.514516906 59.1046167882 -263.290672017 393.316000133 139.282571489 1994.07532925 -273.205417817 -335.78008236 656.243487469 359.124208484 404.59795331 1192.63961756 1485.54264766 -462.373950406 499.696766299 -13.1322921317 -7.58437990971 -1701.20775346 -1700.83227123 -104.751663902 2392.20477053 -5.49336877711 381.211888619 -482.169528099 110.098045433 -1223.72659411 683.657506159 734.56090501 -272.68855085 839.747236097 729.19959332 -147.543994888 -227.581261124 -157.330370536 -2130.04520331 -5.61880129679 136.954891638 -1863.05202605 9.56653133383 2047.79782823 -381.703310253 -1104.7452329 397.355600431 -76.6347133726 -1143.59136534 -476.353428554 -92.0513362144 54.547294365 377.063541487 -494.521771811 -3.74511901802 351.564986985 443.898264332 1351.21104006 1204.76657507 98.8782238781 -763.820435278 249.331972261 6.76612399338 -415.67901229 -985.546357361 -1022.25602045 297.007734432 -785.863323735 144.359083063 -1043.01122669 441.179025155 -583.960540536 146.016656016 1367.55981893 1809.8822867 1453.70106098 -208.760110557 -132.328018741 822.8422516 237.317333947 -69.9773485262 -2735.94597771 175.240873938 1477.54800039 -15.7318603757 1651.89149394 2764.81711312 4393.69345852 174.604901682 -2053.88472643 -213.29399145 -315.922476991 -113.808608603 -397.562706541 725.307375683 -1277.40580408 807.307170312 -573.351459419 -390.033662346 1794.44332116 125.738910792 -230.049169194 761.794707215 -118.755474337 11.7362759397 310.235383565 1265.76563529 83.5884355712 -346.619253136 1205.84155032 -626.683215271 284.489595521 -2363.17702575 293.51731345 101.728681912 1500.68162941 313.812381863 -219.239884133 339.509493796 -4249.2394122 -599.668161855 11.6876672559 -39.691203116 -559.688581673 234.696267742 228.809923713 177.867904185 493.734949635 -155.698665783 -815.388288045 240.533553185 802.959223648 -988.694384718 830.330219589 -842.089689379 45.1000879631 206.865146019 250.444438335 -744.308941215 1008.83055139 -150.288901648 -466.473001186 -8.09372406663 -359.20184483 679.960759597 -487.621941989 579.794086288 -845.11101115 584.843203468 -65.4698690699 1251.60747064 406.120353295 -240.475046891 -27.8796679897 733.37412925 26.8007805294 -474.997336526 562.625332665 28.8176654439 -249.452959324 -958.084191829 -29.0406744979 64.4962218573 881.749261585 985.563479574 -117.829030509 -66.8596938261 283.737767712 -28.4093112668 -377.852653621 549.721200608 223.101078424 611.83389488 306.975263775 145.071974268 1168.24693162 -14.1422708185 410.837867962 1111.27068643 508.759304646 207.737292573 793.915775926 1285.4234023 1626.00210333 -170.452010199 213.510959894 1122.73523502 -198.403818442 -162.865433793 215.977342649 34.8793400586 661.975957329 -170.563655037 188.744774822 -137.63647848 765.961404367 181.975329349 233.366642228 -353.50759737 -251.476520913 197.387945642 36.2856730938 -478.599586214 669.694317366 54.8205177883 -215.793618911 -723.126173785 -856.91228533 1135.29467394 0.284765177691 236.904691648 -151.693548459 1330.03537378 -99.0399467732 356.608400606 185.603343924 -511.98926832 -241.435581728 595.015635669 -837.150058835 2249.98243998 -332.834166209 -432.409844083 -827.226365977 -952.979689499 43.7286383789 -1750.5437006 -546.23070376 339.875107864 -2476.685366 -821.610652331 529.672421908 -434.850297412 411.96638421 -241.017653113 742.192074551 -125.027510942 987.837431749 -800.490345752 308.533548462 -189.881973084 296.100516722 -68.1497229247 62.1329741594 -368.259143218 64.1815651635 488.054504699 326.052680154 787.696122296 -39.7820204338 -375.086879772 82.5841137532 2058.94471509 -339.174063156 -91.5981533307 -339.784397449 -64.8067740381 -724.749998535 -428.416665473 128.972389073 -463.456439238 -466.141037338 174.368714133 253.666246724 710.323379895 390.581946281 -255.815145837 2007.42146233 607.033025511 -19.6015948717 68.258370355 731.463250814 300.544185022 1044.92768728 -431.595043059 -812.799112547 414.394468167 518.888722149 151.772083864 506.400299521 320.358180461 -852.516540284 286.96934436 -534.062175485 615.146254999 -299.471273628 1504.59118193 -26.3038557266 -248.838988501 299.225280736 52.9339745344 46.8137395221 -250.555004521 -3444.12822331 688.328472866 -192.889446233 -1472.06164925 232.716008411 -462.024162366 590.366156497 -1936.85125728 -202.056036106 254.852791472 -347.462818707 859.754867507 1251.18260523 -373.438605832 1068.75838369 1082.33730256 -1563.46097166 237.712064 307.066976082 643.043481799 939.618263535 -338.684410073 -82.7050204791 37.1424717971 281.236848154 -2667.65037109 2146.14252319 -800.535371527 -711.710979732 -23.3496575146 322.398011377 -244.771740321 -1125.29777976 482.59994029 138.620812161 29.6173889509 807.551816125 1378.03710016 37.6172829709 750.635115805 822.70615347 -962.205414928 -694.064399247 -845.655930526 341.081309731 -555.06677083 -376.594463665 81.670502394 192.110317474 -110.634712171 -26.8587338782 -2041.32625135 -532.294479729 349.471408319 97.3571070153 73.4865148899 -482.838755312 381.510523594 -966.062097338 566.025699508 230.716917818 688.518542886 169.474866908 -76.4631401652 -447.207559005 -131.949807163 -145.813929512 -511.617633792 -973.587686593 107.247723586 -864.696491458 288.868647906 508.158374296 12.7168702429 82.6304697858 -43.6813937671 -1957.86542158 23.3816854232 102.048100749 650.687822077 889.363771357 -178.600226943 -0.880516788495 -278.060690033 -958.628233643 962.029116035 -117.55286383 -292.582318495 -1564.55310217 -456.215650624 604.699988901 373.399394547 -467.864550581 337.2377406 -2173.71185885 -1109.42067091 -501.520586614 -218.995362378 -294.621800769 612.761171444 -187.707374128 46.4308416717 -560.497983418 -303.835524125 -216.985029819 847.109488256 633.271023653 3092.92717458 683.226891163 -23.9408041141 63.224005175 -1973.23099613 432.546909097 72.3146450042 864.944113383 159.806164861 -35.9066884034 537.302896591 765.073623736 106.284659079 -1677.90131279 45.2002460157 455.802176449 -244.907658148 369.299073993 455.121529269 -572.552038955 386.378542801 146.528664657 948.474516461 412.977967391 -617.005513018 316.742562668 212.884921615 150.019531994 808.517833566 271.132974147 -304.155356579 -230.945175606 -33.747435087 -509.432477246 195.999381404 -497.693745633 809.158394592 -1852.3531554 -742.701571969 140.057668472 -250.068841759 14.9356882542 -385.033991972 -488.353576127 -288.408703848 598.059867215 -238.536015188 -646.360416727 779.196778667 -241.792334401 -576.873284789 150.449173424 134.903670806 514.748663486 -1011.11294654 227.170032021 16.5206063897 -210.400661646 894.321906197 230.939762114 -1064.92225594 -61.8388562389 -237.541643225 -133.441474106 -852.039978122 46.2680732564 -2698.40357428 -719.730141274 292.914393159 -376.410940097 410.788321684 -248.156636988 -137.201328442 -998.550034473 -477.802528638 -572.591744781 -969.442000362 785.708100532 108.23374259 -135.460515174 -30.9615660991 -64.8197854265 632.917749575 610.592440225 -163.747159946 533.053391154 446.834979431 -686.415919185 550.216711314 219.141701034 -85.7246559757 98.7284689977 795.461404596 942.39748698 703.030690024 -51.6564869371 23.2566842746 164.478799356 81.3566897998 2282.90706871 -2306.12970506 339.193049776 -80.1912637462 435.612537415 1022.3076531 -115.966964314 -505.306799983 310.510523649 124.064944546 658.109254724 406.784124145 112.137140663 -328.517321738 -299.992141533 -1103.02178556 -230.849951679 311.083452096 260.123739969 858.447160304 -565.261699721 -478.213409583 -188.432067177 -472.482833732 493.068848066 227.03864992 -120.312536541 43.7286383789 610.690832438 340.028232639 -327.490826865 -357.567254652 -396.052522635 -714.578974856 -843.673338759 -1125.72073765 -1426.22708251 232.596317166 -12.7859560174 -241.338798414 274.049905459 -87.8931633173 549.167344802 484.360302922 -920.019605886 -1689.47596725 -267.437941911 470.233738346 -2478.82984361 -20.8199152979 -371.48120116 -2312.98798678 522.715006897 191.44461486 561.540102521 -802.654651621 -391.328204174 -516.300708664 16.1295449789 -204.656106022 -632.248542054 54.0451809598 -929.196386063 363.745890919 170.809323361 -42.4791728454 635.261729745 -446.155379916 -353.18528874 353.687439284 559.65480663 -550.41277862 512.724541661 36.6938270342 93.168931973 -2192.20873277 952.660252584 -716.561738655 251.551492376 54.624825467 779.110825847 -950.767422353 254.64643347 940.173084909 -758.03457144 226.666131751 -118.933681049 -1305.01693974 -106.842834636 37.967595601 -1004.2961852 -1908.47047195 -308.946497831 -2775.94262531 -334.899493748 415.859771989 -172.75970927 -152.787565698 127.282474349 394.764314207 -638.295676598 3125.2507889 -516.967491582 522.148182892 -102.217226809 382.148910523 -449.995964784 -317.243955011 325.792036802 -879.092126689 87.3822759329 -633.07737804 194.225397509 -1657.83062961 -188.734882951 192.437658547 -2371.63094927 -488.685335807 318.621215317 -836.4262459 -2338.47076045 705.554649282 -661.250748776 -159.455930903 -51.5116867473 -903.378492721 906.902377859 -418.900057235 -1734.58374995 913.784571503 542.554410211 344.234493307 -258.313980389 -508.688188007 -128.32616042 -173.070018732 500.713944014 -694.590192347 253.165703774 -1017.63049804 -559.869918319 368.548839208 468.746103105 -105.765119362 71.4906691331 317.868711114 -67.7317650445 -19.773167183 -7.59935959928 -216.14674811 -291.2206436 209.043811044 -863.256985932 -578.491987942 847.690540591 804.244002684 493.230241696 522.433505417 -105.571012735 343.761542418 -288.836280569 -290.095445464 -169.383394706 111.103237813 276.406089487 154.4446861 310.686483067 -567.744614782 -740.543190033 -330.836242691 -976.788490266 -148.812151129 -110.752291134 -575.599112979 -353.200128073 -100.507805065 25.8953649457 758.349362128 -650.550555679 -238.417640153 -856.170884384 428.63499608 -59.9931396589 -235.668340643 101.067652507 -167.556297852 -35.9647116618 10.1073723297 715.59478187 564.649897061 77.8332952018 136.6199119 331.907409933 -458.256801567 -644.498435145 -70.9437479943 -386.879863709 209.134674748 -658.730191918 101.107020956 -583.480509815 -560.627646847 1579.50371216 -151.864060073 2845.84402231 834.241741786 -511.553751249 -209.754120798 408.32866519 -28.2761129588 190.311261407 -213.831788964 332.31009932 -594.487672293 156.125090437 -457.44610034 -1821.35384136 -310.363870105 411.821859977 -58.6032168121 -8.82457593189 4.40091036606 458.589156497 362.950402494 858.713805701 -286.55345405 -932.948904362 498.061870948 440.67874729 -1296.09973188 445.849560328 684.487989614 720.248867944 -185.36176513 -713.052184366 -63.2639026626 79.6199291122 -30.3450933264 159.471839075 -670.51716157 883.16506447 1836.4611214 765.3165184 -54.7171016575 -83.7403390811 562.687721093 60.0601577168 -621.559941999 2346.84016411 457.872995364 219.862957477 -208.375335445 48.7245098168 -38.3101022284 -37.4207992326 105.952114353 -63.8845709697 958.856145281 -927.22396067 -489.72832614 329.444665171 844.913256136 -442.25959549 -199.350472263 -827.176450721 -842.623260678 -50.3118783702 462.280163896 1807.37290302 -38.3798775882 -873.665130387 3486.98286533 351.318305354 -1255.51456638 426.303061326 13.371330538 81.3566897998 212.216049743 -131.85808496 32.4172342723 1231.75629622 368.89306933 -269.141069946 -2184.30788033 -1290.17985654 730.65941566 -643.76907065 -368.723261348 -177.664722277 240.851583785 611.82247283 -426.409010307 -597.212301537 -133.409885378 105.154633646 235.650024614 1850.87462032 432.981725556 -245.049750341 299.384202094 912.301374178 112.118338083 -717.745079249 326.11551887 174.520617901 114.950327389 973.585517244 -68.4064092543 13.991862809 -26.9286910468 1969.66559466 442.17846883 -832.652310215 -14.1422708185 -503.39579119 -1062.66047112 203.774932974 1356.78921903 530.960396022 55.7583444303 65.5449131183 -142.223820101 -451.268039064 -399.20307628 53.1428133646 -106.083483757 -26.8779336681 -70.0164405284 419.998898015 -311.808966507 -268.19540817 424.239861033 -83.561607166 268.139654847 211.991870731 49.2170289402 1321.45618524 -323.013412287 -546.882306347 49.3959232793 116.287696728 -439.110822369 -359.158149496 -791.959946795 332.859325936 64.758107005 -53.1258572028 180.896835397 2662.65532308 263.119903069 -147.042372965 -474.035658832 -332.922249114 84.7422521267 449.046597955 -705.907012023 -63.7064798758 -471.650478984 206.548741587 253.613832296 99.7360174072 596.346285472 -326.877232262 54.7232796098 371.257563691 243.010237312 138.748681774 325.33959012 -654.884162764 -263.626565975 535.152321685 515.037182474 469.129141934 -37.5389762134 -341.309202597 290.689629864 -104.348113753 -688.814729099 125.457250462 -213.518271134 456.4418105 -541.933153609 477.613119394 1454.54885136 -1113.22188639 -1131.7956018 198.596217675 138.583301346 -427.241878277 -262.818753406 143.91481372 -1067.83120709 -435.889118234 1263.94730504 -84.990292502 -105.477003679 924.889012223 -1185.85485954 -70.0902049682 450.316757634 96.4203166602 513.38100877 -33.9809415325 -1444.75237285 1380.35775369 441.754573996 -255.368435696 377.860276125 -50.7998766296 18.1377177536 47.706338209 -515.98553666 179.102430706 -492.211934285 -30.1588790927 -1487.84768671 3.66788113196 -245.112634549 -775.240390372 673.463003001 147.014600502 151.929244845 431.889125192 -1244.32632992 -445.991634371 843.818011906 -165.89579496 -526.398084964 -2264.16102057 122.072089229 155.145799985 -472.952462492 183.359305811 943.725522215 87.9227038433 178.45698173 -503.435966239 -183.722069343 -49.5735039572 501.015388782 -539.188106458 814.987516373 1568.97273224 -613.02812719 -1467.25219678 51.7816965891 -443.392207742 -330.271641165 -642.236443162 257.665067969 614.473976404 71.1688327826 387.002526845 48.4207429707 -127.081756306 -678.942048195 272.195551069 249.475946853 -390.837141275 611.817937744 284.834568235 166.012098874 247.951605809 111.725458395 -276.119419848 -283.106344824 258.273250885 420.223415448 -488.002199387 -82.3721936384 550.205162672 513.407315496 604.824621634 373.695491165 556.194741445 647.306196584 539.493792057 -368.579965048 1111.26544327 -965.890099856 368.611820368 213.035030913 -447.285499122 460.139259051 -181.327425735 465.787091722 -38.210231489 -1025.17798798 881.107628167 -352.38410813 -102.582328481 -453.323433058 199.79350979 678.0375263 130.40375478 -129.610613018 101.663160804 -14.1422708185 -65.3067216198 208.40673606 -846.834779306 -535.233198282 -37.8619572845 -83.6443475425 -65.1590995652 -133.056044337 240.539549656 173.90228969 188.056950334 12.2601108423 420.135008003 76.3406630769 570.725845575 295.978781936 -482.737650421 -123.575329011 -48.1309834607 -267.964072345 -735.941183951 -483.515908641 195.558226275 -900.361581736 -99.6463708907 12.1453830126 -311.10869615 -1051.80541077 226.27509822 -621.724622541 -333.693485919 -538.720912937 643.345192479 265.17388456 494.206392157 -53.1258572028 -538.344821108 373.8550771 208.904494686 -277.64491685 -495.475821023 -1257.56231408 -162.01899537 -173.760069639 132.304131715 -374.406080001 371.201064506 -221.112659404 0.524030682588 -730.954864213 92.7327050914 468.689728676 -509.781027934 -372.658868622 2.12825738388 -282.182479118 233.21088721 -300.00455807 -1096.53904339 -2006.09192104 -17.6163960082 -179.590213441 -295.916055936 531.323578101 -648.528037906 -586.445615458 -438.960776854 270.317696956 -475.056262859 115.871522026 -125.913639934 2374.77569141 624.037440441 -69.9280707408 -185.489485188 883.605402436 217.094332602 -115.063671895 1028.51614517 -670.517721123 17.5362326151 -653.225845668 -469.300577423 -317.976170635 -131.287027817 25.2055589064 506.865224297 46.8734638724 679.303541283 -80.4613689772 274.161260927 577.07557099 -1642.14458893 -333.22468792 98.4020446103 -87.9048622902 810.3814259 216.224973115 -554.569377605 -359.37518322 675.710926466 -350.850612439 208.941193773 -143.659737589 1192.32930575 445.209315963 -883.069620061 403.103759163 -553.82872793 278.005907055 743.891658937 31.4006255227 36.1903112543 -126.092361006 -451.352058843 509.860682024 824.179555463 -234.879921075 299.756943643 67.1252492691 -211.58986108 -85.2745828655 -36.4702871553 542.547132567 -121.884269788 256.16006314 725.605658021 -424.913148104 914.774761518 585.818728806 964.000151551 -67.8427488439 -588.85954536 -416.834869369 -272.515705249 663.589872795 636.503374386 -1.94970770088 -15.7318603757 -564.110297214 -14.606734403 -14.606734403 -404.183965579 770.063969038 -1442.65077329 208.548758935 83.4340548814 -487.967283983 922.3656151 -19.0900480667 214.650690908 250.4836758 13.6236706298 -410.882296789 -240.664576067 -750.801753889 106.398698176 -115.063671895 -600.001125332 -532.777538091 1310.92867714 37.934906663 415.874289714 -420.507840065 -233.003543962 634.640450614 -346.860088329 -619.796884817 -507.71838367 -166.680884572 -412.548027534 -206.795783929 -125.537603974 -534.144269262 18.2672047957 25.4423399025 -697.753605795 -196.29022864 -158.75247522 -460.70718999 782.738505549 -15.4935428453 84.4053581725 18.1377177536 390.441968186 29.2833386408 61.99017937 -47.4126236007 716.897296185 17.5362326151 66.0398210235 759.804921465 -204.830087174 -37.9960762539 245.554532011 -109.764298354 69.254548816 -64.5257194175 71.8139069295 -78.9375782883 664.258457744 19.3451526923 1.91058699425 1010.79280868 -18.5169369402 -830.106970085 -88.504572208 -176.177187923 -297.394885811 -434.29576003 1037.59381899 509.383938441 1.73399727733 -295.424340155 -30.3450933264 622.771892373 -2091.99388217 -391.61076043 -2497.34031894 -347.381015288 -22.1719290453 464.455103493 501.106642755 -70.8213037067 -553.795540307 1348.39910571 -451.1348422 -239.294654942 -174.209436191 436.29516267 -135.285949801 -112.334230188 349.617492859 498.62306307 18.1233105704 -326.318486141 95.8372430151 85.3198703527 204.689744816 -605.329351997 30.7172001752 -964.734179918 640.427147917 31.4006255227 -606.317107246 -97.3187056432 361.691904581 -355.632446765 -57.7528061263 55.3827480855 433.838128548 88.9723543381 435.559854371 -351.517768965 397.592522765 -14.1422708185 60.9951424588 18.2672047957 107.914349382 -370.065569514 -312.147080718 349.596759582 -30.3450933264 -1323.69180682 -116.154701308 449.291676317 51.3312006427 -280.7163276 -664.322554831 29.2342898571 469.895396876 -1498.95518817 67.1252492691 -870.267799494 20.0580585535 974.084778769 -86.7208955683 -294.805432406 12.5178214349 35.5716646449 -9.58035415499 18.1377177536 217.624483345 688.010393493 241.801349344 -393.132912866 1294.65268608 -395.527062233 -11.3066011838 479.708886505 123.356861057 -46.7394657546 -159.605861415 -271.289334822 371.454578728 415.739751862 -1011.97771362 151.320209569 -196.754867834 -229.139684993 -242.688319532 -148.003523626 -28.3616465879 1037.38774081 2505.22381095 87.9970708951 10.1073723297 353.911642694 460.167219405 41.8617222888 509.422837463 554.46432231 476.211901796 -60.2019434415 -87.4912645759 612.681745711 -200.172894117 689.601598792 253.667242093 96.8595156714 307.59034844 506.172469751 -567.42284053 889.558838091 -312.3580297 18.1233105704 -270.859508231 -623.001164084 308.045927095 -104.980585635 68.8408720332 669.776781856 742.777323533 -107.455645507 -78.7806543005 67.3092887483 10.1073723297 -90.8261486312 526.112086266 336.251579572 422.04481153 611.214414541 -435.616916844 62.5475428578 -334.85976692 -30.8190019964 -170.584145454 354.07654761 -109.433556162 -198.368238156 210.590474716 -18.5169369402 -107.905886127 400.281001012 281.658767928 -1156.51400117 -26.7557835148 417.474322508 -163.814080474 -382.468797649 -145.515991737 368.863451828 31.4006255227 -59.7536742884 262.163551003 108.995318569 -551.735424592 166.697496886 190.793266728 -382.336253399 -397.318173669 -195.468252342 -112.707095394 -1099.33715173 392.740220405 -747.207924538 3.62364964872 -365.566206362 -539.10625194 -262.696585521 -849.701278243 570.635261355 1670.72488792 329.874813233 3.79615511476 532.983398122 1356.33240409 170.893886572 -289.655060655 16.2258261214 -554.975191741 2074.33068963 -232.352697965 32.5884200765 281.318459258 161.027745445 -88.504572208 -244.471995149 170.873965182 -359.359095459 -38.1851822767 -790.302904567 212.526184172 -805.342170828 -421.153114213 777.446984994 -62.9345354288 330.40349151 469.527756896 383.673518904 35.6298694758 -639.510228675 291.7510583 82.3045626693 -531.675827951 -357.286304068 -480.718201392 1324.21424637 -820.456710677 -335.301236727 -99.2360310634 29.6173889509 -459.372427415 -82.1308915291 -70.6782412641 381.105950889 1039.52900879 -140.257206395 -115.063671895 53.0445612313 823.980937309 527.997821804 170.583444448 431.577960728 53.0445612313 688.819432526 188.676293376 -1210.85677435 -1266.97946671 -527.314485505 773.94324765 565.447369978 -374.69769604 424.119945486 -279.783059562 -410.653480276 24.6082578336 357.395294327 -210.283876667 99.1997937296 -203.291045378 171.547038562 -329.065462053 -997.457297941 -972.327895453 359.271706061 888.121147113 565.084608935 398.431683485 -112.484169816 73.1035775929 -1023.78940491 -991.756996562 320.395604462 355.862007496 29.6173889509 -1047.2193211 -556.824707736 -77.6814461849 -203.910461107 -220.484880131 -48.5672486118 -282.986785055 -324.168003207 476.960402578 -280.034338225 37.9494245137 566.94314898 269.334578526 342.496725399 3.23416154478 866.00646221 -168.930459027 -161.730508678 -321.690985014 581.14106156 -913.387149276 360.794202285 295.694938245 -623.991100105 -0.614411166417 -62.3743816689 -597.562483207 1220.52581803 1066.95204977 -301.208761484 -383.322533923 117.902609598 -15.7318603757 1010.4358746 -15.7318603757 758.244857753 -652.270623085 116.210665311 148.527907013 138.441404755 -15.4228704388 -132.9356208 67.1252492691 163.853098961 123.888590052 -1035.06209727 268.855567409 -37.3651263165 254.466874934 -162.01899537 177.296344312 -402.767587012 -30.3450933264 -137.802139744 72.6870739828 -314.080318364 -1743.40529479 625.387290779 751.151519697 -44.6980626673 -122.515307979 -89.2867170407 -104.980585635 -192.500923189 -192.1728614 392.458985364 734.415385737 -390.676521515 836.27670783 -30.4249902346 -613.534551421 394.921358085 18.1233105704 231.533504388 -27.8168106638 744.208276932 -20.5399077253 1032.36289085 -121.18792158 -791.144157398 126.872025155 -360.44489393 -353.814874117 53.0087114211 -11.6370371422 5.98379507235 -233.560042554 -73.9955583569 63.8530735306 154.113474008 -86.1675471815 -14.606734403 667.799973223 -41.5774023659 83.5591185464 -119.647571253 -427.283957605 -88.504572208 -57.7081423726 53.0445612313 -146.038178384 -18.5169369402 -110.357068865 118.846443642 12.9654999456 223.975347606 163.853098961 -387.439443181 861.353010035 17.5362326151 -519.892567779 75.8283905218 256.992330304 -170.584145454 84.013573953 -195.468252342 743.187268449 291.500642414 -168.930459027 154.473117717 -37.9960762539 -924.627900582 -1017.80760138 -22.5620500899 250.549687018 -682.69620327 711.421434452 35.7788351767 1184.9777579 2290.17451219 -326.014555389 609.567771833 293.07823142 -518.973619644 827.092384533 1292.0333134 -52.6849822995 -77.1994022176 567.866257728 -283.375583766 118.295787143 -938.344294368 -364.854577057 -430.206257451 -45.7263921784 -546.533800139 -25.5437442139 1342.51745446 -95.2907447539 -691.06491979 863.225791662 137.137467813 -200.009414837 -15.7318603757 -446.420326006 270.742212508 -611.321196341 -789.548670591 1197.08060893 -105.920522714 -442.581464467 364.914801951 701.400671783 -560.294715345 -323.65898224 -186.363371454 -28.225916614 67.6792784824 -960.581108246 -481.586721105 -342.059969769 130.067533541 564.334918777 288.569770593 372.45487515 442.355731347 689.202295701 109.776084742 826.479596815 -459.607308746 46.6452475138 -205.493913263 84.209297626 196.135147595 -170.273572188 3956.7879652 213.56711741 66.1752910048 673.937955935 312.602915127 392.598177985 110.335279356 240.373601525 -101.183081706 -408.025185434 -539.22232272 330.919377574 -533.205019971 82.8360563778 722.917536928 106.023225278 76.8676720182 -604.262039943 -132.930068114 -316.666170943 -19.1553961209 626.337086572 -439.962451078 988.320108561 143.420651865 157.08761819 323.62188589 -939.710512941 -1445.72417961 -503.684886712 -115.871097487 310.063609908 491.664961346 86.8270900308 229.699487788 -765.881784018 -376.103018399 -117.390147 -825.111038276 441.494333331 98.6986465536 22.828033125 763.249950761 -202.422405338 625.29060662 -1715.94043272 -260.347590847 752.19830312 -624.670527952 294.087471131 157.108042983 1410.67412579 -271.221432386 -300.119293313 -334.008852046 430.937589061 -547.357268213 -126.396009054 1418.85913675 949.517204281 -702.802295874 441.337636 -27.8168106638 870.461574706 281.898258436 -472.776430547 -76.1322769697 312.992166277 -1124.56631072 -41.5774023659 -1070.59312899 -227.055811814 -234.932427842 -355.158230993 -155.096756775 -700.428835789 -163.474775525 -259.832408852 20.9105971965 -1357.98274004 112.502746364 91.4338013373 -518.018263127 62.4075449405 -724.015295537 158.236448588 -658.493929299 348.095760979 -1362.17025133 600.14699883 -679.336053346 902.274975415 -11.6370371422 -111.696813577 86.2641133595 -420.380188532 -493.327917459 18.1233105704 -1953.9388474 -109.484120843 -202.152776779</DataArray>
        <DataArray type="Float64" Name="PrincipalStress" NumberOfComponents="3" format="ascii">-2505.00534774 1735.75571644 3483.50110275 -3685.58411579 -1285.97719839 2435.14623856 -2640.50599219 364.341221363 3033.73815461 -2629.28200019 -873.933679906 542.368616061 -3549.33705331 -858.091684597 2318.85707301 -4016.06439474 -556.176130896 2330.66663171 -1730.98226721 -322.232827663 1112.03478667 -951.042119447 -241.648492922 1161.4499142 -5084.41218715 97.016628079 3558.30516247 -4131.19761653 -1243.48622872 1305.229376 -4140.87465755 -201.372715145 2252.35748291 -312.131961782 284.520161289 1830.05326886 -1083.86900887 68.5698194073 1317.16778545 -2846.65737928 -562.796662327 2868.21534184 -2561.31712476 564.292971467 1888.03196723 -1699.71892517 905.5945171 2790.96637669 -2734.14338866 -542.414559268 1756.46380083 -2765.92956204 -225.357851065 2424.73478535 -2306.41308505 -1348.61879177 1610.68144043 -1358.9094159 -553.631608131 1062.72187313 -898.256679786 1245.5973338 2221.55805133 -2967.53788468 -74.6143473407 2920.58281848 1931.58016948 4020.39354149 7093.02988667 -1759.50480759 757.990168453 2165.63661343 -4565.11495532 -681.30811207 1419.54446476 -1341.77345767 472.107473108 1482.38215247 -2576.06761035 81.4410069596 4339.06872109 -2300.88174562 854.237794372 3474.8218773 -2626.41932395 -74.9404545617 2624.09673015 -2686.36040205 -307.697990625 2908.02777604 -3138.50002528 320.23280561 1793.50482555 -4762.88967809 297.738490566 4815.62440901 -1414.90616809 125.937309125 1400.4331454 -1939.21853786 1244.50030132 2003.37345438 -45.9995199214 815.50389108 2492.51862223 -2787.74457809 332.896161923 3842.74470204 -1777.05222337 -533.275316776 1549.84050414 -3170.75862051 -1605.75032252 2584.59729111 -2373.70685331 -1309.96743206 1052.4901826 -4281.93727139 -1491.51726655 -963.701958019 -2099.45545401 -952.42765247 1133.15213021 -2945.99698416 68.6370588763 2890.01960898 -2523.52121904 -803.697070016 2465.83638207 -2300.53488579 82.4314451627 2328.04599082 -648.631862909 2773.38744615 5509.35360897 -4074.87609703 179.926297419 4117.5473632 -2438.84375901 1318.30572014 3312.41339937 -4147.19361669 -584.486599024 2490.43598904 -4165.52765689 35.4730969398 4688.86309846 -2370.55168992 420.924478955 2795.44097095 -231.140766968 2084.03826102 2569.56607885 -1858.30148326 484.648257214 2162.51551141 -1896.88934891 -1689.92773161 215.662665164 -1806.76295857 -1230.81574951 852.511620111 -2651.0194574 -877.892151724 2859.30988617 -2652.57365656 1408.21594545 3554.46078902 -2470.34585445 29.0323912962 2858.22132428 -3065.77744391 -380.9921415 2323.49774248 -2285.79442524 -363.61647863 1586.48222169 -36.9517577123 499.543586889 1263.20015563 -3116.69855578 142.93635926 3194.84738414 -2771.28362316 -1165.6694538 3468.84053336 -1323.15108028 1574.81822582 2350.0859391 -1576.0930107 368.600723854 4473.69185921 -3632.4830427 -1995.9998088 1064.06754743 -2988.53895535 118.860097825 3261.57620664 -1047.63006607 143.597250108 5215.93782711 -3501.33875363 796.83124923 2736.46364726 -2213.97640089 -182.998376679 4028.21675175 -2622.76948963 580.608840948 3182.61009476 -2234.87364739 -110.463545973 2700.44494225 -2917.67470889 -956.29707028 915.155196 -1974.81137036 138.957062545 3959.7945526 -1697.27459607 -299.346742341 1172.42234114 -2697.80797263 83.2152479894 2487.41227174 -2976.09514545 213.038914117 3463.21182075 -3966.29513905 -1787.67690178 1446.46456487 -4092.81102936 -394.39479171 1864.42160626 -548.723283767 4747.12976929 6662.84773108 -3861.69530561 20.636067243 2174.35207895 -4880.27067284 209.430584629 4714.69635004 -2346.42969226 -790.60847443 3604.07808702 -2960.45102908 1309.10629034 2602.34708771 -2879.90566171 1289.42337036 4660.32750524 -2084.16438463 -331.265889186 4230.22571341 -2642.18408011 -43.2549136047 4128.82316988 -3593.69797865 730.48329901 3043.11132651 -1752.7598478 337.189055934 1492.1447684 -911.769016452 -81.6729320977 3702.46648144 -2950.56153828 50.0982050952 2810.56955577 -1416.44994482 2430.34745038 4378.92421479 -2272.62133875 492.454910807 2813.64833526 -3581.13267625 -22.0073689665 795.035362775 -1819.65220709 13.9143370057 4004.55635549 -2074.15508069 636.090131895 2452.86534808 -3131.85702903 74.9853714254 3343.09341589 -2298.54999662 779.029929698 3531.62789312 -2760.3359785 -311.550489583 2352.1973175 -1831.03703381 526.092464919 3930.48468254 -2163.5927698 -32.5611223628 4030.3060031 -2393.64614096 300.080737293 3352.04610587 -2229.46665215 408.530351556 2993.90584257 -1023.40853024 1659.2508007 2750.49978755 -2604.22295868 470.414990045 3138.74753776 -3084.99635148 -190.146593755 2760.60145313 -2831.45005664 -1221.79723453 707.542749957 -3321.24573639 -403.947444838 2501.66142115 -2260.05324207 452.861593815 4106.73546045 -3085.24400153 324.101082267 3823.10994155 -2285.10314541 139.032140886 3197.98479547 -2102.12150956 897.640819014 2413.30621112 1616.8403933 3612.76124579 6530.75696436 -2875.99229737 859.681519036 1095.30248158 918.874971817 2173.18405002 6908.34748207 -4259.74641626 -663.296872972 1774.1634391 -4053.52312064 -2165.37890126 1847.08723985 -2563.95001074 -600.438502289 1968.52277085 -2820.85183207 -376.136009517 3520.68268643 -1570.48488452 23.6079561567 1627.29302511 -3090.05785824 -144.644441547 3126.49164427 -2928.50304468 -537.731609324 4463.27918939 -2820.1299527 87.6748490339 2872.30857392 -2401.71483946 569.512521862 4147.17562028 -853.555500518 983.063838649 3013.35777803 -2662.09524941 -411.871948856 2513.98837199 -2858.47037153 -412.466673856 3615.66796971 -190.949717771 290.519934712 569.8489293 -2172.17151615 -279.557486488 3780.5968407 -2624.15042058 230.771216654 3000.9798813 -2666.45692295 -995.903978755 1597.51629645 -5296.81162038 -121.887375681 3275.51736731 -5160.78758468 -811.804561851 3279.64529405 -2797.75242442 -175.995573339 3248.25440616 -2985.49027619 88.3224461227 2295.84543594 -4007.41359865 -358.882709132 2298.43199808 -1853.97563236 1558.07547661 3810.94929498 -1786.05837604 872.564553141 3171.60107421 -3907.79536781 138.04878826 3699.53100175 -2873.48242253 55.8373602368 2638.6281056 -3437.66403174 -610.9196078 92.6496388974 -1933.78399329 455.086921445 1996.66056494 -958.139147714 1143.91891873 1975.30401008 -3904.00660566 765.741419987 4958.96543404 -392.676904598 1120.80060902 5368.15716203 -5031.05201241 198.323102084 3782.06610122 -264.982575064 147.70601554 571.193975813 -3213.51328886 -809.687906399 1987.6896017 -2754.04670847 63.7109019855 2887.89031973 -4126.38391684 -88.5722606972 2322.01837905 -2802.85006956 39.6847749964 3016.86649676 -3695.89181223 -1689.57512136 618.082413025 -2707.10771268 -125.733675448 1651.39377935 -3867.01585992 247.851801337 4629.83827615 -2990.32131634 -143.241602045 2777.06989142 -4191.02992543 421.813342242 5255.18652991 -2297.39099382 -239.950941253 2968.63969153 -4355.60474763 199.031023252 3198.5224674 -2828.45894414 75.1152795988 2610.05051883 -1144.42888208 1885.65614563 2931.00487547 -3164.37005815 -972.447276989 4379.11694643 -1775.20320691 688.919697069 4153.6018371 -2874.22279926 -569.418040918 4168.73782168 -974.586028643 386.150229641 2222.57876722 -2344.99150224 134.626278262 2831.86446748 -3490.47643434 -266.925821478 2797.18802562 -4274.9846287 654.297923477 3534.22735935 -3557.94622461 -846.124600087 23.4395958303 -2169.20110614 -1336.53557596 2877.6667833 -3821.85310774 300.320114248 4319.22807217 -3069.35121154 317.301697472 2768.69157985 -3654.26465091 -576.220695917 2088.80329489 -27.2772414968 1431.24688458 3616.0178555 -2993.68166235 -93.3087073062 3728.4146102 -2045.4267233 -278.723979225 1561.68886574 -4652.31829499 -300.605419552 2701.05653881 -95.0524548887 985.752819056 2597.68124485 -4240.48717788 -111.439258584 4395.57425745 -1122.20683925 -3.02333304531 3275.38311707 -2996.07422282 -709.27199271 2518.3795876 -2774.90873339 1138.07257847 3618.72512019 -2553.70973794 -234.914888892 2553.43567755 -1001.53892691 1346.40808053 2445.81822112 -199.216574403 674.920408689 2468.81608931 -2917.6582322 -217.49595203 2414.89971059 -2348.5885407 241.214815245 2781.8497331 -2746.35554284 643.782552535 5585.231422 -2356.04114021 -772.692585854 384.382195317 -4934.72434063 598.574762305 3132.09472335 -1270.61904536 -472.633346495 811.701364556 -2741.19232643 34.1265818143 3034.13778065 -1442.92847881 494.343878973 2299.12803465 -4418.25676484 2.11094046672 2937.42179311 -4066.2649665 8.15632393642 2991.07736959 -2931.98435501 1702.53053391 3612.54202172 -4562.25250868 128.937730928 3631.35455224 -2776.70084131 473.811194583 2079.36284102 -1759.41446761 1363.37507032 6022.3367129 -6079.63437902 -2872.09739446 1457.00055984 -1956.28863504 447.05251136 4470.28724131 -261.315293517 2110.92738723 2643.76281537 -1338.35971015 887.894105535 2298.46897686 -2521.00215812 -503.02103293 2571.09647922 -3957.63262647 459.08111949 2612.27890942 -3122.18469534 -560.855761468 2975.28580949 -4607.22062812 -618.223008931 2458.50501005 -2883.93474953 -1632.63597126 936.51772935 -4654.61422401 -266.691534119 3564.88682248 -1995.13579697 -1042.04568108 2827.57538008 -2678.16038337 708.836193518 2784.57984944 -4480.46326209 128.041810206 2543.96858725 -3505.5801055 -150.928230622 3246.18311428 -3919.59938413 -422.370866295 2632.61841949 -3075.83311631 -1.93008638586 2583.49994011 -2655.79478836 -1360.03903372 920.208617894 -1999.20557278 963.852481093 3650.09969955 -2539.28943619 211.441217125 3625.14122492 -4794.37071105 -2143.1269484 1190.81963559 -4728.18803383 -601.662417032 -324.766319864 -3577.3377653 234.524845765 3383.08429509 -2466.35130302 -612.313457273 1619.53893637 -3022.64464278 1203.77629206 3157.68388508 -151.776247761 -73.5120114318 618.855625 549.957508135 1622.89182269 5451.23528272 -3179.51730295 1080.00284793 2829.22306616 -4350.50051436 -509.059205863 3837.6477087 -2928.14542908 487.452014517 3007.38068818 -1007.48114136 -58.0838645477 159.1714946 -4925.54665263 -100.938068501 4799.391715 -2921.84850344 -452.282678074 2250.99457422 -3899.46002838 224.509451554 2119.79758107 -2956.38598564 -117.776209225 2936.78187375 -3974.54620201 -369.622110809 1892.91829779 -3322.05149019 -89.8674080029 3227.65500882 -3277.60482952 396.731688898 2791.35380745 -2240.70828285 1201.43024736 2149.54992089 -2626.2947758 156.53164316 2848.85670259 -2820.37100735 76.9503008285 1925.81339943 -3740.08736424 -1172.19824198 2663.82628095 -4161.2043487 -733.976891623 2513.81164163 -1681.41876063 -530.208775874 1019.12879703 -5730.30909734 -1998.04576203 -695.770364644 -4521.57839588 -312.105558073 1756.19249208 -4274.11127238 357.230232179 2400.02087829 -4158.08468265 -394.815418452 2941.32808843 -1513.36513353 -258.33209522 1367.2161416 -5357.66928089 -412.562209962 4034.99789386 -2658.88012701 -1772.08616974 944.583901166 -2685.58331422 -259.946469458 3983.89098278 -4846.90391269 -1165.61959017 3744.47563389 -4515.35112797 127.502033121 1905.52913792 -2752.15708933 260.051588471 3124.1592918 -2264.31280167 623.647502833 5953.57972269 -976.414359784 986.806311099 1937.32535184 -2680.35989128 -606.522360639 1918.38929863 -5206.0744894 -1588.0816278 4060.944846 -2798.5404263 -476.590873091 1649.72935098 -1914.00803236 -1154.16451757 568.74180958 -3388.48451013 743.978508727 2779.20337438 -2759.61862813 -961.716085787 2549.82809563 -3698.64090462 -446.650021011 2590.81098226 -3021.13820401 -749.903268445 2881.24486366 -2986.64146456 124.055406709 2998.37818115 -2262.84638462 -722.03170211 877.879791502 -4276.01438276 -717.999084256 1913.08268173 -482.531563941 -44.5343465149 784.133682032 -1373.41030684 -462.370236277 965.976891307 -3394.07898403 -701.40904125 4557.31203256 -3732.11619888 -514.802520758 2435.82004218 -4459.29042352 -111.329364578 4409.35482941 -3104.35787179 -358.041924101 3051.09064465 -2271.27034195 -503.226946391 125.456294383 -3387.35929178 78.6775461592 2614.5619097 -2687.11012924 355.324873501 3023.66203236 -4362.1451302 45.776331134 4646.9362951 -3116.13112049 -977.718990876 1658.17021048 -5362.57205748 735.341876489 4072.59536517 -2343.5284132 -136.66255192 2133.82389327 -441.86875642 -225.269886162 1589.78033648 -4374.45441011 -226.034143198 2241.30166284 -4452.685811 -124.926528916 1916.9403693 -2989.65587176 1985.67174908 3841.0182011 -2404.48596716 -791.814398362 3099.97594127 -2085.99973929 -306.833651023 4553.41216016 -2517.03089218 37.3192138563 3027.80601465 -4454.24988685 -68.9032874202 3197.33232622 -3672.61541976 546.056804373 2655.30284105 -2912.85685561 -605.007571716 3101.08145796 -1727.27310853 -412.763337698 3443.53708353 -4002.16451879 -733.989406346 2092.53033262 -724.965616312 269.253583547 2600.55065704 -2605.99216491 282.854586722 4320.81793603 -2778.71936607 608.227484869 4353.06223766 -3101.38076506 -448.733893201 2221.85399906 -3107.513843 -1202.18762158 1577.74887255 -3896.40482652 -232.62765375 1709.34101884 1354.04436853 2477.91723449 5898.76831171 -3810.75515079 -14.1630617814 4905.00192951 -2085.29622627 258.538573257 1664.36358945 -4658.9387217 -726.975208 3707.31242235 -649.523934041 1793.87490641 3173.1272603 -3971.6733245 -72.6362807952 2325.19573815 -4383.26511342 9.05745625653 4616.52018873 -1685.61860231 350.820169689 2672.69500614 -4637.55115785 -22.1645874363 4948.27410135 -3927.28022602 -2041.02930214 2246.74932615 290.483579681 2895.49414852 5484.79051287 738.117620423 2195.77097189 5763.05587437 -2016.55698223 1044.0733269 4173.89112379 -3125.12307135 101.478252028 3699.01427183 -2437.4226497 605.702331955 3455.12414157 -1575.91076414 -237.329622052 3554.1195084 -2661.98690124 1085.90601426 4377.60763449 -1632.93395936 -225.1317279 3380.72827056 -2365.71514055 88.2904904011 2825.47889576 -5753.2697577 -1476.60365273 -690.132172501 -3694.96681723 185.638457762 3675.48888847 -2769.12172539 87.1342211484 2876.84946497 -7759.86461518 -3634.18797514 -1645.80230063 -4178.29206251 -72.6368310712 2987.16152031 -2750.22881615 -1480.67512966 2108.19793298 -4638.8934072 320.247911542 3658.2245888 -3645.41648598 -796.289937595 2973.86927971 -717.405433524 1415.57971089 2250.67501626 -2780.71708897 1670.20727037 2881.48229922 -1977.21611424 227.935869071 4393.00169509 -1923.92583026 721.840369699 4382.79985291 -2274.99954929 172.314314458 2447.82468435 -2647.17907412 722.399645114 3354.03971234 -2474.88510273 -258.15376726 4065.95236525 -1557.64218498 -277.134216172 2167.55294628 -2548.30525567 1766.08729046 2253.47658645 -2965.46767588 -294.40684184 2052.93698428 -2518.67367139 690.736040762 3307.06527089 -3394.7296996 -14.608268825 3472.05060837 -2810.92855524 -289.838785589 281.842547081 689.513520108 2993.66379784 5504.16834431 -1950.87009849 1822.49503415 3190.43209272 -3931.96519633 987.751808994 4709.09293028 -4752.93264457 -307.245747452 3817.68324945 -982.407188696 -106.131977533 599.576224172 -3669.67861166 621.489940874 1374.06694451 483.124399225 3200.10305945 4582.44568196 -1690.08953031 -454.878395125 1008.61223022 -1509.53765737 266.588283236 1838.31493895 -4874.30894423 -429.997950745 4722.60831068 -3976.27674563 -258.878834723 2947.10200345 -3167.73041031 305.456557993 2546.51357193 -4427.13616275 658.295983862 2815.42410719 -2954.13453144 -132.037385739 3288.90849756 -2673.68133963 398.991166154 3340.51688312 -4260.81000601 203.716319084 3973.05815822 -2169.02674475 -96.9749731319 3751.18768373 -2231.4932706 613.789440205 4101.20588572 -2223.22915893 -234.974044861 3790.08290782 -5615.23016281 -113.679659653 3514.66523905 -3436.66389711 -127.172977122 2677.88322275 -3496.12522886 -299.866386117 2263.31367784 -1284.72641674 -457.242696708 3875.17671741 -4497.74657104 -255.953186177 2155.27083791 -6034.76815029 -3423.92480043 -504.112652154 -2765.16804284 210.689636678 2558.20260745 -2406.42105773 504.815650013 3776.04812093 -4377.66514865 -521.51167441 2117.56922748 -2971.04813668 286.819525889 3515.68704707 -193.730483183 955.913643642 2984.08282217 -2565.88960392 505.856525219 3619.73828498 -2683.80208805 1358.99467622 3458.22402185 -4313.31727802 552.573173568 2680.69706852 -3685.34340807 -738.033777722 1063.55624205 -2341.89886236 316.678998853 3186.28717461 -3303.21800465 534.577272259 4667.54516882 -2308.16640774 -135.35913196 2356.97819113 -3848.63892539 180.598711258 3164.58876909 -1536.62702395 819.39824624 5894.80994554 -1715.98671309 -393.601106148 1920.22432945 -3447.616433 3.40234947622 2908.56504105 -553.814914064 -243.410675192 404.155206514 -4602.05773058 -266.517892861 4434.91801249 -3724.49554695 1436.28684149 2070.71377602 -2236.26098958 449.057316528 3235.23054557 -2019.34664429 -448.723348414 2564.02057933 -2611.78272842 -153.449234274 2984.58676675 -7497.90294887 -2420.14896686 413.391436865 -2179.56944717 226.784886195 3770.64528726 -3478.41029007 397.405862583 2033.14117462 -1140.0235571 1022.28331382 3387.17242663 -3157.56836974 -58.3386802742 3666.19661977 -1386.9237624 511.384192367 3398.80587627 -4528.56484969 816.224623472 2831.30056618 -2330.79241953 -1109.9620008 462.361647943 -2594.30108476 602.789806493 3593.54496791 -4386.7579562 -473.734071736 1655.69514868 -4615.81534246 -185.147070886 832.640444855 -610.462750968 695.622420111 4816.0321722 -2947.13949675 132.304493194 2927.60247534 -3868.09415097 -496.246377835 3819.79046534 -2974.43238291 -908.73591438 474.759346658 -1608.10626808 144.684381477 4431.61293178 -1267.74877468 1693.53238438 4589.46680132 -3964.98087589 65.4416239805 4293.30623818 -1800.01323212 -103.901211239 1754.66058739 -2009.4902088 -733.664903643 991.363024215 -1755.40033529 327.064518512 4775.12679324 -4020.04182633 60.020254768 4539.67774849 -1538.57953881 -929.456134301 1746.13682105 -3514.94110873 568.665122238 2646.29289691 -793.625671423 95.4838481186 2868.87971159 -4691.18275253 -279.689326574 3752.40421072 -2873.68874863 582.895927148 5694.53249019 -2750.09034143 712.757502199 2886.27754233 -4640.71114298 -55.1465805988 5079.61088668 -2856.3705088 -105.998225996 2625.07406699 -4913.86013417 -1989.02942978 1607.74793239 -2671.53393834 1199.37498236 3609.88559011 -1168.2410207 1141.72786621 1593.10054493 -3901.80781425 201.164575174 3042.8811794 -3441.9421001 79.5036165541 3693.04267863 -4870.95743469 -435.59857942 1550.5816884 -3205.97120646 360.754652394 3225.06509387 -4796.26518706 -549.093652449 4498.02504772 -2769.84784448 363.573514421 2966.67447356 -1896.01273994 -979.828659506 1825.63823554 -3404.04340226 203.948330288 2356.9933058 -3578.9332225 -521.319672299 4115.27629294 -6284.02460265 -2025.91110434 1676.83543045 -2770.90198932 -785.562597457 3156.62377967 -2350.42620278 386.282614432 3952.6044916 -4195.1233139 -516.266323112 1953.0609413 -2260.53663331 820.793027566 2952.54659088 -3997.10678984 -31.5098373237 2476.29205407 -4149.12792 252.614750138 2735.23601433 -1254.21538015 472.004047976 4034.80412164 -2963.5173451 360.624656344 3313.88503508 -3319.5782854 -503.916327761 2343.02173572 -6416.31517959 -1273.55233749 1411.33556876 -1117.36729735 521.029141707 4383.21166917 -4685.84937833 -557.051527758 4639.3965453 -2482.01864378 -265.38009007 3319.32212868 -3529.12889831 777.006854773 2059.6700581 -4266.92573616 -402.187115515 1682.35351778 -4796.03478721 342.97883478 4294.42329523 -1854.5328191 -616.600628426 911.591758633 -4320.07791934 18.5484583605 5132.67068414 -1502.50957588 10.8912879524 1538.81386906 -3539.23390298 -522.052316063 2626.83370158 -6640.82232653 -1350.85327637 1962.18740152 -1947.38244565 -109.695136723 1294.50590468 -3007.71389537 -549.194696538 4500.21100826 -3548.73511563 -927.518406716 3192.60236421 -1444.22832791 533.845474868 4759.29419352 -4486.91355538 727.666206172 3443.77636909 -4343.23198992 -288.034372855 3947.84248739 -3243.80668618 96.7013010837 2996.70197948 -3774.88497192 205.409614982 2432.00430623 -3485.03458124 -270.14051585 3715.24500824 -7533.85655786 -4562.72832558 -1691.32081534 -2720.58856093 1398.80706379 3878.92019855 -3360.2998568 112.600121223 2581.10161118 -2262.97641705 894.008997682 3831.04320148 -3399.24121867 -709.544019899 2491.4076998 -2393.18431454 432.145506566 3747.15277972 -3696.36818462 56.4252843516 4467.72407502 -2896.52051858 333.928278665 2728.74017431 -3793.32224048 539.4794527 2790.12399947 -1965.4263624 -2.8491460413 1438.07636696 -2554.46328812 746.938562299 3428.14865149 -2702.97062883 559.525230618 3370.61900216 -841.367938577 766.784986774 2850.48265751 -5633.62390476 -812.246330378 2425.96618731 -2087.61697963 343.245832291 2628.7363762 -841.633938367 1212.47050084 2599.75278932 -3789.65896243 163.369616911 2865.35479197 -2701.09426412 62.5856668185 3185.53240009 -1905.80779392 2507.79748761 3831.11208374 -4832.9969945 -546.45551753 4044.14045017 -3684.44853835 679.090418985 4661.86487201 -3843.75589103 -2184.44051829 897.471160175 -4284.18801749 178.161626037 3258.26204622 -3524.73367695 1477.60775628 2672.47399812 -2305.93259871 -679.907062851 3915.31018559 -4598.50616768 -595.194393448 4017.77098056 -3008.35575937 91.8895013004 2391.7921559 -2146.05463717 -2001.89167128 1138.77817179 -4667.13981895 554.537509172 4241.90356131 -3093.37459648 -471.935625835 2162.25131883 -2770.87803073 -287.471253183 3350.69493629 447.583307647 1721.07754854 5574.37480618 -2599.89147768 2247.9346547 3738.17660667 -4095.32037004 -310.554680579 4219.06090095 -2095.50857877 -58.3648343776 1845.27500568 -4660.54969032 -2829.79313595 1951.46039075 -2119.19016004 -43.5964641828 456.742186195 -2189.11423195 80.0672426585 4253.7720935 -1785.4145822 39.4059232348 2489.67663982 -3144.44692159 510.88805482 5235.77674888 -983.156076861 1053.36460735 5269.89474502 -1992.75398441 -736.223182481 1464.5886994 -2372.36425101 867.904568414 3156.36379977 -4411.71746479 984.416492891 3147.04985827 -2458.79279665 -231.800535249 2521.54549185 -2086.09634453 587.442887682 3490.37460467 -4041.54540158 -623.963737656 2197.09442278 -1272.24571944 1685.54621709 6950.87667273 -3622.51739007 -105.351262809 3060.79054783 -76.4730690396 579.534174167 1965.39373996 -4159.29251768 257.126800778 4601.14897553 -3985.42326625 541.876534564 4521.47063018 -1926.47076685 -902.484631564 1155.14799094 -3194.5393861 137.951393006 2970.9118529 -3310.30342568 -234.830988753 1854.03329103 -883.623024066 703.543230852 2644.56266559 -3561.1824609 -1509.5120463 2224.03879082 -3457.22460448 733.694578569 3080.74877408 -2931.73791623 424.732962075 3444.6262709 -2040.16357078 2465.38999847 3078.97077222 -2220.43315787 -138.187927652 4416.58564807 -2750.92504325 -212.064773647 2043.73767379 -1988.38838395 276.016375434 2240.0350257 -4128.09799116 -629.884344252 3763.49288275 -4153.70882446 548.609417528 5188.2201162 -2617.06909024 540.174387806 2977.4542786 -3332.37644684 -136.262594657 2609.78279707 -4270.77108133 -49.2383794202 4149.19587162 -5399.59564583 -1793.12478887 4107.33661982 -586.681196309 -280.072159478 1706.42880091 -2505.2488519 -97.9473000701 2364.71017296 -3178.40596593 -441.059360117 3931.19354575 -4513.26153404 -329.79840215 3651.12222082 -1669.15491436 -1578.06571634 1942.66484558 -2490.83187132 368.646648721 6112.21798679 -4919.55923688 -2263.7335874 1352.05964139 -2980.18654333 -257.016862167 1503.44206683 -2662.19978122 -1984.0569606 1180.03132651 -2010.01122205 -19.6152485104 4195.84581356 -3135.97280325 434.74670064 3375.84280042 -2384.68787435 -586.515326573 2683.79515693 -3890.77390828 -41.8363417528 2098.77281927 -2198.69231318 247.103320688 4132.71974315 -816.12929062 -109.48818511 912.829933574 -2933.04165361 26.5583807059 3807.17398339 -1747.88687888 523.016487877 1070.05131227 -3331.72173995 -113.624904796 3355.10188658 -2727.99240653 506.530336568 5146.09745907 -1714.62147529 -393.588773672 2371.9606441 -2406.8604744 1755.64520786 3761.48889398 -2171.79451128 268.673138634 2217.3205422 -5378.45110977 -461.792175235 3277.09693681 -3238.99678361 -327.24339565 2026.84146616 -3562.57680007 244.982105938 3048.57190542 -1781.22034559 -590.214088802 3145.4861792 -2513.04096915 155.664856579 3571.92337195 -2682.80138271 -554.551318726 2086.49655752 -1595.0933926 1780.39743695 4237.60743883 -2307.88270382 -641.834770545 3081.20146067 -2924.13392096 -617.628276095 1206.34626008 -3802.85680946 273.690221691 2946.75843567 -1710.83556218 -543.930971581 1270.03973285 -3333.3326518 -1470.45392334 54.934714222 -2210.76967487 1002.68138862 3387.29636795 -2469.57841512 421.997599322 3308.87548374 -4040.93138966 49.747592286 4307.03983177 -4523.36750479 -125.41249312 3869.72900352 -2558.03431952 835.608605615 4041.2676085 -4931.35366645 730.685816489 3690.18136416 -3403.2931804 19.3285659788 2275.98527194 -568.730079557 419.102598923 1526.88874195 -3154.5523969 -186.203029825 2727.94473828 -3210.38224316 -187.692695201 5152.53929214 -2685.70129261 920.696024037 5138.6640494 -2058.09789809 -434.840390624 4220.89794736 -4249.4532307 -79.6949758568 4342.58487774 -2766.56078672 -420.479128838 3196.05671015 -3493.15214181 90.891166422 5088.36421297 -2638.09833745 -191.69366305 3336.15684391 -1246.41026428 -1051.97345841 2716.97596798 -2329.48899496 2053.90992941 2688.23291433 -184.356252825 364.272345394 3124.64942051 -4812.58512157 -1758.10349791 2077.3910888 -5221.97972361 -890.481867815 1763.61144305 -308.138315506 1428.68407035 3348.03976122 -2467.31558698 957.295026941 1677.6504147 -2409.13706418 -675.787575887 2327.72866643 -2549.97476005 555.043702126 4083.37361581 -296.994763505 692.098032336 4269.58428824 -2146.07620202 2355.73208204 4309.04697575 -2622.96919577 443.994093334 3488.80970301 -2828.49550439 21.2028510112 2847.59919468 -3355.52699976 -243.578547725 3823.30128573 -4608.85670774 36.3484300776 4729.03966316 -2762.86202815 396.302677106 3372.41670223 -511.676436255 4070.75250087 6440.08822441 -1900.83603923 -589.536528647 2965.2280815 -968.119800353 -460.802875914 1708.00530402 -4337.93601877 -19.4787765806 3024.41707808 -3142.05830897 -993.318311718 2659.63885046 -2063.80763603 304.746384248 4059.57518628 -2885.93293678 367.21961003 3261.43538333 -2695.56631998 84.8766076105 2547.76790433 -2773.50014843 807.252928381 3239.6119576 -2301.95926187 -102.362773906 924.136746122 -4645.81920805 6.13814668672 4940.50128867 -4085.03817822 -303.746189127 1493.77036864 -2923.71707591 -729.459193087 3049.64158831 -1761.10131414 1973.96030224 3064.25854453 -4755.65926838 872.586194817 3104.3737225 -2052.24555991 297.857523967 4302.1950181 -3594.97300316 -751.478924019 2726.53135164 -2928.06433988 -134.894962014 2968.25296508 -4138.40377655 -892.328188402 2798.60212221 -4937.48672358 423.747214534 4565.38806824 -2476.98483461 -231.027901529 2671.7772349 -2961.93578041 -964.174201207 2822.36180553 -4196.7122171 210.734308162 3997.64693488 -4896.38331032 -640.250304749 4274.97583095 -7776.26124344 -1631.73286863 822.348242957 -187.514120728 2153.88131163 3268.2754053 -4048.58672945 -58.9271513575 3641.89159879 -4293.45716126 -58.0313238725 4456.55496541 -3162.1676828 518.620430293 3514.49865008 -2467.9730379 -1318.66407114 625.706149956 -802.06370309 -171.926932541 806.538875093 -2050.53190874 993.69548739 4197.85844945 -2439.72226503 -627.678541289 1098.7558828 -1845.09692672 1704.22069638 5475.15807952 -3219.91130325 593.701146177 3476.07335134 -3214.05851638 -171.875122228 2946.60868086 -6912.50832698 -1423.125077 2954.54437849 -6807.448775 -1485.45752697 3698.84211765 -738.024993853 235.044972586 1276.01224537 -3117.86586229 162.802391082 3425.95486835 -1642.71823035 167.944242243 4527.06355243 -4034.37767754 271.101892245 2656.06392359 -1704.00950284 3287.3263686 4276.5581498 -4470.77447054 -58.0444200415 4396.32876722 -2665.92710754 408.713799056 3632.84684567 -2573.51436193 176.924167261 3533.27982073 -4272.82126036 410.863861012 3197.59151793 -2603.41151127 305.903912877 3552.4327118 -3238.00850129 676.773504297 3111.38440469 -3142.19808354 -60.4017022438 2359.89018346 -2951.94572989 302.449710541 3414.65419295 -5248.47045769 -538.324141065 3975.27790785 -3116.84701199 741.491824277 3429.26262477 -2500.47906786 2058.33632959 2729.43806362 -4315.97601586 15.5593276419 2396.26147072 -4340.28555074 189.774276135 3466.36123579 -1709.97992421 971.661149405 7235.44748153 -2896.34922488 68.0274101657 3130.1870674 -1770.26631043 1210.38339244 6755.88389933 -3527.69551912 -497.63984357 2472.63538162 -2883.24121463 -432.167446351 2651.02411553 -743.715125789 2124.79174749 2547.31992479 -3492.74276713 -348.819218312 3341.03882306 -3151.39501754 -465.132319413 2578.03926035 -1843.34842777 293.220665094 1976.78650647 -1818.14832477 -1034.85635462 1899.91684066 -2859.06079344 -386.055314509 2354.8041779 -4625.46978878 -80.345673348 3570.81938932 -2954.4206191 200.266407436 3492.02991858 -1902.69411423 -740.784366554 1226.18051144 -6175.60200322 -1971.00510363 1629.03598537 -4528.15166687 -524.364762581 1912.39346684 -4705.12884422 -594.979354202 3924.04916517 -6389.59499427 -1174.37905849 1187.95189341 -4489.61817389 -893.227246608 1988.09113958 -4011.9249808 -522.096731136 2083.62778784 -2802.59618626 278.495222448 6252.60912058 -432.454579569 1244.65572825 2780.67376961 -3179.1628886 995.497588772 3024.42055365 -2363.40040111 1928.72936392 3330.2814849 -2972.41355282 887.681523062 5551.67850817 -1329.34990615 1122.75388435 2287.81941499 -3498.9952877 522.388338175 3626.74375828 -3530.56060073 38.7485148464 3832.25973389 -1787.91372883 466.087631092 1124.27343992 -5179.98630277 -3692.17791818 1262.57239477 -2719.24429632 -719.871457383 1832.93956372 -5132.98997065 -558.303521061 3892.92036699 -3538.6880481 -2087.95258311 2338.76699997 364.32535201 1583.45361974 4888.1656217 -4056.4416951 39.4896540781 4243.60176241 -2498.70785233 1090.65484758 2706.5265884 -3973.34690765 -213.584265463 4266.77147372 -2188.50149652 382.365258219 3726.15644938 -2071.34974783 223.348753563 1676.20199308 -3312.80981475 -34.8786233632 2524.79227903 -3358.05321438 528.637129471 4440.57417152 -2204.96759865 254.906515538 2951.13350813 -4067.01892841 -476.104016928 2845.45868263 1773.87835054 4375.75191356 9150.26561411 -1630.27945624 56.1902676022 1480.77717074 -3090.85004408 -707.008633241 2993.047173 -4981.06348362 740.672246333 3701.87233622 -5143.60612333 -816.754529472 3257.62815775 -2933.89005968 1118.12026558 1529.99305433 -1892.28199777 1554.95890127 4168.47768805 -3344.05549281 164.912784067 5324.44687446 -3564.33674566 280.762879959 568.750021657 -5101.83876021 -410.415261159 4794.51297373 -3624.74810453 -1616.82226721 2713.02028907 -3564.76385385 -699.468443805 3295.19170397 -3853.1829362 173.970044211 3189.89294588 -2913.28620709 229.175245546 3325.57559506 -1614.08183146 700.951646802 2422.19245311 -1775.21959146 742.309938284 4096.93378477 -4645.57800692 -69.6099339173 3963.97298224 -3823.12965583 -134.503857678 5588.40161024 -2790.54597864 856.311263235 2931.7588533 -5354.52574864 -3930.3052493 1319.61465673 -3020.57389619 -189.358732447 2507.32043623 -4063.1553812 -327.426701616 2255.19934 -3755.58941154 -342.258273957 2918.93625317 -3138.44841137 -682.046262228 3373.38186736 -2394.26993533 1443.29037849 4094.72290137 -4866.03485248 -942.536077278 3732.93445071 -2480.27208678 603.093706127 4529.92365237 -3278.57317161 137.830463003 5080.4953678 -4905.34941753 -230.46689708 3733.94449907 -1712.73109934 1800.34545206 7014.75787772 -4127.60420815 606.130826929 4991.74117082 -3335.66806026 783.077862502 4558.70212418 -3283.1359845 89.2878999378 5255.26791523 -3053.92752369 -192.66508724 2642.71252447 -642.535068097 76.7896512744 2298.54592284 -5113.52328221 -1130.09265716 3907.54365645 -3280.33999908 -1060.1743056 3042.43979535 -4221.86532894 681.89304102 4607.80884196 -1574.3096 1085.82213086 1364.00215149 -1490.8623703 836.488141519 3665.02236902 -2215.12586813 -459.487283698 4489.20363398 -4630.13474935 -466.671573783 4498.10126992 -747.379860842 749.920473683 1299.29947801 -4317.92300544 999.422603393 1912.02043935 -4379.91755051 534.123580902 2869.09651293 -3575.78992791 -653.981317241 3045.42484887 -4212.78205438 -217.364889488 4475.07118876 -2220.51924758 -1114.2905188 885.214254335 -3422.12892793 33.6378899181 5074.70199254 -2207.80677577 -616.082919673 2251.88114603 -2302.49316667 372.421032485 1162.30396198 -1126.36142613 1068.61576919 3202.67347757 -2965.86433871 -422.550063832 1703.3558375 -3494.21363377 -2168.8459501 2753.7184362 -3412.15863348 552.295893859 3466.67370723 -3657.7891293 -621.13075561 2899.70458638 -639.709877645 -260.527419829 656.812799757 -3367.55458824 -764.802656752 2814.75598426 -3391.17031211 -52.5012880588 3035.57446253 -1096.02380557 401.957192492 1790.31272823 -4392.09521668 -1307.5038646 382.664454224 -3936.38140257 347.317811003 3091.68900081 -3048.98391928 1094.05672866 3573.11393115 -2945.21717133 493.392868583 2313.6718304 -1456.92069466 3578.02604888 4982.04558974 -2904.66296216 213.651561703 3702.52074085 -2312.74585209 477.817736832 4014.78373535 -1719.11944862 -56.6863522387 2300.24337413 -3706.72052273 -416.792258087 2807.85848349 -1537.9187203 -108.428648684 1861.36096295 -3620.30438708 -867.294838136 361.917920533 -4712.5573547 -858.119168418 -178.380794724 -4203.69415291 932.830864835 4579.88106458 -3583.52634507 463.730895898 4587.05687196 -3032.98248825 -153.9079422 3397.06891615 -3804.82735531 -261.401724149 2711.84486411 -224.758737385 675.623297606 5899.73016721 -4367.21988943 -147.278487506 1661.65646825 -3772.03470425 -497.168673947 3286.96700454 -4453.0213617 246.655961493 4548.94797804 -4386.55126099 274.334424049 2365.44675878 -1796.32035033 -700.362644177 1914.98968112 -3004.28204513 6.28508696058 2848.72534262 -2296.34201149 2027.46091003 3420.03531092 -3340.07267161 -43.9071299006 3081.93256429 -969.865688411 1848.13249015 2909.06397955 -1623.34510391 72.0965807748 1541.42329614 -4218.1153606 -212.308406019 2868.86984174 -2109.47083849 483.683319932 4250.91321209 -2884.40287845 -101.847517418 3069.89098128 -2764.20338822 749.673072319 2820.45447519 -3673.2644069 -1223.63115528 2837.07678425 -2121.16278684 -190.617850846 3187.55869362 -3564.20266456 -779.423111479 2587.45291437 -2909.35603484 -763.642766897 2181.58299829 -2897.04449489 1040.12563405 3020.71961502 -550.305930836 3497.00427225 3939.41749051 -1860.10671735 315.934918004 1595.68858253 -4968.98215132 548.197948066 3590.14556744 -4659.56534849 1291.87382604 4393.37727907 -4146.72100148 50.7772615371 4214.64506592 -4281.31028568 -1015.09882781 4802.2496656 -4772.48241426 -577.760942066 4913.63810549 -4559.89218637 16.3175766613 4796.2312185 -4990.24404081 -255.010844459 3873.35354031 -3416.23561942 97.5972567395 949.900922713 -3441.36948606 -332.84226853 3153.40184019 -2722.37135852 -1452.54855698 1393.7943402 -3280.68283989 -452.33947629 2788.46887741 -3168.72136262 1958.11546267 3041.96442181 -3264.42080748 436.163537094 3411.95073938 -1922.50317769 -170.095146686 679.34460131 -2567.61602641 -121.767709507 3517.73681762 -159.414591682 591.0613894 2217.91299546 -2533.47234689 352.260717931 4023.22181783 -2224.12750018 1020.99483851 3123.71552556 -4822.56965565 -283.633133481 3930.93191725 -4083.7473602 146.500739353 4770.06839792 -4685.01832225 -41.8361658335 4384.44307698 -1910.35706326 44.4674065907 934.342688534 -4215.36003943 -57.5340824661 3394.24037378 -4148.17472173 83.9464849254 4551.46111383 -2206.37623664 938.212827064 3996.85574798 -4071.81282593 155.986241182 3879.14609452 -1744.13695742 -1336.00090691 618.346804365 -1750.58372459 -247.924688138 1295.52263323 -3969.16061317 -368.45775958 2304.79988557 -4702.92534104 -1653.95957327 1117.93883707 -4408.06974767 163.804358061 3616.92089904 -3550.50789648 -178.002659583 2535.32609821 -2634.4100782 140.847537504 1225.37908478 -2430.60198205 1240.33799192 3962.33858309 -2324.5953663 -473.969075588 3056.6365137 -3707.18753875 -66.8521234663 3207.78704596 -1885.62064422 429.2144513 3975.42257241 -5259.47966481 48.4692521384 5205.73613086 -2279.90712294 135.951191539 3769.74813851 -3618.42067365 774.857165433 3356.43690177 717.470030173 1661.14953065 5679.08766524 -1858.87556817 902.166694031 2293.21830616 -4435.7814977 17.0377982312 1798.46443585 -2778.09169021 1357.31117308 2581.84909524 -3685.10668937 -1093.93854345 1585.59808282 -2070.1236186 1055.31142307 4298.89944089 -2683.25096041 54.7498388901 3191.38828017 -2571.02241112 1309.65308953 4304.83740202 -3340.00291947 1007.10571249 4951.76206294 -1922.20929809 274.421809698 1550.44786589 -3277.22395537 -625.578383035 2520.32570575 -2766.28321368 -330.767884537 2541.91730115 -3746.02160572 -566.751479155 2761.29135118 -2152.03099892 1349.99842242 3946.87005933 -1944.26453728 293.292770748 1972.88883901 -3284.58061243 -389.791197417 3165.54556683 -2755.14172967 -11.4373428852 2717.01725339 -4092.35843913 36.8582573497 3589.07753192 -1836.44657593 -107.908920238 1313.86032441 -3797.47421546 -68.6892334695 2626.57087495 -1639.76707743 -591.239342803 1388.73973793 -8239.95598466 -3627.35344345 -2131.55356282 -4876.73566533 -130.994629614 4400.2787925 -4398.08729145 -6.29165846529 4261.02886494 -2160.75100373 -202.082486859 4319.31636896 -3398.6920713 -16.636712435 4460.10152791 -4844.10978565 -517.520607276 4016.30457494 -1337.28069631 -1093.7728417 1225.9921136 -2562.04785021 289.27983473 3462.90218817 -3691.81511426 -1993.51672906 2520.54975575 -3893.63843654 -382.877841969 2439.65491338 -4369.56060825 40.6405623396 4706.07345314 -4662.1938838 -2386.95287247 2077.74205997 -3532.72147181 415.939493118 5435.25176025 -2976.06706401 142.502636256 2792.3669775 -3474.55704566 -915.220934397 2859.32929306 -3415.37903154 34.6880593757 4681.15786142 -3033.53936811 -766.275953812 2658.16553717 -3594.80346248 -371.994896471 2548.22612539 -2515.67959399 977.511869825 3183.05400515 -5207.80799846 -1454.21373203 3551.38581488 -2396.87163026 6.78941798747 1250.7015963 -5210.89729352 -497.986761902 3901.6343246 -2068.50895338 787.809331354 2002.12445511 -4424.22395608 -121.981760204 3014.03320359 -3510.96359194 -1870.09949381 2271.5060088 -3123.00868715 653.844368747 3447.81277282 -4069.21550696 -394.390603636 2245.66789853 -3271.23621753 562.442138052 2569.13913137 -1671.62183555 -146.803066986 1895.19557074 -3095.94646041 -1196.92778507 539.934423681 -1958.67373563 333.409196126 6290.80578095 -2690.07223744 -118.428499391 4190.93293053 -2187.0243776 1169.44623324 2821.88520103 -4676.28223984 684.420471182 4377.0788427 -1913.89612438 -748.016037448 315.845506029 -3213.2172651 -2748.02131262 1039.13993732 -3155.56036692 -1281.22092365 2091.47247418 -2873.85717894 -754.52300523 3829.94162862 -6806.63781646 -1279.23998398 2707.40781222 -3099.79745677 -1977.54262148 2692.05794272 -2090.98640409 51.5782966885 2239.94204889 -947.298163223 162.834774906 2135.92759183 -4167.0673929 181.517167038 2694.28441391 -794.5917915 165.635274547 1064.29043028 -3495.62343393 -1297.12714255 2207.9378854 -2155.91824618 355.230512429 4128.84145458 -2984.38769746 -475.638497253 3226.90838874 -4249.64825144 -2908.29270677 3047.34731682 -3122.1274615 -2294.9841409 675.310080029 -1627.72697275 965.85425243 3809.34607404 -4179.74468244 -2211.20367103 2292.39095616 -1131.00380089 79.6594651583 1396.53535141 -4934.5005187 -145.977369518 4157.1456719 -3324.63285282 916.839294321 3120.00919406 -1942.03933251 -442.97370981 1596.45970317 -5054.13662577 -1594.38133061 3750.96964029 -2151.96857052 -25.454072479 2330.52580291 -3469.23799921 291.568445992 3110.89018759 -3521.66434222 450.102393603 1902.94527763 -5002.70728942 576.780284196 2955.96751367 -4545.85448808 -57.3049347628 4003.62221071 -4321.50174879 -1351.11790709 3849.69295429 -2057.60465786 738.193302841 3256.0409751 -3514.52301978 -76.8389673378 1683.31221891 -2403.56618799 20.0201730284 3212.06565311 -4846.93783895 -204.897560089 4174.11091385 -3325.67566381 227.652419923 3873.36763669 -2837.51308599 185.660251867 3129.38236429 -3461.5239603 437.562648746 2510.08336044 -243.361164552 -90.1222657818 546.118292646 -3789.44047177 -658.133317497 2086.20944297 -3664.17029552 -553.822443944 2539.64539626 -4316.32822025 -228.621622575 2574.57726644 -1767.6093873 -222.738885855 2480.6871372 -1498.53091091 694.088239096 6134.12704104 -4268.71436353 -703.959217648 2268.13739578 -2463.47841925 922.096853007 3541.11333722 -4519.29275333 439.60528848 4811.54819549 -1307.21906435 1260.04966749 1698.7458502 -4124.78812215 -3294.40519892 1733.50284914 -809.832817726 437.604660288 1096.84364153 -2947.12006282 -187.761906873 2284.85458101 -4146.50877148 -1366.46841399 5152.13089835 -3857.89459396 -709.499510245 3882.76555619 -3097.11716028 -73.5504487771 3194.12175314 -2777.48394453 -392.887678577 2962.87777772 -5673.03266419 -1047.31956263 -131.273584521 -3998.25741151 -969.399293906 2287.68385265 -2328.94145914 398.568587049 3796.37615929 -2775.32303509 634.859331403 3796.00390779 -4117.04797652 -644.451657968 4304.58898065 -1793.16400487 410.183434172 1924.58392209 -3274.79500064 -521.22253714 3653.41754989 -4341.66583807 -182.912325818 2100.76053073 -3777.17450953 -391.896679421 4944.51964768 -4913.04017783 282.68993971 3037.93625831 -876.135139462 936.816894962 3470.31344092 -2755.3488274 -410.423015797 2133.13599508 -1657.66977013 292.490434469 4401.28548851 -2832.43161296 76.9600045715 2766.12010281 -4500.12180211 -625.647135662 3089.8096768 -2909.47390217 237.586422618 5882.92079306 -1117.59278444 628.214827215 3696.0312975 -2680.3920435 394.735361745 3222.35385505 -2156.82653409 -665.898639161 625.952228584 -2840.45477866 355.875437954 3581.31728337 -5025.58918142 -602.210396863 1624.44933416 -3446.23963383 -546.1973868 3416.7527286 -2948.74470915 252.549303688 4200.89983897 -4328.69552047 -23.9837641921 4811.04068648 -3934.87925327 282.931368513 4703.45994157 -915.759433294 -44.4664539492 1367.91330264 -4700.34550191 346.554567005 2400.24640543 -1443.77761216 -152.403776563 2119.86067163 -3007.50459308 -615.09927589 2732.11025887 -4205.50316787 6.97118742338 4743.25793889 -4008.8548905 351.093341478 5202.38087691 -2608.67992778 -281.940529115 2137.43003498 -2308.95805281 577.221464122 3644.59224264 -3080.97579311 -727.158876639 2819.8789861 -4585.14127381 124.938131151 4376.15001216 -2824.47758133 -162.887915939 3585.26905218 -1967.82719538 -999.065229974 1922.71088435 -4574.86172825 -717.474587404 4677.50913843 -2609.22182026 -224.943387564 3660.93167244 -2464.08761288 11.9449039067 2707.9284046 -5692.82469128 24.4219054631 3840.13391238 -2485.51207423 149.781906466 2795.14623504 -1566.14908542 532.718771021 1673.31985079 -4229.29034802 -93.6004276396 3780.92078213 -5155.65940626 -337.964724599 2652.49405786 -2827.79288838 448.768058326 3442.66805444 -1628.20372579 1440.73200149 1739.74076664 -2610.06866225 437.31783327 6012.07879537 -3507.94694305 -729.49707329 2825.08341846 -4408.18214745 -39.9904593505 2359.07119819 -5073.2693844 309.200794807 4656.08335409 -1918.68425015 1217.60572338 1517.23863204 75.9985864943 3733.97284293 6115.75668677 -3093.70634526 -665.37957669 4988.46307858 -2476.87733615 1079.77111527 2366.39368942 -2919.56617212 -827.983784851 2499.51753007 -2879.38634572 -138.706939957 2854.09375698 -3644.64780846 -151.973834096 2176.47732546 -3457.76562758 -34.9653089542 1467.64462938 -2943.22293222 -45.5424899878 3725.2211105 -1464.13548996 -700.060983596 -322.893352103 -3323.71246182 184.233339032 4041.10548412 -288.716463886 1017.20122419 3365.01539613 -3413.07086236 503.278543923 2805.09806428 -5224.21125401 47.5220172626 4100.21639926 -5550.39971611 235.24752266 3715.7776803 -830.556094874 41.591139095 1890.35972377 -2403.33227333 -93.0270960991 4572.37665194 -4340.74045389 1051.6184514 3929.82617507 -429.505765187 364.560334647 2091.54985208 -1237.23820027 409.999482699 1950.3638619 -3699.96102007 -1064.08640713 4346.65740466 -3446.1250383 263.577153823 3319.15200211 -3709.27379448 1702.27667561 4955.41058639 -2082.16673562 633.427261904 3910.49953649 -1882.1003575 412.313740305 2754.53075577 -743.283339121 345.897007414 2465.50373827 -5210.2642692 -194.885982274 3247.99839823 -3202.94513548 60.8470491685 4805.18225586 -2337.54241953 -88.8737634221 3218.82020813 -4504.9007234 -1030.90881718 -348.266380036 -2838.41176701 -52.7660638787 2936.78872754 -3446.61310055 -513.403359776 2113.06460391 -4286.37421386 623.85547259 4454.06174536 -3288.64359625 313.127282741 3587.26673315 -1535.61291152 717.627422855 2290.65835299 -3239.13003507 -225.667889808 4839.37954533 -4082.22373728 1188.27938095 4406.82727008 -3440.5908694 167.815652295 3049.15829224 -3680.94473123 -1505.59216447 509.816615526 -2034.82226191 1662.10435473 3254.36421833 -4529.78801186 272.564942077 4598.27410639 -1895.62731834 -1328.9000315 3344.84332072 -4989.22660459 -282.64929504 4490.92994886 -2623.02072456 -721.641101551 727.33266908 -2802.9985289 -1097.45110855 1896.08897573 -4747.30951401 -399.997577267 4256.94508887 -2549.81252705 284.317715945 3136.01012082 -3220.57460912 -16.8712688754 2538.79264022 -4733.39513232 421.005052427 4380.26336464 -3249.78761874 -473.579983388 2415.02486061 -2290.15564738 -651.494510895 646.7087766 -3343.34523755 125.659833611 2871.94676713 -1578.90547093 18.629974931 1778.97214037 -4466.04313216 378.045195683 2370.69170428 -977.415278873 36.4727073528 1858.00626262 -3451.32414127 315.492710933 3183.11950861 -1690.17287245 -951.634998737 1695.28509189 -2666.67032197 -1323.04044504 1838.41447855 -2051.27819597 1413.34412859 4149.5583795 -3225.24071555 15.0315846603 3065.3255493 -4115.28120161 179.062239252 4627.59374297 -4587.10011345 321.690256392 4851.08780854 -3587.02808093 -78.9999417574 2571.34537248 -4725.00173024 -33.7605728957 4577.34191343 -5127.30188206 -390.484770807 3339.20752364 -2986.68410138 440.735709871 3648.79801702 -4750.27313516 -1032.03588649 -319.278031565 -2526.40224417 -185.669065514 2225.22481491 -3260.98497682 -812.057596384 1078.60691838 -3615.76751287 -641.497405065 2298.47577272 -3588.73237876 -470.106651924 550.688125498 -3301.77535935 -638.436146367 2808.56720116 -4751.19882909 -810.185395309 4182.12928399 -4353.22977189 -119.920779288 4485.6130615 -2279.85668379 1115.3000791 1388.55895614 -3238.5703114 -1412.03112241 -132.978335089 -6780.55705051 -2676.81348476 -76.0788345376 -2967.37865396 -570.75230992 2772.58142428 -3913.53941371 174.093722591 5741.99833835 -2814.02973034 104.867030697 2546.97282706 -301.28651535 1135.00812383 3067.98699851 -3118.29298497 915.213851596 3897.85058277 -4061.12846203 -153.942287843 2238.2390071 -4044.65575222 -1344.3560864 1573.1716034 -2949.33174858 -691.32964325 3011.92657031 -2452.16656193 1080.77513646 3049.69782543 -3537.57437073 -366.766508858 4868.75097153 -2517.35301987 602.331552737 3422.12005285 -1880.94780163 209.116082202 1671.44229921 -4605.3034109 -2508.95771146 506.484610233 -3996.91722825 -1009.43412039 1902.30991872 -1829.52577269 1381.41826098 1752.97592717 -816.787321858 851.503669101 2284.5742542 -2511.88121844 473.631288615 3765.40285541 -4330.22251969 603.451890819 3608.0180699 -4855.16504858 -853.401227 3667.04085033 -3912.02173785 -318.818728048 2551.04430997 -3510.63215955 559.925635489 4785.86520892 -893.800312685 1346.47849954 2683.45603382 -2281.7360094 1066.82063747 2530.27667525 -2964.41192883 -159.920347138 3064.91212935 -2740.06367146 535.656224661 3099.64870116 -5016.60821633 -478.649268461 4466.10320546 -4257.86218138 -330.177095562 3308.8148628 -3095.031297 -747.618345707 3236.99445822 -2921.54234207 -831.202583168 1999.73319573 -4187.0809207 -677.441898 4300.89863546 -4542.04679171 -131.528368648 4179.96120201 -4303.87810627 -637.266896393 4560.59892751 -3744.20026934 -2503.72029709 1934.89091607 -3114.95913859 -264.772211146 2741.16465778 -3032.36330045 -652.397448619 2509.53758033 -3114.14530884 -1387.90136737 2121.68763624 -1803.22167471 -38.5265818108 1548.81323094 -4746.52230251 -304.402302643 4283.08977266 -4806.80015159 -229.851113802 4711.52341781 -3919.42313337 95.9966917861 4859.57607791 -3145.08152772 425.194585018 1369.62048966 -3197.55727607 624.784584808 3099.60840921 -4324.08155917 558.797529344 3698.42845917 -4699.06846536 69.8803464848 3756.11145803 -4512.12074293 104.878949423 4805.7247605 -4532.69255567 -2920.83023637 892.396100526 -5226.86235899 513.257543547 3765.40186403 -2853.47677215 -330.353683986 4356.21856759 -261.557894094 916.255328253 2451.16938093 -5389.62252074 -144.258312309 4105.90050194 -1090.29602134 -443.950499473 -90.2000999917 -3166.69307505 -1483.21623879 372.551776453 -3356.74036653 222.6221357 5255.60129218 -1691.54797327 -745.476509856 1940.07978066 -4491.9305696 -75.1003280385 4999.6602605 -436.507058669 2668.52063188 4079.17909829 -2959.20297634 -477.394436951 2736.883223 -4071.56473425 725.21728804 5557.64952229 -3140.01657222 1012.76053555 3230.82276242 -4670.64580704 -70.4570856554 5099.75894707 -2961.17741671 55.8991914692 3597.49673776 1215.08769834 1337.63359269 3739.59429746 -2272.1570254 -769.191952082 11.9645311196 -2585.263848 890.949257013 3243.66784641 -3171.95774475 300.025782913 3239.96773692 -3629.4361711 -1211.53953094 2319.03384833 -4839.10469224 -309.725488624 4672.21404726 -3169.05789205 -1157.46237159 2644.94235338 -4517.58983962 -709.423440258 1703.08549319 -604.773260652 262.932486564 629.934130134 -4292.96538613 -3018.28054195 2691.20353888 -4184.4070955 -677.690223611 2827.78059398 -1223.74843424 530.158265508 3038.84273499 -4578.61412819 -400.70926065 3613.5370224 -2947.14455802 149.505393542 3231.21256821 -4278.20060042 -50.8574496374 2516.79241564 -1455.32941493 1602.31824086 4180.10778297 -6805.62957422 -560.892199925 2183.85473103 -2955.31238715 -1100.73687709 2821.07479517 -2218.30415813 -997.861557801 2197.43161267 -1530.16659257 -1156.84347977 2451.30790733 -4257.89223082 -325.726997411 1652.33924335 -1779.76620437 161.328341373 1277.35593107 -3457.16953796 -254.341007303 2257.49371427 -3877.58784106 -945.714806002 2594.73382587 -3575.41590348 -239.581574792 2592.34006459 -1524.54912291 -398.099487286 1709.2069576 -4498.32057648 -96.6380009278 2547.50609773 -4303.05523565 372.757841337 3868.02164207 -3905.23018473 138.021969732 5338.54849148 -4055.34071802 -2045.4629899 2387.93425072 -3478.32696041 -715.899431206 4921.95387949 -4208.43175414 -610.181348258 2021.21110854 -3672.42362065 232.127398397 4849.29226602 467.587288336 988.315761959 2661.38595658 -3726.78737834 487.890962652 5328.56999245 -5714.49772286 -883.87924503 2254.42994961 -3055.60792619 -1109.5767948 3694.48791567 -4533.34861319 -1187.44328459 2685.17805751 -4171.72135574 42.6513756884 5832.70266324 -4230.29844104 -1293.29029039 4852.39229021 -1259.20280139 -947.765655578 1412.45254914 -2826.24393636 1054.01390044 3424.70678751 -2555.34309487 178.902149014 1887.91282447 -1166.60501504 -100.409413263 1654.13341231 -2759.05206464 1473.86610496 2713.42570453 -813.603537855 491.58658228 2538.48674738 -4294.81544862 -1155.22568887 2037.31249848 -1522.45404646 -217.623689913 1263.10945554 -2959.339598 -138.214144229 2763.73445357 -1958.68803994 -848.026904811 1915.86585319 -129.183355572 193.026846869 769.36645836 -4444.91557067 400.157260676 2523.18120939 -2743.14727813 -564.789426013 3368.01846957 -1708.47054454 -241.925827155 1191.44727315 -4706.13283742 -183.002757336 5198.68663658 -1532.99414467 286.780223881 4255.93166659 -4646.79375123 -192.18268935 4690.55243188 -4816.97577769 402.195730537 4521.00425304 -4298.76404296 171.392548978 2385.69655195 -1140.08659748 -250.317664163 918.538059939 -3717.59628869 7.38016118175 5095.82313346 -2448.36801968 385.261149334 989.538151426 -4707.79289701 313.700295024 4292.08158542 -4184.30661046 -652.145945785 5100.79567615 -5982.60568805 -2265.15453068 -1373.26639608 -2934.02809658 1344.36991989 2663.40427783 -4247.31701215 -1008.26606605 1582.25051115 -1054.92424248 -5.56403277412 760.487446325 -3751.70483311 283.345831168 3207.16017016 -3465.95530876 169.690119671 1672.27140611 24.2490356894 562.619686333 1825.93839547 -1704.29448609 -96.9037465881 831.127084671 -3376.76564981 -4.52872028654 3184.02345716 -2315.04264522 309.519943388 3227.3469234 -3365.99419439 -538.7559884 4339.10477034 -3952.50024315 -123.678001463 2712.18614762 -2229.11143595 49.4222604758 705.168560556 -1160.08870833 2560.37558576 4267.61367516 -1099.71448197 1337.76372515 3914.88685858 -4852.07683766 35.5770753432 4551.0279549 -4709.70992047 -173.67124294 4209.22329612 -4788.91919329 -16.7302029731 4355.23745585 -1004.96391425 954.671105086 1694.20758339 -4629.44300336 638.807305458 3916.80356617 -2640.87616446 278.038916788 2794.36715076 -3054.20616776 439.380769666 5926.36719284 -2245.12237397 -30.1207825595 3882.46596177 -4356.16056962 -1055.41491995 4311.81847015 -1925.98216021 746.118731812 3804.63176619 -3448.02744748 -511.816281137 2785.83474674 251.521403835 3198.19555248 4784.10830656 -2473.01836883 842.624492502 3428.6046883 -1882.6375858 85.1958394876 2555.51784223 -4483.83423404 -1176.58532041 4433.62995045 -4193.85605412 3.60235737008 5631.91916654 -2918.92523896 -231.558484535 4551.27203097 -2168.82328248 966.122099144 4024.23537146 -2396.53158698 -178.650379408 2535.75722399 -5600.51596044 -271.906373256 3013.37912881 -3581.53590088 725.362179032 3848.0215858 -2963.17213516 -246.954445147 5142.13485492 -4705.52020423 -317.891429387 3625.65058311 -4106.09442628 39.8015658931 4816.78919877 -2081.97803425 1934.40953913 3946.46663549 -3746.09663434 -257.481978588 3388.03883855 -2637.79314589 -636.397577727 2463.76155403 -6238.98814755 -687.536547839 1686.59802961 -2920.22166082 332.361456368 5153.77151034 -4440.16878761 62.5711047103 4393.43014671 -4209.21669857 -186.507324544 2151.4664303 -5747.16894456 -1898.39238706 -54.8385194644 -4332.37989874 339.826451577 5319.58613689 -2690.10367019 -517.322240803 2993.54711703 -1054.13513666 2636.22008733 3806.87840476 -2809.31559891 -239.745136888 2190.33330755 -4344.3694344 -510.354900181 4115.21007587 -3260.88417521 66.9369020037 3100.71367758 -2537.54113564 157.93449069 3642.95864447 -1178.51516634 226.789600591 1781.06296477 -4160.33987619 -2414.64157097 3451.18618486 -2744.74737455 1938.2807257 4429.25930168 -5192.8317113 -436.742220261 4301.97563935 -1466.53081642 -501.157447233 1875.17849303 -3470.72118666 -380.350248517 3372.01607928 -243.060426627 122.053783326 928.755555201 -2497.06921441 -104.365370465 4414.27582577 -1792.04776125 97.1731226577 2201.60802542 -2318.38749117 -611.613038441 2164.9619427 -4756.80460239 -242.173348992 3651.8186306 -2456.06836797 142.320137414 2812.73390158 61.1934514866 819.871803921 1181.86603588 -2791.68343867 720.701015366 2555.60789279 -4587.11050548 81.201261796 4829.17336045 -2083.33693089 881.850450338 4131.30576209 -4231.39410844 -390.750967126 4407.10616665 -4258.43727049 -51.2839950371 4222.46175774 -2690.95304888 469.335940812 3338.12566848 -989.453121093 162.134390986 760.218054039 -3448.98962666 404.836076711 4047.41479478 -4130.99338491 -1825.4974325 -25.1378265043 -4221.4266516 -832.448892906 4336.7268868 -3288.48711462 -380.441859275 3394.49350992 -371.716966374 248.92087876 1154.94491121 -2130.96109234 652.647092525 4780.55222768 -3366.10187637 140.336314816 2955.08101886 -1915.97032158 1840.16424232 3539.50452806 -2136.48562656 217.164956468 2006.19540034 -2349.38233172 375.668491311 4359.87930893 -3435.86879039 368.735199273 4499.54568282 -2814.3052061 -252.246419809 3129.97564403 -3848.7024081 17.659695906 5230.56167308 -3124.32333882 332.821923112 1268.10853314 -2044.02989802 -117.569012978 709.137317095 -4310.94426641 -46.7074440269 4792.34553027 -2623.60097837 472.904812649 4115.97576608 -4669.72781574 158.719912436 2700.72928235 -3493.19724081 -74.2863687487 3068.06860511 -1312.77694417 1007.03189441 1969.23925863 -4226.60166957 282.48662689 5370.00257727 -4622.83891399 -101.033728947 2900.40117448 -2198.56850666 -771.776084788 1373.39990426 -1230.5286957 2934.40691561 4557.3804743 -4997.69831121 -311.215568201 4022.64396037 -4853.98416637 -4122.18289957 1165.71618984 -4289.37219837 -207.862056308 2232.15051918 -665.176741173 334.797105379 2494.36136928 -1429.9764436 -378.662081109 1444.22681998 -5398.40363233 46.5079757118 3992.21637602 -2745.51615181 1111.32182362 2676.87075344 -2655.15164245 305.411368321 2818.31180474 -1817.30546932 424.422052884 3099.56160764 -4827.59598395 -24.5046164069 3378.03372993 -1665.17878578 270.920895087 4144.92573383 -2794.25351356 5.12014039775 3552.37159917 -4127.45203723 143.454354437 5055.42930802 -2461.22499726 -263.066570772 4180.8072588 -2333.68864866 741.734477792 2073.77050329 -1694.00763282 -1572.70198009 1536.0198542 -1800.83255797 2105.07750614 2947.48129032 -4611.88732193 303.897112623 2825.59007275 -3032.92138997 -171.221467249 5146.98809393 -5476.92803506 -2027.16388577 1617.99527688 -2598.30780913 48.9231256575 3150.4162591 -2627.14823272 -1073.96440678 1310.0753994 -4538.36814529 -677.575303158 2119.53397622 -4168.18748832 -2061.82853509 2627.73596237 -4354.85220626 570.902912483 5662.91653242 -2857.70233593 219.11131728 2756.98158447 -5154.4180879 -1080.23089861 3731.24943333 -2658.43930401 436.739849485 3657.98161662 -4483.74534834 58.6728756158 5263.44431857 -883.66720482 -429.593203276 1421.27589191 -4866.02009866 -244.812524922 4583.20400286 -4377.42468975 293.007032733 4717.19871281 -1028.43706075 -504.51965718 187.434406194 -4175.65747023 270.052014849 4821.99849615 -2007.61565838 600.728052294 1308.0853217 -4418.58454843 -695.41435707 4311.09105866 141.795102281 2619.73467748 4988.4784086 -594.051602091 98.3868463786 2250.90195275 -1843.72500963 -0.216301705376 2561.83060494 -6941.39550329 -2035.53956599 -980.412535244 -4913.22433219 -291.233294517 1560.25911569 -3561.44828408 -481.411473225 1704.44190433 -2596.96237113 -518.437148979 2416.92661996 -4705.14667887 -57.5386304612 4589.06210696 -4066.90157875 -777.232872701 4339.09995652 -4639.8422047 -1266.14397524 4870.18649617 -2071.87753075 133.03117621 4361.90135876 -790.172598182 241.849794841 1896.14411112 -2423.34654166 71.3071860885 2606.31967496 -3130.98454239 520.207012277 4133.72843823 -2868.45409856 69.5708221792 3324.3106945 -4375.20028748 -134.55099898 4912.15042439 -2555.84292255 -1616.88235217 829.015733155 -696.76956266 580.348358349 2845.21600191 -4141.30016642 -253.883609042 2049.29948184 -1078.40752151 -201.763713308 2211.56273522 -1193.70238249 291.323932325 2074.50618365 -3005.42363303 223.451893504 3918.29314561 -3344.67072447 -595.219778828 4005.21699088 -3424.25170519 -575.400425442 2766.13306421 -1697.98999263 -998.313889401 2308.80060738 -2963.88048242 1046.66351676 3752.39182765 -2562.87007138 87.9429077887 4364.44897638 -502.302660403 988.623279075 5154.75530216 -1599.25021904 743.583459995 1329.93031659 -736.091853491 243.647884456 712.383567067 -3328.11949762 -139.82143712 3451.79563066 -4949.45196435 -609.983857381 1952.05475101 -2620.13714165 61.8240734274 4783.97084171 -4722.05928997 28.9975809034 4784.67160258 -3402.54127211 -180.166707814 1835.84363131 -1913.64926567 143.748527997 2108.80780921 -4114.30204286 -225.597084888 2388.39940348 -2100.52445575 1494.98899624 3319.83512619 -3176.1536177 238.859917379 2899.3902362 -3097.0024962 808.151588159 1762.48606037 -5203.807965 -340.45677106 4679.52635093 -2778.79466862 -1813.92256051 2979.64203036 -1381.39617914 -1207.85728724 3011.07351397 -2752.77748375 475.396536314 3062.7494984 -2031.58692609 -402.868807981 987.585488667 -5072.64754329 -85.0581242749 3370.61320217 -4714.60324632 354.933294685 2213.45255526 -5088.15565843 629.2853642 3989.27353833 -1680.09308085 978.07379533 3947.3788369 -4066.83514352 -296.239253948 4170.20181712 -2594.37672188 -514.227304823 4128.97238805 -2477.18668086 664.600343662 2999.56347406 -4571.47519218 6.43180444136 2414.33806687 -5423.31655382 -173.05989103 2672.90528116 -3812.87565198 99.2599286057 4544.92883313 -2607.42633073 422.593676348 6041.46572768 -4172.20150149 -533.357437596 2446.11382966 -2664.37038177 351.191920531 3647.29415027 -6075.09819746 -276.475244605 3001.99532204 -3289.06307938 -515.204684873 2874.85651338 -5556.68543393 -596.883469563 4665.86699636 -2068.23510037 -344.312960389 1042.35036769 -2701.86382835 -204.262584408 3966.8424093 -3139.89286076 144.343656075 3827.42117203 -2912.38417442 1639.33212639 2805.80459532 -2493.54411726 426.747718282 2666.03842467 -3005.54937021 -1636.49913535 1718.76221549 -4092.77175719 -2314.31350251 1382.6561824 -2821.8060789 344.858015145 3569.6829643 -2884.64401581 838.183548301 2699.64638373 -2909.07072744 -216.522822208 4502.21671549 -2761.43424696 -80.4424573079 4171.52628329 -2444.59465247 382.236466489 3068.55514498 -2247.12308342 808.638989134 3545.43721647 -1963.2356498 -804.105190933 602.117484312 -4448.04898509 -387.994136025 4758.67336502 -3114.52664589 -485.738815893 2925.82587478 -844.708372261 -325.614581887 1781.64518335 -1579.71064261 -842.15335225 2617.49794133 -7364.67567476 -3667.99859067 1287.67251273 -5175.25513683 684.344837638 4039.07126899 -2268.50457085 -1225.71367655 1180.80641463 -3896.04656172 -656.936695738 2178.50921777 -3402.76576906 -400.532391768 2328.55430391 -4364.28420439 -510.097104271 2008.15943305 -2242.64804356 644.410940548 2396.88737388 -2482.72230246 304.420434332 4231.0907692 -4653.04869303 -142.27887285 4477.32410401 -3210.58323657 -145.978415714 2857.3032678 -4592.32352077 154.806034619 2897.65627879 -2874.53739237 461.440735162 2955.0707013 -2081.7320765 642.378370052 3136.60221423 -4767.99276132 -1568.41058408 1588.57591662 -4877.89197728 795.355719668 5432.41459226 -4033.7920123 -53.9593309432 4795.50711696 161.391253369 1205.15276442 2652.21536854 -3626.09554634 730.586416062 4012.93119066 -3573.10573793 -201.477547569 4015.15340828 -4871.35811003 -621.256067148 4630.51875474 -6811.54324152 -2819.4628035 -463.298275113 -3557.94943692 -948.162923335 2922.37708618 -4462.91347175 -1332.0785899 1746.01177291 -5360.5699038 19.319948254 4608.63241724 -1526.49693812 -108.060335146 1819.34303447 -2913.13504057 7.71758041409 2504.87596915 -3750.25935034 -581.794989708 2833.3431752 -2666.26270048 721.032681433 3779.8426965 -1562.94840092 327.497819596 2833.86812975 -3495.32579325 -1100.23560548 2696.62118333 -4701.39912035 -94.8976907504 4072.69188973 -1483.96319406 254.567280942 875.08520055 -3289.29212802 -1001.82190286 2776.57046645 -4444.33977465 -78.7761276942 4614.22531245 -5498.79971027 -298.032181353 4198.5952691 -4153.0668595 156.276742391 4825.2349319 -2759.88414416 29.7518642573 3037.89691405 -1301.52890525 678.704248134 1321.06033203 -3762.44306644 317.155035327 3227.98975497 -1001.62671719 823.145177326 1882.90003613 -2620.95973677 -876.146104388 874.772545701 -4860.06478609 763.461738537 4123.14196151 -4166.80668686 78.2718924972 2457.37434787 -3096.71100244 31.3142810268 3256.93498857 -3577.84771851 -368.564835488 1915.777351 -1411.269237 1628.92170756 2778.92840395 -4562.75515022 99.1364544603 2398.01551684 -3101.85242825 -1101.0604102 3524.62624604 -4501.41686619 -332.758453591 4296.58704035 -2961.75219105 215.599793478 5244.61269016 -3352.12060246 -334.274782632 2580.42325184 -4479.19748971 -103.49373021 4318.3438531 -3979.69820184 225.949579251 4505.34501346 -3529.49480241 -1605.19915999 2046.86806368 -119.710923373 981.497213568 4162.39719377 -2141.54836719 -238.380015502 2099.03759428 -2414.08710131 242.491969191 3720.79266491 -2411.04294429 1157.6243709 2000.10114421 -2753.95354036 611.302493059 3066.41519324 -5952.02217734 -152.932218761 2827.80237673 -3127.42346737 178.519105086 4660.67939193 -4711.81221515 118.183189836 4655.14319799 -4211.05207562 1388.9289944 4653.39182647 -4246.83025346 -671.58215468 221.61872281 -3884.59674568 109.19960856 4285.21189894 -3213.35057596 1588.66179218 2486.35062445 -6867.40635208 -5390.78076642 262.431762694 -3765.08363005 -1764.72185212 2220.31518467 -2552.84894174 369.716385749 3884.78153823 -2512.84895248 473.740135399 2912.87480697 -4041.67849449 516.072361276 5522.08518276 -2462.45186335 746.185163399 3911.55570228 -3448.83496504 683.833173811 5753.67502455 -2851.53090855 -687.620605549 2730.58476951 -3713.74468804 401.933836873 4795.27213564 -4512.15658713 -389.872426942 4167.60029401 -4210.03649663 -71.2734069068 4733.23831765 -1978.59437907 1785.82465592 3845.76137821 -3550.61870895 -2604.35956447 1801.30479983 -2009.4559531 232.747558165 4206.24179912 -2404.84762301 471.575548462 3938.70266477 -4200.89643645 -294.120070083 4690.58171082 -3450.56687798 705.442044462 4894.09612198 -1971.75711611 -723.458101881 977.462669426 -3586.51108454 -1234.34665616 1841.49871123 -4803.75697837 -201.810821788 4707.61848879 -2961.31120189 536.228664371 4676.44574565 -3381.17389906 366.403189556 3422.26556586 -5148.20628309 -636.82193804 3834.94883443 -3961.06883841 625.68723128 5435.79214205 -2513.91620882 -84.2078244711 2162.61855849 -2358.96757816 357.653520797 3921.31334384 -3170.25833632 -2485.3043281 1845.65730003 -3863.84809067 -132.618838243 3589.93919347 -124.995951455 504.949001044 1067.00642655 -1068.47077054 -19.3578164873 1896.92667547 -2742.06301349 34.0198295478 3740.01657775 -5093.27917921 -28.1638860729 4955.76964018 -4742.15905058 586.536435267 5204.2834342 -544.294340495 241.875002114 1254.31940488 -3516.27634126 -236.639018635 2118.75179158 -5673.34623554 -348.715320042 3102.00013337 -2895.33047418 338.777038797 3385.30883802 -4905.0289763 -201.854051361 4073.38375698 -3314.87978353 467.398416059 3693.79865795 -3768.97983801 -993.275343327 3963.08725996 -1020.21238351 31.385333505 3480.31448697 -1345.28826373 1437.83834992 2269.26039395 -4228.79946802 -2800.39875924 2788.77265521 -2861.41268568 -528.805550659 3948.87027095 -5023.69668675 439.444749851 2243.85516384 -4502.42757988 -631.93809228 4234.4195063 -5200.71106226 -710.933135039 5127.69465966 -2157.24728357 2308.09199569 4663.09408874 -2890.69694864 183.76372867 2850.64541605 -3987.27335756 -639.443167315 2236.15255703 -2510.03668623 1482.69409904 2743.33035632 -586.233263689 848.42379519 2633.94238189 -4730.83480669 -622.781071553 4079.78002588 -1344.66039108 105.533407497 2221.88571397 -3245.4624092 -481.975014435 3725.45674198 -4707.24609605 -361.894908592 4119.66554641 -2873.38482371 -274.922755466 3435.16698981 -1952.93229849 1041.37107367 3261.77335732 -3808.84155815 544.925516808 4968.04917235 -2632.1117499 -370.923829069 1399.66840801 -1842.90781146 2729.67111264 4643.92146225 -800.314048165 -139.723514389 2948.07717166 -1055.37729373 1188.58919105 1784.39712183 -1124.75768757 47.5972504437 3271.44080063 -4805.86970771 -178.951058782 4507.60253638 -1100.67549036 331.290103126 2091.84533346 -4088.97736833 -56.7141919451 2877.28924362 -2715.94347234 -268.306819752 2960.76465659 -3674.41298239 395.03968207 2483.86836191 -1137.61149614 934.744221686 1961.43452696 -4612.02645294 -33.7241811648 4656.50222714 -34.2727087971 1367.26858992 2442.30993302 -4282.01486227 121.90609619 2414.45824292 -1399.6572874 139.673952279 1862.33709654 -4777.56660616 -731.759483806 3580.84521167 -3116.36563583 128.73899837 3407.61017098 -4055.7947593 4.37827542622 4943.03943247 -3184.98717573 738.981845141 1252.47769907 -1612.41717318 2461.15511253 3530.14784712 -1405.56066488 -20.5043461967 1337.21284423 -2745.74906536 -329.893555063 4026.28071491 -4178.51272842 334.594576446 2664.59954076 -4647.53180353 -1796.35814051 1839.96489007 -4394.8746142 441.847497854 4940.76507716 -3533.84982697 -772.188550292 3116.0677169 -2394.87162116 -1112.01068662 731.354926553 -3316.74789536 1040.0323122 3252.6325379 -726.557113403 259.394222284 1160.39526094 -4755.4728335 -795.656061026 4610.44730557 -3898.51888059 735.904122893 4871.12069827 -6104.00659371 -4263.1871272 1179.41773438 -2663.4915323 1048.52170266 1514.5629662 -4861.34832099 434.866309288 4307.45449038 -3387.94583969 497.046168825 1694.11461365 -1262.3737463 256.855440632 1703.45900847 -1201.56906163 -606.914950544 3077.40625465 -3484.12444036 -174.607724645 2618.99605586 -4418.39528734 -687.550668259 4369.09999743 -3403.24278532 795.274799428 3375.43693891 -4338.74918062 255.346785897 5077.89439213 -4835.04495592 -1011.41128224 3841.09995949 -1716.84172961 -426.535270729 2928.54292906 -5731.24101786 -4755.71768921 1035.67043457 -2001.24208421 608.764756956 2250.57111435 -890.156852 660.23017729 2659.35827824 852.435398017 1056.58654359 4578.15548351 174.498239554 1632.65635346 4347.69546816 -4689.17270988 -543.081837175 1555.61278068 -2498.39016412 228.511135438 2134.2190478 -2357.23115926 -1824.71481807 2626.3871223 -4554.34602653 -329.614968308 4280.79126127 -3179.14977217 -281.301049491 2618.34358209 -1842.71580731 -387.293352244 1800.54285619 -4508.35537158 -1508.92206423 -672.326444525 -2502.16766083 62.5983285009 2284.91459223 -4470.43474124 -227.528889812 4434.95427205 -1145.786032 4184.44024883 5188.56402009 -4870.49429831 -427.422021583 4602.92284953 -1874.38175882 918.903003868 2000.0311485 -2169.20532441 712.582712512 2497.0606728 -3399.06599306 -1320.7192598 1527.60408433 -1502.50957588 10.8912879524 1538.81386906 -3103.02203857 -239.935133406 2981.35001304 -889.038879159 -416.718845122 90.6671550565 -4459.60388854 -2191.86230659 -610.56959227 -882.342576373 -224.010916986 92.3515045729 -3057.89685446 346.980650195 3222.06333193 -687.174389444 864.788963701 3941.9349831 -3413.2092922 -546.995556703 3622.55154372 -3323.97655879 -336.134244071 3195.98518867 -3540.67283292 -2222.25400538 4048.79833114 -3578.3311274 194.107980076 3302.72060509 -2593.94313001 166.60049372 3437.04453096 -6609.88883627 -1373.8393291 1565.051569 -3704.96919114 -298.36947807 3101.83924101 -1475.77355514 3444.18015031 5024.79378773 -4731.79389905 -1665.61482931 4588.77583823 -3627.32754431 830.950744531 3525.76921675 -2882.36185857 9.79080287433 2914.99786815 -4351.87437599 290.146321653 3792.14776059 -1343.85028374 -239.570753661 1853.88488547 -4598.35374591 -469.748709344 4741.79486142 -3613.73824895 33.4502004409 4731.44192704 328.7161457 564.795638184 4487.34918947 -1283.20150764 690.73507091 1166.34233607 -1403.31200329 -638.726043133 2936.75562973 -2910.77745535 648.285569366 3003.07121048 -2435.24889503 2105.57345961 3854.23171927 -1838.481151 -773.110921809 -352.181905571 -10639.0510466 -5385.04937049 -2942.11055459 -3302.93408023 -1169.34355027 2891.33092838 -4347.82324199 239.510370189 4760.28787516 -2856.0919654 2022.44331019 2840.22974892 -3925.47480037 704.51673426 5618.04152381 -2984.38497256 -307.780341825 6078.56179363 -1859.61442638 -866.466137476 1763.8018688 -1008.06252166 273.511548181 3345.28900239 -3994.41873331 -428.622931958 4273.7050242 -3285.19165379 915.641195629 3163.799292 -2327.3417652 -1364.14640538 1254.95873688 2567.88279525 3311.58499938 7821.7352969 -2490.50059713 2.56405120761 2285.28164967 -4794.62909662 -1322.67055613 2037.34264315 -1300.23770419 855.864482792 3812.66350843 -3835.65649505 431.596233083 5251.85205792 -4549.26351626 -87.5722219318 4254.73507108 -1994.13066079 2625.95309013 5066.04982465 -2005.01872347 744.847937455 3362.4828049 -4347.58129464 -120.942763896 4731.15635114 -1782.09481228 -209.050726069 2751.33540057 -4599.13051179 -349.164619498 4039.36829772 -1661.30493639 483.13333827 5296.32166012 -2974.92169624 109.769817622 1388.90667716 -1154.68747084 -331.433695974 1995.55289256 -2677.94930442 551.739241211 3329.02494931 -701.045376645 54.9540279757 1251.14048254 -3364.51454556 215.096141757 3034.69142176 -2099.90325496 -468.060839937 2170.84983337 -3112.16969609 -501.844623069 1805.34251448 -1323.70288401 -356.923593845 1733.37375456 402.581328148 772.24994819 3620.81540428 -2891.81106379 -345.37825261 3946.73263159 -1076.68180958 -838.843285585 1280.8312175 -3130.60472842 317.427897987 3454.76301982 -3810.99534946 -1680.64455521 2294.86112645 -3692.10104163 -1647.35745976 -998.249588413 -2907.71833644 48.6119128656 3090.6737168 -3009.51304507 -775.203950122 2312.95817021 -2531.04045489 -84.3860412965 2942.62911333 -4097.69310233 -297.391136135 2301.16582623 -2567.09347523 -415.709814291 2655.57365654 -1369.09701403 -186.121458634 2029.71424855 -2889.21221794 -342.090123434 2203.58731837 -3467.27889095 -1274.03940013 2024.46198418 -1600.50334238 1206.85545785 1634.39711875 -4589.14547445 -249.640390195 5120.36650243 -1453.31475511 -1242.04471639 1562.74607198 -4519.83719759 -263.068768122 4627.19740786 -5180.10472615 -1120.26192582 1967.16020713 -3199.6196023 30.4660260212 3146.27490713 -4956.21001488 -193.676624548 4518.70275658 -4628.85834432 44.1060852726 4516.30653286 -3940.35217086 -1370.27581963 3777.08157255 -4480.51985524 -1829.1865551 1451.06690903 -3815.52786858 -1378.26062077 926.531533463 -1707.34644594 425.936540116 605.300635883 -3276.32736356 51.732910357 4505.63017913 -1754.78712444 860.464332354 4388.21671097 -2434.17298777 -388.031820054 1967.62939229 -2883.20592098 1402.69049955 3112.20275087 -578.209159133 398.539782253 1621.19798681 -171.846202574 771.152026345 1626.65201118 -4050.31876571 -209.899082201 2075.19108436 -2490.44161202 -362.102241114 4158.68766819 -3472.83029614 -1273.94835595 2264.42127376 -2453.30412918 86.873818312 2795.33845491 -1912.20042839 -37.1293237485 1903.73980297 -1067.56049736 287.019148106 1081.82121952 -3176.77484547 36.9828053474 3273.44216016 -4020.7053334 404.535343562 3116.93381817 -2736.89445983 -1592.3840465 3148.09418019 -2112.36211242 2074.07079448 3631.32336252 -3845.72632803 -85.7451037197 4718.80528335 -5929.48769791 -66.6402314918 3273.83984453 -4053.7814637 1447.19435319 5215.11497448 -1920.19185975 -191.929368057 3176.90185567 -1421.95651533 2093.01577671 3844.20531781 -2958.30421659 145.726249647 1832.83323788 -3369.47313145 -431.468209721 1069.8266818 -2457.89857948 733.753644725 4407.37555313 -1624.48077357 239.623909925 2423.0839343 -2347.75874126 -554.228539058 1876.77495143 -4600.41622684 -2476.21619107 1142.54538113 -732.603964311 189.603949338 1376.47481297 958.571690855 3990.10575439 5673.04852323 -2664.44478883 230.474375001 2865.31033834 -2087.45197556 684.703550745 3538.38136139 -855.704584934 894.549418932 1716.30414448 -2008.65071111 1304.72908007 4589.58894335 -1131.00380089 79.6594651583 1396.53535141 -4689.6383006 537.273448697 5379.80195592 -1627.51996119 3594.2811031 4301.8937226 -2083.32445857 678.237482014 2656.73644686 -4377.10503061 -122.317899748 4145.11028357 -4753.85977779 -169.965547356 4705.90619776 -3430.5066894 -397.08062348 2761.81545086 -2752.17443504 -247.853891035 2532.50451553 -1686.86231873 -42.7495663836 2268.19365863 -3349.88361103 -464.911616146 2592.50128577 -3316.52643579 -202.324897919 4465.54113661 -4851.85371607 -286.785937561 4407.92879417 -2711.03162101 168.295389106 2721.35549317 -3047.285202 -221.928144601 3649.79876638 -2390.44944827 -345.457414284 3396.18955405 -4608.58624764 229.63317623 4842.91319046 -2999.93376413 -1337.54563246 2633.12465511 -3639.21998564 -441.377291433 3335.0871905 -4633.57048522 -248.318964939 4328.3707611 -2563.75168823 211.778600638 3436.89000613 -3402.60363047 -605.960539646 2503.44987595 -3240.99376596 -6.99741161287 3217.66906058 -4200.37750331 -1865.64428695 1875.33612967 -3159.1759506 244.882433447 5818.41815601 -1766.54510221 -428.450987845 1972.28340281 -1000.07270087 -77.587184183 997.805461299 -4496.49022964 -1044.17301987 3821.45534222 -4146.33993236 909.657219919 4217.12298305 -2526.6636186 1509.63398501 2655.5257937 -1956.01040917 -1543.9231021 1153.78073211 -4332.95756295 -84.2113425502 4255.69218907 -1626.97868826 -234.620461108 1940.0865496 -5035.65154261 -1253.75318198 3913.997404 -5418.73564959 -1494.73760422 1780.35698333 -1840.2412325 406.011013947 1705.79090392 -4765.82492332 199.709364749 5352.98894137 -2656.21348142 -207.288351469 4064.12716706 -4642.88674311 312.901984183 2444.07883881 -4934.48198668 265.785312189 3659.09645031 -4580.71068716 1047.30086781 4317.40586443 -3355.74299903 394.183376433 5712.96251329 -3897.32686644 -74.1598035639 2750.98517993 -3781.02125263 -766.865549303 3544.77231219 -3002.6112197 -195.324124686 2985.30678596 -2867.48188553 -521.090309709 1944.77663939 -2854.85434845 -12.646526397 2812.69926046 -1677.37444583 -170.461221704 2107.94842003 -2886.91943312 -137.733120542 4401.59006979 -5012.97649944 -916.041889756 4051.3571981 -1127.98437058 -5.21064400819 1418.11853755 -953.604804541 -43.245182076 2227.73967637 -2326.34786189 950.275945017 2190.82264354 -2842.25633694 314.659429792 3132.30026535 -3949.86598504 -74.1470603456 4791.11449871 -3112.08336536 -1001.08138519 2188.05981527 -2687.01794985 722.913002686 2059.75763411 -3315.17883153 236.918148837 3347.3479584 -3163.24416225 2392.90518434 3914.0496315 -3913.34225029 409.951682276 2721.84701729 -2538.2760279 -445.059971287 2806.02214882 -2278.23157953 155.748525352 2912.35507023 -4507.47354109 -394.359042769 3721.88458346 -1985.3094589 -22.4439985324 1589.90574296 -5115.48061518 -1698.33036574 831.584993172 -3808.99683581 -114.254003972 4742.86709323 -3310.3250333 1595.37614252 2722.28913786 -2923.65834151 -239.895294507 1194.82317361 -4376.07988913 559.910772304 2738.79649138 -1583.58389808 -134.423245843 504.213283997 -3715.66677379 -2002.56986976 2140.31779086 -4898.67300793 -1816.61843224 2258.66349717 -2317.86230063 232.026608694 3472.95754316 -3270.93672713 -850.251134071 2622.09756231 -4740.76784379 -10.1799779876 4790.34469817 -4726.51783481 -34.8480914105 4784.11906595 384.872907851 1764.75540365 2953.99494889 -1901.87235024 445.283509878 6559.08565406 -593.505828284 -91.1286623568 998.889482348 -5287.43244877 -1652.26911245 -236.912750383 -3312.24376814 176.770231348 3151.95364312 -3333.75927586 -154.205302351 2344.32891236 -4291.26461698 539.931021083 5197.84218019 -4986.43790987 -136.462510358 4792.60628393 -2391.58497022 2324.79890463 3737.96584792 -5002.93268813 -407.283503411 3359.24367307 -3195.32927905 -1716.58020826 2708.22677228 -4137.27344076 292.768182538 4662.57091077 -5239.18767426 -1065.67881117 3785.62477714 -3250.10402684 -1703.60273379 2766.10798067 -2840.58733509 -82.9506224789 3366.16994223 -2823.92140964 -80.9899944191 3587.65518743 -1157.83477633 -97.8972966964 1727.72318463 -1748.80277285 3091.42696069 5047.51142208 -4234.00735555 -440.312784237 4691.17654368 -3327.91171067 -12.3545819444 2929.4016177 -1229.63471202 1628.04422676 5190.74656342 -905.702606987 -510.567534012 1387.570547 -4634.42316162 -2062.52332999 553.553006924 -3085.48804432 -587.648315385 4818.24629047 -392.21204672 427.03323516 3279.41451025 -1380.18381034 -1092.51575084 1280.63275989 -4053.14353034 118.041440639 4165.00622982 -2042.88293699 908.910813791 4564.74621922 -2949.67062488 -217.198649436 4595.92955997 -4366.41541377 66.8465368203 4575.72288559 -3172.98359689 -99.9983983972 3109.34011219 -4443.63568456 282.201493134 3030.24356696 -1998.18188751 671.389843629 2810.35735932 -3244.68973317 21.2283267552 3234.69676347 -5600.68634985 -396.901490831 4942.89287973 -4948.37404749 87.9313320657 3528.74792242 -4369.02324064 -1850.28583315 2165.67595361 -4428.54641199 -1092.96984038 1907.21652717 -4818.17828261 -64.8863607938 4586.42997177 -2081.77709974 -64.5825046187 4437.82091019 -3258.61238317 -1312.46422723 3823.08069362 -3104.08902746 -182.761064181 3266.55171966 -886.29153021 -59.0923568746 2192.42092396 -743.212605184 1187.24378745 2512.60788982 -645.575377095 326.226104874 3386.11733357 -3134.03618553 -356.178239694 2599.19122192 -2084.02943669 404.205200845 4037.41420705 -2279.27232489 45.5090039663 1800.68607173 -1772.2491437 794.233837437 4107.04898632 -1652.55571536 -596.863877378 925.882517269 -2217.49107707 -352.782499139 4322.15519782 -5109.34438223 -10.0797471602 4681.37416134 -4855.12645961 -2273.73804479 3026.18504761 -4338.68824584 -3108.14582295 2017.18720868 -3568.68910509 -2584.1950068 1791.78092895 -2590.75581403 359.065098769 2857.97104693 -759.775695001 134.062685079 1022.69706614 -1200.99892005 -812.883705745 -454.644129007 -4808.03921695 -176.282315599 4272.36953071 -4495.91507403 -81.6396821859 4787.48680179 -364.977049358 2872.43424494 5700.38073755 -1387.82419597 -987.599613632 1849.70118779 -2874.81501409 -1373.31107923 -184.517907838 -1502.50957588 10.8912879524 1538.81386906 -4793.21076511 -1572.70209454 1410.23837782 -5847.20854166 -2825.75476336 378.511965658 -7855.05404266 -5383.36248226 57.3361493527 -2364.09315045 245.937573433 1594.34087197 -1878.74918737 1052.53671953 6987.86664714 -2725.16919099 389.25884861 2975.79231673 -2386.18764588 582.862699715 2751.09237713 -1323.22646953 -263.544105144 1928.19640048 -4352.61667498 1089.57683415 4455.72796046 -2326.05641985 -480.208196096 630.342488895 -900.950349453 853.75804416 3879.40971754 -3922.00703256 -714.980469473 2215.0659911 -1128.0252043 748.758503152 2099.3210794 -1293.82463999 50.9354524751 2412.99017455 -4284.31430719 -1679.58799506 580.572338778 -4440.76947963 -207.100753791 4270.65350105 -4323.99897768 122.646817327 4891.49966794 -5422.33205617 -377.622661066 3514.57059559 -4295.53218974 -531.882209075 5183.68082183 -4503.21458265 -126.558067844 4594.56382267 -5291.13652307 -11.3611182884 4371.79149066 -3315.80062496 -1061.77050935 580.274228446 -3531.66194823 301.062634758 2979.83400676 -4753.02862741 365.640867816 5427.245519 -4994.67243991 -711.604026689 2088.75181564 -1919.6091884 917.713599237 2881.94523498 -4988.28116057 -310.052663838 4444.86503784 -1543.38439805 4114.92222421 4517.9932511 -5090.78231772 105.769741413 4104.46063596 -2816.9634299 1035.66748468 1476.10989948 -4397.28425429 -2322.68787565 2217.92724171 -2992.26772292 1019.29605001 1031.53452732 -1238.45080037 385.605516681 1510.56493608 -1239.50706805 -21.7648822497 242.743468911 -194.024272171 5483.11142365 7458.63108514 -3338.88962087 245.270170493 4892.62393594 -4610.48976924 -150.227675122 4725.65444259 -1556.04390379 -414.703311961 2089.8208251 -3964.79968767 351.97231697 5291.89311572 -5068.98977141 698.425314088 3666.47565409 -1628.25995439 -0.141244025823 941.971427272 -2036.25997438 289.261290121 1213.3949717 -2295.68469538 -542.134607685 1356.61445416 -4249.55704029 802.151375053 3914.50166259 -3941.65363999 356.997835 6030.82066913 -3596.75503382 175.741850792 2699.41252348 -5309.73064432 -623.857683178 3524.71065655 -1157.80126183 306.816197307 3817.06821868 -5726.22932932 -616.923647617 3852.16231817 -364.673813336 424.360014655 2466.58286682 -5058.08353238 627.507537379 4295.27573111 -3194.07158793 -418.298811612 2991.77496149 -4447.88765939 -268.659922634 3965.21426702 -126.845127184 497.244513724 1862.52743711 -4049.37199133 -1104.9685637 2127.84890086 -3723.52836509 -249.497093152 4423.89216319 -4015.80480758 289.21681127 5126.00699986 -3226.78240997 335.625301239 2915.43828093 -4236.68987711 295.037102563 5019.25830904 -4961.92857843 -1250.35628431 4172.40258395 -1714.73471977 108.034875046 3069.56567069 -5381.45411551 359.962760355 3282.10909629 -2103.71496697 358.09354067 4280.95445975 -4635.39772598 -1582.64788582 4463.5160014 -5112.18162246 1155.62469006 4152.96653961 -3090.27958896 -2617.73525323 1953.19243028 -3371.33524147 -752.761030532 2905.73521211 -2914.29968307 385.329006098 3250.39581764 -4533.78681304 545.564627011 4071.86119 -4584.26742887 -1091.77771942 3475.92276054 -4513.10748504 132.756670855 4299.9484726 -1980.20609519 420.946410194 2984.25169457 -3693.0475784 -639.271623501 2644.44320391 -4256.83241968 -403.512581351 4573.8920047 -2146.63726814 -14.218401447 2909.21454756 -4221.38972645 473.569307975 6622.07299396 -4666.34073641 270.22092306 4483.24183684 -2514.0135238 15.9310664225 2304.5937918 -3969.88964564 -617.20042857 1941.84228945 -2422.01371251 -1661.75490681 1127.0781806 -2112.77156709 157.018801477 2309.23985714 -1994.95350312 132.93364849 2062.5989361 -4341.88982691 -215.758984429 3706.43550821 -4650.46363518 108.780748638 4626.91082035 -724.992937975 127.108128875 1731.44276996 -4209.11843726 -478.87278826 3038.82762369 -4559.14032163 -630.93526098 4520.77234733 -2087.8954905 -107.028407004 359.422212866 -5078.16110038 20.1823273121 4137.05298175 -3101.54939532 -212.8631169 2879.19658941 -3862.74311133 -934.529906199 1292.53222268 -2882.36185857 9.79080287433 2914.99786815 -5052.52785578 -411.263260392 4231.27751228 -2723.82996949 -925.581577156 315.599487349 -5856.0514417 -73.2702793738 4403.04380713 -3485.03191481 -775.294414893 3637.11445198 -3515.47102053 -880.199802139 2013.92349489 -6478.42941553 -485.412306384 3107.57151501 -6382.66332498 -753.739299175 2258.39631416 -2815.98628486 -122.464546676 3449.80686213 -3701.70375416 -293.246359196 3354.41723367 -3596.61663907 -619.177299558 847.588233562 -4083.06528646 331.739631656 4346.53711013 -2164.93087788 -535.839998718 3189.36717798 -4741.93517062 -482.213506376 4576.21664905 -2383.15409187 -539.396921745 2817.91299344 -3786.70152372 -453.004740384 2253.77839211 -3574.38153619 730.660019475 3355.41248182 -1777.39698038 -151.024459675 1362.1871156 -4240.56181867 327.10029254 4326.37096157 -4045.21731251 -514.838967644 2262.17206706 -4066.92387519 -172.038560134 3693.03644728 -2550.51261399 -565.48710749 2415.89979479 -3505.12563166 482.150329321 4083.49809445 -2024.1580025 1090.16458617 1688.42297906 -4939.20547432 110.184993227 4236.85664417 -1536.02362503 452.582908682 974.583697063 -3520.93538461 16.0626675368 4940.67147572 -4078.88623472 -220.894688222 2290.69797085 -3398.36519215 149.343020724 3084.56061806 -4075.05555165 -462.701611836 5185.13802021 -3175.45323667 295.898718676 5048.93303935 -3502.75749871 1428.18685837 4645.30749633 -3541.36413417 -738.650560054 874.130672404 -4503.70225174 -308.18192663 4811.02988284 -4581.15510529 -473.659430137 4344.10046049 -4479.27611939 275.800444076 4658.55632069 -5701.69983058 -725.06426061 2436.65796986 -3169.37452447 -305.779923393 3772.27428819 -5105.97281682 -323.697227962 4359.84484297 -4819.72204155 -52.4992204523 4315.41123023 -2562.95393465 -429.887409078 4528.80914869 -4014.57831765 1073.17918019 3665.70588264 -3796.66457563 -533.054410083 2544.6720787 -1335.23008807 613.181757684 3233.49850689 -4496.29005441 -3574.48181526 1320.82454972 -1410.37152167 -710.841221386 3119.71524169 -2618.31649768 -402.67980627 4318.2258362 -789.371800505 54.2979226677 3216.75297577 -1517.84094682 1011.21354912 3365.5664662 -2699.79193624 -30.2736727239 2598.87969382 33.1228031735 1075.26457603 4143.24372259 -4109.21917037 766.327625554 4981.5836561 -4246.58844498 -1050.97291716 4277.93603855 -1783.78341068 4511.91336914 4701.92613953 -762.701572147 953.918116405 2273.61541273 -4625.50686114 447.151648847 2589.33794657 -2539.75115557 19.2707708396 3825.03127696 -3149.03861779 -127.64852943 2040.78799459 -1466.41742587 777.823833765 1411.64655144 -5982.12898224 -16.4361761108 3771.9889347 -4264.38157635 -11.8036124163 4651.26772159 -6359.62982506 -33.4474429777 3429.56497279 -841.825143602 1028.26077244 2215.03540842 -2973.43727095 -335.461693648 2383.29831921 -3571.99503904 -414.163129246 4555.80408754 -4685.39279786 -513.107711102 4310.1989588 -3664.00788522 952.04049209 2916.4165619 -4565.46947321 101.987074993 4277.08347574 -1357.46433637 -648.970958767 3111.2127248 -4353.47914951 -67.2381478825 4228.1726019 -3743.8374513 -336.390244324 2616.06418153 -2096.05454776 -645.800708582 1763.69721588 -1949.17771338 -785.992126825 372.081473315 -4675.53375779 11.1046407443 4783.77517835 -2858.88020676 117.217064154 3866.92378192 -4793.93458778 -233.934938353 4780.11718487 -5283.53659119 -1922.57926668 1029.28171259 -2971.44214265 -402.733976367 4391.69830848 -2319.72798508 79.2867557002 2515.23568937 -1872.39467608 -80.6229339513 2972.37080238 -1472.55717298 -94.634622932 1761.61211803 -1171.29629833 842.866326445 2502.67996749 -2399.77317004 225.000206147 3460.02296032 -4109.10954016 -860.144447283 4582.33682023 -19.8198869274 229.39458096 1180.79462368 -3006.39168148 1450.8055404 2954.00925309 -4350.46983932 -503.898962476 4331.2626594 -2197.47193945 -1511.03993031 2947.51312959 -4000.5136385 -642.309706452 2511.85320527 -3524.09565629 -436.213264688 2788.56308214 -82.4769071016 346.712555713 503.2097889 -5359.88345435 -3215.32240267 2552.94147002 -2286.107414 -425.467653048 890.475990512 -4797.15807872 296.811930698 4559.15093264 -3642.92586345 -685.878506689 4124.02925907 -3774.0957791 -1050.52654855 2630.23257521 -1199.01808858 34.4201508755 262.965382636 -3932.24927271 -1652.36964899 2449.83585987 -4214.28856718 261.470935009 5247.60276134 -2317.29472129 935.167039559 3820.52501937 -2120.56070389 -55.5559691435 932.933268529 -3362.7352994 -1123.36290193 2929.43203488 -4146.10374585 -305.233023778 3996.02051804 -5154.19251182 -105.457469912 3740.44908317 -2886.9933964 -372.494424236 2298.41327925 -2191.15889299 1336.16839662 3412.54011722 -2460.7780578 -804.492078749 2404.36210347 -3721.8548889 -80.2966890756 5404.33810443 -1311.46714261 -1136.30016168 602.328539291 -4660.71735655 697.18866516 4861.94251227 -3667.58703705 -1225.08031802 378.893809289 -4437.20733989 47.2227360183 4468.89617105 -4028.53762509 -340.23170591 5115.2862965 -3324.17459512 69.0923739459 2357.40637896 -4488.26346382 -1219.59354312 5549.05508333 -2982.08888277 273.023232558 2568.62443164 -1514.8104594 639.696267236 1626.77920572 2042.29791829 2538.2811634 5751.80558824 -3966.06286755 -479.403292432 2380.48074139 -4489.00318734 565.121392599 4502.55013344 -1027.87714478 2410.22354621 3033.83854632 -4268.34673298 318.91727691 3251.28143083 -2749.13780582 252.139213918 3883.071079 -2578.20188674 -87.8966432012 895.000060449 -983.075433079 1842.56668345 4951.06252146 -2807.75930059 698.367484637 2715.55992427 -2725.30270652 -2.22719589865 1962.971528 -1515.54323935 666.838398672 1891.0932968 -3939.59559298 -2281.34755521 3641.67854567 -3800.03180841 -2207.04493889 2253.52893162 -957.924257439 489.383134544 1588.85694039 -5315.82447973 -198.646805456 2308.19613413 -6246.9545453 -201.556049215 3201.49868682 -2350.06250832 786.67019297 6253.77523032 -3382.09010947 -370.238196359 3039.19211383 -2921.40713511 -502.154968131 2502.36117499 -4591.02334564 91.2784416284 2570.61445862 -5273.41608567 -1433.50670198 3888.06799704 -4002.56550183 60.7841535068 4957.83457854 -2912.25644507 85.7584835604 3074.61302294 -4827.21050556 -203.453739536 4919.2368297 -5092.83915664 -300.703528361 4549.83214054 -883.665637097 1640.43766464 7246.17908574 -4304.72657918 -2088.81375341 -44.8872369736 -2113.44419985 345.053057093 4169.99725734 -2678.6575461 973.138594631 3840.65189067 -2394.25920671 763.115551914 1701.19262734 -3306.40944701 -432.096589201 2771.31200208 -153.099088606 185.546894712 701.867414858 -1758.40988252 510.125137781 4624.17808403 -3122.13962888 -810.916313271 2485.25612128 -4042.01023429 617.445468306 3008.7023295 -1405.56066488 -20.5043461967 1337.21284423 -3963.87741143 -315.194017761 1856.41598082 -3020.42765911 -920.898123578 -192.785517788 -4830.44338667 -158.75640043 4876.34793819 -3038.0421151 -1965.32783582 2751.46460351 -1857.84230063 -1265.83270067 655.556540884 -880.618083184 190.581410079 3576.65291789 -2230.32807077 641.804035034 3670.71723347 -3505.45848702 398.585778331 5643.84050026 -2556.87849456 -461.179927165 1994.81449254 -1630.96489331 1087.82404195 2208.34116386 -3143.9363805 589.846470167 3683.87330133 -2905.20873451 -42.04015834 2702.23738567 -4998.55264948 209.221556955 4213.00014011 -4618.49375482 540.673740064 4409.72415127 -4179.86416724 -522.557978978 4782.99834786 -1191.26041042 2866.60409241 4448.63507206 -2442.0884988 -237.290636803 4276.26257479 -3296.08668121 -487.866655572 2735.53911183 -2327.97387248 -686.130743212 2722.03329464 -4007.13573371 827.995241899 2958.68094714 -4317.67681272 604.342517063 5161.85056159 -5119.01425712 -314.586334651 4289.06902098 -1780.77188345 186.759054939 4492.19912052 -4590.63477199 -1216.51403575 4109.07170922 -3086.40864257 670.499396343 1723.75849277 -3938.40201923 -819.716502384 2692.56289295 -2279.54076564 -571.589068226 2342.70523314 -3712.94347883 -521.059866611 4463.39276594 -3207.26082624 1074.30932148 3474.57418178 -2996.1994972 105.857806677 3286.19111201 -2863.16948675 464.817167519 2835.79410777 -2627.89373761 366.532017957 3796.21462103 -1905.61497052 281.495853009 4544.88217729 -4414.67191617 52.3768759217 4040.55186949 -4093.99103491 1036.11834808 5651.96216121 -3585.23417811 -62.9174156448 2781.54565004 -3330.49446373 -715.763281882 2521.78262273 -1808.66530545 -665.2744162 2435.78911092 -4747.48619702 -71.8881958883 4571.48298355 -3428.3512898 366.301046986 3193.09442412 761.955880436 876.640741794 4234.99964251 -4387.00116921 -247.574138544 4564.43025148 -4468.404102 -397.349627448 4559.6094272 -3779.90000082 -979.123784842 2806.96031943 -3230.19725492 -1771.28305486 2333.38899571 -3140.08255984 428.833235577 3247.05000509 -4005.96401942 -583.285177043 4591.89074682 -2848.17428579 -527.858979113 4210.215335 -3772.23576074 966.68696294 5681.43349873 -4252.21641035 -535.255534572 1901.38459682 -4217.87584359 -165.38765003 4735.92208511 -3014.76667444 313.522980985 3578.99064894 -3001.36461045 1959.52862041 5735.49529657 -2478.29115945 -279.345790478 4126.2839018 -3840.27358938 -419.710767925 2445.8843906 -4974.98684681 515.460922924 3339.32774024 -1226.40438118 982.153642694 1647.84439023 -4735.25165852 -590.266942852 4313.80537958 909.022817712 1478.06651926 4134.04623956 -4081.04570074 1562.79533892 5846.51237456 -1809.31187109 222.950009315 3090.92362162 -4512.76830508 458.414705221 4711.33968699 -1343.24100626 159.811360694 2067.29504787 -4332.21058953 47.6238207477 2446.30325445 -1717.44752318 -291.875208118 2572.44485368 -3522.84421191 188.926716689 3194.6249702 -4037.99673288 544.187389954 5175.30329318 -282.707026122 267.674117205 926.539481291 -5184.53987072 666.024865461 5169.47009472 -3566.51983526 -663.280092725 1688.47146322 -2698.78775251 -1642.41107512 2441.38575668 -5321.04599369 -3939.93825001 -17.7972800477 -5488.73207902 -525.26530248 3964.31670801 -1719.58781334 340.78079859 1450.62942709 -2662.56390336 42.5098482784 2430.38203956 -1998.29716827 2666.43634546 5251.5538112 -1738.37357201 -79.7802899179 520.513134643 -4365.22315733 35.6667281463 4112.61249417 -3281.67950268 -1284.44849321 1971.29565574 -3137.42726865 -306.806506232 2964.81528029 -2708.46177 -161.23037952 2977.41221473 -2958.87256595 -1219.97170035 2566.93557653 -3908.07651578 -783.073113038 2395.92875761 -1789.72598173 -1082.35838739 2553.23039188 162.13923937 1130.90421317 3740.66048584 -1942.93176134 245.236436858 1562.09458644 -3363.14138349 -541.48463124 2537.21948538 -4225.04414791 -431.006161163 5390.77328352 -2352.85485369 -207.618710655 1452.57634237 -2642.25181011 -795.82772007 2072.71494237 -1711.22143384 703.901734233 2724.97581647 -4265.05327066 -502.309204192 3608.22684645 -4973.14111343 -239.408346118 4772.96346558 -3977.2958026 -1913.3331706 3045.20542382 -869.022576882 -495.121206378 125.209881087 -2516.42642633 369.968920362 3997.47404502 -2946.77911324 -519.482919179 2516.03434442 -1588.73096512 -1299.55733839 2249.63353867 -2916.75915463 -248.181840496 2714.88239914 -4457.32242184 -365.001672544 2396.77059369 -4664.83812312 -353.092257067 4204.53145774 -1291.00961324 729.275410113 1474.20027287 -1409.74914878 36.1893226879 2066.39535291 -4526.60350793 -266.841781232 4894.68759443 -3134.30364227 128.60046825 4534.00060576 -3916.52186104 -15.0996139946 3343.62333082 -540.165161464 577.531071289 1455.71532707 -2354.52522117 -655.803920987 582.853958384 94.3050761926 1239.20196853 4223.55242148 -3626.46328739 689.043547847 5165.52445545 -1773.89072434 106.46680294 1247.25091598 -4815.85986415 1152.29229733 4413.7740921 -2769.50568913 113.879520525 2610.81910385 -1758.14772272 281.020207496 2632.22949114 -2339.85743684 -468.63312737 4273.55129259 -4285.37787364 558.977192803 4591.62679238 -4778.36946603 -246.925127082 3231.11499146 -2647.93008507 408.256248983 2955.28188165 -2314.67682892 678.808487362 3574.94959173 -4997.45949849 90.8756161737 2568.99354632 -4343.74773332 92.7960203846 4976.32871614 -2701.38340417 396.882363989 4035.12089455 -3803.29296841 527.751273921 2824.19417422 -3210.50303978 -660.60502318 3466.39705054 -4456.54005328 403.372587085 2508.92147574 -1752.62962588 867.44049424 3918.52797127 -3375.7167717 -217.928856679 2912.13553232 -2755.14172967 -11.4373428852 2717.01725339 -3942.32880341 -625.579960249 5199.1107486 -2117.25849269 -700.333844054 134.626618151 -2980.543322 -487.621090695 2775.34512636 -1517.83092197 2058.45403502 2654.14365478 -3248.72188647 562.07506412 2872.16339107 -4203.90432534 186.155796132 4730.37345889 -3085.36108463 257.68126637 3228.00424058 -1853.79745757 1015.29245713 3394.62493481 -2351.71069107 -309.840873614 2522.74734491 1007.75227638 1756.74866998 5330.70977646 -246.404404541 341.899922634 2063.69490573 -2845.1200932 448.772067811 1517.60484591 -1369.14401145 538.39147582 1959.98535592 -1376.70546025 -400.098203902 544.438699102 -4638.6226105 476.951899366 4906.1406221 -3758.94112484 -383.478210356 4554.02332053 -1751.6168559 409.868396983 4337.39856234 -4206.05669095 129.445810204 5510.01846665 -4247.55632638 1062.16600982 4903.1655509 -2086.84946569 548.595641449 4446.57982533 -4884.04805386 -886.823107764 3413.74686003 -2858.14542462 184.604863913 2348.83933293 -3313.91120404 308.357217204 3411.93553236 -4375.03997118 -175.333939197 4643.25860867 -3343.51389046 220.710456148 3317.2627906 -4334.14007316 101.504923333 2333.8819011 -5397.21259727 -451.298079525 4016.73335612 -1637.70085056 399.670092732 1729.27223767 -2744.91146287 -797.10717657 1942.85846598 -2593.99891427 -601.201680939 1854.69565692 -3816.03018402 559.988666763 5315.28927482 -2267.46173533 -335.827667821 952.639269212 -4748.61322266 8.00577739733 4083.18234216 -4356.49490481 -141.029804385 4754.69867712 -4864.06067393 8.46306691133 4559.41220003 -3043.76564573 -2174.98852915 2832.3699611 -4090.35262478 -1179.0824193 2442.24258314 -3457.55384063 -1125.2150803 2473.67685086 -4540.35964002 -317.148219889 5012.47732072 -3795.56743107 408.158475744 3317.63890251 -2130.31798271 330.467811519 1306.41377313 -2740.39138324 -56.3238621691 2552.64517601 -5428.44750891 -1140.93485148 -279.338845737 -1333.02813854 3187.7608976 5063.65635612 -3287.04186087 -833.146933897 3102.60964544 -4678.37215294 212.2776037 4706.66834048 -4659.45573815 141.705573647 3210.91255226 -4046.38575787 -1116.6520937 2096.11489228 -2918.3895136 -92.6266620532 3358.91706859 -1913.06430991 406.540202117 3022.44450774 -5049.69972117 -304.388695062 4422.55684529 -5206.34098264 84.0410034716 4750.10514553 -4493.46604073 -934.911816502 3454.05009306 -3034.48404129 -662.595280172 2476.72694902 -2461.97883171 -471.324822484 2596.8922322 -4556.96608648 570.56770379 4971.9503479 -4224.06522908 3.71553397656 5120.3261197 158.586049845 911.297672528 2239.18163431 -3028.43682809 491.850000367 3229.13668276 -5090.12238882 -317.578868943 4474.45090147 -4830.81567439 -230.358744869 4280.80319935 -2562.57265182 -1079.10769741 1066.33886831 -4185.00675593 1442.44619537 4438.34565972 -3468.31678556 1343.68230993 3559.27470438 -1847.7623716 -64.2752810982 2477.33385423 -2889.26023509 -248.837931812 4555.5466681 -4785.12927679 -131.120697174 3437.04342977 -4484.50984383 -798.492983207 4601.88687728 -4383.50287672 -17.5297233063 4761.97020965 -2699.79193624 -30.2736727239 2598.87969382 -5106.52906822 -884.620001227 4159.07657213 -3310.66734339 291.265172682 1999.31747279 -3713.57666996 -63.6842377825 4759.73338834 -3887.2255197 237.564430527 4722.36285313 -3820.75765729 980.870974638 4028.04425055 -2535.25182165 -141.300123223 4820.28886944 -2448.67087216 750.505019729 4229.18586871 -3011.00406416 402.095641656 5986.07063545 -735.622245851 1871.10570457 3143.1977888 -4691.42402643 268.91643676 3724.71863817 -2525.47171417 84.6690885348 2479.16049369 -3918.09229821 -142.200604632 4784.30929809 -2596.5770204 -332.664064577 2107.0913686 -4367.08218088 300.411805916 4330.34986491 -4801.84747579 -840.962424341 3995.30786573 -4310.12694349 -403.945699493 3260.99173422 -3999.76001935 1174.26407933 5585.55475767 -1760.36493056 1065.12376744 5763.66906487 -4474.49376939 1202.65231052 4074.15528461 -953.470411678 -545.487961833 88.2571584741 -1352.65325108 1161.88131429 7627.26146762 -3037.35330809 116.143480315 2983.66957367 -4195.20963226 249.348586339 5060.3046494 -1758.4651539 1279.82614384 7417.60297041 -4541.39171335 71.4731353116 2901.77355735 -4760.9606239 -316.68914669 4503.31592601 -4151.54843621 -130.388377881 2597.31650653 -3419.4400487 1060.02098865 4767.38301491 -2549.16060692 -435.968746156 4159.1139656 -4629.89352534 1561.47731822 4617.31833312 -4637.73053796 154.476198197 4434.86570483 -3394.6270919 -863.719713235 4872.3151232 -2905.9951749 725.261929443 4077.47887162 -1825.05567073 -213.14963767 1876.06976552 -2123.70688217 344.520124465 4566.77591589 -5701.88612577 839.695701905 3770.95275111 -2894.2652576 -371.727820424 2753.56510794 -4480.73132077 -1.05963875895 4609.22847806 -4498.77714925 -1339.72395456 3932.71591457 -4315.61314836 796.577609837 4857.50167828 -4389.66332388 350.147728605 5099.07146149 -4727.31052342 -83.411255057 3749.65946062 -3696.02420331 -113.917919719 2130.97770314 -3726.17453441 88.1494465379 5289.26342373 -5005.66202231 557.259186017 2910.22921131 -3118.33357105 -187.908316384 3196.16040633 -2504.16540611 -690.317390705 2914.9760009 -1768.19744563 948.554199803 7396.26944413 -4001.0640442 -1631.59857041 2774.68185686 -1310.96063359 -14.9195004152 3475.56534997 -1563.6621199 -501.438848288 1310.44649106 -1599.14001129 -494.171085921 1929.43662081 -5106.46919446 -651.044942953 3420.18165987 -2235.50788403 269.648739183 4818.16141191 -4106.62541173 430.843653856 2911.84245747 -4181.514135 -488.704767513 1849.69964778 -1311.4547336 -41.1728522869 3626.73130021 -3439.11340313 91.904039578 2667.2109683 -1900.1422251 115.768670247 2141.174598 -1775.92143554 824.098431016 4866.87382376 -3145.2815834 -120.279866441 3586.08995375 -3318.40200041 -86.0260809028 3290.52529451 -2020.81265391 448.673012384 4585.02819714 -2299.42761083 2468.12620498 5556.71282169 -3151.03431092 622.262781979 3455.61102243 795.062319387 2479.16798063 5053.59757591 -1172.78567025 710.422503645 1467.06164785 -4551.60027274 -1230.01638817 4534.03734494 -3052.43991412 -376.170506361 3946.88954829 -4538.55305656 183.669427834 4813.24632582 -2127.94312518 475.320819373 1270.77488276 -2035.40489519 -460.066763289 1311.17871586 -3673.77221626 686.717708381 4901.94153767 -6718.74074394 -3088.61374645 431.602123687 -2802.16920403 -321.201353389 4674.27303217 -4216.84704854 -1122.13625739 3772.53875725 -4301.9777155 -327.817247789 4936.44664371 -3864.19422168 -137.303972401 2855.05146251 -3975.70066762 138.581922134 5187.10663984 -4608.37828035 653.116200579 4906.9939448 -5193.29444091 728.55640679 3487.36192372 -498.864640259 1189.85229894 1946.28872139 -4787.99702403 76.9813873281 4448.86880891 -3541.05524306 891.907590168 4548.37978701 -2255.05669288 376.441551421 1295.93894893 -1971.80752595 2521.49154376 4423.80787101 -4500.44229977 136.632151718 4930.0147969 -3396.88397403 -232.062677363 3051.63367575 -1779.1843801 1632.98513461 7261.0920933 -4012.47749566 539.045721661 4939.48778142 -5039.1582684 -85.6310498923 4168.92567234 290.458530293 804.414795234 1414.40541217 135.145896631 1240.11396562 5640.15241909 -4682.87279488 -58.8235184792 2625.03236552 -3754.41013837 772.150601071 4966.01178363 -4673.21346332 423.995451567 4727.58580447 -3111.95647634 -44.0645057589 3310.55604234 -84.1631071922 1126.18575002 1668.11283534 -5283.55883203 -904.534313672 3467.38601213 -3208.19532446 -178.393154957 4643.28865112 -2186.62878991 2522.46309803 4867.91694172 -5772.14100904 -442.317135589 3473.10443012 -5216.23686685 -679.979735189 4268.5533714 -1779.06862557 -298.747598808 1045.11274446 -4491.47226096 255.751511642 5010.66269049 -4212.09471165 485.889045298 5252.27023038 -4546.87873884 -171.884196796 5103.74141689 -3825.58606971 -262.437996555 4607.23412246 -4361.61275288 270.830148254 2588.64077259 -3017.58074797 296.249337889 4805.10198712 -2738.4353187 -418.060017154 2396.99822453 -3280.03573673 567.142967131 5765.78426374 -3877.84025459 295.879733436 5261.57027611 -4138.36218064 -336.790917155 3369.50658017 -5273.96082662 -405.308151438 4273.03066875 -4832.97818976 61.7154003982 5088.55814745 -4764.63232886 738.199869561 3811.9604519 -1555.97244118 -719.528059434 1321.89436727 -426.967160053 147.072502131 483.089953054 -4094.1115057 -313.892414895 4467.32342215 -4456.33422547 -101.57867846 4580.71098273 -2836.095183 660.160020597 2824.37540673 -2974.91005052 235.726729092 3612.84525223 -4934.88207175 -390.272065388 4698.02270401 -754.393831014 1101.4992305 2242.66555831 -2456.86769612 -367.699188304 4560.04284825 -2146.22611183 -739.776114517 342.930604575 -3376.3791755 -1077.03412355 2040.681291 -4824.66657216 -301.962474944 3646.93832201 -4992.91647614 -1125.26837761 4550.8843375 -4629.91198715 785.927129543 4160.69789581 -4563.66633467 -608.133874357 4140.51558178 -2843.92278086 238.722682703 3471.70893986 -3095.47918807 -362.364824172 4328.13034864 -2848.13143096 731.054542593 2625.22707249 -1754.03764333 -276.435432361 1697.16336225 -2682.59255589 -578.247043491 2431.62133092 -820.521997006 -297.127059346 654.314998051 -1954.90193117 -320.246565747 1343.08904772 -3079.93540067 1536.98911152 3246.18013349 -822.087792724 610.69525914 2433.02210368 -4116.0146095 278.281753755 4830.24158382 -1849.51524882 112.995940239 4666.88477938 -3948.11114385 -319.435908247 4713.98350548 -4447.3608069 205.84443913 4573.77324117 -1907.21471358 425.893326568 3208.11872595 -4514.6224376 618.680965947 4955.54185587 -4197.25554361 520.295298395 3978.48366041 -4972.45181309 49.7789017663 4844.98681648 -3254.2185263 306.152151467 673.018288447 -3794.08510047 641.468414416 5104.26835309 -5082.39054464 263.325944641 5534.31752046 -2540.67840418 235.952396844 4873.23866048 -5082.04892 -344.935657535 4141.0795893 -2461.23865569 -24.3608368228 2665.57891149 -3015.23384842 -322.349547327 4044.58841768 -3373.82934665 214.161669643 2856.46471949 -1646.36099492 -229.409346089 2378.43923457 -4628.86592109 -285.351166209 5022.11122228 -3240.99376596 -6.99741161287 3217.66906058 -4673.20850753 -1475.66301746 4002.08717938 -3218.20414571 -300.115258759 1824.36971329 -4626.74127331 -46.098702451 4439.34009015 -4888.53427326 544.825329434 3933.84920813 -2489.85793667 -706.376576125 2200.512283 -3834.84699728 -409.457969478 5619.07537146 -3164.86508675 800.423994 4297.93639819 -4411.35806208 56.5150441024 4567.67426196 -1756.02233745 149.156722518 2767.50520605 -4726.1948244 -222.636770252 4321.4275704 -1140.93862323 201.817273386 2915.3119256 -3457.44164786 -231.680528144 3385.80111314 -1981.7593007 880.998726174 2851.20210397 -1862.56395894 892.695546085 2651.7513534 -6913.90728504 -898.314251236 3073.71039979 -4576.45953852 41.4729499232 4990.57876881 -8025.80362578 -1364.60710016 852.878659008 -5291.07298704 -843.909987184 3632.25774887 -2857.51530218 889.123215923 3503.05334 -3835.8559773 -136.376573692 4601.49491338 -1701.58225099 -667.229937864 1143.82619328 -4872.19491042 23.1469325077 4933.87631679 -4913.51375089 -238.750589107 4581.33055578 -4364.93574816 -226.958081385 5233.38919644 -4108.90825694 63.7906350749 3048.18732391 -3481.1025181 168.900768512 5095.66476646 -518.014290048 -341.585463247 391.224481984 -2918.66616838 464.516285258 3826.48818414 -1841.89828214 3210.39770959 4095.56209662 -1150.4166172 -92.1957446623 2173.70397218 -4915.67841494 -429.402787843 4109.61562285 -1988.56362247 -397.82413166 2562.19740457 -181.588286953 6.109321799 201.952692949 -1288.32712155 -321.8002223 1596.92461275 -3445.60634781 -243.076376929 2312.91525524 -4271.380881 366.390623824 2816.13904969 -3430.70888684 -1096.8175881 1951.38505784 -1059.67133143 94.8914704005 1824.44022317 -1723.11425517 -74.3785276929 4596.33949595 -4555.96162531 -1069.15694266 4130.93295513 -4955.86616798 -126.691366369 3760.52129248 -496.310084138 1728.09145013 2656.51782964 -3698.51575368 -451.307295505 2812.2743682 -5431.94578502 -388.296289466 3766.77810564 -2312.72930959 -1140.77307473 1292.75578048 -4768.72570309 404.054531127 4920.75646735 -2356.15696769 660.252126843 3835.06139394 -3817.61795042 -599.526442783 4606.93610119 -4922.11166214 175.080063787 4508.17181101 -3059.41461906 21.0081415336 3129.4417575 -562.736944176 -156.077310514 240.398737465 -2388.97424882 -120.67894107 4521.2046746 -4113.57603437 -958.374946526 2422.45578749 -6866.79978314 -683.264705818 2040.68112476 -3521.42569265 -1513.9575137 2739.43365115 -2878.01352058 63.2435363155 2978.92128924 -4579.71934245 380.097643014 4450.84271668 -5351.94943483 -519.545100719 4183.43137227 -5098.02663433 438.621157949 4479.22500324 -2690.5639148 197.989995538 4357.25374526 -7741.21451209 -972.407546073 1673.10156584 -4555.92302193 -659.890153865 3842.1941897 -1694.58943399 -749.86817188 1784.86873344 -2038.01364908 271.357452591 2391.78220282 -2464.50215673 -10.0948089729 2328.42343625 -4424.943327 -141.84749689 4681.72113057 -672.78660237 -158.376312893 943.425312961 -2277.75551878 -168.770114598 2128.66929032 -4558.55521442 207.931827903 4542.27709943 -4170.8449843 -734.150017999 2028.42656646 -4351.41505465 800.416690866 6332.6702458 -4166.56935375 360.401630323 5275.35270185 -5338.67866905 -303.424007244 4653.76868078 -4733.21575746 -72.8509140751 2271.32690313 -4343.41989983 854.638417791 4815.56026851 -1512.99661331 639.061897337 1471.98613276 -3623.24946599 1018.53748569 5086.24133247 -2680.93335773 1382.36864408 3826.43449568 -3732.06087683 74.5049132581 3808.49159868 -4951.29722396 -918.05312962 4482.50986189 -3389.48120832 -2827.9921778 795.354677054 -2251.60772871 -134.82857888 2501.57594036 -3397.96447725 553.918222323 5465.04164609 -6657.41372956 -2828.97661586 -974.558250575 -4982.03488503 -685.028269425 4613.10823839 -1346.38868687 1008.57889305 4104.35349295 -3401.60604367 -289.509580771 2412.20644046 -4491.3244604 -16.2824863876 4467.49295517 -2740.39138324 -56.3238621691 2552.64517601 -4167.7159197 570.548527781 2960.51924269 -1072.20780694 610.18674855 857.595313272 -2890.00661205 -164.621968033 2957.37687726 -3892.56281886 -1322.15053354 1519.44446374 -4682.97243384 -215.56690222 3791.86012808 -3177.16240964 418.613084391 3565.97253509 -931.555697649 1854.59145423 5629.88788441 -1747.14100543 1145.08844427 4472.5921308 -4011.29586178 -855.395332765 2674.71294756 -4069.71663213 560.325290539 5440.69855354 -2527.01274306 903.664547521 2729.51797959 -889.012213165 331.115334259 1090.89104574 -4694.04089399 -113.119951662 4084.6060943 -4215.80955393 -10.336203046 2390.67833849 -2928.07911375 1084.23095861 3123.07518605 -3433.09438722 46.0737402197 5178.65755161 -2975.44849998 531.199552039 2844.47860408 -3928.1196401 -544.511560101 4157.16729926 -1775.43962565 -288.971262547 1357.46081435 -4198.33075373 -3087.14725189 1732.85414465 -5216.56359303 161.915342188 3755.70307417 -2894.06963996 335.296590305 3293.92230068 -2212.88892927 190.364484123 1124.37183886 -6170.59965263 -602.103865622 4035.79939572 -4127.44640658 -968.313592239 4759.40498457 -3365.75880417 452.048310883 5066.94573103 -4745.12569191 239.436332211 3527.34280309 -4974.85259843 39.7776590489 4411.51308568 -4992.16527579 294.677104738 4352.63718889 -4699.93930442 -565.578652917 2344.76140561 -4790.00227257 918.407720188 4076.81378014 -5172.17212842 766.206737759 4363.98980223 -2103.05957072 0.915037778401 2182.93060608 -7168.75375529 -1003.57821873 2263.33519005 -4894.13876307 -637.789516241 4205.39287282 -3480.33363277 821.737636463 5156.55292695 -2882.36185857 9.79080287433 2914.99786815 -3858.31064735 329.844999373 5038.65302155 -3020.13083306 291.967075953 5916.14517047 -2857.46158054 -118.156940457 2364.29372208 -6141.55433387 -786.339242911 2857.52591971 -5457.45616054 -385.801667219 4250.37663969 -4315.06626696 21.6343827055 4126.15685096 -2840.66505174 -813.82216889 3457.85248128 -4616.75875885 138.956837411 4904.47338174 -1172.00067224 541.862127761 1983.94266167 -4027.51050158 -423.460219725 5648.57995015 -5116.24468204 390.880635875 4565.93560607 -5044.15535417 1058.12271274 4304.28309271 -4771.67241912 295.751925371 4556.55429475 -1479.64805954 358.304069774 1331.39331136 -2755.4002376 -1127.63385926 2623.03740282 -4501.25687986 590.025368041 4846.65841134 -4501.46779937 380.685564224 4925.36845966 -4821.45980866 223.595366435 3325.14485913 -1031.1756183 -84.6082432996 1366.4686831 -3461.02488445 -338.63437989 2995.2402998 -2743.35305436 -462.227885202 2569.60532737 -4572.84644195 -238.568693208 4663.76404833 -3736.05905414 -551.323552606 323.014051017 -3361.08218092 1491.91790027 2838.20451751 -1120.06687522 157.486510669 2603.22728359 -2941.95068069 -726.250036188 3520.01294704 -4113.89661484 -730.317942787 4495.35146744 -430.109777491 69.833045733 1677.60919886 -3966.47848527 234.105677163 4809.84725659 -2174.59463451 92.7300884525 4457.74438644 -3831.62917791 -178.35877393 3011.40997403 -4794.11545519 75.1655324888 4524.67560168 -2553.75070361 36.779439602 2676.34883562 -3359.69595388 306.757708831 2510.24773886 -5987.86336102 -2060.57369798 60.4710897453 -4767.83409551 -439.204759538 4417.67914584 -4644.597926 421.587756878 4664.13728802 -1209.19767754 405.042309834 2226.2623442 -2753.67660685 328.18229728 3424.26105691 -3103.99981353 156.386485932 2693.38657122 -4579.06869013 -990.900528593 4222.82942486 -3811.28380664 919.851105642 5009.15373707 -4758.23853964 89.4469219358 4859.91105734 -3492.64590115 -211.642289767 5119.23962787 -4309.67931433 -1045.40858959 4735.44167916 -5201.85876336 -149.16041719 4590.17768367 -1620.04740609 -777.401885989 2098.24123985 -4934.13895327 -509.657009741 3654.7571066 -4132.17482038 397.901677018 4714.90484015 -3688.91813747 492.9378455 3031.81045314 -1824.42634021 -607.34149896 1317.9951481 -757.375114721 -155.591895965 183.936298751 -3933.98827712 723.808867461 2793.93336434 -3286.09673763 -443.054895316 2753.13286258 -2882.99864504 639.341606943 4208.30952639 -4069.60203719 -33.2625170197 4893.74425214 -5404.76153649 457.574636493 3341.72993494 -4702.25693221 -1158.47600286 4315.62138766 -957.218103303 -431.203130325 -18.9661921729 -3065.63359006 -167.334177016 3345.58469571 -2844.33717088 349.694605637 3518.57017303 -3692.95175129 51.9801760938 2768.90268561 -3496.97821572 -56.4850017086 3866.50755868 -2697.81253364 1122.09528321 3642.16143773 -390.657318737 -311.683508313 325.969075663 -4372.82633921 402.43681286 4610.94433976 -1990.60045093 -701.234603998 1322.50962343 -4306.16753725 652.552252201 5279.41474587 -2618.01998201 -1060.07571936 2245.25634319 -2197.49917173 -1137.51066953 -1028.63671283 -3460.93149338 1392.42535367 5408.17179889 -4222.79814408 740.114666072 6878.07028342 -2411.35538675 -309.867404792 2125.43413852 -1527.77731377 -331.238705902 1443.26611563 -975.323811189 128.636189576 2128.41325645 -4208.73905443 85.4790154036 4911.71629925 -797.510075668 -172.768281201 538.53391571 -1864.57842844 822.956745487 4245.11530423 -1986.49240182 238.10205892 3056.0576976 -6278.72616645 -1208.06563874 3694.94989007 -4427.88088415 168.791662881 4514.06009877 -1257.67278666 187.484973945 1386.61882375 -5087.40525377 -0.852728264005 2313.59094537 -1681.45648139 689.398550829 4549.62250918 -4635.50156875 122.686902171 4723.08528148 -5139.70717512 -557.367561119 4346.12446334 -2106.53693843 58.0222523183 1759.25373613 -5515.61847764 -19.163556121 3994.63900745 -2871.66605956 166.859526063 2806.7493581 -2915.20266677 471.528437502 6777.93134782 -3864.80759669 -2657.26682437 2381.00115999 -2775.05831243 -569.079568297 2018.87415874 -3921.91727598 487.932970572 4200.0896125 -5641.985671 24.7912255751 4483.61361705 -4659.99240433 97.530961747 4714.86107247 -2963.65953975 -12.5568815217 2921.80326801 -3749.288127 165.403761576 3440.7653508 -3965.91367156 682.568699735 4831.30158181 -3402.37973933 306.252193679 2558.82025354 -2883.57735571 489.33278372 3870.88037485 -3309.87311258 262.042888353 3138.30686151 -892.054791391 1304.31084714 4051.2870044 -1534.90582706 279.133604236 1244.76857943 -1991.28067688 1023.2693512 1703.34922933 -2357.28312929 629.226013236 4053.77828717 -3578.03822119 -551.920815998 2109.57002819 -4818.23342106 -143.938002612 4521.12762216 -4754.86924052 -446.757163315 4745.8386693 -4936.06698872 -326.273947732 3966.67356087 -956.041423013 1021.35167742 3667.66873537 -4364.56578091 1159.01800138 4543.52268264 -3670.62073719 -1245.55558418 2384.72228565 -1174.3566242 229.222413406 1442.82159567 -3924.46267627 1601.24355625 3902.41337491 -1733.54049417 981.747127087 7544.2764288 -5523.99546951 279.774101831 4878.00509999 -4748.39994089 333.525311227 3949.43722971 -2841.50225521 479.417740046 3780.94190264 -2435.79140077 -538.455987742 2424.16947108 -4252.38069187 -459.708386139 1880.91251136 -4571.85081164 -211.729412389 4519.8121125 -4889.79481187 580.300247711 3774.12361897 -2920.46701586 -365.035102291 4795.81001686 -4529.37886917 255.127298716 4825.41777848 -3884.78893315 -277.933387793 4311.44283282 -5215.27983647 -324.634135876 4036.867806 -2711.89272249 -143.25952478 4472.71656665 -2279.9903824 -1657.18004994 1492.20788321 -6051.50376996 -1031.44616658 2376.03173981 -3904.67654725 431.031542985 5312.72938583 -1558.44388146 1141.74229395 4818.45817785 -4399.01065097 -247.642636986 4491.30819819 -3743.25216698 451.69084188 4621.73794832 -4395.20659155 262.2017369 5123.81977814 -2080.30708185 1202.07720903 2804.9392023 -4630.23817613 -612.115369552 4469.35834178 -3088.51103068 -781.579656722 2026.66875819 -3421.46508719 -263.957914535 3471.91650337 -1806.40547901 -441.75194489 1087.14984337 -1208.25098174 -97.5565848104 1160.54533764 -4370.86911444 -53.3373158471 4805.4516992 -3576.41925867 -82.9822380971 5696.22764136 -2917.54506476 -441.140387732 2542.09879929 -3181.6074085 157.827908891 2275.35165905 -4157.52403076 33.3594719672 5296.67598262 -4559.69258735 383.248121322 2340.99065279 -3211.50932737 -442.153979838 2799.1596025 -1552.12202077 -275.950879333 1330.03660348 -3226.35018647 -267.012156784 2749.50752583 -3358.27415113 154.556515465 2868.54126048 -2828.09218365 192.937156035 3463.51328716 -4040.61826579 151.134674317 4738.80262594 -4928.77030694 -161.564886234 4315.51544052 -3972.85902397 -157.27824396 2869.46702158 -4591.69393734 462.294399076 5593.40613643 -3279.58054784 -98.0283266354 3624.72545539 -4906.0222594 -1516.48808499 4771.89485637 -5308.90994242 -347.04674728 4115.73474321 -3288.29824595 -309.388236468 1783.21261752 -3683.99396683 -207.102112837 2770.00960617 -5238.81558684 -491.084315648 4061.31567815 -2050.70655988 -635.101436497 743.889406625 -5382.42773146 -440.281062207 4204.2274175 -2746.90259775 651.449940175 3201.19255272 -4069.98056861 -917.871805354 1654.05604415 -4004.51948555 1679.69914106 5222.49064406 -1656.01931394 -633.257507207 1183.44136004 -4599.65759055 -523.614844121 4484.16734193 -1267.15694355 1097.20491068 1511.80853024 -1892.72677184 -359.383743621 871.692738306 -4544.69432698 -63.7159874677 5152.39259165 -1154.62068807 -642.420692848 399.680105754 -4907.09543721 138.109561913 4883.61656976 -1957.34010492 590.363820163 4442.51024871 -4177.8118314 -784.356027027 2318.84497393 -4125.96719 470.830953124 4712.28856126 -3302.15650673 -911.929570513 4521.83306268 -2664.08028156 327.705245473 3696.34533526 -2518.10033318 -42.7015415789 1961.42134539 -5136.75914718 -1260.25963642 4362.9062047 -5153.68449402 20.5057886876 4741.96744099 -2847.97036003 314.563688989 2922.2385101 -2463.3625035 953.384255986 1204.98876511 -2882.36185857 9.79080287433 2914.99786815 -4968.34835185 164.603729622 4999.66478709 -3029.9484532 340.132692882 2064.59555214 -974.707041137 1411.69578511 2103.51559394 -101.791554695 579.078324852 1128.41282469 -575.40494072 -60.9804025705 749.971215144 -2349.65529795 197.279832376 2403.3085082 -2081.37944582 186.344569005 2090.51217551 -3150.6237148 94.6528004391 3455.13904737 -2608.60185613 142.3830708 1744.60013636 -1405.6612393 -439.484375744 1323.43874598 -4968.9657776 -361.130902083 4765.92582868 -4995.23437077 -86.5979677247 5045.05200597 -5491.36595628 -158.976063009 4389.93699528 -4121.67326781 -1039.85856831 4932.50984688 -2274.81450859 -434.124876254 996.761848123 -5094.13589881 -313.790091276 4519.98964428 -4351.22073806 1226.55795961 4572.87572972 -4856.50255049 94.1918747162 5133.03666281 -4688.96592574 74.9228763678 4758.43599975 -1801.70245014 240.244665151 2365.35000202 -3917.02507571 1368.02792089 4756.82070667 -3139.24446747 270.620041401 4319.17215199 -4541.79910697 -852.954504716 4808.07893286 -2550.111057 1121.05017369 4130.14562852 -4053.58018701 -644.088926745 4996.60822643 -4574.96848278 248.92739702 4289.60493672 -2731.88627141 208.937635637 3456.27472422 459.552965662 833.005524539 1862.85774212 -4687.4824121 -534.932327908 4543.58944535 -3431.25266656 195.123980403 5101.30255378 -2828.53431942 352.372087011 3477.24269016 -2381.05445543 278.213941145 3719.0032531 -1936.11426506 -459.010107382 465.088795008 -5232.01563515 -362.819104506 4799.31308598 -5485.86382712 -39.031811227 4042.27646187 -2553.75070361 36.779439602 2676.34883562 -2922.68111366 -435.846723776 4973.56230076 -2058.46121692 -124.221241692 1061.11722731 -5106.15083206 -54.8782146564 4534.31556266 -4721.02021509 1101.37025836 4452.58470728 -4848.89918829 1353.84148286 4981.4851685 -2482.35224087 2635.50727207 3619.53191103 -4459.79588834 112.166996794 4833.68587766 -3953.54858728 -188.222416181 4663.05121238 -4933.98461029 -520.849658419 5057.92187357 -4367.41900641 -337.74865382 5828.38590024 -4903.37094788 673.61813554 3116.14961882 -4410.3004014 286.593860794 4787.04451881 -4657.70273298 781.077630249 3875.05301068 -2515.15938938 778.033997705 3929.98998431 -4842.73120302 79.0986783562 4485.43440939 -4694.26143744 -915.525820719 4203.71807213 -4299.27576383 629.51683251 5199.10201512 -4313.08814786 404.234439055 5026.83031467 -4534.57029482 -111.924685762 4640.11020843 -3653.16390009 -537.908043945 5037.61938138 -5168.49291638 97.2363316733 4371.62392308 -4706.72033782 485.913237986 5120.82077405 -388.805397781 737.233860476 2941.18866748 -909.852312374 1951.09150888 4977.03656662 -4947.53888499 148.025040191 4852.36303283 -5394.66521842 1091.79956013 4841.63629861 -4639.63324989 874.523557513 4652.85786019 -2412.02754472 -520.70451439 1338.76132481 -2822.23642232 1255.52396364 3512.29657239 -3760.12698518 486.828591964 5032.63523959 -507.575664797 196.202410826 1628.25558453 -2445.01209204 -211.607512092 1845.66651327 -3836.31519872 478.650779445 4782.83320785 -3440.56776488 -69.4187022024 3162.37190101 -3917.4407178 -577.417175095 4872.59881269 -7361.69962572 -1336.45336873 1573.82592023 -4051.684368 -102.140601009 2281.71264769 -3797.53437046 936.925960074 3070.39262261 -4506.90889753 95.3309602134 4968.04639288 -3129.12866405 -506.800361962 985.112818701 -3728.84981039 -14.7039198237 3092.27073241 -1131.00380089 79.6594651583 1396.53535141 -6236.51056314 -168.900697552 3319.86282518 377.566146281 529.185794329 1104.80122276 -4579.80127717 -12.1404687335 4539.33304806 -3540.40374469 258.107438117 5241.97384358 -3795.94822892 361.890480242 4841.95948095 -3404.44079245 643.612283749 3714.7570206 -4118.27287841 -281.970644663 4794.10460652 -4503.15373845 160.666997954 4266.87006377 -5275.8444682 -805.837583357 4561.08637867 -4312.62303576 -58.4755859607 4230.47823011 -5177.08373734 -1006.18957295 4145.36268643 -4069.7678739 -549.123831295 4860.27581212 -5373.8235681 243.543568185 4307.79621714 -5588.69346396 -795.205675162 4652.67242615 -2527.20254668 1018.87010657 6434.76620691 -4349.92106068 321.288384811 5028.30673963 -4421.21148602 -886.064961445 5012.07031363 -2587.85638581 -39.1611417171 2890.73211439 -4353.95348884 -494.019212223 2416.82842336 -4904.10256676 -108.663708109 4364.09135552 -4498.53945994 632.120866642 5530.12672611 -3212.53236477 294.87047221 3995.78744222 -5663.4797216 -608.236414387 4244.58335659 -2959.19447933 515.959686765 3495.78662988 -4899.51230042 -229.194823918 4501.88354302 -526.979171912 -205.452578918 1163.4109636 -4806.05792833 -696.209367149 1925.27937823 -1413.85173318 -179.206380951 257.430166245 -1126.02748113 1314.560528 2460.67581332 -3097.76591887 -757.440887252 2645.89552864 -4277.30710947 762.18486371 5176.60842955 -4304.82906674 -1247.87464169 4718.68598727 -4895.32114669 -1440.65512467 4104.30129455 -2949.01151987 -21.7388945927 2876.54853789 -4883.59001026 -15.9442332091 4790.9633097 -4933.83224457 341.304540731 4970.80478686 -4190.16329454 810.028177919 4734.19129314 -4479.75912945 427.110603558 2523.06647982 -2262.81121186 -1019.62147544 809.894020908 -2357.11613826 235.644033564 2826.11186792 -5326.51306148 21.9860308696 4405.25619968 -1287.05122987 -46.4713264171 1132.14680848 -3998.50420055 -97.044857104 4730.3186409 -3893.54855708 -122.393341407 4271.76564708 -5129.23450656 27.6221304692 5211.02323756 -1842.89906103 -615.669749199 830.927412532 -4311.74762988 -268.522037892 4945.92247714 -5379.47631595 486.485680061 4124.51044647 -5066.24541863 -1005.7265131 3895.15495767 -4856.72920132 493.480745771 5637.98789986 -3922.74092592 -247.691075946 1426.10771731 -5003.15801294 -769.160199345 4014.86202587 -4850.99313684 -1344.3651848 3303.35786698 -4690.17431327 -278.666961398 5172.3695212 -3619.1613956 0.0544369795344 5385.6855947 -4086.06118168 719.433748826 4617.13204096 -3713.74391663 1385.49803877 3145.79299361 -3687.2954448 -310.511324979 2007.03715139 -3432.39937248 -733.288460462 2256.17770978 -4437.93185892 1.34979763907 4442.43118439 -1502.50957588 10.8912879524 1538.81386906 -4439.65742254 547.228877124 5584.75943706 -4408.88101232 10.1123545867 4442.58886094 -4408.88101232 10.1123545867 4442.58886094 -3999.46877117 513.611913168 4698.40875474 -4150.0673136 -731.089040101 2570.96444659 -1873.53551395 300.601275415 5900.88655842 -4960.7563356 -298.937722887 4634.04778168 -4279.00777954 -803.082082193 4831.78769709 -4120.35670683 404.097871328 5180.16068745 -4603.86376072 -292.528135738 2129.29505116 -4697.01791124 -163.418107135 4917.70616258 -4497.90367208 -269.990649369 4123.94224872 -5001.94605675 -160.509358767 4411.00438812 -1073.30565343 -182.057153387 1214.49179493 -4274.04416768 646.021568395 4860.66948966 -1215.4141503 332.681271927 1604.72660657 -4357.65868893 796.53663441 5813.52731618 -4778.57545425 -506.75066576 4966.13002549 -1131.00380089 79.6594651583 1396.53535141 -2110.89962346 673.621516419 3237.28148303 -4569.84894288 1336.53381773 4831.64773942 -6733.89723387 -928.626926681 3729.73812913 -2479.88341338 -18.2374221463 2384.31611554 -5009.3860428 -661.497002905 4423.26017656 -2420.38483876 337.540836201 3344.36752276 -2084.02898548 656.00568106 2127.03393631 -4787.47190808 -1079.62806953 3963.17862577 -1332.89736356 732.239065908 1641.23856263 -4066.27828983 822.641697002 5103.02724728 -4388.31912871 -26.3374412048 5937.81172093 -3407.48148282 -499.287466536 4406.81160307 -4601.80582893 643.240793956 5196.20911758 -4731.1279954 904.669554751 4446.84579243 -4392.66816958 156.521728748 4612.75925276 -4442.14489058 1267.39465439 4777.18304398 -2854.85434845 -12.646526397 2812.69926046 -4596.44277863 84.6769065079 4435.43885241 -4704.07131575 1635.35965844 5161.97247469 -2576.91883561 -53.8141781299 3219.60369965 -4112.653982 -340.411085211 4929.32249287 -4522.29518504 1161.90234862 4742.5144064 -2057.1201938 -1067.48146622 776.386143371 -4816.43170737 10.7884102926 4852.12392561 -1918.93856049 406.086274262 1259.63621171 -2963.65953975 -12.5568815217 2921.80326801 -1716.79742141 -1134.79250739 1680.26402425 -5352.78926521 134.161972473 5130.77727682 -4888.3450747 257.692831469 4444.68170512 -4731.35481819 196.398100618 4677.19458837 -4972.38146568 -1133.86339301 3955.55297014 -4579.80127717 -12.1404687335 4539.33304806 -4139.22327793 -43.7216337923 3984.82544865 -2312.943585 -725.703120138 759.231940746 -4603.3863344 1077.69524935 4140.18134657 -4562.01775486 26.3049758681 4649.70100775 -5550.42262258 741.380303667 4072.37872288 -1930.35009294 531.707700221 1727.93528778 -2848.48501281 -344.683006764 2985.40437312 -4619.97969222 -242.642826051 5056.19967652 -5545.48178728 -330.817858088 5660.85792458 -2290.74773327 535.174763152 1992.38570498 -4944.12774905 -1422.90792941 4374.26030522 -2848.75397739 214.897088876 2575.82143044 -4539.16992221 202.121861054 4331.31630017 -5847.16364472 -1435.83494434 4250.62016303 -4631.86561531 12.8194178817 4674.59700825 -502.86335418 168.992791487 2824.19147295 -4427.86287965 61.272396144 4632.10420013 -4396.26473315 735.277951353 4189.51834557 -3555.41564687 -423.164277966 4870.76458226 -4523.87727814 1000.64724155 4826.11731668 -5103.86379562 -2004.26296749 3995.34530614 -5283.61262902 95.6218924083 3659.83892129 -4793.73248509 -126.227097242 4914.7575905 -1176.36065423 541.997922971 1520.63575172 -3059.41461906 21.0081415336 3129.4417575 -2044.07230308 -83.0338660669 258.790492023 -1720.08550305 1128.59955394 6867.46759562 -4266.05692451 152.539348842 5288.34985696 -1230.49681021 3247.08919544 5475.42857159 -2761.32953683 526.802059801 3276.6705229 -1970.79462812 710.241518116 1327.06889714 -5301.26593416 -563.990813511 4471.89143719 -1981.39991114 -495.671843447 973.751826324 -4629.89760624 -274.159193736 5116.5207111 -3281.20133896 -209.202352535 5151.79031242 -4691.67823473 -730.963060747 1377.44397836 -3818.83143641 258.333277654 4913.90268536 -3138.55370567 694.925244137 3161.51242636 -852.061384923 41.0048075372 1333.68488596 -4888.51081746 -228.22683822 3807.85216767 -4424.75178655 22.9065261052 4807.70310984 -4400.71563842 186.193190658 4551.52513832 -4711.11122335 -818.841072402 4481.09981717 -4894.11623923 -1286.21950856 4684.46655859 -2999.81596777 -12.546907318 2957.99294338 -2928.55947149 420.931811106 3486.58311881 -1661.03978722 -375.994151847 1749.52221002 -5441.77514056 400.959054167 4784.85647534 -4455.2849452 -772.384976082 4613.60068683 -766.332726235 693.131472828 1889.1893094 -4989.92580082 -29.2276381343 4927.00183842 -487.235420374 1146.2878543 2235.15010583 -4721.68570982 -1337.76209527 4138.16636134 -2949.01151987 -21.7388945927 2876.54853789 -3898.28034661 288.562479566 5428.66918879 -915.375537068 -401.19357334 1608.52522734 -5325.55391107 155.751015469 4084.72718186 -4157.96212291 -38.4596983206 5263.31916153 -4445.48421572 -351.673688301 4970.4163224 -5188.47922966 103.481192096 4918.8497933 -4857.93079648 -602.017430118 4158.43384096 -5249.05583903 357.380937578 4624.75783844 -4095.91707697 -1058.26337322 3847.50088708 -4297.52854492 321.920190145 5030.16166167 -5335.68244744 -600.157366427 4743.06224557 -2882.36185857 9.79080287433 2914.99786815 -4791.58341711 -86.4505103071 4695.04850004 -2854.85434845 -12.646526397 2812.69926046 -4448.46428716 -449.86983712 4574.59107614 -4519.97723641 989.502061421 4640.67188353 -4733.55709494 1157.17182801 4512.82650908 -3734.93513787 -121.414838325 2807.55969745 -3059.41461906 21.0081415336 3129.4417575 -2371.2185924 2494.51692476 3847.77708809 -4728.4211179 583.384328745 4493.50089308 -4847.0019662 -109.094263256 3608.22120051 -5362.0291979 279.347546141 4928.68804983 -4359.58924975 44.6071420428 5157.1310905 -2694.59770168 -239.481659145 4927.04702532 -5051.19811256 609.717566794 4353.77767619 -2443.89530888 -548.234127503 1582.44324575 -3786.32032673 2611.08660838 5672.09928286 -1287.05122987 -46.4713264171 1132.14680848 -1135.3276404 1020.08896731 2726.04207157 -4702.65248172 5.65325759082 4636.82504847 -5517.61275756 -1716.9610925 4312.31951375 -2508.6665258 -521.986158754 3290.81537126 -2230.66655921 380.934310568 2734.14854585 -4598.72335776 -86.5692659823 4647.73915944 -4937.90060937 -187.590185192 5018.77580063 -4744.99325335 283.932579777 4489.80173604 -2963.65953975 -12.5568815217 2921.80326801 -4402.88107437 -925.110030501 4675.11765484 -4801.52243308 -1184.58371925 3922.07497185 -5356.52913306 229.668790138 4401.4562949 -4913.44354545 1325.03108281 4767.81120125 -5500.27617063 -2191.76438004 3808.08249241 -4564.60730568 364.643676527 5386.54481586 -5239.20304387 995.09949538 4278.02335204 -5654.91406566 -387.895450624 4603.68285677 -3422.24024503 26.2321970847 3025.93746477 -4943.72416155 -6.75845107765 5090.70100989 -4718.0503175 496.60460454 4700.2632972 -4681.0429577 373.561297384 5121.34966478 -5367.17835729 -545.514892545 4798.32951366 -4697.24637838 -652.358340401 4102.38546319 -3885.17507816 636.93318741 6284.1750316 -4939.61189227 -34.3552365112 4520.00650007 -4617.1585728 432.352913534 4775.07026277 -3795.65311146 959.209321898 3523.86284454 -4052.87905236 -280.25952988 5061.20354083 -4467.42101097 -110.601741151 5022.033323 -2909.91330711 -390.259424463 3385.25767133 -5748.27488306 -1244.56478207 3880.67644271 -7384.67947279 -1125.95433763 994.962377558 -5059.23640039 -112.602351649 4907.84753935 -3240.99376596 -6.99741161287 3217.66906058 -4760.68001694 -654.086781782 4353.03187063 -5080.18171142 -399.294029405 4098.97408261 -4689.21013598 29.7018162992 4533.92315282 -5509.5907497 284.927719505 3696.39451781 -3653.05201213 -340.632403049 2330.29144825 -5638.05247668 347.823756171 3861.59301512 -4603.89066973 63.9819742741 4720.51452578 -5348.17795489 610.193373829 5000.45837479 -5541.96740492 -702.453767598 4406.37593538 -4670.73399082 367.377331828 4903.87534134 -5165.81634215 -1132.34917484 4229.36072061 -5097.59813851 -19.973921388 4356.57033362 -4666.86715465 -165.557828599 4541.84643624 -4704.19838497 -48.6986892793 3830.12602893 -4086.17097299 -1202.7954462 3770.44900993 -4407.51350174 1248.53053194 4861.25149139 -5011.25607382 -532.743990529 2875.32355007 -4750.21939937 243.800697672 5443.49279079 -2999.81596777 -12.546907318 2957.99294338 -4657.8537584 288.755036982 5181.67724611 -2991.19642199 1565.63447667 3294.56543757 -4715.05430926 -487.313081462 4278.22960944 -4542.59166145 72.6788669783 4784.85455137 -4300.71398712 -395.126278354 4489.31764938 -5745.84971453 -475.570542913 4212.08991187 -5247.38432633 -1320.52907126 4339.58142699 -5117.05250081 424.898518454 5014.52091888 -4920.1540331 284.357879477 4872.13811653 -5408.4092483 348.031510338 4858.44987172 -3240.99376596 -6.99741161287 3217.66906058 -4941.20965498 171.460020736 5042.22808014 -5233.03563259 -497.679645108 4152.3790189 -5349.19172825 137.411312076 4203.02567746 -5431.99697183 -411.112690168 4576.97522741 -5427.92704975 -687.81487114 4282.09867727 -4219.90839706 365.511212856 5161.24793474 -4522.1136298 -560.674765323 4895.14576655 -4107.60914462 -338.487933952 5450.67637933 -5670.55538056 335.512905942 5427.49948061 -4714.33896031 118.096716084 5107.99468059 -1868.05520957 -378.075941138 1183.90150788 -4891.08187976 714.660810455 4504.72173779 -3974.47936186 1058.66561519 3510.91846114 -4999.2228572 186.158402968 4181.29303009 -4631.86561531 12.8194178817 4674.59700825 -4536.04898712 132.070077705 4727.69656779 -4901.49832362 -617.029071418 4317.68439201 -4956.87444124 -453.037122935 4564.93526039 -1821.12484877 1189.81644651 4100.85040577 -4385.58320364 -781.775152042 5247.62570622 -5631.52805114 -118.255659977 4497.36074359 -4291.37354965 256.436559415 4526.37923166 -2273.01228293 766.709763931 2653.70891195 -4811.19081925 290.519238243 4957.21955621 -5189.99659363 -148.708293451 4232.1145316 -2949.01151987 -21.7388945927 2876.54853789 -4564.23157079 -305.534930158 5049.02752381 -5479.30183532 -219.628893428 4912.44007574 -5268.08250116 103.366432684 4837.73011277 -4226.44395529 431.577200422 5450.07302865 -5384.45859866 37.3688613721 4846.99724663 -5369.14132741 261.825443778 4534.93608345 -4516.66526535 900.685087922 4762.98893762 -4327.96261309 452.008260772 5067.90887332 -4361.7560449 135.324174698 4812.83662723 -5108.96887176 387.398411492 5059.69174645 -3723.21663614 1520.53099715 5500.69709418 -2596.47817395 -512.791676789 1931.04918952 -4393.96151837 878.4379179 5757.14737409 -4641.95610467 753.87710259 3877.20805313 -4557.03440905 278.140088555 5375.59293958 -4581.6172931 891.282555737 5307.65349318 -4272.97444131 -94.787051699 5155.85124957 -2212.72785164 1179.77839785 3582.05328851 -4781.45443395 -1268.21534161 4337.76399149 -6145.40635717 -2513.20028431 3646.43197773 -4899.59923518 -214.611892761 4124.58668825 -5096.11737064 -0.708593100288 5085.4374984 -4214.81308436 -153.551176676 2769.41406667 -5738.84429143 -2112.02990144 3781.87698061 -4249.73675621 -793.922466353 4530.97756284 -5111.56894115 514.329528686 5466.20459443 -4794.73903407 -388.787091209 5134.84864692 -3917.74337376 496.824783951 5085.84416503 -6731.43584358 -663.442015488 1171.88579017 -4048.43772097 -433.433583223 5178.92939809 -4998.37190769 -111.678684718 5012.28533218 -5211.33105305 176.805987265 4190.56968801 -5300.58086024 74.2468809105 4743.250743 -4427.86287965 61.272396144 4632.10420013 -3385.64147347 -11.5352894719 4130.59274839 -5176.15314788 -492.40216515 5155.93341748 -4265.6017163 641.536570423 4702.14243226 -4520.27933933 -4.73314564997 4639.56803181 -3864.44501314 476.560478105 5758.79324874 -4452.54061662 -494.619539465 4309.58160357 -4340.43173694 523.45770196 6233.00054746 -4189.18458993 -101.15372914 5553.79766171 -5780.5417711 -668.983057075 4117.18387319 -4930.85633654 167.074081019 4952.58586181 -5123.19468468 -188.311914999 4320.29612515 -5455.92817475 217.081442289 3830.26346177 -5135.32410435 -231.378247583 4215.68179522 -4607.34031629 838.718685547 3661.73202231 -4218.64204584 1192.16804327 4945.00468859 -5699.26519214 -162.819066613 4986.83108386 -3675.74375699 -284.666090963 3713.49615995 -4815.10947205 642.236782342 5767.90017357 -5021.32445505 5.97576028008 6087.20760697 -868.784376483 536.5183808 1774.42059986 -5833.27016926 -1916.50836872 3777.13579887 -2260.70142571 1129.94564536 3592.12591238 -4201.82870558 434.914099557 4772.81831621 -5200.92338122 303.023139565 5195.60833485 -1405.56066488 -20.5043461967 1337.21284423 -4374.36782687 144.790778497 5607.69433062 -5511.35399464 491.77171913 5265.9749501 -4562.69368681 589.928096711 4184.80031389 -5508.33464844 -151.927556605 4516.94435238 -5835.69948043 -752.270414001 3469.38286807 -4908.33301874 53.7393263968 5275.36531153 -1131.00380089 79.6594651583 1396.53535141 -3082.88274716 -36.7231577755 2960.47222124 -5176.85957922 -1257.45673688 3962.37350418 -5161.47951261 -779.864611367 4357.35065857 -4711.51807908 -74.4137019969 4274.18144773 -5757.71730736 -67.5292365867 4530.51266176 -3082.88274716 -36.7231577755 2960.47222124 -5384.76150836 -674.902044484 3993.20525527 -5355.30476301 -501.317188582 5290.59307146 -3940.22040357 1888.73397916 5684.05674747 -287.824962702 1276.2898868 2812.47347603 -4658.57163921 579.037008548 5661.47808718 -5444.38142362 -226.160475565 3348.71215623 -5180.27906574 -604.488168637 4088.42512444 -823.399468733 252.892479673 1694.60007718 -5062.10361921 -462.365642818 4252.10942557 -4656.32663484 868.755218958 4626.92059457 -4323.94281901 455.53896468 5100.36429516 -4707.23531661 782.561815857 3850.84872725 -5397.22720236 -246.26909331 4571.31041269 -4899.94165508 497.534232219 5033.25905286 -3224.07175075 369.876066496 2556.59630307 -4895.98800345 32.8327899167 5473.02834966 -5427.31508053 -41.2380008887 4953.91196574 -4758.23572866 446.894622318 5298.5374925 -3518.72870615 653.917325614 5857.18327436 -207.167676752 875.223654745 2248.92770837 -5540.95465756 -222.315266989 4685.45480637 -5167.17789228 -1526.42801119 4029.24246213 -5498.81869524 -582.723536949 4386.28840538 -5136.38909182 -868.089167799 4809.18320916 -4526.00314961 -175.838563947 5039.294223 -3782.16589369 -447.940796456 4010.79595737 -3742.99610111 1216.08995247 5598.27436337 -4142.13156574 1762.50780847 5354.89474696 -5041.09941973 -91.0143486538 4170.92695499 -5183.13879073 -450.452479098 4566.00524733 -1405.56066488 -20.5043461967 1337.21284423 -3708.93987693 1632.74648337 5217.85135685 -4109.92175726 439.05675877 5341.3391217 -5000.55689021 261.071974845 4972.52925392 -2635.36176981 231.343240102 3015.74991302 -4882.72944591 280.671002224 5263.51308408 -5029.65117942 192.350978013 4983.00194724 -4016.55522823 -242.431363748 5107.94694715 -4319.19496232 799.112551228 4492.58642071 -5689.94657006 -351.380614265 4610.44597659 -2707.53692922 384.824295448 3162.81564845 -4963.71271601 3.66391422693 4846.20052824 -3659.38628945 -479.122291227 2437.67913374 -5676.17783334 221.928497443 4646.24560031 -5621.07272093 2.93969442028 4590.64285031 -4818.8946419 -291.599290121 5100.79144738 -5144.41569479 -1575.45609226 4121.85240042 -4455.1291436 116.95185625 4844.96866443 -4833.04147327 251.097859035 5067.13514027 -950.780088881 242.260433996 1673.59260992 -5805.92366118 -283.498366824 4345.99884333 -3623.14477212 994.688222065 5368.61799788 -2277.19633697 228.815550183 965.998179935 -5158.56750401 -302.856403168 4574.33909244 -4266.17931154 1139.43069081 4998.72192105 -4809.40043148 -196.695909992 5007.93957497 -4626.98835956 -107.28729993 4921.39880449 -4416.74825879 723.444830839 5485.99087757 -5681.04224645 -1888.74025295 3908.20504531 -5171.83273581 -1849.37547203 3820.35205854 -4782.45802353 478.132667613 5207.95164037 -1271.03192175 636.994388472 1784.00513505 -4557.17431618 -501.676960218 4705.14344761 -1502.50957588 10.8912879524 1538.81386906 -6030.73269364 -984.768762499 3984.19383234 -1502.50957588 10.8912879524 1538.81386906 -5855.92757072 -590.922778208 4172.11577567 -4278.60680681 1024.33654749 5211.08212857 -5017.18183991 -444.822823973 5113.37266795 -5486.53472751 -5.46189945996 5046.41290593 -5571.22771475 178.040839643 4977.86266085 -5034.21669525 -243.814215946 5324.29952252 -4683.92057949 272.821113744 4809.90632814 -1287.05122987 -46.4713264171 1132.14680848 -4922.61534294 -113.436760819 4544.49280688 -5609.43316181 -33.4887718058 5271.25616346 -4068.990059 784.986270825 6389.19007997 -5189.90968037 -346.995444223 4730.33842237 -4774.81513641 416.735351332 4470.17516402 -5448.49193359 -425.214083875 5110.30539267 -4459.79588834 112.166996794 4833.68587766 -4631.82013736 -405.095810054 4505.02691448 -4759.99547502 380.639846923 5587.65838913 -3059.41461906 21.0081415336 3129.4417575 -5409.42692655 314.052621784 5508.780724 -5340.7503485 -183.230424466 5305.91955101 -4834.48780257 474.923016656 5301.80574101 -3520.78799421 2719.85241169 6031.15146689 -4891.97598866 -1091.0054824 4106.81959873 -5941.47081394 -29.8210073457 3717.8372622 -4517.96287809 -27.0775433451 4679.13460943 -4451.50010876 64.6416379567 4754.40439474 -4445.63846967 244.338762106 4469.15985869 -4542.59166145 72.6788669783 4784.85455137 -4311.64570576 133.2698699 4755.87860542 -4364.06519731 204.831716132 4735.75206538 -4542.67630746 -1088.30644841 4453.60579978 -5848.46193922 -780.194746263 4425.41052827 -4821.46442895 289.027581972 5704.46641152 -3606.00004365 -1121.50144848 2218.67136864 -5290.74389747 125.872871854 5256.14599632 -4168.42203478 1492.06465143 4516.96103761 -5673.38859755 -19.835272805 4508.4597961 -2999.81596777 -12.546907318 2957.99294338 -4934.93000854 -596.755632811 4837.08512819 -4471.24103306 19.257791998 4535.43367305 -5504.84032317 -1542.64010259 4814.85559496 -5095.75914266 112.980009139 5044.3988567 -4081.18956466 -1134.40880714 2118.50969924 -4708.45419666 -47.8671506124 5119.88511201 -4254.04623988 1536.73288493 5090.74582714 -5096.17729469 -170.100811249 4885.66203048 -4323.16165984 751.303526882 4653.19281475 -4849.34106998 449.894110376 5460.89158196 -5039.48725639 168.983396692 4711.47772543 -4593.05417059 8.0564103292 4619.90887169 -4763.787436 -573.456742476 5319.29279326 -4450.22840745 307.417452798 4843.49108231 -4761.0199476 97.1123192025 4885.89430347 -5013.26492288 -155.44868391 4977.1543862 -5258.90647272 -113.58500626 4910.15105696 -4642.61980516 59.654455741 4841.46799096 -4408.88101232 10.1123545867 4442.58886094 -4890.86839565 -1152.78283314 4040.25130912 -4681.73142248 28.7843554841 4777.67927409 -4733.09752254 -57.8486205322 4540.26878743 -4538.28123312 349.099697999 4548.12424888 -4170.04112044 760.436056447 4691.45693681 -4427.86287965 61.272396144 4632.10420013 -4700.69553836 -55.1744963631 4928.99446185 -3082.88274716 -36.7231577755 2960.47222124 -4416.17432091 101.103354266 4753.1855018 -4631.86561531 12.8194178817 4674.59700825 -5158.53585534 452.480856029 5037.12620591 -5244.76859161 45.9297744053 4842.29948628 -5024.55237546 -8.97611534697 4994.63199097 -4804.9292714 -261.755784736 4394.75901331 -4922.61534294 -113.436760819 4544.49280688 -2794.13926555 977.10061364 2979.35698146 -5027.43421637 -1504.57834057 3947.95352683 -4579.80127717 -12.1404687335 4539.33304806 -4102.423021 707.537237603 4954.56348673 -4530.66429194 -86.7737846864 4389.95290506 -4489.67863283 -754.168404635 4472.87004656 -4714.33896031 118.096716084 5107.99468059 -4756.37531141 -58.1632435059 4562.49783306 -4361.7560449 135.324174698 4812.83662723 -5287.60651257 -1038.24223186 4096.28693909 -4663.8304222 -674.289276783 4463.61777174 -4455.1291436 116.95185625 4844.96866443 -4767.30939842 -106.94292765 4410.83297292 -4562.01775486 26.3049758681 4649.70100775 -2048.21259029 1484.42705349 3337.66923854 -1951.70783406 416.951441643 4588.17919655 -3218.80025199 3.7000380721 3282.78636419 -3269.74614095 -229.585880356 2747.68296025 -3950.34569541 1056.29706873 4942.13723649 -4076.64170355 -234.66066771 2177.0380679 -4483.65488881 -49.9583015079 4426.27668479 -6319.19861418 -439.565922287 3203.83126276 -4625.18058308 -3490.43257103 1245.08961753 -2412.88507655 339.216164807 3051.71257791 -4235.60620096 209.271466676 2197.63141879 -3361.50864471 -141.291435137 2623.56538559 -2899.37718623 977.928325493 3478.36971967 -3992.58902323 -1027.70131224 2539.01318187 -4026.78044401 -2481.73421491 2632.41471871 -4486.04970924 138.253364737 4505.85129141 -2957.19929923 389.04930048 2799.7482054 -3332.20084913 -1313.15823875 2941.7603147 -2879.07791145 342.748774539 3386.45588821 -3103.08291699 -327.790126051 3075.98568162 -2220.4099799 1004.25574838 4031.18711463 -2320.35328876 -377.855178664 3792.7721986 -2881.65662576 567.20338092 3605.07201719 -2973.51450779 -260.9809978 3371.67468213 -2299.48990371 508.777878263 3430.31342587 -2464.90321519 485.080898406 2056.45354942 -3880.3206586 -2435.61991609 2288.38821129 -2848.09463616 -195.933631292 3329.90050171 -2459.63431774 742.791109832 3790.03796728 -3776.15427744 -1507.54236659 2694.01926904 -1765.28832235 -303.216769289 1657.0926882 -2153.81183406 203.581515747 2550.25856283 -1502.50957588 10.8912879524 1538.81386906 -1079.800321 65.9905736845 2353.07072533 -4366.17238962 -494.588165139 4048.53391723 -2810.76542247 537.309157692 4107.4198538 -2928.91071633 602.862166031 4694.69456207 -4609.98006109 -997.961018658 2016.69925297 -3901.71281003 410.562448416 3808.91192976 -2585.1566267 325.228771381 3587.67224873 -4834.18202414 -576.403639923 4315.84125821 -5325.59697456 72.1097893204 3149.28516989 -2771.51583473 -117.076961972 4569.47694273 -4247.94786879 263.782046947 4955.14276856 -3890.97552226 -111.366981287 4561.43261791 -3444.40785719 333.650673724 3195.4349333 -4276.16832249 23.6357637868 4049.49472325 -1763.79101964 358.255517536 4287.27882684 -3635.88414229 -180.276782249 5260.92108786 -3743.94886631 -51.9674908386 4822.09626646 -4515.41615647 380.282206103 3744.93134974 -4748.76590566 -206.618093803 3262.37924313 -3874.88953329 -497.751920923 3506.93214243 -4969.56919678 -342.049608875 4194.25418021 -5483.69659798 20.32605869 4136.30334524 -5407.16809576 288.708199899 3050.85300876 -4245.96836916 -150.075426934 4066.71554187 -5140.03652837 -744.176558186 3404.77429611 -778.678294303 401.652516891 1755.84770365 -1083.78431889 -371.567372593 1315.41594894 -1125.40800194 -581.567043765 2323.45678549 -1391.77607695 -320.854874327 1460.0030584 -2814.5499411 264.763366921 1961.38113139 -2761.40851278 911.411153345 2360.818076 -7366.90132308 -3900.97454649 -602.488026021 -2527.7831065 -233.250250329 2120.3320046 -3374.78297891 -44.391617392 3220.64872328 -3947.75116647 -595.768806848 2521.70610551 -3419.78850865 -780.436349527 3262.41611279 -3886.16371275 -389.688115804 3098.0572946 -2678.38023375 37.166723086 2310.20767259 -3047.36987333 -215.07159034 2541.3206591 -3111.09975187 -19.4224452494 3434.07144224 -2563.13787753 -33.8002093308 3821.01364316 -791.887681034 835.319617277 1574.23503192 -1389.37544913 -537.671308644 934.288625051 -2809.84077678 372.512276517 4036.94356018 -3465.8282163 43.6778861296 3173.64216104 -5579.10648988 -291.214877829 3701.56875692 -4533.36536343 -321.941400953 4537.23708855 -2783.91860458 -395.365800248 2948.68138878 -2435.38079098 -59.3376014139 4307.50451222 -4571.28210275 374.006364521 4596.06594258 -2803.26085402 -284.286171696 4037.54553855 -4419.61815095 206.746857346 4270.33748197 -4588.70817028 -492.143683392 3201.84059395 -4483.15552638 707.260651678 5095.78222793 -4836.15797243 -513.181037649 2384.37868439 -3594.88624201 255.68780335 2908.93648307 -3055.89438293 -580.47598997 3165.10751833 -2961.41735258 -413.253950968 2403.80564588 -1835.17186734 1408.09961366 3246.2037925 -1787.64360696 1648.8841457 4475.93200009 -1974.54235946 1086.45124826 2399.14577133 -1462.79991189 180.535400918 1629.87780343 -3564.43282767 -490.387628625 3124.62962657 -3898.27379145 -370.131040817 2793.40994823 -2336.15105899 287.378300741 1788.29148816 -2396.93149473 -142.35164355 1850.18467491 -2853.43616379 12.2096327352 5138.87188311 -4113.25972016 29.8453466021 5211.72342876 -3829.51262293 -360.911647896 4542.59471182 -2361.48613022 350.347880106 4486.47136494 -5181.44041488 621.338296062 3235.61911883 -4651.96395679 247.649894217 4108.21812291 -3052.47048012 150.199193546 2833.7871872 -3491.83286247 -1349.73400952 2551.8170197 -1408.52091748 267.512818651 1748.27531484 -2175.71709611 -1152.2367081 1452.08198435 -1566.23457105 2604.8994743 4109.1563949 -2044.03837574 -155.963802887 2981.04495116 -5728.54548221 -269.607601445 3741.5581743 -3909.09346473 250.37010978 5532.7349388 -4724.90130889 -426.165388589 4268.80428408 -4749.99320206 448.042034802 3830.62703831 -5649.98402686 -1160.26857136 2578.23022086 -4333.12726268 1311.99692396 3834.79463588 -2773.45367392 -101.647888041 3775.4594419 -3328.11511027 725.790718293 3604.35094811 -4220.0403782 -271.752219258 3198.97983028 -2592.17034064 490.432816791 3743.80932849 -3274.41357072 -142.876874346 3796.47847222 -3953.96127429 -2652.34827315 2349.7321372 -5576.23745878 -418.215096028 3145.90094196 -3299.02372646 33.6124218991 5373.81819218 -4828.9598713 -1345.5762969 4850.5232602 -4471.24103306 19.257791998 4535.43367305 -5395.98746797 -456.28598877 3240.88873262 -3373.42232234 -789.926435085 3317.65398212 -2806.45981377 -72.5710749898 4297.3601804 -4092.88321758 -9.56712088525 4330.84716937 -4667.84443494 -487.145636065 4216.01357217 -2064.50513991 922.127419673 4516.07665238 -4681.73142248 28.7843554841 4777.67927409 -3924.91521524 1416.44210563 5720.25249658 -2017.04043891 157.068527623 2541.13934673 -2898.44878933 1042.67925461 2560.56681824 -3486.03209558 -274.932221112 4826.43900967 -4407.59130068 -89.4678825401 4962.34945355 -3667.42987469 2285.44974536 3483.26663669 -3546.26231649 -37.5912985184 4074.27794158 -2550.06044218 377.002076215 2952.55559252 -2794.77556318 82.4629271311 2649.58084446 -281.142113779 1193.82774321 3161.26259069 -1290.27423039 -685.192166311 1637.95815761 -4904.50181986 -45.2441301605 4675.44454601 -3205.60826028 9.53612396216 4750.1269257 -4690.90083823 57.9595339686 4445.71866944 -2209.92801458 2.09614209933 4379.87775909 -5013.18550203 -284.755336622 4823.23149289 -4286.98459845 481.62942737 5780.83695898 -4755.02763264 -191.661724499 3902.4020742 -2078.78189748 1227.79250257 4937.50014891 -5125.9677566 -1004.58074318 4330.10750329 -2884.17953401 535.764815283 4386.42287877 -5398.3001448 -1343.53819029 4035.01340884 -4593.05417059 8.0564103292 4619.90887169 -3010.16943913 -582.594060311 3927.85394017 -3079.28248401 -795.345555431 3615.83569937 -3181.06031216 155.266145193 4286.93473256 -4016.46908259 572.262264162 4924.19057081 -2999.81596777 -12.546907318 2957.99294338 -1277.97506326 533.787225049 6606.00438041 -3479.50090135 -175.000087988 3982.95335186 -3539.20436842 755.338546237 3390.32415252</DataArray>
        <DataArray type="Float64" Name="PrincipalStrain" NumberOfComponents="3" format="ascii">-5.08847799187e-08 1.80275873743e-08 4.64284499017e-08 -5.0379185348e-08 -1.13855729403e-08 4.90826829102e-08 -4.57491225623e-08 3.07964465799e-09 4.64573448232e-08 -3.1622656013e-08 -3.09824580833e-09 1.99166665011e-08 -4.98445833729e-08 -6.11184613133e-09 4.55135711798e-08 -5.68551443123e-08 -6.31960024837e-10 4.62792348675e-08 -2.45990356864e-08 -1.70685729378e-09 2.15999914392e-08 -1.53372818229e-08 -3.80963539185e-09 1.89907137239e-08 -7.72626090539e-08 6.93560919353e-09 6.31815478774e-08 -5.1871507009e-08 -4.94619695695e-09 3.64704316197e-08 -5.94521260985e-08 4.56478046558e-09 4.4437896184e-08 -1.18312998853e-08 -2.13570288543e-09 2.29792101126e-08 -1.87448786291e-08 -1.77476695631e-11 2.02719692786e-08 -4.42285372892e-08 -7.11580063869e-09 4.8638144429e-08 -4.12126825796e-08 9.57848148405e-09 3.10892401653e-08 -3.51085899163e-08 7.22775352055e-09 3.78650462389e-08 -3.87294770141e-08 -3.11388353651e-09 3.42428898151e-08 -4.28217830291e-08 -1.53749272571e-09 4.1526512616e-08 -2.98128984956e-08 -1.42487412298e-08 3.38398875435e-08 -1.88954561925e-08 -5.80969181627e-09 2.04560522543e-08 -2.42300411916e-08 1.06075865292e-08 2.64669481891e-08 -4.77666053253e-08 -7.56597843494e-10 4.79153561011e-08 -1.75305857371e-08 1.64126315581e-08 6.63429721672e-08 -3.29574105269e-08 7.95188283375e-09 3.08261375647e-08 -5.98323232641e-08 3.27953793873e-09 3.74183923122e-08 -2.41015043168e-08 5.37406080837e-09 2.17910243479e-08 -4.87777566096e-08 -5.59324157827e-09 6.35932087763e-08 -4.4994995589e-08 6.27569693585e-09 4.88601882834e-08 -4.23895775828e-08 -9.28045955301e-10 4.29313082963e-08 -4.3330741721e-08 -4.67747753528e-09 4.7578066173e-08 -4.71577664329e-08 9.04664206913e-09 3.29873123931e-08 -7.87112318495e-08 3.52397589113e-09 7.69396220658e-08 -2.34102163056e-08 1.62849019915e-09 2.23390475387e-08 -3.64197583071e-08 1.53156728296e-08 2.76473615667e-08 -1.29800784239e-08 1.01935200483e-09 2.82708413861e-08 -5.0505460466e-08 2.04951559222e-10 5.72399903362e-08 -2.60252722447e-08 -5.81389751261e-09 2.80367345773e-08 -4.33051588886e-08 -1.78737740463e-08 5.02193746753e-08 -2.87057959809e-08 -1.14200303856e-08 2.69699058527e-08 -4.43171438003e-08 1.02718127846e-09 9.60418004203e-09 -2.69209099666e-08 -8.28170819165e-09 2.5608963277e-08 -4.79199248064e-08 1.06787839287e-09 4.6915344832e-08 -3.77770376583e-08 -9.82989523655e-09 4.33000233599e-08 -3.77959764573e-08 9.27226420656e-10 3.74184627876e-08 -3.91681772431e-08 1.64396365291e-08 6.0899086675e-08 -6.70514774402e-08 2.0890614696e-09 6.60754037885e-08 -4.78507436859e-08 1.32029353505e-08 4.56071851379e-08 -5.89872304212e-08 -1.0932413841e-09 4.88742506719e-08 -6.97853564439e-08 -1.51909419412e-09 7.40984933305e-08 -4.16932665612e-08 3.66822118311e-09 4.2254114178e-08 -2.03402758616e-08 1.72813833432e-08 2.51712103829e-08 -3.31556326731e-08 4.91730060963e-09 3.21826434903e-08 -1.81826228622e-08 -1.48194965811e-08 1.61463473665e-08 -2.11658964969e-08 -1.18067543496e-08 2.20473154067e-08 -4.05680597217e-08 -1.17547410044e-08 4.89747921113e-08 -5.17672084613e-08 1.42206225714e-08 4.90971012794e-08 -4.1706524614e-08 -1.09162812066e-09 4.48826920403e-08 -4.56066140526e-08 -1.97885288838e-09 4.19691077263e-08 -3.3158176852e-08 -1.92278521957e-09 2.97663186606e-08 -7.07218600585e-09 1.64586334392e-09 1.4055282586e-08 -5.1475420985e-08 1.49364638441e-09 5.10872005387e-08 -4.32779368379e-08 -1.71867065857e-08 5.81240807056e-08 -3.1257779122e-08 1.58342221022e-08 2.8432322443e-08 -3.78597598202e-08 -6.25848663376e-09 6.04492443158e-08 -4.19112920536e-08 -1.53184395027e-08 3.44076550359e-08 -5.00333730836e-08 4.61861530488e-10 5.15309982987e-08 -3.31936323655e-08 -1.38361884775e-08 6.85893458987e-08 -5.70165902822e-08 1.28286722643e-08 4.43476987322e-08 -4.20942739176e-08 -9.0908810242e-09 5.93413648127e-08 -4.68966896293e-08 5.15820824261e-09 4.74407286171e-08 -3.76483508284e-08 -3.1266866804e-09 4.25505762532e-08 -3.63166518326e-08 -4.44426520516e-09 2.59668341219e-08 -4.00554606863e-08 -5.70672365161e-09 5.63818855618e-08 -2.44899659463e-08 -1.77363832327e-09 2.21426092832e-08 -4.33624528568e-08 1.8291744782e-09 4.08973761141e-08 -5.09871295738e-08 8.36298894081e-10 5.36516086268e-08 -4.82991429747e-08 -1.28965966191e-08 3.9658202214e-08 -5.66727384216e-08 3.42652544023e-09 4.01322919073e-08 -4.96464566735e-08 3.64111554387e-08 6.75415723177e-08 -5.65023968683e-08 6.58548794049e-09 4.15833731308e-08 -7.94688594155e-08 3.23878601835e-09 7.64493547063e-08 -3.98808822005e-08 -1.45987874107e-08 5.68148692129e-08 -5.16735880312e-08 1.77067184094e-08 3.87218813666e-08 -5.83103865548e-08 9.44121021622e-09 6.42184024081e-08 -4.06731541487e-08 -1.21885535977e-08 6.19356849444e-08 -4.83481819624e-08 -6.11558300669e-09 6.16806858499e-08 -5.90722045788e-08 1.11957411832e-08 4.877594663e-08 -2.87694999388e-08 5.19216974692e-09 2.39602000745e-08 -2.49750885157e-08 -1.14860271449e-08 5.00062383251e-08 -4.76095233318e-08 1.15119749811e-09 4.60088569466e-08 -4.32403930547e-08 1.92700646174e-08 5.09344370391e-08 -4.08056539072e-08 4.12683514816e-09 4.18462282956e-08 -4.76630134299e-08 1.01727728134e-08 2.34497172042e-08 -3.78149176855e-08 -8.01946134393e-09 5.68284714565e-08 -3.75105215586e-08 6.530963146e-09 3.6053560409e-08 -5.19660083153e-08 1.4518069209e-10 5.32519364147e-08 -4.48968417933e-08 5.11383200932e-09 4.9843548915e-08 -4.21566253359e-08 -2.36386114104e-09 4.09220407241e-08 -3.96001272256e-08 -1.29677287123e-09 5.40246006651e-08 -4.20364529253e-08 -7.40718865441e-09 5.86144021344e-08 -4.36160524239e-08 1.57009347735e-10 4.97514465872e-08 -4.06274688799e-08 2.23998243037e-09 4.42523341594e-08 -2.93291713339e-08 1.42640427938e-08 3.19968388301e-08 -4.60871464628e-08 3.87572020401e-09 4.72361241044e-08 -4.82016601161e-08 -1.16035155311e-09 4.67893042087e-08 -3.34646713908e-08 -7.30781303156e-09 2.40439617163e-08 -4.9381999116e-08 -1.97590187831e-09 4.52402421939e-08 -4.53491544793e-08 -1.26428839624e-09 5.81111619365e-08 -5.41175913584e-08 1.28426625325e-09 5.81431602166e-08 -4.10776028289e-08 -1.68540442665e-09 4.80225762103e-08 -3.86925702325e-08 1.00535676068e-08 3.46831302285e-08 -1.78276883718e-08 1.46060254812e-08 6.20234559079e-08 -4.32810937195e-08 1.74236057972e-08 2.12524464385e-08 -2.25698060976e-08 -2.1872835768e-09 7.4759122194e-08 -5.74125798262e-08 1.02972525218e-09 4.06384553234e-08 -4.94754452777e-08 -1.87931017128e-08 4.64094730802e-08 -3.71796911413e-08 -5.27262912904e-09 3.64729915595e-08 -4.70526979394e-08 -7.32606582278e-09 5.59972379863e-08 -2.58219397362e-08 8.20689247214e-11 2.61419512953e-08 -4.98076502382e-08 -1.94468221695e-09 5.12112791775e-08 -5.13270914838e-08 -1.24770556592e-08 6.87893698199e-08 -4.63515622448e-08 9.00265783352e-10 4.61505638127e-08 -4.77090160262e-08 5.73428595182e-10 5.87104539445e-08 -2.5656024819e-08 4.18903944245e-09 3.71813159574e-08 -4.11591272044e-08 -4.59299857036e-09 4.29522316434e-08 -4.77428845035e-08 -7.99532441637e-09 5.74618635415e-08 -5.61325471219e-09 2.21062714066e-09 6.74972330273e-09 -4.02810415302e-08 -9.52606354815e-09 5.64514442686e-08 -4.49209468746e-08 1.47152973047e-09 4.6487420531e-08 -3.55867577282e-08 -8.44027238509e-09 3.3702807087e-08 -7.80362577233e-08 6.05626125297e-09 6.12640883266e-08 -7.37642475542e-08 -3.09327343326e-09 6.33927867251e-08 -4.64928759283e-08 -3.88932709826e-09 5.17547350686e-08 -4.62592580101e-08 3.69019872745e-09 3.9562447312e-08 -5.73659798166e-08 1.92264713797e-09 4.51040111301e-08 -4.3308538298e-08 1.21372922228e-08 4.87464917713e-08 -3.74913508031e-08 5.71127179612e-09 4.30706152636e-08 -6.32383663102e-08 2.50660122598e-09 6.03806871952e-08 -4.60227757785e-08 1.57867069144e-09 4.35490203036e-08 -4.10272880134e-08 4.90730887566e-09 1.63403091345e-08 -3.336635299e-08 5.45279937438e-09 3.05033710811e-08 -2.36738253295e-08 1.04846182502e-08 2.39946259847e-08 -7.02677332734e-08 5.61567214341e-09 7.37555623718e-08 -2.92420529489e-08 -4.64804335263e-09 6.43715006338e-08 -7.78146096675e-08 7.162735943e-09 6.5398559679e-08 -6.00815715587e-09 6.98032441435e-10 7.57971179588e-09 -4.45864224681e-08 -5.52426000313e-09 3.99331245034e-08 -4.54940884373e-08 2.94472732569e-10 4.61873882709e-08 -5.99552219043e-08 5.65921750801e-09 4.48313154038e-08 -4.64976931386e-08 -3.06501914537e-10 4.80727010641e-08 -4.21805499966e-08 -9.57790377002e-09 2.79215311638e-08 -3.95600717981e-08 2.38725630686e-09 3.12655774474e-08 -6.66290360396e-08 2.37563455872e-10 7.14448436716e-08 -4.72558725394e-08 -9.90827182116e-10 4.64642345867e-08 -7.36766235885e-08 1.28207951125e-09 7.98243938108e-08 -3.89499702363e-08 -5.51656938206e-09 4.66230284007e-08 -6.71858849353e-08 6.82694634149e-09 5.5568682309e-08 -4.54251085459e-08 1.75797258991e-09 4.29506702274e-08 -3.23678398552e-08 1.68710418452e-08 3.3857958705e-08 -5.23296369872e-08 -1.67108917934e-08 7.02520268371e-08 -4.03494958395e-08 -3.07498649866e-10 5.59935861257e-08 -4.94252341686e-08 -1.19721568455e-08 6.50228759216e-08 -2.19650590963e-08 1.4690510083e-10 2.99888688366e-08 -4.04367340746e-08 -1.42945141349e-10 4.36871754334e-08 -5.31194386947e-08 -7.36741235767e-10 4.90551087795e-08 -6.91442776693e-08 1.09565638035e-08 5.77554171365e-08 -4.13892590416e-08 2.67784235683e-09 1.68082605405e-08 -3.28942558542e-08 -1.93634409888e-08 4.91173473491e-08 -6.50964695458e-08 1.88884531146e-09 6.71960996277e-08 -4.99393649342e-08 5.09374483724e-09 4.49288304258e-08 -5.13504928826e-08 -1.3322786139e-09 4.19743612368e-08 -1.9268208294e-08 4.43280875478e-09 3.99353370322e-08 -5.10526679152e-08 -3.92160739578e-09 5.81813965138e-08 -3.03789523657e-08 -1.67003277443e-09 2.82366759562e-08 -6.71556703846e-08 3.55966384126e-09 5.23366706647e-08 -1.46260334258e-08 2.93705227583e-09 2.9130889195e-08 -6.90715959692e-08 -1.97456728071e-09 7.12644023549e-08 -2.62989346807e-08 -8.1122027049e-09 4.51619021095e-08 -4.42350812661e-08 -7.0745450268e-09 4.53747931533e-08 -5.25243505374e-08 1.10615957804e-08 5.13721995833e-08 -4.06158246818e-08 -2.93540838469e-09 4.237528832e-08 -2.67400852175e-08 1.14140536533e-08 2.92794684379e-08 -1.42792190475e-08 -7.44930722855e-11 2.90763117378e-08 -4.47109919971e-08 -8.33354944367e-10 4.19430745733e-08 -4.0693848815e-08 1.39045571907e-09 4.26757731342e-08 -5.768824669e-08 -2.59850264015e-09 7.77000414886e-08 -2.79943502881e-08 -2.26493627982e-09 1.65375289142e-08 -7.5674064829e-08 1.42420455936e-08 5.54117449605e-08 -1.71542431348e-08 -4.18697552815e-09 1.66834635264e-08 -4.57708954396e-08 -6.7196318064e-10 4.80782188004e-08 -2.85121256612e-08 2.96855015276e-09 3.22962926825e-08 -6.62514573114e-08 5.57951789982e-09 5.32783192553e-08 -6.2075438432e-08 4.13390753765e-09 5.26063745295e-08 -5.65813265212e-08 1.87295404237e-08 4.97672271006e-08 -7.11292524204e-08 5.10258897329e-09 6.20168623195e-08 -4.42831631499e-08 8.53765743338e-09 3.46278716879e-08 -4.96891000322e-08 1.05622995914e-09 7.67643566511e-08 -7.06888166079e-08 -1.85663406088e-08 5.17815011485e-08 -4.28936320106e-08 -3.83933838149e-09 6.15382259802e-08 -2.10965294287e-08 1.74524141334e-08 2.61109898408e-08 -2.86783579358e-08 7.49826656901e-09 3.0420108228e-08 -3.92678099001e-08 -6.47561661574e-09 4.34787929567e-08 -6.09880079393e-08 1.07835904325e-08 4.5773054519e-08 -4.80814213719e-08 -6.4598261964e-09 5.10024743317e-08 -6.44913153557e-08 3.29895956127e-10 5.03267262646e-08 -3.3438740962e-08 -1.3105135815e-08 2.86436118198e-08 -7.05509101315e-08 7.52833579259e-10 6.3015981874e-08 -3.16349338334e-08 -1.61472194501e-08 4.67341227937e-08 -4.65773149532e-08 8.4613794212e-09 4.219221383e-08 -6.60258297666e-08 8.86237765825e-09 4.81211877852e-08 -5.54269571325e-08 -9.1386416569e-10 5.4289195189e-08 -5.72834206261e-08 -4.53457211307e-10 4.91901186827e-08 -4.81288009053e-08 1.82212333092e-09 4.38353612615e-08 -3.15480707952e-08 -1.04920397822e-08 2.65619845565e-08 -4.22923903372e-08 5.85730303828e-09 4.95088203382e-08 -4.61283021101e-08 -1.42892899368e-09 5.4043696133e-08 -5.63584814651e-08 -1.3275770322e-08 4.09008616678e-08 -5.56282426595e-08 1.14277986135e-08 1.59273601924e-08 -5.82827563445e-08 3.66001108535e-09 5.4824102137e-08 -3.46064868344e-08 -4.47837184096e-09 3.17892295557e-08 -5.4138533699e-08 1.45408064922e-08 4.62918048786e-08 -3.94224164789e-09 -2.67044780755e-09 8.58052628447e-09 -1.96535077936e-08 -2.21832518212e-09 5.99922560435e-08 -5.44035634648e-08 1.48136389871e-08 4.32384675334e-08 -6.68634633151e-08 -4.44004205209e-09 6.61939453096e-08 -4.97074404986e-08 5.79601795984e-09 4.67448589069e-08 -1.29725928797e-08 2.45511286851e-09 5.98551245467e-09 -7.91885343322e-08 -7.88644840147e-10 7.88417141417e-08 -4.32682759035e-08 -3.13783124133e-09 4.07904241084e-08 -5.75344017271e-08 9.48010232185e-09 4.02785344265e-08 -4.75260960625e-08 -1.39868719574e-09 4.82378816526e-08 -5.53941882263e-08 3.1858282557e-09 3.99521098955e-08 -5.32923471305e-08 -7.69355794892e-10 5.31403834785e-08 -5.29253809802e-08 6.78258744398e-09 4.56951968704e-08 -4.05750291666e-08 1.53597219493e-08 3.07666666442e-08 -4.4098890994e-08 1.12203831402e-09 4.48723205298e-08 -4.27650014678e-08 4.31646979006e-09 3.43604951423e-08 -5.23446971991e-08 -1.06164989625e-08 5.17188995352e-08 -5.86894346712e-08 -2.99698849379e-09 4.97795751716e-08 -2.28511845872e-08 -4.14402233493e-09 2.10327132248e-08 -6.15270532417e-08 -8.77774042895e-10 2.02842011646e-08 -6.1935055951e-08 6.46887766332e-09 4.00787209784e-08 -6.3766082569e-08 1.14932168801e-08 4.46885648794e-08 -6.15254810455e-08 -3.72355502356e-10 5.38399764845e-08 -2.3075379343e-08 -2.68109247049e-09 2.37340663778e-08 -8.05549998257e-08 -1.97009923153e-10 7.20758417639e-08 -3.01328680805e-08 -1.57224662748e-08 2.84234223774e-08 -4.75345833528e-08 -8.11798462533e-09 6.08443739736e-08 -7.02570090726e-08 -1.04361388316e-08 6.93529085594e-08 -6.4065755991e-08 1.13806078767e-08 4.02735483297e-08 -4.70927544176e-08 1.85563659661e-09 4.83973867757e-08 -5.29685121165e-08 -6.03915716844e-09 8.05722414043e-08 -2.31706732333e-08 8.73166266854e-09 2.41775970805e-08 -3.84239996585e-08 -4.72413978556e-09 3.63056746776e-08 -7.43491681857e-08 -1.55567841848e-08 7.62398960145e-08 -3.93810246208e-08 -1.64934438118e-09 3.29033592599e-08 -2.17297652495e-08 -9.38230813425e-09 1.8614919682e-08 -5.55679884383e-08 1.15845356182e-08 4.4656939685e-08 -4.04506528886e-08 -1.12347365755e-08 4.58278563726e-08 -5.42736149125e-08 -1.4287630538e-09 4.79299782494e-08 -4.57567585321e-08 -8.84919082926e-09 5.01569663174e-08 -4.90421442614e-08 1.50667989665e-09 4.82144249812e-08 -2.8870010143e-08 -3.83177155217e-09 2.2166790219e-08 -5.7931743275e-08 -1.13994674333e-10 4.26410840229e-08 -8.80514205745e-09 -1.68768727428e-09 1.17781681896e-08 -1.90561537918e-08 -4.25175264523e-09 1.8958888178e-08 -5.68856235178e-08 -1.31297369476e-08 7.23244805018e-08 -5.38552681913e-08 -1.57392092188e-09 4.63736957259e-08 -7.18587257871e-08 -1.20435857932e-09 7.2256759573e-08 -4.89034060994e-08 -4.27577194948e-09 5.11226322927e-08 -2.69742393293e-08 1.75646584847e-09 1.19725685111e-08 -5.24416391068e-08 3.88145950981e-09 4.50895804173e-08 -4.62600775125e-08 3.17949128208e-09 4.65399701135e-08 -7.21244864759e-08 -4.957627292e-10 7.42730866852e-08 -4.15033310796e-08 -6.7541339734e-09 3.60790655486e-08 -8.50619153747e-08 1.40291860523e-08 6.82595552433e-08 -3.67834601951e-08 -9.21889949243e-10 3.59735147851e-08 -1.06402736439e-08 -7.12054200224e-09 2.23740241156e-08 -6.22379333251e-08 5.17389601229e-09 4.52681028605e-08 -6.23786245389e-08 7.94746379492e-09 4.11278008909e-08 -5.92207857102e-08 2.16282881284e-08 5.17776679738e-08 -3.87116803754e-08 -1.25057673824e-08 5.07358256365e-08 -4.19996661503e-08 -1.30882172161e-08 6.58907772156e-08 -4.29571057592e-08 -1.44891653604e-09 4.71464939769e-08 -6.74097324811e-08 3.85214975963e-09 5.69284784812e-08 -5.79127914174e-08 1.06406322248e-08 4.49158803208e-08 -4.57709877685e-08 -8.26843690526e-09 5.19555098269e-08 -3.29563154035e-08 -1.15955316275e-08 5.10693502175e-08 -5.51215849584e-08 -2.01373938118e-09 4.3917206377e-08 -1.98238361061e-08 -3.6677741084e-09 3.42158033359e-08 -4.98386740217e-08 -2.89491430767e-09 6.27219901186e-08 -5.33388285354e-08 1.69905779239e-09 6.25526225253e-08 -4.54164599602e-08 -2.3109482925e-09 4.10861049567e-08 -4.02522777287e-08 -9.29072663054e-09 3.5883241399e-08 -5.42427354506e-08 5.29364360692e-09 3.68506345366e-08 -1.44870161916e-08 3.77591788022e-09 5.9364747885e-08 -6.59750851389e-08 -4.28046369246e-09 7.5655967416e-08 -3.32770859385e-08 4.81022955379e-09 2.76548860669e-08 -6.9412998575e-08 -5.51859147744e-09 6.65385825157e-08 -2.67453073007e-08 1.29599238567e-08 3.53727746074e-08 -5.80930145214e-08 5.26633743887e-09 4.42311077468e-08 -7.21367300864e-08 -7.61488329215e-10 7.41097810735e-08 -3.24084144382e-08 6.83715606749e-10 3.84141816991e-08 -7.64423001503e-08 -1.44226838107e-09 7.93273603117e-08 -4.98624529153e-08 -1.92108754023e-08 5.04655273075e-08 -2.77950227342e-08 1.45363990094e-08 5.66124649302e-08 -2.06191304182e-08 3.06773654313e-09 6.10361162084e-08 -4.47743289679e-08 4.96091355532e-09 5.58204527549e-08 -5.33158853564e-08 -8.83613851446e-10 5.75763464704e-08 -4.56958823969e-08 3.75489855492e-09 5.00580029611e-08 -3.21368466255e-08 -1.03849030666e-08 5.12261453032e-08 -5.37630124484e-08 7.14024742854e-09 6.06303987574e-08 -3.2245161527e-08 -9.36837526578e-09 4.92268497093e-08 -4.0498074455e-08 -6.20482952003e-10 4.3858828635e-08 -6.37906126267e-08 5.70521157915e-09 1.84853731329e-08 -6.06663127638e-08 2.39352295486e-09 5.91035924539e-08 -4.57289603903e-08 6.85198740908e-10 4.6018071453e-08 -7.71983441556e-08 -1.0156098755e-08 2.21551684558e-08 -6.3158118366e-08 3.55877914485e-09 5.32805023548e-08 -3.67310707144e-08 -1.61008233088e-08 4.22183639591e-08 -7.29054394664e-08 7.68060696328e-09 6.19227279688e-08 -5.37336286076e-08 -7.43532219646e-09 5.38297650848e-08 -2.27160231459e-08 1.19449854508e-08 2.55152841632e-08 -5.1827799498e-08 2.04997213411e-08 4.018294056e-08 -4.20437172936e-08 -6.2099975648e-09 6.1472322108e-08 -4.31914737131e-08 -1.97772963702e-10 5.92928186385e-08 -3.82630156117e-08 1.50583467428e-09 3.8482878185e-08 -4.8376386017e-08 6.37926817062e-09 4.9143419263e-08 -4.52153085266e-08 -9.19342432522e-09 6.10733003281e-08 -2.65595975501e-08 -5.75134305702e-09 3.39748233328e-08 -4.69271802342e-08 2.31816986403e-08 3.11017747001e-08 -4.36628339826e-08 -2.58095429494e-10 3.78862417449e-08 -4.6475175811e-08 5.67773201141e-09 4.81930820009e-08 -5.53995300183e-08 -4.72556768172e-10 5.61856499862e-08 -3.51066210461e-08 5.86108771074e-09 1.51509093666e-08 -2.32479515317e-08 1.41944904814e-08 5.49901893616e-08 -4.31843529568e-08 1.81328304485e-08 4.03618076502e-08 -7.05127327264e-08 9.43266861012e-09 6.9904461831e-08 -7.25757986896e-08 -3.33386611458e-10 6.66967095882e-08 -1.41305057836e-08 1.08966397806e-10 1.15767246755e-08 -5.33543209659e-08 1.63771680128e-08 2.86065443218e-08 -2.314550279e-08 2.10054004386e-08 4.34684680545e-08 -2.32026210105e-08 -3.13044006371e-09 2.06512825982e-08 -2.67626078004e-08 2.09943873454e-09 2.76399968899e-08 -7.70261506527e-08 -4.80609700851e-09 7.89237547397e-08 -5.9784296203e-08 6.23419849116e-10 5.27206084695e-08 -5.02915181161e-08 6.14777011883e-09 4.25649465954e-08 -6.83656523758e-08 1.42726200066e-08 4.93259520107e-08 -4.87649483124e-08 -2.90586969468e-09 5.2684500909e-08 -4.74441719302e-08 2.48675628885e-09 5.02865491895e-08 -6.8923029365e-08 3.62552341776e-09 6.48773283037e-08 -4.08161319741e-08 -7.14529068533e-09 5.53873524886e-08 -4.55748983547e-08 6.60945695846e-10 5.73314629355e-08 -4.11220227227e-08 -8.81287711911e-09 5.6594298362e-08 -8.29440729579e-08 6.45612271845e-09 6.54167273223e-08 -5.25234621349e-08 1.25576531483e-09 4.68379285627e-08 -5.10644927048e-08 8.74713489862e-10 4.25263895292e-08 -2.88763327869e-08 -1.54297223364e-08 5.49720931431e-08 -6.3344273332e-08 5.58486917204e-09 4.47672595634e-08 -6.07044614315e-08 -1.82782569961e-08 2.91686904133e-08 -4.4947946451e-08 3.40974084116e-09 4.15568266163e-08 -4.61335023627e-08 1.17409413819e-09 5.43316217905e-08 -6.07060301821e-08 1.95646377424e-09 4.484152843e-08 -5.13975013571e-08 1.54284815966e-09 5.40119453788e-08 -1.71966177866e-08 1.48509927434e-09 3.44428484253e-08 -4.75446005872e-08 2.37127401125e-09 5.29718526073e-08 -5.16120962183e-08 1.4083351201e-08 4.81958280674e-08 -6.60412293831e-08 1.30294904552e-08 4.76115037482e-08 -4.7287501842e-08 6.06279651043e-10 2.98821174723e-08 -4.240985893e-08 7.92031314735e-10 4.74231641707e-08 -6.07981842122e-08 1.56598903759e-09 6.87267173567e-08 -3.71831515687e-08 -1.87503333719e-09 3.8625448163e-08 -6.06524396187e-08 4.82267197686e-09 5.33125104166e-08 -4.43861185186e-08 -6.10070787795e-09 7.63747322357e-08 -2.7174671001e-08 -5.68590488819e-09 3.19137584403e-08 -5.4015083127e-08 2.06397208828e-09 4.92728658263e-08 -7.52547841826e-09 -2.48140953659e-09 8.04153604114e-09 -7.31572220809e-08 -2.70469971791e-09 7.3693633744e-08 -5.97074466525e-08 2.41552671596e-08 3.44647048457e-08 -4.17693418527e-08 1.86708062164e-09 4.71423955936e-08 -3.31741976695e-08 -7.65156911156e-09 4.13055197142e-08 -4.32640498521e-08 -3.31613057215e-09 4.76769544445e-08 -8.61984461234e-08 -3.6849439157e-09 4.23600876448e-08 -4.223498124e-08 -3.13172332291e-09 5.44560081944e-08 -5.25946800154e-08 1.03873324653e-08 3.69680312858e-08 -3.07857534905e-08 4.35173316208e-09 4.27811812451e-08 -5.29990718948e-08 -2.63658944106e-09 5.78871091847e-08 -3.19997597874e-08 -1.1522555224e-09 4.5768346841e-08 -7.02852800823e-08 1.65675488566e-08 4.93125329256e-08 -2.67064039209e-08 -6.86790961658e-09 1.86823496756e-08 -4.81650189636e-08 3.78770801938e-09 5.23874793923e-08 -5.92668284911e-08 4.31980963152e-09 3.89230344632e-08 -6.01257919332e-08 1.187256748e-08 2.84116146107e-08 -2.82994891082e-08 -7.07560507822e-09 5.98810533932e-08 -4.83138948413e-08 1.7270699952e-09 4.7150662205e-08 -6.08144672153e-08 -6.02194090182e-09 6.41136577998e-08 -3.55529926574e-08 -1.9854250438e-09 2.04963729481e-08 -3.72624432757e-08 -8.77959522039e-09 6.0882993722e-08 -3.94081066298e-08 8.71271220482e-09 5.57716464802e-08 -6.59075654317e-08 -4.13199808854e-10 6.82896001719e-08 -2.86905130621e-08 -1.12869272275e-09 2.9072936505e-08 -2.60849955621e-08 -5.35283435336e-09 2.26788694743e-08 -4.10757216101e-08 -7.23566773593e-09 6.50453442284e-08 -6.74993903413e-08 -1.19838152352e-09 7.15960527495e-08 -2.22947968104e-08 -1.23965414871e-08 3.10818440373e-08 -5.5992856431e-08 1.03657448223e-08 4.41271961608e-08 -2.10366842417e-08 -6.58865454915e-09 3.84790282323e-08 -7.16624652221e-08 2.43029496142e-11 6.55458229306e-08 -5.94614659229e-08 -3.29196494151e-09 7.9772129208e-08 -4.78725106849e-08 8.39876677412e-09 4.37184674263e-08 -7.6850630435e-08 -2.33520629636e-09 8.11046025469e-08 -4.51511657638e-08 -4.57616168157e-10 4.39223085929e-08 -5.9993446062e-08 -1.24649471156e-08 4.59826850197e-08 -5.1428901376e-08 1.14733685853e-08 5.06441659613e-08 -2.48586193005e-08 1.26783751118e-08 2.0013181141e-08 -6.09377692578e-08 5.73553207034e-09 5.19134268891e-08 -5.71713248581e-08 5.21680374227e-11 5.87721777962e-08 -6.50681545922e-08 7.00642680584e-09 3.92818561578e-08 -5.35214641293e-08 4.43783107712e-09 5.09828757512e-08 -7.47618075705e-08 -5.74527013307e-09 7.62704087446e-08 -4.71115280109e-08 3.80656907121e-09 4.61069596571e-08 -2.68719451594e-08 -1.19839538523e-08 3.36048831921e-08 -5.21540736636e-08 6.47579199033e-09 4.14627728424e-08 -5.82140026087e-08 -8.52778241788e-09 6.68169020172e-08 -7.7241273756e-08 -8.04692940855e-09 5.21227017819e-08 -4.35277542998e-08 -1.12659891821e-08 5.27945394463e-08 -4.56511541823e-08 -1.17963590269e-09 5.67730946013e-08 -5.7827021242e-08 1.95440485836e-09 4.2080972905e-08 -4.24067314855e-08 7.66487550367e-09 4.23058709076e-08 -5.91317681858e-08 5.3091822926e-09 4.60609630277e-08 -6.30685393668e-08 8.459779023e-09 4.88023745661e-08 -3.25782228879e-08 -4.5271571809e-09 5.33683440161e-08 -5.08233781566e-08 3.19392936688e-09 5.11844105213e-08 -4.83913738473e-08 -2.63686703571e-09 4.36258764958e-08 -8.07206268621e-08 2.84926932191e-09 4.64786977986e-08 -3.23579942577e-08 -5.73405212299e-09 5.70264139483e-08 -7.3881911045e-08 -6.78894597309e-09 7.76533352141e-08 -4.24775156921e-08 -6.45713919426e-09 5.17942718605e-08 -5.47516496521e-08 1.52230563355e-08 3.60663333895e-08 -5.81371957106e-08 4.664806875e-09 3.85385921661e-08 -7.73406928277e-08 6.16827852969e-09 7.0379251012e-08 -2.4287876977e-08 -4.17147887858e-09 2.06616474111e-08 -7.33180457761e-08 -2.8153671385e-09 8.02891190304e-08 -2.45927640373e-08 0 2.48287419429e-08 -5.21333539829e-08 -3.10415319553e-09 4.80652445912e-08 -8.53027820509e-08 6.59215014155e-10 5.44961260298e-08 -2.87853209505e-08 1.07709781957e-09 2.38953647424e-08 -5.24127348611e-08 -1.24617978801e-08 6.95910448229e-08 -5.28532537859e-08 -1.02584822661e-08 5.66934802614e-08 -3.79021278553e-08 -5.7584285602e-09 6.29051131179e-08 -7.17293290995e-08 1.30075920257e-08 5.71443821731e-08 -6.80146803035e-08 -2.11771902623e-09 6.67152799528e-08 -5.21478458794e-08 2.13540891367e-09 4.92604199376e-08 -5.70763643536e-08 7.60342268362e-09 4.37855864164e-08 -5.6482074112e-08 -4.24004554939e-09 6.05224692171e-08 -7.07205226948e-08 -2.24396889202e-08 2.42206831212e-08 -5.37988342455e-08 1.31413446563e-08 5.34431830962e-08 -5.21051297065e-08 4.32949493639e-09 4.44426441481e-08 -4.60061509599e-08 5.29486202942e-09 5.30216678411e-08 -4.9172504033e-08 -5.46492455297e-09 4.65505408922e-08 -4.55871725053e-08 3.24437087613e-10 5.41933052764e-08 -6.31701624054e-08 -2.1872685346e-09 6.94963368137e-08 -4.76915131809e-08 4.80327977433e-09 4.37189730786e-08 -5.99025409517e-08 1.05054865626e-08 4.70784604475e-08 -2.99499316084e-08 1.94194815736e-09 2.53569877437e-08 -4.75873681532e-08 6.06041191609e-09 4.96300758655e-08 -4.85251737332e-08 4.49038398274e-09 5.01706577702e-08 -2.40818528983e-08 2.05063213866e-09 3.59107192882e-08 -7.6471748273e-08 1.87563731071e-09 5.44965907231e-08 -3.72401455272e-08 2.26137516653e-09 3.9400596505e-08 -2.48162615677e-08 8.5629355695e-09 3.11062727572e-08 -5.87284535637e-08 5.50826085062e-09 4.94155199453e-08 -4.59441210525e-08 -1.03432217463e-09 4.9713562241e-08 -4.75935083165e-08 2.41275775083e-08 4.56314396955e-08 -7.35287809286e-08 -3.87248192792e-09 7.07247025473e-08 -6.60841890706e-08 4.8233189861e-09 6.95434038477e-08 -4.3220813545e-08 -1.62569387379e-08 3.38241260371e-08 -6.64389389896e-08 6.07424271776e-09 5.61258745457e-08 -5.96219775409e-08 2.16660707491e-08 4.1082647179e-08 -4.09569191941e-08 -1.45340042364e-08 6.01382760507e-08 -7.03159892977e-08 -5.26217296636e-09 6.96985143612e-08 -4.69182532067e-08 3.46073227927e-09 4.08341504165e-08 -2.35890073415e-08 -2.12463591459e-08 2.97895258041e-08 -7.63259017512e-08 8.52635483079e-09 6.84460531781e-08 -4.50058663048e-08 -2.40748303171e-09 4.0398054819e-08 -4.61230641957e-08 -5.76770406064e-09 5.33524965183e-08 -2.17631549846e-08 -1.06887357003e-09 6.15472068665e-08 -5.49465607011e-08 2.38306139501e-08 4.80470456695e-08 -6.5848402952e-08 -4.34596049814e-09 6.92602927017e-08 -3.2894770377e-08 2.08815469372e-10 3.11429628703e-08 -5.49631233345e-08 -2.5213329326e-08 5.24820404829e-08 -2.8039173458e-08 5.68922409962e-09 1.38197271683e-08 -4.361582541e-08 -6.74162644759e-09 6.10810773786e-08 -3.1801741889e-08 -2.14840867565e-09 3.76684904689e-08 -6.08555795337e-08 -1.45638616711e-09 7.53230551114e-08 -3.60016735322e-08 -2.9082124137e-09 6.56104023235e-08 -2.76407954936e-08 -7.22216996224e-09 2.85410231184e-08 -4.47455595184e-08 7.90880879734e-09 4.50962713069e-08 -7.06394671267e-08 1.70477096856e-08 5.21905018729e-08 -3.93214535454e-08 -3.1328292976e-09 4.16090436428e-08 -4.13680199029e-08 2.07699262049e-09 4.92496330215e-08 -5.64185575889e-08 -8.8285555021e-10 4.49593395568e-08 -4.82896573298e-08 -2.2553836118e-10 8.53360815429e-08 -5.63643646947e-08 7.89584873322e-10 5.22393892961e-08 -1.0499393041e-08 1.60724661119e-10 2.26809426053e-08 -7.02096906322e-08 1.55712329281e-09 7.21474836325e-08 -6.8805342696e-08 4.7632790673e-09 6.94316831211e-08 -2.50283721833e-08 -8.38859748486e-09 2.50479326308e-08 -5.15899794984e-08 2.56299566207e-09 4.85986031354e-08 -4.74508014546e-08 2.52562564555e-09 3.6469670192e-08 -2.36006849125e-08 2.19076672994e-09 3.37323325444e-08 -4.71942560532e-08 -1.38546118159e-08 4.68155892872e-08 -5.75194701284e-08 1.05829665961e-08 4.87225972731e-08 -5.11568210765e-08 3.38583069593e-09 5.24590969643e-08 -4.62933975248e-08 2.69218479755e-08 3.68925355489e-08 -4.37994059249e-08 -9.9629209339e-09 6.40521496715e-08 -4.12553364162e-08 1.14296492018e-12 3.66579327357e-08 -3.42900475536e-08 2.50652978636e-09 3.44218328532e-08 -6.33522569089e-08 -6.50628514661e-09 6.48860947922e-08 -7.34344710572e-08 2.97820037505e-09 7.83718742285e-08 -4.5904471127e-08 5.4007353912e-09 4.50065336166e-08 -5.09304063446e-08 1.00644375344e-09 4.5629681369e-08 -6.87594791124e-08 -1.59572706326e-10 6.8064983873e-08 -7.6173239939e-08 -1.75680885133e-08 7.83144093779e-08 -1.26823523592e-08 -7.69995551073e-09 2.45806850956e-08 -3.98159714221e-08 -6.9732120485e-10 3.93208627319e-08 -5.28180777702e-08 -8.33619542579e-09 6.27129142946e-08 -6.88707334955e-08 -8.89457602301e-10 6.3800502521e-08 -2.22316831642e-08 -2.07514836963e-08 3.64603879349e-08 -5.54386407747e-08 -8.97211482397e-09 8.43609194196e-08 -5.80757131634e-08 -1.49185463594e-08 4.38380936084e-08 -4.19264263092e-08 2.32508100978e-09 3.09325386061e-08 -3.02624011374e-08 -1.92425803024e-08 3.21738543632e-08 -4.07860048946e-08 -8.44207032452e-09 6.00591719341e-08 -5.34893706696e-08 4.53482126861e-09 5.23276328901e-08 -3.76733977932e-08 -8.45309389184e-09 4.46894514651e-08 -5.63481856442e-08 6.19704981187e-09 4.09819486785e-08 -4.39079904041e-08 -4.1638113538e-09 5.89774555112e-08 -1.32141476895e-08 -1.73122972496e-09 1.48814397037e-08 -5.10395170355e-08 -2.94601647783e-09 5.84889870657e-08 -2.78225902365e-08 9.07958947326e-09 1.79689053696e-08 -5.38020604311e-08 -1.5079868598e-09 5.48588235001e-08 -5.52972593153e-08 -2.73626473991e-09 7.26567010007e-08 -2.88516629553e-08 -7.38488155392e-09 3.75552964849e-08 -5.07750088119e-08 1.68657085248e-08 4.94606684242e-08 -3.64699076942e-08 3.18769161698e-09 3.48532119249e-08 -7.77880317281e-08 2.10767595816e-09 6.28646240289e-08 -4.68609525595e-08 4.5503999483e-10 3.87089189992e-08 -5.68830375434e-08 4.98979467916e-09 5.05481289207e-08 -3.18475246589e-08 -1.2493672986e-08 4.8211456369e-08 -4.53914679714e-08 -2.02499830326e-09 5.34892025716e-08 -3.92798119294e-08 -4.6957483896e-09 3.82212795994e-08 -4.25061856916e-08 1.23455402884e-08 5.22752028191e-08 -3.79961588857e-08 -1.092287997e-08 4.95764587872e-08 -3.8759366452e-08 -1.27864972288e-09 2.83609364899e-08 -5.96123925834e-08 6.63149667283e-09 5.006885515e-08 -2.4108352382e-08 -5.14615278477e-09 2.43308711622e-08 -3.63584611133e-08 -6.08668177588e-09 1.87008835846e-08 -4.4097037523e-08 8.12154225873e-09 4.68715356727e-08 -4.48605042505e-08 2.12760598423e-09 4.90393716059e-08 -6.68495952109e-08 -3.76061754338e-10 6.88049371372e-08 -7.05832807238e-08 8.83488215774e-10 6.58045375361e-08 -5.02637147969e-08 4.88298273649e-09 5.69749415334e-08 -7.82201727581e-08 1.37879688397e-08 6.18797714894e-08 -5.11485916472e-08 4.46901173149e-09 4.11396832033e-08 -1.44065935227e-08 1.64568750255e-09 1.96472123268e-08 -4.8963436368e-08 -7.2775915296e-10 4.66271420787e-08 -5.8747952778e-08 -9.62924762366e-09 7.71495221706e-08 -5.6293866433e-08 2.31008996251e-09 7.08520703747e-08 -3.99239395639e-08 -1.35460050676e-08 6.21097429247e-08 -6.91040025158e-08 -1.34543087463e-09 7.05166167464e-08 -4.49904257639e-08 -6.86659882335e-09 5.19021085602e-08 -6.30866094454e-08 -4.84590568659e-09 7.63630313199e-08 -4.47679661464e-08 -5.01389018736e-09 5.23136805508e-08 -2.18238877144e-08 -1.8664289619e-08 4.25811385599e-08 -4.6901648101e-08 2.43285844199e-08 3.46363329249e-08 -1.53879097825e-08 -6.47269506141e-09 3.83834324093e-08 -6.13546424855e-08 -1.1719316101e-08 5.0607470933e-08 -6.85489824522e-08 1.83785770439e-09 4.4966874006e-08 -2.17644433122e-08 6.45892045796e-09 3.76484504346e-08 -4.07224902434e-08 1.49274322328e-08 2.66332072839e-08 -3.63089923918e-08 -8.14206320701e-09 4.06650757306e-08 -4.92687494429e-08 1.18780056748e-09 5.85231616649e-08 -2.2318743246e-08 -6.24598531354e-09 5.18881663448e-08 -5.1818873992e-08 2.1335510624e-08 5.30768776468e-08 -4.75351291834e-08 2.30302426453e-09 5.17812779218e-08 -4.61142014762e-08 1.93396799044e-10 4.61223373837e-08 -5.53680477645e-08 -4.79888541898e-09 6.12879118747e-08 -7.54809141964e-08 3.66929313638e-12 7.62599018308e-08 -4.86684730245e-08 2.66795343603e-09 5.10298063444e-08 -4.5811608173e-08 2.86528620553e-08 6.71545675629e-08 -3.26692938135e-08 -1.13606767666e-08 4.64042481483e-08 -1.67785066098e-08 -8.53460658767e-09 2.67085263362e-08 -6.54927188653e-08 4.68221132033e-09 5.41455189586e-08 -4.55244308824e-08 -1.0607405927e-08 4.87531479583e-08 -4.21638013398e-08 -3.67479851034e-09 5.73411695227e-08 -4.96816179348e-08 3.1821109508e-09 5.02131172669e-08 -4.35669959195e-08 1.61520165379e-09 4.16371852255e-08 -4.98444951778e-08 8.34274232036e-09 4.78685765452e-08 -3.18561431692e-08 3.88729976024e-09 2.05679169607e-08 -7.66226379832e-08 -1.02833096877e-09 7.91550700885e-08 -5.5525567901e-08 5.92042692184e-09 3.51300709856e-08 -4.52471474309e-08 -9.59045683509e-09 5.18199308626e-08 -4.09070871022e-08 1.97876641641e-08 3.75050106012e-08 -7.43593405447e-08 1.70996482323e-08 5.33661955571e-08 -4.29032665316e-08 -4.71409141862e-09 6.0356392861e-08 -5.23436091431e-08 -6.13683035704e-09 5.03808366224e-08 -4.722589676e-08 -1.83689436968e-09 4.85892594457e-08 -5.88785744586e-08 -6.12984615127e-09 5.38477713962e-08 -8.04278413551e-08 6.69221013919e-09 7.39938740119e-08 -4.01151204327e-08 -3.61832027022e-09 4.35522631968e-08 -4.39924007713e-08 -1.15287751093e-08 5.00024350001e-08 -6.82403323752e-08 3.38067366035e-09 6.49180038445e-08 -7.48350121023e-08 -5.67285076175e-09 7.41995739434e-08 -9.41680731967e-08 5.68051289399e-09 4.55593309572e-08 -2.26770141976e-08 1.53706615782e-08 3.34795656004e-08 -6.4043450796e-08 7.88517348036e-10 6.09268220379e-08 -7.01626781716e-08 -1.33700831397e-09 7.20250188869e-08 -5.46512925865e-08 5.16151425136e-09 5.3844535323e-08 -2.82510707694e-08 -9.5748000595e-09 2.20212160334e-08 -1.24055910732e-08 -2.16586855177e-09 1.37342008223e-08 -4.50999761224e-08 4.36871906474e-09 5.64363671982e-08 -3.22630683435e-08 -2.81735783277e-09 2.52372015587e-08 -4.99863819937e-08 7.69002938179e-09 6.89677618577e-08 -5.55105456563e-08 6.46065664691e-09 5.32992049807e-08 -5.05809822997e-08 -1.14550214465e-09 4.95298596556e-08 -9.21491764679e-08 -2.9466986556e-09 6.81904299961e-08 -9.33933019025e-08 -6.91094412212e-09 7.7333925103e-08 -1.48917769905e-08 9.20609964159e-10 1.78363281468e-08 -5.24311630014e-08 8.79696115799e-10 5.39059238713e-08 -3.81402571094e-08 -8.71699192978e-09 6.21186968608e-08 -6.14065927786e-08 8.55745023037e-09 4.73130832397e-08 -4.96646857295e-08 3.14445221814e-08 4.75195386259e-08 -7.21532471837e-08 -4.46383863061e-10 7.193718043e-08 -4.8479941262e-08 1.4829734702e-09 5.38751354777e-08 -4.6082194479e-08 -1.38756837974e-09 5.31532109891e-08 -6.69419734256e-08 9.16790979677e-09 5.44522342217e-08 -4.70114062334e-08 2.64969408963e-10 5.30210623915e-08 -5.46806984248e-08 8.93450916594e-09 4.84969362974e-08 -4.79005578488e-08 2.17863334726e-09 4.150837649e-08 -5.08384612617e-08 2.04546464526e-09 5.26187874845e-08 -7.84944573465e-08 -1.9545797014e-09 7.13914535934e-08 -5.46009168338e-08 8.09708925552e-09 5.17733647636e-08 -4.92101423228e-08 2.48706078858e-08 3.57760110637e-08 -6.29940281921e-08 7.3934211398e-09 4.60798309648e-08 -6.79640775539e-08 5.64939463274e-09 5.88939327271e-08 -5.21514064186e-08 -8.57473897239e-09 9.32117889246e-08 -4.81976696019e-08 -2.65492823827e-11 4.97335451477e-08 -5.20018312245e-08 -3.56627355288e-09 8.6548109684e-08 -5.15024272567e-08 -2.26402252901e-09 4.60029498803e-08 -4.43612276923e-08 -4.53127895777e-09 4.55705839228e-08 -2.68168578434e-08 1.97963788474e-08 2.66624617285e-08 -5.48801081069e-08 -3.79135043864e-09 5.61688427336e-08 -4.73158387478e-08 -3.66406990318e-09 4.5787468268e-08 -3.15543822404e-08 3.16486551851e-09 3.05228104409e-08 -2.59708308822e-08 -1.32423363674e-08 3.4447728056e-08 -4.31210681557e-08 -2.9347291231e-09 4.16042376286e-08 -7.09076487947e-08 2.95061808111e-09 6.22820503495e-08 -5.07763689612e-08 4.87295219887e-10 5.3978452276e-08 -2.56039119712e-08 -6.72287857147e-09 2.52403006959e-08 -7.59126408468e-08 -7.58794122844e-09 5.09127264679e-08 -6.18070034769e-08 3.25453371787e-09 4.28518549459e-08 -7.12981223438e-08 -4.5081931311e-09 6.89260203087e-08 -7.99208355594e-08 4.82642339711e-09 4.32143013655e-08 -6.02259667723e-08 -1.78461420392e-09 4.50368095716e-08 -5.60048037227e-08 7.04905334395e-10 4.30479287678e-08 -5.95240936145e-08 -9.4563582231e-09 8.76229926215e-08 -2.05006678616e-08 6.75237464049e-09 3.17126678125e-08 -5.48142291416e-08 1.30240036157e-08 4.5994001795e-08 -4.9263795697e-08 2.04833129848e-08 4.32585349508e-08 -6.13027695274e-08 1.42377545572e-09 7.72137264637e-08 -2.94065236995e-08 1.04401628963e-08 2.93724777692e-08 -5.9296686458e-08 6.05079746251e-09 5.64965730392e-08 -5.86482884419e-08 -6.47015313773e-10 6.09975419957e-08 -2.83127756267e-08 8.31474647207e-09 1.90102658655e-08 -5.56388080718e-08 -3.14619218222e-08 4.90527707631e-08 -3.81645591028e-08 -5.67475047006e-09 3.58084286229e-08 -7.66671878054e-08 -2.3285329995e-09 7.00038551813e-08 -4.51741546644e-08 -2.15997033584e-08 5.03344898666e-08 -1.97145052553e-08 9.63290953347e-11 5.37978991271e-08 -6.67671140006e-08 -2.08229576437e-10 6.81085921839e-08 -4.5473278539e-08 1.28538653345e-08 3.91117811228e-08 -6.48662883766e-08 -3.77014544102e-09 6.90356353206e-08 -4.27632251101e-08 -9.86640345481e-10 5.33499665109e-08 -3.30151871478e-08 4.27366349983e-09 2.7882528642e-08 -5.07472988931e-08 2.5190829669e-09 4.41137351308e-08 -6.06102075584e-08 2.54851052909e-09 6.61174874624e-08 -3.95847450719e-08 3.88209283685e-10 4.42018979133e-08 -5.97228166015e-08 -1.3704492899e-09 5.26049445779e-08 -2.8549086347e-08 1.3731359052e-08 9.1317206686e-08 -2.61421210968e-08 1.26301191566e-09 2.44125490916e-08 -4.72082700751e-08 -8.47084714897e-09 5.16550597025e-08 -7.89228357298e-08 1.40553698819e-08 6.21748713426e-08 -7.34483526477e-08 -3.13701424747e-09 6.30717044199e-08 -4.66040506957e-08 1.92411170898e-08 2.5934049907e-08 -4.5116412182e-08 1.09012524273e-08 5.33709327125e-08 -6.23857923796e-08 -5.36505788034e-09 7.84773710885e-08 -4.77398827018e-08 1.47429862145e-08 1.94227772671e-08 -8.02133509248e-08 -3.97771906519e-09 8.06023647518e-08 -4.94200938886e-08 -1.67912990321e-08 5.35686425075e-08 -5.42935103988e-08 -7.73245998551e-09 5.71807674159e-08 -6.07792729154e-08 4.66196301637e-09 5.36707101684e-08 -4.97463932409e-08 1.31860536446e-09 5.1635111044e-08 -3.18878132679e-08 5.73148075383e-09 3.37016438563e-08 -4.03374088548e-08 5.72446003647e-10 5.50850835091e-08 -7.26735865177e-08 1.68589466858e-09 6.72316170562e-08 -6.824123727e-08 -8.30106805001e-09 8.46961458036e-08 -4.90870876699e-08 1.01743425105e-08 4.3900365849e-08 -5.71414821359e-08 -3.39978990216e-08 5.13132994515e-08 -4.64495300916e-08 -4.42283680738e-10 4.33787528103e-08 -5.80185896589e-08 2.6870013843e-09 4.46546745605e-08 -5.66074100663e-08 -1.14077908056e-09 5.18536319852e-08 -4.93231136613e-08 -9.40657873782e-09 5.6494128368e-08 -5.06959239911e-08 1.16644311084e-08 5.47502096053e-08 -7.12894295564e-08 -7.53257445932e-09 6.84438216204e-08 -5.02522161791e-08 -1.47522044393e-10 6.36634645821e-08 -6.05508865107e-08 -5.03432744817e-09 7.52839772548e-08 -7.44549087265e-08 1.51193223071e-09 6.59336174182e-08 -5.44657762284e-08 2.62171773186e-09 8.73559196488e-08 -7.25870725935e-08 4.33612172661e-09 7.56022898148e-08 -6.17275257034e-08 5.20209554159e-09 6.65559897939e-08 -6.10812841132e-08 -6.27939599101e-09 7.76677792575e-08 -4.73617719357e-08 -8.66257343419e-10 4.52086288468e-08 -1.69391967541e-08 -5.25017006434e-09 3.08533693485e-08 -7.4334482275e-08 -9.60373461794e-09 7.22578554783e-08 -4.84377455751e-08 -1.2360053056e-08 5.43074260844e-08 -7.2609698673e-08 7.07637483895e-09 7.08725066042e-08 -2.88657110589e-08 1.43614295677e-08 1.88818549029e-08 -3.55164440433e-08 2.30300177379e-09 4.82666829707e-08 -4.28005096651e-08 -1.42713826682e-08 6.61448447441e-08 -7.29945457274e-08 -5.3382691244e-09 7.53392895857e-08 -1.70268230794e-08 7.30430735666e-09 1.6231716177e-08 -6.48919489783e-08 2.15149171653e-08 3.63446319995e-08 -6.75110447332e-08 1.23421236522e-08 5.02854337976e-08 -5.36652873425e-08 -6.1858974191e-09 5.39294527802e-08 -6.86261743021e-08 -3.70064537252e-09 7.2551440899e-08 -2.6897454603e-08 -8.92123776036e-09 2.35707148031e-08 -6.19328861583e-08 -5.77667536832e-09 7.61406162993e-08 -3.37318280459e-08 -7.8663153844e-09 3.87381006832e-08 -3.45363833127e-08 8.93097242368e-09 2.17665700279e-08 -3.00968525019e-08 5.57152692204e-09 4.02499646831e-08 -4.18763258851e-08 -5.47468918353e-10 3.39985019783e-08 -4.5870942245e-08 -2.43337173854e-08 5.56579538921e-08 -5.77231189226e-08 6.69926714666e-09 5.4057906614e-08 -5.42670159817e-08 -4.92131740918e-09 5.22922568982e-08 -9.48244364529e-09 -3.32072870579e-09 1.15860498625e-08 -4.97817573312e-08 -7.48703844447e-09 5.0680789472e-08 -5.35761533056e-08 6.77218335183e-10 5.08584492823e-08 -2.19213097723e-08 2.42088144617e-09 2.49816589019e-08 -5.14330424196e-08 -1.30843294825e-09 2.61568022326e-08 -6.21010430765e-08 7.50906914415e-09 5.21051009785e-08 -5.56141889652e-08 1.17102215637e-08 5.19949011042e-08 -4.73417072628e-08 8.53570588577e-09 3.81152390153e-08 -5.03117773281e-08 3.15061072544e-08 5.43214247935e-08 -5.09939331616e-08 -3.21322148813e-10 5.63728020124e-08 -4.57565786718e-08 -4.09920351827e-10 5.70657771241e-08 -2.99023319399e-08 -2.88779412363e-09 3.54123139299e-08 -5.53005048793e-08 -1.83917057896e-09 5.05614039717e-08 -2.57974801823e-08 -2.56826651851e-09 2.94408146706e-08 -4.33586413975e-08 1.37776377286e-09 2.13524711012e-08 -5.5020092072e-08 7.61452845512e-09 1.86602770277e-08 -7.32188466466e-08 1.02496848917e-08 6.95142506375e-08 -6.37345334429e-08 2.03339672288e-09 6.9037443834e-08 -5.00741347555e-08 -3.28917338211e-09 5.44142005661e-08 -5.67495037162e-08 8.31162790139e-10 4.91464198493e-08 -2.74670597104e-08 -1.28358516418e-08 7.20558849892e-08 -6.02691660457e-08 8.30488173563e-09 3.77000747666e-08 -5.76121775429e-08 -4.39560455044e-09 5.7096600225e-08 -7.36462817944e-08 2.72347470739e-09 7.26357199762e-08 -6.4731070198e-08 1.10083221839e-08 4.49888976232e-08 -2.70088557677e-08 -9.19954304267e-09 3.32999322434e-08 -4.82598146751e-08 6.61901221415e-10 4.68515553759e-08 -4.91323859722e-08 2.11294115026e-08 4.3758745517e-08 -5.31435037741e-08 4.19186278698e-10 5.12140813093e-08 -2.99628078665e-08 1.58296625351e-08 3.30697992378e-08 -2.63425133373e-08 1.20841403881e-09 2.50849731636e-08 -6.26885473914e-08 2.40581562048e-09 5.24749621465e-08 -4.41231224762e-08 -1.98436740184e-09 5.92331183457e-08 -4.71851989701e-08 -1.96867435334e-09 4.95720762505e-08 -4.79405206559e-08 9.15997182782e-09 4.28101696246e-08 -5.19662261949e-08 -1.21596858561e-08 5.38268181613e-08 -3.77530629959e-08 -6.38170778603e-09 4.85136610616e-08 -5.13326450679e-08 -6.07997733026e-09 4.86317580898e-08 -4.16842263033e-08 -6.81638569913e-09 4.10435329851e-08 -5.14412258701e-08 1.25377887251e-08 4.47224409159e-08 -3.47654057458e-08 3.10033850543e-08 3.81925998511e-08 -3.04199220939e-08 4.94075448062e-09 2.57367515292e-08 -7.76310650746e-08 1.20231115404e-08 6.14547603551e-08 -7.95642585004e-08 1.71466280859e-08 6.75460591976e-08 -6.78293462464e-08 3.80000527545e-10 6.80428523488e-08 -6.77181942126e-08 -1.46422580223e-08 7.98896549955e-08 -7.59155695411e-08 -7.75134561793e-09 8.14838889049e-08 -7.50457103115e-08 -6.8230166221e-10 7.69912950177e-08 -7.59468356196e-08 1.00070382115e-09 6.80866250736e-08 -4.66310634157e-08 1.04687208219e-08 2.4318655394e-08 -5.35942169695e-08 -3.08064968463e-09 5.35708170821e-08 -3.38093136686e-08 -1.31746931435e-08 3.30783789356e-08 -4.97690207528e-08 -3.80844109435e-09 4.88546946534e-08 -5.83593165996e-08 2.49517818115e-08 4.25643273974e-08 -5.52356886303e-08 4.89880696906e-09 5.32553490061e-08 -2.5940975176e-08 2.53565532785e-09 1.63390512328e-08 -4.48300844855e-08 -5.08504933589e-09 5.40568992299e-08 -1.25263363392e-08 -3.31101646658e-10 2.61052369518e-08 -4.80764638452e-08 -1.1833015419e-09 5.84698163315e-08 -4.33442576175e-08 9.38898038616e-09 4.35581915508e-08 -7.39594911348e-08 -2.017726495e-10 6.82849094249e-08 -6.94839762673e-08 -7.42444649506e-10 7.43905298021e-08 -7.48475049449e-08 6.04205096843e-10 7.25312427925e-08 -2.75500011475e-08 4.2158964876e-09 1.86763698192e-08 -6.52046490853e-08 2.36002271535e-09 5.84513576294e-08 -6.9234962517e-08 -4.62992908796e-10 7.21341198109e-08 -4.60862101144e-08 5.01336217079e-09 5.47163096356e-08 -6.6029406583e-08 2.67232825753e-09 6.31736758743e-08 -1.91105090831e-08 -1.24782982624e-08 1.92798520458e-08 -2.58107888515e-08 -1.39257950912e-09 2.36884394631e-08 -5.6875790637e-08 1.63563073374e-09 4.50760674674e-08 -5.67764890022e-08 -7.23079527601e-09 3.78125538921e-08 -6.927859156e-08 5.01436265812e-09 6.1127506449e-08 -5.32213116009e-08 1.58189849873e-09 4.56734908129e-08 -3.80534758111e-08 7.04446044411e-09 2.46680980874e-08 -4.98925619319e-08 9.76021264515e-09 5.39927222515e-08 -3.87424449716e-08 -8.66976774762e-09 4.87025730783e-08 -5.81183501937e-08 1.03710030464e-09 5.42499868078e-08 -4.00876468917e-08 -2.47157658946e-09 5.51543053786e-08 -8.54467659963e-08 8.07403904014e-10 8.46129906833e-08 -4.31452115244e-08 -3.88751391413e-09 5.51616864741e-08 -6.07226111727e-08 1.06681537125e-08 5.26188244279e-08 -1.85575141074e-08 -3.22272222464e-09 6.20687724624e-08 -3.52186383528e-08 9.64829840789e-09 3.22528871051e-08 -6.22554020991e-08 1.01029114598e-08 3.90510943212e-08 -4.94979971338e-08 1.77022993946e-08 3.76010406297e-08 -4.79075568898e-08 -5.80107451851e-09 3.77413956583e-08 -4.59548359723e-08 4.83348345474e-09 5.75417887443e-08 -4.57136549517e-08 -1.22114196297e-09 4.97492327079e-08 -5.31921194823e-08 9.86885740324e-09 5.85406024812e-08 -6.40957906513e-08 6.54472461819e-09 7.06453903129e-08 -3.08708775096e-08 4.82437799198e-09 2.55598014051e-08 -4.80706019023e-08 -4.98136135187e-09 4.61395800909e-08 -4.28703504833e-08 -3.2932263847e-09 4.33879078827e-08 -5.50547945916e-08 -3.39165503489e-09 5.0689040958e-08 -4.67636442931e-08 1.01443338037e-08 5.23434979035e-08 -3.28014877526e-08 3.55881850287e-09 3.08522546121e-08 -5.14663365407e-08 -4.42600854672e-09 5.33482138724e-08 -4.45851962853e-08 0 4.43373871894e-08 -6.47517396989e-08 2.34803161888e-09 6.00715948307e-08 -2.74778999648e-08 6.10836940206e-10 2.37145871658e-08 -5.70604838488e-08 3.53227210855e-09 4.73302488703e-08 -2.34877149496e-08 -6.44913926192e-09 2.57255208e-08 -8.14035485348e-08 -6.44875724008e-09 1.78579908202e-08 -7.69690114274e-08 1.49280402943e-10 7.37824735123e-08 -7.09313556674e-08 4.35323368584e-10 6.9779281874e-08 -4.24490146045e-08 -1.06206512053e-08 6.28520802017e-08 -5.91466439492e-08 -4.18824436773e-09 6.85587520378e-08 -7.36718121993e-08 -3.36473805078e-09 7.03099211602e-08 -1.72118309735e-08 -1.32548283361e-08 2.44413521875e-08 -4.60962807135e-08 2.37794166769e-10 5.18091574102e-08 -4.81240627783e-08 -2.05267140188e-08 5.28268663593e-08 -5.63833944746e-08 6.66465187253e-10 4.65326224616e-08 -7.24196851612e-08 -7.53916139106e-10 7.50593683365e-08 -5.71178830006e-08 -2.01452165666e-08 5.24060760857e-08 -6.61009855978e-08 -1.93524491764e-09 7.96285794232e-08 -4.82065993517e-08 2.4701582776e-09 4.55304538229e-08 -5.07223694157e-08 -9.1331576077e-09 5.22032835884e-08 -6.03766600973e-08 -4.31306986986e-09 7.11920644134e-08 -4.50138280389e-08 -8.17079755662e-09 4.74763766718e-08 -5.30959103894e-08 -7.25271191812e-10 4.67283204135e-08 -4.7048116956e-08 9.71624433096e-09 4.55563040299e-08 -7.29619952915e-08 -1.19660884619e-08 6.93749041753e-08 -3.46764866818e-08 4.38300535219e-09 2.45965782498e-08 -7.78998945291e-08 -1.3150983903e-09 7.01787442653e-08 -3.63186136164e-08 1.00965585104e-08 2.98291792714e-08 -6.61479923637e-08 3.76344331926e-09 5.4723686481e-08 -4.53923193304e-08 -1.87282777359e-08 4.85728116816e-08 -5.44188228702e-08 6.95503928805e-09 5.23570258543e-08 -5.78074836928e-08 1.90842098615e-09 4.48093716464e-08 -5.26338824795e-08 9.66339079875e-09 4.22722169402e-08 -2.74517448334e-08 -2.67343984428e-09 3.05090380187e-08 -3.62356056499e-08 -5.37655217569e-09 2.28474587166e-08 -4.93242278594e-08 -1.20778802184e-08 8.4729814285e-08 -4.88977945848e-08 -7.10858384149e-09 6.29185393948e-08 -4.23052975985e-08 1.22373498276e-08 3.90894830542e-08 -7.74341504251e-08 9.67726862907e-09 6.96829671662e-08 -2.23030620619e-08 -3.35751064929e-09 1.39302394322e-08 -3.37569106564e-08 -2.61974764285e-08 3.53438938829e-08 -4.24829479009e-08 -1.20249319478e-08 4.27813357668e-08 -4.74560345745e-08 -1.30168542517e-08 6.14806960483e-08 -9.04386020617e-08 -6.18387283808e-10 6.41646394044e-08 -4.14269006642e-08 -2.31902595909e-08 5.26907495775e-08 -3.4730531347e-08 8.61450405999e-11 3.56470560138e-08 -2.04615859155e-08 -2.42192567093e-09 2.9640832604e-08 -6.28725983398e-08 7.79190075917e-09 4.86243685209e-08 -1.45446187869e-08 1.0590710364e-09 1.56622173171e-08 -4.71108332098e-08 -1.13852684749e-08 4.55720382293e-08 -4.37642479535e-08 -2.95808062613e-09 5.83630971838e-08 -4.76221083113e-08 -6.85493380797e-09 5.33114530894e-08 -5.36420579307e-08 -3.18450303299e-08 6.49341200536e-08 -3.29528155405e-08 -1.95117365808e-08 2.87555445094e-08 -3.82535883836e-08 3.89210652553e-09 5.00988486267e-08 -5.25512608497e-08 -2.05624694144e-08 5.26209432775e-08 -1.96732780732e-08 0 2.13992331516e-08 -7.67231376177e-08 1.09036355653e-09 7.10161129795e-08 -5.66960924917e-08 1.22278298993e-08 4.80293407702e-08 -2.86010641315e-08 -4.24124776259e-09 2.88995451983e-08 -7.12639139834e-08 -1.50428904371e-08 7.18190628401e-08 -3.55436261206e-08 -9.87765527459e-10 3.72969074476e-08 -5.61246948661e-08 4.98840986848e-09 5.08023881695e-08 -5.28447330449e-08 1.16964764122e-08 3.53051732777e-08 -7.57816453597e-08 1.48850277115e-08 5.35468201904e-08 -7.16218708858e-08 1.31705935559e-09 6.73071254695e-08 -6.33884282868e-08 -1.51196908593e-08 6.93934856382e-08 -4.06984367655e-08 4.73328009587e-09 4.564830477e-08 -4.99558124406e-08 5.90655341151e-09 3.45090101881e-08 -4.21648991979e-08 -2.78162083135e-09 4.908911822e-08 -7.54712730635e-08 -3.81185320079e-11 7.11207691696e-08 -5.69497710099e-08 7.91810350735e-10 6.00346826231e-08 -4.79003233855e-08 1.22624335474e-09 4.90617276815e-08 -5.43227220382e-08 9.0374353588e-09 4.27158969239e-08 -4.75199965764e-09 -2.26186755262e-09 8.07704152182e-09 -5.27232913676e-08 -1.83955011072e-09 4.27560197468e-08 -5.32489647652e-08 -2.7058121771e-09 4.75630402263e-08 -6.27514364176e-08 3.67379579457e-09 4.92257777411e-08 -3.05624232837e-08 -5.45827763531e-09 3.84723952393e-08 -4.43374436868e-08 -8.70738249931e-09 7.96932480323e-08 -5.92245977121e-08 -1.29732659155e-09 4.69992433766e-08 -4.7530518454e-08 7.48507972018e-09 5.00440975887e-08 -7.61829849815e-08 4.39910819788e-09 7.54431804368e-08 -2.74357214957e-08 1.42823953967e-08 2.14112083657e-08 -4.57064677151e-08 -3.22127452127e-08 4.94907605682e-08 -1.58770913534e-08 4.39376766434e-09 1.51064011095e-08 -4.47030983133e-08 1.36471720851e-10 4.0316489649e-08 -6.60275939599e-08 -2.08519381507e-08 8.50753006749e-08 -6.01234300968e-08 -8.96200998641e-09 6.56622973431e-08 -5.04161068949e-08 -1.28314783294e-09 5.18165254482e-08 -4.43560121784e-08 -5.60632285666e-09 4.89248658081e-08 -6.64931840005e-08 8.6746538998e-09 2.3560401044e-08 -5.49217847391e-08 -5.70284032813e-09 4.72247608035e-08 -4.48428110381e-08 -5.20772787431e-10 5.46936002615e-08 -5.13072750856e-08 4.10818836992e-09 5.54767877362e-08 -6.51886146665e-08 -8.75892449009e-09 7.16629858875e-08 -3.11699276469e-08 4.63446823759e-09 2.92434761662e-08 -5.26806688057e-08 -7.93511627394e-09 5.99027851402e-08 -6.14627537443e-08 6.1169908298e-09 4.32266747487e-08 -6.42870175001e-08 -9.27625276082e-09 7.74405125546e-08 -7.38653504655e-08 1.05652639446e-08 5.53380166218e-08 -2.74784280028e-08 1.98204255657e-09 4.31513614283e-08 -4.09020340149e-08 -2.79698957624e-09 3.85358443505e-08 -3.83225318378e-08 -6.63242851308e-09 6.01354911151e-08 -4.60669455646e-08 1.21066822019e-09 4.49095198166e-08 -6.54921320556e-08 -2.53191872586e-09 5.78442544766e-08 -5.93203258359e-08 -8.18059555813e-09 8.35560879616e-08 -3.01858327732e-08 -1.81645908377e-09 4.80355585583e-08 -4.70689851067e-08 2.90183522849e-09 4.88506357447e-08 -2.68105326365e-08 -2.58295434385e-09 1.8409622257e-08 -5.02701574382e-08 1.67020858173e-09 5.40836385698e-08 -6.66532607826e-08 5.22664446642e-09 4.14098650956e-08 -5.38425779546e-08 -6.71689144041e-09 5.76810479349e-08 -5.35597431494e-08 -1.53871544074e-09 6.26219807576e-08 -7.20601574644e-08 -2.10859142496e-09 7.64605558985e-08 -6.78849580787e-08 6.544645253e-10 7.24880538375e-08 -1.64099185988e-08 -2.2514076844e-09 2.06997633601e-08 -6.90548224205e-08 1.29573036993e-08 4.63297960738e-08 -2.54251835085e-08 -4.44035868007e-09 3.24839386031e-08 -4.55325985997e-08 -6.65601219533e-09 4.77361427445e-08 -7.0382148822e-08 -1.92944054853e-09 7.50352191627e-08 -7.09362144502e-08 -8.70556805574e-11 7.87463667702e-08 -3.95665847442e-08 -1.75706951597e-09 3.75577021506e-08 -4.46937770606e-08 2.20664008966e-09 5.20514152407e-08 -4.63598978243e-08 -8.11037293172e-09 4.95289923378e-08 -7.419334646e-08 2.34544387056e-09 7.1427636937e-08 -4.81398990275e-08 -4.88906696492e-09 5.6018483767e-08 -2.80615111462e-08 -1.23191292083e-08 3.51597326494e-08 -7.20359011695e-08 -9.35336013071e-09 7.83151254141e-08 -4.55002288215e-08 -6.75570429024e-09 5.63897654349e-08 -4.10006200678e-08 -7.65091670117e-10 4.30446402161e-08 -8.56523929579e-08 7.25286423915e-09 6.92581843516e-08 -4.21123814585e-08 7.11145727768e-10 4.36983160672e-08 -2.78495083996e-08 6.25709426762e-09 2.47918618139e-08 -6.66935806796e-08 5.11380526609e-10 6.34723501854e-08 -7.31252275779e-08 5.162310999e-09 5.37572662139e-08 -4.99402965276e-08 3.30381885637e-09 5.19546937932e-08 -3.22793194529e-08 1.75908861154e-08 2.24497785491e-08 -5.68110956355e-08 -7.29106508332e-09 8.32988005508e-08 -5.17077855825e-08 -6.55797519891e-09 5.1203957792e-08 -6.37988296138e-08 7.18428531784e-09 4.6169037253e-08 -8.20356828633e-08 5.42945754876e-09 7.6066299137e-08 -3.42392194597e-08 1.67254926102e-08 2.15945273759e-08 -3.59865034052e-08 2.34555782619e-08 6.21595657243e-08 -5.48828924478e-08 -1.54225824586e-08 7.64523606895e-08 -4.38840847195e-08 1.39114526162e-08 3.4819069446e-08 -4.27628286961e-08 -8.77461490296e-09 4.52972814646e-08 -4.61750298854e-08 -1.63898954166e-09 4.69940217835e-08 -5.31499856983e-08 3.60596638502e-09 4.14432977278e-08 -4.85946177964e-08 7.02588738133e-09 3.14432988793e-08 -5.05890814797e-08 -3.50177429339e-09 5.77731342146e-08 -1.44656148656e-08 -2.04940413722e-09 4.07956987454e-09 -5.73914263595e-08 -3.87307095728e-10 6.22868652619e-08 -2.00422681247e-08 1.17889430641e-09 3.93308746005e-08 -5.50697980603e-08 8.57087979184e-09 4.59754469976e-08 -8.08566597371e-08 4.80900592109e-09 7.06652896286e-08 -8.41963409625e-08 9.82042666755e-09 6.63790417292e-08 -1.76267669217e-08 -3.45437436966e-09 2.65881151313e-08 -4.68392142511e-08 -9.29675512104e-09 6.65160557847e-08 -7.29396730229e-08 1.46861591881e-08 6.14570346977e-08 -1.45792352651e-08 -1.67566114277e-09 2.63879185156e-08 -2.43168400456e-08 2.45077230264e-09 2.74816934646e-08 -5.85591539916e-08 -1.57261915313e-08 7.21983954103e-08 -5.65117973134e-08 3.77086330849e-09 5.34239545931e-08 -7.13322496635e-08 1.66054454754e-08 6.94688715256e-08 -4.30668096893e-08 1.06159277056e-09 5.43140172326e-08 -3.5401921329e-08 1.88230776032e-09 3.99433342616e-08 -1.98337945353e-08 -2.13461390412e-09 3.23089954722e-08 -7.65774749248e-08 4.9224222377e-09 6.08692934209e-08 -5.82844240874e-08 -5.24780108681e-09 7.18476460219e-08 -4.09565794118e-08 -4.41571375005e-09 4.93343132877e-08 -5.11393520529e-08 5.3130164231e-09 1.64059560267e-08 -4.62952320764e-08 -1.02848940048e-09 4.75517759602e-08 -4.90813934224e-08 -1.41673513481e-09 4.12633692751e-08 -7.26218672406e-08 7.16936516428e-09 6.94102170967e-08 -5.57345225127e-08 2.7942542709e-09 5.599902034e-08 -3.04762330534e-08 6.13892238017e-09 3.17006749948e-08 -5.77905441466e-08 -8.82178428608e-09 7.34852365349e-08 -7.20094466573e-08 1.36362290139e-08 6.59376322123e-08 -5.50710381595e-08 3.56556781804e-09 5.03873857171e-08 -4.22776508319e-08 -6.92817162196e-09 2.5822221053e-08 -4.38720354228e-08 1.62030220976e-08 4.2077244881e-08 -7.488799658e-08 3.15023892151e-09 7.34430128415e-08 -3.12551288138e-08 -2.20458104028e-08 5.3902519071e-08 -7.81463850092e-08 -1.66450372901e-09 7.59061589844e-08 -3.28091024353e-08 -1.91168356133e-09 2.16341402114e-08 -3.80323736132e-08 -1.03172280325e-08 3.83277983371e-08 -7.38049220937e-08 -3.16110312155e-09 7.25142152032e-08 -4.46988859759e-08 1.35573047266e-09 4.76957320519e-08 -4.97143877566e-08 2.34579152244e-09 4.38753300453e-08 -7.71721957179e-08 6.58680728411e-09 7.09247548576e-08 -4.79027635238e-08 -2.78938944939e-09 4.41504392656e-08 -2.86089990886e-08 -1.98075562076e-09 1.9115047801e-08 -5.30328402222e-08 3.33849218422e-09 4.79656548539e-08 -2.6477326319e-08 -5.17375323764e-10 2.80881848646e-08 -6.61333025269e-08 1.25831328006e-08 4.49636385653e-08 -1.93219871233e-08 -2.84630734712e-09 2.67536129259e-08 -5.62613475891e-08 4.94942625913e-09 5.15483617214e-08 -2.3915848755e-08 -1.19146083071e-08 3.10978431655e-08 -3.52660316503e-08 -1.34320461501e-08 3.79415963582e-08 -4.65018618549e-08 9.79825091918e-09 5.42617324963e-08 -5.18668481967e-08 7.87576681665e-10 5.03548536071e-08 -6.94659749535e-08 3.17105960562e-10 7.2605742896e-08 -7.67366691616e-08 3.03117434833e-09 7.66338845707e-08 -5.41841463769e-08 2.82131088474e-09 4.58894222411e-08 -7.61009516551e-08 1.31717151848e-10 7.50621325547e-08 -7.51489838488e-08 1.82429420896e-09 6.24317939937e-08 -5.26693027431e-08 3.02626918974e-09 5.51572816809e-08 -5.43109869968e-08 6.11036829405e-09 1.76926834366e-08 -3.92283621123e-08 -1.19144795923e-09 3.79855775977e-08 -4.17618721677e-08 -1.96680223565e-09 2.87564961293e-08 -5.14107627896e-08 -3.07887353775e-09 4.46956906013e-08 -4.51613352605e-08 5.5163328007e-09 2.21042479338e-08 -4.94101834474e-08 -6.13092123634e-09 4.98828831609e-08 -7.20347749462e-08 -7.99330664721e-09 7.31318068913e-08 -7.07867182069e-08 -1.99544707716e-09 7.28444778357e-08 -3.78876799296e-08 1.72836174674e-08 2.17240742194e-08 -3.46883434269e-08 -5.00708160572e-09 1.57775261882e-08 -7.4433616934e-08 -7.74778399057e-09 3.45141540755e-08 -4.53490923534e-08 -6.40391426269e-09 4.79252589181e-08 -7.11045878999e-08 -4.68054943502e-09 8.57979005711e-08 -4.51197710958e-08 2.31230127099e-09 4.19965204619e-08 -1.95273131507e-08 3.81247473603e-09 3.52233814496e-08 -5.7027653941e-08 8.51683215322e-09 5.69846790347e-08 -5.85802184725e-08 4.91155685793e-09 4.37845029008e-08 -5.14162550915e-08 -7.53638552195e-09 3.98734394373e-08 -4.55688853337e-08 -8.87635112214e-09 5.13015623483e-08 -4.61413556312e-08 1.12689469676e-08 4.32639406635e-08 -6.11021213692e-08 -9.5764936137e-09 7.55006654426e-08 -4.65586062693e-08 4.13626803554e-09 4.99578311624e-08 -3.05639414507e-08 3.39959666158e-09 2.7162397688e-08 -5.00570185067e-08 -1.59914008908e-08 3.30095368368e-08 -5.33097495969e-08 -4.76314909413e-09 4.25526915414e-08 -3.46230503642e-08 1.75547901829e-08 2.35926022586e-08 -2.19701337356e-08 5.13959486747e-09 2.84269918754e-08 -4.72948932706e-08 1.21968496906e-09 5.47109729294e-08 -6.99207938488e-08 1.02514153219e-08 5.9075615732e-08 -7.12407116948e-08 -6.21204959403e-09 6.72451341625e-08 -5.72711176553e-08 1.11843125395e-09 4.77537056217e-08 -6.39296176609e-08 2.21694650848e-09 7.08884645767e-08 -2.62847584087e-08 1.011977229e-08 3.18456572221e-08 -4.20108150402e-08 1.24032304715e-08 3.61843910853e-08 -4.79488682936e-08 -2.37588009118e-09 5.00276476517e-08 -4.78831893651e-08 5.34725894689e-09 4.701213669e-08 -7.76605549679e-08 -3.91872206499e-09 7.64335056362e-08 -6.43931688944e-08 -5.68286249844e-10 5.85653330735e-08 -4.80230516345e-08 -9.87759117591e-09 5.4872366888e-08 -4.09012690729e-08 -6.93324799085e-09 3.90694584163e-08 -6.59264742742e-08 -8.89484015536e-09 7.20031935133e-08 -7.19572080215e-08 -2.86283646713e-10 6.97754218765e-08 -6.85109714451e-08 -8.92853928457e-09 7.55367803539e-08 -4.46693931879e-08 -2.45115936388e-08 4.76158385749e-08 -4.82234609072e-08 -1.90792333628e-09 4.69385507837e-08 -4.48688167496e-08 -6.19437165729e-09 4.51870725632e-08 -4.16785148688e-08 -1.36270508199e-08 4.34037704888e-08 -2.82038458681e-08 4.72449391499e-10 2.62667213487e-08 -7.42516067939e-08 -2.06715679612e-09 7.24795894276e-08 -7.6891273035e-08 -2.51585117084e-09 7.77814849679e-08 -6.75761870534e-08 -2.3256148947e-09 7.50825501297e-08 -4.60440756266e-08 1.19729112054e-08 2.7319832156e-08 -5.39359396784e-08 8.17711556082e-09 4.83930027073e-08 -7.00156169465e-08 9.33116824179e-09 6.03501708514e-08 -7.3085825084e-08 4.40959310856e-09 6.43108486712e-08 -7.48162731988e-08 2.0997180191e-10 7.65987162319e-08 -4.90520289365e-08 -2.28592662478e-08 3.91056617267e-08 -8.13807522658e-08 1.18961961505e-08 6.47435413583e-08 -5.07654529654e-08 -9.7647027827e-09 6.63920963054e-08 -1.58973163356e-08 3.24214852754e-09 2.81845018835e-08 -8.22264397203e-08 3.01072866664e-09 7.20758093981e-08 -1.16256355188e-08 -1.12252078841e-09 4.62592320316e-09 -3.54186717043e-08 -8.06217311511e-09 2.20940571325e-08 -6.25025924362e-08 -4.33795177496e-09 7.74479595179e-08 -2.56241119314e-08 -1.02504506509e-08 3.338983907e-08 -7.46162318668e-08 -2.84274044132e-09 7.96221191224e-08 -3.07602122215e-08 1.96964877499e-08 4.26196878291e-08 -4.5463120152e-08 -5.13373138685e-09 4.70982805874e-08 -7.44553097168e-08 3.49239814535e-09 8.20194219519e-08 -5.51636445202e-08 1.23189834812e-08 4.83624946678e-08 -7.72429545683e-08 -2.48988784577e-09 8.15261226859e-08 -5.07149524435e-08 -1.68745756055e-09 5.58635025666e-08 -3.85100835875e-09 -1.85963757557e-09 3.71722238768e-08 -2.55623599889e-08 -1.13917754748e-09 1.15546153046e-08 -4.78206122378e-08 8.6678507186e-09 4.68995277964e-08 -5.29244475088e-08 3.49528481576e-09 5.12693415684e-08 -4.95210558289e-08 -1.02302354264e-08 4.71415819868e-08 -7.68481407479e-08 -3.24572868912e-09 7.7710788769e-08 -4.51912735824e-08 -1.25028463749e-08 4.92862304059e-08 -6.01961056938e-08 1.68659829591e-09 4.08898684644e-08 -1.09079155708e-08 3.1923028215e-09 9.1560795295e-09 -5.24355285651e-08 -3.17218998472e-08 6.10572164663e-08 -6.03679275827e-08 -3.38377841445e-09 5.35801223715e-08 -2.86806091799e-08 -1.79625308931e-10 4.05864973201e-08 -6.92807807089e-08 -1.38982661142e-09 6.38416754882e-08 -4.95169993319e-08 8.03562381073e-10 5.08813039694e-08 -6.27247636278e-08 5.96956257247e-09 4.76938728832e-08 -3.98757152759e-08 9.81105913057e-09 5.17001391898e-08 -9.11564791693e-08 1.03205031629e-08 5.49226407909e-08 -4.33926720322e-08 -1.32558199937e-08 5.04736196805e-08 -3.22271896824e-08 -1.2394997427e-08 3.95285165931e-08 -2.39813240104e-08 -1.79148234275e-08 4.07176366129e-08 -5.81984488075e-08 5.69923623537e-09 3.78428126477e-08 -2.76421435763e-08 3.90064279208e-09 2.20360911246e-08 -5.07264418756e-08 1.31952174754e-09 4.21368359731e-08 -5.46536693378e-08 -7.01073251807e-09 5.05215577499e-08 -5.35155431302e-08 6.91764710935e-10 4.67104913509e-08 -2.39735170501e-08 -5.66871047115e-09 2.85750192583e-08 -6.54197625691e-08 6.10757928372e-09 4.9074920887e-08 -6.96911135084e-08 6.29084899264e-09 6.30888857546e-08 -6.93525165387e-08 -3.64966902865e-09 8.08588869498e-08 -5.19760262033e-08 -1.93155131215e-08 5.27271920387e-08 -5.92517911862e-08 -1.43623438366e-08 7.72527724621e-08 -5.78967585278e-08 5.74810567746e-10 4.33349379908e-08 -6.49606189997e-08 -1.51166494017e-09 7.35172641587e-08 -7.84154034032e-09 6.20297356043e-10 2.78076880187e-08 -6.83965708109e-08 9.19522302443e-11 7.87529864645e-08 -7.65707866779e-08 1.92676358681e-09 5.29242879997e-08 -4.78885157806e-08 -1.62655098956e-08 6.18005416496e-08 -6.22833630632e-08 -7.9124014736e-09 5.50176953355e-08 -7.41790945928e-08 -5.69553770701e-09 8.83927957157e-08 -6.62253630123e-08 -1.84989805643e-08 8.13683613705e-08 -1.74826108683e-08 -1.24217572488e-08 2.59317885779e-08 -5.21232517843e-08 1.09309380637e-08 4.94546974785e-08 -3.96923448364e-08 4.73914037667e-09 3.25105638528e-08 -2.04090276844e-08 -3.08334915553e-09 2.542797176e-08 -5.01904950935e-08 1.85944251624e-08 3.87372686554e-08 -2.15328192094e-08 -3.2347975721e-10 3.29386479256e-08 -5.69930186438e-08 -5.97468504792e-09 4.59040604966e-08 -2.29512472018e-08 -1.74775390798e-09 2.23141597056e-08 -4.68374461351e-08 -9.94157511223e-10 4.6162507203e-08 -2.84879965557e-08 -1.04397531098e-08 3.44735042077e-08 -5.22376683927e-09 1.21489504116e-11 9.37766763714e-09 -6.65239638961e-08 1.22084696132e-08 4.67076087798e-08 -4.48014498899e-08 -9.40313479307e-09 5.45049935101e-08 -2.49165872292e-08 -1.08523557174e-09 2.22070773082e-08 -7.76354750149e-08 -4.13461121356e-09 8.33178414376e-08 -3.61975963976e-08 -6.62626290868e-09 5.78724480353e-08 -7.49538084248e-08 -2.56637866933e-09 7.67780670507e-08 -7.86741971596e-08 6.13733984914e-09 7.30679783399e-08 -6.33236346655e-08 9.31640995353e-09 4.52988500018e-08 -1.67569089526e-08 -2.29816378627e-09 1.66957417304e-08 -6.56069659636e-08 -5.07609865312e-09 7.76110996464e-08 -3.57600976238e-08 1.02863763726e-08 2.01058776566e-08 -7.61190932643e-08 5.48017110627e-09 7.01288670751e-08 -6.89862691196e-08 -1.15886583186e-08 8.18966430378e-08 -6.11384926252e-08 -7.29911318046e-10 1.37632708692e-08 -5.17045044488e-08 1.7819463319e-08 3.92537716355e-08 -5.5243904321e-08 -2.60932644682e-09 3.94865679326e-08 -1.60175158318e-08 1.03458757592e-09 1.34829241113e-08 -5.99857079189e-08 5.58386537567e-09 5.30958483843e-08 -5.02317970812e-08 8.84744113081e-09 3.32643870355e-08 -8.65397986066e-09 9.45432122966e-11 2.06234722359e-08 -2.4057018594e-08 2.06308092297e-09 1.71435819309e-08 -5.41326758858e-08 6.66174218841e-10 5.24801471023e-08 -4.22012838158e-08 4.47858249189e-10 4.78625466744e-08 -5.63262353622e-08 -1.03836145148e-08 6.88816228147e-08 -5.91131585875e-08 3.10520283997e-09 4.91879952625e-08 -3.06936085283e-08 6.33256403868e-09 1.6988441415e-08 -4.01060685825e-08 2.03514761964e-08 4.80940951492e-08 -3.34438707136e-08 6.16515015214e-09 4.80434010702e-08 -7.78507293341e-08 1.57364675213e-09 7.49497235449e-08 -7.40046942054e-08 -2.94065695433e-10 7.09279705644e-08 -7.61308921145e-08 1.41717897826e-09 7.24616534341e-08 -2.24953440099e-08 9.34872505428e-09 2.13661928267e-08 -7.49515783106e-08 1.06574892077e-08 6.39249284443e-08 -4.45324748091e-08 2.89989526125e-09 4.37902290633e-08 -6.20491319565e-08 -5.27834422322e-09 8.38851851534e-08 -4.25103240966e-08 -6.51654823626e-09 5.70629863591e-08 -6.66635204335e-08 -1.30264036264e-08 7.41911389627e-08 -4.11400913701e-08 2.28154812523e-09 5.19823849339e-08 -5.16279123395e-08 -3.9144808864e-09 4.96723483165e-08 -2.67896219235e-08 2.10938329921e-08 4.68649152458e-08 -4.69298390384e-08 6.94935745827e-09 4.897153564e-08 -3.34356461289e-08 -1.45835296801e-09 3.86843795765e-08 -6.82618452882e-08 -1.45190504416e-08 7.66469477098e-08 -7.35564063911e-08 -5.34770720446e-09 8.61124409445e-08 -5.26854912862e-08 -9.01578152673e-09 6.87052143503e-08 -4.58241315457e-08 5.11873090561e-09 5.48130715807e-08 -3.87957955045e-08 -2.75522588139e-09 4.13538976739e-08 -8.02869723389e-08 6.30293345292e-09 5.96888228615e-08 -6.19193878792e-08 8.06770591947e-09 5.88109212794e-08 -5.53965782262e-08 -1.12580407635e-08 7.63146603627e-08 -7.12230993794e-08 7.58682118563e-11 6.4158425915e-08 -6.95383956959e-08 -2.1675858232e-09 7.54584632111e-08 -4.80780110829e-08 1.71882869844e-08 4.98842148004e-08 -5.85657961541e-08 -1.87580799813e-09 5.73639052803e-08 -3.98250292347e-08 -7.30235125209e-09 4.30752346389e-08 -8.17338324011e-08 8.47725609429e-09 4.70569429779e-08 -5.70757693854e-08 -4.22129373109e-09 7.41266196459e-08 -7.22121145379e-08 9.57408712263e-10 7.13338681447e-08 -5.99838053787e-08 5.38522194921e-09 4.33772954654e-08 -6.45149959075e-08 -1.97237684817e-09 2.79853735003e-08 -7.5377545941e-08 5.45807251632e-10 8.1466902138e-08 -4.29121391632e-08 -7.60444093567e-09 4.9447186129e-08 -3.73383085535e-08 2.26299638363e-08 4.16531614944e-08 -4.24311506264e-08 -6.75630618488e-10 3.88131441036e-08 -6.78228248388e-08 -5.52008865778e-09 6.96453422031e-08 -5.26397418636e-08 1.43735064114e-09 5.07362232443e-08 -4.59726134523e-08 -2.17113452451e-09 5.44605079745e-08 -2.22608866994e-08 5.75315763263e-10 2.58322579313e-08 -5.58912907545e-08 -2.75236932947e-08 6.77960077376e-08 -5.81876172846e-08 1.79115893446e-08 5.83899912042e-08 -7.94050217129e-08 -2.11856748342e-09 7.48855977352e-08 -2.3484214127e-08 -7.79689687769e-09 3.08185621516e-08 -5.46027616986e-08 -4.38423395378e-09 5.65917188729e-08 -6.97879035231e-09 -1.04568444058e-09 1.20632193524e-08 -4.73755293875e-08 -8.49409192339e-09 6.49338275154e-08 -3.10210263209e-08 -3.21186957417e-10 3.38758802124e-08 -3.48049020306e-08 -7.06981717378e-09 3.80495262698e-08 -7.22462273359e-08 1.1165305318e-09 6.43939002002e-08 -4.17823072458e-08 4.4150596663e-10 4.38357296343e-08 -6.74159875568e-09 5.58692447137e-09 1.14693307408e-08 -4.71822013889e-08 9.8940459891e-09 3.97112827473e-08 -7.57527861519e-08 1.07280066331e-10 7.72618266694e-08 -4.48410474327e-08 3.34324751223e-09 5.61468963281e-08 -6.79537583537e-08 -5.54330730737e-09 7.24218711165e-08 -6.88723824912e-08 -5.06141765169e-10 6.89422267175e-08 -4.79148941458e-08 3.43980193666e-09 5.00576350112e-08 -1.58269856825e-08 2.88631138878e-09 1.26051709134e-08 -5.98083111014e-08 2.81635657846e-09 6.2008260747e-08 -4.46975350901e-08 -7.23322586351e-09 2.2022617734e-08 -6.59088756221e-08 -1.08379870433e-08 7.31611193769e-08 -5.24087826227e-08 -5.15304722334e-09 5.61896525262e-08 -9.91095879206e-09 1.74406191363e-10 1.48972967187e-08 -4.70115111051e-08 -1.77787810095e-09 6.53005803454e-08 -5.36840884559e-08 3.29553215084e-09 4.90351335916e-08 -4.41233869087e-08 1.69137997547e-08 4.4528079398e-08 -3.504367167e-08 3.20315030415e-09 3.22748950171e-08 -4.71255833974e-08 -2.84350752315e-09 6.18999182631e-08 -6.12044131877e-08 6.20401644284e-10 6.7746072002e-08 -4.59702996671e-08 -4.33684438985e-09 5.06242641476e-08 -6.7789610235e-08 -4.96122604485e-09 7.97484310843e-08 -4.50575309462e-08 1.11210795602e-08 2.63194869732e-08 -2.77687548657e-08 3.53623451624e-09 1.69702123799e-08 -7.16829461536e-08 -2.3890977898e-09 7.62455130425e-08 -5.00033143998e-08 3.14904704178e-10 5.95148076974e-08 -6.90945321771e-08 9.36774340564e-09 5.06753956667e-08 -5.48916488965e-08 6.65652774529e-10 5.17289210997e-08 -2.7570728626e-08 1.01261650009e-08 2.57620346694e-08 -7.40293553852e-08 -7.56670567755e-10 8.19154636259e-08 -6.82831143457e-08 5.19621991132e-09 5.39695370921e-08 -2.97381956563e-08 -6.55281880083e-09 2.83062910212e-08 -4.34758114084e-08 2.42043922754e-08 5.05777126041e-08 -7.63890853608e-08 -2.33740786883e-10 7.01914765524e-08 -4.95880519181e-08 -3.76962813327e-08 4.82320788703e-08 -6.12082342155e-08 5.11630559312e-09 4.47665099448e-08 -1.89240535446e-08 -2.67447853815e-09 3.24184407502e-08 -2.18705733157e-08 -4.78671492532e-09 2.48352297174e-08 -8.26252617231e-08 5.85455190758e-09 6.99723134125e-08 -4.85246740615e-08 1.41489430391e-08 3.95891131488e-08 -4.49033574296e-08 3.20579149544e-09 4.40404235872e-08 -3.59312570935e-08 4.9681514238e-10 4.39678329071e-08 -7.29206839751e-08 5.12955074747e-09 6.04207988755e-08 -3.73741596807e-08 -5.91253986662e-09 5.7040038763e-08 -4.82687629429e-08 -2.77894106607e-09 5.4863895139e-08 -7.10889641996e-08 -1.686735335e-09 7.81328576607e-08 -4.54568400459e-08 -9.73676561541e-09 6.24761841151e-08 -3.97292517873e-08 1.02463740175e-08 3.18919594319e-08 -2.10375374382e-08 -1.90663205814e-08 3.1450409226e-08 -4.14575024614e-08 2.20135360805e-08 3.57025975734e-08 -6.93841684692e-08 1.04973285922e-08 5.14748391942e-08 -5.65706422247e-08 -1.00680184805e-08 7.63528868887e-08 -6.6927218155e-08 -1.08685507289e-08 4.83652856642e-08 -4.4476370307e-08 -1.45886761666e-09 4.89403958018e-08 -3.37247691313e-08 -8.48553195975e-09 3.02551148906e-08 -6.21369468402e-08 6.00936844566e-10 4.60539626344e-08 -5.42244964563e-08 -1.99961634663e-08 5.62092596174e-08 -7.78124754966e-08 2.23104518293e-09 8.49762665069e-08 -4.68816275807e-08 3.11659428399e-09 4.43569861258e-08 -7.43715456039e-08 -8.16600377796e-09 7.00205516161e-08 -4.8585696798e-08 1.71096444627e-09 5.40561431622e-08 -7.60047563325e-08 -2.19046019314e-09 8.23870757548e-08 -1.47646501426e-08 -7.38594761755e-09 2.26906751792e-08 -7.70942192756e-08 -1.99959620227e-09 7.64556723742e-08 -7.35060801677e-08 2.38843532266e-09 7.4281550124e-08 -1.16663935682e-08 -3.15273576017e-09 8.09151776965e-09 -7.12909077942e-08 9.5187133844e-10 7.49210016595e-08 -3.22532458822e-08 1.01323394162e-08 2.16268950441e-08 -6.87910944863e-08 -8.28957887674e-09 7.30661341289e-08 -2.67583602943e-08 1.35081578027e-08 5.20002434334e-08 -1.62354780229e-08 -4.98335323523e-09 2.99950172433e-08 -3.26526162575e-08 -2.69559975374e-09 3.89376624792e-08 -7.54576234115e-08 4.26253556967e-09 2.14083498192e-08 -6.61741509818e-08 8.93320338042e-09 3.90199550463e-08 -4.91044676676e-08 9.46130508756e-10 3.6466247894e-08 -3.95813651554e-08 -5.80533029532e-09 4.18943309499e-08 -7.58075465227e-08 -2.83915736113e-10 7.5223346247e-08 -6.41932712987e-08 -1.07361548254e-08 7.24042536494e-08 -7.15131870122e-08 -1.66905907835e-08 8.30247793769e-08 -4.27544661406e-08 -6.92469965239e-09 6.1794440814e-08 -1.78946346246e-08 -1.124270738e-09 2.57580119015e-08 -4.03329324997e-08 2.05190576234e-10 4.13991435204e-08 -5.65895647193e-08 2.74229804404e-09 6.14620212159e-08 -4.85827319195e-08 -8.39826957558e-10 5.20496959677e-08 -7.26060014387e-08 -3.69545050068e-09 7.83134476291e-08 -2.89935367105e-08 -1.37354274419e-08 2.60104164446e-08 -2.15554858842e-08 -8.02319667832e-10 3.60017795401e-08 -5.84990616032e-08 4.67145745416e-09 4.20981826809e-08 -2.10168403511e-08 -6.77137846778e-09 3.24451763209e-08 -2.37931427161e-08 3.38534899728e-10 2.93152464837e-08 -5.30993393096e-08 -6.30112003377e-10 5.94110583434e-08 -5.4595873601e-08 -9.91729573439e-09 6.48398017733e-08 -5.10183937102e-08 -4.72456041433e-09 4.95753587924e-08 -2.61392001003e-08 -1.47694634228e-08 3.89711471499e-08 -5.50449635718e-08 1.01263764149e-08 5.40944614669e-08 -4.87323454578e-08 -5.65663454639e-09 6.38365890682e-08 -2.93164529347e-08 -5.08890641817e-09 6.2610738957e-08 -2.77663044001e-08 1.03047428841e-08 1.98328793038e-08 -1.27862661118e-08 3.13450462979e-09 1.07514594722e-08 -5.4021396946e-08 -2.21155346291e-09 5.61522238885e-08 -6.69009154054e-08 3.61544133278e-09 4.52485687191e-08 -5.09234452023e-08 -7.34157545741e-09 6.93933095272e-08 -7.70770005627e-08 1.27673588974e-10 7.74073764413e-08 -4.87405543645e-08 3.62303230534e-09 3.63832003161e-08 -3.23677020854e-08 1.06501206169e-09 3.29972253814e-08 -5.95392842305e-08 3.65217133658e-09 4.61296142726e-08 -4.4312146156e-08 1.41149474389e-08 4.37686970506e-08 -5.14703582972e-08 4.02361164785e-09 4.72572293287e-08 -4.83524223845e-08 1.51063314864e-08 3.06142666598e-08 -8.1319110487e-08 -2.28965358547e-09 7.92850721468e-08 -3.91063813697e-08 -2.34272096129e-08 5.44682149888e-08 -2.40295130895e-08 -2.12095060961e-08 4.73481194236e-08 -4.7677766177e-08 4.78006164899e-09 4.68245472829e-08 -2.75875241287e-08 -1.12085470943e-09 2.14740276111e-08 -7.57289258333e-08 5.31940222578e-09 6.14740612805e-08 -6.85639875163e-08 1.3815981275e-08 4.40169192594e-08 -8.09215416149e-08 1.19868750029e-08 6.65866828325e-08 -3.94716108815e-08 3.72360085646e-09 5.19748077819e-08 -6.53627989058e-08 -4.09061570037e-09 6.84890517045e-08 -4.59850030856e-08 -1.21825750584e-08 6.32694199507e-08 -4.47054478272e-08 6.34859132127e-09 4.42917421903e-08 -6.62213269197e-08 8.16966177543e-09 4.729813854e-08 -7.71658771358e-08 8.15079363462e-09 5.43977276827e-08 -6.50766535062e-08 -1.50445032176e-09 7.07376693768e-08 -5.68330518992e-08 -7.5952267842e-09 8.37114440499e-08 -5.93253552389e-08 -1.94139200604e-10 4.82222688924e-08 -4.82989525376e-08 7.03934874761e-10 5.4265596108e-08 -8.61594277586e-08 8.06819522528e-09 6.13433419332e-08 -4.99619828491e-08 -4.88678393841e-09 5.02017105331e-08 -8.47172561496e-08 -4.12047422865e-09 8.13992208426e-08 -2.8470579032e-08 -4.56844257323e-10 2.2076434824e-08 -4.78829721977e-08 -7.29695198366e-09 6.0483504164e-08 -5.41427788649e-08 -7.73935466332e-10 5.90760741679e-08 -5.30740648867e-08 2.08913250015e-08 3.98465026217e-08 -4.27672495018e-08 4.68749282575e-09 4.10759668045e-08 -3.78778536781e-08 -1.56307873617e-08 3.88922095895e-08 -4.76659320144e-08 -1.87659853759e-08 4.13097720038e-08 -4.99521046591e-08 1.50618686905e-09 5.39095922928e-08 -4.93249124428e-08 1.11710354741e-08 4.14198065497e-08 -5.24347361928e-08 -8.68083273277e-09 6.79986847548e-08 -4.98594924344e-08 -6.2933758526e-09 6.28011161821e-08 -4.34979016989e-08 2.4381039842e-09 4.60907825097e-08 -4.44168243137e-08 5.23930936525e-09 4.97122805594e-08 -2.37829917227e-08 -4.94712176608e-09 1.79039967067e-08 -7.19906594223e-08 -6.01476812505e-09 7.76185787669e-08 -4.80819095444e-08 -5.36410730701e-09 5.00738189164e-08 -1.60189694087e-08 -7.58369531516e-09 2.66592758699e-08 -2.64039252416e-08 -1.44186192733e-08 4.18007142473e-08 -8.31322231422e-08 -2.30612205258e-08 5.74684349045e-08 -8.24034996102e-08 1.28149999749e-08 6.73293044844e-08 -2.81879049035e-08 -1.1242552871e-08 2.78633986107e-08 -5.44064789791e-08 -1.77094365691e-09 4.43050524375e-08 -4.97646542837e-08 -9.78361902801e-10 4.3369296902e-08 -6.01712862878e-08 2.45925408915e-09 4.33809228206e-08 -3.94379692236e-08 7.47673926815e-09 3.59544813098e-08 -4.8042195794e-08 -2.75112632112e-09 6.10572666205e-08 -7.44195282798e-08 -1.11951870177e-09 7.39490296721e-08 -5.02997586524e-08 -4.99930313521e-10 4.83033970435e-08 -6.88507776849e-08 8.29007759018e-09 5.28613940579e-08 -4.87436352913e-08 5.46600928103e-09 4.59874962307e-08 -4.01928281473e-08 4.07396660915e-09 4.46051040771e-08 -5.96755295135e-08 -7.68231913342e-09 4.3618711503e-08 -8.43277883857e-08 7.86248668968e-09 8.32146933692e-08 -6.82032043514e-08 -3.53092327927e-09 7.52729064992e-08 -1.24477398315e-08 4.51338472308e-09 2.802815204e-08 -6.31143853545e-08 7.68169653459e-09 6.10197991218e-08 -5.89651062018e-08 -4.17614810839e-09 6.43441049241e-08 -7.59267114538e-08 -6.86255325701e-09 7.84787875986e-08 -7.28339364742e-08 -7.96262935643e-09 3.03250442299e-08 -5.18776710721e-08 -9.46864022641e-09 5.34276349281e-08 -5.73386678332e-08 -6.46260100303e-09 4.35563673925e-08 -8.4361945168e-08 3.06126492777e-09 7.76375925487e-08 -2.54985218489e-08 -2.44892705064e-09 2.88713777056e-08 -4.5836413818e-08 1.62744127301e-09 4.220626509e-08 -5.53215475748e-08 -3.83400171458e-09 5.16619934651e-08 -5.02065664233e-08 4.83698353284e-09 5.45426462777e-08 -3.13919773215e-08 -6.72226238168e-10 4.00562913018e-08 -4.96780183326e-08 -1.07578027813e-08 5.09411200368e-08 -7.36842172506e-08 1.17143098043e-09 6.88947616633e-08 -2.27857367313e-08 5.46538348744e-09 1.55487996811e-08 -4.77714587137e-08 -1.06000675549e-08 5.07988084465e-08 -7.2562181626e-08 -1.62177236292e-09 7.46395010394e-08 -8.33621079575e-08 1.15036438747e-09 7.42205604574e-08 -7.05940045223e-08 -5.67170991611e-10 7.53033995879e-08 -4.60022347206e-08 -6.70649583905e-10 4.82117074753e-08 -2.37682284913e-08 8.41056025125e-09 1.88488466146e-08 -6.03248312942e-08 5.96863785962e-09 5.32697020538e-08 -2.26680035153e-08 6.98453977056e-09 2.42055562261e-08 -3.27568458645e-08 -4.40362433835e-09 2.40488037256e-08 -7.90755737013e-08 1.23067323239e-08 6.69015359473e-08 -6.15937569872e-08 7.38876992744e-09 4.60491848273e-08 -5.10398222915e-08 -2.0941143514e-10 5.22069250624e-08 -5.05251434146e-08 1.62570343459e-09 3.8746263965e-08 -3.41703033807e-08 1.52327994684e-08 3.39204082848e-08 -6.63987592701e-08 9.35697930593e-09 4.67137640696e-08 -4.78615272375e-08 -1.53486569442e-08 5.98187512197e-08 -7.11320680277e-08 -3.39136882297e-09 7.18354954535e-08 -5.74976992018e-08 -5.86572945316e-09 7.58557301178e-08 -5.03245642902e-08 -1.28456971807e-09 4.6079273342e-08 -7.17956565822e-08 -6.90470490337e-10 7.11643902384e-08 -6.74885822457e-08 8.53194197058e-10 7.0393370003e-08 -4.57749434189e-08 -1.45051392296e-08 4.4840953155e-08 -2.07859905697e-08 -2.8913583444e-09 4.87982663339e-08 -3.37468205103e-08 -2.82033479538e-09 3.51627013636e-08 -4.50384061442e-08 -1.86899624862e-09 5.46533900568e-08 -4.19795074852e-08 1.60113363865e-08 2.97015839528e-08 -4.82158605781e-08 6.46954996491e-09 4.63651313429e-08 -8.44310403091e-08 9.80417151779e-09 5.82411086945e-08 -5.72397877059e-08 -3.51822090354e-09 6.93168837577e-08 -7.67976266437e-08 1.68979868732e-09 7.54153988198e-08 -7.52968540234e-08 1.57028383643e-08 6.87503593854e-08 -5.13980152988e-08 6.69976630644e-09 2.12142805657e-08 -6.50365024741e-08 -1.37311717742e-10 6.7722888001e-08 -5.54481787619e-08 2.25845222205e-08 3.71719657448e-08 -6.66112706371e-08 -4.261610487e-08 4.9248598728e-08 -4.87720203727e-08 -1.62661414813e-08 4.84907103665e-08 -4.78649789867e-08 -3.73292414969e-10 5.67465163128e-08 -4.41104179399e-08 4.42165473816e-09 4.40575931512e-08 -7.31640719713e-08 8.99379434931e-10 8.22470877841e-08 -4.82471765381e-08 3.89317514652e-09 5.53304464033e-08 -6.72510928068e-08 -9.52355505218e-11 8.22896945239e-08 -4.33052519717e-08 -8.14170954796e-09 4.74041277967e-08 -6.59113309974e-08 9.68445032406e-10 7.23601923874e-08 -7.05684368406e-08 -3.58131923759e-09 7.04776124779e-08 -7.01078246231e-08 -2.85292441518e-09 7.52203911089e-08 -4.58508773664e-08 1.53209319522e-08 4.87949036895e-08 -4.13712784944e-08 -2.59945673966e-08 4.55974785231e-08 -4.17644095036e-08 -5.3286024455e-09 5.924067897e-08 -4.65991385873e-08 1.42737949168e-10 5.64835535892e-08 -6.89979366084e-08 -5.51282065492e-09 7.54885832847e-08 -6.4130354099e-08 3.40479089078e-09 7.14704196505e-08 -2.55994810796e-08 -5.31462209847e-09 2.23253404353e-08 -4.71082087633e-08 -8.88553680206e-09 4.1096950418e-08 -7.69437409809e-08 -2.16211593642e-09 7.76161103605e-08 -5.65639190613e-08 2.71103765543e-10 6.75496313364e-08 -5.64721815711e-08 4.42594611895e-09 5.40837097339e-08 -7.63455544e-08 -3.03555879303e-09 6.96307162596e-08 -7.22439081301e-08 2.29087800234e-09 8.04550828024e-08 -3.92179928629e-08 2.64768382863e-10 3.6775697106e-08 -4.55332204694e-08 -1.38812761131e-09 5.65213445131e-08 -3.72295528487e-08 -2.60990502152e-08 4.42790762419e-08 -6.12630524655e-08 -6.3057711356e-10 5.98609909018e-08 -7.45728224666e-09 2.77932323144e-09 1.19127563959e-08 -2.03967678529e-08 -3.3486823496e-09 2.77909406448e-08 -4.84284241961e-08 -3.31707799662e-09 5.69053691617e-08 -8.21445113181e-08 1.63612195466e-10 8.11525319971e-08 -8.09925626428e-08 5.59873900227e-09 8.06371277349e-08 -1.24144082824e-08 3.60843534968e-10 1.681306508e-08 -5.10113771643e-08 2.28272932837e-09 4.05578299943e-08 -8.12416459943e-08 5.28360638261e-09 6.13577325006e-08 -5.01569529653e-08 2.39729412055e-09 5.1903435858e-08 -7.58310985998e-08 5.9549393042e-10 7.0068108316e-08 -5.70404863217e-08 4.42153442168e-09 5.68505383524e-08 -5.82490426625e-08 -1.31438446239e-08 6.73970476795e-08 -2.59215291206e-08 -8.83306621917e-09 4.72120325246e-08 -3.07177235862e-08 1.45080838857e-08 2.80186921012e-08 -5.28163954602e-08 -2.96048839424e-08 6.12191515423e-08 -4.85929012721e-08 -1.0688035328e-08 6.20741967731e-08 -7.28585832607e-08 1.59174650841e-08 4.52391343113e-08 -6.97896500511e-08 -6.89419587759e-09 7.21841150994e-08 -8.15717439955e-08 -8.61285267827e-09 8.62648489857e-08 -5.31075388613e-08 1.94542244267e-08 5.77230084389e-08 -4.75127461508e-08 2.44723985559e-09 4.57840672756e-08 -5.58285771809e-08 -1.42633658946e-09 4.53020939312e-08 -4.72230502854e-08 1.76588249751e-08 3.8144164156e-08 -2.03867889602e-08 2.92638824663e-09 3.19410652805e-08 -7.20991811624e-08 -5.34330796637e-09 7.10733098669e-08 -2.5536076594e-08 -1.97042736711e-09 3.2420297613e-08 -5.27313365932e-08 -7.82466642837e-09 6.05460996133e-08 -7.29322160924e-08 -2.32025929629e-09 7.05050980976e-08 -4.77682261751e-08 -5.54321756621e-09 5.47457407945e-08 -4.05484453474e-08 8.10898445031e-09 4.41905215595e-08 -6.82841745612e-08 2.46454040685e-09 7.43402998094e-08 -3.67591890448e-08 -1.48853312669e-11 2.87572385212e-08 -5.06873197991e-08 2.36170877175e-08 5.47236558987e-08 -2.05352518168e-08 -9.80065564297e-09 4.03761055053e-08 -2.4340914845e-08 1.21235405328e-08 2.18054194079e-08 -2.65058637861e-08 -7.45509604343e-09 4.49323616471e-08 -7.63058143874e-08 -1.11838634229e-09 7.50381095791e-08 -2.28452015167e-08 4.24239377419e-10 2.90332618704e-08 -6.16893735479e-08 3.83490306836e-09 5.15124588962e-08 -4.40460102924e-08 -4.27191468782e-09 4.82004968027e-08 -5.67260674447e-08 9.40253835266e-09 4.33460044001e-08 -2.50808140091e-08 8.59496640551e-09 2.52786838661e-08 -7.49857483342e-08 -5.88336417802e-10 7.56278427171e-08 -1.4714328321e-08 8.06071778309e-09 2.55301396086e-08 -6.303655205e-08 8.52716352496e-09 4.57811359093e-08 -2.50032575256e-08 1.08751191953e-11 2.80041512135e-08 -7.04036540565e-08 -4.65928831822e-09 6.54205379832e-08 -5.22158798329e-08 5.17070472784e-10 5.37987270278e-08 -6.92502508958e-08 -3.27243908158e-09 7.69808047204e-08 -4.72803129875e-08 1.64841836017e-08 2.48284912281e-08 -4.26226007635e-08 2.35729488794e-08 4.09440808165e-08 -2.25071651787e-08 0 2.20629043444e-08 -4.81833151664e-08 -8.92566312409e-09 6.18621687629e-08 -6.34783870447e-08 9.85960665931e-09 4.77221873293e-08 -5.8257672855e-08 -1.19261008309e-08 4.71641484161e-08 -7.51207298338e-08 3.4760044871e-09 7.65834151508e-08 -5.2962669712e-08 -8.08567396589e-09 5.5098490376e-08 -2.85084361643e-08 -7.66194597798e-09 2.22927452361e-08 -5.75568418799e-08 1.3240836493e-08 4.91955901606e-08 -1.44061744796e-08 1.61553472528e-09 1.62568016035e-08 -7.37488775858e-08 -9.40185503307e-09 7.8447324674e-08 -6.97578290867e-08 5.55154471987e-09 7.27488140697e-08 -6.47359471983e-08 -3.48226308676e-08 5.36196981332e-08 -4.2905211662e-08 1.74150034061e-08 2.49881739387e-08 -7.85505570111e-08 7.51293073088e-09 7.04424886736e-08 -5.05661759303e-08 1.25649442079e-08 3.20173064363e-08 -2.31308510129e-08 1.55662327475e-09 2.50639312521e-08 -2.42839556607e-08 -1.46208263557e-08 4.52493932288e-08 -5.27180117465e-08 1.06163488381e-09 4.6457696317e-08 -6.90357510761e-08 -8.40952601608e-09 7.37610473014e-08 -5.81807038352e-08 1.00452069169e-08 5.19728416834e-08 -7.42340191753e-08 4.20040280547e-10 7.87864388818e-08 -7.10493944886e-08 -8.91534729147e-09 6.99379603868e-08 -3.08430503388e-08 -9.87557038207e-09 4.46444503646e-08 -5.76903355183e-08 -4.18380814278e-08 5.22719755836e-08 -3.573803557e-08 6.67457559893e-09 3.33539289066e-08 -2.35754173582e-08 1.61837186773e-09 3.41042035081e-08 -1.04748401264e-08 -7.15738401086e-09 5.00681112628e-08 -2.02450913367e-08 3.44997801431e-09 4.75693636282e-08 -6.24116499116e-08 4.9623267698e-09 3.90661143099e-08 -4.00901152387e-08 4.22203087918e-09 3.51897844551e-08 -3.24716606317e-08 -2.38182700873e-08 4.85121364438e-08 -7.17462364302e-08 -3.09435673413e-09 7.18247444965e-08 -4.85032816494e-08 -1.41323990584e-09 4.57059853574e-08 -2.83336332312e-08 -4.68301833635e-09 3.08693200507e-08 -4.8174760237e-08 5.66031007576e-10 1.41607098277e-08 -4.00802692131e-08 1.59717811351e-09 3.77098173991e-08 -7.16582794488e-08 -2.71105936319e-09 7.3054292017e-08 -4.94710914085e-08 3.7145085655e-08 5.3462096938e-08 -7.65393068337e-08 -4.33938233686e-09 7.74037218188e-08 -3.43757750566e-08 1.10151023371e-08 2.85834346873e-08 -3.915122925e-08 7.67782634996e-09 3.66755932046e-08 -4.32641430053e-08 -9.49100858979e-09 3.67942457524e-08 -2.45927640373e-08 0 2.48287419429e-08 -4.90680812807e-08 -2.54291907185e-09 4.98029645579e-08 -9.89029215174e-09 -2.21509159864e-09 6.02993090426e-09 -4.5235928986e-08 -8.38512827938e-09 1.73108783284e-08 -1.05355594081e-08 1.62330056919e-10 5.30321940726e-09 -5.16076256137e-08 3.72163383693e-09 5.04417274151e-08 -2.66148946686e-08 -1.39549017995e-09 4.86081326353e-08 -5.41984511038e-08 -7.62247790201e-09 6.01326624799e-08 -5.22741480271e-08 -3.72171041295e-09 5.36752303691e-08 -5.11079516331e-08 -2.96836456856e-08 7.22209547829e-08 -5.78422462869e-08 3.45988920961e-09 5.39748443661e-08 -4.59379579677e-08 -1.07912408207e-09 5.20655915231e-08 -8.3340656353e-08 1.74514813852e-09 4.95021252326e-08 -5.68251265003e-08 -1.4678811629e-09 5.37855105222e-08 -5.02058217069e-08 2.97434260067e-08 5.54283976147e-08 -7.01092775216e-08 -2.02838676382e-08 8.13499807092e-08 -6.16792941587e-08 1.0767728035e-08 5.45585282086e-08 -4.69974807485e-08 0 4.72096148108e-08 -6.97070325083e-08 5.72580382845e-09 6.26333272111e-08 -2.2851806541e-08 -4.90726417724e-09 2.91113899586e-08 -7.34995948941e-08 -6.40976304996e-09 7.82778199749e-08 -6.30400735899e-08 -3.77326128734e-09 7.25691042699e-08 -1.48365912825e-08 -1.10002995296e-08 5.27411956788e-08 -2.30040591216e-08 9.07241027977e-09 1.68010283386e-08 -2.61590109908e-08 -1.37344891383e-08 4.43670880457e-08 -5.00773061164e-08 7.75746803533e-09 4.60227347035e-08 -5.27898806087e-08 2.09984826542e-08 4.94141793737e-08 -1.87611662848e-08 -1.44890006049e-09 5.39119645337e-09 -1.01761288363e-07 -1.63837611268e-08 2.33139946317e-08 -4.77441286708e-08 -1.30732825589e-08 5.2912677719e-08 -7.30970339449e-08 1.44713725298e-09 7.49097717088e-08 -5.39361735391e-08 2.53400246891e-08 3.86290543185e-08 -7.27780284724e-08 2.45933396533e-09 8.23041117956e-08 -5.89452426012e-08 -1.54504173518e-08 8.83276423493e-08 -2.66101893223e-08 -1.04715296275e-08 3.22703254745e-08 -2.61712835854e-08 -5.34570495049e-09 4.45706786805e-08 -6.43492920123e-08 -6.40511024029e-09 7.00077190472e-08 -5.63627975009e-08 1.19007363021e-08 4.8433305368e-08 -2.86823183081e-08 -1.3030393711e-08 2.95300648506e-08 -9.65141617046e-09 2.43374464673e-09 7.57236869814e-08 -3.97106788425e-08 8.01621693077e-10 3.78957826681e-08 -6.26128840341e-08 -6.1935577511e-09 4.84066567372e-08 -3.37599512695e-08 1.27670926899e-09 4.93246934357e-08 -6.92586372794e-08 8.42195527772e-11 7.84133767064e-08 -7.24926546376e-08 9.82889528061e-12 7.05723224068e-08 -5.37716441903e-08 2.13047167621e-08 6.09562886981e-08 -4.04652243272e-08 4.22010891282e-09 4.67566755088e-08 -7.16330671352e-08 -2.95019101055e-09 7.58964196087e-08 -3.18097526828e-08 -6.24778628196e-09 4.18584882759e-08 -7.13273951907e-08 -2.26544944097e-09 6.90482104639e-08 -4.24392679488e-08 -7.5921459856e-09 7.06221642444e-08 -4.28065580584e-08 7.31967904179e-09 2.81056530094e-08 -2.06740403727e-08 -7.29616653113e-09 3.05173655326e-08 -4.80272320197e-08 4.45520684682e-09 4.95860996034e-08 -1.36609216225e-08 -1.3759312974e-09 1.80620985892e-08 -5.42431351827e-08 3.92553848621e-09 4.97439617863e-08 -3.26342494124e-08 -6.11681016827e-09 3.6765488273e-08 -4.3790238294e-08 -1.37245585731e-09 3.61193351279e-08 -2.17079741528e-08 -5.99781068761e-09 2.79695212239e-08 -1.14417284699e-08 -5.43461339422e-09 4.08545752672e-08 -4.96527172185e-08 -8.2731840369e-09 6.14736178314e-08 -1.51159773644e-08 -1.12511013495e-08 2.31936093256e-08 -5.32782750471e-08 2.7522551321e-09 5.37339508619e-08 -4.99407540104e-08 -1.53225536038e-08 4.92794137232e-08 -3.62302365898e-08 -3.0031533843e-09 7.54484952504e-09 -4.81188003168e-08 -7.84337655456e-11 4.93550705485e-08 -4.33854913887e-08 -7.07796859579e-09 4.31046658596e-08 -4.23564172063e-08 -2.59828298535e-09 4.65907132774e-08 -5.87353188669e-08 3.01958808368e-09 4.52461387221e-08 -4.04881578489e-08 -5.52817335855e-09 4.43801830425e-08 -2.40271856375e-08 -4.80383286239e-09 3.12034973793e-08 -4.30957672053e-08 -1.70503316954e-09 3.96622252598e-08 -4.61550708271e-08 -1.05149291012e-08 4.30857183939e-08 -3.0660988942e-08 1.49585915617e-08 2.19061435514e-08 -7.56295413515e-08 -5.11258373233e-09 8.21500282727e-08 -1.93690645224e-08 -1.59359263931e-08 2.96419239179e-08 -7.28634473689e-08 -3.69096039006e-09 7.57758649697e-08 -6.79271776319e-08 -1.95473212641e-09 4.82158775341e-08 -5.19080235281e-08 5.80867932151e-10 5.12127622502e-08 -7.81714731812e-08 -7.80305588229e-10 7.57958593552e-08 -7.4962276622e-08 9.73395358897e-10 7.36466526322e-08 -5.82799237092e-08 -1.65161830017e-08 6.71283746212e-08 -5.45885495178e-08 -1.15043833905e-08 4.17997354017e-08 -4.60001142799e-08 -6.39452150296e-09 3.10583510034e-08 -2.52089699842e-08 9.45687853916e-09 1.23715450954e-08 -5.80442036301e-08 -3.96322417892e-09 6.84126064386e-08 -4.1617392968e-08 8.80443204947e-10 5.82064193574e-08 -3.6350653243e-08 -3.10085926765e-09 3.5178635433e-08 -5.29709237014e-08 1.66748931323e-08 4.44544672163e-08 -1.48016311231e-08 1.07053917439e-09 2.09387349984e-08 -1.11398426729e-08 4.18387854704e-09 1.80857533006e-08 -5.76238295794e-08 4.78299027756e-09 4.19157054841e-08 -4.53677155017e-08 -1.07822007246e-08 6.26806353016e-08 -4.71246521435e-08 -1.13928206154e-08 4.61056858673e-08 -4.14745976393e-08 -1.96705992595e-10 4.38158443521e-08 -3.0902294652e-08 -4.32389201538e-10 3.11067341077e-08 -1.84776575955e-08 3.53426164323e-09 1.64497953036e-08 -5.2123779189e-08 9.97826367365e-11 5.26922471525e-08 -6.3464326024e-08 8.44583497666e-09 5.2522310189e-08 -4.00450937492e-08 -2.14467995327e-08 5.55859716511e-08 -4.77997544939e-08 2.02297802431e-08 4.55351344738e-08 -6.5445554774e-08 -4.34585987893e-09 7.37280839109e-08 -8.61455947728e-08 9.12567655651e-09 6.34084777919e-08 -7.5655928275e-08 1.37349287495e-08 7.49636388454e-08 -3.51960450755e-08 -7.11177958542e-09 4.76317278002e-08 -4.00390355461e-08 1.70792641996e-08 4.55360942425e-08 -4.43984007856e-08 6.04209429074e-09 3.34575828495e-08 -4.45122584135e-08 3.23032156469e-09 2.76263635519e-08 -5.00029667355e-08 1.8613819079e-09 6.15577379194e-08 -3.02911640855e-08 5.37021341512e-13 3.54817624174e-08 -3.43065333122e-08 -5.16166752633e-09 3.43421391941e-08 -5.25039372982e-08 -1.7985686717e-08 4.08191888313e-08 -1.50303449125e-08 -4.44663157546e-11 1.92421852183e-08 -2.42546824054e-08 2.5007746127e-08 5.23555661208e-08 -4.49147525354e-08 2.12768387685e-09 4.49437682812e-08 -4.19297181151e-08 3.11780918746e-09 4.94900736105e-08 -2.04870081745e-08 7.95461938833e-09 2.13081336786e-08 -4.72118264767e-08 6.63059512998e-09 6.00095679083e-08 -1.96732780732e-08 0 2.13992331516e-08 -8.08095115249e-08 4.12780440129e-09 8.28188926436e-08 -4.99546551112e-08 3.48996121835e-08 4.63983172503e-08 -3.85477079654e-08 6.3276735691e-09 3.84782817478e-08 -6.97992843219e-08 -6.58993445491e-10 6.86867145335e-08 -7.64330246614e-08 -1.94474341684e-09 7.72881724413e-08 -5.17490892202e-08 -2.45591564897e-09 4.88761455591e-08 -4.29696202798e-08 -2.27441143981e-09 4.29064126669e-08 -2.943119433e-08 -2.71436210443e-09 3.4838465302e-08 -4.9852006399e-08 -2.97121148211e-09 4.67117481741e-08 -5.74436413425e-08 -6.83786635207e-09 6.90149567091e-08 -7.61024571631e-08 -1.92010576239e-09 7.43690086282e-08 -4.47240860712e-08 2.06497784324e-09 4.35522045343e-08 -5.09455798567e-08 -5.03352767394e-09 5.78820346295e-08 -4.13208636275e-08 -8.08974307522e-09 5.27120201602e-08 -7.66293769706e-08 1.99168866731e-09 7.69574888985e-08 -4.23575933865e-08 -1.53437862469e-08 4.91796059261e-08 -5.6341661942e-08 -4.37671816116e-09 5.69908296703e-08 -7.32198253009e-08 -1.9594880963e-09 7.24117199519e-08 -4.57294033782e-08 -6.27036184176e-10 5.17810241551e-08 -4.9648130392e-08 -4.20268016612e-09 4.63252390873e-08 -5.25524407581e-08 0 5.24008301732e-08 -5.25410632015e-08 -1.46016484358e-08 4.61892833344e-08 -6.2227076593e-08 -6.91112785219e-09 8.36588276394e-08 -2.78711853338e-08 -6.1271559753e-09 3.28847778728e-08 -1.59517273e-08 -9.61337653916e-10 1.65137928352e-08 -6.66209365793e-08 -1.05207819205e-08 6.85456789634e-08 -7.10546749156e-08 1.11052788089e-08 6.48515974598e-08 -4.72026444027e-08 1.8387191656e-08 3.70079335472e-08 -2.29870962271e-08 -1.62906774873e-08 2.75470098186e-08 -6.98050227114e-08 -7.62896629822e-10 6.97605357591e-08 -2.6732731435e-08 -4.10691024389e-09 3.12320786801e-08 -7.29215601153e-08 -1.14657117549e-08 7.25102352672e-08 -6.88052682915e-08 -5.04030005434e-09 4.81799869935e-08 -3.09222725982e-08 5.57932640651e-09 2.67007496185e-08 -8.03954301894e-08 2.94501991671e-10 8.40352951117e-08 -4.76658140763e-08 -7.87078071449e-09 6.15397214616e-08 -6.83747623751e-08 1.21568044434e-08 4.67884283311e-08 -7.63993314428e-08 8.10501216374e-09 6.32463181582e-08 -7.73765338355e-08 1.40786539328e-08 6.7217860128e-08 -6.48485845744e-08 -3.91228097307e-09 8.25178800009e-08 -5.87546809919e-08 3.3717837799e-09 4.92803897616e-08 -5.76799160187e-08 -8.69988583965e-09 6.13642294096e-08 -4.7995075226e-08 -2.37665993207e-09 4.93085923659e-08 -4.11823473055e-08 -3.05348419834e-09 3.70168537246e-08 -4.61858771083e-08 0 4.59118690364e-08 -2.82327575665e-08 -3.74541767456e-09 3.32787390036e-08 -5.20759564737e-08 -7.40167889429e-09 6.63623229486e-08 -7.44196386493e-08 -7.84445124194e-09 7.28757839357e-08 -1.9398209233e-08 -1.15313617623e-09 2.19759630241e-08 -2.01119144103e-08 -5.3185705453e-09 3.15849334044e-08 -4.08584679808e-08 1.23866688815e-08 3.25455527325e-08 -4.84543030686e-08 2.8455781409e-09 4.86322417187e-08 -6.70619527069e-08 -4.08152018059e-09 7.49789801541e-08 -4.33522111798e-08 -9.04842900201e-09 4.27751155054e-08 -4.40227392611e-08 1.13886387176e-08 3.31123639782e-08 -5.48807332962e-08 2.8408426347e-09 5.338532704e-08 -6.31916325876e-08 2.70957942946e-08 5.18143915609e-08 -6.0661023252e-08 9.59250315217e-09 4.71608023462e-08 -4.05820585145e-08 -6.56729759454e-09 4.62627868572e-08 -3.99832832275e-08 -4.31106523229e-10 4.4363749831e-08 -6.88216400412e-08 -1.98352944349e-09 6.49054294827e-08 -3.06943497779e-08 1.20221395311e-09 2.74028972524e-08 -6.06932125426e-08 -5.16452098921e-09 3.59466035931e-08 -6.49697595323e-08 -4.93018851498e-09 7.39980293145e-08 -5.75703077177e-08 2.21473363894e-08 4.04596725637e-08 -4.01267088155e-08 3.48444069829e-09 2.67986158051e-08 -6.7071150853e-08 1.31386973954e-08 4.85455903303e-08 -2.11815113691e-08 2.36734922978e-09 1.27451928397e-08 -4.69623893765e-08 -1.9124564686e-08 4.8197359799e-08 -6.28910815926e-08 -1.28076947376e-08 5.34156366152e-08 -4.28669693273e-08 -1.4312745508e-09 5.12338531342e-08 -4.7531133195e-08 -8.19499230779e-09 4.82306740083e-08 -7.7185215748e-08 -3.13162928781e-10 7.76953630588e-08 -7.68912390897e-08 -6.51605759405e-10 7.76566105477e-08 -1.28844024739e-08 9.53868808284e-09 2.8863830693e-08 -5.00397887428e-08 -1.18985060158e-08 8.74507788271e-08 -1.08229259285e-08 -2.6592969822e-09 1.50534978692e-08 -5.9008473624e-08 6.29305912558e-11 2.30624714748e-08 -5.38857616309e-08 2.81071586067e-09 5.11574463019e-08 -4.98849544858e-08 1.78279758376e-09 4.23839785728e-08 -7.5157457217e-08 3.34947190148e-09 7.9040528237e-08 -7.97910130242e-08 -9.78912782187e-10 7.91184551249e-08 -5.26301799498e-08 2.40110580165e-08 4.6975020845e-08 -7.36065092378e-08 1.07279001385e-09 6.22788566316e-08 -4.36602906033e-08 -1.96306182028e-08 5.22724952309e-08 -7.02984396094e-08 1.68973676919e-09 7.26990311029e-08 -7.56896433006e-08 -7.87012427544e-09 7.09635590346e-08 -4.46106950114e-08 -1.94800489992e-08 5.31527501108e-08 -4.78194141376e-08 -3.00781755777e-09 5.30403916187e-08 -4.84490120943e-08 -3.87637659696e-09 5.57391076082e-08 -2.05847817839e-08 -3.36079773984e-09 2.63055350817e-08 -5.2381053596e-08 2.62726795739e-08 5.80590520717e-08 -6.88658310423e-08 -7.21829425844e-09 7.61684073202e-08 -5.25378227675e-08 1.33998057433e-09 4.91435188186e-08 -4.09408993634e-08 5.49638339168e-09 6.33902963625e-08 -1.4610043886e-08 -8.18909895019e-09 2.26556448662e-08 -5.22716508088e-08 -1.04782785447e-08 3.20329619301e-08 -5.44333429606e-08 -1.38434473653e-08 7.40023399798e-08 -1.88018296293e-08 -5.48909379872e-09 4.08621019214e-08 -1.79577364132e-08 -1.32831304463e-08 2.52805328531e-08 -6.67257228935e-08 1.05603288494e-09 6.68192107092e-08 -4.60622505862e-08 1.90439786403e-09 6.13117232023e-08 -5.32911237255e-08 -8.88845412456e-09 6.93248792783e-08 -7.19898280062e-08 5.0678690918e-11 7.33199193585e-08 -5.09473263878e-08 -1.01131691235e-09 5.11404338847e-08 -6.79671150324e-08 8.82773910515e-09 5.34834228049e-08 -3.80338256049e-08 5.34671502609e-09 4.0104937156e-08 -5.27683407529e-08 3.02827720819e-10 5.25216898174e-08 -8.70560470815e-08 -2.49454312242e-09 8.42771153992e-08 -7.54172227979e-08 6.42273961981e-09 6.23360092131e-08 -5.57955034597e-08 -1.48660205881e-08 5.03933584468e-08 -5.84102552253e-08 -4.20713593667e-09 4.4545892536e-08 -7.71830170738e-08 5.79766557306e-11 7.56418670599e-08 -4.24218577676e-08 -9.64244559694e-09 6.35216098937e-08 -5.01474665386e-08 -1.85225590046e-08 6.49300459593e-08 -5.03653278013e-08 -2.89374839801e-09 5.31575843395e-08 -1.90786262542e-08 -5.63663968748e-09 3.0950451126e-08 -2.31646013546e-08 8.20531502568e-09 2.97424816893e-08 -2.19909801079e-08 -6.19920602585e-09 4.35240264404e-08 -4.75867510024e-08 -2.44655938267e-09 4.55781943686e-08 -4.27064407382e-08 -2.27262787829e-09 5.67670184725e-08 -3.5414135595e-08 2.36356099891e-09 3.08851883501e-08 -4.05329248853e-08 1.17242355811e-09 5.50056697275e-08 -2.18907663415e-08 -4.73577397441e-09 2.00088549386e-08 -4.26037860834e-08 -1.2302271692e-08 6.36654658835e-08 -8.13841588311e-08 1.47889148883e-09 7.7715017502e-08 -6.35107570056e-08 -2.15631952649e-08 6.45605549866e-08 -5.01425082695e-08 -3.01461938975e-08 5.31404678664e-08 -4.16370610217e-08 -2.56390319245e-08 4.54705770315e-08 -4.44483332218e-08 3.48625661124e-09 4.40934782689e-08 -1.38350452546e-08 6.89828421696e-10 1.5130137114e-08 -1.02592571203e-08 -3.95238488786e-09 1.86900823413e-09 -7.54608172685e-08 -1.94767621574e-10 7.20958248809e-08 -7.38458651238e-08 -2.11389000644e-09 7.70094153582e-08 -3.67102693013e-08 1.5897664231e-08 6.1851794736e-08 -2.05806833527e-08 -1.40770338897e-08 3.20291041334e-08 -3.00933289746e-08 -5.69389003321e-09 1.3623999002e-08 -2.45927640373e-08 0 2.48287419429e-08 -5.93058956262e-08 -6.97262972938e-09 4.15001529464e-08 -6.39129462794e-08 -1.4814322382e-08 3.72550119646e-08 -7.82155767849e-08 -3.80505889283e-08 5.03607638354e-08 -3.64522085509e-08 5.96079071222e-09 2.78723443135e-08 -5.36358774671e-08 -6.00248148004e-09 9.04466298437e-08 -4.66835567575e-08 3.92589888611e-09 4.59570677431e-08 -4.23296771116e-08 5.91739100423e-09 4.11511232623e-08 -2.27827769766e-08 -5.56293855537e-09 3.0052844661e-08 -7.5202601417e-08 1.32330431064e-08 6.79329989088e-08 -2.96387088461e-08 3.56324789876e-10 1.8402773421e-08 -2.90112584746e-08 -4.97247078341e-10 4.86695926142e-08 -5.46504086131e-08 -2.53622696292e-09 4.50770280214e-08 -2.47806134883e-08 5.71712175775e-09 2.76637636219e-08 -2.54125291012e-08 -3.56017759867e-09 3.48232116351e-08 -4.94326201288e-08 -7.10581755674e-09 2.96217878682e-08 -7.07479412976e-08 -1.9508245027e-09 7.08126821384e-08 -7.28530365408e-08 -5.95042371859e-10 7.68988164506e-08 -7.95427054566e-08 2.43382221385e-09 6.56819626346e-08 -7.11383971696e-08 -9.97908498376e-09 8.28988142684e-08 -7.30452038637e-08 -1.92453549814e-09 7.47936952227e-08 -8.24908204347e-08 3.30552989293e-09 7.45317597883e-08 -3.96418967586e-08 -3.01390738e-09 2.36693196092e-08 -5.64491367586e-08 5.83263771499e-09 4.936267251e-08 -8.11361817931e-08 2.04219750424e-09 8.42932730859e-08 -6.75977097075e-08 2.00215200741e-09 4.75079344453e-08 -3.82438354834e-08 7.8626598158e-09 3.97814238966e-08 -7.78590609096e-08 -1.83784783776e-09 7.54295648145e-08 -5.1665738008e-08 4.02817446037e-08 4.68316487906e-08 -7.94231428866e-08 5.02082807427e-09 6.99995551106e-08 -4.46312080643e-08 1.79740442976e-08 2.5131233538e-08 -5.45732008014e-08 -2.08610096484e-08 5.29239860086e-08 -4.50939612015e-08 2.00939501087e-08 2.02928253649e-08 -2.25912742025e-08 3.79964094958e-09 2.20802315149e-08 -1.63225080506e-08 3.46580246865e-09 7.76406317501e-09 -5.09568378101e-08 4.12966172469e-08 7.33988117462e-08 -6.100322316e-08 -2.76062655037e-09 7.27588721382e-08 -7.47889724935e-08 -2.3097134641e-09 7.69233709488e-08 -2.57322394717e-08 -7.18545485442e-09 3.35130623728e-08 -7.07244914684e-08 -5.76946393068e-10 7.96967665866e-08 -7.97307507733e-08 1.3989744366e-08 6.22205623911e-08 -2.3885112617e-08 2.57181642636e-09 1.7881147335e-08 -3.10882106616e-08 6.70150988655e-09 2.17186822123e-08 -3.17503581165e-08 -3.25516919149e-09 2.75995030635e-08 -7.08069118948e-08 1.12833498546e-08 6.1859042027e-08 -7.32249898903e-08 -3.37190342176e-09 8.88277176328e-08 -5.57412668263e-08 5.56180754869e-09 4.65714559798e-08 -7.72498317042e-08 -1.1043960856e-09 6.63098394351e-08 -2.99370823328e-08 -6.13704862184e-09 5.09045467254e-08 -8.37100116311e-08 -6.83794303409e-10 7.19388526407e-08 -1.53994584722e-08 -2.57765876736e-09 3.06084625803e-08 -8.16864814116e-08 1.0704373472e-08 7.03056066202e-08 -4.95764304112e-08 -4.47012279599e-09 5.09435760169e-08 -6.94606745338e-08 -1.54822381154e-09 6.72522317703e-08 -1.04347089054e-08 -2.93252240659e-10 2.18925952643e-08 -5.4452951156e-08 -6.60639545696e-09 4.59268883421e-08 -6.21980860762e-08 -5.74507790726e-09 7.01974975082e-08 -7.05046493865e-08 -5.48048080204e-10 7.80497924845e-08 -5.25262685577e-08 5.36285674939e-09 4.72848176693e-08 -7.28872312574e-08 7.53332162319e-10 7.75219267675e-08 -7.2981780854e-08 -1.26687310746e-08 7.54511005346e-08 -3.33501860437e-08 -3.73018012788e-09 4.43946953014e-08 -8.09259459063e-08 1.23720783265e-08 5.98569562855e-08 -4.36928670887e-08 -3.68847883955e-09 6.00580110955e-08 -6.87457270082e-08 -1.91385421056e-08 7.91116210618e-08 -8.3809487392e-08 1.80423651864e-08 6.67491702417e-08 -3.61364592759e-08 -2.84576138203e-08 4.58199610366e-08 -5.02153436993e-08 -7.66351277157e-09 5.17870511714e-08 -5.00627141273e-08 3.55625207158e-09 5.01135877591e-08 -7.39876819767e-08 8.55177892404e-09 6.58540980725e-08 -6.62438867651e-08 -9.49092898647e-09 6.47342038128e-08 -7.3036487851e-08 2.45880468235e-09 7.01756714607e-08 -3.75220690827e-08 1.49665912974e-09 4.31503700009e-08 -5.36824881565e-08 -4.05862888941e-09 4.9301737056e-08 -6.88493280836e-08 -6.23288071071e-09 7.46499438127e-08 -3.76892013997e-08 -3.03739481591e-09 4.44683906054e-08 -7.93760302129e-08 -3.08294590349e-09 9.68302389938e-08 -7.61547445547e-08 4.06438241163e-09 7.25259722606e-08 -4.01271372658e-08 9.8446232526e-10 3.81752316127e-08 -5.45910275488e-08 -1.09827771435e-10 4.14746163965e-08 -2.82701336832e-08 -1.59159280904e-08 2.94026095799e-08 -3.56581145584e-08 1.22597893078e-09 3.61995710853e-08 -3.31701659812e-08 1.40800023242e-09 3.27650611561e-08 -6.73636598006e-08 -3.14033610218e-10 6.34216268951e-08 -7.58896388235e-08 1.44808241361e-09 7.48676960789e-08 -1.60319775953e-08 -2.18533525902e-09 2.38851026587e-08 -6.22138110986e-08 -1.59731930238e-09 5.55653123918e-08 -7.15761430941e-08 -7.74281085864e-09 7.59724377764e-08 -2.70451704032e-08 5.14391970358e-09 1.27237422765e-08 -7.90666461637e-08 3.78143453629e-09 7.06805826708e-08 -4.87681179634e-08 -1.82696593911e-09 4.84190042885e-08 -4.96267975785e-08 -2.04333299504e-09 3.41464265992e-08 -4.69974807485e-08 0 4.72096148108e-08 -7.74816516418e-08 -2.0611019668e-09 7.33801855892e-08 -3.17604417818e-08 -2.53890540643e-09 1.76302868918e-08 -8.94372937503e-08 4.53290013744e-09 7.72730040432e-08 -5.42947240742e-08 -1.02614897006e-08 6.14401543862e-08 -4.81948516044e-08 -5.3716943056e-09 4.16578092711e-08 -9.08134647265e-08 6.57306329713e-09 6.49590503948e-08 -8.54257553684e-08 6.04426005089e-09 5.49914637676e-08 -4.76773622437e-08 -3.90763399822e-09 5.41417763949e-08 -5.77506877063e-08 -2.36325503812e-09 5.6911278346e-08 -4.58142489909e-08 2.56914027619e-09 2.64040801894e-08 -6.85818538624e-08 3.15872605693e-09 6.83991850821e-08 -3.70123628958e-08 -1.05396361093e-08 4.9994980512e-08 -7.46267014178e-08 -5.40622437381e-09 7.67932656519e-08 -3.83338614173e-08 -8.37280740269e-09 4.61834787191e-08 -5.40866702404e-08 8.59024887095e-11 4.40711283918e-08 -6.00025410822e-08 9.9543841973e-09 5.26066117104e-08 -2.67593222145e-08 -3.30768752979e-10 2.42589193452e-08 -7.04575399363e-08 3.76696937087e-09 6.87551177427e-08 -5.71177155292e-08 2.50932574906e-10 4.53773618888e-08 -6.40402905167e-08 -7.48404146996e-10 6.20590647234e-08 -3.88204552522e-08 -6.56379077165e-09 4.18837463905e-08 -6.09352519849e-08 3.85798238105e-09 6.23798835644e-08 -3.57216784009e-08 1.4886063665e-08 2.46077625495e-08 -7.80414745692e-08 4.01112052842e-09 7.10695348562e-08 -2.45521700844e-08 7.76268608839e-09 1.62451988996e-08 -6.25994453449e-08 -5.12322699743e-09 7.49016661355e-08 -5.87478402439e-08 3.94452238676e-09 4.47579030966e-08 -5.46067035474e-08 3.04355491188e-09 5.07408408687e-08 -6.8647330927e-08 -9.94657940508e-09 8.18308146157e-08 -5.97362845509e-08 -3.3268152766e-09 7.39099924343e-08 -6.6560072564e-08 1.35677732385e-08 6.58459836054e-08 -4.47751020984e-08 7.68993480931e-10 2.69766885084e-08 -7.31819579826e-08 -5.00475269949e-09 7.81824392044e-08 -7.177859268e-08 -5.03178795869e-09 7.32568102639e-08 -7.44947893603e-08 2.77520479608e-09 7.39949877911e-08 -7.76897242919e-08 3.18060372006e-09 5.45585899652e-08 -5.26165354239e-08 -6.08312315633e-09 6.01852577818e-08 -7.89602137666e-08 -1.24823544757e-09 7.48593232051e-08 -7.62324455561e-08 1.2349252868e-09 7.22134701105e-08 -4.74078807066e-08 -1.27455496661e-08 6.78332693975e-08 -6.79530479563e-08 1.47230113837e-08 5.68515702985e-08 -5.50018734527e-08 -1.96820826256e-09 4.80448471802e-08 -3.1115427093e-08 5.46265400471e-10 4.31264125751e-08 -4.77524109343e-08 -3.27730270481e-08 4.67757013828e-08 -2.6662921597e-08 -1.52955542174e-08 4.69509883075e-08 -4.74122538333e-08 -1.14081575978e-08 6.53065590923e-08 -2.21335883754e-08 -8.42395537389e-09 4.2965939239e-08 -3.53859368927e-08 5.71119866629e-09 4.39694335689e-08 -4.33796717821e-08 0 4.27237422064e-08 -1.91553710802e-08 -2.22056727119e-09 4.76340938603e-08 -7.29199069359e-08 6.30772849795e-09 7.48056389943e-08 -6.51834672674e-08 -1.32547149404e-08 7.33400555898e-08 -5.68491907909e-08 4.54558818811e-08 4.85435893998e-08 -2.16370203861e-08 6.25804955287e-09 2.77031306182e-08 -6.9205671747e-08 1.32250290402e-08 4.80355563782e-08 -4.61630221239e-08 -4.57891581974e-09 5.72646924048e-08 -4.65372557167e-08 2.56033321912e-09 3.77974267344e-08 -2.65407317679e-08 9.92818870115e-09 2.02278078634e-08 -8.88599351227e-08 8.0825729769e-09 6.96444810276e-08 -7.07027601137e-08 -1.59836819986e-09 7.41765409777e-08 -9.223081355e-08 1.05696501588e-08 6.6843601915e-08 -2.26851749732e-08 7.70372116245e-09 2.69888089971e-08 -4.48473532327e-08 -1.98025010158e-09 4.21996001074e-08 -6.01810915816e-08 -8.86632304744e-09 7.18956442253e-08 -7.28065021522e-08 -5.00686949228e-09 7.33718638936e-08 -6.03068125177e-08 1.47039736136e-08 4.6625084748e-08 -7.34898829804e-08 2.35628592794e-09 7.020160244e-08 -2.62017108273e-08 -1.46886934412e-08 4.64142914167e-08 -7.00219935715e-08 -3.70577295002e-10 6.9429847389e-08 -5.53467454058e-08 2.42717075987e-11 4.80016561277e-08 -3.03927937493e-08 -6.82616886271e-09 3.23281724097e-08 -2.28125564666e-08 -3.91079068507e-09 1.49079053172e-08 -7.6424971294e-08 -2.67097317786e-10 7.72887989183e-08 -5.06765307572e-08 -2.31495010493e-09 5.86177840587e-08 -7.69723657717e-08 -2.87237146851e-09 7.86059755339e-08 -6.26943415621e-08 -8.07878503871e-09 3.98889558744e-08 -5.21016430286e-08 -1.03601353265e-08 6.75493893024e-08 -3.87260589824e-08 2.57930555159e-10 3.98421007272e-08 -3.42489879576e-08 -5.132697148e-09 4.44784510674e-08 -2.46581302689e-08 -2.26688883057e-09 2.789712071e-08 -2.71870023313e-08 5.54314032122e-09 3.25151119881e-08 -4.38160014998e-08 -1.16343413669e-09 5.14056856186e-08 -6.53220906506e-08 -1.25264078913e-08 7.59139127057e-08 -5.53595810399e-09 -1.48622300082e-09 1.39740276934e-08 -5.40979514941e-08 1.83315033615e-08 4.27585636927e-08 -6.8733486855e-08 -6.22671010624e-09 7.23446662493e-08 -3.28551737405e-08 -2.17006535918e-08 5.07508336314e-08 -5.70172086018e-08 -2.44639470604e-09 4.88087526094e-08 -5.2872507519e-08 -2.69441865553e-09 4.97081969804e-08 -4.21817013107e-09 2.75615863966e-09 5.29923867896e-09 -6.45146146819e-08 -2.96654975922e-08 6.40687903391e-08 -3.03201239405e-08 -8.47278250223e-11 2.12993563828e-08 -7.81743367216e-08 4.60267593154e-09 7.38656847131e-08 -5.84296386145e-08 -1.03776190672e-08 6.77833821264e-08 -5.31000948387e-08 -8.84209484231e-09 5.09702409188e-08 -1.61029218579e-08 3.94044953323e-09 7.65430954934e-09 -5.21436141996e-08 -1.50955703142e-08 5.15652692047e-08 -7.3337633451e-08 -6.06541540519e-10 8.04181006374e-08 -4.68000292371e-08 6.05247437669e-09 5.29395415486e-08 -2.97971736713e-08 3.7591532683e-09 1.98221033805e-08 -4.88069504911e-08 -1.24171490321e-08 5.3440768691e-08 -6.56667499267e-08 -3.25260069293e-09 6.66427693616e-08 -7.80586249475e-08 3.98331948353e-09 6.64793009712e-08 -4.33096131613e-08 -2.44900486366e-09 4.09532453181e-08 -4.51971430893e-08 1.21219253668e-08 4.58629658267e-08 -3.67592383153e-08 -9.84459115563e-09 4.22992893055e-08 -6.64883414188e-08 -7.31302067169e-09 8.18122947228e-08 -1.43909456987e-08 -1.15444822585e-08 1.67082341322e-08 -7.91057088722e-08 7.96026398054e-09 7.56375139961e-08 -4.26716385554e-08 -2.98090437114e-09 2.30836751976e-08 -7.24005376502e-08 4.71451083372e-10 7.23236444027e-08 -6.82631750283e-08 -8.32820384168e-09 8.03239636975e-08 -5.06515527624e-08 4.4890354849e-09 4.16741380664e-08 -7.23387740735e-08 -1.92228878622e-08 9.07676523177e-08 -4.79322897753e-08 4.9632820987e-09 4.22668015838e-08 -2.7434413766e-08 7.57632054172e-09 2.36164182921e-08 -5.55910133999e-09 2.50062639305e-09 5.47203982966e-08 -5.6704826278e-08 -4.66081822826e-11 4.64265073673e-08 -7.51163080643e-08 7.01321635962e-09 7.09964333982e-08 -3.32636971567e-08 2.26054390718e-08 3.27391828237e-08 -6.67425793163e-08 7.80046084442e-09 5.54513783457e-08 -4.98712611712e-08 -1.10050960046e-09 5.79021332071e-08 -3.52541613989e-08 5.21329880857e-09 2.11853702429e-08 -3.77645524319e-08 8.1521319617e-09 5.86651893294e-08 -4.78992190408e-08 9.07534121916e-09 4.18547183633e-08 -4.14190750769e-08 2.83090197071e-09 3.47653812341e-08 -2.85365343499e-08 6.92716726797e-09 2.68213093626e-08 -5.43461861264e-08 -2.73996555128e-08 6.88495186266e-08 -4.76747125778e-08 -2.17886759482e-08 5.06956494476e-08 -1.9767453499e-08 3.75129162074e-09 2.16177409657e-08 -7.43586159792e-08 8.79552122783e-09 4.95317189961e-08 -8.93367167072e-08 8.90100885411e-09 6.42006483146e-08 -5.57774516913e-08 -4.80554529539e-09 8.40349115616e-08 -5.22847035589e-08 -3.34210997082e-09 5.20611325697e-08 -4.40183624646e-08 -4.70551475121e-09 4.41178725745e-08 -6.73698901964e-08 8.7175138467e-09 4.90067241227e-08 -7.51223059274e-08 -1.27237784424e-08 7.37518104167e-08 -6.8851889018e-08 -2.82245711883e-09 7.67546122879e-08 -4.82545987127e-08 4.63143877467e-10 4.90320301424e-08 -7.80243179076e-08 -2.88827045973e-09 8.03554512904e-08 -7.95947217537e-08 -1.72251779413e-09 7.70986868255e-08 -4.43706332776e-08 -3.35395462444e-09 8.77393434685e-08 -4.58077035257e-08 -9.79912010712e-09 2.3414685785e-08 -4.33494911772e-08 -3.39891075192e-09 5.8756432502e-08 -5.15349336462e-08 7.80675364077e-09 5.44038447014e-08 -3.91693957561e-08 1.21379440716e-08 2.73816965472e-08 -5.01021758859e-08 -3.39459194653e-09 4.86607976618e-08 -5.24154226847e-09 2.61454960458e-10 8.65166341283e-09 -4.12337606133e-08 -4.37006653337e-09 6.24832938431e-08 -4.5305519641e-08 -7.7481407624e-09 4.58146612991e-08 -6.41231821704e-08 1.15929729968e-08 5.04508969912e-08 -2.25071651787e-08 0 2.20629043444e-08 -5.53280500044e-08 3.9630551428e-09 3.92517176197e-08 -3.35790320838e-08 5.38322868648e-10 1.23701527127e-08 -7.80715106e-08 -2.15659707356e-09 7.9663848429e-08 -4.09235393176e-08 -2.34919322793e-08 5.31559448599e-08 -2.09344931587e-08 -1.13143371593e-08 1.99082380159e-08 -2.51348547697e-08 -7.72786300415e-09 4.72957989978e-08 -4.40510556415e-08 2.62109107776e-09 5.18409305524e-08 -6.64773296324e-08 -3.03661032054e-09 8.21987789109e-08 -3.77121108022e-08 -3.65700908197e-09 3.62529002382e-08 -3.27476806882e-08 1.14326395098e-08 2.96410427408e-08 -5.53256538994e-08 5.34831742398e-09 5.56262534304e-08 -4.62908487838e-08 2.35640578907e-10 4.4830150669e-08 -7.90652394825e-08 5.5610913721e-09 7.06224933483e-08 -7.62951640277e-08 7.5413077641e-09 7.04133769462e-08 -6.82249534739e-08 -8.79372791452e-09 7.74215623965e-08 -4.2322901997e-08 2.36173961739e-08 4.93253995933e-08 -4.56722510025e-08 -9.844285745e-09 6.35009539435e-08 -4.96298552261e-08 -3.99627980946e-09 4.83840639108e-08 -3.67343079738e-08 -1.00543571233e-08 4.53283084919e-08 -6.42892323802e-08 1.42816459734e-08 4.89052886835e-08 -7.55941842039e-08 4.38862990502e-09 7.84481356285e-08 -7.88919882877e-08 -8.20034547644e-10 7.39893649814e-08 -3.98057417011e-08 -7.83336395229e-09 6.21300371134e-08 -6.82300259254e-08 -1.34005639615e-08 7.31402043943e-08 -4.75585751163e-08 1.3491180516e-08 3.0606640833e-08 -5.6253199205e-08 -5.57455955627e-09 5.14999806179e-08 -3.51359451889e-08 -7.38173010595e-09 3.99755522912e-08 -6.11955418578e-08 -9.32743315928e-09 7.16699221196e-08 -5.71490734653e-08 1.24264414352e-08 5.14307454152e-08 -5.01726771601e-08 2.35754027924e-10 5.19161702396e-08 -4.81669108667e-08 5.91287226517e-09 4.44412475442e-08 -4.84589716163e-08 2.00446911638e-10 5.59327892116e-08 -4.19191047452e-08 -6.37855386278e-09 6.29014739068e-08 -7.05318817474e-08 2.05766112407e-09 6.68655047695e-08 -7.62551898462e-08 7.10908762738e-09 8.21165495907e-08 -5.50102831054e-08 2.22736428472e-09 4.84498891021e-08 -4.84037533248e-08 -5.91437161975e-09 4.66957493301e-08 -2.92477464234e-08 -1.0667644473e-08 3.97246378428e-08 -7.62170579165e-08 -2.38590398095e-10 7.52161912678e-08 -5.62021241392e-08 5.46097633365e-09 5.13963687121e-08 -9.64420293569e-09 -7.78057393862e-09 4.6792758198e-08 -7.10257250386e-08 -3.76003579033e-09 7.44350355476e-08 -7.14635255241e-08 -5.3088903126e-09 7.52416943254e-08 -5.4103137015e-08 -8.59052350532e-09 5.29333431892e-08 -4.24853629647e-08 -1.87780072137e-08 4.79229136081e-08 -5.30355941505e-08 4.95928752502e-09 5.07553100296e-08 -6.51068211294e-08 -9.48828994082e-09 7.4608318822e-08 -4.9411014907e-08 -1.17058911735e-08 6.52878164309e-08 -7.20833987404e-08 4.92409551929e-09 8.15387267258e-08 -5.82756891128e-08 2.1249251186e-09 4.17203272537e-08 -6.98629521765e-08 -4.01001903107e-09 7.5636264165e-08 -5.22815095428e-08 1.80319735793e-09 5.48670469623e-08 -6.63733973192e-08 1.42411176821e-08 7.56005761697e-08 -4.54046574105e-08 -9.67179516479e-09 6.19196873347e-08 -5.56015709522e-08 -1.74251036513e-11 4.65484962224e-08 -7.6642793072e-08 1.25769831862e-08 5.84648189676e-08 -2.51925473882e-08 1.06965204997e-08 2.15139951472e-08 -7.31539148693e-08 -5.7979132396e-09 7.38932619999e-08 -9.6826376242e-09 -4.35677473994e-10 4.27239929809e-08 -7.87979751848e-08 1.29144417097e-08 8.25248435388e-08 -3.50434245046e-08 -2.01916894803e-09 4.45854022518e-08 -7.57961827843e-08 4.98554113309e-09 7.40955720869e-08 -2.51421616103e-08 -7.1756064738e-10 3.02790492692e-08 -6.3504858901e-08 7.6674502659e-09 4.66459910635e-08 -3.00202302106e-08 -6.85468009086e-09 3.96905209133e-08 -5.67238714747e-08 3.592406115e-09 5.24350027346e-08 -7.19230492228e-08 2.5374427733e-09 7.77930762007e-08 -8.01213882088e-09 9.3155475818e-10 1.16381169246e-08 -8.66898544847e-08 8.38182247828e-09 8.15628074537e-08 -4.84259655801e-08 -1.2483197639e-09 3.69676430202e-08 -3.67310019623e-08 -1.95648809546e-08 4.67968175621e-08 -5.16715666834e-08 -2.92285658486e-08 3.45062249133e-08 -8.15055937585e-08 -8.49258639717e-10 7.21064490308e-08 -2.82126360131e-08 5.2683539308e-09 2.3303394144e-08 -4.25553933714e-08 1.40205509274e-09 4.02049782011e-08 -5.46711776908e-08 2.11307419072e-08 6.31389007255e-08 -2.33824178179e-08 3.56972301617e-09 1.33244911653e-08 -7.01213365503e-08 1.39312408867e-09 6.76434927866e-08 -4.3596670643e-08 -1.11416667391e-08 4.17641756814e-08 -4.91853737608e-08 -3.18778637159e-09 4.99760676595e-08 -4.44164540071e-08 -3.02394391175e-09 4.79789982449e-08 -4.203702161e-08 -1.37798825441e-08 4.77573607052e-08 -5.48991651144e-08 -4.11785981984e-09 4.75409205782e-08 -2.78873447884e-08 -1.63926213805e-08 4.26856962827e-08 -1.62416271291e-08 -4.99196304972e-10 4.1909343126e-08 -3.10641383541e-08 4.49359486662e-09 2.58925397973e-08 -4.95232729967e-08 -3.6713507726e-09 4.63575911225e-08 -7.14121785578e-08 -9.75906127307e-09 8.48448547031e-08 -3.40792767901e-08 7.80810534269e-10 2.7758980146e-08 -3.781647471e-08 -7.81208324686e-09 3.88017350178e-08 -3.42485587381e-08 4.99719274305e-09 3.78396465794e-08 -6.49603570417e-08 -3.81576596161e-09 6.29804448613e-08 -7.91650956159e-08 -2.24193814703e-09 7.9209103793e-08 -5.39607184821e-08 -2.0421325712e-08 6.01549264472e-08 -9.47561474118e-09 -3.3997174705e-09 6.68066270081e-09 -4.78332414493e-08 -9.29317065573e-10 5.80176412101e-08 -4.43218067602e-08 -4.87824360664e-09 4.44489119268e-08 -2.34219228151e-08 -1.87228513807e-08 3.89515003715e-08 -4.57096165278e-08 -2.34523517311e-09 4.5804558721e-08 -6.33356637273e-08 3.16454844878e-09 4.8043347775e-08 -7.27533735415e-08 -2.68750321819e-09 7.13738821475e-08 -2.44006539767e-08 8.42897765283e-09 2.05340066726e-08 -2.55065568933e-08 -2.01005673189e-09 3.09807912592e-08 -7.39369656487e-08 -4.71583758974e-09 7.91590147647e-08 -5.66635495559e-08 -3.64135775996e-09 6.79463944745e-08 -6.14384872012e-08 1.95962431339e-09 5.65388721667e-08 -1.43767385122e-08 3.78582527007e-09 1.80563194266e-08 -2.91580029049e-08 -1.55378177688e-09 1.85744087629e-08 -1.93065155101e-08 -7.01941009637e-10 4.77937538507e-08 -6.72854211048e-08 2.84156496786e-09 7.55843797164e-08 -2.72500755002e-08 3.30573431808e-09 2.1843476155e-08 -8.10709972622e-08 1.59114753618e-08 6.89105545269e-08 -4.48364409556e-08 2.01856870139e-09 4.25938369304e-08 -3.29015329039e-08 2.34945962128e-10 3.84420968214e-08 -4.35166610801e-08 -1.31092660512e-08 6.39512307732e-08 -7.2881988365e-08 5.83878146477e-09 7.13693374579e-08 -7.09203303167e-08 2.7156401911e-09 5.92337921174e-08 -4.57123940533e-08 3.95063387512e-09 4.5339800406e-08 -4.48850531581e-08 3.75908323145e-09 5.08213761775e-08 -7.24427530904e-08 1.02426925228e-08 5.05121088876e-08 -7.33060644285e-08 -1.21222843076e-09 7.81451778753e-08 -5.03873047717e-08 -4.04860390523e-11 5.90808900826e-08 -6.01109575357e-08 1.02685114022e-08 4.75857085321e-08 -5.06530080998e-08 -9.21716533011e-09 5.78466183678e-08 -6.66278534016e-08 1.23457270043e-08 4.6560896445e-08 -3.98552520691e-08 2.72088738279e-09 5.23010588845e-08 -5.22997346799e-08 -9.85681060803e-10 4.98778652604e-08 -4.45851962853e-08 0 4.43373871894e-08 -6.6429850499e-08 -1.25326817976e-08 8.21185422213e-08 -2.43443290615e-08 -1.31930352116e-09 1.22488039897e-08 -4.58357566588e-08 -5.3257704e-09 4.76974306271e-08 -3.66451278614e-08 2.14695026898e-08 3.11494590108e-08 -5.34874177878e-08 8.43803265927e-09 4.59769679721e-08 -7.09857887731e-08 3.52688200865e-10 7.41962252206e-08 -5.16383342089e-08 2.68610399482e-09 5.09538523257e-08 -3.97096584394e-08 6.91305267443e-09 4.55772054368e-08 -3.76947829057e-08 -4.5143983721e-09 4.1515160179e-08 -1.39810657194e-08 -1.8098743234e-09 5.62669936569e-08 -1.21010356631e-08 -2.54109034653e-09 2.54380781288e-08 -4.29379145914e-08 1.0587833025e-08 2.79563656691e-08 -2.64832132621e-08 4.51423840598e-09 2.76151389576e-08 -1.77500951101e-08 -1.88022719447e-09 1.34684974794e-08 -7.81693795868e-08 4.95870619859e-09 7.6933022943e-08 -6.26263082237e-08 -7.77503586325e-09 7.24593640136e-08 -3.96974617963e-08 -4.57332643686e-09 5.92490387502e-08 -7.3723699675e-08 -3.27178403135e-09 8.4162521636e-08 -7.54644474324e-08 1.08185405307e-08 7.32347830734e-08 -4.48175263215e-08 -1.99154333053e-09 6.13506996575e-08 -7.05265647443e-08 -5.57165937017e-09 6.43126026064e-08 -4.52272335459e-08 4.21745864273e-09 3.93862687643e-08 -5.53749878613e-08 3.48687398385e-09 5.39200216051e-08 -7.14427171503e-08 -3.19749413056e-09 7.51046347723e-08 -5.50613233061e-08 2.85732232636e-09 5.31762977611e-08 -6.33094515061e-08 8.76977968689e-09 4.50459055756e-08 -8.08355397532e-08 -4.64428839747e-10 7.21410819895e-08 -2.84547943711e-08 4.6524834575e-09 2.62585183128e-08 -3.86079606212e-08 -6.95614096879e-09 3.75683007227e-08 -3.71255888383e-08 -4.74263379666e-09 3.51656979435e-08 -6.97326695812e-08 1.37763674406e-09 7.86512716249e-08 -3.06563151969e-08 7.32738400186e-10 2.1670326127e-08 -7.46996207316e-08 2.59543801934e-09 6.88170571968e-08 -7.17574445828e-08 -3.25613670098e-09 7.62994511235e-08 -7.79302906752e-08 1.24822011353e-09 7.52011435267e-08 -4.05122509415e-08 -2.63946227969e-08 5.49749526695e-08 -5.58662584241e-08 -8.55811758517e-09 5.02884137046e-08 -4.82761546475e-08 -1.03756497922e-08 4.81063440893e-08 -7.43619796283e-08 -5.73479405124e-09 8.08716209836e-08 -6.14163330569e-08 6.89421292893e-09 5.41732698638e-08 -3.27672807264e-08 7.22048842995e-09 2.30796103061e-08 -4.36160972174e-08 0 4.23957468704e-08 -6.25295674968e-08 7.14251318645e-09 2.11434482797e-08 -4.76056664332e-08 2.58571554041e-08 5.63404566051e-08 -4.95985084291e-08 -9.72271586585e-09 5.42333285483e-08 -7.69256992024e-08 2.54735934297e-09 7.55812088156e-08 -7.0815514699e-08 7.20335661768e-09 5.70779700201e-08 -5.4252807468e-08 -6.64463542531e-09 4.55628280969e-08 -4.87284579445e-08 -2.80981160689e-09 5.32777740161e-08 -3.67719965359e-08 9.21576784592e-10 4.3430021751e-08 -7.8564377078e-08 -1.4530729037e-09 7.5359792127e-08 -8.32073103417e-08 2.76139693256e-09 7.8584939241e-08 -6.56150940462e-08 -7.78858790252e-09 6.35320431279e-08 -4.47340442743e-08 -6.19085190616e-09 4.48231343183e-08 -3.87456131828e-08 -6.39748553291e-09 4.34610416057e-08 -7.77465187748e-08 5.57590531703e-09 7.70983732839e-08 -7.20159715648e-08 -3.31453416513e-09 7.98303878529e-08 -9.83197177757e-09 2.39959209103e-09 2.39777064699e-08 -5.18091604129e-08 5.39550054958e-09 4.98764091385e-08 -7.92147999822e-08 -1.66096778424e-09 7.6209515985e-08 -7.55743626342e-08 -8.16937529457e-10 7.24894440641e-08 -3.19842750386e-08 -7.87796952942e-09 2.69855371635e-08 -7.43655539057e-08 1.7080556553e-08 6.57639228486e-08 -6.17400486231e-08 1.64549366785e-08 5.24583130883e-08 -3.21459992943e-08 -3.16433407359e-09 3.81368143755e-08 -5.22659106997e-08 -9.35904827144e-09 6.87122014771e-08 -7.22113262071e-08 3.41631321167e-09 6.13989802745e-08 -7.03191001507e-08 -1.04213261655e-08 7.73348465674e-08 -7.25854377827e-08 -1.63837403981e-09 7.60284998707e-08 -4.33796717821e-08 0 4.27237422064e-08 -7.61108254936e-08 -7.50480315501e-09 7.44552661621e-08 -4.99730267129e-08 8.55837667327e-09 3.63142265501e-08 -6.40298926891e-08 -4.7191406662e-09 7.36613957582e-08 -6.71900463099e-08 -1.62209618778e-10 7.27157647485e-08 -6.65429028106e-08 1.14835624582e-08 6.10001281919e-08 -4.9236855569e-08 -1.03351404695e-08 7.02906806613e-08 -4.92822267337e-08 2.70438150956e-09 5.92329453055e-08 -6.15931743411e-08 -6.13030412162e-09 8.46092895275e-08 -2.79989161733e-08 1.43604130211e-08 3.50319093898e-08 -7.36189318613e-08 6.98660066547e-09 6.31433864383e-08 -4.11827573605e-08 1.23203068349e-09 4.01425160173e-08 -6.63840613281e-08 -5.02582130743e-09 7.50299646118e-08 -3.91113151451e-08 -2.32272961297e-09 3.73232961761e-08 -7.19538835266e-08 3.89289375881e-09 6.93793872175e-08 -7.18518888526e-08 -7.48750676652e-09 7.11018854471e-08 -6.45905094239e-08 -1.11506420889e-09 5.84401690889e-08 -7.53463208806e-08 8.73157072293e-09 8.0415044246e-08 -4.76125347532e-08 -1.69834341069e-09 7.46530176726e-08 -7.57192005991e-08 1.65344231994e-08 6.31963465283e-08 -1.02037646334e-08 -3.5740498234e-09 6.72430838159e-09 -4.98674510706e-08 -9.00626438339e-09 9.60561631082e-08 -4.95912153036e-08 1.65310750802e-09 4.82504065251e-08 -7.23513200372e-08 -1.27248985034e-10 7.80507870396e-08 -5.45961736021e-08 -5.22394001389e-09 9.45149334178e-08 -6.79170715144e-08 7.0419822764e-09 5.30343641345e-08 -7.52118582212e-08 -2.99244671653e-09 7.53326357149e-08 -6.11453359351e-08 4.19851501279e-09 4.85237193845e-08 -6.45957656221e-08 8.19547623487e-09 6.84401091616e-08 -4.58263021595e-08 -1.1486934422e-08 6.31831596441e-08 -8.10441527593e-08 1.95656234486e-08 6.92230399407e-08 -7.51816638609e-08 2.69169560171e-09 7.22480250845e-08 -5.74650714361e-08 -1.63378265328e-08 7.68727395593e-08 -5.43352176902e-08 4.67271025535e-09 5.91462355657e-08 -2.90491463636e-08 -2.85567332633e-09 3.10941419755e-08 -4.49636961784e-08 -4.85500732066e-09 6.375664929e-08 -8.8563508271e-08 1.77371964288e-08 6.53701234784e-08 -4.51102055481e-08 -4.11897219408e-09 4.66670378918e-08 -7.3289774657e-08 -4.95109824343e-10 7.4422072074e-08 -6.59584342157e-08 -1.46238198019e-08 7.10533280714e-08 -7.5147961685e-08 7.92513813579e-09 7.39151542479e-08 -7.53053635114e-08 1.71656609151e-09 7.8886576751e-08 -7.28398123136e-08 2.62355079726e-09 6.49109499271e-08 -5.37642767292e-08 4.44495037915e-09 4.09245042506e-08 -6.67424799437e-08 -4.75971525324e-09 7.97583868762e-08 -7.55738567688e-08 1.48236128665e-08 5.30593757775e-08 -5.02601149755e-08 -2.64070458711e-09 5.23504121571e-08 -3.96445373646e-08 -1.01695071143e-08 4.84165104993e-08 -5.33955567351e-08 -9.24834249685e-09 9.55270302234e-08 -5.42998628767e-08 -1.57960489276e-08 5.58060080155e-08 -2.93644298557e-08 -8.30376144162e-09 4.84166173772e-08 -2.25795551591e-08 -5.31842699545e-09 2.41247097689e-08 -2.53714958969e-08 -7.41575085971e-09 3.19678743746e-08 -7.42151276191e-08 -1.81448353222e-09 6.43429487637e-08 -4.7023136617e-08 -6.31434148974e-09 6.75989894421e-08 -6.38678905641e-08 9.86598175171e-09 5.01822123104e-08 -5.73726574885e-08 2.63549473313e-09 4.06345664817e-08 -2.98390283498e-08 -9.19694777836e-09 5.04064946997e-08 -5.33355988186e-08 4.04343462534e-09 4.5892172217e-08 -3.22153150697e-08 5.43236979704e-10 3.34560833057e-08 -4.35401638997e-08 -1.2898410681e-09 6.44052590639e-08 -5.23128076199e-08 -3.15652971931e-09 5.70719798588e-08 -5.34968970561e-08 -9.70788364159e-10 5.38981714862e-08 -4.41365377096e-08 -4.00739563231e-09 6.320837612e-08 -5.88359914855e-08 1.86367580216e-08 6.88262905431e-08 -5.46799556531e-08 6.63612210657e-09 5.2678031014e-08 -1.83095918447e-08 9.05712515048e-09 5.08916060738e-08 -2.28253864463e-08 7.77674637957e-09 2.00721324729e-08 -6.92850819972e-08 -1.53093438729e-08 7.83565292902e-08 -5.15456953337e-08 -8.05631745767e-09 6.21934084304e-08 -7.54703472833e-08 1.2657680882e-09 7.64963926805e-08 -3.31471479478e-08 9.15589115124e-09 2.20820196813e-08 -2.8634231012e-08 -3.03498636862e-09 2.57477526675e-08 -6.6879624876e-08 3.97833639947e-09 7.24757236255e-08 -7.40204657139e-08 -1.50309020046e-08 4.2172605885e-08 -5.13511338458e-08 -1.10354062729e-08 7.01410524924e-08 -6.26495974812e-08 -1.2360547125e-08 6.71779218628e-08 -7.10570816784e-08 -6.47697407818e-09 7.90673141587e-08 -5.84939808589e-08 2.06798569186e-09 5.06937615092e-08 -6.96675904527e-08 -2.81049836915e-09 7.92280282936e-08 -7.84551415495e-08 7.04414376554e-09 7.61696571092e-08 -8.07258742508e-08 1.55042020244e-08 6.03347916744e-08 -1.79963368295e-08 9.44531343246e-09 2.17374052973e-08 -7.68219010363e-08 2.23399814833e-09 7.3277168749e-08 -6.46642682026e-08 7.37137783728e-09 6.67890510359e-08 -3.44596355373e-08 8.30221093258e-09 2.32440436421e-08 -5.06924668797e-08 2.2323643003e-08 5.32362833208e-08 -7.52554548044e-08 9.70050322159e-11 7.79894730164e-08 -5.30344409194e-08 -1.60609484849e-09 5.17539708896e-08 -5.55925943559e-08 -1.44839741831e-10 9.13118983368e-08 -7.07004693323e-08 3.26178294916e-09 7.47689664203e-08 -7.83018331892e-08 2.19298411157e-09 7.13295308479e-08 -4.68984414912e-09 3.66194515618e-09 1.35742926815e-08 -2.41116752348e-08 -6.15594411371e-09 6.53446807552e-08 -6.81591931124e-08 6.98160762914e-09 5.0594265744e-08 -6.84482356723e-08 5.10837634367e-09 7.32586205602e-08 -7.77335980016e-08 5.0960468653e-09 7.50293900999e-08 -5.11487992164e-08 -1.29555469449e-09 5.32170292121e-08 -1.1530658535e-08 8.1375103947e-09 1.69438255311e-08 -7.56551792696e-08 -4.49603084626e-09 6.6547674448e-08 -5.68457996664e-08 -7.61151441195e-09 7.07408149368e-08 -5.50467850229e-08 2.14759581561e-08 5.9589583116e-08 -8.35172149675e-08 3.09242297608e-09 6.67180234189e-08 -7.86601119714e-08 -4.94593358194e-09 7.54677294002e-08 -2.50372271158e-08 -9.82010430922e-10 2.08557201471e-08 -7.58924565201e-08 1.2499297848e-09 7.85172364411e-08 -7.41692811794e-08 2.17295487101e-09 7.96266491285e-08 -7.53304488108e-08 -4.23678750265e-09 8.14921287198e-08 -6.41128113435e-08 -6.21165515476e-09 7.29205167792e-08 -6.52431753642e-08 1.00340217793e-08 4.76984444247e-08 -5.68498268184e-08 -3.00008792322e-09 7.02687676268e-08 -4.16514597614e-08 -3.94536111131e-09 4.17993353161e-08 -6.47489238249e-08 -2.23226988713e-09 8.22456511827e-08 -6.93134407181e-08 -1.49049091276e-09 7.92019804057e-08 -6.31022109943e-08 -1.32667796268e-09 5.89006563688e-08 -8.04284697727e-08 -1.31286380093e-09 7.47101420271e-08 -7.97257531764e-08 -1.86982336347e-10 8.14992123032e-08 -7.66210053162e-08 1.28000179081e-08 6.27486273711e-08 -2.17085291691e-08 -8.11630796577e-09 2.50568064682e-08 -7.7001987076e-09 1.62794580288e-09 7.08822938039e-09 -6.67517600985e-08 -5.32319987286e-09 7.23715574791e-08 -7.25009239594e-08 -1.73614632046e-09 7.43510606739e-08 -4.85181976399e-08 8.29594941846e-09 4.34644494431e-08 -5.16185205615e-08 5.54327107244e-10 5.54325031083e-08 -7.78400907917e-08 -3.99017818832e-09 7.86946118143e-08 -2.19705408457e-08 8.18772140384e-09 2.67316742309e-08 -4.64321349262e-08 -1.24831466743e-08 6.75926614196e-08 -2.53396557356e-08 -2.48484327925e-09 1.5109140906e-08 -4.58184165717e-08 -8.45405947744e-09 4.22088160089e-08 -7.28519915785e-08 6.41950001237e-10 6.48115879518e-08 -7.52575158014e-08 -1.24082342002e-08 7.98292474203e-08 -7.64237436845e-08 1.15836419618e-08 6.64236669137e-08 -7.02922605862e-08 -6.0148581061e-09 7.11506955561e-08 -4.94631533453e-08 6.2983543752e-10 5.31658621163e-08 -5.35651105676e-08 -9.15200215427e-09 6.70685444039e-08 -4.81876989436e-08 9.9740731267e-09 4.07543767375e-08 -2.72532002787e-08 -3.24216435047e-09 2.8828816062e-08 -4.04825605264e-08 -6.28694594999e-09 4.26234151341e-08 -1.15959797327e-08 -3.09081199574e-09 1.2370121437e-08 -2.82719334471e-08 -1.70878375889e-09 2.532041996e-08 -5.64360771771e-08 1.85889461459e-08 4.63633002529e-08 -2.16900375196e-08 1.59268707315e-09 3.1205498297e-08 -7.06071451347e-08 8.00170768239e-10 7.47695180068e-08 -4.10434933089e-08 -9.15268648661e-09 6.48480071495e-08 -6.58309427877e-08 -6.86497020921e-09 7.49280952639e-08 -7.35155763874e-08 2.09900886061e-09 7.30778518938e-08 -3.74677291166e-08 4.45276535721e-10 4.56564392756e-08 -7.73361160518e-08 6.08006425582e-09 7.65540537171e-08 -6.93361153907e-08 7.32408579194e-09 6.35196466747e-08 -8.0511019107e-08 1.10023000934e-09 7.90223586235e-08 -4.43496207284e-08 1.35064027853e-08 1.94679775112e-08 -6.89725766341e-08 3.10516798288e-09 7.56256669864e-08 -8.52710448022e-08 1.5968481487e-09 8.72504612558e-08 -5.09179465172e-08 -5.79769600061e-09 6.95582057836e-08 -7.77611512441e-08 -7.83060729049e-10 7.2114687032e-08 -4.06700509761e-08 -1.07078641953e-09 4.26407344905e-08 -5.1648818869e-08 -7.8894489763e-09 6.3073292955e-08 -5.36877157924e-08 4.61713822241e-09 4.75545627824e-08 -2.86383745183e-08 -5.61291022479e-09 3.67646292109e-08 -7.56236742239e-08 -5.04155945708e-09 8.12047043559e-08 -5.25524407581e-08 0 5.24008301732e-08 -6.78891969513e-08 -1.59290827377e-08 7.3084357961e-08 -4.59435060258e-08 1.47543838711e-09 3.59983191828e-08 -7.43089211202e-08 1.26520656191e-10 7.3014901036e-08 -7.79017079316e-08 1.03903856122e-08 6.54620236409e-08 -3.67262331092e-08 -7.74466100029e-09 3.94922829605e-08 -6.74716527235e-08 -1.18090810217e-08 8.61545857686e-08 -5.86796650551e-08 5.75628250711e-09 6.25908590752e-08 -7.24826856737e-08 1.20252301728e-10 7.34265895919e-08 -3.28877614502e-08 -1.9286017258e-09 4.06195611317e-08 -7.44479008055e-08 -1.26508242567e-09 7.257596311e-08 -2.59509672865e-08 -4.13118396655e-09 3.99631041318e-08 -5.5045972792e-08 -2.62735459658e-09 5.61567220742e-08 -3.87677443717e-08 7.75207356491e-09 3.9767878454e-08 -3.65737253599e-08 8.19924159686e-09 3.67838984657e-08 -9.45815766201e-08 3.17181017925e-09 6.77172107585e-08 -7.60759381767e-08 -1.03453523957e-09 7.93884343174e-08 -9.84035636679e-08 9.84087987345e-09 4.58750234599e-08 -7.65947164444e-08 -4.32831769664e-09 6.84094080142e-08 -5.21896033619e-08 8.6932725572e-09 5.11696370735e-08 -6.469239349e-08 -4.57585318148e-09 7.24145584835e-08 -2.30570140952e-08 -6.2487890069e-09 2.31808731243e-08 -7.94912735651e-08 5.80313824629e-11 7.9857383877e-08 -7.77035967611e-08 -1.73869538216e-09 7.65876232222e-08 -7.33358135335e-08 -6.09367644835e-09 8.26369668163e-08 -6.30312705579e-08 4.77508643732e-09 5.32715326308e-08 -6.32559022324e-08 -3.94334882497e-09 7.61165661417e-08 -6.66132494587e-09 -3.79435651034e-09 8.11380509966e-09 -5.2574593865e-08 2.40212100662e-09 5.70341643635e-08 -5.04210778001e-08 3.16787320656e-08 4.60626533548e-08 -2.21858635682e-08 -4.98977438945e-09 3.18310960093e-08 -7.5246778318e-08 -2.34479937771e-09 7.14142497961e-08 -3.29734450543e-08 -7.12392832861e-09 4.0976421635e-08 -3.05008614221e-09 0 3.18245478119e-09 -2.08858054836e-08 -5.17974337076e-09 2.59995351989e-08 -5.08319751413e-08 1.2091368855e-09 4.27440009083e-08 -6.53267472882e-08 1.00370396652e-08 4.98454515856e-08 -4.60884890971e-08 -8.16275549248e-09 4.1370537504e-08 -2.04433854937e-08 -1.68173996405e-09 2.64234272685e-08 -3.84962818206e-08 -1.17043262491e-08 6.41948416351e-08 -6.84311803632e-08 -1.177060427e-08 7.2730856569e-08 -7.55751893227e-08 2.89890120351e-09 6.60661069098e-08 -2.26461608509e-08 1.35003640809e-08 2.85872927481e-08 -5.50850734436e-08 -2.31793599827e-09 5.07152660369e-08 -8.05686291234e-08 1.39067517934e-09 6.89106340998e-08 -2.94790515164e-08 -1.04347627e-08 2.91100811972e-08 -7.95771125328e-08 4.4805662731e-09 7.78769727367e-08 -4.6309387799e-08 2.70725998707e-09 5.42979105774e-08 -6.27480105993e-08 -1.04540236002e-08 7.41509927395e-08 -7.90885903072e-08 3.74077523906e-09 7.41535161315e-08 -5.00568698596e-08 0 5.05120462595e-08 -7.35041715326e-09 -7.4219810626e-10 5.7005376734e-09 -4.6364149611e-08 -9.50435086005e-09 6.59262578946e-08 -5.69100035832e-08 -5.63798590576e-09 4.93005135219e-08 -9.09253088603e-08 9.55713614623e-09 5.38212558931e-08 -4.86133566736e-08 -1.59919987656e-08 5.31256076632e-08 -4.73832871031e-08 4.1214007148e-10 4.77919035565e-08 -7.53625181294e-08 5.23450788432e-09 7.13841153313e-08 -8.06389414536e-08 -2.1123710244e-09 7.43109966617e-08 -8.21672560336e-08 7.80327059098e-09 7.34630830769e-08 -5.0714212963e-08 -3.77521191999e-09 6.3812824013e-08 -9.93927839752e-08 1.06003292225e-08 5.35898522911e-08 -6.88826779086e-08 -5.57214380246e-09 6.75867267805e-08 -2.50636200308e-08 -9.71189952144e-09 3.14775751901e-08 -3.54619443213e-08 2.06533608085e-09 3.65222382721e-08 -3.95000093114e-08 3.84110089629e-10 3.83850315745e-08 -7.23363177138e-08 -2.73601047453e-09 7.56469797217e-08 -1.13537662799e-08 -2.99459907588e-09 1.49096773443e-08 -3.58215658937e-08 -1.55055307574e-09 3.57828372542e-08 -7.47952236577e-08 2.66019078002e-09 7.30933014423e-08 -5.69890993605e-08 -1.14280615807e-09 4.37490633393e-08 -8.11417641957e-08 2.57550166904e-09 9.24746219367e-08 -7.32161956675e-08 3.47082823674e-10 8.02150377359e-08 -8.30472758888e-08 -1.22438763454e-09 7.93299935458e-08 -6.74094819273e-08 8.32144677781e-09 4.64143363074e-08 -7.55559938215e-08 8.91245383984e-09 7.3277433914e-08 -2.68288877792e-08 8.14206301877e-09 2.16770818444e-08 -6.8183538893e-08 7.24549907183e-09 7.3345686582e-08 -5.30446787457e-08 1.29839787837e-08 5.27000488722e-08 -6.12119978802e-08 6.4469620878e-10 6.1321979847e-08 -7.52579280455e-08 -9.71771151249e-09 7.80414370996e-08 -3.47461244762e-08 -2.56219277303e-08 3.32574586611e-08 -3.70203992145e-08 -2.62273802967e-09 4.0218835408e-08 -6.50456554722e-08 -8.27561604112e-10 7.89781940322e-08 -6.89544158704e-08 -6.74231277272e-09 2.33919856631e-08 -7.70057359465e-08 -7.17937844292e-09 7.89153398091e-08 -3.60033550333e-08 2.26486814031e-09 5.25712053887e-08 -5.04801887697e-08 9.13787523788e-11 4.39942640974e-08 -7.28335950129e-08 -1.14162935246e-10 7.274718799e-08 -4.36160972174e-08 0 4.23957468704e-08 -6.53379531355e-08 1.16588441361e-08 5.04958682533e-08 -1.89067803186e-08 8.43213120814e-09 1.24525203849e-08 -4.65979135602e-08 -2.31041309498e-09 4.84220681411e-08 -4.9396887474e-08 -7.62768783753e-09 3.85482308682e-08 -7.194825502e-08 6.47084868886e-10 6.57677741112e-08 -5.46567261935e-08 3.77462558446e-09 5.49192166582e-08 -3.97112437405e-08 5.56364747755e-09 6.6912214468e-08 -4.29055647244e-08 4.09316383332e-09 5.81650987393e-08 -5.69636393277e-08 -5.68025573126e-09 5.16840038241e-08 -7.33752973169e-08 1.86288392645e-09 8.11689494502e-08 -4.5212093765e-08 1.0536412207e-08 4.02065304781e-08 -1.64451765896e-08 3.38189605608e-09 1.57282513676e-08 -7.35685842098e-08 8.71381103081e-10 6.90844293499e-08 -6.1623902432e-08 6.71503951984e-09 4.57315258197e-08 -5.23783869643e-08 1.28216517115e-08 4.59528704074e-08 -6.25064221846e-08 -5.96994011372e-09 7.74345468214e-08 -4.98518993352e-08 7.13113151013e-09 4.47219161058e-08 -6.2648954523e-08 -7.66532322312e-09 6.87369582415e-08 -2.61998311399e-08 -2.04472023948e-09 2.47098010102e-08 -4.74005352694e-08 -2.93438033646e-08 4.89812193292e-08 -7.98981139742e-08 7.50216872305e-09 6.59012193678e-08 -4.97854413407e-08 2.69175990112e-09 5.07694276947e-08 -3.25913728271e-08 6.46149514055e-09 2.16391146551e-08 -9.00088538958e-08 4.79202643143e-10 7.58451306399e-08 -6.58096728036e-08 -1.44737645704e-08 7.86016623027e-08 -6.27682127093e-08 -7.28847089701e-10 7.42632359878e-08 -7.34394929062e-08 7.55963998572e-09 6.09881201375e-08 -7.88779977731e-08 2.60974391094e-09 7.36504445937e-08 -7.98294945485e-08 6.08169413511e-09 7.20235455026e-08 -6.54211766279e-08 1.76218395909e-09 4.90552099101e-08 -7.86071090334e-08 1.4154553349e-08 6.54786518232e-08 -8.38903886302e-08 1.26082679452e-08 7.10722427429e-08 -3.44776657984e-08 -2.88078410377e-10 3.51696745745e-08 -9.43335105836e-08 5.85059188556e-09 5.89379347782e-08 -7.45552471255e-08 -5.38957186457e-09 7.33121419576e-08 -6.59227600225e-08 3.9858981026e-09 7.44266465731e-08 -4.69974807485e-08 0 4.72096148108e-08 -6.83607506704e-08 -3.03221411087e-10 7.62149089493e-08 -6.10320563374e-08 -7.21046531588e-09 8.41824287201e-08 -4.41412826879e-08 3.72417713527e-10 4.07122409797e-08 -8.45363792114e-08 2.48586601673e-09 6.16986749093e-08 -8.27103581535e-08 -2.95972637055e-10 7.50419248503e-08 -6.94925454633e-08 9.78840093804e-10 6.7677330203e-08 -4.54234268182e-08 -1.24872299719e-08 5.69274830933e-08 -7.66223478074e-08 6.5803063179e-10 7.80976744772e-08 -2.41217763633e-08 3.72849413664e-09 2.71623028126e-08 -6.99380802589e-08 -1.13722631787e-08 8.72983895818e-08 -8.25411194328e-08 6.94966698333e-09 7.4794310249e-08 -8.31609636976e-08 1.60010548897e-08 6.87511610643e-08 -7.78420535644e-08 4.50359203351e-09 7.37416305359e-08 -2.48319659235e-08 5.03475617788e-09 2.08474563536e-08 -4.00502662583e-08 -1.35990626103e-08 4.73493453984e-08 -7.66532751709e-08 6.08006135746e-09 7.5250348311e-08 -7.61660500817e-08 3.16894207672e-09 7.70200391276e-08 -7.35760234541e-08 8.40612314118e-09 5.88063023974e-08 -1.7696671878e-08 -2.31495203424e-09 2.12650480197e-08 -5.32250832553e-08 -2.48623755619e-09 5.16892259888e-08 -4.21945785876e-08 -5.12629458882e-09 4.41409951154e-08 -7.3755063106e-08 -3.32304968905e-09 7.6339857361e-08 -4.58445775457e-08 5.90737435412e-09 2.0115360413e-08 -5.82514863281e-08 2.06097649911e-08 4.24869225213e-08 -2.43535126687e-08 -3.59327014804e-09 3.6150017412e-08 -4.72509944244e-08 -1.12458589512e-08 5.77559145264e-08 -6.55425834029e-08 -1.05594299821e-08 7.43576979341e-08 -1.19292806359e-08 -3.80520975849e-09 2.23211527299e-08 -6.84958045675e-08 -2.36311927931e-10 7.41194887378e-08 -4.42467122122e-08 -7.40268546409e-09 6.35287968782e-08 -5.85193067242e-08 8.46337340408e-10 5.26800794948e-08 -7.7175847443e-08 1.94996860675e-09 7.42545072311e-08 -4.20961148273e-08 0 4.28930026853e-08 -5.25599698524e-08 7.01990216672e-09 4.28266151547e-08 -6.73479072319e-08 -3.52945020741e-09 3.09375275931e-08 -7.45172051425e-08 -4.17697843297e-09 7.47473850294e-08 -7.71289429934e-08 5.19657435341e-09 7.41380042345e-08 -2.49823634219e-08 1.24903637294e-09 3.08438619314e-08 -4.84926201638e-08 1.58758702828e-09 5.18988668723e-08 -4.94866466334e-08 3.49463073283e-09 4.47208821187e-08 -6.93580919876e-08 -1.10503593626e-08 7.36727523809e-08 -6.98748157432e-08 7.00612658142e-09 7.34572943422e-08 -7.80380741678e-08 7.36814582854e-10 7.82568567831e-08 -6.20615637822e-08 -8.74525509729e-09 7.78815760643e-08 -6.77086155151e-08 -1.4664216238e-08 7.92746006293e-08 -8.16770492913e-08 4.2929883399e-10 7.74435429729e-08 -2.52037401531e-08 -1.15107504515e-08 3.52184503435e-08 -7.34708622791e-08 -1.57303069673e-09 6.60986986937e-08 -7.08252096941e-08 2.78853338858e-09 7.29398347894e-08 -5.93292828382e-08 8.62587688499e-09 4.98825567591e-08 -2.54702804369e-08 -5.69265176657e-09 2.55940687481e-08 -9.57348044446e-09 2.05496860325e-10 5.72283002446e-09 -6.23663868332e-08 1.33228167662e-08 4.69623398404e-08 -4.97390015976e-08 -3.53957166003e-09 4.83984794059e-08 -5.4216174813e-08 3.02185428173e-09 6.10175829727e-08 -6.90968319716e-08 -3.50631476879e-09 7.655754523e-08 -8.1806911349e-08 1.3456051462e-08 6.03235750618e-08 -7.06175068456e-08 -1.30310667437e-08 7.59230158522e-08 -1.02770913319e-08 -1.72934802103e-09 4.96950222394e-09 -5.02388593208e-08 -3.14149385891e-09 5.39434378229e-08 -5.0060207556e-08 1.84280881238e-09 5.33370367826e-08 -5.67402076225e-08 4.1149361975e-09 4.82649269771e-08 -5.79998122851e-08 -2.09179755748e-09 6.16568315489e-08 -5.1588619374e-08 1.04848826498e-08 5.14359576608e-08 -4.93678736178e-09 -3.65346294239e-09 6.70839154723e-09 -7.34605085625e-08 4.13751765872e-09 7.25257649708e-08 -2.72122869595e-08 -6.26009194684e-09 2.66257517488e-08 -7.60719704583e-08 4.50722612015e-09 7.96937416423e-08 -3.71696771145e-08 -1.18530828464e-08 4.185856317e-08 -1.93456869629e-08 -2.120873802e-09 -3.51672005583e-10 -6.87638829894e-08 1.01031657753e-08 7.535904551e-08 -8.13531703615e-08 -7.05837196629e-10 9.90359415852e-08 -3.69503175858e-08 -2.80113787904e-09 3.67725121998e-08 -2.32673192086e-08 -3.82356683076e-09 2.50121365191e-08 -2.06554830624e-08 -2.71613305001e-09 2.97802442866e-08 -7.13487206104e-08 -1.5676769755e-09 7.68586788869e-08 -1.13404970753e-08 -1.18844291517e-09 1.03702177846e-08 -4.23125005419e-08 1.35994603439e-09 5.69700226139e-08 -3.71842541097e-08 -1.03459412268e-09 4.47571850059e-08 -8.78098930232e-08 -5.41165944779e-09 7.42623428954e-08 -7.29092051581e-08 1.78672373116e-09 7.23973358144e-08 -2.16237990747e-08 1.86001453522e-09 2.13459395946e-08 -7.22653339863e-08 1.03911445532e-08 4.80008542497e-08 -4.06645349925e-08 -2.13814071884e-09 6.05904986044e-08 -7.61154152981e-08 1.20514735439e-09 7.59616210182e-08 -7.84541780724e-08 -3.9911593448e-09 7.56905860527e-08 -3.3146496687e-08 2.0275901626e-09 2.96726017745e-08 -8.3853263913e-08 5.4641285617e-09 7.06884202198e-08 -4.70468590602e-08 2.32918170629e-09 4.52273914769e-08 -6.36255075296e-08 -8.59112708515e-09 9.38879202074e-08 -4.72740987173e-08 -2.7651561167e-08 5.42202935789e-08 -4.01249586196e-08 -4.27780402738e-09 3.7776444037e-08 -6.66040506363e-08 5.05601587021e-09 6.53785613015e-08 -8.74313390473e-08 4.653785522e-09 7.71096493834e-08 -7.62963751824e-08 1.01337951631e-09 7.60449938156e-08 -4.79554181962e-08 0 4.76833524299e-08 -6.03892357589e-08 3.22450743046e-09 5.64491332553e-08 -7.02509344503e-08 5.28690408327e-09 7.2703813417e-08 -5.32737684187e-08 6.99150049272e-09 4.35957314654e-08 -5.2395516291e-08 2.41427347475e-09 5.73644218305e-08 -5.41247254693e-08 3.91890954595e-09 5.06581991097e-08 -3.12341768356e-08 4.45676479049e-09 4.90951273459e-08 -2.4900956027e-08 4.57718473157e-09 2.02687530784e-08 -3.5115828138e-08 1.38706098184e-08 2.49219078379e-08 -4.70273052427e-08 1.5034683234e-09 5.71524427749e-08 -5.05666623106e-08 -1.39225447621e-09 4.18569717418e-08 -7.66423788365e-08 -6.85078286803e-10 7.51222381158e-08 -7.55574211539e-08 -5.55059989937e-09 7.88290823806e-08 -7.53523359083e-08 -4.43198992244e-10 6.93171980226e-08 -2.95343443356e-08 2.5982935464e-09 4.56009457381e-08 -7.59415998265e-08 1.38166366358e-08 6.88148377063e-08 -5.01546343453e-08 -1.0747325609e-08 4.82446897758e-08 -2.09496228365e-08 1.85853652454e-09 2.15795232364e-08 -6.96944969452e-08 2.00982293332e-08 5.74922388865e-08 -5.36418445117e-08 -9.51842066626e-09 9.71226804865e-08 -8.83916153757e-08 5.91964015858e-09 8.06408938787e-08 -7.54161087896e-08 7.16517655727e-09 6.59237452326e-08 -5.14951268502e-08 2.46982307273e-09 5.61195907149e-08 -3.75188180722e-08 -6.68711761044e-09 4.14555460955e-08 -5.84842741179e-08 3.14665085016e-09 4.11817404345e-08 -7.33034452708e-08 -2.45147253309e-09 7.44360772463e-08 -7.74515246485e-08 1.14375200698e-08 6.33371498527e-08 -5.31212436279e-08 -1.15954750324e-08 7.22682581539e-08 -7.56692799041e-08 2.07894532402e-09 7.63461656202e-08 -6.36855220833e-08 -5.07411947115e-09 6.95032441138e-08 -7.91118742189e-08 3.61118415804e-10 7.12355249714e-08 -5.01341229382e-08 -8.39383347533e-09 6.66157780104e-08 -2.78812341547e-08 -1.77605662523e-08 3.34169876614e-08 -8.06859930242e-08 8.89943030813e-10 5.62614590097e-08 -7.03475603236e-08 1.07696142619e-10 7.94352860889e-08 -4.18313002875e-08 2.04672506287e-09 6.17933581763e-08 -7.09013789916e-08 -3.44164876439e-09 7.35663023072e-08 -6.58160100504e-08 2.35181384346e-09 7.01150793231e-08 -7.51376630757e-08 5.45222261509e-10 7.95465154317e-08 -4.10301500656e-08 1.23085946612e-08 3.83551020518e-08 -7.23426383475e-08 -7.04814274057e-09 7.55258050685e-08 -4.3275472014e-08 -5.78783718719e-09 3.98461995552e-08 -5.4798158298e-08 -3.48866674239e-09 5.72192925486e-08 -2.5000310607e-08 -2.82469067746e-09 2.20199633817e-08 -1.90893450949e-08 -1.04056114475e-09 1.94035950951e-08 -7.24562928681e-08 -2.29640114096e-09 7.66589203536e-08 -6.57549109956e-08 -8.98655941127e-09 8.49256011298e-08 -4.43479073529e-08 -4.10633135112e-09 4.4371305438e-08 -4.8894515986e-08 5.37130792156e-09 3.97810688617e-08 -7.19566833392e-08 -3.85482641987e-09 8.16740668782e-08 -6.72120527448e-08 1.31107337711e-08 4.49240499075e-08 -4.8982637677e-08 -3.98061327972e-09 4.86907324332e-08 -2.33543467252e-08 -2.61656567683e-09 2.34807309189e-08 -4.96387349648e-08 -1.54949198239e-09 4.74689528601e-08 -5.33150435489e-08 3.76845478325e-09 4.78707068898e-08 -4.90628414576e-08 2.88853122785e-11 5.31757474431e-08 -6.88449931983e-08 -7.29007921606e-10 7.38205962923e-08 -7.71869434153e-08 2.80144671145e-10 7.30326999808e-08 -5.98314457157e-08 2.17174195944e-09 5.13563525245e-08 -8.01050512249e-08 2.02225924188e-09 8.54028249738e-08 -5.42198710809e-08 -2.51964748626e-09 5.79751014717e-08 -7.35330536352e-08 -1.8453123301e-08 8.37330994961e-08 -8.04939542651e-08 1.36322656033e-10 7.26565218766e-08 -4.66305695033e-08 1.77671815077e-09 3.5781482028e-08 -5.56608276854e-08 8.38664942006e-10 4.92167303759e-08 -7.88735624448e-08 -1.72292928803e-09 7.22535706112e-08 -2.60417868865e-08 -3.0382036315e-09 1.93703975692e-08 -8.13951454756e-08 -1.08526210023e-09 7.4388000695e-08 -4.87836918202e-08 6.43953692106e-09 4.78728543748e-08 -5.36354480032e-08 -2.41368060021e-09 3.93801469543e-08 -7.59397052636e-08 1.64288474188e-08 7.39992093426e-08 -2.27634308724e-08 -6.14355151298e-09 2.33778050798e-08 -7.23477917487e-08 -6.11209711918e-09 7.52643634042e-08 -2.56232621979e-08 1.27976179335e-08 1.95349267513e-08 -2.55802433781e-08 -6.63419169508e-10 1.93415736618e-08 -7.5891216353e-08 -3.07531833587e-09 8.16864460749e-08 -1.35224813993e-08 -5.1992314769e-09 1.17349065004e-08 -8.01701659589e-08 1.81441527684e-09 7.89289041544e-08 -4.33400290698e-08 -1.93984028716e-09 6.06575391767e-08 -5.79769814434e-08 -2.83332462231e-09 4.75936916432e-08 -7.10112880539e-08 3.68668177181e-09 7.26103679041e-08 -5.48140944297e-08 -1.59729067162e-08 7.23257360732e-08 -4.83911931973e-08 2.25321617032e-10 5.49657230761e-08 -3.8671453429e-08 1.55377693448e-09 3.41207738477e-08 -7.58444139708e-08 -1.2851296921e-08 7.85251479973e-08 -8.22803307866e-08 1.80026130744e-09 7.85240131574e-08 -4.7737637747e-08 3.65354054963e-09 4.60282563926e-08 -3.88859301229e-08 1.66362047188e-08 2.0724777992e-08 -4.69974807485e-08 0 4.72096148108e-08 -8.14703613358e-08 1.94010998813e-09 8.0509852172e-08 -4.68920865838e-08 7.87173204001e-09 3.58942535029e-08 -2.53658806857e-08 1.34131652408e-08 2.46552371344e-08 -7.67548624448e-09 3.38864929816e-09 1.23153349205e-08 -9.77627730615e-09 -1.41687856122e-09 1.17610852266e-08 -3.91228975015e-08 2.26479836626e-09 3.81127643483e-08 -3.45554558647e-08 2.29505937623e-09 3.32377829819e-08 -5.26945158643e-08 4.12275083432e-11 5.4649129021e-08 -3.96837102285e-08 5.01979483413e-09 3.10558221496e-08 -2.08855943797e-08 -5.18522034682e-09 2.34622803811e-08 -7.86300531947e-08 -3.7527364676e-09 7.95619354073e-08 -8.10346322781e-08 -1.26929072855e-09 8.2120021344e-08 -8.45081779496e-08 2.14315781614e-09 7.60629950134e-08 -6.61183581422e-08 -1.60388692754e-08 8.10121174715e-08 -3.05450700019e-08 -6.33863476414e-10 2.26180457947e-08 -7.94499470589e-08 -1.76932768645e-09 7.67795930163e-08 -7.61381355608e-08 1.45007682764e-08 6.88784320407e-08 -8.03083888969e-08 1.40395512767e-10 8.20216233193e-08 -7.67371698571e-08 6.76023177044e-10 7.6783111432e-08 -3.22922606286e-08 8.89379994822e-10 3.54223417189e-08 -7.19309957998e-08 1.39511153951e-08 6.9018998164e-08 -5.64522765686e-08 -1.04197829945e-09 6.47469934977e-08 -7.16042054427e-08 -1.1660480656e-08 8.03313127046e-08 -5.15683724708e-08 8.08799752787e-09 5.69857986689e-08 -6.69916997114e-08 -1.15874667321e-08 8.00738620069e-08 -7.42066022863e-08 4.18170576047e-09 6.98427157807e-08 -4.78931247421e-08 -1.04736252592e-10 5.26644914369e-08 -4.36507517919e-09 1.70352890256e-09 1.84386274382e-08 -7.36259943416e-08 -6.14705547353e-09 7.63789233418e-08 -6.27522578352e-08 -3.82363732203e-09 7.59017644953e-08 -4.97177344071e-08 1.97199469734e-09 5.27511419986e-08 -4.47527451713e-08 -1.53963372693e-09 5.43731925923e-08 -2.42242233919e-08 -2.21280829564e-10 1.47953263343e-08 -8.20370478699e-08 -2.91260424691e-09 8.09720438484e-08 -8.35854652789e-08 4.92555497933e-09 7.12468144172e-08 -4.20961148273e-08 0 4.28930026853e-08 -5.35499473344e-08 -1.31388884988e-08 7.47640081498e-08 -2.92441251575e-08 2.18727443988e-09 2.14490245612e-08 -8.06247754557e-08 1.45840457705e-09 7.60328034584e-08 -7.98400838098e-08 1.47737613837e-08 6.92309961788e-08 -8.43687147962e-08 1.64258211099e-08 7.53750310017e-08 -5.44857999476e-08 2.86794171378e-08 4.46698175209e-08 -7.42943968835e-08 0 7.6724681814e-08 -6.61999653267e-08 -5.01341504638e-09 7.38197814177e-08 -7.86888284355e-08 -6.97538546752e-09 8.36796519272e-08 -7.51826272542e-08 -9.70048402459e-09 9.04992024788e-08 -7.55037659274e-08 1.51223066782e-08 5.48134432815e-08 -7.4154898941e-08 2.16963281961e-09 7.53019560124e-08 -7.56817740657e-08 1.26984068367e-08 6.29755067687e-08 -4.90945822998e-08 4.41981024031e-09 5.56390950227e-08 -7.76511391168e-08 2.32859645557e-09 7.39315520848e-08 -7.10089889108e-08 -9.60453513908e-09 7.35831781198e-08 -7.55982677265e-08 4.49461196403e-09 7.87503711815e-08 -7.42800946746e-08 2.37639736265e-09 7.74935803413e-08 -7.36628243952e-08 -1.79483324806e-09 7.54257337825e-08 -6.25384662665e-08 -1.19155586042e-08 7.86867620574e-08 -8.13643874101e-08 4.20371287081e-09 7.36625112312e-08 -7.98592567679e-08 4.52103883898e-09 7.98382863e-08 -1.86541519521e-08 -3.56014005417e-10 3.54582516084e-08 -3.73536341878e-08 9.13670290752e-09 5.83083100959e-08 -8.05956913363e-08 2.20722244801e-09 7.86527148284e-08 -8.96836997005e-08 1.57213529509e-08 7.66561999513e-08 -7.872309594e-08 1.08819521803e-08 7.22798845988e-08 -3.32180573481e-08 -2.4840581052e-09 2.77322617818e-08 -5.31572822891e-08 1.31063239828e-08 4.97788788749e-08 -6.7699576683e-08 1.31345144552e-09 7.51828094694e-08 -1.31864132926e-08 -1.75001956368e-09 2.1520844509e-08 -3.66903724049e-08 -3.97547980733e-10 3.30331549313e-08 -6.76845049363e-08 2.43369220882e-09 7.23766566704e-08 -5.46056715566e-08 1.75500712002e-10 5.26920980142e-08 -6.50749401135e-08 -1.07995575445e-08 7.7763202257e-08 -9.29113923896e-08 4.99885928643e-09 5.22908977321e-08 -5.8819449775e-08 5.36063643856e-09 4.40982517299e-08 -6.24966243158e-08 1.44383560554e-08 4.91071893216e-08 -7.53240262933e-08 -5.37628604903e-10 7.8643997176e-08 -4.09077800134e-08 1.70505489552e-09 2.59486440813e-08 -5.81514981771e-08 2.20337254463e-09 5.26917106434e-08 -1.96732780732e-08 0 2.13992331516e-08 -8.97724900178e-08 8.82617029792e-09 6.55185775424e-08 -1.40787448557e-09 1.05594479521e-09 1.04096955072e-08 -7.42244881371e-08 0 7.39614446479e-08 -6.4880351615e-08 -3.15454489437e-09 7.78332841944e-08 -6.6963790216e-08 6.01088807926e-10 7.34022100694e-08 -5.88993947969e-08 6.88146769127e-09 5.67875696652e-08 -6.83989133371e-08 -6.05900203871e-09 7.6427220793e-08 -7.28926857121e-08 2.89440125446e-09 6.9620201074e-08 -8.00302388349e-08 -7.39262695622e-09 7.98198874267e-08 -6.95527978626e-08 -4.22901803297e-10 6.92725977078e-08 -7.64854458923e-08 -8.70841572094e-09 7.5004308494e-08 -6.70389183518e-08 -9.82845265954e-09 7.8074291546e-08 -8.42403187962e-08 7.04189716843e-09 7.30860027139e-08 -8.43241686156e-08 -6.42999204774e-09 8.20980270985e-08 -5.9541168009e-08 -1.91748739368e-09 8.60908242367e-08 -7.44349949752e-08 1.47215851409e-09 7.79612067799e-08 -7.0737663646e-08 -1.32915326216e-08 8.25531655984e-08 -4.30415959701e-08 -1.62529825367e-09 4.59854671581e-08 -6.16349531523e-08 1.08897884276e-09 4.8390252921e-08 -7.72591357623e-08 6.66745690762e-10 7.33490154748e-08 -7.9340171722e-08 4.03305858488e-09 8.36256538012e-08 -5.62466217387e-08 7.48674362176e-10 6.08885751249e-08 -8.44297975533e-08 -2.28209381105e-09 7.65762274673e-08 -5.2033979679e-08 4.43727551999e-09 5.28594633456e-08 -7.72664864519e-08 -1.37382745873e-09 7.55061960041e-08 -1.01795835915e-08 -4.9547764553e-09 1.72892561106e-08 -6.46847366457e-08 2.10030247354e-09 4.46994945859e-08 -1.79664858596e-08 2.09650111413e-09 9.19184500606e-09 -2.82324797941e-08 1.14270753543e-08 3.00514487408e-08 -4.58037788911e-08 -7.77349712725e-09 4.75307196309e-08 -7.57368137181e-08 6.15493084608e-09 7.7889313791e-08 -6.68259058802e-08 -1.71503964731e-08 7.98062137475e-08 -7.11801874707e-08 -1.50418646128e-08 7.50636771995e-08 -4.75681801607e-08 0 4.70971707779e-08 -7.89511966651e-08 1.48047211963e-10 7.82602947843e-08 -8.15933130356e-08 4.12765972555e-09 7.93570387252e-08 -7.31678641982e-08 8.0852472292e-09 7.18528978516e-08 -6.70601531808e-08 1.26764799806e-08 4.67357629699e-08 -2.74986621938e-08 -7.29682897688e-09 2.24327978387e-08 -4.09455363588e-08 1.18681643333e-09 4.32819187416e-08 -8.31835716331e-08 3.72953861762e-09 7.49576788608e-08 -2.01594234311e-08 0 1.9152544692e-08 -6.73560791961e-08 -3.95736486509e-09 7.44872919774e-08 -6.42295031098e-08 -2.94823085511e-09 6.84568527078e-08 -8.37603514621e-08 3.85688896282e-11 8.42688368798e-08 -2.38434545004e-08 -3.90097818312e-09 1.9606225695e-08 -7.14370970206e-08 -5.73468115086e-09 7.90000422183e-08 -8.45346894239e-08 1.07871930113e-08 6.99050954654e-08 -7.41634243999e-08 -8.1799921852e-09 7.14593317148e-08 -8.37021224376e-08 3.23878920261e-09 8.68370304566e-08 -5.34533239791e-08 6.26623608296e-09 3.34654664734e-08 -7.47108570112e-08 -5.90839254029e-09 7.18319686194e-08 -6.79836367687e-08 -1.1000932548e-08 6.45245670434e-08 -7.69785635152e-08 -5.29156904721e-09 8.3287773795e-08 -6.54360425638e-08 -6.62378528438e-09 8.08927210286e-08 -7.10878864827e-08 7.00140613802e-09 7.03390033853e-08 -6.34141403293e-08 1.94485414459e-08 4.80533344621e-08 -5.2453164909e-08 2.41957703804e-09 4.00797397791e-08 -4.8615826841e-08 -4.75527452066e-09 4.38235507458e-08 -7.21383269191e-08 0 7.21675725346e-08 -2.45927640373e-08 0 2.48287419429e-08 -7.84906739599e-08 2.54622840961e-09 8.44061000086e-08 -7.18086422122e-08 0 7.20277432283e-08 -7.18086422122e-08 0 7.20277432283e-08 -6.95384371443e-08 3.79912397621e-09 7.18020726518e-08 -5.87753741943e-08 -3.21697724996e-09 5.04413919087e-08 -4.66747733013e-08 -1.13450504741e-08 7.96595853748e-08 -7.82661169154e-08 -2.51156445889e-09 7.76494499903e-08 -6.85952433001e-08 -1.21114507182e-08 7.94551831951e-08 -7.24454284308e-08 1.07695846427e-09 7.86879792263e-08 -6.44361729419e-08 5.62303096413e-09 4.49776577512e-08 -7.65413040985e-08 -2.8703072817e-09 7.96979621012e-08 -7.06761143985e-08 -1.97252777952e-09 6.94288818144e-08 -7.84636820695e-08 2.09664272787e-10 7.44967626597e-08 -1.72879505736e-08 -2.80516244796e-09 1.98887579621e-08 -7.40756435638e-08 5.87542464755e-09 7.4363453368e-08 -2.24579564231e-08 2.69859418806e-09 2.33693308761e-08 -7.92584734263e-08 4.49720057792e-09 8.60232991567e-08 -7.64548657771e-08 -7.03771296412e-09 8.18965982686e-08 -1.96732780732e-08 0 2.13992331516e-08 -4.10521315412e-08 4.19633698183e-09 4.58558114393e-08 -8.02537926253e-08 1.57249272347e-08 7.2520528462e-08 -9.46778824325e-08 -3.4223994075e-10 7.53561922162e-08 -3.98713377675e-08 1.30409590081e-10 3.91719045775e-08 -7.67239374362e-08 -6.07074053792e-09 7.65565636284e-08 -4.40619668306e-08 7.54325387526e-10 4.96152590441e-08 -3.64867608837e-08 8.03880244765e-09 3.19430115954e-08 -7.06567134369e-08 -1.04042510604e-08 7.15413577382e-08 -2.55617581515e-08 7.99670882731e-09 2.27679506491e-08 -7.3049737164e-08 6.39521262209e-09 7.59514778142e-08 -7.70220176578e-08 -6.13981523587e-09 9.07776086488e-08 -5.72467340473e-08 -9.98858128265e-09 6.97355285985e-08 -7.94205100299e-08 5.81149759202e-09 7.97972328509e-08 -7.92072824944e-08 1.23744276955e-08 6.99347915578e-08 -7.27931558004e-08 1.13118004744e-09 7.35450398126e-08 -7.81939775012e-08 1.45860401046e-08 7.16201014355e-08 -4.61858771083e-08 0 4.59118690364e-08 -7.44059688288e-08 1.66222605466e-09 7.23621076756e-08 -8.42908869461e-08 1.87248663844e-08 7.60323246486e-08 -4.40831961508e-08 -3.08274546681e-09 5.01102950472e-08 -6.86165925537e-08 -7.3176454809e-09 7.83155251629e-08 -7.86702526443e-08 1.36979572776e-08 7.18829032165e-08 -2.46223949618e-08 -8.54076563866e-09 2.14220830172e-08 -7.84413176018e-08 1.00931024449e-12 7.86727114342e-08 -3.02331913286e-08 7.5484622362e-09 2.14186487198e-08 -4.79554181962e-08 0 4.76833524299e-08 -2.35054859558e-08 -1.40479061031e-08 3.16967625361e-08 -8.6653388e-08 2.50956961239e-09 8.3704568308e-08 -7.87382179459e-08 4.88489802928e-09 7.29234672261e-08 -7.7417907811e-08 2.65807711953e-09 7.54710200455e-08 -7.27361042352e-08 -1.03601855544e-08 7.23428303468e-08 -7.42244881371e-08 0 7.39614446479e-08 -6.65194302798e-08 3.24714373891e-11 6.5496361527e-08 -2.90375278898e-08 -3.24487033577e-09 2.08853244036e-08 -7.71093664147e-08 1.52082093213e-08 6.4973608401e-08 -7.45602443743e-08 0 7.51301855181e-08 -8.74318791319e-08 1.48099184197e-08 6.8938642732e-08 -3.26030373668e-08 7.40540177212e-09 2.684410007e-08 -4.55087677839e-08 -4.82198518574e-09 4.92919347374e-08 -7.5800584342e-08 -4.66886026678e-09 8.14373304e-08 -8.93061725903e-08 -4.56788374098e-09 9.27968477273e-08 -3.81126984213e-08 7.80854214548e-09 3.14882199502e-08 -7.28691682724e-08 -1.56493462032e-08 7.85546376095e-08 -4.60746191648e-08 3.70971066202e-09 4.20747312124e-08 -7.37400171322e-08 3.30597434581e-09 7.04053839815e-08 -8.36449901291e-08 -1.19608987479e-08 8.04439967468e-08 -7.54761317894e-08 0 7.57538858435e-08 -1.75102329189e-08 -6.59257055179e-09 3.65544080219e-08 -7.29484482316e-08 0 7.42760168147e-08 -7.34212952779e-08 9.96627334535e-09 6.60976797514e-08 -6.1121196727e-08 -1.02221119823e-08 7.58042319964e-08 -7.83988330701e-08 1.13746903749e-08 7.35385790957e-08 -7.12648562152e-08 -2.0896342758e-08 7.65972916884e-08 -8.01281359142e-08 7.28442505909e-09 6.52029517785e-08 -7.78786454133e-08 -2.03168286082e-09 7.98843183149e-08 -2.2439384458e-08 5.48394242154e-09 2.13868071388e-08 -5.00568698596e-08 0 5.05120462595e-08 -2.62099911358e-08 5.65688346561e-09 1.12115292846e-08 -5.1486320599e-08 -5.19518842292e-09 8.80614172545e-08 -7.37290460781e-08 -1.92685663615e-09 8.15300641207e-08 -4.8090651754e-08 2.46701208378e-08 6.08806357003e-08 -4.87796413955e-08 4.65249704978e-09 4.93378595751e-08 -3.22748469087e-08 1.12919904676e-08 2.13154353768e-08 -8.09204515157e-08 -3.93973080526e-09 7.78933557686e-08 -2.65602988251e-08 -2.41721772502e-09 2.14609169088e-08 -7.60325757682e-08 -5.2518265649e-09 8.23467218887e-08 -5.95497215866e-08 -9.62973805714e-09 7.74863927484e-08 -6.10702813752e-08 3.29134020207e-09 3.75529545875e-08 -6.71312778165e-08 -8.77351212878e-10 7.47756516624e-08 -5.36935625852e-08 8.60047034912e-09 4.86825120602e-08 -1.58058536622e-08 -1.29352803467e-09 1.97125232397e-08 -7.45299802036e-08 1.19963445896e-09 6.67859183046e-08 -7.34241834666e-08 -1.14973588605e-09 7.66032085997e-08 -7.27753892139e-08 1.76187925857e-09 7.26985234081e-08 -7.26223605848e-08 -9.37297063187e-09 7.67510688237e-08 -7.3919879428e-08 -1.52915575546e-08 8.17320910366e-08 -4.85431222323e-08 0 4.82712725738e-08 -5.12601743808e-08 3.16905896139e-09 5.29858927115e-08 -2.59137275584e-08 -5.0317359836e-09 2.95079048967e-08 -8.74689974927e-08 7.47543317169e-09 7.87137662657e-08 -7.00956207302e-08 -1.02484962321e-08 7.72737707901e-08 -1.92628620113e-08 4.45343122348e-09 2.38893710678e-08 -8.07407257613e-08 -1.2938061771e-10 8.04093483764e-08 -1.87708351052e-08 7.77391810823e-09 2.54679296957e-08 -6.95225873705e-08 -1.45338286341e-08 7.44500087858e-08 -4.75681801607e-08 0 4.70971707779e-08 -7.0168123089e-08 -2.13192716358e-09 8.13948068613e-08 -1.59696879158e-08 -7.61423100526e-09 2.50436995058e-08 -8.24712171283e-08 6.59998792791e-09 7.04458506317e-08 -7.15677495234e-08 -4.62583512382e-09 8.15280713487e-08 -7.28888375744e-08 -6.36441650382e-09 8.01195461701e-08 -8.3689731566e-08 2.30462528753e-09 8.05543650571e-08 -7.40606964967e-08 -4.90210429326e-09 7.24552288617e-08 -8.42962183979e-08 6.80837922195e-09 7.61532538609e-08 -6.16586041392e-08 -1.22967314531e-08 6.74219377767e-08 -7.37894137559e-08 1.276628189e-09 7.77855521013e-08 -8.22319238898e-08 -5.27964132333e-09 8.15476773717e-08 -4.69974807485e-08 0 4.72096148108e-08 -7.71770351754e-08 -7.18625439828e-10 7.69807334783e-08 -4.61858771083e-08 0 4.59118690364e-08 -7.10735082358e-08 -6.09634842264e-09 7.55511414178e-08 -7.76128677487e-08 1.19161708411e-08 7.12476804504e-08 -8.04319574508e-08 1.52923875471e-08 6.98217761145e-08 -5.6759732445e-08 1.95997242252e-09 4.95558086288e-08 -5.00568698596e-08 0 5.05120462595e-08 -5.34238349532e-08 2.56443672006e-08 4.76348448548e-08 -7.81435835557e-08 8.17325495239e-09 7.17126491229e-08 -7.37092505922e-08 3.28174958066e-09 6.36881258668e-08 -8.65554984587e-08 5.11687363202e-09 8.0668656817e-08 -7.40013839939e-08 -2.43319262731e-09 8.06453215352e-08 -5.12608413942e-08 -1.1365205703e-08 7.25908854196e-08 -8.17530835682e-08 1.02367962213e-08 7.1077772999e-08 -3.44269755544e-08 -3.62248135707e-09 3.10010259583e-08 -7.83909511763e-08 2.55669115193e-08 7.53083674796e-08 -2.01594234311e-08 0 1.9152544692e-08 -2.82395869008e-08 6.7859329745e-09 3.45076709187e-08 -7.61924496692e-08 3.17518594577e-10 7.55740601963e-08 -7.87027535491e-08 -1.69421639919e-08 8.10336458595e-08 -4.17414411194e-08 -9.4578851549e-09 5.25001397078e-08 -3.95648927017e-08 2.87362143217e-09 4.11133527556e-08 -7.45884290725e-08 -1.26592508107e-09 7.5666586832e-08 -7.9840703675e-08 -2.64815928211e-09 8.19552879874e-08 -7.72139193512e-08 4.50612543713e-09 7.28514992264e-08 -4.79554181962e-08 0 4.76833524299e-08 -6.90985420209e-08 -1.2584762558e-08 7.84189373288e-08 -7.02846226108e-08 -1.1509368511e-08 7.14738352194e-08 -8.43233332322e-08 6.45238301985e-09 7.42439299722e-08 -8.42662028834e-08 1.71090098258e-08 7.30541867505e-08 -7.48146450543e-08 -2.10513284572e-08 7.64461832202e-08 -7.86245481675e-08 1.47578029344e-09 8.30816738075e-08 -8.52642487262e-08 1.60431675366e-08 6.93906802073e-08 -8.64956285938e-08 -9.06576099471e-10 8.02065713957e-08 -5.42236392948e-08 1.81403788952e-09 5.05592484894e-08 -8.08613366149e-08 -6.35643819751e-10 8.21980724209e-08 -7.84638836002e-08 6.27425888285e-09 7.45837126386e-08 -7.91189530794e-08 3.01836606574e-09 8.0169927036e-08 -8.30377842953e-08 -4.68575299318e-09 8.21517186076e-08 -7.16531814402e-08 -5.92375082307e-09 7.13408359853e-08 -7.45188442982e-08 -1.03458498278e-09 9.07330949853e-08 -7.85663408917e-08 1.14407976434e-09 7.51524579838e-08 -7.72423190712e-08 4.8122425818e-09 7.53813995069e-08 -6.42571845174e-08 1.30093300247e-08 5.46849497677e-08 -6.85895281955e-08 -7.28446095529e-09 7.95143139438e-08 -7.4260631069e-08 -3.4623179345e-09 7.99430018579e-08 -4.76051597646e-08 -6.66078417164e-09 5.4691368635e-08 -8.17388547656e-08 -8.55356562461e-09 7.47316042781e-08 -9.18172735596e-08 9.8870098868e-09 4.43519065085e-08 -8.12226244587e-08 -8.39821166727e-10 8.0742489562e-08 -5.25524407581e-08 0 5.24008301732e-08 -7.33795442949e-08 -6.64740422364e-09 7.47182738781e-08 -7.73760715923e-08 -1.31164675953e-09 7.17852100607e-08 -7.57287203339e-08 9.53598890611e-10 7.4147195609e-08 -8.37998427612e-08 1.03610823634e-08 6.57974178358e-08 -5.31243715712e-08 7.02447076443e-10 4.41049596601e-08 -8.62609688509e-08 1.1009519933e-08 6.81082703909e-08 -7.54904952468e-08 3.62435218237e-10 7.60310891802e-08 -8.78921684935e-08 8.93136559824e-09 8.02731718639e-08 -8.31643006906e-08 -4.52220408422e-09 7.84962785892e-08 -7.81513724096e-08 3.71793658339e-09 7.7436029238e-08 -7.61864975735e-08 -1.06426561047e-08 7.64851296963e-08 -7.99822132773e-08 2.52918025099e-09 7.36480243949e-08 -7.47469217118e-08 -1.60064516342e-09 7.48946741401e-08 -7.29828323358e-08 2.66903771916e-09 6.56999393901e-08 -6.07058380263e-08 -1.38509857161e-08 6.69642366961e-08 -7.80056013592e-08 1.3905114188e-08 7.26118297791e-08 -7.1425374271e-08 1.35044708243e-09 5.67315446172e-08 -8.07050930738e-08 4.47733503048e-10 8.49427300163e-08 -4.85431222323e-08 0 4.82712725738e-08 -7.87372930417e-08 1.64509988336e-09 8.11550857818e-08 -5.56157049532e-08 1.843279715e-08 4.65279252645e-08 -7.31541158457e-08 -4.45332089394e-09 7.29867478333e-08 -7.49981460869e-08 0 7.65728548714e-08 -6.91121424804e-08 -5.64634221289e-09 7.37258716127e-08 -8.58350690652e-08 -1.9303252645e-10 7.59814498638e-08 -7.69137504131e-08 -1.31023525183e-08 7.88744430784e-08 -8.43609791502e-08 5.69572491293e-09 8.02770889198e-08 -8.08387853988e-08 3.73453318062e-09 7.82859620327e-08 -8.71294207864e-08 6.4127415414e-09 7.97070399138e-08 -5.25524407581e-08 0 5.24008301732e-08 -8.13164510655e-08 1.76443116485e-09 8.09144121301e-08 -7.91180680591e-08 -2.16853326252e-09 7.33949200276e-08 -8.31415353139e-08 6.01576409143e-09 7.20819975288e-08 -8.35219466625e-08 -1.93257708552e-09 7.91238515751e-08 -8.13276523948e-08 -4.30082949245e-09 7.64602656692e-08 -7.34742017668e-08 1.03886689442e-09 7.8969588625e-08 -7.27806866271e-08 -8.40730507935e-09 8.02497785636e-08 -7.05158209779e-08 -9.26760130458e-09 8.48063187863e-08 -9.24932387066e-08 5.1053709491e-09 8.78501527875e-08 -7.85270797415e-08 0 8.10858419233e-08 -2.63725359949e-08 -2.16037288288e-09 2.32217606636e-08 -8.0711208053e-08 1.03821106631e-08 7.19706007323e-08 -6.68169323095e-08 1.49716735676e-08 5.48207823143e-08 -7.8868228589e-08 5.39421688879e-09 7.03151545795e-08 -7.54761317894e-08 0 7.57538858435e-08 -7.49247372596e-08 9.32197543769e-10 7.56111280077e-08 -7.51461864975e-08 -5.52356114916e-09 7.46655326315e-08 -7.7380548531e-08 -4.1931921085e-09 7.73488591205e-08 -4.26040613057e-08 6.32373474263e-09 5.36280365806e-08 -7.15667296236e-08 -1.30048487852e-08 8.49729151616e-08 -8.68157447028e-08 2.77493165359e-09 7.77786982116e-08 -7.15777285871e-08 2.32418568515e-09 7.17107541091e-08 -4.12392235712e-08 8.15625969033e-09 3.88199958456e-08 -7.98189057198e-08 3.08388271441e-09 7.89177628814e-08 -8.01877308135e-08 1.73320406448e-09 7.29215749716e-08 -4.75681801607e-08 0 4.70971707779e-08 -7.4840991861e-08 -5.6371714508e-09 8.13744684261e-08 -8.60893148752e-08 -6.1962956942e-10 8.27764911796e-08 -8.438014331e-08 2.90590186502e-09 7.98393116665e-08 -7.48867378002e-08 8.06105980202e-10 8.23566631889e-08 -8.56221053883e-08 2.48259083726e-09 8.06390520977e-08 -8.51021223197e-08 6.40108771208e-09 7.58391356067e-08 -7.76970934127e-08 1.0334849828e-08 7.30972873857e-08 -7.47992219165e-08 2.87530478377e-09 7.78836897377e-08 -7.30775535685e-08 0 7.60095773536e-08 -8.42886989893e-08 5.02726936356e-09 8.09520360567e-08 -7.28698132942e-08 1.23410857467e-08 7.70187848234e-08 -3.77744428471e-08 -3.91453726827e-09 3.57978768093e-08 -7.98079638246e-08 5.86852701482e-09 8.51475556778e-08 -7.53910206423e-08 1.22912689756e-08 6.30453969219e-08 -7.81644289687e-08 4.07156617444e-10 8.32407654467e-08 -8.05162263471e-08 8.4183961964e-09 8.01844239298e-08 -7.23911712584e-08 -4.49562617722e-09 8.08272462184e-08 -4.55159669693e-08 9.61225958489e-09 4.86492265581e-08 -7.12789878614e-08 -1.41888526109e-08 7.69083115519e-08 -8.1067198315e-08 -2.2043849631e-08 7.80501746272e-08 -7.59073959229e-08 2.236483915e-10 7.07356253329e-08 -8.27692005279e-08 3.11921071614e-11 8.2681066094e-08 -6.24946493919e-08 3.50085660789e-09 5.09990418122e-08 -7.79974801897e-08 -1.90617463525e-08 7.67142404809e-08 -6.71356660644e-08 -1.09786838543e-08 7.55509416201e-08 -8.63216147261e-08 5.09923540878e-09 8.55672052271e-08 -7.77319687598e-08 -6.13524968829e-09 8.36238310563e-08 -6.99068007306e-08 1.82993183212e-09 7.64014967746e-08 -8.60496121999e-08 1.25552875067e-08 4.23793643487e-08 -6.84010808179e-08 -9.65726357949e-09 8.15436348668e-08 -8.08569237741e-08 -1.44815890081e-09 8.18162563738e-08 -8.15192969454e-08 6.0379299597e-09 7.12615900968e-08 -8.43228768427e-08 3.01807395105e-09 7.888938671e-08 -7.29484482316e-08 0 7.42760168147e-08 -5.77669838893e-08 -2.93775839934e-09 6.43718222159e-08 -8.21901565447e-08 -6.07920307539e-09 8.57062501423e-08 -7.33588177138e-08 6.38217944546e-09 7.23670247002e-08 -7.38841225648e-08 -5.06496917425e-10 7.49633972164e-08 -7.16881391399e-08 -1.14679990718e-09 8.46894826156e-08 -6.99628654482e-08 -5.64664794437e-09 7.242162063e-08 -7.95921151471e-08 -5.53911764971e-10 9.22261594745e-08 -7.28122221213e-08 -6.38172063342e-09 8.55112394679e-08 -8.51875251991e-08 -2.12469609629e-09 7.56505165205e-08 -8.08344289924e-08 2.00694029298e-09 7.97715067308e-08 -7.95348743466e-08 6.56970660752e-10 7.39218513132e-08 -8.33766455746e-08 8.80976070228e-09 6.75239685189e-08 -7.91326896081e-08 5.56430564441e-10 7.28211562601e-08 -7.4468444108e-08 1.40300146717e-08 5.99039813942e-08 -7.57474233174e-08 1.21782406305e-08 7.3161836117e-08 -8.93308599664e-08 6.36389573413e-10 8.43182045185e-08 -5.88049097211e-08 -3.69989764813e-09 6.12702389291e-08 -8.42268819853e-08 4.45499464861e-09 8.7747024756e-08 -8.56159933153e-08 -3.92236481621e-09 9.48976526926e-08 -1.95258258835e-08 3.31034392234e-09 2.34262549821e-08 -7.98932299788e-08 -1.624585072e-08 7.62758670033e-08 -4.59665361628e-08 9.13147874193e-09 4.91419080811e-08 -7.20518553789e-08 3.29521520462e-09 7.37861587252e-08 -8.56314102944e-08 3.80772066847e-09 8.33122300918e-08 -2.25071651787e-08 0 2.20629043444e-08 -7.62514169951e-08 -2.81508965784e-09 8.59570930641e-08 -9.04834749426e-08 7.06731790616e-09 8.46481204094e-08 -7.49389026249e-08 8.79120135733e-09 6.72078748865e-08 -8.52229960897e-08 1.81861915267e-09 7.76877876737e-08 -8.31354152081e-08 -5.29692878647e-10 6.8072172955e-08 -8.13383051265e-08 -7.04629518e-10 8.41467927404e-08 -1.96732780732e-08 0 2.13992331516e-08 -4.95000933275e-08 0 4.8704424909e-08 -7.48541826176e-08 -1.11638864296e-08 7.36583549876e-08 -7.79340665847e-08 -6.73282443942e-09 7.6746923697e-08 -7.46431050349e-08 7.09841092587e-10 7.13745122756e-08 -8.87076541864e-08 3.75790196366e-09 7.84760828118e-08 -4.95000933275e-08 0 4.8704424909e-08 -7.97531558949e-08 -3.21793960695e-09 7.2638804014e-08 -8.49010940984e-08 -6.02379601397e-09 8.80947457118e-08 -7.76507202695e-08 1.70697884499e-08 7.87437834349e-08 -1.89306746444e-08 6.48619166001e-09 3.1449174985e-08 -8.16340770991e-08 3.47706342696e-09 8.60667309547e-08 -7.97643365977e-08 5.03175380814e-09 6.31234340748e-08 -7.7818251906e-08 -3.4616498281e-09 7.27981911844e-08 -1.75955904474e-08 -1.05846285766e-10 2.33219021737e-08 -7.74878344255e-08 -2.74209230908e-09 7.38681275523e-08 -7.88128672363e-08 1.0969712888e-08 7.20399002417e-08 -7.4883922462e-08 2.78265652295e-09 7.82610681432e-08 -7.62157309943e-08 1.29934724083e-08 6.28531347185e-08 -8.36842449772e-08 1.88242948959e-11 7.83044912674e-08 -8.19897455075e-08 5.71923766105e-09 7.94247659965e-08 -5.12751682703e-08 7.12648376001e-09 4.26606876044e-08 -8.18468293165e-08 -1.75349142436e-09 8.66496864215e-08 -8.62639658749e-08 1.25978666938e-09 8.2430973627e-08 -8.10233170388e-08 3.56005116457e-09 8.2399247805e-08 -6.84007360768e-08 -5.95238060606e-10 8.39578336065e-08 -1.43051635711e-08 3.28369556575e-09 2.56063864371e-08 -8.59987064922e-08 4.29183604628e-10 8.01804472966e-08 -7.39752778445e-08 -1.48130922769e-08 7.54665529147e-08 -8.29986019471e-08 -3.11205562491e-09 7.7634388438e-08 -7.89839663029e-08 -9.62409253754e-09 8.26315835881e-08 -7.48129980916e-08 -4.12282357457e-09 8.06230842134e-08 -6.06377805246e-08 -6.45662269449e-09 6.59978495552e-08 -7.23413174482e-08 8.24383092241e-09 7.94543275995e-08 -7.84669041547e-08 1.74834856764e-08 7.58597734267e-08 -7.83134150204e-08 2.12546738457e-09 7.13820135689e-08 -8.0222557765e-08 -3.316405201e-09 7.82010328535e-08 -2.25071651787e-08 0 2.20629043444e-08 -7.20514903624e-08 1.47509129924e-08 7.30088671864e-08 -7.30505065176e-08 8.70394367993e-10 8.05324827656e-08 -8.21329657355e-08 3.36850332166e-09 7.99296841066e-08 -4.51186214468e-08 1.46533496421e-09 4.67119433992e-08 -8.18248083975e-08 2.08044888467e-09 8.30516327148e-08 -8.22782132125e-08 2.57932184583e-09 8.04274000958e-08 -6.84526237907e-08 -7.12311099278e-09 7.98205365593e-08 -7.38338081737e-08 9.33868892138e-09 6.93576393004e-08 -8.70958272344e-08 -3.44130452802e-10 8.02855516486e-08 -4.71478614048e-08 3.10300849599e-09 4.82453679822e-08 -8.02334006094e-08 4.86469631967e-10 7.91776896097e-08 -5.30869167776e-08 -1.40762680641e-09 4.59903963493e-08 -8.92078757833e-08 6.63635209187e-09 7.85315050135e-08 -8.74893435544e-08 3.90085819507e-09 7.84510344783e-08 -7.82706536134e-08 -4.70210414709e-09 8.29242453373e-08 -7.38541823405e-08 -1.58585887993e-08 7.67226742067e-08 -7.42963162476e-08 2.53743430258e-73 7.6830273133e-08 -8.03563921633e-08 2.26087198669e-09 8.05214778068e-08 -1.90692000257e-08 3.1770847104e-10 2.35768563299e-08 -8.78084225517e-08 1.93098848166e-09 7.71603181466e-08 -6.91517079763e-08 5.8880781792e-09 7.69644370362e-08 -3.29455057001e-08 7.77718746617e-09 1.97564051997e-08 -8.05001538849e-08 -1.59484849622e-09 7.76595783074e-08 -7.63453136888e-08 1.14958488495e-08 7.42093313408e-08 -7.81596691372e-08 -3.20322066299e-09 8.13721059677e-08 -7.58902726365e-08 -2.44513041763e-09 7.92710187792e-08 -7.84947371414e-08 5.03340056507e-09 8.24247738244e-08 -7.8586021052e-08 -1.69611136576e-08 7.72392474391e-08 -7.2039071397e-08 -1.80491408605e-08 7.40839315111e-08 -8.11035414491e-08 4.38105728202e-09 8.12406155894e-08 -2.49666472351e-08 6.03878030604e-09 2.46777049379e-08 -7.272767828e-08 -6.82584624557e-09 7.77849853816e-08 -2.45927640373e-08 0 2.48287419429e-08 -8.66320026824e-08 -4.63508880135e-09 7.61105533647e-08 -2.45927640373e-08 0 2.48287419429e-08 -8.66285683745e-08 -1.07224049617e-09 7.63271360044e-08 -7.68654051203e-08 9.30742438702e-09 7.73420400796e-08 -8.02218349138e-08 -5.9210009048e-09 8.4399675839e-08 -8.74852503682e-08 1.58218308768e-09 8.36751486753e-08 -8.89749845613e-08 4.45062944768e-09 8.24477340423e-08 -8.19795285903e-08 -4.13548830155e-09 8.63463599485e-08 -7.76092351507e-08 2.93781736434e-09 7.66654520983e-08 -2.01594234311e-08 0 1.9152544692e-08 -7.81491519595e-08 0 7.56913554751e-08 -8.97595422414e-08 8.49554096245e-10 8.70516592944e-08 -7.7765537053e-08 1.11157830666e-09 9.21798902053e-08 -8.13114071727e-08 -2.61405083527e-09 7.98926244968e-08 -7.80111036377e-08 6.35159178808e-09 7.22199887443e-08 -8.56752415779e-08 -4.04697651996e-09 8.59052149739e-08 -7.42943968835e-08 0 7.6724681814e-08 -7.32724933586e-08 -4.58822303987e-09 7.52012712338e-08 -8.18810618229e-08 1.6542621586e-09 8.62683134695e-08 -5.00568698596e-08 0 5.05120462595e-08 -8.94534616285e-08 3.55308103186e-09 8.79674126928e-08 -8.59694635808e-08 -2.15976481526e-09 8.70389222863e-08 -8.20938303734e-08 4.18409543907e-09 8.26209397097e-08 -7.68261144723e-08 2.45842921236e-08 7.83929017706e-08 -7.24590027945e-08 -1.06932320677e-08 7.37714255005e-08 -8.80984461299e-08 7.96586322722e-09 6.88653101073e-08 -7.39197499739e-08 -9.42863284365e-10 7.55330841983e-08 -7.37151739822e-08 -3.27870597965e-10 7.58807741998e-08 -7.32461006988e-08 2.96602931751e-09 7.16193721369e-08 -7.49981460869e-08 0 7.65728548714e-08 -7.22298781044e-08 0 7.51173919523e-08 -7.3078004147e-08 1.16657069639e-09 7.47940263716e-08 -6.94033264109e-08 -1.32698162013e-08 7.67862578317e-08 -8.67753334228e-08 -4.41599153723e-09 8.01750941739e-08 -8.27439078375e-08 3.01587340001e-10 8.83024683202e-08 -4.91893877463e-08 -8.81628557471e-09 4.54615227035e-08 -8.63168694741e-08 1.70315302748e-09 8.50700913001e-08 -7.46391217687e-08 1.73437868823e-08 6.64983531577e-08 -8.77496994317e-08 4.12054209537e-09 7.77053369651e-08 -4.85431222323e-08 0 4.82712725738e-08 -7.75878607145e-08 -7.09252710881e-09 8.12073852575e-08 -7.29706059072e-08 0 7.33878580671e-08 -8.1081312136e-08 -1.66955585516e-08 8.66137465336e-08 -8.30371600302e-08 1.6048511866e-09 8.17404074595e-08 -5.47052479036e-08 -6.82006059392e-09 4.60398651347e-08 -7.78757448135e-08 -2.14120531523e-09 8.18347689524e-08 -7.80286231688e-08 1.60715376094e-08 7.38242479203e-08 -8.13855707558e-08 -1.3368278998e-09 8.08193182782e-08 -7.43063820292e-08 8.15367725512e-09 7.1559378183e-08 -8.2782209721e-08 3.3303619598e-09 8.4759070873e-08 -8.12953199128e-08 3.34232819973e-09 7.71578610418e-08 -7.476804694e-08 0 7.49426024971e-08 -7.73442281404e-08 -9.25135437067e-09 8.6505825585e-08 -7.49437620998e-08 2.36798312923e-09 7.60791796089e-08 -7.81990241801e-08 7.45625155526e-10 7.85633323999e-08 -8.07472079196e-08 -1.80769403632e-09 8.1597105853e-08 -8.37234535991e-08 -1.11979769139e-10 8.15237312582e-08 -7.64119567396e-08 0 7.77044699473e-08 -7.18086422122e-08 0 7.20277432283e-08 -7.19638617306e-08 -1.12199713398e-08 7.3166833472e-08 -7.65458813919e-08 0 7.71695424274e-08 -7.59727946576e-08 0 7.47194078794e-08 -7.50931052148e-08 4.32683491588e-09 7.25609838677e-08 -7.25701127302e-08 7.5501413942e-09 7.14292307001e-08 -7.29484482316e-08 0 7.42760168147e-08 -7.70355191001e-08 -1.54580216759e-09 7.94469434033e-08 -4.95000933275e-08 0 4.8704424909e-08 -7.34057622216e-08 0 7.55963348974e-08 -7.54761317894e-08 0 7.57538858435e-08 -8.5067724674e-08 6.11129688573e-09 8.06117838213e-08 -8.38904671227e-08 2.08338132506e-09 8.0024389143e-08 -8.15031142269e-08 0 8.13086317277e-08 -7.55603779996e-08 -1.7338088414e-09 7.39345566269e-08 -7.81491519595e-08 0 7.56913554751e-08 -4.9763456801e-08 1.15191912359e-08 4.40558572129e-08 -7.20055846531e-08 -1.47591766714e-08 7.38444661739e-08 -7.42244881371e-08 0 7.39614446479e-08 -7.25131654787e-08 5.64868872353e-09 7.46628652719e-08 -7.27702253506e-08 -5.57004607784e-10 7.21898041005e-08 -7.00661140676e-08 -9.3640728594e-09 7.55753019725e-08 -7.85270797415e-08 0 8.10858419233e-08 -7.63459461035e-08 0 7.50857424942e-08 -7.30775535685e-08 0 7.60095773536e-08 -7.75627490593e-08 -8.51057949771e-09 7.49255195302e-08 -7.25078621335e-08 -7.67781852057e-09 7.58131710179e-08 -7.42963162476e-08 0 7.6830273133e-08 -7.573095515e-08 0 7.34138583842e-08 -7.45602443743e-08 0 7.51301855181e-08 -4.36855184737e-08 1.37198757377e-08 4.38350612448e-08 -4.31655878189e-08 -4.6748745888e-09 6.31075764284e-08 -5.25593271584e-08 -1.9369744484e-10 5.30914553545e-08 -5.03146908115e-08 -9.12086576841e-10 4.74685320831e-08 -7.18734498371e-08 9.48449508006e-09 7.26293978061e-08 -5.82419365451e-08 4.1902552873e-09 4.3380359741e-08 -7.24568800475e-08 -4.09310503765e-10 7.23295080236e-08 -8.9355977704e-08 6.18805353923e-09 6.53932577962e-08 -4.93947212128e-08 -3.09550660171e-08 4.5997169547e-08 -4.2877046242e-08 1.84459892999e-09 4.59226656429e-08 -6.19709633326e-08 1.02582987666e-08 4.25691479885e-08 -5.13273853731e-08 1.00114428249e-09 4.59300676193e-08 -5.29533324973e-08 1.00528820683e-08 5.06850547237e-08 -5.55747823015e-08 -7.3953569979e-09 5.05637535315e-08 -5.08998074394e-08 -2.57928062164e-08 5.73121139548e-08 -7.34910138261e-08 1.6539111261e-09 7.26273774345e-08 -4.89229818875e-08 5.45355785786e-09 4.46274150629e-08 -4.7759768399e-08 -1.49503259803e-08 5.41921005134e-08 -4.99729913784e-08 2.38169226889e-09 5.1841932866e-08 -4.90942697958e-08 -3.99576194298e-09 5.13155949316e-08 -4.66380354851e-08 5.7627825995e-09 5.49504173011e-08 -4.18103549342e-08 -1.02447606452e-08 5.75279342353e-08 -5.16667405649e-08 4.37723454362e-09 5.3742599883e-08 -4.88340326636e-08 -4.75536312626e-09 5.42752916726e-08 -4.35152161869e-08 2.11913527021e-09 4.95940879188e-08 -4.03420443692e-08 7.59519747668e-09 3.31300030557e-08 -4.79518893395e-08 -2.44755022737e-08 5.22896297962e-08 -4.73535587161e-08 -4.25594238697e-09 5.30388622744e-08 -4.77435380109e-08 4.29587518713e-09 5.38136366206e-08 -5.16512168521e-08 -1.47862733009e-08 5.34891032781e-08 -2.71431387252e-08 -3.38447598805e-09 2.84705526961e-08 -3.72495482204e-08 1.05809371398e-09 3.9191595729e-08 -2.45927640373e-08 0 2.48287419429e-08 -2.25689838838e-08 -3.9498818452e-09 3.32151706191e-08 -6.79044514406e-08 -4.9912077928e-09 6.88345260458e-08 -5.25523015739e-08 1.85391035366e-09 5.98682091654e-08 -5.64772216845e-08 9.14087653853e-10 6.74063640895e-08 -6.14450191423e-08 -2.74970970275e-09 4.62385197111e-08 -6.45944390436e-08 5.48003390623e-09 6.0703212978e-08 -4.69878366592e-08 3.05926059687e-10 5.33206325665e-08 -7.44501663703e-08 -5.2612676268e-09 7.42377119679e-08 -7.86501932791e-08 9.06254163401e-09 5.90666415683e-08 -5.13404478619e-08 -8.20581617968e-09 6.79506847718e-08 -7.2670316418e-08 6.4529471268e-10 7.6879906439e-08 -6.53249401656e-08 -3.90630137477e-09 7.20266921121e-08 -5.62891692412e-08 5.1042818861e-09 5.16082761043e-08 -6.87263433575e-08 1.14547304446e-09 6.65656811358e-08 -3.94681415369e-08 -4.98488530781e-09 5.88617434684e-08 -6.45009679247e-08 -8.34734832398e-09 8.00721170653e-08 -6.46873437375e-08 -4.69264638603e-09 7.451088967e-08 -7.19122527903e-08 7.64284560152e-09 6.23183941856e-08 -7.08186781307e-08 2.99122381195e-09 5.93624305371e-08 -5.97205449967e-08 -4.84205879582e-09 6.02340572336e-08 -7.65653821023e-08 -1.36818879878e-09 7.23467477738e-08 -8.41335677395e-08 5.30680043137e-09 7.21914313379e-08 -8.01129557295e-08 1.2445034075e-08 5.7329887219e-08 -6.77620050455e-08 -1.20374473432e-09 6.73191085087e-08 -7.42276981218e-08 -2.79497360635e-09 6.46254777759e-08 -1.78241045058e-08 1.3562711761e-09 2.33619429609e-08 -1.70867361474e-08 -5.51321077011e-09 2.19002682048e-08 -2.05996865557e-08 -1.17622709854e-08 3.54443662401e-08 -2.16690066521e-08 -4.26653710951e-09 2.46724042972e-08 -4.35299161324e-08 6.50892512291e-09 3.40789637956e-08 -4.67884660197e-08 1.28948535547e-08 3.64477160478e-08 -7.51982818916e-08 -1.8876971772e-08 3.47234341856e-08 -3.86738454098e-08 -1.38768649699e-09 3.68580251456e-08 -5.40957513834e-08 2.31082411835e-11 5.30800137772e-08 -5.65691544509e-08 -2.099441107e-09 4.85595262189e-08 -5.20547804704e-08 -9.16530788463e-09 5.65310446281e-08 -5.87334308299e-08 -1.91570237948e-09 5.47601605396e-08 -4.22824069056e-08 1.8452311429e-09 3.87821465724e-08 -4.68155574245e-08 -7.90710325872e-10 4.40006637275e-08 -5.16936806372e-08 -1.4539244045e-09 5.46653512672e-08 -4.62412738459e-08 -5.13953673776e-09 5.75011883652e-08 -1.89344259474e-08 7.50769265015e-09 1.9515068138e-08 -1.88545080506e-08 -5.01431576776e-09 1.89050331548e-08 -5.16584690974e-08 5.47680187265e-11 5.96017763782e-08 -5.53878028806e-08 1.64167128386e-09 5.25035907511e-08 -8.25276581701e-08 3.40058052572e-09 6.82833145905e-08 -7.24744258713e-08 -4.03878648111e-09 7.49228639733e-08 -4.43739160143e-08 -5.55993294383e-09 4.87808338778e-08 -4.63728858028e-08 -7.76218397233e-09 6.31990003742e-08 -7.5778797436e-08 4.58214015718e-09 7.31906083006e-08 -4.9115483301e-08 -8.18214471317e-09 6.20476205783e-08 -7.20342931593e-08 3.14413822551e-09 6.91774858756e-08 -6.75202155431e-08 -9.51042631178e-10 5.90762018757e-08 -7.78008548782e-08 6.54340801513e-09 7.78568836293e-08 -6.74689658306e-08 2.77940935951e-09 4.98647548427e-08 -5.68034190992e-08 5.76840913792e-09 4.88837001833e-08 -4.7891048018e-08 -7.66549913238e-09 5.32002328775e-08 -4.44822857632e-08 -3.07463048697e-09 4.27025879618e-08 -4.03932861149e-08 1.23098754514e-08 4.21790683576e-08 -4.53136056337e-08 1.05299703469e-08 5.64694979809e-08 -3.77527683167e-08 1.19883778087e-08 3.33196638087e-08 -2.5074048415e-08 1.63015041819e-09 2.51819644591e-08 -5.44338178381e-08 -4.48058335369e-09 5.42634470432e-08 -5.78157182959e-08 -4.83398598143e-10 5.09241424739e-08 -3.69856499457e-08 5.64670214988e-09 3.00365414454e-08 -3.63660175517e-08 2.70905029923e-10 3.2649620205e-08 -5.49845077318e-08 -8.41776353825e-09 7.48904980303e-08 -7.10716294096e-08 -3.74617207471e-09 8.04593467603e-08 -6.35502192763e-08 -7.18545343206e-09 7.24965249134e-08 -4.76566487967e-08 -3.58934612888e-09 6.36226604997e-08 -7.92315954919e-08 1.5063558561e-08 5.75456219309e-08 -7.44840545241e-08 5.13467055475e-09 6.78689042711e-08 -4.93458299294e-08 2.69755226778e-09 4.63058571647e-08 -4.81557220691e-08 -1.33466157086e-08 5.00535885162e-08 -2.5165716969e-08 2.06983124304e-09 2.61322218061e-08 -2.83208834873e-08 -1.16893271822e-08 3.06308515702e-08 -4.47556416476e-08 2.30252865893e-08 4.74694615491e-08 -3.61445340028e-08 -5.46332219394e-09 4.55130700594e-08 -8.46266331759e-08 4.08110738662e-09 6.92625512424e-08 -7.05503122412e-08 -2.95902915554e-09 8.28793993161e-08 -7.34711622192e-08 -3.61670351434e-09 7.26765536666e-08 -7.541992405e-08 9.04814854909e-09 6.40151548562e-08 -7.59421565214e-08 -2.98428036949e-09 5.77663250041e-08 -7.34645591329e-08 1.82687089e-08 5.92641717186e-08 -4.84449642509e-08 -5.02812023044e-09 5.79748738811e-08 -5.78394701274e-08 8.03649958675e-09 5.48131033213e-08 -6.37276082689e-08 4.32074313994e-10 5.6831470119e-08 -4.82805373028e-08 1.81176400545e-09 5.46791323206e-08 -5.4631175626e-08 -3.74370430998e-09 6.02708200718e-08 -4.82897054188e-08 -2.71384941502e-08 5.41453125178e-08 -7.99317901569e-08 3.88607323771e-09 6.1802958855e-08 -6.15156613835e-08 -7.36032397273e-09 7.94180197943e-08 -7.35055495036e-08 -1.69005664196e-08 8.37860513832e-08 -7.29706059072e-08 0 7.33878580671e-08 -7.78921036391e-08 2.37804539793e-09 6.24571346206e-08 -5.16467573306e-08 -9.66494916273e-09 5.70832326168e-08 -5.09237068174e-08 -6.49801481224e-09 6.45133680878e-08 -6.73658404016e-08 -1.01195383029e-09 6.95197783864e-08 -7.23313101971e-08 -4.39495471544e-09 7.20313824184e-08 -4.6199579519e-08 2.33319957412e-09 6.07348746057e-08 -7.65458813919e-08 0 7.71695424274e-08 -7.58240449488e-08 1.09730115154e-08 8.09099303683e-08 -3.53312850153e-08 -2.01430903605e-12 3.87391365015e-08 -4.97427826398e-08 1.43005480742e-08 3.89662209832e-08 -6.06435516518e-08 -8.46317869175e-09 7.44341038085e-08 -7.33681971498e-08 -3.19869160499e-09 7.88933401065e-08 -6.74755598663e-08 2.92587339595e-08 4.87232584436e-08 -5.94658538676e-08 -2.44994982558e-09 6.4367925326e-08 -4.4361596785e-08 3.20316913891e-09 4.50559137788e-08 -4.51798586832e-08 1.57526678434e-09 4.3290932941e-08 -1.98458651744e-08 4.1223950017e-09 3.60932112732e-08 -1.97013003473e-08 -9.86871680595e-09 2.78824759577e-08 -7.86695243078e-08 2.93413149938e-10 7.70046041378e-08 -5.79188396897e-08 -5.67274344579e-09 7.13618570824e-08 -7.55250537407e-08 1.64392730757e-09 7.2945013259e-08 -4.40565023118e-08 -8.11110976567e-09 6.30278415105e-08 -7.96841043614e-08 -2.8471141735e-09 8.01576718061e-08 -7.70715564295e-08 4.18421490135e-10 8.65305438788e-08 -7.33531217193e-08 8.01574287902e-10 6.73301110168e-08 -4.91046211615e-08 4.62721283921e-09 6.49099620923e-08 -7.65453223078e-08 -9.5727833399e-09 7.71159006653e-08 -5.45104480278e-08 1.0636476482e-09 6.36368411798e-08 -7.75717838796e-08 -1.16819021187e-08 7.57195613671e-08 -7.476804694e-08 0 7.49426024971e-08 -5.01718425386e-08 -1.07237426328e-08 6.25710373751e-08 -4.90678690899e-08 -1.19538940005e-08 5.972780139e-08 -5.64215071936e-08 -2.2062022616e-09 6.49334122832e-08 -7.08175616636e-08 3.74932272121e-09 7.44681577042e-08 -4.85431222323e-08 0 4.82712725738e-08 -4.27489068112e-08 -1.33077696262e-08 8.53657591484e-08 -5.77735860064e-08 -4.07544778929e-09 6.34912956083e-08 -5.97862897255e-08 1.00000326376e-08 5.28185487396e-08</DataArray>
        <DataArray type="Float64" Name="ShellTopVonMises" format="ascii">0 0 0 0 0 0 0 0 0 0 0 0 0 0 0 0 0 0 0 0 0 0 0 0 0 0 0 0 0 0 0 0 0 0 0 0 0 0 0 0 0 0 0 0 0 0 0 0 0 0 0 0 0 0 0 0 0 0 0 0 0 0 0 0 0 0 0 0 0 0 0 0 0 0 0 0 0 0 0 0 0 0 0 0 0 0 0 0 0 0 0 0 0 0 0 0 0 0 0 0 0 0 0 0 0 0 0 0 0 0 0 0 0 0 0 0 0 0 0 0 0 0 0 0 0 0 0 0 0 0 0 0 0 0 0 0 0 0 0 0 0 0 0 0 0 0 0 0 0 0 0 0 0 0 0 0 0 0 0 0 0 0 0 0 0 0 0 0 0 0 0 0 0 0 0 0 0 0 0 0 0 0 0 0 0 0 0 0 0 0 0 0 0 0 0 0 0 0 0 0 0 0 0 0 0 0 0 0 0 0 0 0 0 0 0 0 0 0 0 0 0 0 0 0 0 0 0 0 0 0 0 0 0 0 0 0 0 0 0 0 0 0 0 0 0 0 0 0 0 0 0 0 0 0 0 0 0 0 0 0 0 0 0 0 0 0 0 0 0 0 0 0 0 0 0 0 0 0 0 0 0 0 0 0 0 0 0 0 0 0 0 0 0 0 0 0 0 0 0 0 0 0 0 0 0 0 0 0 0 0 0 0 0 0 0 0 0 0 0 0 0 0 0 0 0 0 0 0 0 0 0 0 0 0 0 0 0 0 0 0 0 0 0 0 0 0 0 0 0 0 0 0 0 0 0 0 0 0 0 0 0 0 0 0 0 0 0 0 0 0 0 0 0 0 0 0 0 0 0 0 0 0 0 0 0 0 0 0 0 0 0 0 0 0 0 0 0 0 0 0 0 0 0 0 0 0 0 0 0 0 0 0 0 0 0 0 0 0 0 0 0 0 0 0 0 0 0 0 0 0 0 0 0 0 0 0 0 0 0 0 0 0 0 0 0 0 0 0 0 0 0 0 0 0 0 0 0 0 0 0 0 0 0 0 0 0 0 0 0 0 0 0 0 0 0 0 0 0 0 0 0 0 0 0 0 0 0 0 0 0 0 0 0 0 0 0 0 0 0 0 0 0 0 0 0 0 0 0 0 0 0 0 0 0 0 0 0 0 0 0 0 0 0 0 0 0 0 0 0 0 0 0 0 0 0 0 0 0 0 0 0 0 0 0 0 0 0 0 0 0 0 0 0 0 0 0 0 0 0 0 0 0 0 0 0 0 0 0 0 0 0 0 0 0 0 0 0 0 0 0 0 0 0 0 0 0 0 0 0 0 0 0 0 0 0 0 0 0 0 0 0 0 0 0 0 0 0 0 0 0 0 0 0 0 0 0 0 0 0 0 0 0 0 0 0 0 0 0 0 0 0 0 0 0 0 0 0 0 0 0 0 0 0 0 0 0 0 0 0 0 0 0 0 0 0 0 0 0 0 0 0 0 0 0 0 0 0 0 0 0 0 0 0 0 0 0 0 0 0 0 0 0 0 0 0 0 0 0 0 0 0 0 0 0 0 0 0 0 0 0 0 0 0 0 0 0 0 0 0 0 0 0 0 0 0 0 0 0 0 0 0 0 0 0 0 0 0 0 0 0 0 0 0 0 0 0 0 0 0 0 0 0 0 0 0 0 0 0 0 0 0 0 0 0 0 0 0 0 0 0 0 0 0 0 0 0 0 0 0 0 0 0 0 0 0 0 0 0 0 0 0 0 0 0 0 0 0 0 0 0 0 0 0 0 0 0 0 0 0 0 0 0 0 0 0 0 0 0 0 0 0 0 0 0 0 0 0 0 0 0 0 0 0 0 0 0 0 0 0 0 0 0 0 0 0 0 0 0 0 0 0 0 0 0 0 0 0 0 0 0 0 0 0 0 0 0 0 0 0 0 0 0 0 0 0 0 0 0 0 0 0 0 0 0 0 0 0 0 0 0 0 0 0 0 0 0 0 0 0 0 0 0 0 0 0 0 0 0 0 0 0 0 0 0 0 0 0 0 0 0 0 0 0 0 0 0 0 0 0 0 0 0 0 0 0 0 0 0 0 0 0 0 0 0 0 0 0 0 0 0 0 0 0 0 0 0 0 0 0 0 0 0 0 0 0 0 0 0 0 0 0 0 0 0 0 0 0 0 0 0 0 0 0 0 0 0 0 0 0 0 0 0 0 0 0 0 0 0 0 0 0 0 0 0 0 0 0 0 0 0 0 0 0 0 0 0 0 0 0 0 0 0 0 0 0 0 0 0 0 0 0 0 0 0 0 0 0 0 0 0 0 0 0 0 0 0 0 0 0 0 0 0 0 0 0 0 0 0 0 0 0 0 0 0 0 0 0 0 0 0 0 0 0 0 0 0 0 0 0 0 0 0 0 0 0 0 0 0 0 0 0 0 0 0 0 0 0 0 0 0 0 0 0 0 0 0 0 0 0 0 0 0 0 0 0 0 0 0 0 0 0 0 0 0 0 0 0 0 0 0 0 0 0 0 0 0 0 0 0 0 0 0 0 0 0 0 0 0 0 0 0 0 0 0 0 0 0 0 0 0 0 0 0 0 0 0 0 0 0 0 0 0 0 0 0 0 0 0 0 0 0 0 0 0 0 0 0 0 0 0 0 0 0 0 0 0 0 0 0 0 0 0 0 0 0 0 0 0 0 0 0 0 0 0 0 0 0 0 0 0 0 0 0 0 0 0 0 0 0 0 0 0 0 0 0 0 0 0 0 0 0 0 0 0 0 0 0 0 0 0 0 0 0 0 0 0 0 0 0 0 0 0 0 0 0 0 0 0 0 0 0 0 0 0 0 0 0 0 0 0 0 0 0 0 0 0 0 0 0 0 0 0 0 0 0 0 0 0 0 0 0 0 0 0 0 0 0 0 0 0 0 0 0 0 0 0 0 0 0 0 0 0 0 0 0 0 0 0 0 0 0 0 0 0 0 0 0 0 0 0 0 0 0 0 0 0 0 0 0 0 0 0 0 0 0 0 0 0 0 0 0 0 0 0 0 0 0 0 0 0 0 0 0 0 0 0 0 0 0 0 0 0 0 0 0 0 0 0 0 0 0 0 0 0 0 0 0 0 0 0 0 0 0 0 0 0 0 0 0 0 0 0 0 0 0 0 0 0 0 0 0 0 0 0 0 0 0 0 0 0 0 0 0 0 0 0 0 0 0 0 0 0 0 0 0 0 0 0 0 0 0 0 0 0 0 0 0 0 0 0 0 0 0 0 0 0 0 0 0 0 0 0 0 0 0 0 0 0 0 0 0 0 0 0 0 0 0 0 0 0 0 0 0 0 0 0 0 0 0 0 0 0 0 0 0 0 0 0 0 0 0 0 0 0 0 0 0 0 0 0 0 0 0 0 0 0 0 0 0 0 0 0 0 0 0 0 0 0 0 0 0 0 0 0 0 0 0 0 0 0 0 0 0 0 0 0 0 0 0 0 0 0 0 0 0 0 0 0 0 0 0 0 0 0 0 0 0 0 0 0 0 0 0 0 0 0 0 0 0 0 0 0 0 0 0 0 0 0 0 0 0 0 0 0 0 0 0 0 0 0 0 0 0 0 0 0 0 0 0 0 0 0 0 0 0 0 0 0 0 0 0 0 0 0 0 0 0 0 0 0 0 0 0 0 0 0 0 0 0 0 0 0 0 0 0 0 0 0 0 0 0 0 0 0 0 0 0 0 0 0 0 0 0 0 0 0 0 0 0 0 0 0 0 0 0 0 0 0 0 0 0 0 0 0 0 0 0 0 0 0 0 0 0 0 0 0 0 0 0 0 0 0 0 0 0 0 0 0 0 0 0 0 0 0 0 0 0 0 0 0 0 0 0 0 0 0 0 0 0 0 0 0 0 0 0 0 0 0 0 0 0 0 0 0 0 0 0 0 0 0 0 0 0 0 0 0 0 0 0 0 0 0 0 0 0 0 0 0 0 0 0 0 0 0 0 0 0 0 0 0 0 0 0 0 0 0 0 0 0 0 0 0 0 0 0 0 0 0 0 0 0 0 0 0 0 0 0 0 0 0 0 0 0 0 0 0 0 0 0 0 0 0 0 0 0 0 0 0 0 0 0 0 0 0 0 0 0 0 0 0 0 0 0 0 0 0 0 0 0 0 0 0 0 0 0 0 0 0 0 0 0 0 0 0 0 0 0 0 0 0 0 0 0 0 0 0 0 0 0 0 0 0 0 0 0 0 0 0 0 0 0 0 0 0 0 0 0 0 0 0 0 0 0 0 0 0 0 0 0 0 0 0 0 0 0 0 0 0 0 0 0 0 0 0 0 0 0 0 0 0 0 0 0 0 0 0 0 0 0 0 0 0 0 0 0 0 0 0 0 0 0 0 0 0 0 0 0 0 0 0 0 0 0 0 0 0 0 0 0 0 0 0 0 0 0 0 0 0 0 0 0 0 0 0 0 0 0 0 0 0 0 0 0 0 0 0 0 0 0 0 0 0 0 0 0 0 0 0 0 0 0 0 0 0 0 0 0 0 0 0 0 0 0 0 0 0 0 0 0 0 0 0 0 0 0 0 0 0 0 0 0 0 0 0 0 0 0 0 0 0 0 0 0 0 0 0 0 0 0 0 0 0 0 0 0 0 0 0 0 0 0 0 0 0 0 0 0 0 0 0 0 0 0 0 0 0 0 0 0 0 0 0 0 0 0 0 0 0 0 0 0 0 0 0 0 0 0 0 0 0 0 0 0 0 0 0 0 0 0 0 0 0 0 0 0 0 0 0 0 0 0 0 0 0 0 0 0 0 0 0 0 0 0 0 0 0 0 0 0 0 0 0 0 0 0 0 0 0 0 0 0 0 0 0 0 0 0 0 0 0 0 0 0 0 0 0 0 0 0 0 0 0 0 0 0 0 0 0 0 0 0 0 0 0 0 0 0 0 0 0 0 0 0 0 0 0 0 0 0 0 0 0 0 0 0 0 0 0 0 0 0 0 0 0 0 0 0 0 0 0 0 0 0 0 0 0 0 0 0 0 0 0 0 0 0 0 0 0 0 0 0 0 0 0 0 0 0 0 0 0 0 0 0 0 0 0 0 0 0 0 0 0 0 0 0 0 0 0 0 0 0 0 0 0 0 0 0 0 0 0 0 0 0 0 0 0 0 0 0 0 0 0 0 0 0 0 0 0 0 0 0 0 0 0 0 0 0 0 0 0 0 0 0 0 0 0 0 0 0 0 0 0 0 0 0 0 0 0 0 0 0 0 0 0 0 0 0 0 0 0 0 0 0 0 0 0 0 0 0 0 0 0 0 0 0 0 0 0 0 0 0 0 0 0 0 0 0 0 0 0 0 0 0 0 0 0 0 0 0 0 0 0 0 0 0 0 0 0 0 0 0 0 0 0 0 0 0 0 0 0 0 0 0 0 0 0 0 0 0 0 0 0 0 0 0 0 0 0 0 0 0 0 0 0 0 0 0 0 0 0 0 0 0 0 0 0 0 0 0 0 0 0 0 0 0 0 0 0 0 0 0 0 0 0 0 0 0 0 0 0 0 0 0 0 0 0 0 0 0 0 0 0 0 0 0 0 0 0 0 0 0 0 0 0 0 0 0 0 0 0 0 0 0 0 0 0 0 0 0 0 0 0 0 0 0 0 0 0 0 0 0 0 0 0 0 0 0 0 0 0 0 0 0 0 0 0 0 0 0 0 0 0 0 0 0 0 0 0 0 0 0 0 0 0 0 0 0 0 0 0 0 0 0 0 0 0 0 0 0 0 0 0 0 0 0 0 0 0 0 0 0 0 0 0 0 0 0 0 0 0 0 0 0 0 0 0 0 0 0 0 0 0 0 0 0 0 0 0 0 0 0 0 0 0 0 0 0 0 0 0 0 0 0 0 0 0 0 0 0 0 0 0 0 0 0 0 0 0 0 0 0 0 0 0 0 0 0 0 0 0 0 0 0 0 0 0 0 0 0 0 0 0 0 0 0 0 0 0 0 0 0 0 0 0 0 0 0 0 0 0 0 0 0 0 0 0 0 0 0 0 0 0 0 0 0 0 0 0 0 0 0 0 0 0 0 0 0 0 0 0 0 0 0 0 0 0 0 0 0 0 0 0 0 0 0 0 0 0 0 0 0 0 0 0 0 0 0 0 0 0 0 0 0 0 0 0 0 0 0 0 0 0 0 0 0 0 0 0 0 0 0 0 0 0 0 0 0 0 0 0 0 0 0 0 0 0 0 0 0 0 0 0 0 0 0 0 0 0 0 0 0 0 0 0 0 0 0 0 0 0 0 0 0 0 0 0 0 0 0 0 0 0 0 0 0 0 0 0 0 0 0 0 0 0 0 0 0 0 0 0 0 0 0 0 0 0 0 0 0 0 0 0 0 0 0 0 0 0 0 0 0 0 0 0 0 0 0 0 0 0 0 0 0 0 0 0 0 0 0 0 0 0 0 0 0 0 0 0 0 0 0 0 0 0 0 0 0 0 0 0 0 0 0 0 0 0 0 0 0 0 0 0 0 0 0 0 0 0 0 0 0 0 0 0 0 0 0 0 0 0 0 0 0 0 0 0 0 0 0 0 0 0 0 0 0 0 0 0 0 0 0 0 0 0 0 0 0 0 0 0 0 0 0 0 0 0 0 0 0 0 0 0 0 0 0 0 0 0 0 0 0 0 0 0 0 0 0 0 0 0 0 0 0 0 0 0 0 0 0 0 0 0 0 0 0 0 0 0 0 0 0 0 0 0 0 0 0 0 0 0 0 0 0 0 0 0 0 0 0 0 0 0 0 0 0 0 0 0 0 0 0 0 0 0 0 0 0 0 0 0 0 0 0 0 0 0 0 0 0 0 0 0 0 0 0 0 0 0 0 0 0 0 0 0 0 0 0 0 0 0 0 0 0 0 0 0 0 0 0 0 0 0 0 0 0 0 0 0 0 0 0 0 0 0 0 0 0 0 0 0 0 0 0 0 0 0 0 0 0 0 0 0 0 0 0 0 0 0 0 0 0 0 0 0 0 0 0 0 0 0 0 0 0 0 0 0 0 0 0 0 0 0 0 0 0 0 0 0 0 0 0 0 0 0 0 0 0 0 0 0 0 0 0 0 0 0 0 0 0 0 0 0 0 0 0 0 0 0 0 0 0 0 0 0 0 0 0 0 0 0 0 0 0 0 0 0 0 0 0 0 0 0 0 0 0 0 0 0 0 0 0 0 0 0 0 0 0 0 0 0 0 0 0 0 0 0 0 0 0 0 0 0 0 0 0 0 0 0 0 0 0 0 0 0 0 0 0 0 0 0 0 0 0 0 0 0 0 0 0 0 0 0 0 0 0 0 0 0 0 0 0 0 0 0 0 0 0 0 0 0 0 0 0 0 0 0 0 0 0 0 0 0 0 0 0 0 0 0 0 0 0 0 0 0 0 0 0 0 0 0 0 0 0 0 0 0 0 0 0 0 0 0 0 0 0 0 0 0 0 0 0 0 0 0 0 0 0 0 0 0 0 0 0 0 0 0 0 0 0 0 0 0 0 0 0 0 0 0 0 0 0 0 0 0 0 0 0 0 0 0 0 0 0 0 0 0 0 0 0 0 0 0 0 0 0 0 0 0 0 0 0 0 0 0 0 0 0 0 0 0 0 0 0 0 0 0 0 0 0 0 0 0 0 0 0 0 0 0 0 0 0 0 0 0 0 0 0 0 0 0 0 0 0 0 0 0 0 0 0 0 0 0 0 0 0 0 0 0 0 0 0 0 0 0 0 0 0 0 0 0 0 0 0 0 0 0 0 0 0 0 0 0 0 0 0 0 0 0 0 0 0 0 0 0 0 0 0 0 0 0 0 0 0 0 0 0 0 0 0 0 0 0 0 0 0 0 0 0</DataArray>
        <DataArray type="Float64" Name="ShellBottomVonMises" format="ascii">0 0 0 0 0 0 0 0 0 0 0 0 0 0 0 0 0 0 0 0 0 0 0 0 0 0 0 0 0 0 0 0 0 0 0 0 0 0 0 0 0 0 0 0 0 0 0 0 0 0 0 0 0 0 0 0 0 0 0 0 0 0 0 0 0 0 0 0 0 0 0 0 0 0 0 0 0 0 0 0 0 0 0 0 0 0 0 0 0 0 0 0 0 0 0 0 0 0 0 0 0 0 0 0 0 0 0 0 0 0 0 0 0 0 0 0 0 0 0 0 0 0 0 0 0 0 0 0 0 0 0 0 0 0 0 0 0 0 0 0 0 0 0 0 0 0 0 0 0 0 0 0 0 0 0 0 0 0 0 0 0 0 0 0 0 0 0 0 0 0 0 0 0 0 0 0 0 0 0 0 0 0 0 0 0 0 0 0 0 0 0 0 0 0 0 0 0 0 0 0 0 0 0 0 0 0 0 0 0 0 0 0 0 0 0 0 0 0 0 0 0 0 0 0 0 0 0 0 0 0 0 0 0 0 0 0 0 0 0 0 0 0 0 0 0 0 0 0 0 0 0 0 0 0 0 0 0 0 0 0 0 0 0 0 0 0 0 0 0 0 0 0 0 0 0 0 0 0 0 0 0 0 0 0 0 0 0 0 0 0 0 0 0 0 0 0 0 0 0 0 0 0 0 0 0 0 0 0 0 0 0 0 0 0 0 0 0 0 0 0 0 0 0 0 0 0 0 0 0 0 0 0 0 0 0 0 0 0 0 0 0 0 0 0 0 0 0 0 0 0 0 0 0 0 0 0 0 0 0 0 0 0 0 0 0 0 0 0 0 0 0 0 0 0 0 0 0 0 0 0 0 0 0 0 0 0 0 0 0 0 0 0 0 0 0 0 0 0 0 0 0 0 0 0 0 0 0 0 0 0 0 0 0 0 0 0 0 0 0 0 0 0 0 0 0 0 0 0 0 0 0 0 0 0 0 0 0 0 0 0 0 0 0 0 0 0 0 0 0 0 0 0 0 0 0 0 0 0 0 0 0 0 0 0 0 0 0 0 0 0 0 0 0 0 0 0 0 0 0 0 0 0 0 0 0 0 0 0 0 0 0 0 0 0 0 0 0 0 0 0 0 0 0 0 0 0 0 0 0 0 0 0 0 0 0 0 0 0 0 0 0 0 0 0 0 0 0 0 0 0 0 0 0 0 0 0 0 0 0 0 0 0 0 0 0 0 0 0 0 0 0 0 0 0 0 0 0 0 0 0 0 0 0 0 0 0 0 0 0 0 0 0 0 0 0 0 0 0 0 0 0 0 0 0 0 0 0 0 0 0 0 0 0 0 0 0 0 0 0 0 0 0 0 0 0 0 0 0 0 0 0 0 0 0 0 0 0 0 0 0 0 0 0 0 0 0 0 0 0 0 0 0 0 0 0 0 0 0 0 0 0 0 0 0 0 0 0 0 0 0 0 0 0 0 0 0 0 0 0 0 0 0 0 0 0 0 0 0 0 0 0 0 0 0 0 0 0 0 0 0 0 0 0 0 0 0 0 0 0 0 0 0 0 0 0 0 0 0 0 0 0 0 0 0 0 0 0 0 0 0 0 0 0 0 0 0 0 0 0 0 0 0 0 0 0 0 0 0 0 0 0 0 0 0 0 0 0 0 0 0 0 0 0 0 0 0 0 0 0 0 0 0 0 0 0 0 0 0 0 0 0 0 0 0 0 0 0 0 0 0 0 0 0 0 0 0 0 0 0 0 0 0 0 0 0 0 0 0 0 0 0 0 0 0 0 0 0 0 0 0 0 0 0 0 0 0 0 0 0 0 0 0 0 0 0 0 0 0 0 0 0 0 0 0 0 0 0 0 0 0 0 0 0 0 0 0 0 0 0 0 0 0 0 0 0 0 0 0 0 0 0 0 0 0 0 0 0 0 0 0 0 0 0 0 0 0 0 0 0 0 0 0 0 0 0 0 0 0 0 0 0 0 0 0 0 0 0 0 0 0 0 0 0 0 0 0 0 0 0 0 0 0 0 0 0 0 0 0 0 0 0 0 0 0 0 0 0 0 0 0 0 0 0 0 0 0 0 0 0 0 0 0 0 0 0 0 0 0 0 0 0 0 0 0 0 0 0 0 0 0 0 0 0 0 0 0 0 0 0 0 0 0 0 0 0 0 0 0 0 0 0 0 0 0 0 0 0 0 0 0 0 0 0 0 0 0 0 0 0 0 0 0 0 0 0 0 0 0 0 0 0 0 0 0 0 0 0 0 0 0 0 0 0 0 0 0 0 0 0 0 0 0 0 0 0 0 0 0 0 0 0 0 0 0 0 0 0 0 0 0 0 0 0 0 0 0 0 0 0 0 0 0 0 0 0 0 0 0 0 0 0 0 0 0 0 0 0 0 0 0 0 0 0 0 0 0 0 0 0 0 0 0 0 0 0 0 0 0 0 0 0 0 0 0 0 0 0 0 0 0 0 0 0 0 0 0 0 0 0 0 0 0 0 0 0 0 0 0 0 0 0 0 0 0 0 0 0 0 0 0 0 0 0 0 0 0 0 0 0 0 0 0 0 0 0 0 0 0 0 0 0 0 0 0 0 0 0 0 0 0 0 0 0 0 0 0 0 0 0 0 0 0 0 0 0 0 0 0 0 0 0 0 0 0 0 0 0 0 0 0 0 0 0 0 0 0 0 0 0 0 0 0 0 0 0 0 0 0 0 0 0 0 0 0 0 0 0 0 0 0 0 0 0 0 0 0 0 0 0 0 0 0 0 0 0 0 0 0 0 0 0 0 0 0 0 0 0 0 0 0 0 0 0 0 0 0 0 0 0 0 0 0 0 0 0 0 0 0 0 0 0 0 0 0 0 0 0 0 0 0 0 0 0 0 0 0 0 0 0 0 0 0 0 0 0 0 0 0 0 0 0 0 0 0 0 0 0 0 0 0 0 0 0 0 0 0 0 0 0 0 0 0 0 0 0 0 0 0 0 0 0 0 0 0 0 0 0 0 0 0 0 0 0 0 0 0 0 0 0 0 0 0 0 0 0 0 0 0 0 0 0 0 0 0 0 0 0 0 0 0 0 0 0 0 0 0 0 0 0 0 0 0 0 0 0 0 0 0 0 0 0 0 0 0 0 0 0 0 0 0 0 0 0 0 0 0 0 0 0 0 0 0 0 0 0 0 0 0 0 0 0 0 0 0 0 0 0 0 0 0 0 0 0 0 0 0 0 0 0 0 0 0 0 0 0 0 0 0 0 0 0 0 0 0 0 0 0 0 0 0 0 0 0 0 0 0 0 0 0 0 0 0 0 0 0 0 0 0 0 0 0 0 0 0 0 0 0 0 0 0 0 0 0 0 0 0 0 0 0 0 0 0 0 0 0 0 0 0 0 0 0 0 0 0 0 0 0 0 0 0 0 0 0 0 0 0 0 0 0 0 0 0 0 0 0 0 0 0 0 0 0 0 0 0 0 0 0 0 0 0 0 0 0 0 0 0 0 0 0 0 0 0 0 0 0 0 0 0 0 0 0 0 0 0 0 0 0 0 0 0 0 0 0 0 0 0 0 0 0 0 0 0 0 0 0 0 0 0 0 0 0 0 0 0 0 0 0 0 0 0 0 0 0 0 0 0 0 0 0 0 0 0 0 0 0 0 0 0 0 0 0 0 0 0 0 0 0 0 0 0 0 0 0 0 0 0 0 0 0 0 0 0 0 0 0 0 0 0 0 0 0 0 0 0 0 0 0 0 0 0 0 0 0 0 0 0 0 0 0 0 0 0 0 0 0 0 0 0 0 0 0 0 0 0 0 0 0 0 0 0 0 0 0 0 0 0 0 0 0 0 0 0 0 0 0 0 0 0 0 0 0 0 0 0 0 0 0 0 0 0 0 0 0 0 0 0 0 0 0 0 0 0 0 0 0 0 0 0 0 0 0 0 0 0 0 0 0 0 0 0 0 0 0 0 0 0 0 0 0 0 0 0 0 0 0 0 0 0 0 0 0 0 0 0 0 0 0 0 0 0 0 0 0 0 0 0 0 0 0 0 0 0 0 0 0 0 0 0 0 0 0 0 0 0 0 0 0 0 0 0 0 0 0 0 0 0 0 0 0 0 0 0 0 0 0 0 0 0 0 0 0 0 0 0 0 0 0 0 0 0 0 0 0 0 0 0 0 0 0 0 0 0 0 0 0 0 0 0 0 0 0 0 0 0 0 0 0 0 0 0 0 0 0 0 0 0 0 0 0 0 0 0 0 0 0 0 0 0 0 0 0 0 0 0 0 0 0 0 0 0 0 0 0 0 0 0 0 0 0 0 0 0 0 0 0 0 0 0 0 0 0 0 0 0 0 0 0 0 0 0 0 0 0 0 0 0 0 0 0 0 0 0 0 0 0 0 0 0 0 0 0 0 0 0 0 0 0 0 0 0 0 0 0 0 0 0 0 0 0 0 0 0 0 0 0 0 0 0 0 0 0 0 0 0 0 0 0 0 0 0 0 0 0 0 0 0 0 0 0 0 0 0 0 0 0 0 0 0 0 0 0 0 0 0 0 0 0 0 0 0 0 0 0 0 0 0 0 0 0 0 0 0 0 0 0 0 0 0 0 0 0 0 0 0 0 0 0 0 0 0 0 0 0 0 0 0 0 0 0 0 0 0 0 0 0 0 0 0 0 0 0 0 0 0 0 0 0 0 0 0 0 0 0 0 0 0 0 0 0 0 0 0 0 0 0 0 0 0 0 0 0 0 0 0 0 0 0 0 0 0 0 0 0 0 0 0 0 0 0 0 0 0 0 0 0 0 0 0 0 0 0 0 0 0 0 0 0 0 0 0 0 0 0 0 0 0 0 0 0 0 0 0 0 0 0 0 0 0 0 0 0 0 0 0 0 0 0 0 0 0 0 0 0 0 0 0 0 0 0 0 0 0 0 0 0 0 0 0 0 0 0 0 0 0 0 0 0 0 0 0 0 0 0 0 0 0 0 0 0 0 0 0 0 0 0 0 0 0 0 0 0 0 0 0 0 0 0 0 0 0 0 0 0 0 0 0 0 0 0 0 0 0 0 0 0 0 0 0 0 0 0 0 0 0 0 0 0 0 0 0 0 0 0 0 0 0 0 0 0 0 0 0 0 0 0 0 0 0 0 0 0 0 0 0 0 0 0 0 0 0 0 0 0 0 0 0 0 0 0 0 0 0 0 0 0 0 0 0 0 0 0 0 0 0 0 0 0 0 0 0 0 0 0 0 0 0 0 0 0 0 0 0 0 0 0 0 0 0 0 0 0 0 0 0 0 0 0 0 0 0 0 0 0 0 0 0 0 0 0 0 0 0 0 0 0 0 0 0 0 0 0 0 0 0 0 0 0 0 0 0 0 0 0 0 0 0 0 0 0 0 0 0 0 0 0 0 0 0 0 0 0 0 0 0 0 0 0 0 0 0 0 0 0 0 0 0 0 0 0 0 0 0 0 0 0 0 0 0 0 0 0 0 0 0 0 0 0 0 0 0 0 0 0 0 0 0 0 0 0 0 0 0 0 0 0 0 0 0 0 0 0 0 0 0 0 0 0 0 0 0 0 0 0 0 0 0 0 0 0 0 0 0 0 0 0 0 0 0 0 0 0 0 0 0 0 0 0 0 0 0 0 0 0 0 0 0 0 0 0 0 0 0 0 0 0 0 0 0 0 0 0 0 0 0 0 0 0 0 0 0 0 0 0 0 0 0 0 0 0 0 0 0 0 0 0 0 0 0 0 0 0 0 0 0 0 0 0 0 0 0 0 0 0 0 0 0 0 0 0 0 0 0 0 0 0 0 0 0 0 0 0 0 0 0 0 0 0 0 0 0 0 0 0 0 0 0 0 0 0 0 0 0 0 0 0 0 0 0 0 0 0 0 0 0 0 0 0 0 0 0 0 0 0 0 0 0 0 0 0 0 0 0 0 0 0 0 0 0 0 0 0 0 0 0 0 0 0 0 0 0 0 0 0 0 0 0 0 0 0 0 0 0 0 0 0 0 0 0 0 0 0 0 0 0 0 0 0 0 0 0 0 0 0 0 0 0 0 0 0 0 0 0 0 0 0 0 0 0 0 0 0 0 0 0 0 0 0 0 0 0 0 0 0 0 0 0 0 0 0 0 0 0 0 0 0 0 0 0 0 0 0 0 0 0 0 0 0 0 0 0 0 0 0 0 0 0 0 0 0 0 0 0 0 0 0 0 0 0 0 0 0 0 0 0 0 0 0 0 0 0 0 0 0 0 0 0 0 0 0 0 0 0 0 0 0 0 0 0 0 0 0 0 0 0 0 0 0 0 0 0 0 0 0 0 0 0 0 0 0 0 0 0 0 0 0 0 0 0 0 0 0 0 0 0 0 0 0 0 0 0 0 0 0 0 0 0 0 0 0 0 0 0 0 0 0 0 0 0 0 0 0 0 0 0 0 0 0 0 0 0 0 0 0 0 0 0 0 0 0 0 0 0 0 0 0 0 0 0 0 0 0 0 0 0 0 0 0 0 0 0 0 0 0 0 0 0 0 0 0 0 0 0 0 0 0 0 0 0 0 0 0 0 0 0 0 0 0 0 0 0 0 0 0 0 0 0 0 0 0 0 0 0 0 0 0 0 0 0 0 0 0 0 0 0 0 0 0 0 0 0 0 0 0 0 0 0 0 0 0 0 0 0 0 0 0 0 0 0 0 0 0 0 0 0 0 0 0 0 0 0 0 0 0 0 0 0 0 0 0 0 0 0 0 0 0 0 0 0 0 0 0 0 0 0 0 0 0 0 0 0 0 0 0 0 0 0 0 0 0 0 0 0 0 0 0 0 0 0 0 0 0 0 0 0 0 0 0 0 0 0 0 0 0 0 0 0 0 0 0 0 0 0 0 0 0 0 0 0 0 0 0 0 0 0 0 0 0 0 0 0 0 0 0 0 0 0 0 0 0 0 0 0 0 0 0 0 0 0 0 0 0 0 0 0 0 0 0 0 0 0 0 0 0 0 0 0 0 0 0 0 0 0 0 0 0 0 0 0 0 0 0 0 0 0 0 0 0 0 0 0 0 0 0 0 0 0 0 0 0 0 0 0 0 0 0 0 0 0 0 0 0 0 0 0 0 0 0 0 0 0 0 0 0 0 0 0 0 0 0 0 0 0 0 0 0 0 0 0 0 0 0 0 0 0 0 0 0 0 0 0 0 0 0 0 0 0 0 0 0 0 0 0 0 0 0 0 0 0 0 0 0 0 0 0 0 0 0 0 0 0 0 0 0 0 0 0 0 0 0 0 0 0 0 0 0 0 0 0 0 0 0 0 0 0 0 0 0 0 0 0 0 0 0 0 0 0 0 0 0 0 0 0 0 0 0 0 0 0 0 0 0 0 0 0 0 0 0 0 0 0 0 0 0 0 0 0 0 0 0 0 0 0 0 0 0 0 0 0 0 0 0 0 0 0 0 0 0 0 0 0 0 0 0 0 0 0 0 0 0 0 0 0 0 0 0 0 0 0 0 0 0 0 0 0 0 0 0 0 0 0 0 0 0 0 0 0 0 0 0 0 0 0 0 0 0 0 0 0 0 0 0 0 0 0 0 0 0 0 0 0 0 0 0 0 0 0 0 0 0 0 0 0 0 0 0 0 0 0 0 0 0 0 0 0 0 0 0 0 0 0 0 0 0 0 0 0 0 0 0 0 0 0 0 0 0 0 0 0 0 0 0 0 0 0 0 0 0 0 0 0 0 0 0 0 0 0 0 0 0 0 0 0 0 0 0 0 0 0 0 0 0 0 0 0 0 0 0 0 0 0 0 0 0 0 0 0 0 0 0 0 0 0 0 0 0 0 0 0 0 0 0 0 0 0 0 0 0 0 0 0 0 0 0 0 0 0 0 0</DataArray>
      </CellData>
    </Piece>
  </UnstructuredGrid>
</VTKFile>
